Part number,Part ID,Label,Assembly,Material,Solid count,Volume mm3,X mm,Y mm,Z mm,Fidelity
PS3-0001,LeftEndWall,PS3-0001 · LeftEndWallExtrusion,Frame,black,1,14671.800000000041,1.8000002000001132,247.00000020000004,47.505747326436804,Published approximate body envelope; photo-estimated local curves and details
PS3-0002,RightEndWall,PS3-0002 · RightEndWallExtrusion,Frame,black,1,14671.80000000004,1.8000002000001132,247.00000020000004,47.505747326436804,Published approximate body envelope; photo-estimated local curves and details
PS3-0003,RearFascia,PS3-0003 · Upper rear closure,Frame,black,1,2414.317521601036,302.0,2.0,4.0,Published approximate body envelope; photo-estimated local curves and details
PS3-0004,GlossCrown,PS3-0004 · Removable continuous glossy arched top001,Body,ps3gloss,1,165224.08000000124,325.0000002000001,274.00000020000004,51.0056820181818,Published approximate body envelope; photo-estimated local curves and details
PS3-0005,CardReaderFlap,PS3-0005 · Original curved card-reader flap,FrontIO,ps3gloss,1,12345.759999999987,120.80000020000011,51.10000019999998,28.328928752400223,Published approximate body envelope; photo-estimated local curves and details
PS3-0006,InnerHood,PS3-0006 · Separate arched inner enclosure001,Body,black,1,141453.0000000729,318.0000002001501,265.00000020000004,50.705694960820026,Published approximate body envelope; photo-estimated local curves and details
PS3-0007,FrontChrome,PS3-0007 · Original chrome front edge,Frame,chrome,1,1799.579380400259,300.0,1.5,4.0,Published approximate body envelope; photo-estimated local curves and details
PS3-0008,FrontFascia,PS3-0008 · Upper slot-loading front fascia001,Frame,ps3gloss,1,6430.770618092524,302.0,2.0,12.0,Published approximate body envelope; photo-estimated local curves and details
PS3-0009,DiscBrush0,PS3-0009 · Opposed slot dust lip,FrontIO,black,1,124.99570796326796,125.0,2.0,0.5,Published approximate body envelope; photo-estimated local curves and details
PS3-0010,DiscBrush1,PS3-0010 · Opposed slot dust lip001,FrontIO,black,1,124.99570796326798,125.0,2.0,0.5,Published approximate body envelope; photo-estimated local curves and details
PS3-0011,HDDDoor,PS3-0011 · Separate side HDD access door,Body,black,1,2758.1084058391925,1.5,99.0,18.6,Published approximate body envelope; photo-estimated local curves and details
PS3-0012,LowerCase,PS3-0012 · Original stepped lower case015,Body,black,1,255138.18905635382,309.0,247.0,42.0,Published approximate body envelope; photo-estimated local curves and details
PS3-0013,PowerTouchSurface,PS3-0013 · Power capacitive-control marking plate,Controls,chrome,1,3.6235351232759507,5.800000000000011,0.30000000000001137,2.1000000000000014,Published approximate body envelope; photo-estimated local curves and details
PS3-0014,EjectTouchSurface,PS3-0014 · Eject capacitive-control marking plate,Controls,chrome,1,3.6235351232759507,5.800000000000011,0.30000000000001137,2.1000000000000014,Published approximate body envelope; photo-estimated local curves and details
PS3-0015,FrontStatus0,PS3-0015 · Original front status-light window,Controls,led,1,0.7826251223715738,1.7000000000000028,0.4000000000000057,1.1999999999999993,Published approximate body envelope; photo-estimated local curves and details
PS3-0016,FrontStatus1,PS3-0016 · Original front status-light window001,Controls,red,1,0.7826251223715738,1.7000000000000028,0.4000000000000057,1.1999999999999993,Published approximate body envelope; photo-estimated local curves and details
PS3-0017,Foot0,PS3-0017 · Separate rubber enclosure foot,Frame,rubber,1,221.12920065876975,16.0,12.0,1.2,Published approximate body envelope; photo-estimated local curves and details
PS3-0018,Foot1,PS3-0018 · Separate rubber enclosure foot001,Frame,rubber,1,221.12920065876975,16.0,12.0,1.2,Published approximate body envelope; photo-estimated local curves and details
PS3-0019,Foot2,PS3-0019 · Separate rubber enclosure foot002,Frame,rubber,1,221.12920065876975,16.0,12.0,1.2,Published approximate body envelope; photo-estimated local curves and details
PS3-0020,Foot3,PS3-0020 · Separate rubber enclosure foot003,Frame,rubber,1,221.12920065876975,16.0,12.0,1.2,Published approximate body envelope; photo-estimated local curves and details
PS3-0021,FrontUSB0Shield,PS3-0021 · USB Type-A formed metal shield,FrontIO,metal,1,182.0004208816873,14.400000000000006,12.0,6.700000000000003,Published approximate body envelope; photo-estimated local curves and details
PS3-0022,FrontUSB0Tongue,PS3-0022 · USB connector tongue,FrontIO,black,1,112.7077201264411,12.200000000000017,8.800000000000011,1.0500000000000007,Published approximate body envelope; photo-estimated local curves and details
PS3-0023,FrontUSB0Contact0,PS3-0023 · USB legacy contact,FrontIO,gold,1,0.3885214512719467,0.6500000000000057,4.600000000000023,0.129999999999999,Schematic internal layout
PS3-0024,FrontUSB0Contact1,PS3-0024 · USB legacy contact001,FrontIO,gold,1,0.3885214512719467,0.6500000000000057,4.600000000000023,0.129999999999999,Schematic internal layout
PS3-0025,FrontUSB0Contact2,PS3-0025 · USB legacy contact002,FrontIO,gold,1,0.3885214512719467,0.6500000000000057,4.600000000000023,0.129999999999999,Schematic internal layout
PS3-0026,FrontUSB0Contact3,PS3-0026 · USB legacy contact003,FrontIO,gold,1,0.3885214512719467,0.6500000000000057,4.600000000000023,0.129999999999999,Schematic internal layout
PS3-0027,FrontUSB0Tail0,PS3-0027 · USB board terminal,FrontIO,gold,1,0.19584977871437878,0.28000000000000114,2.5,0.28000000000000114,Schematic internal layout
PS3-0028,FrontUSB0Tail1,PS3-0028 · USB board terminal001,FrontIO,gold,1,0.19584977871437875,0.28000000000000114,2.5,0.28000000000000114,Schematic internal layout
PS3-0029,FrontUSB0Tail2,PS3-0029 · USB board terminal002,FrontIO,gold,1,0.19584977871437875,0.28000000000000114,2.5,0.28000000000000114,Schematic internal layout
PS3-0030,FrontUSB0Tail3,PS3-0030 · USB board terminal003,FrontIO,gold,1,0.19584977871437875,0.28000000000000114,2.5,0.28000000000000114,Schematic internal layout
PS3-0031,FrontUSB0RearCarrier,PS3-0031 · USB rear insulator001,FrontIO,black,1,61.18036073760024,13.099999999999994,0.8499999999999943,5.5,Schematic internal layout
PS3-0032,FrontUSB1Shield,PS3-0032 · USB Type-A formed metal shield001,FrontIO,metal,1,182.0004208816873,14.400000000000006,12.0,6.700000000000003,Published approximate body envelope; photo-estimated local curves and details
PS3-0033,FrontUSB1Tongue,PS3-0033 · USB connector tongue001,FrontIO,black,1,112.7077201264411,12.200000000000017,8.800000000000011,1.0500000000000007,Published approximate body envelope; photo-estimated local curves and details
PS3-0034,FrontUSB1Contact0,PS3-0034 · USB legacy contact004,FrontIO,gold,1,0.3885214512719466,0.6500000000000057,4.600000000000023,0.129999999999999,Schematic internal layout
PS3-0035,FrontUSB1Contact1,PS3-0035 · USB legacy contact005,FrontIO,gold,1,0.38852145127194665,0.6500000000000057,4.600000000000023,0.129999999999999,Schematic internal layout
PS3-0036,FrontUSB1Contact2,PS3-0036 · USB legacy contact006,FrontIO,gold,1,0.38852145127194665,0.6500000000000057,4.600000000000023,0.129999999999999,Schematic internal layout
PS3-0037,FrontUSB1Contact3,PS3-0037 · USB legacy contact007,FrontIO,gold,1,0.38852145127194665,0.6500000000000057,4.600000000000023,0.129999999999999,Schematic internal layout
PS3-0038,FrontUSB1Tail0,PS3-0038 · USB board terminal004,FrontIO,gold,1,0.19584977871437875,0.28000000000000114,2.5,0.28000000000000114,Schematic internal layout
PS3-0039,FrontUSB1Tail1,PS3-0039 · USB board terminal005,FrontIO,gold,1,0.19584977871437875,0.28000000000000114,2.5,0.28000000000000114,Schematic internal layout
PS3-0040,FrontUSB1Tail2,PS3-0040 · USB board terminal006,FrontIO,gold,1,0.19584977871437878,0.28000000000000114,2.5,0.28000000000000114,Schematic internal layout
PS3-0041,FrontUSB1Tail3,PS3-0041 · USB board terminal007,FrontIO,gold,1,0.19584977871437872,0.28000000000000114,2.5,0.28000000000000114,Schematic internal layout
PS3-0042,FrontUSB1RearCarrier,PS3-0042 · USB rear insulator003,FrontIO,black,1,61.18036073760024,13.099999999999994,0.8499999999999943,5.5,Schematic internal layout
PS3-0043,FrontUSB2Shield,PS3-0043 · USB Type-A formed metal shield002,FrontIO,metal,1,182.0004208816872,14.400000000000006,12.0,6.700000000000003,Published approximate body envelope; photo-estimated local curves and details
PS3-0044,FrontUSB2Tongue,PS3-0044 · USB connector tongue002,FrontIO,black,1,112.7077201264411,12.200000000000017,8.800000000000011,1.0500000000000007,Published approximate body envelope; photo-estimated local curves and details
PS3-0045,FrontUSB2Contact0,PS3-0045 · USB legacy contact008,FrontIO,gold,1,0.3885214512719467,0.6500000000000057,4.600000000000023,0.129999999999999,Schematic internal layout
PS3-0046,FrontUSB2Contact1,PS3-0046 · USB legacy contact009,FrontIO,gold,1,0.3885214512719467,0.6500000000000057,4.600000000000023,0.129999999999999,Schematic internal layout
PS3-0047,FrontUSB2Contact2,PS3-0047 · USB legacy contact010,FrontIO,gold,1,0.3885214512719466,0.6500000000000057,4.600000000000023,0.129999999999999,Schematic internal layout
PS3-0048,FrontUSB2Contact3,PS3-0048 · USB legacy contact011,FrontIO,gold,1,0.3885214512719466,0.6500000000000057,4.600000000000023,0.129999999999999,Schematic internal layout
PS3-0049,FrontUSB2Tail0,PS3-0049 · USB board terminal008,FrontIO,gold,1,0.19584977871437872,0.28000000000000114,2.5,0.28000000000000114,Schematic internal layout
PS3-0050,FrontUSB2Tail1,PS3-0050 · USB board terminal009,FrontIO,gold,1,0.19584977871437878,0.28000000000000114,2.5,0.28000000000000114,Schematic internal layout
PS3-0051,FrontUSB2Tail2,PS3-0051 · USB board terminal010,FrontIO,gold,1,0.19584977871437875,0.28000000000000114,2.5,0.28000000000000114,Schematic internal layout
PS3-0052,FrontUSB2Tail3,PS3-0052 · USB board terminal011,FrontIO,gold,1,0.19584977871437875,0.28000000000000114,2.5,0.28000000000000114,Schematic internal layout
PS3-0053,FrontUSB2RearCarrier,PS3-0053 · USB rear insulator005,FrontIO,black,1,61.180360737600246,13.099999999999994,0.8499999999999943,5.5,Schematic internal layout
PS3-0054,FrontUSB3Shield,PS3-0054 · USB Type-A formed metal shield003,FrontIO,metal,1,182.00042088168726,14.400000000000006,12.0,6.700000000000003,Published approximate body envelope; photo-estimated local curves and details
PS3-0055,FrontUSB3Tongue,PS3-0055 · USB connector tongue003,FrontIO,black,1,112.70772012644113,12.200000000000003,8.800000000000011,1.0500000000000007,Published approximate body envelope; photo-estimated local curves and details
PS3-0056,FrontUSB3Contact0,PS3-0056 · USB legacy contact012,FrontIO,gold,1,0.38852145127194654,0.6500000000000057,4.600000000000023,0.129999999999999,Schematic internal layout
PS3-0057,FrontUSB3Contact1,PS3-0057 · USB legacy contact013,FrontIO,gold,1,0.38852145127194665,0.6500000000000057,4.600000000000023,0.129999999999999,Schematic internal layout
PS3-0058,FrontUSB3Contact2,PS3-0058 · USB legacy contact014,FrontIO,gold,1,0.38852145127194665,0.6500000000000057,4.600000000000023,0.129999999999999,Schematic internal layout
PS3-0059,FrontUSB3Contact3,PS3-0059 · USB legacy contact015,FrontIO,gold,1,0.3885214512719466,0.6500000000000057,4.600000000000023,0.129999999999999,Schematic internal layout
PS3-0060,FrontUSB3Tail0,PS3-0060 · USB board terminal012,FrontIO,gold,1,0.19584977871437875,0.28000000000000114,2.5,0.28000000000000114,Schematic internal layout
PS3-0061,FrontUSB3Tail1,PS3-0061 · USB board terminal013,FrontIO,gold,1,0.19584977871437875,0.28000000000000114,2.5,0.28000000000000114,Schematic internal layout
PS3-0062,FrontUSB3Tail2,PS3-0062 · USB board terminal014,FrontIO,gold,1,0.19584977871437875,0.28000000000000114,2.5,0.28000000000000114,Schematic internal layout
PS3-0063,FrontUSB3Tail3,PS3-0063 · USB board terminal015,FrontIO,gold,1,0.19584977871437878,0.28000000000000114,2.5,0.28000000000000114,Schematic internal layout
PS3-0064,FrontUSB3RearCarrier,PS3-0064 · USB rear insulator007,FrontIO,black,1,61.18036073760025,13.100000000000009,0.8499999999999943,5.5,Schematic internal layout
PS3-0065,HDMIShield,PS3-0065 · Nineteen-contact HDMI metal shield,Ports,metal,1,179.76000000000022,15.5,12.0,6.600000000000001,Published approximate body envelope; photo-estimated local curves and details
PS3-0066,HDMIBack,PS3-0066 · HDMI rear insulator,Ports,black,1,39.43965485471851,12.0,0.6999999999999886,4.699999999999999,Schematic internal layout
PS3-0067,HDMITongue,PS3-0067 · HDMI insulating tongue,Ports,black,1,60.8344203522483,11.7,8.0,0.6499999999999986,Published approximate body envelope; photo-estimated local curves and details
PS3-0068,HDMIContact1_0,PS3-0068 · Separate HDMI connector contact,Ports,gold,1,0.12957253096491392,0.2699999999999996,6.0,0.0799999999999983,Schematic internal layout
PS3-0069,HDMIContact1_1,PS3-0069 · Separate HDMI connector contact001,Ports,gold,1,0.12957253096491386,0.2699999999999996,6.0,0.0799999999999983,Schematic internal layout
PS3-0070,HDMIContact1_2,PS3-0070 · Separate HDMI connector contact002,Ports,gold,1,0.12957253096491392,0.2699999999999996,6.0,0.0799999999999983,Schematic internal layout
PS3-0071,HDMIContact1_3,PS3-0071 · Separate HDMI connector contact003,Ports,gold,1,0.12957253096491392,0.2699999999999996,6.0,0.0799999999999983,Schematic internal layout
PS3-0072,HDMIContact1_4,PS3-0072 · Separate HDMI connector contact004,Ports,gold,1,0.1295725309649139,0.2699999999999996,6.0,0.0799999999999983,Schematic internal layout
PS3-0073,HDMIContact1_5,PS3-0073 · Separate HDMI connector contact005,Ports,gold,1,0.1295725309649139,0.2699999999999996,6.0,0.0799999999999983,Schematic internal layout
PS3-0074,HDMIContact1_6,PS3-0074 · Separate HDMI connector contact006,Ports,gold,1,0.12957253096491386,0.2699999999999996,6.0,0.0799999999999983,Schematic internal layout
PS3-0075,HDMIContact1_7,PS3-0075 · Separate HDMI connector contact007,Ports,gold,1,0.1295725309649139,0.2699999999999996,6.0,0.0799999999999983,Schematic internal layout
PS3-0076,HDMIContact1_8,PS3-0076 · Separate HDMI connector contact008,Ports,gold,1,0.1295725309649139,0.2699999999999996,6.0,0.0799999999999983,Schematic internal layout
PS3-0077,HDMIContact1_9,PS3-0077 · Separate HDMI connector contact009,Ports,gold,1,0.1295725309649139,0.2699999999999996,6.0,0.0799999999999983,Schematic internal layout
PS3-0078,HDMIContact-1_0,PS3-0078 · Separate HDMI connector contact010,Ports,gold,1,0.1295725309649139,0.2699999999999996,6.0,0.0799999999999983,Schematic internal layout
PS3-0079,HDMIContact-1_1,PS3-0079 · Separate HDMI connector contact011,Ports,gold,1,0.12957253096491392,0.2699999999999996,6.0,0.0799999999999983,Schematic internal layout
PS3-0080,HDMIContact-1_2,PS3-0080 · Separate HDMI connector contact012,Ports,gold,1,0.1295725309649139,0.2699999999999996,6.0,0.0799999999999983,Schematic internal layout
PS3-0081,HDMIContact-1_3,PS3-0081 · Separate HDMI connector contact013,Ports,gold,1,0.1295725309649139,0.2699999999999996,6.0,0.0799999999999983,Schematic internal layout
PS3-0082,HDMIContact-1_4,PS3-0082 · Separate HDMI connector contact014,Ports,gold,1,0.12957253096491392,0.2699999999999996,6.0,0.0799999999999983,Schematic internal layout
PS3-0083,HDMIContact-1_5,PS3-0083 · Separate HDMI connector contact015,Ports,gold,1,0.12957253096491392,0.2699999999999996,6.0,0.0799999999999983,Schematic internal layout
PS3-0084,HDMIContact-1_6,PS3-0084 · Separate HDMI connector contact016,Ports,gold,1,0.1295725309649139,0.2699999999999996,6.0,0.0799999999999983,Schematic internal layout
PS3-0085,HDMIContact-1_7,PS3-0085 · Separate HDMI connector contact017,Ports,gold,1,0.1295725309649139,0.2699999999999996,6.0,0.0799999999999983,Schematic internal layout
PS3-0086,HDMIContact-1_8,PS3-0086 · Separate HDMI connector contact018,Ports,gold,1,0.12957253096491392,0.2699999999999996,6.0,0.0799999999999983,Schematic internal layout
PS3-0087,LANShield,PS3-0087 · Ethernet folded shield,Ports,metal,1,486.87417702060213,16.0,12.200000000000003,14.0,Published approximate body envelope; photo-estimated local curves and details
PS3-0088,LANBack,PS3-0088 · Ethernet rear carrier,Ports,black,1,125.44209284952808,14.200000000000003,0.75,11.8,Schematic internal layout
PS3-0089,LANContact0,PS3-0089 · Independent Ethernet spring contact,Ports,gold,1,0.5773300353454105,0.3500000000000014,7.5,0.21999999999999886,Schematic internal layout
PS3-0090,LANContact1,PS3-0090 · Independent Ethernet spring contact001,Ports,gold,1,0.5773300353454105,0.3500000000000014,7.5,0.21999999999999886,Schematic internal layout
PS3-0091,LANContact2,PS3-0091 · Independent Ethernet spring contact002,Ports,gold,1,0.5773300353454105,0.3500000000000014,7.5,0.21999999999999886,Schematic internal layout
PS3-0092,LANContact3,PS3-0092 · Independent Ethernet spring contact003,Ports,gold,1,0.5773300353454066,0.3500000000000085,7.5,0.21999999999999886,Schematic internal layout
PS3-0093,LANContact4,PS3-0093 · Independent Ethernet spring contact004,Ports,gold,1,0.5773300353454067,0.3500000000000085,7.5,0.21999999999999886,Schematic internal layout
PS3-0094,LANContact5,PS3-0094 · Independent Ethernet spring contact005,Ports,gold,1,0.5773300353454066,0.3500000000000085,7.5,0.21999999999999886,Schematic internal layout
PS3-0095,LANContact6,PS3-0095 · Independent Ethernet spring contact006,Ports,gold,1,0.5773300353454067,0.3500000000000085,7.5,0.21999999999999886,Schematic internal layout
PS3-0096,LANContact7,PS3-0096 · Independent Ethernet spring contact007,Ports,gold,1,0.5773300353454066,0.3500000000000085,7.5,0.21999999999999886,Schematic internal layout
PS3-0097,LANLight0,PS3-0097 · Ethernet indicator lens,Ports,led,1,1.3168373739082109,1.4500000000000028,0.6500000000000057,1.4499999999999993,Published approximate body envelope; photo-estimated local curves and details
PS3-0098,LANLight1,PS3-0098 · Ethernet indicator lens001,Ports,led,1,1.3168373739082107,1.4500000000000028,0.6500000000000057,1.4499999999999993,Published approximate body envelope; photo-estimated local curves and details
PS3-0099,OpticalSocket,PS3-0099 · Digital optical socket body,Ports,black,1,672.843804786343,11.200000000000003,11.700000000000003,10.700000000000003,Published approximate body envelope; photo-estimated local curves and details
PS3-0100,OpticalShutter,PS3-0100 · Optical connector spring shutter,Ports,black,1,20.308388049918364,7.900000000000006,0.3499999999999943,7.400000000000002,Published approximate body envelope; photo-estimated local curves and details
PS3-0101,OpticalEmitter,PS3-0101 · Optical output lens,Ports,red,1,1.8095573684677286,2.4000000000000057,0.4000000000000057,2.3999999999999986,Schematic internal layout
PS3-0102,AVShield,PS3-0102 · Original AV MULTI connector shield,Ports,metal,1,684.5897277652061,27.0,12.400000000000006,10.200000000000003,Published approximate body envelope; photo-estimated local curves and details
PS3-0103,AVBack,PS3-0103 · AV MULTI rear insulator,Ports,black,1,115.76747779607727,23.80000000000001,0.6500000000000057,7.5,Schematic internal layout
PS3-0104,AVTongue,PS3-0104 · AV MULTI insulating tongue,Ports,black,1,206.62701767270536,21.599999999999994,8.699999999999989,1.1000000000000014,Published approximate body envelope; photo-estimated local curves and details
PS3-0105,AVContact-1_0,PS3-0105 · Independent AV MULTI terminal,Ports,gold,1,0.8157802477193196,0.75,6.800000000000011,0.16000000000000014,Schematic internal layout
PS3-0106,AVContact-1_1,PS3-0106 · Independent AV MULTI terminal001,Ports,gold,1,0.8157802477193197,0.75,6.800000000000011,0.16000000000000014,Schematic internal layout
PS3-0107,AVContact-1_2,PS3-0107 · Independent AV MULTI terminal002,Ports,gold,1,0.8157802477193196,0.75,6.800000000000011,0.16000000000000014,Schematic internal layout
PS3-0108,AVContact-1_3,PS3-0108 · Independent AV MULTI terminal003,Ports,gold,1,0.8157802477193196,0.75,6.800000000000011,0.16000000000000014,Schematic internal layout
PS3-0109,AVContact-1_4,PS3-0109 · Independent AV MULTI terminal004,Ports,gold,1,0.8157802477193197,0.75,6.800000000000011,0.16000000000000014,Schematic internal layout
PS3-0110,AVContact-1_5,PS3-0110 · Independent AV MULTI terminal005,Ports,gold,1,0.8157802477193196,0.75,6.800000000000011,0.16000000000000014,Schematic internal layout
PS3-0111,AVContact1_0,PS3-0111 · Independent AV MULTI terminal006,Ports,gold,1,0.8157802477193196,0.75,6.800000000000011,0.16000000000000014,Schematic internal layout
PS3-0112,AVContact1_1,PS3-0112 · Independent AV MULTI terminal007,Ports,gold,1,0.8157802477193197,0.75,6.800000000000011,0.16000000000000014,Schematic internal layout
PS3-0113,AVContact1_2,PS3-0113 · Independent AV MULTI terminal008,Ports,gold,1,0.8157802477193196,0.75,6.800000000000011,0.16000000000000014,Schematic internal layout
PS3-0114,AVContact1_3,PS3-0114 · Independent AV MULTI terminal009,Ports,gold,1,0.8157802477193196,0.75,6.800000000000011,0.16000000000000014,Schematic internal layout
PS3-0115,AVContact1_4,PS3-0115 · Independent AV MULTI terminal010,Ports,gold,1,0.8157802477193196,0.75,6.800000000000011,0.16000000000000014,Schematic internal layout
PS3-0116,AVContact1_5,PS3-0116 · Independent AV MULTI terminal011,Ports,gold,1,0.8157802477193196,0.75,6.800000000000011,0.16000000000000014,Schematic internal layout
PS3-0117,ACBlade0,PS3-0117 · Separate AC inlet blade,Ports,metal,1,12.578420352248312,2.1999999999999886,8.800000000000011,0.6499999999999986,Schematic internal layout
PS3-0118,ACBlade1,PS3-0118 · Separate AC inlet blade001,Ports,metal,1,12.578420352248308,2.1999999999999886,8.800000000000011,0.6499999999999986,Schematic internal layout
PS3-0119,ACBlade2,PS3-0119 · Separate AC inlet blade002,Ports,metal,1,12.578420352248312,2.1999999999999886,8.800000000000011,0.6499999999999986,Schematic internal layout
PS3-0120,MasterSwitch,PS3-0120 · Original rear master rocker switch,Controls,black,1,572.4197867217612,18.80000000000001,4.5,6.799999999999997,Published approximate body envelope; photo-estimated local curves and details
PS3-0121,CardReaderPCB,PS3-0121 · Original separate three-format card-reader board001,FrontIO,pcb,1,4077.9384437167314,118.0,29.0,1.2000000000000028,Published approximate body envelope; photo-estimated local curves and details
PS3-0122,ReaderPost0,PS3-0122 · Card-reader mounting standoff,FrontIO,black,1,68.70663133400876,5.399999999999977,5.400000000000006,4.0,Schematic internal layout
PS3-0123,ReaderScrew0,PS3-0123 · Cross-head fastener,FrontIO,metal,1,9.488084122884542,4.0,4.0,4.829999999999998,Schematic internal layout
PS3-0124,ReaderPost1,PS3-0124 · Card-reader mounting standoff001,FrontIO,black,1,68.70663133400876,5.399999999999977,5.400000000000006,4.0,Schematic internal layout
PS3-0125,ReaderScrew1,PS3-0125 · Cross-head fastener001,FrontIO,metal,1,9.488084122884544,4.0,4.0,4.829999999999998,Schematic internal layout
PS3-0126,ReaderPost2,PS3-0126 · Card-reader mounting standoff002,FrontIO,black,1,68.70663133400879,5.399999999999999,5.400000000000006,4.0,Schematic internal layout
PS3-0127,ReaderScrew2,PS3-0127 · Cross-head fastener002,FrontIO,metal,1,9.488084122884533,4.0,4.0,4.829999999999998,Schematic internal layout
PS3-0128,ReaderPost3,PS3-0128 · Card-reader mounting standoff003,FrontIO,black,1,68.70663133400879,5.399999999999999,5.400000000000006,4.0,Schematic internal layout
PS3-0129,ReaderScrew3,PS3-0129 · Cross-head fastener003,FrontIO,metal,1,9.488084122884533,4.0,4.0,4.829999999999998,Schematic internal layout
PS3-0130,CFShield,PS3-0130 · CompactFlash folded metal guide,FrontIO,metal,1,1668.3355736846797,46.0,24.0,5.200000000000003,Published approximate body envelope; photo-estimated local curves and details
PS3-0131,CFCarrier,PS3-0131 · CompactFlash dual-row connector carrier,FrontIO,black,1,107.41012385966005,42.0,0.8000000000000114,3.200000000000003,Schematic internal layout
PS3-0132,CFPin0_0,PS3-0132 · Separate CompactFlash contact pin,FrontIO,gold,1,0.912318506602481,0.4399999999999977,6.0,0.4399999999999977,Schematic internal layout
PS3-0133,CFPin0_1,PS3-0133 · Separate CompactFlash contact pin001,FrontIO,gold,1,0.912318506602481,0.4399999999999977,6.0,0.4399999999999977,Schematic internal layout
PS3-0134,CFPin0_2,PS3-0134 · Separate CompactFlash contact pin002,FrontIO,gold,1,0.912318506602481,0.4399999999999977,6.0,0.4399999999999977,Schematic internal layout
PS3-0135,CFPin0_3,PS3-0135 · Separate CompactFlash contact pin003,FrontIO,gold,1,0.912318506602481,0.4399999999999977,6.0,0.4399999999999977,Schematic internal layout
PS3-0136,CFPin0_4,PS3-0136 · Separate CompactFlash contact pin004,FrontIO,gold,1,0.9123185066024762,0.4399999999999977,6.0,0.4399999999999977,Schematic internal layout
PS3-0137,CFPin0_5,PS3-0137 · Separate CompactFlash contact pin005,FrontIO,gold,1,0.9123185066024764,0.4399999999999977,6.0,0.4399999999999977,Schematic internal layout
PS3-0138,CFPin0_6,PS3-0138 · Separate CompactFlash contact pin006,FrontIO,gold,1,0.9123185066024762,0.4399999999999977,6.0,0.4399999999999977,Schematic internal layout
PS3-0139,CFPin0_7,PS3-0139 · Separate CompactFlash contact pin007,FrontIO,gold,1,0.9123185066024762,0.4399999999999977,6.0,0.4399999999999977,Schematic internal layout
PS3-0140,CFPin0_8,PS3-0140 · Separate CompactFlash contact pin008,FrontIO,gold,1,0.9123185066024762,0.4399999999999977,6.0,0.4399999999999977,Schematic internal layout
PS3-0141,CFPin0_9,PS3-0141 · Separate CompactFlash contact pin009,FrontIO,gold,1,0.9123185066024762,0.4399999999999977,6.0,0.4399999999999977,Schematic internal layout
PS3-0142,CFPin0_10,PS3-0142 · Separate CompactFlash contact pin010,FrontIO,gold,1,0.9123185066024762,0.4399999999999977,6.0,0.4399999999999977,Schematic internal layout
PS3-0143,CFPin0_11,PS3-0143 · Separate CompactFlash contact pin011,FrontIO,gold,1,0.9123185066024762,0.4399999999999977,6.0,0.4399999999999977,Schematic internal layout
PS3-0144,CFPin0_12,PS3-0144 · Separate CompactFlash contact pin012,FrontIO,gold,1,0.9123185066024762,0.4399999999999977,6.0,0.4399999999999977,Schematic internal layout
PS3-0145,CFPin0_13,PS3-0145 · Separate CompactFlash contact pin013,FrontIO,gold,1,0.9123185066024762,0.4399999999999977,6.0,0.4399999999999977,Schematic internal layout
PS3-0146,CFPin0_14,PS3-0146 · Separate CompactFlash contact pin014,FrontIO,gold,1,0.9123185066024764,0.4399999999999977,6.0,0.4399999999999977,Schematic internal layout
PS3-0147,CFPin0_15,PS3-0147 · Separate CompactFlash contact pin015,FrontIO,gold,1,0.9123185066024762,0.4399999999999977,6.0,0.4399999999999977,Schematic internal layout
PS3-0148,CFPin0_16,PS3-0148 · Separate CompactFlash contact pin016,FrontIO,gold,1,0.9123185066024762,0.4399999999999977,6.0,0.4399999999999977,Schematic internal layout
PS3-0149,CFPin0_17,PS3-0149 · Separate CompactFlash contact pin017,FrontIO,gold,1,0.9123185066024762,0.4399999999999977,6.0,0.4399999999999977,Schematic internal layout
PS3-0150,CFPin0_18,PS3-0150 · Separate CompactFlash contact pin018,FrontIO,gold,1,0.9123185066024762,0.4399999999999977,6.0,0.4399999999999977,Schematic internal layout
PS3-0151,CFPin0_19,PS3-0151 · Separate CompactFlash contact pin019,FrontIO,gold,1,0.9123185066024762,0.4399999999999977,6.0,0.4399999999999977,Schematic internal layout
PS3-0152,CFPin0_20,PS3-0152 · Separate CompactFlash contact pin020,FrontIO,gold,1,0.9123185066024762,0.4399999999999977,6.0,0.4399999999999977,Schematic internal layout
PS3-0153,CFPin0_21,PS3-0153 · Separate CompactFlash contact pin021,FrontIO,gold,1,0.9123185066024762,0.4399999999999977,6.0,0.4399999999999977,Schematic internal layout
PS3-0154,CFPin0_22,PS3-0154 · Separate CompactFlash contact pin022,FrontIO,gold,1,0.9123185066024762,0.4399999999999977,6.0,0.4399999999999977,Schematic internal layout
PS3-0155,CFPin0_23,PS3-0155 · Separate CompactFlash contact pin023,FrontIO,gold,1,0.9123185066024762,0.4399999999999977,6.0,0.4399999999999977,Schematic internal layout
PS3-0156,CFPin0_24,PS3-0156 · Separate CompactFlash contact pin024,FrontIO,gold,1,0.9123185066024762,0.4399999999999977,6.0,0.4399999999999977,Schematic internal layout
PS3-0157,CFPin1_0,PS3-0157 · Separate CompactFlash contact pin025,FrontIO,gold,1,0.912318506602481,0.4399999999999977,6.0,0.4399999999999977,Schematic internal layout
PS3-0158,CFPin1_1,PS3-0158 · Separate CompactFlash contact pin026,FrontIO,gold,1,0.912318506602481,0.4399999999999977,6.0,0.4399999999999977,Schematic internal layout
PS3-0159,CFPin1_2,PS3-0159 · Separate CompactFlash contact pin027,FrontIO,gold,1,0.9123185066024808,0.4399999999999977,6.0,0.4399999999999977,Schematic internal layout
PS3-0160,CFPin1_3,PS3-0160 · Separate CompactFlash contact pin028,FrontIO,gold,1,0.9123185066024808,0.4399999999999977,6.0,0.4399999999999977,Schematic internal layout
PS3-0161,CFPin1_4,PS3-0161 · Separate CompactFlash contact pin029,FrontIO,gold,1,0.9123185066024762,0.4399999999999977,6.0,0.4399999999999977,Schematic internal layout
PS3-0162,CFPin1_5,PS3-0162 · Separate CompactFlash contact pin030,FrontIO,gold,1,0.9123185066024762,0.4399999999999977,6.0,0.4399999999999977,Schematic internal layout
PS3-0163,CFPin1_6,PS3-0163 · Separate CompactFlash contact pin031,FrontIO,gold,1,0.9123185066024762,0.4399999999999977,6.0,0.4399999999999977,Schematic internal layout
PS3-0164,CFPin1_7,PS3-0164 · Separate CompactFlash contact pin032,FrontIO,gold,1,0.9123185066024762,0.4399999999999977,6.0,0.4399999999999977,Schematic internal layout
PS3-0165,CFPin1_8,PS3-0165 · Separate CompactFlash contact pin033,FrontIO,gold,1,0.9123185066024762,0.4399999999999977,6.0,0.4399999999999977,Schematic internal layout
PS3-0166,CFPin1_9,PS3-0166 · Separate CompactFlash contact pin034,FrontIO,gold,1,0.9123185066024762,0.4399999999999977,6.0,0.4399999999999977,Schematic internal layout
PS3-0167,CFPin1_10,PS3-0167 · Separate CompactFlash contact pin035,FrontIO,gold,1,0.9123185066024762,0.4399999999999977,6.0,0.4399999999999977,Schematic internal layout
PS3-0168,CFPin1_11,PS3-0168 · Separate CompactFlash contact pin036,FrontIO,gold,1,0.9123185066024764,0.4399999999999977,6.0,0.4399999999999977,Schematic internal layout
PS3-0169,CFPin1_12,PS3-0169 · Separate CompactFlash contact pin037,FrontIO,gold,1,0.9123185066024764,0.4399999999999977,6.0,0.4399999999999977,Schematic internal layout
PS3-0170,CFPin1_13,PS3-0170 · Separate CompactFlash contact pin038,FrontIO,gold,1,0.9123185066024764,0.4399999999999977,6.0,0.4399999999999977,Schematic internal layout
PS3-0171,CFPin1_14,PS3-0171 · Separate CompactFlash contact pin039,FrontIO,gold,1,0.9123185066024762,0.4399999999999977,6.0,0.4399999999999977,Schematic internal layout
PS3-0172,CFPin1_15,PS3-0172 · Separate CompactFlash contact pin040,FrontIO,gold,1,0.9123185066024762,0.4399999999999977,6.0,0.4399999999999977,Schematic internal layout
PS3-0173,CFPin1_16,PS3-0173 · Separate CompactFlash contact pin041,FrontIO,gold,1,0.9123185066024764,0.4399999999999977,6.0,0.4399999999999977,Schematic internal layout
PS3-0174,CFPin1_17,PS3-0174 · Separate CompactFlash contact pin042,FrontIO,gold,1,0.9123185066024762,0.4399999999999977,6.0,0.4399999999999977,Schematic internal layout
PS3-0175,CFPin1_18,PS3-0175 · Separate CompactFlash contact pin043,FrontIO,gold,1,0.9123185066024764,0.4399999999999977,6.0,0.4399999999999977,Schematic internal layout
PS3-0176,CFPin1_19,PS3-0176 · Separate CompactFlash contact pin044,FrontIO,gold,1,0.9123185066024762,0.4399999999999977,6.0,0.4399999999999977,Schematic internal layout
PS3-0177,CFPin1_20,PS3-0177 · Separate CompactFlash contact pin045,FrontIO,gold,1,0.9123185066024762,0.4399999999999977,6.0,0.4399999999999977,Schematic internal layout
PS3-0178,CFPin1_21,PS3-0178 · Separate CompactFlash contact pin046,FrontIO,gold,1,0.9123185066024762,0.4399999999999977,6.0,0.4399999999999977,Schematic internal layout
PS3-0179,CFPin1_22,PS3-0179 · Separate CompactFlash contact pin047,FrontIO,gold,1,0.9123185066024762,0.4399999999999977,6.0,0.4399999999999977,Schematic internal layout
PS3-0180,CFPin1_23,PS3-0180 · Separate CompactFlash contact pin048,FrontIO,gold,1,0.9123185066024762,0.4399999999999977,6.0,0.4399999999999977,Schematic internal layout
PS3-0181,CFPin1_24,PS3-0181 · Separate CompactFlash contact pin049,FrontIO,gold,1,0.9123185066024764,0.4399999999999977,6.0,0.4399999999999977,Schematic internal layout
PS3-0182,CFEjectRod,PS3-0182 · CompactFlash side eject rod,FrontIO,metal,1,41.376823001646954,1.5,23.0,1.2000000000000028,Schematic internal layout
PS3-0183,CFEjectButton,PS3-0183 · CompactFlash eject button,FrontIO,black,1,16.726081770174815,2.0999999999999943,3.0,2.700000000000003,Published approximate body envelope; photo-estimated local curves and details
PS3-0184,SDShield,PS3-0184 · SD card guide shield,FrontIO,metal,1,846.971213342353,27.0,24.0,3.700000000000003,Published approximate body envelope; photo-estimated local curves and details
PS3-0185,SDCarrier,PS3-0185 · SD insulating back carrier,FrontIO,black,1,29.73540707511088,25.0,0.6999999999999886,1.7000000000000028,Schematic internal layout
PS3-0186,SDBed,PS3-0186 · SD card-slot contact bed,FrontIO,black,1,199.9862654824572,25.0,20.0,0.3999999999999986,Schematic internal layout
PS3-0187,SDContact0,PS3-0187 · Separate SD spring terminal,FrontIO,gold,1,0.9679141592653588,0.5500000000000114,11.0,0.1599999999999966,Schematic internal layout
PS3-0188,SDContact1,PS3-0188 · Separate SD spring terminal001,FrontIO,gold,1,0.9679141592653588,0.5500000000000114,11.0,0.1599999999999966,Schematic internal layout
PS3-0189,SDContact2,PS3-0189 · Separate SD spring terminal002,FrontIO,gold,1,0.9679141592653588,0.5500000000000114,11.0,0.1599999999999966,Schematic internal layout
PS3-0190,SDContact3,PS3-0190 · Separate SD spring terminal003,FrontIO,gold,1,0.9679141592653588,0.5500000000000114,11.0,0.1599999999999966,Schematic internal layout
PS3-0191,SDContact4,PS3-0191 · Separate SD spring terminal004,FrontIO,gold,1,0.9679141592653588,0.5500000000000114,11.0,0.1599999999999966,Schematic internal layout
PS3-0192,SDContact5,PS3-0192 · Separate SD spring terminal005,FrontIO,gold,1,0.9679141592653588,0.5500000000000114,11.0,0.1599999999999966,Schematic internal layout
PS3-0193,SDContact6,PS3-0193 · Separate SD spring terminal006,FrontIO,gold,1,0.9679141592653587,0.5500000000000114,11.0,0.1599999999999966,Schematic internal layout
PS3-0194,SDContact7,PS3-0194 · Separate SD spring terminal007,FrontIO,gold,1,0.9679141592653587,0.5500000000000114,11.0,0.1599999999999966,Schematic internal layout
PS3-0195,SDContact8,PS3-0195 · Separate SD spring terminal008,FrontIO,gold,1,0.9679141592653587,0.5500000000000114,11.0,0.1599999999999966,Schematic internal layout
PS3-0196,MemoryStickShield,PS3-0196 · MemoryStick card guide shield,FrontIO,metal,1,702.9712133423536,22.0,24.0,3.700000000000003,Published approximate body envelope; photo-estimated local curves and details
PS3-0197,MemoryStickCarrier,PS3-0197 · MemoryStick insulating back carrier,FrontIO,black,1,23.785407075110907,20.0,0.6999999999999886,1.7000000000000028,Schematic internal layout
PS3-0198,MemoryStickBed,PS3-0198 · MemoryStick card-slot contact bed,FrontIO,black,1,159.98626548245724,20.0,20.0,0.3999999999999986,Schematic internal layout
PS3-0199,MemoryStickContact0,PS3-0199 · Separate MemoryStick spring terminal,FrontIO,gold,1,0.9679141592653504,0.5499999999999972,11.0,0.1599999999999966,Schematic internal layout
PS3-0200,MemoryStickContact1,PS3-0200 · Separate MemoryStick spring terminal001,FrontIO,gold,1,0.9679141592653503,0.5499999999999972,11.0,0.1599999999999966,Schematic internal layout
PS3-0201,MemoryStickContact2,PS3-0201 · Separate MemoryStick spring terminal002,FrontIO,gold,1,0.9679141592653504,0.5499999999999972,11.0,0.1599999999999966,Schematic internal layout
PS3-0202,MemoryStickContact3,PS3-0202 · Separate MemoryStick spring terminal003,FrontIO,gold,1,0.9679141592653503,0.5499999999999972,11.0,0.1599999999999966,Schematic internal layout
PS3-0203,MemoryStickContact4,PS3-0203 · Separate MemoryStick spring terminal004,FrontIO,gold,1,0.9679141592653505,0.5499999999999972,11.0,0.1599999999999966,Schematic internal layout
PS3-0204,MemoryStickContact5,PS3-0204 · Separate MemoryStick spring terminal005,FrontIO,gold,1,0.9679141592653504,0.5499999999999972,11.0,0.1599999999999966,Schematic internal layout
PS3-0205,MemoryStickContact6,PS3-0205 · Separate MemoryStick spring terminal006,FrontIO,gold,1,0.9679141592653504,0.5499999999999972,11.0,0.1599999999999966,Schematic internal layout
PS3-0206,MemoryStickContact7,PS3-0206 · Separate MemoryStick spring terminal007,FrontIO,gold,1,0.9679141592653505,0.5499999999999972,11.0,0.1599999999999966,Schematic internal layout
PS3-0207,MemoryStickContact8,PS3-0207 · Separate MemoryStick spring terminal008,FrontIO,gold,1,0.9679141592653504,0.5499999999999972,11.0,0.1599999999999966,Schematic internal layout
PS3-0208,MemoryStickContact9,PS3-0208 · Separate MemoryStick spring terminal009,FrontIO,gold,1,0.9679141592653504,0.5499999999999972,11.0,0.1599999999999966,Schematic internal layout
PS3-0209,ReaderHinge0,PS3-0209 · Card-cover hinge barrel,FrontIO,black,1,17.971166615595042,4.0,2.9000000000000057,2.9000000000000057,Published approximate body envelope; photo-estimated local curves and details
PS3-0210,ReaderHingePin0,PS3-0210 · Separate card-cover hinge pin,FrontIO,metal,1,8.716034658119534,6.0,1.3600000000000136,1.3600000000000136,Published approximate body envelope; photo-estimated local curves and details
PS3-0211,ReaderHinge1,PS3-0211 · Card-cover hinge barrel001,FrontIO,black,1,17.971166615595042,4.0,2.9000000000000057,2.9000000000000057,Published approximate body envelope; photo-estimated local curves and details
PS3-0212,ReaderHingePin1,PS3-0212 · Separate card-cover hinge pin001,FrontIO,metal,1,8.716034658119534,6.0,1.3600000000000136,1.3600000000000136,Published approximate body envelope; photo-estimated local curves and details
PS3-0213,ReaderController,PS3-0213 · Card-reader controller IC study,FrontIO,black,1,69.14892030703183,9.0,7.0,1.1000000000000014,Schematic internal layout
PS3-0214,DiskCover,PS3-0214 · Thin hard-drive metal lid,Storage,metal,1,3110.3689380098804,69.39999999999999,99.6,0.4499999999999993,Published approximate body envelope; photo-estimated local curves and details
PS3-0215,HDDPlatter,PS3-0215 · Blank magnetic storage platter,Storage,metal,1,1204.2001101363207,61.60000000000001,61.599999999999994,0.4200000000000017,Schematic internal layout
PS3-0216,HDDMotor,PS3-0216 · Disk spindle motor,Storage,metal,1,221.16812281272138,16.0,16.0,1.0999999999999996,Schematic internal layout
PS3-0217,HDDHub,PS3-0217 · Platter hub,Storage,metal,1,122.48441437815882,11.400000000000006,11.400000000000006,1.1999999999999993,Schematic internal layout
PS3-0218,HDDHubScrew0,PS3-0218 · Spindle clamp fixing,Storage,metal,1,0.2850995333132743,1.0999999999999943,1.0999999999999943,0.3000000000000007,Schematic internal layout
PS3-0219,HDDHubScrew1,PS3-0219 · Spindle clamp fixing001,Storage,metal,1,0.2850995333132743,1.0999999999999943,1.0999999999999943,0.3000000000000007,Schematic internal layout
PS3-0220,HDDHubScrew2,PS3-0220 · Spindle clamp fixing002,Storage,metal,1,0.2850995333132743,1.0999999999999943,1.0999999999999943,0.3000000000000007,Schematic internal layout
PS3-0221,HDDHubScrew3,PS3-0221 · Spindle clamp fixing003,Storage,metal,1,0.2850995333132743,1.0999999999999943,1.0999999999999943,0.3000000000000007,Schematic internal layout
PS3-0222,HDDHubScrew4,PS3-0222 · Spindle clamp fixing004,Storage,metal,1,0.2850995333132743,1.0999999999999943,1.0999999999999943,0.3000000000000007,Schematic internal layout
PS3-0223,HDDHubScrew5,PS3-0223 · Spindle clamp fixing005,Storage,metal,1,0.2850995333132743,1.0999999999999943,1.0999999999999943,0.3000000000000007,Schematic internal layout
PS3-0224,HDDPivot,PS3-0224 · Actuator pivot carrier,Storage,metal,1,105.62034501368885,8.199999999999989,8.2,2.0,Schematic internal layout
PS3-0225,HDDActuator,PS3-0225 · Single-platter actuator arm study,Storage,metal,1,58.399999999999956,14.0,24.0,0.3999999999999986,Schematic internal layout
PS3-0226,HDDHead,PS3-0226 · Read-write head study,Storage,black,1,0.40552778684233726,1.200000000000017,1.7000000000000028,0.1999999999999993,Schematic internal layout
PS3-0227,HDDMagnet,PS3-0227 · Actuator magnet enclosure001,Storage,metal,1,410.16713889358,16.0,15.0,2.0,Schematic internal layout
PS3-0228,HDDPCB,PS3-0228 · Hard-drive underside controller board,Storage,pcb,1,2303.579380400259,64.0,36.0,1.0,Published approximate body envelope; photo-estimated local curves and details
PS3-0229,HDDController,PS3-0229 · Disk Controller package study,Storage,black,1,120.9656637061436,11.0,11.0,1.0,Schematic internal layout
PS3-0230,HDDCache,PS3-0230 · Disk Cache package study,Storage,black,1,81.57081415022203,12.0,8.0,0.8499999999999996,Schematic internal layout
PS3-0231,HDDMotorDriver,PS3-0231 · Disk MotorDriver package study,Storage,black,1,51.1725309649149,8.0,8.0,0.8000000000000007,Schematic internal layout
PS3-0232,SATADataCarrier,PS3-0232 · SATA Data keyed insulator,Storage,black,1,218.349783170235,14.0,6.0,2.5999999999999996,Schematic internal layout
PS3-0233,SATAData0,PS3-0233 · SATA Data contact,Storage,gold,1,0.2639587964473735,0.5500000000000114,4.0,0.11999999999999922,Schematic internal layout
PS3-0234,SATAData1,PS3-0234 · SATA Data contact001,Storage,gold,1,0.2639587964473735,0.5500000000000114,4.0,0.11999999999999922,Schematic internal layout
PS3-0235,SATAData2,PS3-0235 · SATA Data contact002,Storage,gold,1,0.2639587964473735,0.5500000000000114,4.0,0.11999999999999922,Schematic internal layout
PS3-0236,SATAData3,PS3-0236 · SATA Data contact003,Storage,gold,1,0.2639587964473735,0.5500000000000114,4.0,0.11999999999999922,Schematic internal layout
PS3-0237,SATAData4,PS3-0237 · SATA Data contact004,Storage,gold,1,0.2639587964473735,0.5500000000000114,4.0,0.11999999999999922,Schematic internal layout
PS3-0238,SATAData5,PS3-0238 · SATA Data contact005,Storage,gold,1,0.2639587964473735,0.5500000000000114,4.0,0.11999999999999922,Schematic internal layout
PS3-0239,SATAData6,PS3-0239 · SATA Data contact006,Storage,gold,1,0.2639587964473735,0.5500000000000114,4.0,0.11999999999999922,Schematic internal layout
PS3-0240,SATAPowerCarrier,PS3-0240 · SATA Power keyed insulator,Storage,black,1,389.9497831702351,25.0,6.0,2.5999999999999996,Schematic internal layout
PS3-0241,SATAPower0,PS3-0241 · SATA Power contact,Storage,gold,1,0.2639587964473735,0.5500000000000114,4.0,0.11999999999999922,Schematic internal layout
PS3-0242,SATAPower1,PS3-0242 · SATA Power contact001,Storage,gold,1,0.2639587964473735,0.5500000000000114,4.0,0.11999999999999922,Schematic internal layout
PS3-0243,SATAPower2,PS3-0243 · SATA Power contact002,Storage,gold,1,0.2639587964473735,0.5500000000000114,4.0,0.11999999999999922,Schematic internal layout
PS3-0244,SATAPower3,PS3-0244 · SATA Power contact003,Storage,gold,1,0.2639587964473735,0.5500000000000114,4.0,0.11999999999999922,Schematic internal layout
PS3-0245,SATAPower4,PS3-0245 · SATA Power contact004,Storage,gold,1,0.2639587964473735,0.5500000000000114,4.0,0.11999999999999922,Schematic internal layout
PS3-0246,SATAPower5,PS3-0246 · SATA Power contact005,Storage,gold,1,0.2639587964473735,0.5500000000000114,4.0,0.11999999999999922,Schematic internal layout
PS3-0247,SATAPower6,PS3-0247 · SATA Power contact006,Storage,gold,1,0.2639587964473735,0.5500000000000114,4.0,0.11999999999999922,Schematic internal layout
PS3-0248,SATAPower7,PS3-0248 · SATA Power contact007,Storage,gold,1,0.2639587964473735,0.5500000000000114,4.0,0.11999999999999922,Schematic internal layout
PS3-0249,SATAPower8,PS3-0249 · SATA Power contact008,Storage,gold,1,0.2639587964473735,0.5500000000000114,4.0,0.11999999999999922,Schematic internal layout
PS3-0250,SATAPower9,PS3-0250 · SATA Power contact009,Storage,gold,1,0.2639587964473735,0.5500000000000114,4.0,0.11999999999999922,Schematic internal layout
PS3-0251,SATAPower10,PS3-0251 · SATA Power contact010,Storage,gold,1,0.2639587964473735,0.5500000000000114,4.0,0.11999999999999922,Schematic internal layout
PS3-0252,SATAPower11,PS3-0252 · SATA Power contact011,Storage,gold,1,0.2639587964473735,0.5500000000000114,4.0,0.11999999999999922,Schematic internal layout
PS3-0253,SATAPower12,PS3-0253 · SATA Power contact012,Storage,gold,1,0.2639587964473735,0.5500000000000114,4.0,0.11999999999999922,Schematic internal layout
PS3-0254,SATAPower13,PS3-0254 · SATA Power contact013,Storage,gold,1,0.2639587964473735,0.5500000000000114,4.0,0.11999999999999922,Schematic internal layout
PS3-0255,SATAPower14,PS3-0255 · SATA Power contact014,Storage,gold,1,0.2639587964473735,0.5500000000000114,4.0,0.11999999999999922,Schematic internal layout
PS3-0256,HDDCaddy,PS3-0256 · Removable hard-drive tray base001,Storage,metal,1,2236.9830279107714,74.0,104.0,0.5999999999999996,Published approximate body envelope; photo-estimated local curves and details
PS3-0257,HDDMount-1_0,PS3-0257 · Drive caddy retaining screw,Storage,metal,1,17.72486575155364,4.550000000000011,4.400000000000006,4.4,Schematic internal layout
PS3-0258,HDDCaddySide-1,PS3-0258 · Folded hard-drive tray side002,Storage,metal,1,707.542938552476,0.6999999999999886,102.0,10.0,Published approximate body envelope; photo-estimated local curves and details
PS3-0259,HDDMount-1_1,PS3-0259 · Drive caddy retaining screw001,Storage,metal,1,17.724865751553654,4.550000000000011,4.3999999999999995,4.4,Schematic internal layout
PS3-0260,HDDMount1_0,PS3-0260 · Drive caddy retaining screw002,Storage,metal,1,17.724865751553615,4.549999999999997,4.400000000000006,4.399999999999999,Schematic internal layout
PS3-0261,HDDCaddySide1,PS3-0261 · Folded hard-drive tray side005,Storage,metal,1,707.5429385524761,0.700000000000017,102.0,10.0,Published approximate body envelope; photo-estimated local curves and details
PS3-0262,HDDBase,PS3-0262 · 2.5-inch hard-drive aluminium enclosure007,Storage,metal,1,9196.61181574787,69.80000000000001,100.0,6.0,Published approximate body envelope; photo-estimated local curves and details
PS3-0263,HDDMount1_1,PS3-0263 · Drive caddy retaining screw003,Storage,metal,1,17.724865751553622,4.549999999999997,4.3999999999999995,4.399999999999999,Schematic internal layout
PS3-0264,HDDPullTab,PS3-0264 · Drive tray extraction tab,Storage,metal,1,32.69784061406361,1.0,15.0,2.1999999999999993,Published approximate body envelope; photo-estimated local curves and details
PS3-0265,GroundTop0,PS3-0265 · Separate exposed board ground annulus,Mainboard,gold,1,0.9047786842338654,6.0,6.0,0.05000000000000071,Schematic internal layout
PS3-0266,GroundBottom0,PS3-0266 · Separate exposed board ground annulus001,Mainboard,gold,1,0.9047786842338654,6.0,6.0,0.05000000000000071,Schematic internal layout
PS3-0267,GroundTop1,PS3-0267 · Separate exposed board ground annulus002,Mainboard,gold,1,0.9047786842338654,6.0,6.0,0.05000000000000071,Schematic internal layout
PS3-0268,GroundBottom1,PS3-0268 · Separate exposed board ground annulus003,Mainboard,gold,1,0.9047786842338654,6.0,6.0,0.05000000000000071,Schematic internal layout
PS3-0269,GroundTop2,PS3-0269 · Separate exposed board ground annulus004,Mainboard,gold,1,0.9047786842338654,6.0,6.0,0.05000000000000071,Schematic internal layout
PS3-0270,GroundBottom2,PS3-0270 · Separate exposed board ground annulus005,Mainboard,gold,1,0.9047786842338654,6.0,6.0,0.05000000000000071,Schematic internal layout
PS3-0271,GroundTop3,PS3-0271 · Separate exposed board ground annulus006,Mainboard,gold,1,0.9047786842338654,6.0,6.0,0.05000000000000071,Schematic internal layout
PS3-0272,GroundBottom3,PS3-0272 · Separate exposed board ground annulus007,Mainboard,gold,1,0.9047786842338654,6.0,6.0,0.05000000000000071,Schematic internal layout
PS3-0273,GroundTop4,PS3-0273 · Separate exposed board ground annulus008,Mainboard,gold,1,0.9047786842338652,6.0,6.0,0.05000000000000071,Schematic internal layout
PS3-0274,GroundBottom4,PS3-0274 · Separate exposed board ground annulus009,Mainboard,gold,1,0.9047786842338652,6.0,6.0,0.05000000000000071,Schematic internal layout
PS3-0275,GroundTop5,PS3-0275 · Separate exposed board ground annulus010,Mainboard,gold,1,0.9047786842338652,6.0,6.0,0.05000000000000071,Schematic internal layout
PS3-0276,GroundBottom5,PS3-0276 · Separate exposed board ground annulus011,Mainboard,gold,1,0.9047786842338652,6.0,6.0,0.05000000000000071,Schematic internal layout
PS3-0277,GroundTop6,PS3-0277 · Separate exposed board ground annulus012,Mainboard,gold,1,0.9047786842338637,6.0,6.0,0.05000000000000071,Schematic internal layout
PS3-0278,GroundBottom6,PS3-0278 · Separate exposed board ground annulus013,Mainboard,gold,1,0.9047786842338637,6.0,6.0,0.05000000000000071,Schematic internal layout
PS3-0279,GroundTop7,PS3-0279 · Separate exposed board ground annulus014,Mainboard,gold,1,0.9047786842338637,6.0,6.0,0.05000000000000071,Schematic internal layout
PS3-0280,GroundBottom7,PS3-0280 · Separate exposed board ground annulus015,Mainboard,gold,1,0.9047786842338637,6.0,6.0,0.05000000000000071,Schematic internal layout
PS3-0281,CellSubstrate,PS3-0281 · Cell package substrate study,Mainboard,pcb,1,4231.570796326796,46.0,46.0,2.0,Schematic internal layout
PS3-0282,CellHeatSpreader,PS3-0282 · Cell independent integrated heat spreader,Mainboard,metal,1,1624.803561342015,42.0,42.0,2.0,Schematic internal layout
PS3-0283,CellDie,PS3-0283 · Cell silicon die study,Mainboard,black,1,307.1768230016468,16.0,16.0,1.1999999999999993,Schematic internal layout
PS3-0284,RSXSubstrate,PS3-0284 · RSX package substrate study,Mainboard,pcb,1,5407.570796326795,52.0,52.0,2.0,Schematic internal layout
PS3-0285,RSXHeatSpreader,PS3-0285 · RSX independent integrated heat spreader,Mainboard,metal,1,2074.8035613420147,48.0,48.0,2.0,Schematic internal layout
PS3-0286,RSXDie,PS3-0286 · RSX silicon die study,Mainboard,black,1,307.17682300164677,16.0,16.0,1.1999999999999993,Schematic internal layout
PS3-0287,RSXMemory0,PS3-0287 · RSX under-cap memory package study,Mainboard,black,1,107.99141592653588,9.000000000000004,12.0,1.0,Schematic internal layout
PS3-0288,RSXMemory1,PS3-0288 · RSX under-cap memory package study001,Mainboard,black,1,107.99141592653588,9.0,12.0,1.0,Schematic internal layout
PS3-0289,RSXMemory2,PS3-0289 · RSX under-cap memory package study002,Mainboard,black,1,107.99141592653591,12.0,9.000000000000004,1.0,Schematic internal layout
PS3-0290,RSXMemory3,PS3-0290 · RSX under-cap memory package study003,Mainboard,black,1,107.99141592653591,12.0,9.000000000000004,1.0,Schematic internal layout
PS3-0291,XDRMemory0,PS3-0291 · XDR system-memory package study,Mainboard,black,1,153.962230076758,14.0,10.0,1.1000000000000014,Schematic internal layout
PS3-0292,XDRMemory1,PS3-0292 · XDR system-memory package study001,Mainboard,black,1,153.96223007675803,14.0,10.0,1.1000000000000014,Schematic internal layout
PS3-0293,XDRMemory2,PS3-0293 · XDR system-memory package study002,Mainboard,black,1,153.962230076758,14.0,10.0,1.1000000000000014,Schematic internal layout
PS3-0294,XDRMemory3,PS3-0294 · XDR system-memory package study003,Mainboard,black,1,153.96223007675803,14.0,10.0,1.1000000000000014,Schematic internal layout
PS3-0295,EEGSSubstrate,PS3-0295 · Original EE+GS compatibility processor substrate,Mainboard,pcb,1,1441.2939822368614,31.0,31.0,1.5,Schematic internal layout
PS3-0296,EEGSHeatSpreader,PS3-0296 · EE+GS metal package face,Mainboard,metal,1,509.81328303458537,27.0,27.0,0.6999999999999993,Schematic internal layout
PS3-0297,Southbridge,PS3-0297 · Early-family system bridge study,Mainboard,black,1,921.3802477193194,24.0,24.0,1.6000000000000014,Schematic internal layout
PS3-0298,BridgeLid,PS3-0298 · System bridge metal cap,Mainboard,metal,1,199.89269908169868,20.0,20.0,0.5,Schematic internal layout
PS3-0299,Flash0,PS3-0299 · Flash0 package study,Mainboard,black,1,175.96223007675786,16.0,10.0,1.0999999999999979,Schematic internal layout
PS3-0300,Flash1,PS3-0300 · Flash1 package study,Mainboard,black,1,175.96223007675786,16.0,10.0,1.0999999999999979,Schematic internal layout
PS3-0301,VideoEncoder,PS3-0301 · VideoEncoder package study,Mainboard,black,1,281.5622300767578,16.0,16.0,1.0999999999999979,Schematic internal layout
PS3-0302,LANLogic,PS3-0302 · LANLogic package study,Mainboard,black,1,158.36223007675784,12.0,12.0,1.0999999999999979,Schematic internal layout
PS3-0303,USBLogic,PS3-0303 · USBLogic package study,Mainboard,black,1,158.36223007675784,12.0,12.0,1.0999999999999979,Schematic internal layout
PS3-0304,SystemControl,PS3-0304 · SystemControl package study,Mainboard,black,1,317.8622300767578,17.0,17.0,1.0999999999999979,Schematic internal layout
PS3-0305,Clock,PS3-0305 · Clock package study,Mainboard,black,1,59.36223007675792,9.0,6.0,1.0999999999999979,Schematic internal layout
PS3-0306,CompatibilityRAM0,PS3-0306 · Compatibility-subsystem memory study,Mainboard,black,1,138.56223007675788,14.0,9.0,1.0999999999999979,Schematic internal layout
PS3-0307,CompatibilityRAM1,PS3-0307 · Compatibility-subsystem memory study001,Mainboard,black,1,138.56223007675788,14.0,9.0,1.0999999999999979,Schematic internal layout
PS3-0308,CompatibilityRAM2,PS3-0308 · Compatibility-subsystem memory study002,Mainboard,black,1,138.56223007675786,14.0,9.0,1.0999999999999979,Schematic internal layout
PS3-0309,CellChoke0,PS3-0309 · Cell supply regulation inductor study,Mainboard,metal,1,428.671185427757,10.0,10.0,4.300000000000001,Schematic internal layout
PS3-0310,CellPowerStage0,PS3-0310 · Cell regulator switching package,Mainboard,black,1,58.758796447372276,7.0,7.0,1.1999999999999993,Schematic internal layout
PS3-0311,CellSupplyCap0,PS3-0311 · Cell regulation capacitor,Mainboard,metal,1,128.07644930154862,5.6000000000000085,5.600000000000001,5.199999999999999,Schematic internal layout
PS3-0312,CellChoke1,PS3-0312 · Cell supply regulation inductor study001,Mainboard,metal,1,428.67118542775705,10.0,10.0,4.300000000000001,Schematic internal layout
PS3-0313,CellPowerStage1,PS3-0313 · Cell regulator switching package001,Mainboard,black,1,58.75879644737229,7.0,7.0,1.1999999999999993,Schematic internal layout
PS3-0314,CellSupplyCap1,PS3-0314 · Cell regulation capacitor001,Mainboard,metal,1,128.07644930154862,5.599999999999994,5.600000000000001,5.199999999999999,Schematic internal layout
PS3-0315,CellChoke2,PS3-0315 · Cell supply regulation inductor study002,Mainboard,metal,1,428.671185427757,10.0,10.0,4.300000000000001,Schematic internal layout
PS3-0316,CellPowerStage2,PS3-0316 · Cell regulator switching package002,Mainboard,black,1,58.758796447372276,7.0,7.0,1.1999999999999993,Schematic internal layout
PS3-0317,CellSupplyCap2,PS3-0317 · Cell regulation capacitor002,Mainboard,metal,1,128.07644930154862,5.599999999999994,5.600000000000001,5.199999999999999,Schematic internal layout
PS3-0318,CellChoke3,PS3-0318 · Cell supply regulation inductor study003,Mainboard,metal,1,428.671185427757,10.0,10.0,4.300000000000001,Schematic internal layout
PS3-0319,CellPowerStage3,PS3-0319 · Cell regulator switching package003,Mainboard,black,1,58.75879644737228,7.0,7.0,1.1999999999999993,Schematic internal layout
PS3-0320,CellSupplyCap3,PS3-0320 · Cell regulation capacitor003,Mainboard,metal,1,128.07644930154862,5.599999999999994,5.600000000000001,5.199999999999999,Schematic internal layout
PS3-0321,CellChoke4,PS3-0321 · Cell supply regulation inductor study004,Mainboard,metal,1,428.67118542775705,10.0,10.0,4.300000000000001,Schematic internal layout
PS3-0322,CellPowerStage4,PS3-0322 · Cell regulator switching package004,Mainboard,black,1,58.75879644737228,7.0,7.0,1.1999999999999993,Schematic internal layout
PS3-0323,CellSupplyCap4,PS3-0323 · Cell regulation capacitor004,Mainboard,metal,1,128.07644930154862,5.599999999999994,5.600000000000001,5.199999999999999,Schematic internal layout
PS3-0324,CellChoke5,PS3-0324 · Cell supply regulation inductor study005,Mainboard,metal,1,428.67118542775705,10.0,10.0,4.300000000000001,Schematic internal layout
PS3-0325,CellPowerStage5,PS3-0325 · Cell regulator switching package005,Mainboard,black,1,58.758796447372276,7.0,7.0,1.1999999999999993,Schematic internal layout
PS3-0326,CellSupplyCap5,PS3-0326 · Cell regulation capacitor005,Mainboard,metal,1,128.07644930154865,5.600000000000001,5.600000000000001,5.199999999999999,Schematic internal layout
PS3-0327,CellChoke6,PS3-0327 · Cell supply regulation inductor study006,Mainboard,metal,1,428.67118542775705,10.0,10.0,4.300000000000001,Schematic internal layout
PS3-0328,CellPowerStage6,PS3-0328 · Cell regulator switching package006,Mainboard,black,1,58.75879644737229,7.0,7.0,1.1999999999999993,Schematic internal layout
PS3-0329,CellSupplyCap6,PS3-0329 · Cell regulation capacitor006,Mainboard,metal,1,128.07644930154865,5.6,5.600000000000001,5.199999999999999,Schematic internal layout
PS3-0330,RSXChoke0,PS3-0330 · RSX supply regulation inductor study,Mainboard,metal,1,255.14159265358967,8.0,8.0,3.9999999999999964,Schematic internal layout
PS3-0331,RSXPowerStage0,PS3-0331 · RSX regulator switching package,Mainboard,black,1,39.56223007675793,6.0,6.0,1.0999999999999979,Schematic internal layout
PS3-0332,RSXSupplyCap0,PS3-0332 · RSX regulation capacitor,Mainboard,metal,1,128.07644930154865,5.599999999999994,5.599999999999998,5.199999999999999,Schematic internal layout
PS3-0333,RSXChoke1,PS3-0333 · RSX supply regulation inductor study001,Mainboard,metal,1,255.14159265358967,8.0,8.0,3.9999999999999964,Schematic internal layout
PS3-0334,RSXPowerStage1,PS3-0334 · RSX regulator switching package001,Mainboard,black,1,39.56223007675792,6.0,6.0,1.0999999999999979,Schematic internal layout
PS3-0335,RSXSupplyCap1,PS3-0335 · RSX regulation capacitor001,Mainboard,metal,1,128.07644930154865,5.599999999999994,5.599999999999998,5.199999999999999,Schematic internal layout
PS3-0336,RSXChoke2,PS3-0336 · RSX supply regulation inductor study002,Mainboard,metal,1,255.14159265358967,8.0,8.0,3.9999999999999964,Schematic internal layout
PS3-0337,RSXPowerStage2,PS3-0337 · RSX regulator switching package002,Mainboard,black,1,39.56223007675793,6.0,6.0,1.0999999999999979,Schematic internal layout
PS3-0338,RSXSupplyCap2,PS3-0338 · RSX regulation capacitor002,Mainboard,metal,1,128.07644930154862,5.599999999999994,5.599999999999998,5.199999999999999,Schematic internal layout
PS3-0339,RSXChoke3,PS3-0339 · RSX supply regulation inductor study003,Mainboard,metal,1,255.14159265358967,8.0,8.0,3.9999999999999964,Schematic internal layout
PS3-0340,RSXPowerStage3,PS3-0340 · RSX regulator switching package003,Mainboard,black,1,39.562230076757935,6.0,6.0,1.0999999999999979,Schematic internal layout
PS3-0341,RSXSupplyCap3,PS3-0341 · RSX regulation capacitor003,Mainboard,metal,1,128.07644930154865,5.599999999999994,5.599999999999998,5.199999999999999,Schematic internal layout
PS3-0342,Flash0Lead-1_0,PS3-0342 · Separate flash-package gull-wing lead study,Mainboard,metal,1,0.04154506192982928,0.2599999999999909,1.0,0.16000000000000014,Schematic internal layout
PS3-0343,Flash0Lead-1_1,PS3-0343 · Separate flash-package gull-wing lead study001,Mainboard,metal,1,0.04154506192982929,0.2599999999999909,1.0,0.16000000000000014,Schematic internal layout
PS3-0344,Flash0Lead-1_2,PS3-0344 · Separate flash-package gull-wing lead study002,Mainboard,metal,1,0.04154506192982928,0.2599999999999909,1.0,0.16000000000000014,Schematic internal layout
PS3-0345,Flash0Lead-1_3,PS3-0345 · Separate flash-package gull-wing lead study003,Mainboard,metal,1,0.041545061929829284,0.2599999999999909,1.0,0.16000000000000014,Schematic internal layout
PS3-0346,Flash0Lead-1_4,PS3-0346 · Separate flash-package gull-wing lead study004,Mainboard,metal,1,0.04154506192982929,0.2599999999999909,1.0,0.16000000000000014,Schematic internal layout
PS3-0347,Flash0Lead-1_5,PS3-0347 · Separate flash-package gull-wing lead study005,Mainboard,metal,1,0.04154506192982929,0.2599999999999909,1.0,0.16000000000000014,Schematic internal layout
PS3-0348,Flash0Lead-1_6,PS3-0348 · Separate flash-package gull-wing lead study006,Mainboard,metal,1,0.041545061929829284,0.2599999999999909,1.0,0.16000000000000014,Schematic internal layout
PS3-0349,Flash0Lead-1_7,PS3-0349 · Separate flash-package gull-wing lead study007,Mainboard,metal,1,0.04154506192982929,0.2599999999999909,1.0,0.16000000000000014,Schematic internal layout
PS3-0350,Flash0Lead-1_8,PS3-0350 · Separate flash-package gull-wing lead study008,Mainboard,metal,1,0.041545061929829284,0.2599999999999909,1.0,0.16000000000000014,Schematic internal layout
PS3-0351,Flash0Lead-1_9,PS3-0351 · Separate flash-package gull-wing lead study009,Mainboard,metal,1,0.041545061929829284,0.2599999999999909,1.0,0.16000000000000014,Schematic internal layout
PS3-0352,Flash0Lead-1_10,PS3-0352 · Separate flash-package gull-wing lead study010,Mainboard,metal,1,0.041545061929829284,0.2599999999999909,1.0,0.16000000000000014,Schematic internal layout
PS3-0353,Flash0Lead-1_11,PS3-0353 · Separate flash-package gull-wing lead study011,Mainboard,metal,1,0.04154506192982928,0.2599999999999909,1.0,0.16000000000000014,Schematic internal layout
PS3-0354,Flash0Lead-1_12,PS3-0354 · Separate flash-package gull-wing lead study012,Mainboard,metal,1,0.04154506192982928,0.2599999999999909,1.0,0.16000000000000014,Schematic internal layout
PS3-0355,Flash0Lead-1_13,PS3-0355 · Separate flash-package gull-wing lead study013,Mainboard,metal,1,0.04154506192982928,0.2599999999999909,1.0,0.16000000000000014,Schematic internal layout
PS3-0356,Flash0Lead-1_14,PS3-0356 · Separate flash-package gull-wing lead study014,Mainboard,metal,1,0.041545061929829284,0.2599999999999909,1.0,0.16000000000000014,Schematic internal layout
PS3-0357,Flash0Lead-1_15,PS3-0357 · Separate flash-package gull-wing lead study015,Mainboard,metal,1,0.04154506192982929,0.2599999999999909,1.0,0.16000000000000014,Schematic internal layout
PS3-0358,Flash0Lead-1_16,PS3-0358 · Separate flash-package gull-wing lead study016,Mainboard,metal,1,0.04154506192982929,0.2599999999999909,1.0,0.16000000000000014,Schematic internal layout
PS3-0359,Flash0Lead-1_17,PS3-0359 · Separate flash-package gull-wing lead study017,Mainboard,metal,1,0.04154506192982929,0.2599999999999909,1.0,0.16000000000000014,Schematic internal layout
PS3-0360,Flash0Lead-1_18,PS3-0360 · Separate flash-package gull-wing lead study018,Mainboard,metal,1,0.041545061929829284,0.2599999999999909,1.0,0.16000000000000014,Schematic internal layout
PS3-0361,Flash0Lead-1_19,PS3-0361 · Separate flash-package gull-wing lead study019,Mainboard,metal,1,0.04154506192982928,0.2599999999999909,1.0,0.16000000000000014,Schematic internal layout
PS3-0362,Flash0Lead-1_20,PS3-0362 · Separate flash-package gull-wing lead study020,Mainboard,metal,1,0.041545061929829284,0.2599999999999909,1.0,0.16000000000000014,Schematic internal layout
PS3-0363,Flash0Lead-1_21,PS3-0363 · Separate flash-package gull-wing lead study021,Mainboard,metal,1,0.041545061929829284,0.2599999999999909,1.0,0.16000000000000014,Schematic internal layout
PS3-0364,Flash0Lead-1_22,PS3-0364 · Separate flash-package gull-wing lead study022,Mainboard,metal,1,0.041545061929829284,0.2599999999999909,1.0,0.16000000000000014,Schematic internal layout
PS3-0365,Flash0Lead-1_23,PS3-0365 · Separate flash-package gull-wing lead study023,Mainboard,metal,1,0.04154506192982928,0.2599999999999909,1.0,0.16000000000000014,Schematic internal layout
PS3-0366,Flash0Lead1_0,PS3-0366 · Separate flash-package gull-wing lead study024,Mainboard,metal,1,0.04154506192982928,0.2599999999999909,1.0,0.16000000000000014,Schematic internal layout
PS3-0367,Flash0Lead1_1,PS3-0367 · Separate flash-package gull-wing lead study025,Mainboard,metal,1,0.04154506192982928,0.2599999999999909,1.0,0.16000000000000014,Schematic internal layout
PS3-0368,Flash0Lead1_2,PS3-0368 · Separate flash-package gull-wing lead study026,Mainboard,metal,1,0.041545061929829284,0.2599999999999909,1.0,0.16000000000000014,Schematic internal layout
PS3-0369,Flash0Lead1_3,PS3-0369 · Separate flash-package gull-wing lead study027,Mainboard,metal,1,0.04154506192982928,0.2599999999999909,1.0,0.16000000000000014,Schematic internal layout
PS3-0370,Flash0Lead1_4,PS3-0370 · Separate flash-package gull-wing lead study028,Mainboard,metal,1,0.04154506192982928,0.2599999999999909,1.0,0.16000000000000014,Schematic internal layout
PS3-0371,Flash0Lead1_5,PS3-0371 · Separate flash-package gull-wing lead study029,Mainboard,metal,1,0.04154506192982928,0.2599999999999909,1.0,0.16000000000000014,Schematic internal layout
PS3-0372,Flash0Lead1_6,PS3-0372 · Separate flash-package gull-wing lead study030,Mainboard,metal,1,0.04154506192982928,0.2599999999999909,1.0,0.16000000000000014,Schematic internal layout
PS3-0373,Flash0Lead1_7,PS3-0373 · Separate flash-package gull-wing lead study031,Mainboard,metal,1,0.04154506192982928,0.2599999999999909,1.0,0.16000000000000014,Schematic internal layout
PS3-0374,Flash0Lead1_8,PS3-0374 · Separate flash-package gull-wing lead study032,Mainboard,metal,1,0.04154506192982928,0.2599999999999909,1.0,0.16000000000000014,Schematic internal layout
PS3-0375,Flash0Lead1_9,PS3-0375 · Separate flash-package gull-wing lead study033,Mainboard,metal,1,0.04154506192982928,0.2599999999999909,1.0,0.16000000000000014,Schematic internal layout
PS3-0376,Flash0Lead1_10,PS3-0376 · Separate flash-package gull-wing lead study034,Mainboard,metal,1,0.04154506192982928,0.2599999999999909,1.0,0.16000000000000014,Schematic internal layout
PS3-0377,Flash0Lead1_11,PS3-0377 · Separate flash-package gull-wing lead study035,Mainboard,metal,1,0.04154506192982928,0.2599999999999909,1.0,0.16000000000000014,Schematic internal layout
PS3-0378,Flash0Lead1_12,PS3-0378 · Separate flash-package gull-wing lead study036,Mainboard,metal,1,0.04154506192982928,0.2599999999999909,1.0,0.16000000000000014,Schematic internal layout
PS3-0379,Flash0Lead1_13,PS3-0379 · Separate flash-package gull-wing lead study037,Mainboard,metal,1,0.04154506192982928,0.2599999999999909,1.0,0.16000000000000014,Schematic internal layout
PS3-0380,Flash0Lead1_14,PS3-0380 · Separate flash-package gull-wing lead study038,Mainboard,metal,1,0.04154506192982928,0.2599999999999909,1.0,0.16000000000000014,Schematic internal layout
PS3-0381,Flash0Lead1_15,PS3-0381 · Separate flash-package gull-wing lead study039,Mainboard,metal,1,0.041545061929829284,0.2599999999999909,1.0,0.16000000000000014,Schematic internal layout
PS3-0382,Flash0Lead1_16,PS3-0382 · Separate flash-package gull-wing lead study040,Mainboard,metal,1,0.041545061929829284,0.2599999999999909,1.0,0.16000000000000014,Schematic internal layout
PS3-0383,Flash0Lead1_17,PS3-0383 · Separate flash-package gull-wing lead study041,Mainboard,metal,1,0.041545061929829284,0.2599999999999909,1.0,0.16000000000000014,Schematic internal layout
PS3-0384,Flash0Lead1_18,PS3-0384 · Separate flash-package gull-wing lead study042,Mainboard,metal,1,0.04154506192982928,0.2599999999999909,1.0,0.16000000000000014,Schematic internal layout
PS3-0385,Flash0Lead1_19,PS3-0385 · Separate flash-package gull-wing lead study043,Mainboard,metal,1,0.04154506192982927,0.2599999999999909,1.0,0.16000000000000014,Schematic internal layout
PS3-0386,Flash0Lead1_20,PS3-0386 · Separate flash-package gull-wing lead study044,Mainboard,metal,1,0.04154506192982928,0.2599999999999909,1.0,0.16000000000000014,Schematic internal layout
PS3-0387,Flash0Lead1_21,PS3-0387 · Separate flash-package gull-wing lead study045,Mainboard,metal,1,0.04154506192982928,0.2599999999999909,1.0,0.16000000000000014,Schematic internal layout
PS3-0388,Flash0Lead1_22,PS3-0388 · Separate flash-package gull-wing lead study046,Mainboard,metal,1,0.04154506192982927,0.2599999999999909,1.0,0.16000000000000014,Schematic internal layout
PS3-0389,Flash0Lead1_23,PS3-0389 · Separate flash-package gull-wing lead study047,Mainboard,metal,1,0.04154506192982928,0.2599999999999909,1.0,0.16000000000000014,Schematic internal layout
PS3-0390,Flash1Lead-1_0,PS3-0390 · Separate flash-package gull-wing lead study048,Mainboard,metal,1,0.04154506192982928,0.2599999999999909,1.0,0.16000000000000014,Schematic internal layout
PS3-0391,Flash1Lead-1_1,PS3-0391 · Separate flash-package gull-wing lead study049,Mainboard,metal,1,0.041545061929829284,0.2599999999999909,1.0,0.16000000000000014,Schematic internal layout
PS3-0392,Flash1Lead-1_2,PS3-0392 · Separate flash-package gull-wing lead study050,Mainboard,metal,1,0.041545061929829284,0.2599999999999909,1.0,0.16000000000000014,Schematic internal layout
PS3-0393,Flash1Lead-1_3,PS3-0393 · Separate flash-package gull-wing lead study051,Mainboard,metal,1,0.041545061929829284,0.2599999999999909,1.0,0.16000000000000014,Schematic internal layout
PS3-0394,Flash1Lead-1_4,PS3-0394 · Separate flash-package gull-wing lead study052,Mainboard,metal,1,0.04154506192982929,0.2599999999999909,1.0,0.16000000000000014,Schematic internal layout
PS3-0395,Flash1Lead-1_5,PS3-0395 · Separate flash-package gull-wing lead study053,Mainboard,metal,1,0.04154506192982928,0.2599999999999909,1.0,0.16000000000000014,Schematic internal layout
PS3-0396,Flash1Lead-1_6,PS3-0396 · Separate flash-package gull-wing lead study054,Mainboard,metal,1,0.04154506192982928,0.2599999999999909,1.0,0.16000000000000014,Schematic internal layout
PS3-0397,Flash1Lead-1_7,PS3-0397 · Separate flash-package gull-wing lead study055,Mainboard,metal,1,0.04154506192982928,0.2599999999999909,1.0,0.16000000000000014,Schematic internal layout
PS3-0398,Flash1Lead-1_8,PS3-0398 · Separate flash-package gull-wing lead study056,Mainboard,metal,1,0.041545061929829284,0.2599999999999909,1.0,0.16000000000000014,Schematic internal layout
PS3-0399,Flash1Lead-1_9,PS3-0399 · Separate flash-package gull-wing lead study057,Mainboard,metal,1,0.041545061929829284,0.2599999999999909,1.0,0.16000000000000014,Schematic internal layout
PS3-0400,Flash1Lead-1_10,PS3-0400 · Separate flash-package gull-wing lead study058,Mainboard,metal,1,0.041545061929829284,0.2599999999999909,1.0,0.16000000000000014,Schematic internal layout
PS3-0401,Flash1Lead-1_11,PS3-0401 · Separate flash-package gull-wing lead study059,Mainboard,metal,1,0.04154506192982929,0.2599999999999909,1.0,0.16000000000000014,Schematic internal layout
PS3-0402,Flash1Lead-1_12,PS3-0402 · Separate flash-package gull-wing lead study060,Mainboard,metal,1,0.04154506192982928,0.2599999999999909,1.0,0.16000000000000014,Schematic internal layout
PS3-0403,Flash1Lead-1_13,PS3-0403 · Separate flash-package gull-wing lead study061,Mainboard,metal,1,0.04154506192982928,0.2599999999999909,1.0,0.16000000000000014,Schematic internal layout
PS3-0404,Flash1Lead-1_14,PS3-0404 · Separate flash-package gull-wing lead study062,Mainboard,metal,1,0.041545061929829284,0.2599999999999909,1.0,0.16000000000000014,Schematic internal layout
PS3-0405,Flash1Lead-1_15,PS3-0405 · Separate flash-package gull-wing lead study063,Mainboard,metal,1,0.041545061929829284,0.2599999999999909,1.0,0.16000000000000014,Schematic internal layout
PS3-0406,Flash1Lead-1_16,PS3-0406 · Separate flash-package gull-wing lead study064,Mainboard,metal,1,0.041545061929829284,0.2599999999999909,1.0,0.16000000000000014,Schematic internal layout
PS3-0407,Flash1Lead-1_17,PS3-0407 · Separate flash-package gull-wing lead study065,Mainboard,metal,1,0.04154506192982928,0.2599999999999909,1.0,0.16000000000000014,Schematic internal layout
PS3-0408,Flash1Lead-1_18,PS3-0408 · Separate flash-package gull-wing lead study066,Mainboard,metal,1,0.041545061929829284,0.2599999999999909,1.0,0.16000000000000014,Schematic internal layout
PS3-0409,Flash1Lead-1_19,PS3-0409 · Separate flash-package gull-wing lead study067,Mainboard,metal,1,0.041545061929829284,0.2599999999999909,1.0,0.16000000000000014,Schematic internal layout
PS3-0410,Flash1Lead-1_20,PS3-0410 · Separate flash-package gull-wing lead study068,Mainboard,metal,1,0.04154506192982928,0.2599999999999909,1.0,0.16000000000000014,Schematic internal layout
PS3-0411,Flash1Lead-1_21,PS3-0411 · Separate flash-package gull-wing lead study069,Mainboard,metal,1,0.041545061929829284,0.2599999999999909,1.0,0.16000000000000014,Schematic internal layout
PS3-0412,Flash1Lead-1_22,PS3-0412 · Separate flash-package gull-wing lead study070,Mainboard,metal,1,0.04154506192982928,0.2599999999999909,1.0,0.16000000000000014,Schematic internal layout
PS3-0413,Flash1Lead-1_23,PS3-0413 · Separate flash-package gull-wing lead study071,Mainboard,metal,1,0.04154506192982928,0.2599999999999909,1.0,0.16000000000000014,Schematic internal layout
PS3-0414,Flash1Lead1_0,PS3-0414 · Separate flash-package gull-wing lead study072,Mainboard,metal,1,0.04154506192982928,0.2599999999999909,1.0,0.16000000000000014,Schematic internal layout
PS3-0415,Flash1Lead1_1,PS3-0415 · Separate flash-package gull-wing lead study073,Mainboard,metal,1,0.04154506192982928,0.2599999999999909,1.0,0.16000000000000014,Schematic internal layout
PS3-0416,Flash1Lead1_2,PS3-0416 · Separate flash-package gull-wing lead study074,Mainboard,metal,1,0.04154506192982928,0.2599999999999909,1.0,0.16000000000000014,Schematic internal layout
PS3-0417,Flash1Lead1_3,PS3-0417 · Separate flash-package gull-wing lead study075,Mainboard,metal,1,0.04154506192982928,0.2599999999999909,1.0,0.16000000000000014,Schematic internal layout
PS3-0418,Flash1Lead1_4,PS3-0418 · Separate flash-package gull-wing lead study076,Mainboard,metal,1,0.041545061929829284,0.2599999999999909,1.0,0.16000000000000014,Schematic internal layout
PS3-0419,Flash1Lead1_5,PS3-0419 · Separate flash-package gull-wing lead study077,Mainboard,metal,1,0.04154506192982928,0.2599999999999909,1.0,0.16000000000000014,Schematic internal layout
PS3-0420,Flash1Lead1_6,PS3-0420 · Separate flash-package gull-wing lead study078,Mainboard,metal,1,0.04154506192982928,0.2599999999999909,1.0,0.16000000000000014,Schematic internal layout
PS3-0421,Flash1Lead1_7,PS3-0421 · Separate flash-package gull-wing lead study079,Mainboard,metal,1,0.04154506192982928,0.2599999999999909,1.0,0.16000000000000014,Schematic internal layout
PS3-0422,Flash1Lead1_8,PS3-0422 · Separate flash-package gull-wing lead study080,Mainboard,metal,1,0.04154506192982928,0.2599999999999909,1.0,0.16000000000000014,Schematic internal layout
PS3-0423,Flash1Lead1_9,PS3-0423 · Separate flash-package gull-wing lead study081,Mainboard,metal,1,0.04154506192982928,0.2599999999999909,1.0,0.16000000000000014,Schematic internal layout
PS3-0424,Flash1Lead1_10,PS3-0424 · Separate flash-package gull-wing lead study082,Mainboard,metal,1,0.04154506192982928,0.2599999999999909,1.0,0.16000000000000014,Schematic internal layout
PS3-0425,Flash1Lead1_11,PS3-0425 · Separate flash-package gull-wing lead study083,Mainboard,metal,1,0.041545061929829284,0.2599999999999909,1.0,0.16000000000000014,Schematic internal layout
PS3-0426,Flash1Lead1_12,PS3-0426 · Separate flash-package gull-wing lead study084,Mainboard,metal,1,0.04154506192982928,0.2599999999999909,1.0,0.16000000000000014,Schematic internal layout
PS3-0427,Flash1Lead1_13,PS3-0427 · Separate flash-package gull-wing lead study085,Mainboard,metal,1,0.04154506192982928,0.2599999999999909,1.0,0.16000000000000014,Schematic internal layout
PS3-0428,Flash1Lead1_14,PS3-0428 · Separate flash-package gull-wing lead study086,Mainboard,metal,1,0.04154506192982927,0.2599999999999909,1.0,0.16000000000000014,Schematic internal layout
PS3-0429,Flash1Lead1_15,PS3-0429 · Separate flash-package gull-wing lead study087,Mainboard,metal,1,0.04154506192982928,0.2599999999999909,1.0,0.16000000000000014,Schematic internal layout
PS3-0430,Flash1Lead1_16,PS3-0430 · Separate flash-package gull-wing lead study088,Mainboard,metal,1,0.04154506192982927,0.2599999999999909,1.0,0.16000000000000014,Schematic internal layout
PS3-0431,Flash1Lead1_17,PS3-0431 · Separate flash-package gull-wing lead study089,Mainboard,metal,1,0.04154506192982927,0.2599999999999909,1.0,0.16000000000000014,Schematic internal layout
PS3-0432,Flash1Lead1_18,PS3-0432 · Separate flash-package gull-wing lead study090,Mainboard,metal,1,0.04154506192982928,0.2599999999999909,1.0,0.16000000000000014,Schematic internal layout
PS3-0433,Flash1Lead1_19,PS3-0433 · Separate flash-package gull-wing lead study091,Mainboard,metal,1,0.04154506192982928,0.2599999999999909,1.0,0.16000000000000014,Schematic internal layout
PS3-0434,Flash1Lead1_20,PS3-0434 · Separate flash-package gull-wing lead study092,Mainboard,metal,1,0.04154506192982928,0.2599999999999909,1.0,0.16000000000000014,Schematic internal layout
PS3-0435,Flash1Lead1_21,PS3-0435 · Separate flash-package gull-wing lead study093,Mainboard,metal,1,0.04154506192982928,0.2599999999999909,1.0,0.16000000000000014,Schematic internal layout
PS3-0436,Flash1Lead1_22,PS3-0436 · Separate flash-package gull-wing lead study094,Mainboard,metal,1,0.04154506192982928,0.2599999999999909,1.0,0.16000000000000014,Schematic internal layout
PS3-0437,Flash1Lead1_23,PS3-0437 · Separate flash-package gull-wing lead study095,Mainboard,metal,1,0.04154506192982928,0.2599999999999909,1.0,0.16000000000000014,Schematic internal layout
PS3-0438,VideoEncoderLeadX-1_0,PS3-0438 · Separate interface-package lead study,Mainboard,metal,1,0.04474506192982981,1.0,0.28000000000000114,0.16000000000000014,Schematic internal layout
PS3-0439,VideoEncoderLeadY-1_0,PS3-0439 · Separate interface-package lead study001,Mainboard,metal,1,0.04474506192982981,0.28000000000000114,1.0,0.16000000000000014,Schematic internal layout
PS3-0440,VideoEncoderLeadX-1_1,PS3-0440 · Separate interface-package lead study002,Mainboard,metal,1,0.04474506192982982,1.0,0.28000000000000114,0.16000000000000014,Schematic internal layout
PS3-0441,VideoEncoderLeadY-1_1,PS3-0441 · Separate interface-package lead study003,Mainboard,metal,1,0.04474506192982981,0.28000000000000114,1.0,0.16000000000000014,Schematic internal layout
PS3-0442,VideoEncoderLeadX-1_2,PS3-0442 · Separate interface-package lead study004,Mainboard,metal,1,0.04474506192982981,1.0,0.28000000000000114,0.16000000000000014,Schematic internal layout
PS3-0443,VideoEncoderLeadY-1_2,PS3-0443 · Separate interface-package lead study005,Mainboard,metal,1,0.04474506192982981,0.28000000000000114,1.0,0.16000000000000014,Schematic internal layout
PS3-0444,VideoEncoderLeadX-1_3,PS3-0444 · Separate interface-package lead study006,Mainboard,metal,1,0.04474506192982982,1.0,0.28000000000000114,0.16000000000000014,Schematic internal layout
PS3-0445,VideoEncoderLeadY-1_3,PS3-0445 · Separate interface-package lead study007,Mainboard,metal,1,0.044745061929829806,0.28000000000000114,1.0,0.16000000000000014,Schematic internal layout
PS3-0446,VideoEncoderLeadX-1_4,PS3-0446 · Separate interface-package lead study008,Mainboard,metal,1,0.04474506192982981,1.0,0.28000000000000114,0.16000000000000014,Schematic internal layout
PS3-0447,VideoEncoderLeadY-1_4,PS3-0447 · Separate interface-package lead study009,Mainboard,metal,1,0.044745061929829806,0.28000000000000114,1.0,0.16000000000000014,Schematic internal layout
PS3-0448,VideoEncoderLeadX-1_5,PS3-0448 · Separate interface-package lead study010,Mainboard,metal,1,0.04474506192982981,1.0,0.28000000000000114,0.16000000000000014,Schematic internal layout
PS3-0449,VideoEncoderLeadY-1_5,PS3-0449 · Separate interface-package lead study011,Mainboard,metal,1,0.04474506192982981,0.28000000000000114,1.0,0.16000000000000014,Schematic internal layout
PS3-0450,VideoEncoderLeadX-1_6,PS3-0450 · Separate interface-package lead study012,Mainboard,metal,1,0.04474506192982982,1.0,0.28000000000000114,0.16000000000000014,Schematic internal layout
PS3-0451,VideoEncoderLeadY-1_6,PS3-0451 · Separate interface-package lead study013,Mainboard,metal,1,0.04474506192982981,0.28000000000000114,1.0,0.16000000000000014,Schematic internal layout
PS3-0452,VideoEncoderLeadX-1_7,PS3-0452 · Separate interface-package lead study014,Mainboard,metal,1,0.04474506192982981,1.0,0.28000000000000114,0.16000000000000014,Schematic internal layout
PS3-0453,VideoEncoderLeadY-1_7,PS3-0453 · Separate interface-package lead study015,Mainboard,metal,1,0.044745061929829806,0.28000000000000114,1.0,0.16000000000000014,Schematic internal layout
PS3-0454,VideoEncoderLeadX-1_8,PS3-0454 · Separate interface-package lead study016,Mainboard,metal,1,0.04474506192982982,1.0,0.28000000000000114,0.16000000000000014,Schematic internal layout
PS3-0455,VideoEncoderLeadY-1_8,PS3-0455 · Separate interface-package lead study017,Mainboard,metal,1,0.044745061929829806,0.28000000000000114,1.0,0.16000000000000014,Schematic internal layout
PS3-0456,VideoEncoderLeadX-1_9,PS3-0456 · Separate interface-package lead study018,Mainboard,metal,1,0.04474506192982981,1.0,0.28000000000000114,0.16000000000000014,Schematic internal layout
PS3-0457,VideoEncoderLeadY-1_9,PS3-0457 · Separate interface-package lead study019,Mainboard,metal,1,0.04474506192982981,0.28000000000000114,1.0,0.16000000000000014,Schematic internal layout
PS3-0458,VideoEncoderLeadX1_0,PS3-0458 · Separate interface-package lead study020,Mainboard,metal,1,0.04474506192982981,1.0,0.28000000000000114,0.16000000000000014,Schematic internal layout
PS3-0459,VideoEncoderLeadY1_0,PS3-0459 · Separate interface-package lead study021,Mainboard,metal,1,0.04474506192982981,0.28000000000000114,1.0,0.16000000000000014,Schematic internal layout
PS3-0460,VideoEncoderLeadX1_1,PS3-0460 · Separate interface-package lead study022,Mainboard,metal,1,0.04474506192982982,1.0,0.28000000000000114,0.16000000000000014,Schematic internal layout
PS3-0461,VideoEncoderLeadY1_1,PS3-0461 · Separate interface-package lead study023,Mainboard,metal,1,0.044745061929829806,0.28000000000000114,1.0,0.16000000000000014,Schematic internal layout
PS3-0462,VideoEncoderLeadX1_2,PS3-0462 · Separate interface-package lead study024,Mainboard,metal,1,0.04474506192982981,1.0,0.28000000000000114,0.16000000000000014,Schematic internal layout
PS3-0463,VideoEncoderLeadY1_2,PS3-0463 · Separate interface-package lead study025,Mainboard,metal,1,0.044745061929829806,0.28000000000000114,1.0,0.16000000000000014,Schematic internal layout
PS3-0464,VideoEncoderLeadX1_3,PS3-0464 · Separate interface-package lead study026,Mainboard,metal,1,0.04474506192982982,1.0,0.28000000000000114,0.16000000000000014,Schematic internal layout
PS3-0465,VideoEncoderLeadY1_3,PS3-0465 · Separate interface-package lead study027,Mainboard,metal,1,0.044745061929829806,0.28000000000000114,1.0,0.16000000000000014,Schematic internal layout
PS3-0466,VideoEncoderLeadX1_4,PS3-0466 · Separate interface-package lead study028,Mainboard,metal,1,0.04474506192982982,1.0,0.28000000000000114,0.16000000000000014,Schematic internal layout
PS3-0467,VideoEncoderLeadY1_4,PS3-0467 · Separate interface-package lead study029,Mainboard,metal,1,0.044745061929829806,0.28000000000000114,1.0,0.16000000000000014,Schematic internal layout
PS3-0468,VideoEncoderLeadX1_5,PS3-0468 · Separate interface-package lead study030,Mainboard,metal,1,0.04474506192982982,1.0,0.28000000000000114,0.16000000000000014,Schematic internal layout
PS3-0469,VideoEncoderLeadY1_5,PS3-0469 · Separate interface-package lead study031,Mainboard,metal,1,0.044745061929829806,0.28000000000000114,1.0,0.16000000000000014,Schematic internal layout
PS3-0470,VideoEncoderLeadX1_6,PS3-0470 · Separate interface-package lead study032,Mainboard,metal,1,0.04474506192982982,1.0,0.28000000000000114,0.16000000000000014,Schematic internal layout
PS3-0471,VideoEncoderLeadY1_6,PS3-0471 · Separate interface-package lead study033,Mainboard,metal,1,0.04474506192982981,0.28000000000000114,1.0,0.16000000000000014,Schematic internal layout
PS3-0472,VideoEncoderLeadX1_7,PS3-0472 · Separate interface-package lead study034,Mainboard,metal,1,0.04474506192982981,1.0,0.28000000000000114,0.16000000000000014,Schematic internal layout
PS3-0473,VideoEncoderLeadY1_7,PS3-0473 · Separate interface-package lead study035,Mainboard,metal,1,0.044745061929829806,0.28000000000000114,1.0,0.16000000000000014,Schematic internal layout
PS3-0474,VideoEncoderLeadX1_8,PS3-0474 · Separate interface-package lead study036,Mainboard,metal,1,0.04474506192982982,1.0,0.28000000000000114,0.16000000000000014,Schematic internal layout
PS3-0475,VideoEncoderLeadY1_8,PS3-0475 · Separate interface-package lead study037,Mainboard,metal,1,0.044745061929829806,0.28000000000000114,1.0,0.16000000000000014,Schematic internal layout
PS3-0476,VideoEncoderLeadX1_9,PS3-0476 · Separate interface-package lead study038,Mainboard,metal,1,0.04474506192982982,1.0,0.28000000000000114,0.16000000000000014,Schematic internal layout
PS3-0477,VideoEncoderLeadY1_9,PS3-0477 · Separate interface-package lead study039,Mainboard,metal,1,0.04474506192982981,0.28000000000000114,1.0,0.16000000000000014,Schematic internal layout
PS3-0478,LANLogicLeadX-1_0,PS3-0478 · Separate interface-package lead study040,Mainboard,metal,1,0.04474506192982982,1.0,0.28000000000000114,0.16000000000000014,Schematic internal layout
PS3-0479,LANLogicLeadY-1_0,PS3-0479 · Separate interface-package lead study041,Mainboard,metal,1,0.04474506192982982,0.28000000000000114,1.0,0.16000000000000014,Schematic internal layout
PS3-0480,LANLogicLeadX-1_1,PS3-0480 · Separate interface-package lead study042,Mainboard,metal,1,0.04474506192982981,1.0,0.28000000000000114,0.16000000000000014,Schematic internal layout
PS3-0481,LANLogicLeadY-1_1,PS3-0481 · Separate interface-package lead study043,Mainboard,metal,1,0.04474506192982982,0.28000000000000114,1.0,0.16000000000000014,Schematic internal layout
PS3-0482,LANLogicLeadX-1_2,PS3-0482 · Separate interface-package lead study044,Mainboard,metal,1,0.04474506192982982,1.0,0.28000000000000114,0.16000000000000014,Schematic internal layout
PS3-0483,LANLogicLeadY-1_2,PS3-0483 · Separate interface-package lead study045,Mainboard,metal,1,0.04474506192982981,0.28000000000000114,1.0,0.16000000000000014,Schematic internal layout
PS3-0484,LANLogicLeadX-1_3,PS3-0484 · Separate interface-package lead study046,Mainboard,metal,1,0.04474506192982981,1.0,0.28000000000000114,0.16000000000000014,Schematic internal layout
PS3-0485,LANLogicLeadY-1_3,PS3-0485 · Separate interface-package lead study047,Mainboard,metal,1,0.04474506192982981,0.28000000000000114,1.0,0.16000000000000014,Schematic internal layout
PS3-0486,LANLogicLeadX-1_4,PS3-0486 · Separate interface-package lead study048,Mainboard,metal,1,0.04474506192982982,1.0,0.28000000000000114,0.16000000000000014,Schematic internal layout
PS3-0487,LANLogicLeadY-1_4,PS3-0487 · Separate interface-package lead study049,Mainboard,metal,1,0.04474506192982981,0.28000000000000114,1.0,0.16000000000000014,Schematic internal layout
PS3-0488,LANLogicLeadX-1_5,PS3-0488 · Separate interface-package lead study050,Mainboard,metal,1,0.04474506192982982,1.0,0.28000000000000114,0.16000000000000014,Schematic internal layout
PS3-0489,LANLogicLeadY-1_5,PS3-0489 · Separate interface-package lead study051,Mainboard,metal,1,0.04474506192982981,0.28000000000000114,1.0,0.16000000000000014,Schematic internal layout
PS3-0490,LANLogicLeadX-1_6,PS3-0490 · Separate interface-package lead study052,Mainboard,metal,1,0.04474506192982981,1.0,0.28000000000000114,0.16000000000000014,Schematic internal layout
PS3-0491,LANLogicLeadY-1_6,PS3-0491 · Separate interface-package lead study053,Mainboard,metal,1,0.04474506192982982,0.28000000000000114,1.0,0.16000000000000014,Schematic internal layout
PS3-0492,LANLogicLeadX-1_7,PS3-0492 · Separate interface-package lead study054,Mainboard,metal,1,0.04474506192982982,1.0,0.28000000000000114,0.16000000000000014,Schematic internal layout
PS3-0493,LANLogicLeadY-1_7,PS3-0493 · Separate interface-package lead study055,Mainboard,metal,1,0.04474506192982983,0.28000000000000114,1.0,0.16000000000000014,Schematic internal layout
PS3-0494,LANLogicLeadX-1_8,PS3-0494 · Separate interface-package lead study056,Mainboard,metal,1,0.04474506192982981,1.0,0.28000000000000114,0.16000000000000014,Schematic internal layout
PS3-0495,LANLogicLeadY-1_8,PS3-0495 · Separate interface-package lead study057,Mainboard,metal,1,0.044745061929829806,0.28000000000000114,1.0,0.16000000000000014,Schematic internal layout
PS3-0496,LANLogicLeadX-1_9,PS3-0496 · Separate interface-package lead study058,Mainboard,metal,1,0.04474506192982981,1.0,0.28000000000000114,0.16000000000000014,Schematic internal layout
PS3-0497,LANLogicLeadY-1_9,PS3-0497 · Separate interface-package lead study059,Mainboard,metal,1,0.04474506192982981,0.28000000000000114,1.0,0.16000000000000014,Schematic internal layout
PS3-0498,LANLogicLeadX1_0,PS3-0498 · Separate interface-package lead study060,Mainboard,metal,1,0.04474506192982981,1.0,0.28000000000000114,0.16000000000000014,Schematic internal layout
PS3-0499,LANLogicLeadY1_0,PS3-0499 · Separate interface-package lead study061,Mainboard,metal,1,0.04474506192982981,0.28000000000000114,1.0,0.16000000000000014,Schematic internal layout
PS3-0500,LANLogicLeadX1_1,PS3-0500 · Separate interface-package lead study062,Mainboard,metal,1,0.04474506192982981,1.0,0.28000000000000114,0.16000000000000014,Schematic internal layout
PS3-0501,LANLogicLeadY1_1,PS3-0501 · Separate interface-package lead study063,Mainboard,metal,1,0.04474506192982981,0.28000000000000114,1.0,0.16000000000000014,Schematic internal layout
PS3-0502,LANLogicLeadX1_2,PS3-0502 · Separate interface-package lead study064,Mainboard,metal,1,0.04474506192982981,1.0,0.28000000000000114,0.16000000000000014,Schematic internal layout
PS3-0503,LANLogicLeadY1_2,PS3-0503 · Separate interface-package lead study065,Mainboard,metal,1,0.04474506192982982,0.28000000000000114,1.0,0.16000000000000014,Schematic internal layout
PS3-0504,LANLogicLeadX1_3,PS3-0504 · Separate interface-package lead study066,Mainboard,metal,1,0.04474506192982983,1.0,0.28000000000000114,0.16000000000000014,Schematic internal layout
PS3-0505,LANLogicLeadY1_3,PS3-0505 · Separate interface-package lead study067,Mainboard,metal,1,0.04474506192982981,0.28000000000000114,1.0,0.16000000000000014,Schematic internal layout
PS3-0506,LANLogicLeadX1_4,PS3-0506 · Separate interface-package lead study068,Mainboard,metal,1,0.04474506192982981,1.0,0.28000000000000114,0.16000000000000014,Schematic internal layout
PS3-0507,LANLogicLeadY1_4,PS3-0507 · Separate interface-package lead study069,Mainboard,metal,1,0.044745061929829806,0.28000000000000114,1.0,0.16000000000000014,Schematic internal layout
PS3-0508,LANLogicLeadX1_5,PS3-0508 · Separate interface-package lead study070,Mainboard,metal,1,0.04474506192982981,1.0,0.28000000000000114,0.16000000000000014,Schematic internal layout
PS3-0509,LANLogicLeadY1_5,PS3-0509 · Separate interface-package lead study071,Mainboard,metal,1,0.044745061929829806,0.28000000000000114,1.0,0.16000000000000014,Schematic internal layout
PS3-0510,LANLogicLeadX1_6,PS3-0510 · Separate interface-package lead study072,Mainboard,metal,1,0.04474506192982983,1.0,0.28000000000000114,0.16000000000000014,Schematic internal layout
PS3-0511,LANLogicLeadY1_6,PS3-0511 · Separate interface-package lead study073,Mainboard,metal,1,0.044745061929829806,0.28000000000000114,1.0,0.16000000000000014,Schematic internal layout
PS3-0512,LANLogicLeadX1_7,PS3-0512 · Separate interface-package lead study074,Mainboard,metal,1,0.04474506192982981,1.0,0.28000000000000114,0.16000000000000014,Schematic internal layout
PS3-0513,LANLogicLeadY1_7,PS3-0513 · Separate interface-package lead study075,Mainboard,metal,1,0.04474506192982981,0.28000000000000114,1.0,0.16000000000000014,Schematic internal layout
PS3-0514,LANLogicLeadX1_8,PS3-0514 · Separate interface-package lead study076,Mainboard,metal,1,0.04474506192982981,1.0,0.28000000000000114,0.16000000000000014,Schematic internal layout
PS3-0515,LANLogicLeadY1_8,PS3-0515 · Separate interface-package lead study077,Mainboard,metal,1,0.044745061929829806,0.28000000000000114,1.0,0.16000000000000014,Schematic internal layout
PS3-0516,LANLogicLeadX1_9,PS3-0516 · Separate interface-package lead study078,Mainboard,metal,1,0.04474506192982983,1.0,0.28000000000000114,0.16000000000000014,Schematic internal layout
PS3-0517,LANLogicLeadY1_9,PS3-0517 · Separate interface-package lead study079,Mainboard,metal,1,0.044745061929829806,0.28000000000000114,1.0,0.16000000000000014,Schematic internal layout
PS3-0518,USBLogicLeadX-1_0,PS3-0518 · Separate interface-package lead study080,Mainboard,metal,1,0.04474506192982981,1.0,0.28000000000000114,0.16000000000000014,Schematic internal layout
PS3-0519,USBLogicLeadY-1_0,PS3-0519 · Separate interface-package lead study081,Mainboard,metal,1,0.04474506192982981,0.28000000000000114,1.0,0.16000000000000014,Schematic internal layout
PS3-0520,USBLogicLeadX-1_1,PS3-0520 · Separate interface-package lead study082,Mainboard,metal,1,0.044745061929829806,1.0,0.28000000000000114,0.16000000000000014,Schematic internal layout
PS3-0521,USBLogicLeadY-1_1,PS3-0521 · Separate interface-package lead study083,Mainboard,metal,1,0.04474506192982981,0.28000000000000114,1.0,0.16000000000000014,Schematic internal layout
PS3-0522,USBLogicLeadX-1_2,PS3-0522 · Separate interface-package lead study084,Mainboard,metal,1,0.04474506192982981,1.0,0.28000000000000114,0.16000000000000014,Schematic internal layout
PS3-0523,USBLogicLeadY-1_2,PS3-0523 · Separate interface-package lead study085,Mainboard,metal,1,0.04474506192982981,0.28000000000000114,1.0,0.16000000000000014,Schematic internal layout
PS3-0524,USBLogicLeadX-1_3,PS3-0524 · Separate interface-package lead study086,Mainboard,metal,1,0.044745061929829806,1.0,0.28000000000000114,0.16000000000000014,Schematic internal layout
PS3-0525,USBLogicLeadY-1_3,PS3-0525 · Separate interface-package lead study087,Mainboard,metal,1,0.044745061929829806,0.28000000000000114,1.0,0.16000000000000014,Schematic internal layout
PS3-0526,USBLogicLeadX-1_4,PS3-0526 · Separate interface-package lead study088,Mainboard,metal,1,0.04474506192982981,1.0,0.28000000000000114,0.16000000000000014,Schematic internal layout
PS3-0527,USBLogicLeadY-1_4,PS3-0527 · Separate interface-package lead study089,Mainboard,metal,1,0.04474506192982981,0.28000000000000114,1.0,0.16000000000000014,Schematic internal layout
PS3-0528,USBLogicLeadX-1_5,PS3-0528 · Separate interface-package lead study090,Mainboard,metal,1,0.04474506192982981,1.0,0.28000000000000114,0.16000000000000014,Schematic internal layout
PS3-0529,USBLogicLeadY-1_5,PS3-0529 · Separate interface-package lead study091,Mainboard,metal,1,0.04474506192982981,0.28000000000000114,1.0,0.16000000000000014,Schematic internal layout
PS3-0530,USBLogicLeadX-1_6,PS3-0530 · Separate interface-package lead study092,Mainboard,metal,1,0.044745061929829806,1.0,0.28000000000000114,0.16000000000000014,Schematic internal layout
PS3-0531,USBLogicLeadY-1_6,PS3-0531 · Separate interface-package lead study093,Mainboard,metal,1,0.04474506192982981,0.28000000000000114,1.0,0.16000000000000014,Schematic internal layout
PS3-0532,USBLogicLeadX-1_7,PS3-0532 · Separate interface-package lead study094,Mainboard,metal,1,0.04474506192982981,1.0,0.28000000000000114,0.16000000000000014,Schematic internal layout
PS3-0533,USBLogicLeadY-1_7,PS3-0533 · Separate interface-package lead study095,Mainboard,metal,1,0.044745061929829806,0.28000000000000114,1.0,0.16000000000000014,Schematic internal layout
PS3-0534,USBLogicLeadX-1_8,PS3-0534 · Separate interface-package lead study096,Mainboard,metal,1,0.044745061929829806,1.0,0.28000000000000114,0.16000000000000014,Schematic internal layout
PS3-0535,USBLogicLeadY-1_8,PS3-0535 · Separate interface-package lead study097,Mainboard,metal,1,0.044745061929829806,0.28000000000000114,1.0,0.16000000000000014,Schematic internal layout
PS3-0536,USBLogicLeadX-1_9,PS3-0536 · Separate interface-package lead study098,Mainboard,metal,1,0.044745061929829806,1.0,0.28000000000000114,0.16000000000000014,Schematic internal layout
PS3-0537,USBLogicLeadY-1_9,PS3-0537 · Separate interface-package lead study099,Mainboard,metal,1,0.04474506192982981,0.28000000000000114,1.0,0.16000000000000014,Schematic internal layout
PS3-0538,USBLogicLeadX1_0,PS3-0538 · Separate interface-package lead study100,Mainboard,metal,1,0.04474506192982981,1.0,0.28000000000000114,0.16000000000000014,Schematic internal layout
PS3-0539,USBLogicLeadY1_0,PS3-0539 · Separate interface-package lead study101,Mainboard,metal,1,0.04474506192982981,0.28000000000000114,1.0,0.16000000000000014,Schematic internal layout
PS3-0540,USBLogicLeadX1_1,PS3-0540 · Separate interface-package lead study102,Mainboard,metal,1,0.04474506192982981,1.0,0.28000000000000114,0.16000000000000014,Schematic internal layout
PS3-0541,USBLogicLeadY1_1,PS3-0541 · Separate interface-package lead study103,Mainboard,metal,1,0.04474506192982981,0.28000000000000114,1.0,0.16000000000000014,Schematic internal layout
PS3-0542,USBLogicLeadX1_2,PS3-0542 · Separate interface-package lead study104,Mainboard,metal,1,0.044745061929829806,1.0,0.28000000000000114,0.16000000000000014,Schematic internal layout
PS3-0543,USBLogicLeadY1_2,PS3-0543 · Separate interface-package lead study105,Mainboard,metal,1,0.04474506192982981,0.28000000000000114,1.0,0.16000000000000014,Schematic internal layout
PS3-0544,USBLogicLeadX1_3,PS3-0544 · Separate interface-package lead study106,Mainboard,metal,1,0.04474506192982981,1.0,0.28000000000000114,0.16000000000000014,Schematic internal layout
PS3-0545,USBLogicLeadY1_3,PS3-0545 · Separate interface-package lead study107,Mainboard,metal,1,0.044745061929829806,0.28000000000000114,1.0,0.16000000000000014,Schematic internal layout
PS3-0546,USBLogicLeadX1_4,PS3-0546 · Separate interface-package lead study108,Mainboard,metal,1,0.04474506192982981,1.0,0.28000000000000114,0.16000000000000014,Schematic internal layout
PS3-0547,USBLogicLeadY1_4,PS3-0547 · Separate interface-package lead study109,Mainboard,metal,1,0.04474506192982981,0.28000000000000114,1.0,0.16000000000000014,Schematic internal layout
PS3-0548,USBLogicLeadX1_5,PS3-0548 · Separate interface-package lead study110,Mainboard,metal,1,0.04474506192982981,1.0,0.28000000000000114,0.16000000000000014,Schematic internal layout
PS3-0549,USBLogicLeadY1_5,PS3-0549 · Separate interface-package lead study111,Mainboard,metal,1,0.04474506192982981,0.28000000000000114,1.0,0.16000000000000014,Schematic internal layout
PS3-0550,USBLogicLeadX1_6,PS3-0550 · Separate interface-package lead study112,Mainboard,metal,1,0.04474506192982981,1.0,0.28000000000000114,0.16000000000000014,Schematic internal layout
PS3-0551,USBLogicLeadY1_6,PS3-0551 · Separate interface-package lead study113,Mainboard,metal,1,0.04474506192982981,0.28000000000000114,1.0,0.16000000000000014,Schematic internal layout
PS3-0552,USBLogicLeadX1_7,PS3-0552 · Separate interface-package lead study114,Mainboard,metal,1,0.04474506192982981,1.0,0.28000000000000114,0.16000000000000014,Schematic internal layout
PS3-0553,USBLogicLeadY1_7,PS3-0553 · Separate interface-package lead study115,Mainboard,metal,1,0.04474506192982981,0.28000000000000114,1.0,0.16000000000000014,Schematic internal layout
PS3-0554,USBLogicLeadX1_8,PS3-0554 · Separate interface-package lead study116,Mainboard,metal,1,0.04474506192982981,1.0,0.28000000000000114,0.16000000000000014,Schematic internal layout
PS3-0555,USBLogicLeadY1_8,PS3-0555 · Separate interface-package lead study117,Mainboard,metal,1,0.044745061929829806,0.28000000000000114,1.0,0.16000000000000014,Schematic internal layout
PS3-0556,USBLogicLeadX1_9,PS3-0556 · Separate interface-package lead study118,Mainboard,metal,1,0.04474506192982981,1.0,0.28000000000000114,0.16000000000000014,Schematic internal layout
PS3-0557,USBLogicLeadY1_9,PS3-0557 · Separate interface-package lead study119,Mainboard,metal,1,0.04474506192982981,0.28000000000000114,1.0,0.16000000000000014,Schematic internal layout
PS3-0558,SystemControlLeadX-1_0,PS3-0558 · Separate interface-package lead study120,Mainboard,metal,1,0.04474506192982982,1.0,0.28000000000000114,0.16000000000000014,Schematic internal layout
PS3-0559,SystemControlLeadY-1_0,PS3-0559 · Separate interface-package lead study121,Mainboard,metal,1,0.04474506192982982,0.28000000000000114,1.0,0.16000000000000014,Schematic internal layout
PS3-0560,SystemControlLeadX-1_1,PS3-0560 · Separate interface-package lead study122,Mainboard,metal,1,0.044745061929829806,1.0,0.28000000000000114,0.16000000000000014,Schematic internal layout
PS3-0561,SystemControlLeadY-1_1,PS3-0561 · Separate interface-package lead study123,Mainboard,metal,1,0.04474506192982982,0.28000000000000114,1.0,0.16000000000000014,Schematic internal layout
PS3-0562,SystemControlLeadX-1_2,PS3-0562 · Separate interface-package lead study124,Mainboard,metal,1,0.04474506192982981,1.0,0.28000000000000114,0.16000000000000014,Schematic internal layout
PS3-0563,SystemControlLeadY-1_2,PS3-0563 · Separate interface-package lead study125,Mainboard,metal,1,0.04474506192982981,0.28000000000000114,1.0,0.16000000000000014,Schematic internal layout
PS3-0564,SystemControlLeadX-1_3,PS3-0564 · Separate interface-package lead study126,Mainboard,metal,1,0.044745061929829806,1.0,0.28000000000000114,0.16000000000000014,Schematic internal layout
PS3-0565,SystemControlLeadY-1_3,PS3-0565 · Separate interface-package lead study127,Mainboard,metal,1,0.04474506192982981,0.28000000000000114,1.0,0.16000000000000014,Schematic internal layout
PS3-0566,SystemControlLeadX-1_4,PS3-0566 · Separate interface-package lead study128,Mainboard,metal,1,0.044745061929829806,1.0,0.28000000000000114,0.16000000000000014,Schematic internal layout
PS3-0567,SystemControlLeadY-1_4,PS3-0567 · Separate interface-package lead study129,Mainboard,metal,1,0.04474506192982981,0.28000000000000114,1.0,0.16000000000000014,Schematic internal layout
PS3-0568,SystemControlLeadX-1_5,PS3-0568 · Separate interface-package lead study130,Mainboard,metal,1,0.04474506192982982,1.0,0.28000000000000114,0.16000000000000014,Schematic internal layout
PS3-0569,SystemControlLeadY-1_5,PS3-0569 · Separate interface-package lead study131,Mainboard,metal,1,0.04474506192982981,0.28000000000000114,1.0,0.16000000000000014,Schematic internal layout
PS3-0570,SystemControlLeadX-1_6,PS3-0570 · Separate interface-package lead study132,Mainboard,metal,1,0.044745061929829806,1.0,0.28000000000000114,0.16000000000000014,Schematic internal layout
PS3-0571,SystemControlLeadY-1_6,PS3-0571 · Separate interface-package lead study133,Mainboard,metal,1,0.04474506192982982,0.28000000000000114,1.0,0.16000000000000014,Schematic internal layout
PS3-0572,SystemControlLeadX-1_7,PS3-0572 · Separate interface-package lead study134,Mainboard,metal,1,0.04474506192982981,1.0,0.28000000000000114,0.16000000000000014,Schematic internal layout
PS3-0573,SystemControlLeadY-1_7,PS3-0573 · Separate interface-package lead study135,Mainboard,metal,1,0.04474506192982982,0.28000000000000114,1.0,0.16000000000000014,Schematic internal layout
PS3-0574,SystemControlLeadX-1_8,PS3-0574 · Separate interface-package lead study136,Mainboard,metal,1,0.044745061929829806,1.0,0.28000000000000114,0.16000000000000014,Schematic internal layout
PS3-0575,SystemControlLeadY-1_8,PS3-0575 · Separate interface-package lead study137,Mainboard,metal,1,0.04474506192982981,0.28000000000000114,1.0,0.16000000000000014,Schematic internal layout
PS3-0576,SystemControlLeadX-1_9,PS3-0576 · Separate interface-package lead study138,Mainboard,metal,1,0.04474506192982981,1.0,0.28000000000000114,0.16000000000000014,Schematic internal layout
PS3-0577,SystemControlLeadY-1_9,PS3-0577 · Separate interface-package lead study139,Mainboard,metal,1,0.04474506192982981,0.28000000000000114,1.0,0.16000000000000014,Schematic internal layout
PS3-0578,SystemControlLeadX1_0,PS3-0578 · Separate interface-package lead study140,Mainboard,metal,1,0.044745061929829806,1.0,0.28000000000000114,0.16000000000000014,Schematic internal layout
PS3-0579,SystemControlLeadY1_0,PS3-0579 · Separate interface-package lead study141,Mainboard,metal,1,0.04474506192982981,0.28000000000000114,1.0,0.16000000000000014,Schematic internal layout
PS3-0580,SystemControlLeadX1_1,PS3-0580 · Separate interface-package lead study142,Mainboard,metal,1,0.04474506192982981,1.0,0.28000000000000114,0.16000000000000014,Schematic internal layout
PS3-0581,SystemControlLeadY1_1,PS3-0581 · Separate interface-package lead study143,Mainboard,metal,1,0.04474506192982981,0.28000000000000114,1.0,0.16000000000000014,Schematic internal layout
PS3-0582,SystemControlLeadX1_2,PS3-0582 · Separate interface-package lead study144,Mainboard,metal,1,0.044745061929829806,1.0,0.28000000000000114,0.16000000000000014,Schematic internal layout
PS3-0583,SystemControlLeadY1_2,PS3-0583 · Separate interface-package lead study145,Mainboard,metal,1,0.044745061929829806,0.28000000000000114,1.0,0.16000000000000014,Schematic internal layout
PS3-0584,SystemControlLeadX1_3,PS3-0584 · Separate interface-package lead study146,Mainboard,metal,1,0.04474506192982981,1.0,0.28000000000000114,0.16000000000000014,Schematic internal layout
PS3-0585,SystemControlLeadY1_3,PS3-0585 · Separate interface-package lead study147,Mainboard,metal,1,0.04474506192982981,0.28000000000000114,1.0,0.16000000000000014,Schematic internal layout
PS3-0586,SystemControlLeadX1_4,PS3-0586 · Separate interface-package lead study148,Mainboard,metal,1,0.04474506192982981,1.0,0.28000000000000114,0.16000000000000014,Schematic internal layout
PS3-0587,SystemControlLeadY1_4,PS3-0587 · Separate interface-package lead study149,Mainboard,metal,1,0.04474506192982982,0.28000000000000114,1.0,0.16000000000000014,Schematic internal layout
PS3-0588,SystemControlLeadX1_5,PS3-0588 · Separate interface-package lead study150,Mainboard,metal,1,0.044745061929829806,1.0,0.28000000000000114,0.16000000000000014,Schematic internal layout
PS3-0589,SystemControlLeadY1_5,PS3-0589 · Separate interface-package lead study151,Mainboard,metal,1,0.0447450619298298,0.28000000000000114,1.0,0.16000000000000014,Schematic internal layout
PS3-0590,SystemControlLeadX1_6,PS3-0590 · Separate interface-package lead study152,Mainboard,metal,1,0.04474506192982981,1.0,0.28000000000000114,0.16000000000000014,Schematic internal layout
PS3-0591,SystemControlLeadY1_6,PS3-0591 · Separate interface-package lead study153,Mainboard,metal,1,0.044745061929829806,0.28000000000000114,1.0,0.16000000000000014,Schematic internal layout
PS3-0592,SystemControlLeadX1_7,PS3-0592 · Separate interface-package lead study154,Mainboard,metal,1,0.044745061929829806,1.0,0.28000000000000114,0.16000000000000014,Schematic internal layout
PS3-0593,SystemControlLeadY1_7,PS3-0593 · Separate interface-package lead study155,Mainboard,metal,1,0.04474506192982981,0.28000000000000114,1.0,0.16000000000000014,Schematic internal layout
PS3-0594,SystemControlLeadX1_8,PS3-0594 · Separate interface-package lead study156,Mainboard,metal,1,0.04474506192982981,1.0,0.28000000000000114,0.16000000000000014,Schematic internal layout
PS3-0595,SystemControlLeadY1_8,PS3-0595 · Separate interface-package lead study157,Mainboard,metal,1,0.0447450619298298,0.28000000000000114,1.0,0.16000000000000014,Schematic internal layout
PS3-0596,SystemControlLeadX1_9,PS3-0596 · Separate interface-package lead study158,Mainboard,metal,1,0.04474506192982981,1.0,0.28000000000000114,0.16000000000000014,Schematic internal layout
PS3-0597,SystemControlLeadY1_9,PS3-0597 · Separate interface-package lead study159,Mainboard,metal,1,0.044745061929829806,0.28000000000000114,1.0,0.16000000000000014,Schematic internal layout
PS3-0598,ControlLinkContact0,PS3-0598 · Separate ControlLink board contact,Mainboard,gold,1,0.1231916283004446,0.25,2.9000000000000057,0.1700000000000017,Schematic internal layout
PS3-0599,ControlLinkContact1,PS3-0599 · Separate ControlLink board contact001,Mainboard,gold,1,0.12319162830044458,0.25,2.9000000000000057,0.1700000000000017,Schematic internal layout
PS3-0600,ControlLinkContact2,PS3-0600 · Separate ControlLink board contact002,Mainboard,gold,1,0.1231916283004446,0.25,2.9000000000000057,0.1700000000000017,Schematic internal layout
PS3-0601,ControlLinkContact3,PS3-0601 · Separate ControlLink board contact003,Mainboard,gold,1,0.1231916283004446,0.25,2.9000000000000057,0.1700000000000017,Schematic internal layout
PS3-0602,ControlLinkContact4,PS3-0602 · Separate ControlLink board contact004,Mainboard,gold,1,0.12319162830044457,0.25,2.9000000000000057,0.1700000000000017,Schematic internal layout
PS3-0603,ControlLinkContact5,PS3-0603 · Separate ControlLink board contact005,Mainboard,gold,1,0.1231916283004446,0.25,2.9000000000000057,0.1700000000000017,Schematic internal layout
PS3-0604,ControlLinkContact6,PS3-0604 · Separate ControlLink board contact006,Mainboard,gold,1,0.12319162830044458,0.25,2.9000000000000057,0.1700000000000017,Schematic internal layout
PS3-0605,ControlLinkContact7,PS3-0605 · Separate ControlLink board contact007,Mainboard,gold,1,0.1231916283004446,0.25,2.9000000000000057,0.1700000000000017,Schematic internal layout
PS3-0606,ControlLinkContact8,PS3-0606 · Separate ControlLink board contact008,Mainboard,gold,1,0.1231916283004446,0.25,2.9000000000000057,0.1700000000000017,Schematic internal layout
PS3-0607,ControlLinkContact9,PS3-0607 · Separate ControlLink board contact009,Mainboard,gold,1,0.12319162830044457,0.25,2.9000000000000057,0.1700000000000017,Schematic internal layout
PS3-0608,ControlLinkContact10,PS3-0608 · Separate ControlLink board contact010,Mainboard,gold,1,0.12319162830044458,0.25,2.9000000000000057,0.1700000000000017,Schematic internal layout
PS3-0609,ControlLinkContact11,PS3-0609 · Separate ControlLink board contact011,Mainboard,gold,1,0.12319162830044458,0.25,2.9000000000000057,0.1700000000000017,Schematic internal layout
PS3-0610,ControlLinkContact12,PS3-0610 · Separate ControlLink board contact012,Mainboard,gold,1,0.1231916283004446,0.25,2.9000000000000057,0.1700000000000017,Schematic internal layout
PS3-0611,ControlLinkContact13,PS3-0611 · Separate ControlLink board contact013,Mainboard,gold,1,0.12319162830044458,0.25,2.9000000000000057,0.1700000000000017,Schematic internal layout
PS3-0612,ControlLinkContact14,PS3-0612 · Separate ControlLink board contact014,Mainboard,gold,1,0.12319162830044457,0.25,2.9000000000000057,0.1700000000000017,Schematic internal layout
PS3-0613,ControlLinkContact15,PS3-0613 · Separate ControlLink board contact015,Mainboard,gold,1,0.12319162830044458,0.25,2.9000000000000057,0.1700000000000017,Schematic internal layout
PS3-0614,ControlLinkContact16,PS3-0614 · Separate ControlLink board contact016,Mainboard,gold,1,0.12319162830044458,0.25,2.9000000000000057,0.1700000000000017,Schematic internal layout
PS3-0615,ControlLinkContact17,PS3-0615 · Separate ControlLink board contact017,Mainboard,gold,1,0.1231916283004446,0.25,2.9000000000000057,0.1700000000000017,Schematic internal layout
PS3-0616,ControlLinkContact18,PS3-0616 · Separate ControlLink board contact018,Mainboard,gold,1,0.12319162830044458,0.25,2.9000000000000057,0.1700000000000017,Schematic internal layout
PS3-0617,ControlLinkContact19,PS3-0617 · Separate ControlLink board contact019,Mainboard,gold,1,0.12319162830044458,0.25,2.9000000000000057,0.1700000000000017,Schematic internal layout
PS3-0618,WirelessLinkContact0,PS3-0618 · Separate WirelessLink board contact,Mainboard,gold,1,0.1231916283004446,0.25,2.9000000000000057,0.1700000000000017,Schematic internal layout
PS3-0619,WirelessLinkContact1,PS3-0619 · Separate WirelessLink board contact001,Mainboard,gold,1,0.12319162830044458,0.25,2.9000000000000057,0.1700000000000017,Schematic internal layout
PS3-0620,WirelessLinkContact2,PS3-0620 · Separate WirelessLink board contact002,Mainboard,gold,1,0.12319162830044458,0.25,2.9000000000000057,0.1700000000000017,Schematic internal layout
PS3-0621,WirelessLinkContact3,PS3-0621 · Separate WirelessLink board contact003,Mainboard,gold,1,0.12319162830044458,0.25,2.9000000000000057,0.1700000000000017,Schematic internal layout
PS3-0622,WirelessLinkContact4,PS3-0622 · Separate WirelessLink board contact004,Mainboard,gold,1,0.12319162830044458,0.25,2.9000000000000057,0.1700000000000017,Schematic internal layout
PS3-0623,WirelessLinkContact5,PS3-0623 · Separate WirelessLink board contact005,Mainboard,gold,1,0.1231916283004446,0.25,2.9000000000000057,0.1700000000000017,Schematic internal layout
PS3-0624,WirelessLinkContact6,PS3-0624 · Separate WirelessLink board contact006,Mainboard,gold,1,0.12319162830044458,0.25,2.9000000000000057,0.1700000000000017,Schematic internal layout
PS3-0625,WirelessLinkContact7,PS3-0625 · Separate WirelessLink board contact007,Mainboard,gold,1,0.1231916283004446,0.25,2.9000000000000057,0.1700000000000017,Schematic internal layout
PS3-0626,WirelessLinkContact8,PS3-0626 · Separate WirelessLink board contact008,Mainboard,gold,1,0.12319162830044458,0.25,2.9000000000000057,0.1700000000000017,Schematic internal layout
PS3-0627,WirelessLinkContact9,PS3-0627 · Separate WirelessLink board contact009,Mainboard,gold,1,0.12319162830044458,0.25,2.9000000000000057,0.1700000000000017,Schematic internal layout
PS3-0628,WirelessLinkContact10,PS3-0628 · Separate WirelessLink board contact010,Mainboard,gold,1,0.1231916283004446,0.25,2.9000000000000057,0.1700000000000017,Schematic internal layout
PS3-0629,WirelessLinkContact11,PS3-0629 · Separate WirelessLink board contact011,Mainboard,gold,1,0.12319162830044458,0.25,2.9000000000000057,0.1700000000000017,Schematic internal layout
PS3-0630,WirelessLinkContact12,PS3-0630 · Separate WirelessLink board contact012,Mainboard,gold,1,0.1231916283004446,0.25,2.9000000000000057,0.1700000000000017,Schematic internal layout
PS3-0631,WirelessLinkContact13,PS3-0631 · Separate WirelessLink board contact013,Mainboard,gold,1,0.1231916283004446,0.25,2.9000000000000057,0.1700000000000017,Schematic internal layout
PS3-0632,WirelessLinkContact14,PS3-0632 · Separate WirelessLink board contact014,Mainboard,gold,1,0.12319162830044461,0.25,2.9000000000000057,0.1700000000000017,Schematic internal layout
PS3-0633,WirelessLinkContact15,PS3-0633 · Separate WirelessLink board contact015,Mainboard,gold,1,0.12319162830044458,0.25,2.9000000000000057,0.1700000000000017,Schematic internal layout
PS3-0634,WirelessLinkContact16,PS3-0634 · Separate WirelessLink board contact016,Mainboard,gold,1,0.1231916283004446,0.25,2.9000000000000057,0.1700000000000017,Schematic internal layout
PS3-0635,WirelessLinkContact17,PS3-0635 · Separate WirelessLink board contact017,Mainboard,gold,1,0.1231916283004446,0.25,2.9000000000000057,0.1700000000000017,Schematic internal layout
PS3-0636,CardLinkContact0,PS3-0636 · Separate CardLink board contact,Mainboard,gold,1,0.1231916283004446,0.25,2.9000000000000057,0.1700000000000017,Schematic internal layout
PS3-0637,CardLinkContact1,PS3-0637 · Separate CardLink board contact001,Mainboard,gold,1,0.12319162830044458,0.25,2.9000000000000057,0.1700000000000017,Schematic internal layout
PS3-0638,CardLinkContact2,PS3-0638 · Separate CardLink board contact002,Mainboard,gold,1,0.1231916283004446,0.25,2.9000000000000057,0.1700000000000017,Schematic internal layout
PS3-0639,CardLinkContact3,PS3-0639 · Separate CardLink board contact003,Mainboard,gold,1,0.1231916283004446,0.25,2.9000000000000057,0.1700000000000017,Schematic internal layout
PS3-0640,CardLinkContact4,PS3-0640 · Separate CardLink board contact004,Mainboard,gold,1,0.12319162830044458,0.25,2.9000000000000057,0.1700000000000017,Schematic internal layout
PS3-0641,CardLinkContact5,PS3-0641 · Separate CardLink board contact005,Mainboard,gold,1,0.12319162830044458,0.25,2.9000000000000057,0.1700000000000017,Schematic internal layout
PS3-0642,CardLinkContact6,PS3-0642 · Separate CardLink board contact006,Mainboard,gold,1,0.1231916283004446,0.25,2.9000000000000057,0.1700000000000017,Schematic internal layout
PS3-0643,CardLinkContact7,PS3-0643 · Separate CardLink board contact007,Mainboard,gold,1,0.1231916283004446,0.25,2.9000000000000057,0.1700000000000017,Schematic internal layout
PS3-0644,CardLinkContact8,PS3-0644 · Separate CardLink board contact008,Mainboard,gold,1,0.12319162830044458,0.25,2.9000000000000057,0.1700000000000017,Schematic internal layout
PS3-0645,CardLinkContact9,PS3-0645 · Separate CardLink board contact009,Mainboard,gold,1,0.1231916283004446,0.25,2.9000000000000057,0.1700000000000017,Schematic internal layout
PS3-0646,CardLinkContact10,PS3-0646 · Separate CardLink board contact010,Mainboard,gold,1,0.1231916283004446,0.25,2.9000000000000057,0.1700000000000017,Schematic internal layout
PS3-0647,CardLinkContact11,PS3-0647 · Separate CardLink board contact011,Mainboard,gold,1,0.12319162830044458,0.25,2.9000000000000057,0.1700000000000017,Schematic internal layout
PS3-0648,OpticalLinkContact0,PS3-0648 · Separate OpticalLink board contact,Mainboard,gold,1,0.1231916283004446,0.25,2.9000000000000057,0.1700000000000017,Schematic internal layout
PS3-0649,OpticalLinkContact1,PS3-0649 · Separate OpticalLink board contact001,Mainboard,gold,1,0.1231916283004446,0.25,2.9000000000000057,0.1700000000000017,Schematic internal layout
PS3-0650,OpticalLinkContact2,PS3-0650 · Separate OpticalLink board contact002,Mainboard,gold,1,0.1231916283004446,0.25,2.9000000000000057,0.1700000000000017,Schematic internal layout
PS3-0651,OpticalLinkContact3,PS3-0651 · Separate OpticalLink board contact003,Mainboard,gold,1,0.1231916283004446,0.25,2.9000000000000057,0.1700000000000017,Schematic internal layout
PS3-0652,OpticalLinkContact4,PS3-0652 · Separate OpticalLink board contact004,Mainboard,gold,1,0.1231916283004446,0.25,2.9000000000000057,0.1700000000000017,Schematic internal layout
PS3-0653,OpticalLinkContact5,PS3-0653 · Separate OpticalLink board contact005,Mainboard,gold,1,0.1231916283004446,0.25,2.9000000000000057,0.1700000000000017,Schematic internal layout
PS3-0654,OpticalLinkContact6,PS3-0654 · Separate OpticalLink board contact006,Mainboard,gold,1,0.1231916283004446,0.25,2.9000000000000057,0.1700000000000017,Schematic internal layout
PS3-0655,OpticalLinkContact7,PS3-0655 · Separate OpticalLink board contact007,Mainboard,gold,1,0.1231916283004446,0.25,2.9000000000000057,0.1700000000000017,Schematic internal layout
PS3-0656,OpticalLinkContact8,PS3-0656 · Separate OpticalLink board contact008,Mainboard,gold,1,0.1231916283004446,0.25,2.9000000000000057,0.1700000000000017,Schematic internal layout
PS3-0657,OpticalLinkContact9,PS3-0657 · Separate OpticalLink board contact009,Mainboard,gold,1,0.1231916283004446,0.25,2.9000000000000057,0.1700000000000017,Schematic internal layout
PS3-0658,OpticalLinkContact10,PS3-0658 · Separate OpticalLink board contact010,Mainboard,gold,1,0.1231916283004446,0.25,2.9000000000000057,0.1700000000000017,Schematic internal layout
PS3-0659,OpticalLinkContact11,PS3-0659 · Separate OpticalLink board contact011,Mainboard,gold,1,0.1231916283004446,0.25,2.9000000000000057,0.1700000000000017,Schematic internal layout
PS3-0660,OpticalLinkContact12,PS3-0660 · Separate OpticalLink board contact012,Mainboard,gold,1,0.1231916283004446,0.25,2.9000000000000057,0.1700000000000017,Schematic internal layout
PS3-0661,OpticalLinkContact13,PS3-0661 · Separate OpticalLink board contact013,Mainboard,gold,1,0.1231916283004446,0.25,2.9000000000000057,0.1700000000000017,Schematic internal layout
PS3-0662,OpticalLinkContact14,PS3-0662 · Separate OpticalLink board contact014,Mainboard,gold,1,0.1231916283004446,0.25,2.9000000000000057,0.1700000000000017,Schematic internal layout
PS3-0663,OpticalLinkContact15,PS3-0663 · Separate OpticalLink board contact015,Mainboard,gold,1,0.1231916283004446,0.25,2.9000000000000057,0.1700000000000017,Schematic internal layout
PS3-0664,OpticalLinkContact16,PS3-0664 · Separate OpticalLink board contact016,Mainboard,gold,1,0.1231916283004446,0.25,2.9000000000000057,0.1700000000000017,Schematic internal layout
PS3-0665,OpticalLinkContact17,PS3-0665 · Separate OpticalLink board contact017,Mainboard,gold,1,0.1231916283004446,0.25,2.9000000000000057,0.1700000000000017,Schematic internal layout
PS3-0666,OpticalLinkContact18,PS3-0666 · Separate OpticalLink board contact018,Mainboard,gold,1,0.1231916283004446,0.25,2.9000000000000057,0.1700000000000017,Schematic internal layout
PS3-0667,OpticalLinkContact19,PS3-0667 · Separate OpticalLink board contact019,Mainboard,gold,1,0.1231916283004446,0.25,2.9000000000000057,0.1700000000000017,Schematic internal layout
PS3-0668,OpticalLinkContact20,PS3-0668 · Separate OpticalLink board contact020,Mainboard,gold,1,0.1231916283004446,0.25,2.9000000000000057,0.1700000000000017,Schematic internal layout
PS3-0669,OpticalLinkContact21,PS3-0669 · Separate OpticalLink board contact021,Mainboard,gold,1,0.1231916283004446,0.25,2.9000000000000057,0.1700000000000017,Schematic internal layout
PS3-0670,OpticalLinkContact22,PS3-0670 · Separate OpticalLink board contact022,Mainboard,gold,1,0.1231916283004446,0.25,2.9000000000000057,0.1700000000000017,Schematic internal layout
PS3-0671,OpticalLinkContact23,PS3-0671 · Separate OpticalLink board contact023,Mainboard,gold,1,0.1231916283004446,0.25,2.9000000000000057,0.1700000000000017,Schematic internal layout
PS3-0672,PowerLinkHousing,PS3-0672 · PowerLink board connector carrier,Mainboard,black,1,104.75488929690036,16.0,5.0,2.9999999999999964,Schematic internal layout
PS3-0673,PowerLinkContact0,PS3-0673 · Separate PowerLink board contact,Mainboard,gold,1,0.12319162830044451,0.25,2.8999999999999986,0.1700000000000017,Schematic internal layout
PS3-0674,PowerLinkContact1,PS3-0674 · Separate PowerLink board contact001,Mainboard,gold,1,0.1231916283004445,0.25,2.8999999999999986,0.1700000000000017,Schematic internal layout
PS3-0675,PowerLinkContact2,PS3-0675 · Separate PowerLink board contact002,Mainboard,gold,1,0.12319162830044451,0.25,2.8999999999999986,0.1700000000000017,Schematic internal layout
PS3-0676,PowerLinkContact3,PS3-0676 · Separate PowerLink board contact003,Mainboard,gold,1,0.1231916283004445,0.25,2.8999999999999986,0.1700000000000017,Schematic internal layout
PS3-0677,PowerLinkContact4,PS3-0677 · Separate PowerLink board contact004,Mainboard,gold,1,0.12319162830044449,0.25,2.8999999999999986,0.1700000000000017,Schematic internal layout
PS3-0678,FanLinkHousing,PS3-0678 · FanLink board connector carrier,Mainboard,black,1,69.47488929690026,10.0,5.0,2.9999999999999964,Schematic internal layout
PS3-0679,FanLinkContact0,PS3-0679 · Separate FanLink board contact,Mainboard,gold,1,0.12319162830044457,0.25,2.9000000000000057,0.1700000000000017,Schematic internal layout
PS3-0680,FanLinkContact1,PS3-0680 · Separate FanLink board contact001,Mainboard,gold,1,0.1231916283004446,0.25,2.9000000000000057,0.1700000000000017,Schematic internal layout
PS3-0681,FanLinkContact2,PS3-0681 · Separate FanLink board contact002,Mainboard,gold,1,0.12319162830044461,0.25,2.9000000000000057,0.1700000000000017,Schematic internal layout
PS3-0682,BoardBypass0,PS3-0682 · Separate board bypass package study,Mainboard,metal,1,0.7900287595947412,1.6999999999999886,0.8499999999999943,0.5500000000000007,Schematic internal layout
PS3-0683,BoardBypass1,PS3-0683 · Separate board bypass package study001,Mainboard,metal,1,0.7900287595947412,1.6999999999999886,0.8499999999999943,0.5500000000000007,Schematic internal layout
PS3-0684,BoardBypass2,PS3-0684 · Separate board bypass package study002,Mainboard,metal,1,0.7900287595947412,1.6999999999999886,0.8499999999999943,0.5500000000000007,Schematic internal layout
PS3-0685,BoardBypass3,PS3-0685 · Separate board bypass package study003,Mainboard,metal,1,0.7900287595947412,1.6999999999999886,0.8499999999999943,0.5500000000000007,Schematic internal layout
PS3-0686,BoardBypass4,PS3-0686 · Separate board bypass package study004,Mainboard,metal,1,0.7900287595947412,1.6999999999999886,0.8499999999999943,0.5500000000000007,Schematic internal layout
PS3-0687,BoardBypass5,PS3-0687 · Separate board bypass package study005,Mainboard,metal,1,0.7900287595947412,1.6999999999999886,0.8499999999999943,0.5500000000000007,Schematic internal layout
PS3-0688,BoardBypass6,PS3-0688 · Separate board bypass package study006,Mainboard,metal,1,0.7900287595947432,1.7000000000000028,0.8499999999999943,0.5500000000000007,Schematic internal layout
PS3-0689,BoardBypass7,PS3-0689 · Separate board bypass package study007,Mainboard,metal,1,0.7900287595947431,1.7000000000000028,0.8499999999999943,0.5500000000000007,Schematic internal layout
PS3-0690,BoardBypass8,PS3-0690 · Separate board bypass package study008,Mainboard,metal,1,0.7900287595947431,1.7000000000000028,0.8499999999999943,0.5500000000000007,Schematic internal layout
PS3-0691,BoardBypass9,PS3-0691 · Separate board bypass package study009,Mainboard,metal,1,0.7900287595947431,1.7000000000000028,0.8499999999999943,0.5500000000000007,Schematic internal layout
PS3-0692,BoardBypass10,PS3-0692 · Separate board bypass package study010,Mainboard,metal,1,0.7900287595947427,1.6999999999999993,0.8499999999999943,0.5500000000000007,Schematic internal layout
PS3-0693,BoardBypass11,PS3-0693 · Separate board bypass package study011,Mainboard,metal,1,0.7900287595947427,1.6999999999999997,0.8499999999999943,0.5500000000000007,Schematic internal layout
PS3-0694,BoardBypass12,PS3-0694 · Separate board bypass package study012,Mainboard,metal,1,0.790028759594743,1.700000000000001,0.8499999999999943,0.5500000000000007,Schematic internal layout
PS3-0695,BoardBypass13,PS3-0695 · Separate board bypass package study013,Mainboard,metal,1,0.7900287595947432,1.7000000000000028,0.8499999999999943,0.5500000000000007,Schematic internal layout
PS3-0696,BoardBypass14,PS3-0696 · Separate board bypass package study014,Mainboard,metal,1,0.7900287595947431,1.7000000000000028,0.8499999999999943,0.5500000000000007,Schematic internal layout
PS3-0697,BoardBypass15,PS3-0697 · Separate board bypass package study015,Mainboard,metal,1,0.790028759594743,1.7000000000000028,0.8499999999999943,0.5500000000000007,Schematic internal layout
PS3-0698,BoardBypass16,PS3-0698 · Separate board bypass package study016,Mainboard,metal,1,0.7900287595947422,1.6999999999999957,0.8499999999999943,0.5500000000000007,Schematic internal layout
PS3-0699,BoardBypass17,PS3-0699 · Separate board bypass package study017,Mainboard,metal,1,0.7900287595947412,1.6999999999999886,0.8499999999999943,0.5500000000000007,Schematic internal layout
PS3-0700,BoardBypass18,PS3-0700 · Separate board bypass package study018,Mainboard,metal,1,0.7900287595947412,1.6999999999999886,0.8499999999999943,0.5500000000000007,Schematic internal layout
PS3-0701,BoardBypass19,PS3-0701 · Separate board bypass package study019,Mainboard,metal,1,0.7900287595947412,1.6999999999999886,0.8499999999999943,0.5500000000000007,Schematic internal layout
PS3-0702,BoardBypass20,PS3-0702 · Separate board bypass package study020,Mainboard,metal,1,0.7900287595947412,1.6999999999999886,0.8499999999999943,0.5500000000000007,Schematic internal layout
PS3-0703,BoardBypass21,PS3-0703 · Separate board bypass package study021,Mainboard,metal,1,0.7900287595947412,1.6999999999999886,0.8499999999999943,0.5500000000000007,Schematic internal layout
PS3-0704,BoardBypass22,PS3-0704 · Separate board bypass package study022,Mainboard,metal,1,0.7900287595947411,1.6999999999999886,0.8499999999999943,0.5500000000000007,Schematic internal layout
PS3-0705,BoardBypass23,PS3-0705 · Separate board bypass package study023,Mainboard,metal,1,0.7900287595947412,1.6999999999999886,0.8499999999999943,0.5500000000000007,Schematic internal layout
PS3-0706,BoardBypass24,PS3-0706 · Separate board bypass package study024,Mainboard,metal,1,0.7900287595947412,1.6999999999999886,0.8499999999999943,0.5500000000000007,Schematic internal layout
PS3-0707,BoardBypass25,PS3-0707 · Separate board bypass package study025,Mainboard,metal,1,0.7900287595947411,1.6999999999999886,0.8499999999999943,0.5500000000000007,Schematic internal layout
PS3-0708,BoardBypass26,PS3-0708 · Separate board bypass package study026,Mainboard,metal,1,0.7900287595947428,1.7000000000000028,0.8499999999999943,0.5500000000000007,Schematic internal layout
PS3-0709,BoardBypass27,PS3-0709 · Separate board bypass package study027,Mainboard,metal,1,0.7900287595947432,1.7000000000000028,0.8499999999999943,0.5500000000000007,Schematic internal layout
PS3-0710,BoardBypass28,PS3-0710 · Separate board bypass package study028,Mainboard,metal,1,0.7900287595947431,1.7000000000000028,0.8499999999999943,0.5500000000000007,Schematic internal layout
PS3-0711,BoardBypass29,PS3-0711 · Separate board bypass package study029,Mainboard,metal,1,0.7900287595947431,1.7000000000000028,0.8499999999999943,0.5500000000000007,Schematic internal layout
PS3-0712,BoardBypass30,PS3-0712 · Separate board bypass package study030,Mainboard,metal,1,0.7900287595947424,1.6999999999999993,0.8499999999999943,0.5500000000000007,Schematic internal layout
PS3-0713,BoardBypass31,PS3-0713 · Separate board bypass package study031,Mainboard,metal,1,0.7900287595947427,1.6999999999999997,0.8499999999999943,0.5500000000000007,Schematic internal layout
PS3-0714,BoardBypass32,PS3-0714 · Separate board bypass package study032,Mainboard,metal,1,0.7900287595947428,1.700000000000001,0.8499999999999943,0.5500000000000007,Schematic internal layout
PS3-0715,BoardBypass33,PS3-0715 · Separate board bypass package study033,Mainboard,metal,1,0.7900287595947431,1.7000000000000028,0.8499999999999943,0.5500000000000007,Schematic internal layout
PS3-0716,BoardBypass34,PS3-0716 · Separate board bypass package study034,Mainboard,metal,1,0.7900287595947431,1.7000000000000028,0.8499999999999943,0.5500000000000007,Schematic internal layout
PS3-0717,BoardBypass35,PS3-0717 · Separate board bypass package study035,Mainboard,metal,1,0.7900287595947432,1.7000000000000028,0.8499999999999943,0.5500000000000007,Schematic internal layout
PS3-0718,BoardBypass36,PS3-0718 · Separate board bypass package study036,Mainboard,metal,1,0.790028759594742,1.6999999999999957,0.8499999999999943,0.5500000000000007,Schematic internal layout
PS3-0719,BoardBypass37,PS3-0719 · Separate board bypass package study037,Mainboard,metal,1,0.7900287595947412,1.6999999999999886,0.8499999999999943,0.5500000000000007,Schematic internal layout
PS3-0720,BoardBypass38,PS3-0720 · Separate board bypass package study038,Mainboard,metal,1,0.7900287595947412,1.6999999999999886,0.8499999999999943,0.5500000000000007,Schematic internal layout
PS3-0721,BoardBypass39,PS3-0721 · Separate board bypass package study039,Mainboard,metal,1,0.7900287595947412,1.6999999999999886,0.8499999999999943,0.5500000000000007,Schematic internal layout
PS3-0722,BoardBypass40,PS3-0722 · Separate board bypass package study040,Mainboard,metal,1,0.7900287595947411,1.6999999999999886,0.8499999999999943,0.5500000000000007,Schematic internal layout
PS3-0723,BoardBypass41,PS3-0723 · Separate board bypass package study041,Mainboard,metal,1,0.7900287595947411,1.6999999999999886,0.8499999999999943,0.5500000000000007,Schematic internal layout
PS3-0724,BoardBypass42,PS3-0724 · Separate board bypass package study042,Mainboard,metal,1,0.790028759594741,1.6999999999999886,0.8500000000000085,0.5500000000000007,Schematic internal layout
PS3-0725,BoardBypass43,PS3-0725 · Separate board bypass package study043,Mainboard,metal,1,0.7900287595947411,1.6999999999999886,0.8500000000000085,0.5500000000000007,Schematic internal layout
PS3-0726,BoardBypass44,PS3-0726 · Separate board bypass package study044,Mainboard,metal,1,0.7900287595947411,1.6999999999999886,0.8500000000000085,0.5500000000000007,Schematic internal layout
PS3-0727,BoardBypass45,PS3-0727 · Separate board bypass package study045,Mainboard,metal,1,0.790028759594741,1.6999999999999886,0.8500000000000085,0.5500000000000007,Schematic internal layout
PS3-0728,BoardBypass46,PS3-0728 · Separate board bypass package study046,Mainboard,metal,1,0.790028759594741,1.6999999999999886,0.8500000000000085,0.5500000000000007,Schematic internal layout
PS3-0729,BoardBypass47,PS3-0729 · Separate board bypass package study047,Mainboard,metal,1,0.7900287595947411,1.6999999999999886,0.8500000000000085,0.5500000000000007,Schematic internal layout
PS3-0730,BoardBypass48,PS3-0730 · Separate board bypass package study048,Mainboard,metal,1,0.7900287595947428,1.7000000000000028,0.8500000000000085,0.5500000000000007,Schematic internal layout
PS3-0731,BoardBypass49,PS3-0731 · Separate board bypass package study049,Mainboard,metal,1,0.7900287595947432,1.7000000000000028,0.8500000000000085,0.5500000000000007,Schematic internal layout
PS3-0732,BoardBypass50,PS3-0732 · Separate board bypass package study050,Mainboard,metal,1,0.7900287595947431,1.7000000000000028,0.8500000000000085,0.5500000000000007,Schematic internal layout
PS3-0733,BoardBypass51,PS3-0733 · Separate board bypass package study051,Mainboard,metal,1,0.7900287595947431,1.7000000000000028,0.8500000000000085,0.5500000000000007,Schematic internal layout
PS3-0734,BoardBypass52,PS3-0734 · Separate board bypass package study052,Mainboard,metal,1,0.7900287595947424,1.6999999999999993,0.8500000000000085,0.5500000000000007,Schematic internal layout
PS3-0735,BoardBypass53,PS3-0735 · Separate board bypass package study053,Mainboard,metal,1,0.7900287595947427,1.6999999999999997,0.8500000000000085,0.5500000000000007,Schematic internal layout
PS3-0736,BoardBypass54,PS3-0736 · Separate board bypass package study054,Mainboard,metal,1,0.7900287595947428,1.700000000000001,0.8500000000000085,0.5500000000000007,Schematic internal layout
PS3-0737,BoardBypass55,PS3-0737 · Separate board bypass package study055,Mainboard,metal,1,0.7900287595947431,1.7000000000000028,0.8500000000000085,0.5500000000000007,Schematic internal layout
PS3-0738,BoardBypass56,PS3-0738 · Separate board bypass package study056,Mainboard,metal,1,0.7900287595947431,1.7000000000000028,0.8500000000000085,0.5500000000000007,Schematic internal layout
PS3-0739,BoardBypass57,PS3-0739 · Separate board bypass package study057,Mainboard,metal,1,0.790028759594743,1.7000000000000028,0.8500000000000085,0.5500000000000007,Schematic internal layout
PS3-0740,BoardBypass58,PS3-0740 · Separate board bypass package study058,Mainboard,metal,1,0.790028759594742,1.6999999999999957,0.8500000000000085,0.5500000000000007,Schematic internal layout
PS3-0741,BoardBypass59,PS3-0741 · Separate board bypass package study059,Mainboard,metal,1,0.790028759594741,1.6999999999999886,0.8500000000000085,0.5500000000000007,Schematic internal layout
PS3-0742,BoardBypass60,PS3-0742 · Separate board bypass package study060,Mainboard,metal,1,0.790028759594741,1.6999999999999886,0.8500000000000085,0.5500000000000007,Schematic internal layout
PS3-0743,BoardBypass61,PS3-0743 · Separate board bypass package study061,Mainboard,metal,1,0.790028759594741,1.6999999999999886,0.8500000000000085,0.5500000000000007,Schematic internal layout
PS3-0744,BoardBypass62,PS3-0744 · Separate board bypass package study062,Mainboard,metal,1,0.7900287595947411,1.6999999999999886,0.8500000000000085,0.5500000000000007,Schematic internal layout
PS3-0745,BoardBypass63,PS3-0745 · Separate board bypass package study063,Mainboard,metal,1,0.7900287595947411,1.6999999999999886,0.8500000000000085,0.5500000000000007,Schematic internal layout
PS3-0746,BoardBypass64,PS3-0746 · Separate board bypass package study064,Mainboard,metal,1,0.790028759594741,1.6999999999999886,0.8500000000000085,0.5500000000000007,Schematic internal layout
PS3-0747,BoardBypass65,PS3-0747 · Separate board bypass package study065,Mainboard,metal,1,0.7900287595947411,1.6999999999999886,0.8500000000000085,0.5500000000000007,Schematic internal layout
PS3-0748,BoardBypass66,PS3-0748 · Separate board bypass package study066,Mainboard,metal,1,0.7900287595947411,1.6999999999999886,0.8500000000000085,0.5500000000000007,Schematic internal layout
PS3-0749,BoardBypass67,PS3-0749 · Separate board bypass package study067,Mainboard,metal,1,0.790028759594741,1.6999999999999886,0.8500000000000085,0.5500000000000007,Schematic internal layout
PS3-0750,BoardBypass68,PS3-0750 · Separate board bypass package study068,Mainboard,metal,1,0.790028759594741,1.6999999999999886,0.8500000000000085,0.5500000000000007,Schematic internal layout
PS3-0751,BoardBypass69,PS3-0751 · Separate board bypass package study069,Mainboard,metal,1,0.7900287595947411,1.6999999999999886,0.8500000000000085,0.5500000000000007,Schematic internal layout
PS3-0752,BoardBypass70,PS3-0752 · Separate board bypass package study070,Mainboard,metal,1,0.7900287595947428,1.7000000000000028,0.8500000000000085,0.5500000000000007,Schematic internal layout
PS3-0753,BoardBypass71,PS3-0753 · Separate board bypass package study071,Mainboard,metal,1,0.7900287595947432,1.7000000000000028,0.8500000000000085,0.5500000000000007,Schematic internal layout
PS3-0754,BoardBypass72,PS3-0754 · Separate board bypass package study072,Mainboard,metal,1,0.7900287595947431,1.7000000000000028,0.8500000000000085,0.5500000000000007,Schematic internal layout
PS3-0755,BoardBypass73,PS3-0755 · Separate board bypass package study073,Mainboard,metal,1,0.7900287595947431,1.7000000000000028,0.8500000000000085,0.5500000000000007,Schematic internal layout
PS3-0756,BoardBypass74,PS3-0756 · Separate board bypass package study074,Mainboard,metal,1,0.7900287595947424,1.6999999999999993,0.8500000000000085,0.5500000000000007,Schematic internal layout
PS3-0757,BoardBypass75,PS3-0757 · Separate board bypass package study075,Mainboard,metal,1,0.7900287595947427,1.6999999999999997,0.8500000000000085,0.5500000000000007,Schematic internal layout
PS3-0758,BoardBypass76,PS3-0758 · Separate board bypass package study076,Mainboard,metal,1,0.7900287595947428,1.700000000000001,0.8500000000000085,0.5500000000000007,Schematic internal layout
PS3-0759,BoardBypass77,PS3-0759 · Separate board bypass package study077,Mainboard,metal,1,0.7900287595947431,1.7000000000000028,0.8500000000000085,0.5500000000000007,Schematic internal layout
PS3-0760,BoardBypass78,PS3-0760 · Separate board bypass package study078,Mainboard,metal,1,0.7900287595947431,1.7000000000000028,0.8500000000000085,0.5500000000000007,Schematic internal layout
PS3-0761,BoardBypass79,PS3-0761 · Separate board bypass package study079,Mainboard,metal,1,0.790028759594743,1.7000000000000028,0.8500000000000085,0.5500000000000007,Schematic internal layout
PS3-0762,BoardBypass80,PS3-0762 · Separate board bypass package study080,Mainboard,metal,1,0.790028759594742,1.6999999999999957,0.8500000000000085,0.5500000000000007,Schematic internal layout
PS3-0763,BoardBypass81,PS3-0763 · Separate board bypass package study081,Mainboard,metal,1,0.790028759594741,1.6999999999999886,0.8500000000000085,0.5500000000000007,Schematic internal layout
PS3-0764,BoardBypass82,PS3-0764 · Separate board bypass package study082,Mainboard,metal,1,0.790028759594741,1.6999999999999886,0.8500000000000085,0.5500000000000007,Schematic internal layout
PS3-0765,BoardBypass83,PS3-0765 · Separate board bypass package study083,Mainboard,metal,1,0.790028759594741,1.6999999999999886,0.8500000000000085,0.5500000000000007,Schematic internal layout
PS3-0766,BoardBypass84,PS3-0766 · Separate board bypass package study084,Mainboard,metal,1,0.7900287595947411,1.6999999999999886,0.8500000000000085,0.5500000000000007,Schematic internal layout
PS3-0767,BoardBypass85,PS3-0767 · Separate board bypass package study085,Mainboard,metal,1,0.7900287595947411,1.6999999999999886,0.8500000000000085,0.5500000000000007,Schematic internal layout
PS3-0768,USBBoardPin0_0,PS3-0768 · Independent USB terminal riser to the motherboard,FrontIO,metal,1,0.9460464411846051,0.28000000000000114,0.28000000000000114,12.119999999999997,Schematic internal layout
PS3-0769,USBPad0_0,PS3-0769 · USB through-hole solder annulus study,Mainboard,gold,1,0.015032520847427367,0.9799999999999898,0.9799999999999898,0.05000000000000071,Schematic internal layout
PS3-0770,USBBoardPin0_1,PS3-0770 · Independent USB terminal riser to the motherboard001,FrontIO,metal,1,0.946046441184605,0.28000000000000114,0.28000000000000114,12.119999999999997,Schematic internal layout
PS3-0771,USBPad0_1,PS3-0771 · USB through-hole solder annulus study001,Mainboard,gold,1,0.015032520847427367,0.9799999999999898,0.9799999999999898,0.05000000000000071,Schematic internal layout
PS3-0772,USBBoardPin0_2,PS3-0772 · Independent USB terminal riser to the motherboard002,FrontIO,metal,1,0.946046441184605,0.28000000000000114,0.28000000000000114,12.119999999999997,Schematic internal layout
PS3-0773,USBPad0_2,PS3-0773 · USB through-hole solder annulus study002,Mainboard,gold,1,0.015032520847427367,0.9799999999999898,0.9799999999999898,0.05000000000000071,Schematic internal layout
PS3-0774,USBBoardPin0_3,PS3-0774 · Independent USB terminal riser to the motherboard003,FrontIO,metal,1,0.946046441184605,0.28000000000000114,0.28000000000000114,12.119999999999997,Schematic internal layout
PS3-0775,USBPad0_3,PS3-0775 · USB through-hole solder annulus study003,Mainboard,gold,1,0.015032520847427367,0.9799999999999898,0.9799999999999898,0.05000000000000071,Schematic internal layout
PS3-0776,USBBoardPin1_0,PS3-0776 · Independent USB terminal riser to the motherboard004,FrontIO,metal,1,0.946046441184605,0.28000000000000114,0.28000000000000114,12.119999999999997,Schematic internal layout
PS3-0777,USBPad1_0,PS3-0777 · USB through-hole solder annulus study004,Mainboard,gold,1,0.015032520847427367,0.9799999999999898,0.9799999999999898,0.05000000000000071,Schematic internal layout
PS3-0778,USBBoardPin1_1,PS3-0778 · Independent USB terminal riser to the motherboard005,FrontIO,metal,1,0.9460464411846049,0.28000000000000114,0.28000000000000114,12.119999999999997,Schematic internal layout
PS3-0779,USBPad1_1,PS3-0779 · USB through-hole solder annulus study005,Mainboard,gold,1,0.015032520847427367,0.9799999999999898,0.9799999999999898,0.05000000000000071,Schematic internal layout
PS3-0780,USBBoardPin1_2,PS3-0780 · Independent USB terminal riser to the motherboard006,FrontIO,metal,1,0.9460464411846051,0.28000000000000114,0.28000000000000114,12.119999999999997,Schematic internal layout
PS3-0781,USBPad1_2,PS3-0781 · USB through-hole solder annulus study006,Mainboard,gold,1,0.015032520847427367,0.9799999999999898,0.9799999999999898,0.05000000000000071,Schematic internal layout
PS3-0782,USBBoardPin1_3,PS3-0782 · Independent USB terminal riser to the motherboard007,FrontIO,metal,1,0.946046441184605,0.28000000000000114,0.28000000000000114,12.119999999999997,Schematic internal layout
PS3-0783,USBPad1_3,PS3-0783 · USB through-hole solder annulus study007,Mainboard,gold,1,0.015032520847427367,0.9799999999999898,0.9799999999999898,0.05000000000000071,Schematic internal layout
PS3-0784,USBBoardPin2_0,PS3-0784 · Independent USB terminal riser to the motherboard008,FrontIO,metal,1,0.946046441184605,0.28000000000000114,0.28000000000000114,12.119999999999997,Schematic internal layout
PS3-0785,USBPad2_0,PS3-0785 · USB through-hole solder annulus study008,Mainboard,gold,1,0.015032520847427367,0.9799999999999898,0.9799999999999898,0.05000000000000071,Schematic internal layout
PS3-0786,USBBoardPin2_1,PS3-0786 · Independent USB terminal riser to the motherboard009,FrontIO,metal,1,0.946046441184605,0.28000000000000114,0.28000000000000114,12.119999999999997,Schematic internal layout
PS3-0787,USBPad2_1,PS3-0787 · USB through-hole solder annulus study009,Mainboard,gold,1,0.015032520847427367,0.9799999999999898,0.9799999999999898,0.05000000000000071,Schematic internal layout
PS3-0788,USBBoardPin2_2,PS3-0788 · Independent USB terminal riser to the motherboard010,FrontIO,metal,1,0.946046441184605,0.28000000000000114,0.28000000000000114,12.119999999999997,Schematic internal layout
PS3-0789,USBPad2_2,PS3-0789 · USB through-hole solder annulus study010,Mainboard,gold,1,0.015032520847427367,0.9799999999999898,0.9799999999999898,0.05000000000000071,Schematic internal layout
PS3-0790,USBBoardPin2_3,PS3-0790 · Independent USB terminal riser to the motherboard011,FrontIO,metal,1,0.946046441184605,0.28000000000000114,0.28000000000000114,12.119999999999997,Schematic internal layout
PS3-0791,USBPad2_3,PS3-0791 · USB through-hole solder annulus study011,Mainboard,gold,1,0.015032520847427367,0.9799999999999898,0.9799999999999898,0.05000000000000071,Schematic internal layout
PS3-0792,USBBoardPin3_0,PS3-0792 · Independent USB terminal riser to the motherboard012,FrontIO,metal,1,0.9460464411846051,0.28000000000000114,0.28000000000000114,12.119999999999997,Schematic internal layout
PS3-0793,USBPad3_0,PS3-0793 · USB through-hole solder annulus study012,Mainboard,gold,1,0.01503252084742732,0.980000000000004,0.9799999999999898,0.05000000000000071,Schematic internal layout
PS3-0794,USBBoardPin3_1,PS3-0794 · Independent USB terminal riser to the motherboard013,FrontIO,metal,1,0.946046441184605,0.28000000000000114,0.28000000000000114,12.119999999999997,Schematic internal layout
PS3-0795,USBPad3_1,PS3-0795 · USB through-hole solder annulus study013,Mainboard,gold,1,0.01503252084742732,0.980000000000004,0.9799999999999898,0.05000000000000071,Schematic internal layout
PS3-0796,USBBoardPin3_2,PS3-0796 · Independent USB terminal riser to the motherboard014,FrontIO,metal,1,0.946046441184605,0.28000000000000114,0.28000000000000114,12.119999999999997,Schematic internal layout
PS3-0797,USBPad3_2,PS3-0797 · USB through-hole solder annulus study014,Mainboard,gold,1,0.01503252084742732,0.980000000000004,0.9799999999999898,0.05000000000000071,Schematic internal layout
PS3-0798,USBBoardPin3_3,PS3-0798 · Independent USB terminal riser to the motherboard015,FrontIO,metal,1,0.946046441184605,0.28000000000000114,0.28000000000000114,12.119999999999997,Schematic internal layout
PS3-0799,USBPad3_3,PS3-0799 · USB through-hole solder annulus study015,Mainboard,gold,1,0.01503252084742732,0.980000000000004,0.9799999999999898,0.05000000000000071,Schematic internal layout
PS3-0800,WirelessPCB,PS3-0800 · Separate launch-family wireless assembly board001,Wireless,pcb,1,4727.967611743083,99.0,40.0,1.2000000000000028,Published approximate body envelope; photo-estimated local curves and details
PS3-0801,WirelessPost0,PS3-0801 · Wireless board mounting spacer,Wireless,black,1,39.81497449527023,4.6000000000000085,4.599999999999994,3.3999999999999986,Schematic internal layout
PS3-0802,WirelessScrew0,PS3-0802 · Cross-head fastener004,Wireless,metal,1,8.68602047702965,3.6000000000000085,3.5999999999999943,4.829999999999998,Schematic internal layout
PS3-0803,WirelessPost1,PS3-0803 · Wireless board mounting spacer001,Wireless,black,1,39.814974495270256,4.599999999999994,4.599999999999994,3.3999999999999986,Schematic internal layout
PS3-0804,WirelessScrew1,PS3-0804 · Cross-head fastener005,Wireless,metal,1,8.686020477029652,3.5999999999999943,3.5999999999999943,4.829999999999998,Schematic internal layout
PS3-0805,WirelessPost2,PS3-0805 · Wireless board mounting spacer002,Wireless,black,1,39.81497449527021,4.600000000000023,4.599999999999994,3.3999999999999986,Schematic internal layout
PS3-0806,WirelessScrew2,PS3-0806 · Cross-head fastener006,Wireless,metal,1,8.686020477029654,3.6000000000000085,3.5999999999999943,4.829999999999998,Schematic internal layout
PS3-0807,WirelessPost3,PS3-0807 · Wireless board mounting spacer003,Wireless,black,1,39.81497449527025,4.599999999999994,4.599999999999994,3.3999999999999986,Schematic internal layout
PS3-0808,WirelessScrew3,PS3-0808 · Cross-head fastener007,Wireless,metal,1,8.686020477029652,3.5999999999999943,3.5999999999999943,4.829999999999998,Schematic internal layout
PS3-0809,WirelessChip,PS3-0809 · WLAN / Bluetooth package study,Wireless,black,1,236.4918406743522,13.0,13.0,1.3999999999999986,Schematic internal layout
PS3-0810,WirelessMemory,PS3-0810 · Wireless control memory study,Wireless,black,1,84.66223007675802,11.0,7.0,1.1000000000000014,Schematic internal layout
PS3-0811,WirelessCrystal,PS3-0811 · Wireless module crystal,Wireless,metal,1,41.793982236861545,7.0,4.0,1.5,Schematic internal layout
PS3-0812,WirelessShieldFrame,PS3-0812 · Separate RF shield wall,Wireless,metal,1,549.4077868423383,62.0,27.0,4.5,Schematic internal layout
PS3-0813,WirelessShieldLid,PS3-0813 · Removable RF shield lid,Wireless,metal,1,585.5995574287572,62.0,27.0,0.3500000000000014,Schematic internal layout
PS3-0814,WirelessFFCContact0,PS3-0814 · Separate wireless FFC contact,Wireless,gold,1,0.14244849555921507,0.25,3.8000000000000114,0.14999999999999858,Schematic internal layout
PS3-0815,WirelessFFCContact1,PS3-0815 · Separate wireless FFC contact001,Wireless,gold,1,0.14244849555921507,0.25,3.8000000000000114,0.14999999999999858,Schematic internal layout
PS3-0816,WirelessFFCContact2,PS3-0816 · Separate wireless FFC contact002,Wireless,gold,1,0.14244849555921507,0.25,3.8000000000000114,0.14999999999999858,Schematic internal layout
PS3-0817,WirelessFFCContact3,PS3-0817 · Separate wireless FFC contact003,Wireless,gold,1,0.14244849555921504,0.25,3.8000000000000114,0.14999999999999858,Schematic internal layout
PS3-0818,WirelessFFCContact4,PS3-0818 · Separate wireless FFC contact004,Wireless,gold,1,0.14244849555921507,0.25,3.8000000000000114,0.14999999999999858,Schematic internal layout
PS3-0819,WirelessFFCContact5,PS3-0819 · Separate wireless FFC contact005,Wireless,gold,1,0.14244849555921507,0.25,3.8000000000000114,0.14999999999999858,Schematic internal layout
PS3-0820,WirelessFFCContact6,PS3-0820 · Separate wireless FFC contact006,Wireless,gold,1,0.14244849555921504,0.25,3.8000000000000114,0.14999999999999858,Schematic internal layout
PS3-0821,WirelessFFCContact7,PS3-0821 · Separate wireless FFC contact007,Wireless,gold,1,0.14244849555921504,0.25,3.8000000000000114,0.14999999999999858,Schematic internal layout
PS3-0822,WirelessFFCContact8,PS3-0822 · Separate wireless FFC contact008,Wireless,gold,1,0.14244849555921504,0.25,3.8000000000000114,0.14999999999999858,Schematic internal layout
PS3-0823,WirelessFFCContact9,PS3-0823 · Separate wireless FFC contact009,Wireless,gold,1,0.14244849555921504,0.25,3.8000000000000114,0.14999999999999858,Schematic internal layout
PS3-0824,WirelessFFCContact10,PS3-0824 · Separate wireless FFC contact010,Wireless,gold,1,0.14244849555921507,0.25,3.8000000000000114,0.14999999999999858,Schematic internal layout
PS3-0825,WirelessFFCContact11,PS3-0825 · Separate wireless FFC contact011,Wireless,gold,1,0.14244849555921507,0.25,3.8000000000000114,0.14999999999999858,Schematic internal layout
PS3-0826,WirelessFFCContact12,PS3-0826 · Separate wireless FFC contact012,Wireless,gold,1,0.14244849555921504,0.25,3.8000000000000114,0.14999999999999858,Schematic internal layout
PS3-0827,WirelessFFCContact13,PS3-0827 · Separate wireless FFC contact013,Wireless,gold,1,0.14244849555921507,0.25,3.8000000000000114,0.14999999999999858,Schematic internal layout
PS3-0828,WirelessFFCContact14,PS3-0828 · Separate wireless FFC contact014,Wireless,gold,1,0.14244849555921504,0.25,3.8000000000000114,0.14999999999999858,Schematic internal layout
PS3-0829,WirelessFFCContact15,PS3-0829 · Separate wireless FFC contact015,Wireless,gold,1,0.14244849555921507,0.25,3.8000000000000114,0.14999999999999858,Schematic internal layout
PS3-0830,WirelessFFCContact16,PS3-0830 · Separate wireless FFC contact016,Wireless,gold,1,0.14244849555921507,0.25,3.8000000000000114,0.14999999999999858,Schematic internal layout
PS3-0831,WirelessFFCContact17,PS3-0831 · Separate wireless FFC contact017,Wireless,gold,1,0.14244849555921504,0.25,3.8000000000000114,0.14999999999999858,Schematic internal layout
PS3-0832,WirelessCoaxSocket,PS3-0832 · Wireless board coaxial socket,Wireless,metal,1,10.254158421317088,3.1999999999999886,3.1999999999999886,1.7000000000000028,Schematic internal layout
PS3-0833,AntennaPCB,PS3-0833 · Separate small RF antenna carrier001,Wireless,pcb,1,202.7780532894154,9.0,23.0,1.0,Published approximate body envelope; photo-estimated local curves and details
PS3-0834,AntennaScrew,PS3-0834 · Cross-head fastener008,Wireless,metal,1,6.874578152969775,3.6000000000000227,3.5999999999999943,3.3299999999999983,Schematic internal layout
PS3-0835,AntennaFoil,PS3-0835 · Separate antenna foil study,Wireless,gold,1,5.750729200658729,6.0,8.0,0.11999999999999744,Schematic internal layout
PS3-0836,ControlPCB,PS3-0836 · Original power and eject touch-control board study,Controls,pcb,1,499.1415926535898,50.0,10.0,1.0,Published approximate body envelope; photo-estimated local curves and details
PS3-0837,TouchController0,PS3-0837 · Touch-control sensing package study,Controls,black,1,21.94098449493431,5.0,4.0,1.1000000000000014,Schematic internal layout
PS3-0838,TouchCopper0,PS3-0838 · Separate capacitive sensing electrode study,Controls,gold,1,2.2338194671058305,7.0,4.0,0.0799999999999983,Schematic internal layout
PS3-0839,TouchController1,PS3-0839 · Touch-control sensing package study001,Controls,black,1,21.94098449493431,5.0,4.0,1.1000000000000014,Schematic internal layout
PS3-0840,TouchCopper1,PS3-0840 · Separate capacitive sensing electrode study001,Controls,gold,1,2.2338194671058305,7.0,4.0,0.0799999999999983,Schematic internal layout
PS3-0841,FanRotor,"PS3-0841 · Nineteen curved vanes: selected fan study, not all production variants",Cooling,black,1,22592.41657426092,146.29962101590843,146.57228302871613,13.2,Schematic internal layout
PS3-0842,FanStator,PS3-0842 · Separate fan stator and bearing envelope,Cooling,metal,1,9878.9957098107,33.0,33.0,11.8,Schematic internal layout
PS3-0843,FanAxle,PS3-0843 · Fan rotor shaft,Cooling,metal,1,157.07963267948963,4.0,4.0,12.5,Schematic internal layout
PS3-0844,FanLug0,PS3-0844 · Independent fan mounting ear study,Cooling,black,1,39.81026210628987,7.0,7.0,1.2000000000000002,Schematic internal layout
PS3-0845,FanScrew0,PS3-0845 · Cross-head fastener009,Cooling,metal,1,7.072827690804698,4.0,4.0,2.830000000000001,Schematic internal layout
PS3-0846,FanLug1,PS3-0846 · Independent fan mounting ear study001,Cooling,black,1,39.81026210628986,7.0,7.0,1.2000000000000002,Schematic internal layout
PS3-0847,FanScrew1,PS3-0847 · Cross-head fastener010,Cooling,metal,1,7.072827690804696,4.0,4.0,2.830000000000001,Schematic internal layout
PS3-0848,FanLug2,PS3-0848 · Independent fan mounting ear study002,Cooling,black,1,39.81026210628986,7.0,7.0,1.2000000000000002,Schematic internal layout
PS3-0849,FanScrew2,PS3-0849 · Cross-head fastener011,Cooling,metal,1,7.072827690804697,4.0,4.0,2.830000000000001,Schematic internal layout
PS3-0850,CellThermal,PS3-0850 · Separate processor thermal interface layer study,Cooling,thermal,1,268.93802477193196,41.0,41.0,0.16000000000000014,Schematic internal layout
PS3-0851,RSXThermal,PS3-0851 · Separate processor thermal interface layer study001,Cooling,thermal,1,353.418024771932,47.0,47.0,0.16000000000000014,Schematic internal layout
PS3-0852,HeatPipe0,PS3-0852 · Independent sealed heat-pipe envelope study,Cooling,copper,1,883.2853112701074,3.0000002000000023,123.0,8.500000200000004,Schematic internal layout
PS3-0853,HeatPipe1,PS3-0853 · Independent sealed heat-pipe envelope study001,Cooling,copper,1,883.2853112701075,3.0000002000000023,123.0,8.500000200000004,Schematic internal layout
PS3-0854,HeatPipe2,PS3-0854 · Independent sealed heat-pipe envelope study002,Cooling,copper,1,883.2853112701075,3.0000002000000023,123.0,8.500000200000004,Schematic internal layout
PS3-0855,HeatPipe3,PS3-0855 · Independent sealed heat-pipe envelope study003,Cooling,copper,1,883.2853112701074,3.0000002000000023,123.0,8.500000200000004,Schematic internal layout
PS3-0856,FanFrame,PS3-0856 · Large original-family cooling fan frame study001,Cooling,black,1,14131.142699051357,155.0000002,155.0000002,14.70000020000072,Schematic internal layout
PS3-0857,CellColdplate,PS3-0857 · Cell copper heat-spreader001,Cooling,copper,1,4590.254165204993,43.0,43.0,2.650000000000002,Published approximate body envelope; photo-estimated local curves and details
PS3-0858,RSXColdplate,PS3-0858 · RSX copper heat-spreader001,Cooling,copper,1,6028.468480778829,49.0,49.0,2.6500000000000057,Published approximate body envelope; photo-estimated local curves and details
PS3-0859,CoolingFin0,PS3-0859 · Independent rear heat-exchanger lamella,Cooling,metal,1,144.3199999999969,0.3199999999999932,22.0,20.5,Schematic internal layout
PS3-0860,CoolingFin1,PS3-0860 · Independent rear heat-exchanger lamella001,Cooling,metal,1,144.3199999999969,0.3199999999999932,22.0,20.5,Schematic internal layout
PS3-0861,CoolingFin2,PS3-0861 · Independent rear heat-exchanger lamella002,Cooling,metal,1,144.3199999999969,0.3199999999999932,22.0,20.5,Schematic internal layout
PS3-0862,CoolingFin3,PS3-0862 · Independent rear heat-exchanger lamella003,Cooling,metal,1,144.3199999999969,0.3199999999999932,22.0,20.5,Schematic internal layout
PS3-0863,CoolingFin4,PS3-0863 · Independent rear heat-exchanger lamella004,Cooling,metal,1,144.32000000000005,0.3200000000000003,22.0,20.5,Schematic internal layout
PS3-0864,CoolingFin5,PS3-0864 · Independent rear heat-exchanger lamella005,Cooling,metal,1,144.32000000000005,0.3200000000000003,22.0,20.5,Schematic internal layout
PS3-0865,CoolingFin6,PS3-0865 · Independent rear heat-exchanger lamella006,Cooling,metal,1,144.32000000000005,0.3200000000000003,22.0,20.5,Schematic internal layout
PS3-0866,CoolingFin7,PS3-0866 · Independent rear heat-exchanger lamella007,Cooling,metal,1,144.32000000000005,0.3200000000000003,22.0,20.5,Schematic internal layout
PS3-0867,CoolingFin8,PS3-0867 · Independent rear heat-exchanger lamella008,Cooling,metal,1,144.32000000000005,0.3200000000000003,22.0,20.5,Schematic internal layout
PS3-0868,CoolingFin9,PS3-0868 · Independent rear heat-exchanger lamella009,Cooling,metal,1,130.02256872440688,0.32000000000009265,22.0,20.5,Schematic internal layout
PS3-0869,CoolingFin10,PS3-0869 · Independent rear heat-exchanger lamella010,Cooling,metal,1,131.1723240591512,0.3200000000001424,22.0,20.5,Schematic internal layout
PS3-0870,CoolingFin11,PS3-0870 · Independent rear heat-exchanger lamella011,Cooling,metal,1,144.32000000000005,0.3200000000000003,22.0,20.5,Schematic internal layout
PS3-0871,CoolingFin12,PS3-0871 · Independent rear heat-exchanger lamella012,Cooling,metal,1,144.32000000000005,0.3200000000000003,22.0,20.5,Schematic internal layout
PS3-0872,CoolingFin13,PS3-0872 · Independent rear heat-exchanger lamella013,Cooling,metal,1,144.32000000000005,0.3200000000000003,22.0,20.5,Schematic internal layout
PS3-0873,CoolingFin14,PS3-0873 · Independent rear heat-exchanger lamella014,Cooling,metal,1,144.32000000000005,0.3200000000000003,22.0,20.5,Schematic internal layout
PS3-0874,CoolingFin15,PS3-0874 · Independent rear heat-exchanger lamella015,Cooling,metal,1,144.32000000000005,0.3200000000000003,22.0,20.5,Schematic internal layout
PS3-0875,CoolingFin16,PS3-0875 · Independent rear heat-exchanger lamella016,Cooling,metal,1,144.32000000000005,0.3200000000000003,22.0,20.5,Schematic internal layout
PS3-0876,CoolingFin17,PS3-0876 · Independent rear heat-exchanger lamella017,Cooling,metal,1,144.32000000000005,0.3200000000000003,22.0,20.5,Schematic internal layout
PS3-0877,CoolingFin18,PS3-0877 · Independent rear heat-exchanger lamella018,Cooling,metal,1,144.32000000000005,0.3200000000000003,22.0,20.5,Schematic internal layout
PS3-0878,CoolingFin19,PS3-0878 · Independent rear heat-exchanger lamella019,Cooling,metal,1,144.32000000000005,0.3200000000000003,22.0,20.5,Schematic internal layout
PS3-0879,CoolingFin20,PS3-0879 · Independent rear heat-exchanger lamella020,Cooling,metal,1,144.32000000000005,0.3200000000000003,22.0,20.5,Schematic internal layout
PS3-0880,CoolingFin21,PS3-0880 · Independent rear heat-exchanger lamella021,Cooling,metal,1,144.32000000000005,0.3200000000000003,22.0,20.5,Schematic internal layout
PS3-0881,CoolingFin22,PS3-0881 · Independent rear heat-exchanger lamella022,Cooling,metal,1,144.32000000000005,0.3200000000000003,22.0,20.5,Schematic internal layout
PS3-0882,CoolingFin23,PS3-0882 · Independent rear heat-exchanger lamella023,Cooling,metal,1,126.25761932244711,0.3200000000000074,22.0,20.5,Schematic internal layout
PS3-0883,CoolingFin24,PS3-0883 · Independent rear heat-exchanger lamella024,Cooling,metal,1,144.32000000000005,0.3200000000000003,22.0,20.5,Schematic internal layout
PS3-0884,CoolingFin25,PS3-0884 · Independent rear heat-exchanger lamella025,Cooling,metal,1,144.32000000000005,0.3200000000000003,22.0,20.5,Schematic internal layout
PS3-0885,CoolingFin26,PS3-0885 · Independent rear heat-exchanger lamella026,Cooling,metal,1,144.32000000000005,0.3200000000000003,22.0,20.5,Schematic internal layout
PS3-0886,CoolingFin27,PS3-0886 · Independent rear heat-exchanger lamella027,Cooling,metal,1,144.32000000000005,0.3200000000000003,22.0,20.5,Schematic internal layout
PS3-0887,CoolingFin28,PS3-0887 · Independent rear heat-exchanger lamella028,Cooling,metal,1,144.32000000000005,0.3200000000000003,22.0,20.5,Schematic internal layout
PS3-0888,CoolingFin29,PS3-0888 · Independent rear heat-exchanger lamella029,Cooling,metal,1,144.32000000000005,0.3200000000000003,22.0,20.5,Schematic internal layout
PS3-0889,CoolingFin30,PS3-0889 · Independent rear heat-exchanger lamella030,Cooling,metal,1,144.32000000000005,0.3200000000000003,22.0,20.5,Schematic internal layout
PS3-0890,CoolingFin31,PS3-0890 · Independent rear heat-exchanger lamella031,Cooling,metal,1,144.31999999999994,0.31999999999999984,22.0,20.5,Schematic internal layout
PS3-0891,CoolingFin32,PS3-0891 · Independent rear heat-exchanger lamella032,Cooling,metal,1,144.32,0.32000000000000006,22.0,20.5,Schematic internal layout
PS3-0892,CoolingFin33,PS3-0892 · Independent rear heat-exchanger lamella033,Cooling,metal,1,144.32,0.32000000000000006,22.0,20.5,Schematic internal layout
PS3-0893,CoolingFin34,PS3-0893 · Independent rear heat-exchanger lamella034,Cooling,metal,1,144.31999999999994,0.31999999999999984,22.0,20.5,Schematic internal layout
PS3-0894,CoolingFin35,PS3-0894 · Independent rear heat-exchanger lamella035,Cooling,metal,1,144.32000000000005,0.3200000000000003,22.0,20.5,Schematic internal layout
PS3-0895,CoolingFin36,PS3-0895 · Independent rear heat-exchanger lamella036,Cooling,metal,1,144.32000000000005,0.3200000000000003,22.0,20.5,Schematic internal layout
PS3-0896,CoolingFin37,PS3-0896 · Independent rear heat-exchanger lamella037,Cooling,metal,1,144.32000000000005,0.3200000000000003,22.0,20.5,Schematic internal layout
PS3-0897,CoolingFin38,PS3-0897 · Independent rear heat-exchanger lamella038,Cooling,metal,1,144.32000000000005,0.3200000000000003,22.0,20.5,Schematic internal layout
PS3-0898,CoolingFin39,PS3-0898 · Independent rear heat-exchanger lamella039,Cooling,metal,1,144.32000000000005,0.3200000000000003,22.0,20.5,Schematic internal layout
PS3-0899,CoolingFin40,PS3-0899 · Independent rear heat-exchanger lamella040,Cooling,metal,1,144.32000000000005,0.3200000000000003,22.0,20.5,Schematic internal layout
PS3-0900,CoolingFin41,PS3-0900 · Independent rear heat-exchanger lamella041,Cooling,metal,1,144.32000000000005,0.3200000000000003,22.0,20.5,Schematic internal layout
PS3-0901,CoolingFin42,PS3-0901 · Independent rear heat-exchanger lamella042,Cooling,metal,1,126.71043237036987,0.3200000000000216,22.0,20.5,Schematic internal layout
PS3-0902,CoolingFin43,PS3-0902 · Independent rear heat-exchanger lamella043,Cooling,metal,1,143.38660465013902,0.3200000000000003,22.0,20.5,Schematic internal layout
PS3-0903,CoolingFin44,PS3-0903 · Independent rear heat-exchanger lamella044,Cooling,metal,1,144.32000000000005,0.3200000000000003,22.0,20.5,Schematic internal layout
PS3-0904,CoolingFin45,PS3-0904 · Independent rear heat-exchanger lamella045,Cooling,metal,1,144.32000000000005,0.3200000000000003,22.0,20.5,Schematic internal layout
PS3-0905,CoolingFin46,PS3-0905 · Independent rear heat-exchanger lamella046,Cooling,metal,1,144.32000000000005,0.3200000000000003,22.0,20.5,Schematic internal layout
PS3-0906,CoolingFin47,PS3-0906 · Independent rear heat-exchanger lamella047,Cooling,metal,1,144.32000000000005,0.3200000000000003,22.0,20.5,Schematic internal layout
PS3-0907,CoolingFin48,PS3-0907 · Independent rear heat-exchanger lamella048,Cooling,metal,1,144.32000000000005,0.3200000000000003,22.0,20.5,Schematic internal layout
PS3-0908,CoolingFin49,PS3-0908 · Independent rear heat-exchanger lamella049,Cooling,metal,1,144.32000000000005,0.3200000000000003,22.0,20.5,Schematic internal layout
PS3-0909,CoolingFin50,PS3-0909 · Independent rear heat-exchanger lamella050,Cooling,metal,1,144.32000000000005,0.3200000000000003,22.0,20.5,Schematic internal layout
PS3-0910,CoolingFin51,PS3-0910 · Independent rear heat-exchanger lamella051,Cooling,metal,1,144.32000000000005,0.3200000000000003,22.0,20.5,Schematic internal layout
PS3-0911,CoolingFin52,PS3-0911 · Independent rear heat-exchanger lamella052,Cooling,metal,1,144.32000000000005,0.3200000000000003,22.0,20.5,Schematic internal layout
PS3-0912,CoolingFin53,PS3-0912 · Independent rear heat-exchanger lamella053,Cooling,metal,1,144.32000000000005,0.3200000000000003,22.0,20.5,Schematic internal layout
PS3-0913,CoolingFin54,PS3-0913 · Independent rear heat-exchanger lamella054,Cooling,metal,1,144.32000000000005,0.3200000000000003,22.0,20.5,Schematic internal layout
PS3-0914,CoolingFin55,PS3-0914 · Independent rear heat-exchanger lamella055,Cooling,metal,1,144.32000000000008,0.3200000000000003,22.0,20.5,Schematic internal layout
PS3-0915,CoolingFin56,PS3-0915 · Independent rear heat-exchanger lamella056,Cooling,metal,1,126.4958915909534,0.3200000000000287,22.0,20.5,Schematic internal layout
PS3-0916,CoolingFin57,PS3-0916 · Independent rear heat-exchanger lamella057,Cooling,metal,1,144.32000000000005,0.3200000000000003,22.0,20.5,Schematic internal layout
PS3-0917,CoolingFin58,PS3-0917 · Independent rear heat-exchanger lamella058,Cooling,metal,1,144.32000000000005,0.3200000000000003,22.0,20.5,Schematic internal layout
PS3-0918,CoolingFin59,PS3-0918 · Independent rear heat-exchanger lamella059,Cooling,metal,1,144.32000000000005,0.3200000000000003,22.0,20.5,Schematic internal layout
PS3-0919,CoolingFin60,PS3-0919 · Independent rear heat-exchanger lamella060,Cooling,metal,1,144.32000000000005,0.3200000000000003,22.0,20.5,Schematic internal layout
PS3-0920,CoolingFin61,PS3-0920 · Independent rear heat-exchanger lamella061,Cooling,metal,1,144.32000000000005,0.3200000000000003,22.0,20.5,Schematic internal layout
PS3-0921,CoolingFin62,PS3-0921 · Independent rear heat-exchanger lamella062,Cooling,metal,1,144.3199999999969,0.3199999999999932,22.0,20.5,Schematic internal layout
PS3-0922,CoolingFin63,PS3-0922 · Independent rear heat-exchanger lamella063,Cooling,metal,1,144.3199999999969,0.3199999999999932,22.0,20.5,Schematic internal layout
PS3-0923,CoolingFin64,PS3-0923 · Independent rear heat-exchanger lamella064,Cooling,metal,1,144.3199999999969,0.3199999999999932,22.0,20.5,Schematic internal layout
PS3-0924,CoolingFin65,PS3-0924 · Independent rear heat-exchanger lamella065,Cooling,metal,1,144.3199999999969,0.3199999999999932,22.0,20.5,Schematic internal layout
PS3-0925,CoolingFin66,PS3-0925 · Independent rear heat-exchanger lamella066,Cooling,metal,1,144.3199999999969,0.3199999999999932,22.0,20.5,Schematic internal layout
PS3-0926,CoolingFin67,PS3-0926 · Independent rear heat-exchanger lamella067,Cooling,metal,1,144.3199999999969,0.3199999999999932,22.0,20.5,Schematic internal layout
PS3-0927,CoolingFin68,PS3-0927 · Independent rear heat-exchanger lamella068,Cooling,metal,1,144.3199999999969,0.3199999999999932,22.0,20.5,Schematic internal layout
PS3-0928,CoolingFin69,PS3-0928 · Independent rear heat-exchanger lamella069,Cooling,metal,1,144.3199999999969,0.3199999999999932,22.0,20.5,Schematic internal layout
PS3-0929,CoolingFin70,PS3-0929 · Independent rear heat-exchanger lamella070,Cooling,metal,1,144.3199999999969,0.3199999999999932,22.0,20.5,Schematic internal layout
PS3-0930,CoolingFin71,PS3-0930 · Independent rear heat-exchanger lamella071,Cooling,metal,1,144.3199999999969,0.3199999999999932,22.0,20.5,Schematic internal layout
PS3-0931,CoolingFin72,PS3-0931 · Independent rear heat-exchanger lamella072,Cooling,metal,1,144.3199999999969,0.3199999999999932,22.0,20.5,Schematic internal layout
PS3-0932,CoolingFin73,PS3-0932 · Independent rear heat-exchanger lamella073,Cooling,metal,1,144.3199999999969,0.3199999999999932,22.0,20.5,Schematic internal layout
PS3-0933,CoolingFin74,PS3-0933 · Independent rear heat-exchanger lamella074,Cooling,metal,1,144.3199999999969,0.3199999999999932,22.0,20.5,Schematic internal layout
PS3-0934,CoolingFin75,PS3-0934 · Independent rear heat-exchanger lamella075,Cooling,metal,1,144.3199999999969,0.3199999999999932,22.0,20.5,Schematic internal layout
PS3-0935,CoolingFin76,PS3-0935 · Independent rear heat-exchanger lamella076,Cooling,metal,1,144.3199999999969,0.3199999999999932,22.0,20.5,Schematic internal layout
PS3-0936,CoolingFin77,PS3-0936 · Independent rear heat-exchanger lamella077,Cooling,metal,1,144.3199999999969,0.3199999999999932,22.0,20.5,Schematic internal layout
PS3-0937,CoolingFin78,PS3-0937 · Independent rear heat-exchanger lamella078,Cooling,metal,1,144.3199999999969,0.3199999999999932,22.0,20.5,Schematic internal layout
PS3-0938,CoolingFin79,PS3-0938 · Independent rear heat-exchanger lamella079,Cooling,metal,1,144.3199999999969,0.3199999999999932,22.0,20.5,Schematic internal layout
PS3-0939,CoolingFin80,PS3-0939 · Independent rear heat-exchanger lamella080,Cooling,metal,1,144.3199999999969,0.3199999999999932,22.0,20.5,Schematic internal layout
PS3-0940,CoolingFin81,PS3-0940 · Independent rear heat-exchanger lamella081,Cooling,metal,1,144.3199999999969,0.3199999999999932,22.0,20.5,Schematic internal layout
PS3-0941,CoolingFin82,PS3-0941 · Independent rear heat-exchanger lamella082,Cooling,metal,1,144.3199999999969,0.3199999999999932,22.0,20.5,Schematic internal layout
PS3-0942,CoolingFin83,PS3-0942 · Independent rear heat-exchanger lamella083,Cooling,metal,1,144.3199999999969,0.3199999999999932,22.0,20.5,Schematic internal layout
PS3-0943,CoolingFin84,PS3-0943 · Independent rear heat-exchanger lamella084,Cooling,metal,1,144.3199999999969,0.3199999999999932,22.0,20.5,Schematic internal layout
PS3-0944,CoolingFin85,PS3-0944 · Independent rear heat-exchanger lamella085,Cooling,metal,1,144.3199999999969,0.3199999999999932,22.0,20.5,Schematic internal layout
PS3-0945,CoolingFin86,PS3-0945 · Independent rear heat-exchanger lamella086,Cooling,metal,1,144.3199999999969,0.3199999999999932,22.0,20.5,Schematic internal layout
PS3-0946,CoolingFin87,PS3-0946 · Independent rear heat-exchanger lamella087,Cooling,metal,1,144.3199999999969,0.3199999999999932,22.0,20.5,Schematic internal layout
PS3-0947,CoolingFin88,PS3-0947 · Independent rear heat-exchanger lamella088,Cooling,metal,1,144.3199999999969,0.3199999999999932,22.0,20.5,Schematic internal layout
PS3-0948,CoolingFin89,PS3-0948 · Independent rear heat-exchanger lamella089,Cooling,metal,1,144.3199999999969,0.3199999999999932,22.0,20.5,Schematic internal layout
PS3-0949,FinLowerRail,PS3-0949 · Rear fin-pack bottom rail,Cooling,metal,1,1733.5862654824575,197.0,22.0,0.3999999999999999,Schematic internal layout
PS3-0950,CompatibilityThermal,PS3-0950 · Legacy compatibility processor interface study,Cooling,thermal,1,86.38841150082315,24.0,24.0,0.14999999999999858,Schematic internal layout
PS3-0951,CompatibilityPlate,PS3-0951 · Compatibility processor heat-spreader study,Cooling,metal,1,1311.6437520395266,27.0,27.0,1.8000000000000007,Schematic internal layout
PS3-0952,PowerPCB,PS3-0952 · Separate internal switching-power board study001,Power,powerpcb,1,18968.664426556476,128.0,106.0,1.3999999999999986,Published approximate body envelope; photo-estimated local curves and details
PS3-0953,PowerPost0,PS3-0953 · Power board insulating spacer,Power,black,1,27.97980957103409,5.0,5.0,1.8999999999999986,Schematic internal layout
PS3-0954,PowerScrew0,PS3-0954 · Cross-head fastener012,Power,metal,1,7.478392260989737,3.6000000000000227,3.6000000000000014,3.8299999999999983,Schematic internal layout
PS3-0955,PowerPost1,PS3-0955 · Power board insulating spacer001,Power,black,1,27.97980957103409,5.0,5.0,1.8999999999999986,Schematic internal layout
PS3-0956,PowerScrew1,PS3-0956 · Cross-head fastener013,Power,metal,1,7.478392260989732,3.6000000000000227,3.5999999999999943,3.8299999999999983,Schematic internal layout
PS3-0957,PowerPost2,PS3-0957 · Power board insulating spacer002,Power,black,1,27.97980957103409,5.0,5.0,1.8999999999999986,Schematic internal layout
PS3-0958,PowerScrew2,PS3-0958 · Cross-head fastener014,Power,metal,1,7.478392260989739,3.6000000000000014,3.6000000000000014,3.8299999999999983,Schematic internal layout
PS3-0959,PowerPost3,PS3-0959 · Power board insulating spacer003,Power,black,1,27.979809571034096,5.0,5.0,1.8999999999999986,Schematic internal layout
PS3-0960,PowerScrew3,PS3-0960 · Cross-head fastener015,Power,metal,1,7.478392260989735,3.6000000000000014,3.5999999999999943,3.8299999999999983,Schematic internal layout
PS3-0961,PowerMainCore,PS3-0961 · Power transformer ferrite-core envelope,Power,black,1,11654.111147369355,24.0,27.0,18.0,Schematic internal layout
PS3-0962,PowerMainWrap,PS3-0962 · Separate transformer winding wrap study,Power,powerpcb,1,226.70342917352932,21.0,24.0,0.45000000000000284,Schematic internal layout
PS3-0963,PowerStandbyCore,PS3-0963 · Power transformer ferrite-core envelope001,Power,black,1,3268.8580508778673,14.0,18.0,13.0,Schematic internal layout
PS3-0964,PowerStandbyWrap,PS3-0964 · Separate transformer winding wrap study001,Power,powerpcb,1,74.15342917352902,11.0,15.0,0.45000000000000284,Schematic internal layout
PS3-0965,PowerBulk0,PS3-0965 · Primary filter capacitor envelope,Power,battery,1,3820.1766667651877,16.0,16.0,19.0,Schematic internal layout
PS3-0966,PowerBulkVent0,PS3-0966 · Primary capacitor metal end,Power,metal,1,36.77077121394191,15.299999999999997,15.3,0.20000000000000284,Schematic internal layout
PS3-0967,PowerBulk1,PS3-0967 · Primary filter capacitor envelope001,Power,battery,1,3820.1766667651877,16.0,16.0,19.0,Schematic internal layout
PS3-0968,PowerBulkVent1,PS3-0968 · Primary capacitor metal end001,Power,metal,1,36.770771213941906,15.299999999999997,15.299999999999997,0.20000000000000284,Schematic internal layout
PS3-0969,PowerOutputCap0,PS3-0969 · Output filter capacitor study,Power,battery,1,653.451271946677,8.0,8.0,13.0,Schematic internal layout
PS3-0970,PowerOutputVent0,PS3-0970 · Output capacitor vent cap,Power,metal,1,6.45126051414662,7.400000000000006,7.399999999999999,0.14999999999999858,Schematic internal layout
PS3-0971,PowerOutputCap1,PS3-0971 · Output filter capacitor study001,Power,battery,1,653.451271946677,8.0,8.0,13.0,Schematic internal layout
PS3-0972,PowerOutputVent1,PS3-0972 · Output capacitor vent cap001,Power,metal,1,6.45126051414662,7.400000000000006,7.399999999999999,0.14999999999999858,Schematic internal layout
PS3-0973,PowerOutputCap2,PS3-0973 · Output filter capacitor study002,Power,battery,1,653.451271946677,8.0,8.0,13.0,Schematic internal layout
PS3-0974,PowerOutputVent2,PS3-0974 · Output capacitor vent cap002,Power,metal,1,6.45126051414662,7.400000000000006,7.399999999999999,0.14999999999999858,Schematic internal layout
PS3-0975,PowerHeatSink0,PS3-0975 · Separate aluminium power-device heat sink,Power,metal,1,1329.3476104167282,2.5,28.0,19.0,Schematic internal layout
PS3-0976,PowerSwitch0,PS3-0976 · Power-semiconductor package study,Power,black,1,388.99566340470005,3.0,10.0,13.0,Schematic internal layout
PS3-0977,PowerHeatSink1,PS3-0977 · Separate aluminium power-device heat sink001,Power,metal,1,1329.347610416728,2.5,28.0,19.0,Schematic internal layout
PS3-0978,PowerSwitch1,PS3-0978 · Power-semiconductor package study001,Power,black,1,388.99566340470005,3.0,10.0,13.0,Schematic internal layout
PS3-0979,PowerHeatSink2,PS3-0979 · Separate aluminium power-device heat sink002,Power,metal,1,1329.347610416728,2.5,28.0,19.0,Schematic internal layout
PS3-0980,PowerSwitch2,PS3-0980 · Power-semiconductor package study002,Power,black,1,388.99566340470005,3.0,10.0,13.0,Schematic internal layout
PS3-0981,PowerInputChoke,PS3-0981 · Input common-mode choke envelope,Power,copper,1,2527.858050877867,13.0,15.0,13.0,Schematic internal layout
PS3-0982,PowerRectifier,PS3-0982 · Input rectifier package study,Power,black,1,703.3819467105845,11.0,8.0,8.0,Schematic internal layout
PS3-0983,PowerFuse,PS3-0983 · Ceramic cartridge fuse,Power,white,1,213.6283004441059,17.0,4.0,4.0,Schematic internal layout
PS3-0984,PowerFuseCap0,PS3-0984 · Separate fuse end cap,Power,metal,1,11.083538881864795,0.8000000000000007,4.199999999999996,4.200000000000003,Schematic internal layout
PS3-0985,PowerFuseCap1,PS3-0985 · Separate fuse end cap001,Power,metal,1,11.083538881864795,0.8000000000000007,4.199999999999996,4.200000000000003,Schematic internal layout
PS3-0986,PowerController,PS3-0986 · Switching controller IC study,Power,black,1,83.95879644737239,10.0,7.0,1.2000000000000028,Schematic internal layout
PS3-0987,PowerICLead-1_0,PS3-0987 · Separate controller IC lead,Power,metal,1,0.05394849555921591,0.30000000000001137,1.2000000000000028,0.14999999999999858,Schematic internal layout
PS3-0988,PowerICLead1_0,PS3-0988 · Separate controller IC lead001,Power,metal,1,0.05394849555921591,0.30000000000001137,1.2000000000000028,0.14999999999999858,Schematic internal layout
PS3-0989,PowerICLead-1_1,PS3-0989 · Separate controller IC lead002,Power,metal,1,0.05394849555921591,0.30000000000001137,1.2000000000000028,0.14999999999999858,Schematic internal layout
PS3-0990,PowerICLead1_1,PS3-0990 · Separate controller IC lead003,Power,metal,1,0.05394849555921591,0.30000000000001137,1.2000000000000028,0.14999999999999858,Schematic internal layout
PS3-0991,PowerICLead-1_2,PS3-0991 · Separate controller IC lead004,Power,metal,1,0.05394849555921591,0.30000000000001137,1.2000000000000028,0.14999999999999858,Schematic internal layout
PS3-0992,PowerICLead1_2,PS3-0992 · Separate controller IC lead005,Power,metal,1,0.05394849555921591,0.30000000000001137,1.2000000000000028,0.14999999999999858,Schematic internal layout
PS3-0993,PowerICLead-1_3,PS3-0993 · Separate controller IC lead006,Power,metal,1,0.053948495559215916,0.30000000000001137,1.2000000000000028,0.14999999999999858,Schematic internal layout
PS3-0994,PowerICLead1_3,PS3-0994 · Separate controller IC lead007,Power,metal,1,0.05394849555921591,0.30000000000001137,1.2000000000000028,0.14999999999999858,Schematic internal layout
PS3-0995,PowerICLead-1_4,PS3-0995 · Separate controller IC lead008,Power,metal,1,0.053948495559215916,0.30000000000001137,1.2000000000000028,0.14999999999999858,Schematic internal layout
PS3-0996,PowerICLead1_4,PS3-0996 · Separate controller IC lead009,Power,metal,1,0.053948495559215916,0.30000000000001137,1.2000000000000028,0.14999999999999858,Schematic internal layout
PS3-0997,PowerICLead-1_5,PS3-0997 · Separate controller IC lead010,Power,metal,1,0.05394849555921591,0.30000000000001137,1.2000000000000028,0.14999999999999858,Schematic internal layout
PS3-0998,PowerICLead1_5,PS3-0998 · Separate controller IC lead011,Power,metal,1,0.05394849555921591,0.30000000000001137,1.2000000000000028,0.14999999999999858,Schematic internal layout
PS3-0999,PowerICLead-1_6,PS3-0999 · Separate controller IC lead012,Power,metal,1,0.05394849555921591,0.30000000000001137,1.2000000000000028,0.14999999999999858,Schematic internal layout
PS3-1000,PowerICLead1_6,PS3-1000 · Separate controller IC lead013,Power,metal,1,0.05394849555921591,0.30000000000001137,1.2000000000000028,0.14999999999999858,Schematic internal layout
PS3-1001,PowerICLead-1_7,PS3-1001 · Separate controller IC lead014,Power,metal,1,0.05394849555921591,0.30000000000001137,1.2000000000000028,0.14999999999999858,Schematic internal layout
PS3-1002,PowerICLead1_7,PS3-1002 · Separate controller IC lead015,Power,metal,1,0.05394849555921591,0.30000000000001137,1.2000000000000028,0.14999999999999858,Schematic internal layout
PS3-1003,PowerPassive0,PS3-1003 · Separate regulation passive package,Power,metal,1,7.662230076757956,3.5,2.0,1.1000000000000014,Schematic internal layout
PS3-1004,PowerPassive1,PS3-1004 · Separate regulation passive package001,Power,metal,1,7.662230076757956,3.5,2.0,1.1000000000000014,Schematic internal layout
PS3-1005,PowerPassive2,PS3-1005 · Separate regulation passive package002,Power,metal,1,7.662230076757956,3.5,2.0,1.1000000000000014,Schematic internal layout
PS3-1006,PowerPassive3,PS3-1006 · Separate regulation passive package003,Power,metal,1,7.6622300767579565,3.5,2.0,1.1000000000000014,Schematic internal layout
PS3-1007,PowerPassive4,PS3-1007 · Separate regulation passive package004,Power,metal,1,7.6622300767579565,3.5,2.0,1.1000000000000014,Schematic internal layout
PS3-1008,PowerPassive5,PS3-1008 · Separate regulation passive package005,Power,metal,1,7.6622300767579565,3.5,2.0,1.1000000000000014,Schematic internal layout
PS3-1009,PowerPassive6,PS3-1009 · Separate regulation passive package006,Power,metal,1,7.662230076757956,3.5,2.0,1.1000000000000014,Schematic internal layout
PS3-1010,PowerPassive7,PS3-1010 · Separate regulation passive package007,Power,metal,1,7.662230076757955,3.5,2.0,1.1000000000000014,Schematic internal layout
PS3-1011,PowerOutputContact0,PS3-1011 · Separate power-control socket contact,Power,metal,1,0.7193561944901877,0.5999999999999943,4.0,0.29999999999999716,Schematic internal layout
PS3-1012,PowerOutputContact1,PS3-1012 · Separate power-control socket contact001,Power,metal,1,0.7193561944901877,0.5999999999999943,4.0,0.29999999999999716,Schematic internal layout
PS3-1013,PowerOutputContact2,PS3-1013 · Separate power-control socket contact002,Power,metal,1,0.7193561944901877,0.5999999999999943,4.0,0.29999999999999716,Schematic internal layout
PS3-1014,PowerOutputContact3,PS3-1014 · Separate power-control socket contact003,Power,metal,1,0.7193561944901877,0.5999999999999943,4.0,0.29999999999999716,Schematic internal layout
PS3-1015,PowerOutputContact4,PS3-1015 · Separate power-control socket contact004,Power,metal,1,0.7193561944901877,0.5999999999999943,4.0,0.29999999999999716,Schematic internal layout
PS3-1016,PowerCase,PS3-1016 · Separate launch-family metal power-supply enclosure004,Power,metal,1,22640.649764256188,138.0,116.0,28.0,Published approximate body envelope; photo-estimated local curves and details
PS3-1017,PowerACHeader,PS3-1017 · Internal AC harness carrier,Power,white,1,489.0385837720205,14.0,5.0,7.0,Schematic internal layout
PS3-1018,PowerACTerminal0,PS3-1018 · Separate AC header contact study,Power,metal,1,0.8114269908169867,0.6499999999999986,2.5,0.5,Schematic internal layout
PS3-1019,PowerACTerminal1,PS3-1019 · Separate AC header contact study001,Power,metal,1,0.8114269908169864,0.6499999999999986,2.5,0.5,Schematic internal layout
PS3-1020,PowerACTerminal2,PS3-1020 · Separate AC header contact study002,Power,metal,1,0.8114269908169867,0.6499999999999986,2.5,0.5,Schematic internal layout
PS3-1021,PowerLid,PS3-1021 · Separate perforated metal power-supply lid001,Power,metal,1,9058.202125065427,138.0,116.0,0.5999999999999943,Published approximate body envelope; photo-estimated local curves and details
PS3-1022,DriveChassis,PS3-1022 · Original slot-loading optical-drive chassis study003,Optical,metal,1,24242.237430059715,140.0,160.0000001,14.800000099999998,Published approximate body envelope; photo-estimated local curves and details
PS3-1023,DriveTopCover,PS3-1023 · Separate stamped optical-drive upper lid001,Optical,metal,1,11115.032832606685,139.5,159.5,0.5,Published approximate body envelope; photo-estimated local curves and details
PS3-1024,DriveMount0,PS3-1024 · Optical chassis insulating support spacer,Optical,rubber,1,26.85119241023194,4.800000000000001,4.800000000000011,2.1000000000000014,Schematic internal layout
PS3-1025,DriveScrew0,PS3-1025 · Cross-head fastener016,Optical,metal,1,27.36098172027529,4.0,4.0,19.630000000000003,Schematic internal layout
PS3-1026,DriveMount1,PS3-1026 · Optical chassis insulating support spacer001,Optical,rubber,1,26.851192410231953,4.800000000000001,4.799999999999997,2.1000000000000014,Schematic internal layout
PS3-1027,DriveScrew1,PS3-1027 · Cross-head fastener017,Optical,metal,1,27.360981720275312,4.0,4.0,19.630000000000003,Schematic internal layout
PS3-1028,DriveMount2,PS3-1028 · Optical chassis insulating support spacer002,Optical,rubber,1,26.85119241023193,4.800000000000011,4.800000000000011,2.1000000000000014,Schematic internal layout
PS3-1029,DriveScrew2,PS3-1029 · Cross-head fastener018,Optical,metal,1,27.360981720275277,4.0,4.0,19.630000000000003,Schematic internal layout
PS3-1030,DriveMount3,PS3-1030 · Optical chassis insulating support spacer003,Optical,rubber,1,26.851192410231942,4.800000000000011,4.799999999999997,2.1000000000000014,Schematic internal layout
PS3-1031,DriveScrew3,PS3-1031 · Cross-head fastener019,Optical,metal,1,27.360981720275305,4.0,4.0,19.630000000000003,Schematic internal layout
PS3-1032,DriveControlIC,PS3-1032 · Separate optical control-board package study,Optical,black,1,519.8995663404696,20.0,20.0,1.2999999999999972,Schematic internal layout
PS3-1033,DriveMotorIC,PS3-1033 · Separate optical control-board package study001,Optical,black,1,187.09956634046986,12.0,12.0,1.2999999999999972,Schematic internal layout
PS3-1034,DriveMemoryIC,PS3-1034 · Separate optical control-board package study002,Optical,black,1,187.0995663404698,16.0,9.0,1.2999999999999972,Schematic internal layout
PS3-1035,DriveBypass0,PS3-1035 · Optical control-board bypass package,Optical,metal,1,1.188411500823463,2.0,1.0,0.6000000000000014,Schematic internal layout
PS3-1036,DriveBypass1,PS3-1036 · Optical control-board bypass package001,Optical,metal,1,1.188411500823463,2.0,1.0,0.6000000000000014,Schematic internal layout
PS3-1037,DriveBypass2,PS3-1037 · Optical control-board bypass package002,Optical,metal,1,1.188411500823463,2.0,1.0,0.6000000000000014,Schematic internal layout
PS3-1038,DriveBypass3,PS3-1038 · Optical control-board bypass package003,Optical,metal,1,1.1884115008234633,2.0,1.0,0.6000000000000014,Schematic internal layout
PS3-1039,DriveBypass4,PS3-1039 · Optical control-board bypass package004,Optical,metal,1,1.188411500823463,2.0,1.0,0.6000000000000014,Schematic internal layout
PS3-1040,DriveBypass5,PS3-1040 · Optical control-board bypass package005,Optical,metal,1,1.188411500823463,2.0,1.0,0.6000000000000014,Schematic internal layout
PS3-1041,DriveBypass6,PS3-1041 · Optical control-board bypass package006,Optical,metal,1,1.188411500823463,2.0,1.0,0.6000000000000014,Schematic internal layout
PS3-1042,DriveBypass7,PS3-1042 · Optical control-board bypass package007,Optical,metal,1,1.188411500823463,2.0,1.0,0.6000000000000014,Schematic internal layout
PS3-1043,DriveBypass8,PS3-1043 · Optical control-board bypass package008,Optical,metal,1,1.188411500823463,2.0,1.0,0.6000000000000014,Schematic internal layout
PS3-1044,DriveBypass9,PS3-1044 · Optical control-board bypass package009,Optical,metal,1,1.188411500823463,2.0,1.0,0.6000000000000014,Schematic internal layout
PS3-1045,DriveBypass10,PS3-1045 · Optical control-board bypass package010,Optical,metal,1,1.188411500823463,2.0,1.0,0.6000000000000014,Schematic internal layout
PS3-1046,DriveMedia,PS3-1046 · Blank 120 mm disc for loaded-pose study,Optical,white,1,13359.622759390606,120.0,120.0,1.2000000000000028,Schematic internal layout
PS3-1047,DriveSpindleMotor,PS3-1047 · Optical spindle motor envelope,Optical,metal,1,1596.557386554333,22.0,22.0,4.200000000000003,Schematic internal layout
PS3-1048,DriveSpindleHub,PS3-1048 · Separate disc-centering spindle,Optical,black,1,569.5707480958298,14.0,14.0,3.700000000000003,Schematic internal layout
PS3-1049,DriveMediaSeat,PS3-1049 · Media support annulus,Optical,rubber,1,90.77946131813053,20.0,20.0,0.6000000000000014,Schematic internal layout
PS3-1050,DriveClamp,PS3-1050 · Separate magnetic upper disc clamp,Optical,metal,1,400.23890406733943,28.0,28.0,0.6499999999999986,Schematic internal layout
PS3-1051,DriveClampMagnet,PS3-1051 · Disc-clamp magnet study,Optical,black,1,153.9380400258999,14.0,14.0,1.0,Schematic internal layout
PS3-1052,DriveUpperFrame,PS3-1052 · Independent open upper mechanism frame,Optical,black,1,3008.7564826136672,132.0,142.0,1.0,Schematic internal layout
PS3-1053,DiscEntranceGuide0,PS3-1053 · Slot entrance side guide study,Optical,black,1,106.03917471013602,2.200000000000001,23.000000000000014,2.1000000000000014,Schematic internal layout
PS3-1054,DiscEntranceGuide1,PS3-1054 · Slot entrance side guide study001,Optical,black,1,106.03917471013584,2.1999999999999886,23.000000000000014,2.1000000000000014,Schematic internal layout
PS3-1055,PickupRail0,PS3-1055 · Independent optical-pickup guide rod,Optical,metal,1,166.50441064025887,2.0,53.0,2.0,Schematic internal layout
PS3-1056,PickupBearing0,PS3-1056 · Separate optical-pickup sliding sleeve,Optical,white,1,72.28804695910118,3.5999999999999943,12.0,3.5999999999999943,Schematic internal layout
PS3-1057,PickupRailEnd0_0,PS3-1057 · Optical guide end support,Optical,black,1,11.663162726452112,3.200000000000003,3.0,3.200000000000003,Schematic internal layout
PS3-1058,PickupRailFoot0_0,PS3-1058 · Optical-guide pedestal study,Optical,black,1,19.719524311274057,4.400000000000006,3.0,1.5,Schematic internal layout
PS3-1059,PickupRailEnd0_1,PS3-1059 · Optical guide end support001,Optical,black,1,11.663162726452112,3.200000000000003,3.0,3.200000000000003,Schematic internal layout
PS3-1060,PickupRailFoot0_1,PS3-1060 · Optical-guide pedestal study001,Optical,black,1,19.719524311274057,4.400000000000006,3.0,1.5,Schematic internal layout
PS3-1061,PickupRail1,PS3-1061 · Independent optical-pickup guide rod001,Optical,metal,1,166.5044106402588,2.0,53.0,2.0,Schematic internal layout
PS3-1062,PickupBearing1,PS3-1062 · Separate optical-pickup sliding sleeve001,Optical,white,1,72.28804695910114,3.5999999999999943,12.0,3.5999999999999943,Schematic internal layout
PS3-1063,PickupRailEnd1_0,PS3-1063 · Optical guide end support002,Optical,black,1,11.663162726452125,3.1999999999999886,3.0,3.200000000000003,Schematic internal layout
PS3-1064,PickupRailFoot1_0,PS3-1064 · Optical-guide pedestal study002,Optical,black,1,19.719524311274046,4.400000000000006,3.0,1.5,Schematic internal layout
PS3-1065,PickupRailEnd1_1,PS3-1065 · Optical guide end support003,Optical,black,1,11.663162726452125,3.1999999999999886,3.0,3.200000000000003,Schematic internal layout
PS3-1066,PickupRailFoot1_1,PS3-1066 · Optical-guide pedestal study003,Optical,black,1,19.71952431127405,4.400000000000006,3.0,1.5,Schematic internal layout
PS3-1067,PickupCarriage,PS3-1067 · Guide-bored optical pickup carriage study,Optical,metal,1,3441.2189428009697,51.000000199999995,19.000000199999995,4.000000200000002,Schematic internal layout
PS3-1068,ObjectiveCarrier,PS3-1068 · Single-objective KEM400-family carrier study,Optical,black,1,99.86265482457434,10.0,10.0,1.0,Schematic internal layout
PS3-1069,ObjectiveFrame,PS3-1069 · Separate focus suspension frame,Optical,metal,1,71.8031696541459,12.0,12.5,0.6000000000000014,Schematic internal layout
PS3-1070,ObjectiveLens,PS3-1070 · Single optical objective lens envelope,Optical,blue,1,11.680441486046837,5.199999999999989,5.200000000000003,0.5499999999999972,Schematic internal layout
PS3-1071,ObjectiveCoil0,PS3-1071 · Focus actuator coil envelope,Optical,copper,1,13.995362817986617,1.200000000000017,9.0,1.2999999999999972,Schematic internal layout
PS3-1072,ObjectiveCoil1,PS3-1072 · Focus actuator coil envelope001,Optical,copper,1,13.995362817986617,1.200000000000017,9.0,1.2999999999999972,Schematic internal layout
PS3-1073,PickupLaser0,PS3-1073 · Separate optical emitter package study,Optical,black,1,17.105971998796434,4.5,2.1999999999999886,2.200000000000003,Schematic internal layout
PS3-1074,PickupLaser1,PS3-1074 · Separate optical emitter package study001,Optical,black,1,17.10597199879642,4.5,2.200000000000003,2.200000000000003,Schematic internal layout
PS3-1075,PickupPrism,PS3-1075 · Optical-path prism housing envelope,Optical,black,1,14.345061929829754,3.0,3.0,1.6000000000000014,Schematic internal layout
PS3-1076,PickupFeedMotor,PS3-1076 · Optical-pickup feed motor001,Optical,metal,1,348.3397934300362,6.599999999999994,11.0,6.599999999999994,Schematic internal layout
PS3-1077,PickupFeedShaft,PS3-1077 · Optical feed motor shaft,Optical,metal,1,18.582520545983606,1.3000000000000114,14.0,1.2999999999999972,Schematic internal layout
PS3-1078,PickupFeedScrew,PS3-1078 · Pickup lead-screw envelope study,Optical,metal,1,70.37167544041127,1.5999999999999943,35.0,1.5999999999999943,Schematic internal layout
PS3-1079,PickupFeedNut,PS3-1079 · Independent feed nut with shaft clearance,Optical,white,1,116.15561234596684,6.0,7.0,3.299999999999997,Schematic internal layout
PS3-1080,PickupFeedLink,PS3-1080 · Feed-nut to carriage connecting tongue,Optical,white,1,31.1656637061436,7.800000000000011,4.0,1.0,Schematic internal layout
PS3-1081,IntakeShaft,PS3-1081 · Front intake roller shaft,Optical,metal,1,276.91568445067236,122.0,1.6999999999999886,1.7000000000000028,Schematic internal layout
PS3-1082,IntakeRoller0,PS3-1082 · Separate rubber disc-intake roller,Optical,rubber,1,673.0705180683444,46.0,4.800000000000011,4.799999999999997,Schematic internal layout
PS3-1083,IntakeRoller1,PS3-1083 · Separate rubber disc-intake roller001,Optical,rubber,1,673.0705180683444,46.0,4.800000000000011,4.799999999999997,Schematic internal layout
PS3-1084,IntakeBearing0,PS3-1084 · Separate loading roller bearing,Optical,white,1,31.992408787831664,1.8000000000000007,5.199999999999989,5.200000000000003,Schematic internal layout
PS3-1085,IntakeBearing1,PS3-1085 · Separate loading roller bearing001,Optical,white,1,31.992408787831653,1.7999999999999972,5.199999999999989,5.200000000000003,Schematic internal layout
PS3-1086,IntakeBearing2,PS3-1086 · Separate loading roller bearing002,Optical,white,1,31.992408787831707,1.8000000000000114,5.199999999999989,5.200000000000003,Schematic internal layout
PS3-1087,DrivePCB,PS3-1087 · Separate BMD-family optical control board study002,Optical,pcb,1,24021.349796483068,132.0,152.0,1.2000000000000028,Published approximate body envelope; photo-estimated local curves and details
PS3-1088,BoardLowerPost0,PS3-1088 · Mainboard lower support spacer,Frame,metal,1,25.7414248053513,4.399999999999977,4.400000000000006,2.5,Schematic internal layout
PS3-1089,BoardUpperPost0,PS3-1089 · Mainboard upper shield spacer,Frame,metal,1,54.57182058734476,4.399999999999977,4.400000000000006,5.299999999999997,Schematic internal layout
PS3-1090,BoardStackScrew0,PS3-1090 · Cross-head fastener020,Frame,metal,1,16.13003931110407,4.0,4.0,10.329999999999998,Schematic internal layout
PS3-1091,BoardLowerPost1,PS3-1091 · Mainboard lower support spacer001,Frame,metal,1,25.7414248053513,4.399999999999977,4.400000000000006,2.5,Schematic internal layout
PS3-1092,BoardUpperPost1,PS3-1092 · Mainboard upper shield spacer001,Frame,metal,1,54.57182058734476,4.399999999999977,4.400000000000006,5.299999999999997,Schematic internal layout
PS3-1093,BoardStackScrew1,PS3-1093 · Cross-head fastener021,Frame,metal,1,16.13003931110407,4.0,4.0,10.329999999999998,Schematic internal layout
PS3-1094,BoardLowerPost2,PS3-1094 · Mainboard lower support spacer002,Frame,metal,1,25.7414248053513,4.399999999999977,4.400000000000006,2.5,Schematic internal layout
PS3-1095,BoardUpperPost2,PS3-1095 · Mainboard upper shield spacer002,Frame,metal,1,54.57182058734476,4.399999999999977,4.400000000000006,5.299999999999997,Schematic internal layout
PS3-1096,BoardStackScrew2,PS3-1096 · Cross-head fastener022,Frame,metal,1,16.130039311104074,4.0,4.0,10.329999999999998,Schematic internal layout
PS3-1097,BoardLowerPost3,PS3-1097 · Mainboard lower support spacer003,Frame,metal,1,25.7414248053513,4.399999999999977,4.400000000000006,2.5,Schematic internal layout
PS3-1098,BoardUpperPost3,PS3-1098 · Mainboard upper shield spacer003,Frame,metal,1,54.57182058734476,4.399999999999977,4.400000000000006,5.299999999999997,Schematic internal layout
PS3-1099,BoardStackScrew3,PS3-1099 · Cross-head fastener023,Frame,metal,1,16.130039311104074,4.0,4.0,10.329999999999998,Schematic internal layout
PS3-1100,BoardLowerPost4,PS3-1100 · Mainboard lower support spacer004,Frame,metal,1,25.741424805351365,4.4,4.400000000000006,2.5,Schematic internal layout
PS3-1101,BoardUpperPost4,PS3-1101 · Mainboard upper shield spacer004,Frame,metal,1,54.57182058734489,4.4,4.400000000000006,5.299999999999997,Schematic internal layout
PS3-1102,BoardStackScrew4,PS3-1102 · Cross-head fastener024,Frame,metal,1,16.130039311104078,4.0,4.0,10.329999999999998,Schematic internal layout
PS3-1103,BoardLowerPost5,PS3-1103 · Mainboard lower support spacer005,Frame,metal,1,25.741424805351365,4.4,4.400000000000006,2.5,Schematic internal layout
PS3-1104,BoardUpperPost5,PS3-1104 · Mainboard upper shield spacer005,Frame,metal,1,54.57182058734489,4.4,4.400000000000006,5.299999999999997,Schematic internal layout
PS3-1105,BoardStackScrew5,PS3-1105 · Cross-head fastener025,Frame,metal,1,16.130039311104078,4.0,4.0,10.329999999999998,Schematic internal layout
PS3-1106,BoardLowerPost6,PS3-1106 · Mainboard lower support spacer006,Frame,metal,1,25.741424805351365,4.400000000000006,4.400000000000006,2.5,Schematic internal layout
PS3-1107,BoardUpperPost6,PS3-1107 · Mainboard upper shield spacer006,Frame,metal,1,54.57182058734489,4.400000000000006,4.400000000000006,5.299999999999997,Schematic internal layout
PS3-1108,BoardStackScrew6,PS3-1108 · Cross-head fastener026,Frame,metal,1,16.130039311104074,4.0,4.0,10.329999999999998,Schematic internal layout
PS3-1109,BoardLowerPost7,PS3-1109 · Mainboard lower support spacer007,Frame,metal,1,25.741424805351365,4.400000000000006,4.400000000000006,2.5,Schematic internal layout
PS3-1110,BoardUpperPost7,PS3-1110 · Mainboard upper shield spacer007,Frame,metal,1,54.57182058734489,4.400000000000006,4.400000000000006,5.299999999999997,Schematic internal layout
PS3-1111,BoardStackScrew7,PS3-1111 · Cross-head fastener027,Frame,metal,1,16.130039311104074,4.0,4.0,10.329999999999998,Schematic internal layout
PS3-1112,XDRThermal0,PS3-1112 · Separate XDR-to-shield thermal pad study,Cooling,thermal,1,175.31458401317545,13.0,10.0,1.3500000000000014,Schematic internal layout
PS3-1113,XDRThermal1,PS3-1113 · Separate XDR-to-shield thermal pad study001,Cooling,thermal,1,175.31458401317545,13.0,10.0,1.3500000000000014,Schematic internal layout
PS3-1114,XDRThermal2,PS3-1114 · Separate XDR-to-shield thermal pad study002,Cooling,thermal,1,175.31458401317545,13.0,10.0,1.3500000000000014,Schematic internal layout
PS3-1115,XDRThermal3,PS3-1115 · Separate XDR-to-shield thermal pad study003,Cooling,thermal,1,175.31458401317545,13.0,10.0,1.3500000000000014,Schematic internal layout
PS3-1116,CellLeafClamp,PS3-1116 · Cell spring clamp envelope study,Shielding,metal,1,314.1528767130836,55.0,9.0,0.7000000000000028,Schematic internal layout
PS3-1117,CellClampWasher0,PS3-1117 · Processor clamp retaining washer,Shielding,metal,1,3.845309407993901,4.599999999999994,4.6,0.29999999999999716,Schematic internal layout
PS3-1118,CellClampWasher1,PS3-1118 · Processor clamp retaining washer001,Shielding,metal,1,3.8453094079939016,4.600000000000001,4.6,0.29999999999999716,Schematic internal layout
PS3-1119,RSXLeafClamp,PS3-1119 · RSX spring clamp envelope study,Shielding,metal,1,314.1528767130836,55.0,9.0,0.7000000000000028,Schematic internal layout
PS3-1120,RSXClampWasher0,PS3-1120 · Processor clamp retaining washer002,Shielding,metal,1,3.8453094079939016,4.600000000000001,4.6,0.29999999999999716,Schematic internal layout
PS3-1121,RSXClampWasher1,PS3-1121 · Processor clamp retaining washer003,Shielding,metal,1,3.845309407993901,4.599999999999994,4.6,0.29999999999999716,Schematic internal layout
PS3-1122,RTCModule,PS3-1122 · Separate wrapped RTC coin-cell envelope,Mainboard,battery,1,1005.3096491487343,20.0,20.0,3.200000000000003,Schematic internal layout
PS3-1123,RTCConnector,PS3-1123 · RTC two-wire board plug study,Mainboard,white,1,39.845486677646136,5.0,4.0,1.9999999999999964,Schematic internal layout
PS3-1124,SystemBuzzer,PS3-1124 · Mainboard buzzer enclosure,Mainboard,black,1,150.3252084742716,8.400000000000006,8.400000000000006,2.9999999999999964,Schematic internal layout
PS3-1125,LoadMotor,PS3-1125 · Separate slot-loading motor envelope001,Optical,metal,1,308.75572599480483,6.0,12.0,6.0,Schematic internal layout
PS3-1126,LoadMotorShaft,PS3-1126 · Loading motor output shaft,Optical,metal,1,23.891812130550402,1.2999999999999972,18.0,1.2999999999999972,Schematic internal layout
PS3-1127,LoadWorm,PS3-1127 · Loading-motor worm envelope study,Optical,white,1,28.79269667015045,3.0,6.0,3.0,Schematic internal layout
PS3-1128,LoadGear0,PS3-1128 · Separate loading gear with approximate teeth,Optical,white,1,129.07597549357405,10.958141679009202,11.0,1.6000000000000014,Schematic internal layout
PS3-1129,LoadGearAxle0,PS3-1129 · Separate loading-gear pin,Optical,metal,1,3.848451000647495,1.3999999999999986,1.4000000000000057,2.5,Schematic internal layout
PS3-1130,LoadGear1,PS3-1130 · Separate loading gear with approximate teeth001,Optical,white,1,129.07597549357405,10.958141679009202,11.0,1.6000000000000014,Schematic internal layout
PS3-1131,LoadGearAxle1,PS3-1131 · Separate loading-gear pin001,Optical,metal,1,3.8484510006474943,1.3999999999999986,1.4000000000000057,2.5,Schematic internal layout
PS3-1132,LoadGear2,PS3-1132 · Separate loading gear with approximate teeth002,Optical,white,1,129.07597549357408,10.958141679009202,11.0,1.6000000000000014,Schematic internal layout
PS3-1133,LoadGearAxle2,PS3-1133 · Separate loading-gear pin002,Optical,metal,1,3.8484510006474943,1.3999999999999986,1.4000000000000057,2.5,Schematic internal layout
PS3-1134,LoadGear3,PS3-1134 · Separate loading gear with approximate teeth003,Optical,white,1,198.43932062534125,13.3658583357774,13.400000000000006,1.6000000000000014,Schematic internal layout
PS3-1135,LoadGearAxle3,PS3-1135 · Separate loading-gear pin003,Optical,metal,1,3.848451000647495,1.4000000000000057,1.4000000000000057,2.5,Schematic internal layout
PS3-1136,LoadGear4,PS3-1136 · Separate loading gear with approximate teeth004,Optical,white,1,198.4393206253413,13.365858335777403,13.400000000000006,1.6000000000000014,Schematic internal layout
PS3-1137,LoadGearAxle4,PS3-1137 · Separate loading-gear pin004,Optical,metal,1,3.848451000647501,1.4000000000000057,1.4000000000000057,2.5,Schematic internal layout
PS3-1138,LoadingBelt,PS3-1138 · Independent front-arm transmission belt study,Optical,rubber,1,97.63709552687011,94.0,15.0,0.7999999999999972,Schematic internal layout
PS3-1139,SideLoadingCam0,PS3-1139 · Separate side sliding cam envelope,Optical,white,1,650.3127786842341,3.5,67.0,3.200000000000003,Schematic internal layout
PS3-1140,SideCamRail0,PS3-1140 · Guide strip for loading cam,Optical,metal,1,38.38229200658772,0.75,19.0,2.700000000000003,Schematic internal layout
PS3-1141,SideLoadingCam1,PS3-1141 · Separate side sliding cam envelope001,Optical,white,1,650.3127786842335,3.5,67.0,3.200000000000003,Schematic internal layout
PS3-1142,SideCamRail1,PS3-1142 · Guide strip for loading cam001,Optical,metal,1,38.382292006587704,0.75,19.0,2.700000000000003,Schematic internal layout
PS3-1143,FrontLoadingArm0,PS3-1143 · Independent articulated front loading arm study,Optical,black,1,152.59423916359924,20.704360928686278,31.868213740658256,0.6499999999999986,Schematic internal layout
PS3-1144,FrontArmPivot0,PS3-1144 · Front arm pivot sleeve,Optical,white,1,3.188716543393639,3.5999999999999943,3.5999999999999943,0.5,Schematic internal layout
PS3-1145,FrontLoadingArm1,PS3-1145 · Independent articulated front loading arm study001,Optical,black,1,152.59423916359924,20.70436092868627,31.868213740658256,0.6499999999999986,Schematic internal layout
PS3-1146,FrontArmPivot1,PS3-1146 · Front arm pivot sleeve001,Optical,white,1,3.1887165433936446,3.5999999999999943,3.5999999999999943,0.5,Schematic internal layout
PS3-1147,MediaSensorPCB,PS3-1147 · Separate loading-state sensor board study,Optical,pcb,1,83.84977871437832,15.0,8.0,0.7000000000000028,Schematic internal layout
PS3-1148,MediaSensor0,PS3-1148 · Media-state optical sensor envelope,Optical,black,1,38.16823001646926,3.200000000000003,4.0,3.0,Schematic internal layout
PS3-1149,MediaSensor1,PS3-1149 · Media-state optical sensor envelope001,Optical,black,1,38.16823001646925,3.200000000000003,4.0,3.0,Schematic internal layout
PS3-1150,ReaderFFCContact0,PS3-1150 · Separate FFC terminal study,FrontIO,gold,1,0.08995879644737168,0.25,3.0,0.11999999999999744,Schematic internal layout
PS3-1151,ReaderFFCContact1,PS3-1151 · Separate FFC terminal study001,FrontIO,gold,1,0.08995879644737168,0.25,3.0,0.11999999999999744,Schematic internal layout
PS3-1152,ReaderFFCContact2,PS3-1152 · Separate FFC terminal study002,FrontIO,gold,1,0.08995879644737168,0.25,3.0,0.11999999999999744,Schematic internal layout
PS3-1153,ReaderFFCContact3,PS3-1153 · Separate FFC terminal study003,FrontIO,gold,1,0.08995879644737168,0.25,3.0,0.11999999999999744,Schematic internal layout
PS3-1154,ReaderFFCContact4,PS3-1154 · Separate FFC terminal study004,FrontIO,gold,1,0.08995879644737168,0.25,3.0,0.11999999999999744,Schematic internal layout
PS3-1155,ReaderFFCContact5,PS3-1155 · Separate FFC terminal study005,FrontIO,gold,1,0.08995879644737168,0.25,3.0,0.11999999999999744,Schematic internal layout
PS3-1156,ReaderFFCContact6,PS3-1156 · Separate FFC terminal study006,FrontIO,gold,1,0.08995879644737168,0.25,3.0,0.11999999999999744,Schematic internal layout
PS3-1157,ReaderFFCContact7,PS3-1157 · Separate FFC terminal study007,FrontIO,gold,1,0.08995879644737168,0.25,3.0,0.11999999999999744,Schematic internal layout
PS3-1158,ReaderFFCContact8,PS3-1158 · Separate FFC terminal study008,FrontIO,gold,1,0.08995879644737168,0.25,3.0,0.11999999999999744,Schematic internal layout
PS3-1159,ReaderFFCContact9,PS3-1159 · Separate FFC terminal study009,FrontIO,gold,1,0.08995879644737168,0.25,3.0,0.11999999999999744,Schematic internal layout
PS3-1160,ReaderFFCContact10,PS3-1160 · Separate FFC terminal study010,FrontIO,gold,1,0.08995879644737168,0.25,3.0,0.11999999999999744,Schematic internal layout
PS3-1161,ReaderFFCContact11,PS3-1161 · Separate FFC terminal study011,FrontIO,gold,1,0.08995879644737168,0.25,3.0,0.11999999999999744,Schematic internal layout
PS3-1162,DriveMainFFCContact0,PS3-1162 · Separate FFC terminal study012,Optical,gold,1,0.08995879644737165,0.25,3.0,0.11999999999999744,Schematic internal layout
PS3-1163,DriveMainFFCContact1,PS3-1163 · Separate FFC terminal study013,Optical,gold,1,0.08995879644737166,0.25,3.0,0.11999999999999744,Schematic internal layout
PS3-1164,DriveMainFFCContact2,PS3-1164 · Separate FFC terminal study014,Optical,gold,1,0.08995879644737168,0.25,3.0,0.11999999999999744,Schematic internal layout
PS3-1165,DriveMainFFCContact3,PS3-1165 · Separate FFC terminal study015,Optical,gold,1,0.08995879644737166,0.25,3.0,0.11999999999999744,Schematic internal layout
PS3-1166,DriveMainFFCContact4,PS3-1166 · Separate FFC terminal study016,Optical,gold,1,0.08995879644737166,0.25,3.0,0.11999999999999744,Schematic internal layout
PS3-1167,DriveMainFFCContact5,PS3-1167 · Separate FFC terminal study017,Optical,gold,1,0.08995879644737165,0.25,3.0,0.11999999999999744,Schematic internal layout
PS3-1168,DriveMainFFCContact6,PS3-1168 · Separate FFC terminal study018,Optical,gold,1,0.08995879644737166,0.25,3.0,0.11999999999999744,Schematic internal layout
PS3-1169,DriveMainFFCContact7,PS3-1169 · Separate FFC terminal study019,Optical,gold,1,0.08995879644737166,0.25,3.0,0.11999999999999744,Schematic internal layout
PS3-1170,DriveMainFFCContact8,PS3-1170 · Separate FFC terminal study020,Optical,gold,1,0.08995879644737165,0.25,3.0,0.11999999999999744,Schematic internal layout
PS3-1171,DriveMainFFCContact9,PS3-1171 · Separate FFC terminal study021,Optical,gold,1,0.08995879644737166,0.25,3.0,0.11999999999999744,Schematic internal layout
PS3-1172,DriveMainFFCContact10,PS3-1172 · Separate FFC terminal study022,Optical,gold,1,0.08995879644737166,0.25,3.0,0.11999999999999744,Schematic internal layout
PS3-1173,DriveMainFFCContact11,PS3-1173 · Separate FFC terminal study023,Optical,gold,1,0.08995879644737168,0.25,3.0,0.11999999999999744,Schematic internal layout
PS3-1174,DriveMainFFCContact12,PS3-1174 · Separate FFC terminal study024,Optical,gold,1,0.08995879644737165,0.25,3.0,0.11999999999999744,Schematic internal layout
PS3-1175,DriveMainFFCContact13,PS3-1175 · Separate FFC terminal study025,Optical,gold,1,0.08995879644737166,0.25,3.0,0.11999999999999744,Schematic internal layout
PS3-1176,DriveMainFFCContact14,PS3-1176 · Separate FFC terminal study026,Optical,gold,1,0.08995879644737168,0.25,3.0,0.11999999999999744,Schematic internal layout
PS3-1177,DriveMainFFCContact15,PS3-1177 · Separate FFC terminal study027,Optical,gold,1,0.08995879644737165,0.25,3.0,0.11999999999999744,Schematic internal layout
PS3-1178,DriveMainFFCContact16,PS3-1178 · Separate FFC terminal study028,Optical,gold,1,0.08995879644737166,0.25,3.0,0.11999999999999744,Schematic internal layout
PS3-1179,DriveMainFFCContact17,PS3-1179 · Separate FFC terminal study029,Optical,gold,1,0.08995879644737168,0.25,3.0,0.11999999999999744,Schematic internal layout
PS3-1180,DriveMainFFCContact18,PS3-1180 · Separate FFC terminal study030,Optical,gold,1,0.08995879644737165,0.25,3.0,0.11999999999999744,Schematic internal layout
PS3-1181,DriveMainFFCContact19,PS3-1181 · Separate FFC terminal study031,Optical,gold,1,0.08995879644737166,0.25,3.0,0.11999999999999744,Schematic internal layout
PS3-1182,DriveMainFFCContact20,PS3-1182 · Separate FFC terminal study032,Optical,gold,1,0.08995879644737165,0.25,3.0,0.11999999999999744,Schematic internal layout
PS3-1183,DriveMainFFCContact21,PS3-1183 · Separate FFC terminal study033,Optical,gold,1,0.08995879644737165,0.25,3.0,0.11999999999999744,Schematic internal layout
PS3-1184,DriveMainFFCContact22,PS3-1184 · Separate FFC terminal study034,Optical,gold,1,0.08995879644737166,0.25,3.0,0.11999999999999744,Schematic internal layout
PS3-1185,DriveMainFFCContact23,PS3-1185 · Separate FFC terminal study035,Optical,gold,1,0.08995879644737165,0.25,3.0,0.11999999999999744,Schematic internal layout
PS3-1186,ControlFFCContact0,PS3-1186 · Separate control-board flex terminal,Controls,gold,1,0.05995879644737187,0.25,2.0,0.11999999999999744,Schematic internal layout
PS3-1187,ControlFFCContact1,PS3-1187 · Separate control-board flex terminal001,Controls,gold,1,0.059958796447371863,0.25,2.0,0.11999999999999744,Schematic internal layout
PS3-1188,ControlFFCContact2,PS3-1188 · Separate control-board flex terminal002,Controls,gold,1,0.059958796447371863,0.25,2.0,0.11999999999999744,Schematic internal layout
PS3-1189,ControlFFCContact3,PS3-1189 · Separate control-board flex terminal003,Controls,gold,1,0.05995879644737187,0.25,2.0,0.11999999999999744,Schematic internal layout
PS3-1190,ControlFFCContact4,PS3-1190 · Separate control-board flex terminal004,Controls,gold,1,0.05995879644737187,0.25,2.0,0.11999999999999744,Schematic internal layout
PS3-1191,ControlFFCContact5,PS3-1191 · Separate control-board flex terminal005,Controls,gold,1,0.05995879644737187,0.25,2.0,0.11999999999999744,Schematic internal layout
PS3-1192,ControlFFCContact6,PS3-1192 · Separate control-board flex terminal006,Controls,gold,1,0.05995879644737187,0.25,2.0,0.11999999999999744,Schematic internal layout
PS3-1193,ControlFFCContact7,PS3-1193 · Separate control-board flex terminal007,Controls,gold,1,0.05995879644737187,0.25,2.0,0.11999999999999744,Schematic internal layout
PS3-1194,ControlFFCContact8,PS3-1194 · Separate control-board flex terminal008,Controls,gold,1,0.05995879644737187,0.25,2.0,0.11999999999999744,Schematic internal layout
PS3-1195,ControlFFCContact9,PS3-1195 · Separate control-board flex terminal009,Controls,gold,1,0.05995879644737187,0.25,2.0,0.11999999999999744,Schematic internal layout
PS3-1196,ControlFFCContact10,PS3-1196 · Separate control-board flex terminal010,Controls,gold,1,0.05995879644737187,0.25,2.0,0.11999999999999744,Schematic internal layout
PS3-1197,ControlFFCContact11,PS3-1197 · Separate control-board flex terminal011,Controls,gold,1,0.05995879644737187,0.25,2.0,0.11999999999999744,Schematic internal layout
PS3-1198,WirelessRibbon,PS3-1198 · Independent routed WirelessRibbon study,Wiring,white,1,56.21775090607638,12.3000002,26.120000199999993,10.470000200000008,Schematic internal layout
PS3-1199,WirelessLinkHousing,PS3-1199 · WirelessLink board connector carrier001,Mainboard,black,1,142.5248892969003,23.0,5.000000099999994,2.9999999999999964,Schematic internal layout
PS3-1200,WirelessFFCSocket,PS3-1200 · Wireless assembly ribbon connector001,Wireless,white,1,106.08287569343851,15.0,6.0,2.799999999999997,Schematic internal layout
PS3-1201,ControlRibbon,PS3-1201 · Independent routed ControlRibbon study,Wiring,white,1,309.3788063432132,216.8000002,31.900000199999994,10.970000200000008,Schematic internal layout
PS3-1202,ControlLinkHousing,PS3-1202 · ControlLink board connector carrier001,Mainboard,black,1,172.22488929690013,28.0,5.000000099999994,2.9999999999999964,Schematic internal layout
PS3-1203,ControlFFC,PS3-1203 · Control-board ribbon connector study002,Controls,white,1,51.354457925587454,12.0,4.0,2.0,Schematic internal layout
PS3-1204,ReaderRibbon,PS3-1204 · Independent routed ReaderRibbon study,Wiring,white,1,152.55212663952466,26.000000199999988,57.0600002,15.910000200000006,Schematic internal layout
PS3-1205,CardLinkHousing,PS3-1205 · CardLink board connector carrier001,Mainboard,black,1,116.51488929690024,18.0,5.0,2.9999999999999964,Schematic internal layout
PS3-1206,ReaderFFCSocket,PS3-1206 · ReaderFFC independent FFC carrier001,FrontIO,white,1,68.0248694264108,14.0,5.0,2.200000000000003,Schematic internal layout
PS3-1207,OpticalMainRibbon,PS3-1207 · Independent routed OpticalMainRibbon study,Wiring,white,1,29.08868222746687,22.000000199999988,8.000000199999988,3.420000200000011,Schematic internal layout
PS3-1208,OpticalLinkHousing,PS3-1208 · OpticalLink board connector carrier001,Mainboard,black,1,174.44488929690027,29.0,5.000000099999994,2.9999999999999964,Schematic internal layout
PS3-1209,DriveMainFFCSocket,PS3-1209 · DriveMainFFC independent FFC carrier001,Optical,white,1,123.44486942641069,27.0,5.000000099999994,2.200000000000003,Schematic internal layout
PS3-1210,AntennaCoax,PS3-1210 · Independent wireless antenna coaxial cable study,Wiring,black,1,253.16911469683393,287.5000002,164.8000002,4.5500001000000125,Schematic internal layout
PS3-1211,AntennaTerminal,PS3-1211 · Separate antenna-end coaxial termination,Wireless,metal,1,0.6785840131753994,1.5,1.5,0.6000000000000014,Schematic internal layout
PS3-1212,PowerControlLead0,PS3-1212 · Independent routed PowerControlLead0 study,Wiring,white,1,25.255904637634668,14.700000200000048,59.60000019999999,16.8000001,Schematic internal layout
PS3-1213,PowerControlLead1,PS3-1213 · Independent routed PowerControlLead1 study,Wiring,white,1,25.269136791180433,14.900000199999965,59.60000020000001,16.8000001,Schematic internal layout
PS3-1214,PowerControlLead2,PS3-1214 · Independent routed PowerControlLead2 study,Wiring,red,1,25.28254490421436,15.10000020000001,59.60000019999999,16.8000001,Schematic internal layout
PS3-1215,PowerControlLead3,PS3-1215 · Independent routed PowerControlLead3 study,Wiring,black,1,25.2961285650376,15.300000200000028,59.6000002,16.8000001,Schematic internal layout
PS3-1216,PowerControlLead4,PS3-1216 · Independent routed PowerControlLead4 study,Wiring,black,1,25.309887357870487,15.500000199999945,59.60000020000001,16.8000001,Schematic internal layout
PS3-1217,PowerOutputSocket,PS3-1217 · Five-position power-control harness carrier005,Power,white,1,236.4024072017169,18.0,7.0,5.0,Schematic internal layout
PS3-1218,FanLead0,PS3-1218 · Independent routed FanLead0 study,Wiring,black,1,13.854609164802133,81.93333353333328,83.10000020000005,32.100000200000004,Schematic internal layout
PS3-1219,FanLead1,PS3-1219 · Independent routed FanLead1 study,Wiring,red,1,14.098484031405109,84.60000019999995,82.30000020000006,32.55000020000001,Schematic internal layout
PS3-1220,FanLead2,PS3-1220 · Independent routed FanLead2 study,Wiring,white,1,14.370413978345585,87.2666668666666,81.50000020000007,33.000000199999995,Schematic internal layout
PS3-1221,CoolingCarrier,PS3-1221 · Heat-exchanger carrier with fan opening005,Cooling,metal,1,8615.95853422348,200.0000002,171.0000002,0.45000020004685126,Published approximate body envelope; photo-estimated local curves and details
PS3-1222,ACInternalLead0,PS3-1222 · Independent routed ACInternalLead0 study,Wiring,black,1,197.72801751342612,147.70000019999998,30.376976869924917,33.5750002,Schematic internal layout
PS3-1223,ACInternalLead1,PS3-1223 · Independent routed ACInternalLead1 study,Wiring,wiregreen,1,192.61918454809685,147.10000019999998,30.50352679546664,28.475000199999993,Schematic internal layout
PS3-1224,ACInternalLead2,PS3-1224 · Independent routed ACInternalLead2 study,Wiring,white,1,201.90634570583748,148.1000002,30.602446864005955,36.37500019999999,Schematic internal layout
PS3-1225,ACSocket,PS3-1225 · Grounded AC inlet insulating shell003,Ports,black,1,2170.389936711011,24.000000199999988,13.300000099999991,17.600000200000004,Published approximate body envelope; photo-estimated local curves and details
PS3-1226,RTCTerminal0,PS3-1226 · Separate RTC plug terminal,Mainboard,metal,1,0.2638937829015421,0.9000000000000057,0.9000000000000057,0.6000000000000014,Schematic internal layout
PS3-1227,RTCLead0,PS3-1227 · Independent routed RTCLead0 study,Wiring,black,1,1.494667487412979,6.8400001999999915,2.3400001999999773,6.7200001,Schematic internal layout
PS3-1228,RTCTerminal1,PS3-1228 · Separate RTC plug terminal001,Mainboard,metal,1,0.2638937829015421,0.9000000000000057,0.9000000000000057,0.6000000000000014,Schematic internal layout
PS3-1229,RTCLead1,PS3-1229 · Independent routed RTCLead1 study,Wiring,red,1,1.3130834320354967,4.840000200000006,2.3400001999999773,6.7200001,Schematic internal layout
PS3-1230,LeftOuterApron,PS3-1230 · LeftOuterApronWall,Body,ps3gloss,1,11592.533333333371,1.3000002000001132,256.00000020000004,49.455701454275975,Published approximate body envelope; photo-estimated local curves and details
PS3-1231,RightOuterApron,PS3-1231 · RightOuterApronWall001,Body,ps3gloss,1,9816.217933486747,1.300000200000028,256.0000002,49.45570145427594,Published approximate body envelope; photo-estimated local curves and details
PS3-1232,CasePillar0,PS3-1232 · Separate lower case fixing pillar study,Frame,black,1,640.6375009108472,6.399999999999977,6.400000000000006,23.5,Schematic internal layout
PS3-1233,CaseUpperSpacer0,PS3-1233 · Case-to-frame support sleeve,Frame,black,1,147.26215563702158,5.0,5.0,9.999999999999996,Schematic internal layout
PS3-1234,CaseFixing0,PS3-1234 · Cross-head fastener028,Frame,metal,1,46.00314473621742,4.399999999999977,4.400000000000006,34.33,Schematic internal layout
PS3-1235,CasePillar1,PS3-1235 · Separate lower case fixing pillar study001,Frame,black,1,640.6375009108472,6.399999999999977,6.400000000000006,23.5,Schematic internal layout
PS3-1236,CaseUpperSpacer1,PS3-1236 · Case-to-frame support sleeve001,Frame,black,1,147.26215563702158,5.0,5.0,9.999999999999996,Schematic internal layout
PS3-1237,CaseFixing1,PS3-1237 · Cross-head fastener029,Frame,metal,1,46.00314473621742,4.399999999999977,4.400000000000006,34.33,Schematic internal layout
PS3-1238,CasePillar2,PS3-1238 · Separate lower case fixing pillar study002,Frame,black,1,640.6375009108472,6.399999999999977,6.400000000000006,23.5,Schematic internal layout
PS3-1239,CaseUpperSpacer2,PS3-1239 · Case-to-frame support sleeve002,Frame,black,1,147.26215563702158,5.0,5.0,9.999999999999996,Schematic internal layout
PS3-1240,CaseFixing2,PS3-1240 · Cross-head fastener030,Frame,metal,1,46.00314473621742,4.399999999999977,4.400000000000006,34.33,Schematic internal layout
PS3-1241,CasePillar3,PS3-1241 · Separate lower case fixing pillar study003,Frame,black,1,640.6375009108472,6.399999999999977,6.400000000000006,23.5,Schematic internal layout
PS3-1242,CaseUpperSpacer3,PS3-1242 · Case-to-frame support sleeve003,Frame,black,1,147.26215563702158,5.0,5.0,9.999999999999996,Schematic internal layout
PS3-1243,CaseFixing3,PS3-1243 · Cross-head fastener031,Frame,metal,1,46.00314473621742,4.399999999999977,4.400000000000006,34.33,Schematic internal layout
PS3-1244,MainPCB,PS3-1244 · COK-001-family mainboard study009,Mainboard,pcb,1,104480.2013468927,292.00000000000045,224.00000000000023,1.6000000000000014,Published approximate body envelope; photo-estimated local curves and details
PS3-1245,UpperBoardShield,PS3-1245 · Separate upper shield and equipment mounting frame015,Shielding,metal,1,14101.146519034419,292.00000009999997,222.0000001,0.35000020000001797,Published approximate body envelope; photo-estimated local curves and details
PS3-1246,LowerBoardShield,PS3-1246 · Separate lower mainboard shield with processor windows008,Shielding,metal,1,19928.06307016185,292.0000002,221.00000020000135,0.35000020000000376,Published approximate body envelope; photo-estimated local curves and details
PS3-1247,TopWordmark,PS3-1247 · PLAYSTATION 3,Body,chrome,12,4.046667917386938,85.71971496510068,8.77046999865772,0.01800019999998881,Published approximate body envelope; photo-estimated local curves and details
PS3-1248,BottomModelPlate,PS3-1248 · Separate lower model-identification label,Body,black,1,186.95707963267952,110.0,34.0,0.05000000000001347,Published approximate body envelope; photo-estimated local curves and details
PS3-1249,BottomModelMark,PS3-1249 · CECHA00 / CAD STUDY,Body,white,16,0.44630146087609285,36.820050435570465,2.6845638583892644,0.01800020000000427,Published approximate body envelope; photo-estimated local curves and details
PS3-1250,SIXDPad,PS3-1250 · Linked four-way directional rocker,Controller,buttonblack,1,1043.107597620049,23.86300821826005,23.863008218260063,9.499999999999996,Published approximate body envelope; photo-estimated local curves and details
PS3-1251,SIXButtonTriangle,PS3-1251 · Triangle pressure-button cap and locating ears,Controller,buttonblack,1,366.425826818541,11.0,9.000000199999988,8.200000000000003,Published approximate body envelope; photo-estimated local curves and details
PS3-1252,SIXSymbolTriangle,PS3-1252 · Triangle face-button symbol,Controller,ctrlcyan,1,0.1452250000000022,5.599999999999994,5.099999999999994,0.02499999999999858,Published approximate body envelope; photo-estimated local curves and details
PS3-1253,SIXButtonCircle,PS3-1253 · Circle pressure-button cap and locating ears,Controller,buttonblack,1,366.42582681854117,11.0,9.000000199999988,8.200000000000003,Published approximate body envelope; photo-estimated local curves and details
PS3-1254,SIXSymbolCircle,PS3-1254 · Circle face-button symbol,Controller,ctrlcoral,1,0.17592918860103923,6.0,6.0,0.02499999999999858,Published approximate body envelope; photo-estimated local curves and details
PS3-1255,SIXButtonCross,PS3-1255 · Cross pressure-button cap and locating ears,Controller,buttonblack,1,366.425826818541,11.0,9.000000100000022,8.200000000000003,Published approximate body envelope; photo-estimated local curves and details
PS3-1256,SIXSymbolCross,PS3-1256 · Cross face-button symbol,Controller,ctrlblue,1,0.1424354866776431,5.197026688919635,5.197026688919465,0.02499999999999858,Published approximate body envelope; photo-estimated local curves and details
PS3-1257,SIXButtonSquare,PS3-1257 · Square pressure-button cap and locating ears,Controller,buttonblack,1,366.42582681854105,11.0,9.000000199999988,8.200000000000003,Published approximate body envelope; photo-estimated local curves and details
PS3-1258,SIXSymbolSquare,PS3-1258 · Square face-button symbol,Controller,ctrlpurple,1,0.207896991118449,5.599999999999994,5.600000000000023,0.02499999999999858,Published approximate body envelope; photo-estimated local curves and details
PS3-1259,SIXSelect,PS3-1259 · SELECT button,Controller,buttonblack,1,58.889201743966524,7.0,3.8000000000000114,5.799999999999997,Published approximate body envelope; photo-estimated local curves and details
PS3-1260,SIXStart,PS3-1260 · Triangular START button,Controller,buttonblack,1,38.997455380556666,6.200000000000001,4.199999999999989,5.799999999999997,Published approximate body envelope; photo-estimated local curves and details
PS3-1261,SIXPSButton,PS3-1261 · Original round PS button,Controller,buttonblack,1,95.9065405287892,7.8,7.7999999999999545,5.899999999999999,Published approximate body envelope; photo-estimated local curves and details
PS3-1262,SIXPSRetainer,PS3-1262 · Separate PS-button retaining ring,Controller,white,1,17.341591447815702,9.8,9.799999999999955,1.0,Schematic internal layout
PS3-1263,SIXPSMark,PS3-1263 · PS,Controller,white,2,0.02937382903402476,2.512072347651007,1.7540941597316078,0.01800020000000302,Published approximate body envelope; photo-estimated local curves and details
PS3-1264,SIXSonyMark,PS3-1264 · SONY,Controller,white,4,0.25412829491971406,12.607248422147649,3.508188119463057,0.01800020000000302,Published approximate body envelope; photo-estimated local curves and details
PS3-1265,SIXSelectMark,PS3-1265 · SELECT,Controller,white,6,0.038844432707955755,5.95962677785235,1.2181210053691132,0.01800020000000302,Published approximate body envelope; photo-estimated local curves and details
PS3-1266,SIXStartMark,PS3-1266 · START,Controller,white,5,0.03401160269495391,4.869022751006712,1.2181210053691132,0.01800020000000302,Published approximate body envelope; photo-estimated local curves and details
PS3-1267,SIXL1,PS3-1267 · L1 shoulder key and stem,Controller,buttonblack,1,353.58051723561186,18.400000000000006,10.199999999999989,6.399999999999999,Published approximate body envelope; photo-estimated local curves and details
PS3-1268,SIXL1Mark,PS3-1268 · 1,Controller,white,1,0.013603252105761198,1.1187080536912788,0.018000000000000682,1.8791946308724832,Published approximate body envelope; photo-estimated local curves and details
PS3-1269,SIXShoulderL,PS3-1269 · L,Controller,white,1,0.012134858790144764,1.169043624161084,1.8791946308724903,0.018000000000000682,Published approximate body envelope; photo-estimated local curves and details
PS3-1270,SIXR1,PS3-1270 · R1 shoulder key and stem,Controller,buttonblack,1,353.58051723561186,18.400000000000006,10.199999999999989,6.399999999999999,Published approximate body envelope; photo-estimated local curves and details
PS3-1271,SIXR1Mark,PS3-1271 · 001,Controller,white,1,0.013603252105761198,1.1187080536912788,0.018000000000000682,1.8791946308724832,Published approximate body envelope; photo-estimated local curves and details
PS3-1272,SIXShoulderR,PS3-1272 · R,Controller,white,1,0.021755684667920636,1.4635069114093966,1.8791948308724784,0.01800020000000302,Published approximate body envelope; photo-estimated local curves and details
PS3-1273,SIXStickDome0,PS3-1273 · Analogue stick hard dome and keyed stem study,Controller,buttonblack,1,1249.3045841824373,24.0,24.0,10.800000000000004,Published approximate body envelope; photo-estimated local curves and details
PS3-1274,SIXStickCap0,PS3-1274 · Convex rubber analogue thumb cap,Controller,stickrubber,1,1207.6481127933928,22.03996370232947,22.039963702329487,5.299999999999997,Published approximate body envelope; photo-estimated local curves and details
PS3-1275,SIXStickDome1,PS3-1275 · Analogue stick hard dome and keyed stem study001,Controller,buttonblack,1,1249.3045841824373,24.0,24.0,10.800000000000004,Published approximate body envelope; photo-estimated local curves and details
PS3-1276,SIXStickCap1,PS3-1276 · Convex rubber analogue thumb cap001,Controller,stickrubber,1,1207.6481127933928,22.039963702329473,22.039963702329487,5.299999999999997,Published approximate body envelope; photo-estimated local curves and details
PS3-1277,SIXControlIC,PS3-1277 · Wireless-controller processing package study,Controller,black,1,215.88411500823457,12.0,12.0,1.5,Schematic internal layout
PS3-1278,SIXControlLeadX-1_0,PS3-1278 · Independent controller IC lead study,Controller,metal,1,0.04194849555921412,1.0,0.28000000000002956,0.15000000000000036,Schematic internal layout
PS3-1279,SIXControlLeadY-1_0,PS3-1279 · Independent controller IC lead study001,Controller,metal,1,0.041948495559215475,0.28000000000000114,1.0,0.15000000000000036,Schematic internal layout
PS3-1280,SIXControlLeadX-1_1,PS3-1280 · Independent controller IC lead study002,Controller,metal,1,0.041948495559214115,1.0,0.28000000000002956,0.15000000000000036,Schematic internal layout
PS3-1281,SIXControlLeadY-1_1,PS3-1281 · Independent controller IC lead study003,Controller,metal,1,0.04194849555921547,0.28000000000000114,1.0,0.15000000000000036,Schematic internal layout
PS3-1282,SIXControlLeadX-1_2,PS3-1282 · Independent controller IC lead study004,Controller,metal,1,0.041948495559214115,1.0,0.28000000000002956,0.15000000000000036,Schematic internal layout
PS3-1283,SIXControlLeadY-1_2,PS3-1283 · Independent controller IC lead study005,Controller,metal,1,0.04194849555921547,0.28000000000000114,1.0,0.15000000000000036,Schematic internal layout
PS3-1284,SIXControlLeadX-1_3,PS3-1284 · Independent controller IC lead study006,Controller,metal,1,0.041948495559214115,1.0,0.28000000000002956,0.15000000000000036,Schematic internal layout
PS3-1285,SIXControlLeadY-1_3,PS3-1285 · Independent controller IC lead study007,Controller,metal,1,0.041948495559215475,0.28000000000000114,1.0,0.15000000000000036,Schematic internal layout
PS3-1286,SIXControlLeadX-1_4,PS3-1286 · Independent controller IC lead study008,Controller,metal,1,0.041948495559214115,1.0,0.28000000000002956,0.15000000000000036,Schematic internal layout
PS3-1287,SIXControlLeadY-1_4,PS3-1287 · Independent controller IC lead study009,Controller,metal,1,0.041948495559215475,0.28000000000000114,1.0,0.15000000000000036,Schematic internal layout
PS3-1288,SIXControlLeadX-1_5,PS3-1288 · Independent controller IC lead study010,Controller,metal,1,0.04194849555921412,1.0,0.28000000000002956,0.15000000000000036,Schematic internal layout
PS3-1289,SIXControlLeadY-1_5,PS3-1289 · Independent controller IC lead study011,Controller,metal,1,0.041948495559215475,0.28000000000000114,1.0,0.15000000000000036,Schematic internal layout
PS3-1290,SIXControlLeadX-1_6,PS3-1290 · Independent controller IC lead study012,Controller,metal,1,0.041948495559214115,1.0,0.28000000000002956,0.15000000000000036,Schematic internal layout
PS3-1291,SIXControlLeadY-1_6,PS3-1291 · Independent controller IC lead study013,Controller,metal,1,0.04194849555921547,0.28000000000000114,1.0,0.15000000000000036,Schematic internal layout
PS3-1292,SIXControlLeadX-1_7,PS3-1292 · Independent controller IC lead study014,Controller,metal,1,0.041948495559214115,1.0,0.28000000000002956,0.15000000000000036,Schematic internal layout
PS3-1293,SIXControlLeadY-1_7,PS3-1293 · Independent controller IC lead study015,Controller,metal,1,0.04194849555921547,0.28000000000000114,1.0,0.15000000000000036,Schematic internal layout
PS3-1294,SIXControlLeadX-1_8,PS3-1294 · Independent controller IC lead study016,Controller,metal,1,0.041948495559214115,1.0,0.28000000000002956,0.15000000000000036,Schematic internal layout
PS3-1295,SIXControlLeadY-1_8,PS3-1295 · Independent controller IC lead study017,Controller,metal,1,0.04194849555921547,0.28000000000000114,1.0,0.15000000000000036,Schematic internal layout
PS3-1296,SIXControlLeadX-1_9,PS3-1296 · Independent controller IC lead study018,Controller,metal,1,0.041948495559214115,1.0,0.28000000000002956,0.15000000000000036,Schematic internal layout
PS3-1297,SIXControlLeadY-1_9,PS3-1297 · Independent controller IC lead study019,Controller,metal,1,0.04194849555921547,0.28000000000000114,1.0,0.15000000000000036,Schematic internal layout
PS3-1298,SIXControlLeadX-1_10,PS3-1298 · Independent controller IC lead study020,Controller,metal,1,0.04194849555921412,1.0,0.28000000000002956,0.15000000000000036,Schematic internal layout
PS3-1299,SIXControlLeadY-1_10,PS3-1299 · Independent controller IC lead study021,Controller,metal,1,0.041948495559215475,0.28000000000000114,1.0,0.15000000000000036,Schematic internal layout
PS3-1300,SIXControlLeadX1_0,PS3-1300 · Independent controller IC lead study022,Controller,metal,1,0.041948495559214115,1.0,0.28000000000002956,0.15000000000000036,Schematic internal layout
PS3-1301,SIXControlLeadY1_0,PS3-1301 · Independent controller IC lead study023,Controller,metal,1,0.041948495559215475,0.28000000000000114,1.0,0.15000000000000036,Schematic internal layout
PS3-1302,SIXControlLeadX1_1,PS3-1302 · Independent controller IC lead study024,Controller,metal,1,0.041948495559214115,1.0,0.28000000000002956,0.15000000000000036,Schematic internal layout
PS3-1303,SIXControlLeadY1_1,PS3-1303 · Independent controller IC lead study025,Controller,metal,1,0.04194849555921547,0.28000000000000114,1.0,0.15000000000000036,Schematic internal layout
PS3-1304,SIXControlLeadX1_2,PS3-1304 · Independent controller IC lead study026,Controller,metal,1,0.041948495559214115,1.0,0.28000000000002956,0.15000000000000036,Schematic internal layout
PS3-1305,SIXControlLeadY1_2,PS3-1305 · Independent controller IC lead study027,Controller,metal,1,0.04194849555921547,0.28000000000000114,1.0,0.15000000000000036,Schematic internal layout
PS3-1306,SIXControlLeadX1_3,PS3-1306 · Independent controller IC lead study028,Controller,metal,1,0.04194849555921412,1.0,0.28000000000002956,0.15000000000000036,Schematic internal layout
PS3-1307,SIXControlLeadY1_3,PS3-1307 · Independent controller IC lead study029,Controller,metal,1,0.04194849555921548,0.28000000000000114,1.0,0.15000000000000036,Schematic internal layout
PS3-1308,SIXControlLeadX1_4,PS3-1308 · Independent controller IC lead study030,Controller,metal,1,0.04194849555921412,1.0,0.28000000000002956,0.15000000000000036,Schematic internal layout
PS3-1309,SIXControlLeadY1_4,PS3-1309 · Independent controller IC lead study031,Controller,metal,1,0.041948495559215475,0.28000000000000114,1.0,0.15000000000000036,Schematic internal layout
PS3-1310,SIXControlLeadX1_5,PS3-1310 · Independent controller IC lead study032,Controller,metal,1,0.041948495559214115,1.0,0.28000000000002956,0.15000000000000036,Schematic internal layout
PS3-1311,SIXControlLeadY1_5,PS3-1311 · Independent controller IC lead study033,Controller,metal,1,0.04194849555921548,0.28000000000000114,1.0,0.15000000000000036,Schematic internal layout
PS3-1312,SIXControlLeadX1_6,PS3-1312 · Independent controller IC lead study034,Controller,metal,1,0.041948495559214115,1.0,0.28000000000002956,0.15000000000000036,Schematic internal layout
PS3-1313,SIXControlLeadY1_6,PS3-1313 · Independent controller IC lead study035,Controller,metal,1,0.04194849555921547,0.28000000000000114,1.0,0.15000000000000036,Schematic internal layout
PS3-1314,SIXControlLeadX1_7,PS3-1314 · Independent controller IC lead study036,Controller,metal,1,0.04194849555921412,1.0,0.28000000000002956,0.15000000000000036,Schematic internal layout
PS3-1315,SIXControlLeadY1_7,PS3-1315 · Independent controller IC lead study037,Controller,metal,1,0.04194849555921547,0.28000000000000114,1.0,0.15000000000000036,Schematic internal layout
PS3-1316,SIXControlLeadX1_8,PS3-1316 · Independent controller IC lead study038,Controller,metal,1,0.04194849555921412,1.0,0.28000000000002956,0.15000000000000036,Schematic internal layout
PS3-1317,SIXControlLeadY1_8,PS3-1317 · Independent controller IC lead study039,Controller,metal,1,0.04194849555921547,0.28000000000000114,1.0,0.15000000000000036,Schematic internal layout
PS3-1318,SIXControlLeadX1_9,PS3-1318 · Independent controller IC lead study040,Controller,metal,1,0.04194849555921412,1.0,0.28000000000002956,0.15000000000000036,Schematic internal layout
PS3-1319,SIXControlLeadY1_9,PS3-1319 · Independent controller IC lead study041,Controller,metal,1,0.041948495559215475,0.28000000000000114,1.0,0.15000000000000036,Schematic internal layout
PS3-1320,SIXControlLeadX1_10,PS3-1320 · Independent controller IC lead study042,Controller,metal,1,0.041948495559214115,1.0,0.28000000000002956,0.15000000000000036,Schematic internal layout
PS3-1321,SIXControlLeadY1_10,PS3-1321 · Independent controller IC lead study043,Controller,metal,1,0.04194849555921548,0.28000000000000114,1.0,0.15000000000000036,Schematic internal layout
PS3-1322,SIXChargeIC,PS3-1322 · Battery-charge control package study,Controller,black,1,53.862230076757946,7.0,7.0,1.0999999999999996,Schematic internal layout
PS3-1323,SIXCrystal,PS3-1323 · Wireless controller crystal study,Controller,metal,1,14.965663706143593,5.0,3.0,1.0,Schematic internal layout
PS3-1324,SIXBypass0,PS3-1324 · Separate controller bypass component,Controller,metal,1,0.8057079632679425,1.8000000000000043,0.8999999999999773,0.5,Schematic internal layout
PS3-1325,SIXBypass1,PS3-1325 · Separate controller bypass component001,Controller,metal,1,0.8057079632679426,1.8000000000000043,0.8999999999999773,0.5,Schematic internal layout
PS3-1326,SIXBypass2,PS3-1326 · Separate controller bypass component002,Controller,metal,1,0.8057079632679429,1.8000000000000007,0.8999999999999773,0.5,Schematic internal layout
PS3-1327,SIXBypass3,PS3-1327 · Separate controller bypass component003,Controller,metal,1,0.8057079632679428,1.7999999999999998,0.8999999999999773,0.5,Schematic internal layout
PS3-1328,SIXBypass4,PS3-1328 · Separate controller bypass component004,Controller,metal,1,0.8057079632679429,1.8000000000000007,0.8999999999999773,0.5,Schematic internal layout
PS3-1329,SIXBypass5,PS3-1329 · Separate controller bypass component005,Controller,metal,1,0.8057079632679429,1.8000000000000007,0.8999999999999773,0.5,Schematic internal layout
PS3-1330,SIXBypass6,PS3-1330 · Separate controller bypass component006,Controller,metal,1,0.8057079632679426,1.8000000000000043,0.8999999999999773,0.5,Schematic internal layout
PS3-1331,SIXBypass7,PS3-1331 · Separate controller bypass component007,Controller,metal,1,0.8057079632679425,1.8000000000000007,0.8999999999999773,0.5,Schematic internal layout
PS3-1332,SIXBoardScrew,PS3-1332 · Cross-head fastener032,Controller,metal,1,13.148488241124552,3.4,3.3999999999999773,8.83,Schematic internal layout
PS3-1333,SIXMotionPCB,PS3-1333 · Early separate motion-sensor board study,Controller,pcb,1,66.98368134870461,8.0,12.0,0.6999999999999993,Published approximate body envelope; photo-estimated local curves and details
PS3-1334,SIXMotionIC,PS3-1334 · Motion-sensor package envelope,Controller,black,1,9.757079632679492,3.5,3.5,0.8000000000000007,Schematic internal layout
PS3-1335,SIXMotionTerminal0,PS3-1335 · Separate three-wire sensor terminal,Controller,gold,1,0.10816991118430827,0.7000000000000002,1.3000000000000114,0.120000000000001,Schematic internal layout
PS3-1336,SIXMotionTerminal1,PS3-1336 · Separate three-wire sensor terminal001,Controller,gold,1,0.10816991118430826,0.7,1.3000000000000114,0.120000000000001,Schematic internal layout
PS3-1337,SIXMotionTerminal2,PS3-1337 · Separate three-wire sensor terminal002,Controller,gold,1,0.10816991118430827,0.7000000000000002,1.3000000000000114,0.120000000000001,Schematic internal layout
PS3-1338,SIXBatteryCase,PS3-1338 · LIP1359-family 3.7 V / 610 mAh pack enclosure study001,Controller,battery,1,1870.174689900099,42.0,30.0,5.500000000000001,Schematic internal layout
PS3-1339,SIXBatteryCell,PS3-1339 · Separate rechargeable cell envelope,Controller,metal,1,3261.6389372261287,39.0,27.0,3.1000000000000005,Schematic internal layout
PS3-1340,SIXBatteryProtectionPCB,PS3-1340 · Battery protection-board envelope,Controller,pcb,1,47.969097335529256,30.0,4.0,0.40000000000000036,Schematic internal layout
PS3-1341,SIXBatteryProtectionIC,PS3-1341 · Pack protection component study,Controller,black,1,0.8971028752058662,3.0,2.0,0.15000000000000036,Schematic internal layout
PS3-1342,SIXDPadMembranePill0,PS3-1342 · Moving carbon button contact,Controller,black,1,2.51327412287183,4.0,4.0,0.1999999999999993,Schematic internal layout
PS3-1343,SIXDPadMembraneFixed0,PS3-1343 · Split fixed film contact,Controller,black,2,0.6096001609374416,4.599999999999994,4.590206967011397,0.03999999999999915,Schematic internal layout
PS3-1344,SIXDPadMembranePill1,PS3-1344 · Moving carbon button contact001,Controller,black,1,2.51327412287183,4.0,4.0,0.1999999999999993,Schematic internal layout
PS3-1345,SIXDPadMembraneFixed1,PS3-1345 · Split fixed film contact001,Controller,black,2,0.6096001609374416,4.599999999999994,4.590206967011397,0.03999999999999915,Schematic internal layout
PS3-1346,SIXDPadMembranePill2,PS3-1346 · Moving carbon button contact002,Controller,black,1,2.51327412287183,4.0,4.0,0.1999999999999993,Schematic internal layout
PS3-1347,SIXDPadMembraneFixed2,PS3-1347 · Split fixed film contact002,Controller,black,2,0.6096001609374416,4.599999999999994,4.590206967011397,0.03999999999999915,Schematic internal layout
PS3-1348,SIXDPadMembranePill3,PS3-1348 · Moving carbon button contact003,Controller,black,1,2.51327412287183,4.0,4.0,0.1999999999999993,Schematic internal layout
PS3-1349,SIXDPadMembraneFixed3,PS3-1349 · Split fixed film contact003,Controller,black,2,0.6096001609374416,4.599999999999994,4.590206967011397,0.03999999999999915,Schematic internal layout
PS3-1350,SIXDPadMembrane,PS3-1350 · Shaped silicone button membrane,Controller,ctrlpad,1,295.6014247871718,24.0,24.0,4.299999999999997,Schematic internal layout
PS3-1351,SIXFaceMembranePill0,PS3-1351 · Moving carbon button contact004,Controller,black,1,2.51327412287183,4.0,4.0,0.1999999999999993,Schematic internal layout
PS3-1352,SIXFaceMembraneFixed0,PS3-1352 · Split fixed film contact004,Controller,black,2,0.6096001609374416,4.599999999999994,4.590206967011397,0.03999999999999915,Schematic internal layout
PS3-1353,SIXFaceMembranePill1,PS3-1353 · Moving carbon button contact005,Controller,black,1,2.51327412287183,4.0,4.0,0.1999999999999993,Schematic internal layout
PS3-1354,SIXFaceMembraneFixed1,PS3-1354 · Split fixed film contact005,Controller,black,2,0.6096001609374417,4.599999999999994,4.590206967011397,0.03999999999999915,Schematic internal layout
PS3-1355,SIXFaceMembranePill2,PS3-1355 · Moving carbon button contact006,Controller,black,1,2.51327412287183,4.0,4.0,0.1999999999999993,Schematic internal layout
PS3-1356,SIXFaceMembraneFixed2,PS3-1356 · Split fixed film contact006,Controller,black,2,0.6096001609374426,4.599999999999994,4.590206967011426,0.03999999999999915,Schematic internal layout
PS3-1357,SIXFaceMembranePill3,PS3-1357 · Moving carbon button contact007,Controller,black,1,2.51327412287183,4.0,4.0,0.1999999999999993,Schematic internal layout
PS3-1358,SIXFaceMembraneFixed3,PS3-1358 · Split fixed film contact007,Controller,black,2,0.6096001609374416,4.599999999999994,4.590206967011397,0.03999999999999915,Schematic internal layout
PS3-1359,SIXFaceMembrane,PS3-1359 · Shaped silicone button membrane001,Controller,ctrlmint,1,362.7714317194858,32.400000000000006,32.39999999999998,4.299999999999997,Schematic internal layout
PS3-1360,SIXMenuMembranePill0,PS3-1360 · Moving carbon button contact008,Controller,black,1,1.4137166941154067,3.0,3.0,0.1999999999999993,Schematic internal layout
PS3-1361,SIXMenuMembraneFixed0,PS3-1361 · Split fixed film contact008,Controller,black,2,0.36400046011817616,3.6000000000000014,3.5874782229304287,0.03999999999999915,Schematic internal layout
PS3-1362,SIXMenuMembranePill1,PS3-1362 · Moving carbon button contact009,Controller,black,1,1.4137166941154067,3.0,3.0,0.1999999999999993,Schematic internal layout
PS3-1363,SIXMenuMembraneFixed1,PS3-1363 · Split fixed film contact009,Controller,black,2,0.3640004601181761,3.6000000000000014,3.5874782229304287,0.03999999999999915,Schematic internal layout
PS3-1364,SIXMenuMembranePill2,PS3-1364 · Moving carbon button contact010,Controller,black,1,1.4137166941154042,3.0,3.0,0.1999999999999993,Schematic internal layout
PS3-1365,SIXMenuMembraneFixed2,PS3-1365 · Split fixed film contact010,Controller,black,2,0.36400046011817466,3.6,3.587478222930372,0.03999999999999915,Schematic internal layout
PS3-1366,SIXMenuMembrane,PS3-1366 · Shaped silicone button membrane002,Controller,rubber,1,193.1414817353968,30.9,23.399999999999977,4.299999999999997,Schematic internal layout
PS3-1367,SIXDPadPivot,PS3-1367 · Directional rocker pivot support,Controller,ctrlcream,1,47.96740743133577,5.400000000000006,5.399999999999977,3.400000000000002,Schematic internal layout
PS3-1368,SIXShoulderL1Membrane,PS3-1368 · Shoulder-key silicone dome,Controller,ctrlpad,1,43.078946593995035,7.400000000000006,4.450000000000017,7.399999999999999,Schematic internal layout
PS3-1369,SIXShoulderL1Pill,PS3-1369 · Shoulder moving carbon contact,Controller,black,1,1.832176835573591,3.5999999999999943,0.18000000000000682,3.6000000000000014,Schematic internal layout
PS3-1370,SIXShoulderL1Fixed,PS3-1370 · Shoulder fixed film contact,Controller,black,2,0.40809339198309486,3.799999999999997,0.03999999999999204,3.7881393849751603,Schematic internal layout
PS3-1371,SIXShoulderL2Membrane,PS3-1371 · Shoulder-key silicone dome001,Controller,ctrlpad,1,43.07894659399501,7.400000000000006,4.450000000000017,7.399999999999999,Schematic internal layout
PS3-1372,SIXShoulderL2Pill,PS3-1372 · Shoulder moving carbon contact001,Controller,black,1,1.8321768355735912,3.5999999999999943,0.18000000000000682,3.6000000000000014,Schematic internal layout
PS3-1373,SIXShoulderL2Fixed,PS3-1373 · Shoulder fixed film contact001,Controller,black,2,0.4080933919830948,3.799999999999997,0.03999999999999204,3.788139384975162,Schematic internal layout
PS3-1374,SIXShoulderR1Membrane,PS3-1374 · Shoulder-key silicone dome002,Controller,ctrlpad,1,43.078946593995035,7.400000000000006,4.450000000000017,7.399999999999999,Schematic internal layout
PS3-1375,SIXShoulderR1Pill,PS3-1375 · Shoulder moving carbon contact002,Controller,black,1,1.832176835573591,3.5999999999999943,0.18000000000000682,3.6000000000000014,Schematic internal layout
PS3-1376,SIXShoulderR1Fixed,PS3-1376 · Shoulder fixed film contact002,Controller,black,2,0.40809339198309486,3.799999999999997,0.03999999999999204,3.7881393849751603,Schematic internal layout
PS3-1377,SIXShoulderR2Membrane,PS3-1377 · Shoulder-key silicone dome003,Controller,ctrlpad,1,43.07894659399501,7.400000000000006,4.450000000000017,7.399999999999999,Schematic internal layout
PS3-1378,SIXShoulderR2Pill,PS3-1378 · Shoulder moving carbon contact003,Controller,black,1,1.8321768355735912,3.5999999999999943,0.18000000000000682,3.6000000000000014,Schematic internal layout
PS3-1379,SIXShoulderR2Fixed,PS3-1379 · Shoulder fixed film contact003,Controller,black,2,0.4080933919830948,3.799999999999997,0.03999999999999204,3.788139384975162,Schematic internal layout
PS3-1380,SIXFlex,PS3-1380 · Separate pressure-button contact film study008,Controller,ctrlflex,1,403.942586587867,125.96961124161959,45.75999999999999,17.0,Schematic internal layout
PS3-1381,SIXCarrier,PS3-1381 · Early SIXAXIS button carrier with separate sensor location009,Controller,black,3,5792.441011204079,128.0,46.05000000000078,18.0,Schematic internal layout
PS3-1382,SIXJoy0Frame,"PS3-1382 · Stamped joystick cage, cap and board legs",Controller,metal,1,332.55114716936225,17.5,17.5,9.15,Schematic internal layout
PS3-1383,SIXJoy0OuterGimbal,PS3-1383 · X-axis gimbal and potentiometer axle,Controller,ctrlcream,1,111.95263966678208,18.950000000000003,11.0,2.000000000000025,Schematic internal layout
PS3-1384,SIXJoy0InnerGimbal,PS3-1384 · Y-axis gimbal and potentiometer axle,Controller,ctrlcream,2,66.52528555551373,9.5,18.25,1.5000000000014957,Schematic internal layout
PS3-1385,SIXJoy0Shaft,"PS3-1385 · Joystick pivot ball, cross pin and cap shaft",Controller,metal,1,124.94340075018228,9.200000200000002,4.399999999999977,11.25,Schematic internal layout
PS3-1386,SIXJoy0ClickSpring,PS3-1386 · Joystick push-click return spring study,Controller,metal,1,1.0265164277205236,2.6400207688995643,2.6400270209549603,2.0392438813160787,Schematic internal layout
PS3-1387,SIXJoy0ClickSwitch,PS3-1387 · L3/R3 click switch body,Controller,black,1,13.384115008234623,3.0,3.0,1.5,Schematic internal layout
PS3-1388,SIXJoy0ClickActuator,PS3-1388 · L3/R3 switch actuator,Controller,black,1,0.8042477193189852,1.6000000000000014,1.6000000000000227,0.3999999999999986,Schematic internal layout
PS3-1389,SIXJoy0ClickLever,PS3-1389 · Joystick click transfer lever,Controller,metal,1,1.4375277868423544,6.0,1.2000000000000455,0.1999999999999993,Schematic internal layout
PS3-1390,SIXJoy0ClickPin0,PS3-1390 · Click-switch board terminal,Controller,metal,1,0.3958406743523095,0.3999999999999986,0.39999999999997726,3.1500000000000004,Schematic internal layout
PS3-1391,SIXJoy0ClickPin1,PS3-1391 · Click-switch board terminal001,Controller,metal,1,0.3958406743523095,0.3999999999999986,0.39999999999997726,3.1500000000000004,Schematic internal layout
PS3-1392,SIXJoy0Base,PS3-1392 · Joystick insulating base001,Controller,black,1,355.32338020123115,16.00000000000281,16.000000000004604,1.4000000000000004,Schematic internal layout
PS3-1393,SIXJoy0XPin0,PS3-1393 · Potentiometer board terminal,Controller,metal,1,0.38955748904512955,0.3999999999999986,0.39999999999997726,3.0999999999999996,Schematic internal layout
PS3-1394,SIXJoy0XPin1,PS3-1394 · Potentiometer board terminal001,Controller,metal,1,0.38955748904512955,0.3999999999999986,0.39999999999997726,3.0999999999999996,Schematic internal layout
PS3-1395,SIXJoy0XPin2,PS3-1395 · Potentiometer board terminal002,Controller,metal,1,0.38955748904512955,0.3999999999999986,0.39999999999997726,3.0999999999999996,Schematic internal layout
PS3-1396,SIXJoy0XPot,PS3-1396 · Cyan potentiometer housing,Controller,potcyan,1,67.20532457053001,2.3000000000000007,6.7999999999999545,6.4,Schematic internal layout
PS3-1397,SIXJoy0XRotor,PS3-1397 · Potentiometer rotor disc,Controller,ctrlcream,1,3.288854809226814,0.25,4.600000000000023,4.600000000000001,Schematic internal layout
PS3-1398,SIXJoy0XTrack,PS3-1398 · Potentiometer resistive track,Controller,black,1,0.23887885139733442,0.03500000000000014,4.5,4.5,Schematic internal layout
PS3-1399,SIXJoy0XWiper,PS3-1399 · Potentiometer moving wiper study,Controller,metal,1,0.04539269908169985,0.05000000000000071,0.35000000000002274,2.6000000000000014,Schematic internal layout
PS3-1400,SIXJoy0YPin0,PS3-1400 · Potentiometer board terminal003,Controller,metal,1,0.38955748904513,0.3999999999999986,0.39999999999997726,3.0999999999999996,Schematic internal layout
PS3-1401,SIXJoy0YPin1,PS3-1401 · Potentiometer board terminal004,Controller,metal,1,0.38955748904513,0.3999999999999986,0.39999999999997726,3.0999999999999996,Schematic internal layout
PS3-1402,SIXJoy0YPin2,PS3-1402 · Potentiometer board terminal005,Controller,metal,1,0.38955748904513,0.3999999999999986,0.39999999999997726,3.0999999999999996,Schematic internal layout
PS3-1403,SIXJoy0YPot,PS3-1403 · Cyan potentiometer housing001,Controller,potcyan,1,68.1537229589387,6.799999999999997,2.3000000000000114,6.4,Schematic internal layout
PS3-1404,SIXJoy0YRotor,PS3-1404 · Potentiometer rotor disc001,Controller,ctrlcream,1,3.2888548092268124,4.600000000000001,0.25,4.600000000000001,Schematic internal layout
PS3-1405,SIXJoy0YTrack,PS3-1405 · Potentiometer resistive track001,Controller,black,1,0.23887885139723947,4.5,0.03500000000002501,4.5,Schematic internal layout
PS3-1406,SIXJoy0YWiper,PS3-1406 · Potentiometer moving wiper study001,Controller,metal,1,0.04539269908170223,0.3500000000000014,0.05000000000001137,2.6000000000000014,Schematic internal layout
PS3-1407,SIXJoy1Frame,"PS3-1407 · Stamped joystick cage, cap and board legs001",Controller,metal,1,332.5511471693619,17.5,17.5,9.15,Schematic internal layout
PS3-1408,SIXJoy1OuterGimbal,PS3-1408 · X-axis gimbal and potentiometer axle001,Controller,ctrlcream,1,111.95263966678343,18.950000000000003,11.0,2.0,Schematic internal layout
PS3-1409,SIXJoy1InnerGimbal,PS3-1409 · Y-axis gimbal and potentiometer axle001,Controller,ctrlcream,2,66.52528555551373,9.5,18.25,1.5000000000014957,Schematic internal layout
PS3-1410,SIXJoy1Shaft,"PS3-1410 · Joystick pivot ball, cross pin and cap shaft001",Controller,metal,1,124.94340075018228,9.200000200000002,4.399999999999977,11.25,Schematic internal layout
PS3-1411,SIXJoy1ClickSpring,PS3-1411 · Joystick push-click return spring study001,Controller,metal,1,1.0265164277205236,2.6400207688995643,2.6400270209549603,2.0392438813160787,Schematic internal layout
PS3-1412,SIXJoy1ClickSwitch,PS3-1412 · L3/R3 click switch body001,Controller,black,1,13.384115008234623,3.0,3.0,1.5,Schematic internal layout
PS3-1413,SIXJoy1ClickActuator,PS3-1413 · L3/R3 switch actuator001,Controller,black,1,0.8042477193189852,1.6000000000000014,1.6000000000000227,0.3999999999999986,Schematic internal layout
PS3-1414,SIXJoy1ClickLever,PS3-1414 · Joystick click transfer lever001,Controller,metal,1,1.4375277868423544,6.0,1.2000000000000455,0.1999999999999993,Schematic internal layout
PS3-1415,SIXJoy1ClickPin0,PS3-1415 · Click-switch board terminal002,Controller,metal,1,0.3958406743523095,0.3999999999999986,0.39999999999997726,3.1500000000000004,Schematic internal layout
PS3-1416,SIXJoy1ClickPin1,PS3-1416 · Click-switch board terminal003,Controller,metal,1,0.3958406743523095,0.3999999999999986,0.39999999999997726,3.1500000000000004,Schematic internal layout
PS3-1417,SIXJoy1Base,PS3-1417 · Joystick insulating base003,Controller,black,1,355.3233802017922,16.00000000000281,16.00000000000273,1.4000000000000004,Schematic internal layout
PS3-1418,SIXJoy1XPin0,PS3-1418 · Potentiometer board terminal006,Controller,metal,1,0.3895574890451301,0.4000000000000057,0.39999999999997726,3.0999999999999996,Schematic internal layout
PS3-1419,SIXJoy1XPin1,PS3-1419 · Potentiometer board terminal007,Controller,metal,1,0.3895574890451301,0.4000000000000057,0.39999999999997726,3.0999999999999996,Schematic internal layout
PS3-1420,SIXJoy1XPin2,PS3-1420 · Potentiometer board terminal008,Controller,metal,1,0.3895574890451301,0.4000000000000057,0.39999999999997726,3.0999999999999996,Schematic internal layout
PS3-1421,SIXJoy1XPot,PS3-1421 · Cyan potentiometer housing002,Controller,potcyan,1,67.20532457053,2.3000000000000007,6.7999999999999545,6.4,Schematic internal layout
PS3-1422,SIXJoy1XRotor,PS3-1422 · Potentiometer rotor disc002,Controller,ctrlcream,1,3.288854809226814,0.25,4.600000000000023,4.600000000000001,Schematic internal layout
PS3-1423,SIXJoy1XTrack,PS3-1423 · Potentiometer resistive track002,Controller,black,1,0.23887885139734447,0.03499999999999659,4.5,4.5,Schematic internal layout
PS3-1424,SIXJoy1XWiper,PS3-1424 · Potentiometer moving wiper study002,Controller,metal,1,0.04539269908169886,0.04999999999999716,0.35000000000002274,2.6000000000000014,Schematic internal layout
PS3-1425,SIXJoy1YPin0,PS3-1425 · Potentiometer board terminal009,Controller,metal,1,0.38955748904513,0.3999999999999986,0.39999999999997726,3.0999999999999996,Schematic internal layout
PS3-1426,SIXJoy1YPin1,PS3-1426 · Potentiometer board terminal010,Controller,metal,1,0.38955748904513,0.3999999999999986,0.39999999999997726,3.0999999999999996,Schematic internal layout
PS3-1427,SIXJoy1YPin2,PS3-1427 · Potentiometer board terminal011,Controller,metal,1,0.38955748904513,0.3999999999999986,0.39999999999997726,3.0999999999999996,Schematic internal layout
PS3-1428,SIXJoy1YPot,PS3-1428 · Cyan potentiometer housing003,Controller,potcyan,1,68.1537229589387,6.799999999999997,2.3000000000000114,6.4,Schematic internal layout
PS3-1429,SIXJoy1YRotor,PS3-1429 · Potentiometer rotor disc003,Controller,ctrlcream,1,3.2888548092268124,4.600000000000001,0.25,4.600000000000001,Schematic internal layout
PS3-1430,SIXJoy1YTrack,PS3-1430 · Potentiometer resistive track003,Controller,black,1,0.23887885139723947,4.5,0.03500000000002501,4.5,Schematic internal layout
PS3-1431,SIXJoy1YWiper,PS3-1431 · Potentiometer moving wiper study003,Controller,metal,1,0.04539269908170222,0.3500000000000014,0.05000000000001137,2.6000000000000014,Schematic internal layout
PS3-1432,SIXPCB,PS3-1432 · Early SIXAXIS mainboard layout study007,Controller,pcb,1,3141.285020545096,84.0,61.5,0.8000000000000078,Published approximate body envelope; photo-estimated local curves and details
PS3-1433,SIXL2,PS3-1433 · Pivoted analogue L2 finger lever study,Controller,buttonblack,1,845.3364506765973,18.400000000000006,12.700000000000017,7.100000000000007,Published approximate body envelope; photo-estimated local curves and details
PS3-1434,SIXL2Bracket,PS3-1434 · Separate trigger axle support bracket,Controller,black,1,298.5329671538168,24.799999999999997,8.0,8.4,Schematic internal layout
PS3-1435,SIXL2Axle,PS3-1435 · Independent transverse trigger hinge pin,Controller,metal,1,38.48451000647495,25.0,1.3999999999999773,1.3999999999999986,Schematic internal layout
PS3-1436,SIXL2Spring,PS3-1436 · Independent trigger return-coil study,Controller,metal,1,3.831749756613346,3.4796297468590254,3.6800197383339253,3.680017571944971,Schematic internal layout
PS3-1437,SIXL2Mark,PS3-1437 · 2,Controller,white,1,0.016121955521429424,1.1929532201342354,0.01800019999998881,1.9114095959731525,Published approximate body envelope; photo-estimated local curves and details
PS3-1438,SIXL2Separator,PS3-1438 · Separate L1/L2 or R1/R2 divider,Controller,black,1,21.237079632679386,19.0,1.3999999999999773,0.8000000000000007,Published approximate body envelope; photo-estimated local curves and details
PS3-1439,SIXR2,PS3-1439 · Pivoted analogue R2 finger lever study,Controller,buttonblack,1,845.3364506765976,18.400000000000006,12.700000000000017,7.100000000000007,Published approximate body envelope; photo-estimated local curves and details
PS3-1440,SIXR2Bracket,PS3-1440 · Separate trigger axle support bracket001,Controller,black,1,298.5329671538168,24.799999999999997,8.0,8.4,Schematic internal layout
PS3-1441,SIXR2Axle,PS3-1441 · Independent transverse trigger hinge pin001,Controller,metal,1,38.48451000647495,25.0,1.3999999999999773,1.3999999999999986,Schematic internal layout
PS3-1442,SIXR2Spring,PS3-1442 · Independent trigger return-coil study001,Controller,metal,1,3.831749756613346,3.4796297468590254,3.6800197383339253,3.680017571944971,Schematic internal layout
PS3-1443,SIXBack,PS3-1443 · SIXBack010,Controller,sixblack,1,43548.96257268637,148.8177222897665,89.48710351037758,18.800000204599513,Published approximate body envelope; photo-estimated local curves and details
PS3-1444,SIXR2Mark,PS3-1444 · 002,Controller,white,1,0.016121955521429424,1.1929532201342354,0.01800019999998881,1.9114095959731525,Published approximate body envelope; photo-estimated local curves and details
PS3-1445,SIXFront,PS3-1445 · SIXFront015,Controller,sixblack,2,37684.39909476609,148.4814719304648,96.20604716298155,27.200000200000005,Published approximate body envelope; photo-estimated local curves and details
PS3-1446,SIXR2Separator,PS3-1446 · Separate L1/L2 or R1/R2 divider001,Controller,black,1,21.237079632679386,19.0,1.3999999999999773,0.8000000000000007,Published approximate body envelope; photo-estimated local curves and details
PS3-1447,SIXMiniBShell,PS3-1447 · Original five-contact Mini-B metal receptacle and board tabs,Controller,metal,1,36.02641734378039,8.0,6.000000000000028,8.2,Schematic internal layout
PS3-1448,SIXMiniBContact0,PS3-1448 · Independent formed Mini-B contact and solder tail,Controller,gold,1,0.7903869986434975,0.31999999999999984,6.549999999999983,5.650000000000002,Schematic internal layout
PS3-1449,SIXMiniBContact1,PS3-1449 · Independent formed Mini-B contact and solder tail001,Controller,gold,1,0.7903869986434975,0.32000000000000006,6.549999999999983,5.650000000000002,Schematic internal layout
PS3-1450,SIXMiniBContact2,PS3-1450 · Independent formed Mini-B contact and solder tail002,Controller,gold,1,0.7903869986434974,0.32,6.549999999999983,5.650000000000002,Schematic internal layout
PS3-1451,SIXMiniBContact3,PS3-1451 · Independent formed Mini-B contact and solder tail003,Controller,gold,1,0.7903869986434977,0.32000000000000006,6.549999999999983,5.650000000000002,Schematic internal layout
PS3-1452,SIXMiniBContact4,PS3-1452 · Independent formed Mini-B contact and solder tail004,Controller,gold,1,0.7903869986434975,0.31999999999999984,6.549999999999983,5.650000000000002,Schematic internal layout
PS3-1453,SIXMiniBCarrier,PS3-1453 · Separate Mini-B insulating carrier and tongue,Controller,black,1,31.27540405569558,6.5,4.800000000000011,2.299999999999997,Schematic internal layout
PS3-1454,SIXPlayerLED1,PS3-1454 · Independent red player-index emitter,Controller,red,1,0.5708495559215373,0.8000000000000007,1.1999999999999886,0.5999999999999996,Schematic internal layout
PS3-1455,SIXPlayerGuide1,PS3-1455 · Separate player-index light guide,Controller,white,1,5.191727856365602,0.6999999999999993,4.049999999999983,7.399999999999999,Schematic internal layout
PS3-1456,SIXPlayerNumber1,PS3-1456 · 003,Controller,white,1,0.0041149837619927675,0.6152894295302014,1.0335570469798654,0.018000000000000682,Published approximate body envelope; photo-estimated local curves and details
PS3-1457,SIXPlayerLED2,PS3-1457 · Independent red player-index emitter001,Controller,red,1,0.5708495559215374,0.8000000000000007,1.1999999999999886,0.5999999999999996,Schematic internal layout
PS3-1458,SIXPlayerGuide2,PS3-1458 · Separate player-index light guide001,Controller,white,1,5.191727856365601,0.6999999999999993,4.049999999999983,7.399999999999999,Schematic internal layout
PS3-1459,SIXPlayerNumber2,PS3-1459 · 004,Controller,white,1,0.0048768915452324065,0.6561243610738252,1.0512753677852231,0.01800020000000302,Published approximate body envelope; photo-estimated local curves and details
PS3-1460,SIXPlayerLED3,PS3-1460 · Independent red player-index emitter002,Controller,red,1,0.5708495559215374,0.8000000000000007,1.1999999999999886,0.5999999999999996,Schematic internal layout
PS3-1461,SIXPlayerGuide3,PS3-1461 · Separate player-index light guide002,Controller,white,1,5.191727856365601,0.6999999999999993,4.049999999999983,7.399999999999999,Schematic internal layout
PS3-1462,SIXPlayerNumber3,PS3-1462 · 3,Controller,white,1,0.005016796558291335,0.6803483543624154,1.0719465087248068,0.01800020000000302,Published approximate body envelope; photo-estimated local curves and details
PS3-1463,SIXPlayerLED4,PS3-1463 · Independent red player-index emitter003,Controller,red,1,0.5708495559215366,0.8000000000000043,1.1999999999999886,0.5999999999999996,Schematic internal layout
PS3-1464,SIXPlayerGuide4,PS3-1464 · Separate player-index light guide003,Controller,white,1,5.191727856365609,0.7000000000000028,4.049999999999983,7.399999999999999,Schematic internal layout
PS3-1465,SIXPlayerNumber4,PS3-1465 · 4,Controller,white,1,0.005233322704882512,0.7530201342281906,1.0335570469798654,0.018000000000000682,Published approximate body envelope; photo-estimated local curves and details
PS3-1466,SIXResetSwitch,PS3-1466 · Recessed controller reset switch,Controller,black,1,8.922743338823082,3.0,3.0,1.0,Schematic internal layout
PS3-1467,SIXResetSwitchTip,PS3-1467 · Reset switch plunger,Controller,white,1,0.380132711084365,1.1000000000000014,1.1000000000000227,0.40000000000000036,Schematic internal layout
PS3-1468,SIXResetExtension,PS3-1468 · Separate early SIXAXIS reset extension piece,Controller,white,1,13.601525393717003,2.799999999999997,2.8000000000000114,7.699999999999998,Schematic internal layout
PS3-1469,SIXFilmSocket,PS3-1469 · Separate controller wire/film socket001,Controller,white,1,93.14906367599916,20.0,5.000000099999994,2.1000000000000014,Schematic internal layout
PS3-1470,SIXFilmSocketContact0,PS3-1470 · Independent socket terminal study,Controller,gold,1,0.03895879644737231,0.25,1.3000000000000114,0.11999999999999922,Schematic internal layout
PS3-1471,SIXFilmSocketContact1,PS3-1471 · Independent socket terminal study001,Controller,gold,1,0.03895879644737231,0.25,1.3000000000000114,0.11999999999999922,Schematic internal layout
PS3-1472,SIXFilmSocketContact2,PS3-1472 · Independent socket terminal study002,Controller,gold,1,0.03895879644737231,0.25,1.3000000000000114,0.11999999999999922,Schematic internal layout
PS3-1473,SIXFilmSocketContact3,PS3-1473 · Independent socket terminal study003,Controller,gold,1,0.03895879644737231,0.25,1.3000000000000114,0.11999999999999922,Schematic internal layout
PS3-1474,SIXFilmSocketContact4,PS3-1474 · Independent socket terminal study004,Controller,gold,1,0.03895879644737231,0.25,1.3000000000000114,0.11999999999999922,Schematic internal layout
PS3-1475,SIXFilmSocketContact5,PS3-1475 · Independent socket terminal study005,Controller,gold,1,0.03895879644737231,0.25,1.3000000000000114,0.11999999999999922,Schematic internal layout
PS3-1476,SIXFilmSocketContact6,PS3-1476 · Independent socket terminal study006,Controller,gold,1,0.03895879644737231,0.25,1.3000000000000114,0.11999999999999922,Schematic internal layout
PS3-1477,SIXFilmSocketContact7,PS3-1477 · Independent socket terminal study007,Controller,gold,1,0.03895879644737231,0.25,1.3000000000000114,0.11999999999999922,Schematic internal layout
PS3-1478,SIXFilmSocketContact8,PS3-1478 · Independent socket terminal study008,Controller,gold,1,0.03895879644737231,0.25,1.3000000000000114,0.11999999999999922,Schematic internal layout
PS3-1479,SIXFilmSocketContact9,PS3-1479 · Independent socket terminal study009,Controller,gold,1,0.03895879644737232,0.25,1.3000000000000114,0.11999999999999922,Schematic internal layout
PS3-1480,SIXFilmSocketContact10,PS3-1480 · Independent socket terminal study010,Controller,gold,1,0.03895879644737232,0.25,1.3000000000000114,0.11999999999999922,Schematic internal layout
PS3-1481,SIXFilmSocketContact11,PS3-1481 · Independent socket terminal study011,Controller,gold,1,0.03895879644737232,0.25,1.3000000000000114,0.11999999999999922,Schematic internal layout
PS3-1482,SIXFilmSocketContact12,PS3-1482 · Independent socket terminal study012,Controller,gold,1,0.03895879644737232,0.25,1.3000000000000114,0.11999999999999922,Schematic internal layout
PS3-1483,SIXFilmSocketContact13,PS3-1483 · Independent socket terminal study013,Controller,gold,1,0.03895879644737232,0.25,1.3000000000000114,0.11999999999999922,Schematic internal layout
PS3-1484,SIXFilmSocketContact14,PS3-1484 · Independent socket terminal study014,Controller,gold,1,0.03895879644737232,0.25,1.3000000000000114,0.11999999999999922,Schematic internal layout
PS3-1485,SIXFilmSocketContact15,PS3-1485 · Independent socket terminal study015,Controller,gold,1,0.03895879644737232,0.25,1.3000000000000114,0.11999999999999922,Schematic internal layout
PS3-1486,SIXFilmSocketContact16,PS3-1486 · Independent socket terminal study016,Controller,gold,1,0.03895879644737232,0.25,1.3000000000000114,0.11999999999999922,Schematic internal layout
PS3-1487,SIXFilmSocketContact17,PS3-1487 · Independent socket terminal study017,Controller,gold,1,0.03895879644737232,0.25,1.3000000000000114,0.11999999999999922,Schematic internal layout
PS3-1488,SIXMotionSocket,PS3-1488 · Separate controller wire/film socket002,Controller,white,1,36.60466367599916,8.0,4.0,2.1000000000000014,Schematic internal layout
PS3-1489,SIXMotionSocketContact0,PS3-1489 · Independent socket terminal study018,Controller,gold,1,0.03895879644737231,0.25,1.3000000000000114,0.11999999999999922,Schematic internal layout
PS3-1490,SIXMotionSocketContact1,PS3-1490 · Independent socket terminal study019,Controller,gold,1,0.03895879644737232,0.25,1.3000000000000114,0.11999999999999922,Schematic internal layout
PS3-1491,SIXMotionSocketContact2,PS3-1491 · Independent socket terminal study020,Controller,gold,1,0.03895879644737231,0.25,1.3000000000000114,0.11999999999999922,Schematic internal layout
PS3-1492,SIXMotionLead0,PS3-1492 · Independent early three-wire motion-sensor lead,Controller,red,1,1.1278769262668642,0.3000001999999995,7.950000100000011,8.950000100000004,Schematic internal layout
PS3-1493,SIXMotionLead1,PS3-1493 · Independent early three-wire motion-sensor lead001,Controller,white,1,1.1278769262668646,0.3000002,7.950000100000011,8.950000100000004,Schematic internal layout
PS3-1494,SIXMotionLead2,PS3-1494 · Independent early three-wire motion-sensor lead002,Controller,black,1,1.1278769262668644,0.3000001999999995,7.950000100000011,8.950000100000004,Schematic internal layout
PS3-1495,SIXBatteryTerminal0,PS3-1495 · Separate two-pin battery connector contact,Controller,gold,1,0.021558796447372436,0.29999999999999716,0.6000000000000227,0.11999999999999922,Schematic internal layout
PS3-1496,SIXBatteryLead0,PS3-1496 · Independent insulated battery-pack lead,Controller,black,1,1.1207523162220807,6.199999999999999,0.44000019999998585,2.040000199999996,Schematic internal layout
PS3-1497,SIXBatteryTerminal1,PS3-1497 · Separate two-pin battery connector contact001,Controller,gold,1,0.021558796447372432,0.29999999999999716,0.6000000000000227,0.11999999999999922,Schematic internal layout
PS3-1498,SIXBatteryLead1,PS3-1498 · Independent insulated battery-pack lead001,Controller,red,1,1.1207523162220807,6.199999999999999,0.44000019999998585,2.040000199999996,Schematic internal layout
PS3-1499,SIXBatterySocket,PS3-1499 · Two-position battery power socket,Controller,white,1,41.75232609843985,4.0,6.0,3.4000000000000004,Schematic internal layout
PS3-1500,SIXBatteryRating,PS3-1500 · 3.7 V / 610 mAh,Controller,white,11,0.13533157371944052,18.376308924832212,1.976375938926168,0.018000200000000355,Published approximate body envelope; photo-estimated local curves and details
PS3-1501,SIXCaseScrew0,PS3-1501 · Cross-head fastener033,Controller,metal,1,28.781352403259255,3.0,3.0,22.33,Schematic internal layout
PS3-1502,SIXCaseScrew1,PS3-1502 · Cross-head fastener034,Controller,metal,1,28.781352403259255,3.0,3.0,22.33,Schematic internal layout
PS3-1503,SIXCaseScrew2,PS3-1503 · Cross-head fastener035,Controller,metal,1,28.781352403259344,3.0,3.0,22.33,Schematic internal layout
PS3-1504,SIXCaseScrew3,PS3-1504 · Cross-head fastener036,Controller,metal,1,28.78135240325936,3.0,3.0,22.33,Schematic internal layout
PS3-1505,SIXCaseScrew4,PS3-1505 · Cross-head fastener037,Controller,metal,1,28.781352403259355,3.0,3.0,22.33,Schematic internal layout
PS3-1506,SIXRearModel,PS3-1506 · SIXAXIS / CAD STUDY,Controller,white,16,0.11119240458534363,17.762013522818794,1.395973254362417,0.01800019999999991,Published approximate body envelope; photo-estimated local curves and details
PS3-1507,AVPlugGrip,PS3-1507 · PlayStation AV MULTI connector grip,Accessories,black,1,5169.097335529234,20.80000000000001,25.0,10.000000000000007,Published approximate body envelope; photo-estimated local curves and details
PS3-1508,AVPlugShield,PS3-1508 · Rectangular AV MULTI metal sleeve,Accessories,metal,1,194.39681348704602,17.80000000000001,8.400000000000002,6.600000000000003,Published approximate body envelope; photo-estimated local curves and details
PS3-1509,AVPlugCarrier,PS3-1509 · AV MULTI insulating tongue001,Accessories,black,1,130.91832075864633,16.0,6.300000000000001,1.3000000000000025,Schematic internal layout
PS3-1510,AVPlugContact0,PS3-1510 · AV MULTI contact 1,Accessories,gold,1,0.4153646003293848,0.5,6.0,0.14000000000000234,Schematic internal layout
PS3-1511,AVPlugContact1,PS3-1511 · AV MULTI contact 2,Accessories,gold,1,0.4153646003293848,0.5,6.0,0.14000000000000234,Schematic internal layout
PS3-1512,AVPlugContact2,PS3-1512 · AV MULTI contact 3,Accessories,gold,1,0.4153646003293848,0.5,6.0,0.14000000000000234,Schematic internal layout
PS3-1513,AVPlugContact3,PS3-1513 · AV MULTI contact 4,Accessories,gold,1,0.4153646003293848,0.5,6.0,0.14000000000000234,Schematic internal layout
PS3-1514,AVPlugContact4,PS3-1514 · AV MULTI contact 5,Accessories,gold,1,0.4153646003293848,0.5,6.0,0.14000000000000234,Schematic internal layout
PS3-1515,AVPlugContact5,PS3-1515 · AV MULTI contact 6,Accessories,gold,1,0.4153646003293848,0.5,6.0,0.14000000000000234,Schematic internal layout
PS3-1516,AVPlugContact6,PS3-1516 · AV MULTI contact 7,Accessories,gold,1,0.4153646003293848,0.5,6.0,0.14000000000000234,Schematic internal layout
PS3-1517,AVPlugContact7,PS3-1517 · AV MULTI contact 8,Accessories,gold,1,0.41536460032938477,0.5,6.0,0.14000000000000234,Schematic internal layout
PS3-1518,AVPlugContact8,PS3-1518 · AV MULTI contact 9,Accessories,gold,1,0.41536460032938477,0.5,6.0,0.14000000000000234,Schematic internal layout
PS3-1519,AVPlugContact9,PS3-1519 · AV MULTI contact 10,Accessories,gold,1,0.41536460032938477,0.5,6.0,0.14000000000000234,Schematic internal layout
PS3-1520,AVPlugContact10,PS3-1520 · AV MULTI contact 11,Accessories,gold,1,0.41536460032938477,0.5,6.0,0.14000000000000234,Schematic internal layout
PS3-1521,AVPlugContact11,PS3-1521 · AV MULTI contact 12,Accessories,gold,1,0.41536460032938477,0.5,6.0,0.14000000000000234,Schematic internal layout
PS3-1522,AVCable,PS3-1522 · AV cable display length,Accessories,black,1,1991.405463260448,93.8000002,91.6,3.8000002000000004,Published approximate body envelope; photo-estimated local curves and details
PS3-1523,AVSplitter,PS3-1523 · Three-way AV cable splitter,Accessories,black,1,1111.4159265358978,14.0,8.0,10.0,Published approximate body envelope; photo-estimated local curves and details
PS3-1524,AVBranch0,PS3-1524 · Individual RCA lead,Accessories,black,1,176.5678890909918,27.20000020000009,29.600000000000023,2.200000199999999,Published approximate body envelope; photo-estimated local curves and details
PS3-1525,RCAGrip0,PS3-1525 · RCA connector grip,Accessories,black,1,1447.6458947741758,9.600000000000023,20.0,9.600000000000001,Published approximate body envelope; photo-estimated local curves and details
PS3-1526,RCAColor0,PS3-1526 · RCA function-color ring,Accessories,yellow,1,33.151656477006384,10.399999999999977,3.0,10.399999999999999,Published approximate body envelope; photo-estimated local curves and details
PS3-1527,RCAGround0,PS3-1527 · RCA ground sleeve,Accessories,metal,1,163.61414539895597,7.399999999999977,7.0,7.3999999999999995,Published approximate body envelope; photo-estimated local curves and details
PS3-1528,RCACenter0,PS3-1528 · RCA signal contact,Accessories,gold,1,22.902210444669638,1.7999999999999545,9.0,1.8000000000000007,Published approximate body envelope; photo-estimated local curves and details
PS3-1529,AVBranch1,PS3-1529 · Individual RCA lead001,Accessories,black,1,112.51928248097418,2.2000000000000455,29.600000000000023,2.1999999999999993,Published approximate body envelope; photo-estimated local curves and details
PS3-1530,RCAGrip1,PS3-1530 · RCA connector grip001,Accessories,black,1,1447.6458947741758,9.600000000000023,20.0,9.600000000000001,Published approximate body envelope; photo-estimated local curves and details
PS3-1531,RCAColor1,PS3-1531 · RCA function-color ring001,Accessories,white,1,33.151656477006384,10.399999999999977,3.0,10.4,Published approximate body envelope; photo-estimated local curves and details
PS3-1532,RCAGround1,PS3-1532 · RCA ground sleeve001,Accessories,metal,1,163.61414539895597,7.399999999999977,7.0,7.3999999999999995,Published approximate body envelope; photo-estimated local curves and details
PS3-1533,RCACenter1,PS3-1533 · RCA signal contact001,Accessories,gold,1,22.902210444669638,1.7999999999999545,9.0,1.8000000000000007,Published approximate body envelope; photo-estimated local curves and details
PS3-1534,AVBranch2,PS3-1534 · Individual RCA lead002,Accessories,black,1,176.5678890909919,27.20000020000009,29.600000000000023,2.200000199999999,Published approximate body envelope; photo-estimated local curves and details
PS3-1535,RCAGrip2,PS3-1535 · RCA connector grip002,Accessories,black,1,1447.6458947741758,9.600000000000023,20.0,9.600000000000001,Published approximate body envelope; photo-estimated local curves and details
PS3-1536,RCAColor2,PS3-1536 · RCA function-color ring002,Accessories,red,1,33.151656477006384,10.399999999999977,3.0,10.399999999999999,Published approximate body envelope; photo-estimated local curves and details
PS3-1537,RCAGround2,PS3-1537 · RCA ground sleeve002,Accessories,metal,1,163.61414539895597,7.399999999999977,7.0,7.3999999999999995,Published approximate body envelope; photo-estimated local curves and details
PS3-1538,RCACenter2,PS3-1538 · RCA signal contact002,Accessories,gold,1,22.902210444669638,1.7999999999999545,9.0,1.8000000000000007,Published approximate body envelope; photo-estimated local curves and details
PS3-1539,ACWallPlug,PS3-1539 · Original Japanese two-blade AC plug study,Accessories,black,1,4273.71123045762,23.0,17.0,11.0,Published approximate body envelope; photo-estimated local curves and details
PS3-1540,ACWallBlade0,PS3-1540 · Flat mains-plug blade,Accessories,metal,1,108.3926990816981,1.3999999999999773,6.199999999999989,12.500000000000002,Published approximate body envelope; photo-estimated local curves and details
PS3-1541,ACWallBlade1,PS3-1541 · Flat mains-plug blade001,Accessories,metal,1,108.3926990816981,1.3999999999999773,6.199999999999989,12.500000000000002,Published approximate body envelope; photo-estimated local curves and details
PS3-1542,ACCord,PS3-1542 · Original grounded AC cord display route,Accessories,black,1,2851.180245677166,133.60000020000004,68.10000010000002,6.100000200000003,Published approximate body envelope; photo-estimated local curves and details
PS3-1543,ACDeviceGrip,PS3-1543 · Three-position appliance connector overmould,Accessories,black,1,7531.028752058657,24.0,21.0,15.0,Published approximate body envelope; photo-estimated local curves and details
PS3-1544,ACDeviceContact0,PS3-1544 · Independent appliance socket spring-contact envelope,Accessories,metal,1,21.62999999999976,6.0,1.8499999999999943,4.0,Schematic internal layout
PS3-1545,ACDeviceContact1,PS3-1545 · Independent appliance socket spring-contact envelope001,Accessories,metal,1,21.62999999999976,6.0,1.8499999999999943,4.0,Schematic internal layout
PS3-1546,ACDeviceContact2,PS3-1546 · Independent appliance socket spring-contact envelope002,Accessories,metal,1,21.62999999999976,6.0,1.8499999999999943,4.0,Schematic internal layout
PS3-1547,ACDeviceHead,PS3-1547 · Three-position C13-family insulating head study,Accessories,black,1,2129.5,10.0,20.0,13.0,Published approximate body envelope; photo-estimated local curves and details
PS3-1548,ACEarthLead,PS3-1548 · Separate Japanese earthing pigtail study,Accessories,wiregreen,1,110.03069466296664,17.100000100000017,35.60000020000001,1.6000002000000002,Published approximate body envelope; photo-estimated local curves and details
PS3-1549,ACEarthFork,PS3-1549 · Independent earthing fork terminal study,Accessories,metal,1,9.129732362439457,8.45329983228433,6.0,0.40000000000000036,Published approximate body envelope; photo-estimated local curves and details
PS3-1550,USBChargeCable,PS3-1550 · Original USB-A to Mini-B cable display length,Accessories,black,1,1297.7293581624053,73.00000020000004,61.300000100000034,3.0000002000000006,Published approximate body envelope; photo-estimated local curves and details
PS3-1551,USBAPlugGrip,PS3-1551 · USB-A cable overmould,Accessories,black,1,4118.024771931898,18.0,23.0,10.0,Published approximate body envelope; photo-estimated local curves and details
PS3-1552,MiniBPlugGrip,PS3-1552 · Mini-B cable overmould,Accessories,black,1,1812.3943326765338,12.0,19.0,8.0,Published approximate body envelope; photo-estimated local curves and details
PS3-1553,USBChargeRelief0,PS3-1553 · Cable strain-relief sleeve,Accessories,black,1,22.76083877525794,3.8000000000000114,6.0,3.8000000000000007,Published approximate body envelope; photo-estimated local curves and details
PS3-1554,USBChargeRelief1,PS3-1554 · Cable strain-relief sleeve001,Accessories,black,1,22.76083877525828,3.7999999999999545,6.0,3.8000000000000007,Published approximate body envelope; photo-estimated local curves and details
PS3-1555,USBAPlugShield,PS3-1555 · USB-A plug metal shell,Accessories,metal,1,113.7846900494084,12.0,12.0,4.500000000000003,Published approximate body envelope; photo-estimated local curves and details
PS3-1556,USBAPlugStop,PS3-1556 · USB-A rear insulating stop,Accessories,black,1,23.10226325452878,10.800000000000011,0.6500000000000341,3.3,Schematic internal layout
PS3-1557,USBAPlugTongue,PS3-1557 · Four-contact USB-A tongue,Accessories,black,1,64.38068583470573,9.199999999999989,7.0,1.0,Published approximate body envelope; photo-estimated local curves and details
PS3-1558,USBAPlugContact0,PS3-1558 · Independent USB-A plug contact,Accessories,gold,1,0.4247853981634007,0.8500000000000227,5.0,0.09999999999999964,Schematic internal layout
PS3-1559,USBAPlugContact1,PS3-1559 · Independent USB-A plug contact001,Accessories,gold,1,0.4247853981634007,0.8500000000000227,5.0,0.09999999999999964,Schematic internal layout
PS3-1560,USBAPlugContact2,PS3-1560 · Independent USB-A plug contact002,Accessories,gold,1,0.4247853981634007,0.8500000000000227,5.0,0.09999999999999964,Schematic internal layout
PS3-1561,USBAPlugContact3,PS3-1561 · Independent USB-A plug contact003,Accessories,gold,1,0.4247853981634007,0.8500000000000227,5.0,0.09999999999999964,Schematic internal layout
PS3-1562,MiniBPlugShield,PS3-1562 · Original Mini-B cable plug metal sleeve,Accessories,metal,1,43.12799999999936,7.600000000000023,8.0,3.0,Published approximate body envelope; photo-estimated local curves and details
PS3-1563,MiniBPlugStop,PS3-1563 · Mini-B rear insulating stop,Accessories,black,1,4.315964594300498,6.2000000000000455,0.6999999999999886,1.0,Schematic internal layout
PS3-1564,MiniBPlugRail,PS3-1564 · Mini-B five-contact insulating rail,Accessories,black,1,18.941920352248285,5.300000000000068,5.5,0.6500000000000004,Schematic internal layout
PS3-1565,MiniBPlugContact0,PS3-1565 · Separate Mini-B cable plug contact,Accessories,gold,1,0.11517253096490923,0.2999999999999545,4.800000000000011,0.08000000000000007,Schematic internal layout
PS3-1566,MiniBPlugContact1,PS3-1566 · Separate Mini-B cable plug contact001,Accessories,gold,1,0.1151725309649092,0.2999999999999545,4.800000000000011,0.08000000000000007,Schematic internal layout
PS3-1567,MiniBPlugContact2,PS3-1567 · Separate Mini-B cable plug contact002,Accessories,gold,1,0.11517253096490923,0.2999999999999545,4.800000000000011,0.08000000000000007,Schematic internal layout
PS3-1568,MiniBPlugContact3,PS3-1568 · Separate Mini-B cable plug contact003,Accessories,gold,1,0.1151725309649092,0.2999999999999545,4.800000000000011,0.08000000000000007,Schematic internal layout
PS3-1569,MiniBPlugContact4,PS3-1569 · Separate Mini-B cable plug contact004,Accessories,gold,1,0.1151725309649092,0.2999999999999545,4.800000000000011,0.08000000000000007,Schematic internal layout
PS3-1570,LANCable,PS3-1570 · Original bundled LAN cable shortened display path,Accessories,black,1,1465.4065369677432,78.30000019999997,53.25000010000002,3.3000002000000013,Published approximate body envelope; photo-estimated local curves and details
PS3-1571,LANPlug0Contact0,PS3-1571 · Independent 8P8C plug contact,Accessories,gold,1,0.6295879644737253,0.5,4.2000000000000455,0.3000000000000007,Schematic internal layout
PS3-1572,LANPlug0Contact1,PS3-1572 · Independent 8P8C plug contact001,Accessories,gold,1,0.6295879644737253,0.5,4.2000000000000455,0.3000000000000007,Schematic internal layout
PS3-1573,LANPlug0Contact2,PS3-1573 · Independent 8P8C plug contact002,Accessories,gold,1,0.6295879644737252,0.5,4.2000000000000455,0.3000000000000007,Schematic internal layout
PS3-1574,LANPlug0Contact3,PS3-1574 · Independent 8P8C plug contact003,Accessories,gold,1,0.6295879644737253,0.5,4.2000000000000455,0.3000000000000007,Schematic internal layout
PS3-1575,LANPlug0Contact4,PS3-1575 · Independent 8P8C plug contact004,Accessories,gold,1,0.6295879644737254,0.5,4.2000000000000455,0.3000000000000007,Schematic internal layout
PS3-1576,LANPlug0Contact5,PS3-1576 · Independent 8P8C plug contact005,Accessories,gold,1,0.6295879644737254,0.5,4.2000000000000455,0.3000000000000007,Schematic internal layout
PS3-1577,LANPlug0Contact6,PS3-1577 · Independent 8P8C plug contact006,Accessories,gold,1,0.6295879644737254,0.5,4.2000000000000455,0.3000000000000007,Schematic internal layout
PS3-1578,LANPlug0Contact7,PS3-1578 · Independent 8P8C plug contact007,Accessories,gold,1,0.6295879644737254,0.5,4.2000000000000455,0.3000000000000007,Schematic internal layout
PS3-1579,LANPlug0Housing,PS3-1579 · Eight-position modular plug with integral latch,Accessories,clearplug,1,2088.02443250725,11.699999999999989,22.0,9.7,Published approximate body envelope; photo-estimated local curves and details
PS3-1580,LANPlug0Boot,PS3-1580 · Moulded modular-plug cable boot,Accessories,black,1,1108.2743338823075,12.399999999999977,10.0,9.0,Published approximate body envelope; photo-estimated local curves and details
PS3-1581,LANPlug0Relief,PS3-1581 · Independent LAN cable strain relief,Accessories,black,1,24.740042147019565,4.100000000000023,6.0,4.100000000000001,Published approximate body envelope; photo-estimated local curves and details
PS3-1582,LANPlug1Contact0,PS3-1582 · Independent 8P8C plug contact008,Accessories,gold,1,0.6295879644737256,0.5,4.2000000000000455,0.3000000000000007,Schematic internal layout
PS3-1583,LANPlug1Contact1,PS3-1583 · Independent 8P8C plug contact009,Accessories,gold,1,0.6295879644737257,0.5,4.2000000000000455,0.3000000000000007,Schematic internal layout
PS3-1584,LANPlug1Contact2,PS3-1584 · Independent 8P8C plug contact010,Accessories,gold,1,0.6295879644737254,0.5,4.2000000000000455,0.3000000000000007,Schematic internal layout
PS3-1585,LANPlug1Contact3,PS3-1585 · Independent 8P8C plug contact011,Accessories,gold,1,0.6295879644737257,0.5,4.2000000000000455,0.3000000000000007,Schematic internal layout
PS3-1586,LANPlug1Contact4,PS3-1586 · Independent 8P8C plug contact012,Accessories,gold,1,0.6295879644737256,0.5,4.2000000000000455,0.3000000000000007,Schematic internal layout
PS3-1587,LANPlug1Contact5,PS3-1587 · Independent 8P8C plug contact013,Accessories,gold,1,0.6295879644737254,0.5,4.2000000000000455,0.3000000000000007,Schematic internal layout
PS3-1588,LANPlug1Contact6,PS3-1588 · Independent 8P8C plug contact014,Accessories,gold,1,0.6295879644737256,0.5,4.2000000000000455,0.3000000000000007,Schematic internal layout
PS3-1589,LANPlug1Contact7,PS3-1589 · Independent 8P8C plug contact015,Accessories,gold,1,0.6295879644737254,0.5,4.2000000000000455,0.3000000000000007,Schematic internal layout
PS3-1590,LANPlug1Housing,PS3-1590 · Eight-position modular plug with integral latch001,Accessories,clearplug,1,2088.0244325072595,11.700000000000045,22.0,9.7,Published approximate body envelope; photo-estimated local curves and details
PS3-1591,LANPlug1Boot,PS3-1591 · Moulded modular-plug cable boot001,Accessories,black,1,1108.2743338823077,12.399999999999977,10.0,9.0,Published approximate body envelope; photo-estimated local curves and details
PS3-1592,LANPlug1Relief,PS3-1592 · Independent LAN cable strain relief001,Accessories,black,1,24.7400421470195,4.100000000000023,6.0,4.1000000000000005,Published approximate body envelope; photo-estimated local curves and details
