Part number,Part ID,Label,Assembly,Material,Solid count,Volume mm3,X mm,Y mm,Z mm,Fidelity
WIIU-0001,LowerHousing,WIIU-0001 · WUP-001 lower rounded shell013,Body,wiiuwhite,1,90127.97689885265,172.0000002,263.5000002,22.850000100000063,Published envelope; approximate photographic exterior detail
WIIU-0002,UpperHousing,WIIU-0002 · WUP-001 upper rounded shell009,Body,wiiuwhite,1,93007.36506761164,172.0,263.50000009999997,26.0000001,Published envelope; approximate photographic exterior detail
WIIU-0003,FrontBezel,WIIU-0003 · Separate rounded Wii U faceplate008,Body,wiiuwhite,1,11302.279447868184,172.0,4.75,46.0,Published envelope; approximate photographic exterior detail
WIIU-0004,Foot0,WIIU-0004 · Rubber placement pad,Body,rubber,1,141.98102592124323,8.0,15.0,1.2,Published envelope; approximate photographic exterior detail
WIIU-0005,Foot1,WIIU-0005 · Rubber placement pad001,Body,rubber,1,141.98102592124323,8.0,15.0,1.2,Published envelope; approximate photographic exterior detail
WIIU-0006,Foot2,WIIU-0006 · Rubber placement pad002,Body,rubber,1,141.98102592124323,8.0,15.0,1.2,Published envelope; approximate photographic exterior detail
WIIU-0007,Foot3,WIIU-0007 · Rubber placement pad003,Body,rubber,1,141.98102592124323,8.0,15.0,1.2,Published envelope; approximate photographic exterior detail
WIIU-0008,DiscSlotTrim,WIIU-0008 · Dark optical slot liner,Optical,black,1,430.5191859073105,131.4,1.3000000000000114,6.299999999999997,Published envelope; approximate photographic exterior detail
WIIU-0009,PowerButton,WIIU-0009 · Power faceplate control,Controls,wiiuwhite,1,99.71415082493999,9.199999999999996,1.5,9.200000000000001,Published envelope; approximate photographic exterior detail
WIIU-0010,EjectButton,WIIU-0010 · Eject faceplate control,Controls,wiiuwhite,1,99.71415082493999,9.199999999999996,1.5,9.200000000000003,Published envelope; approximate photographic exterior detail
WIIU-0011,SyncButton,WIIU-0011 · Sync faceplate control,Controls,red,1,34.353315667004395,5.400000000000002,1.5,5.399999999999999,Published envelope; approximate photographic exterior detail
WIIU-0012,PowerLED,WIIU-0012 · Front indicator lens,Controls,ublue,1,0.3392920065877024,1.1999999999999886,0.30000000000001137,1.2000000000000028,Published envelope; approximate photographic exterior detail
WIIU-0013,DiscLED,WIIU-0013 · Front indicator lens001,Controls,wiigrey,1,0.3392920065877023,1.1999999999999886,0.30000000000001137,1.2000000000000028,Published envelope; approximate photographic exterior detail
WIIU-0014,PowerSymbol,WIIU-0014 · Power icon,Controls,wiigrey,2,0.20777632184703854,5.0,0.030000000000001137,5.6,Published envelope; approximate photographic exterior detail
WIIU-0015,EjectSymbol,WIIU-0015 · Optical eject icon,Controls,wiigrey,2,0.1860000000000025,4.0,0.030000000000001137,3.3000000000000007,Published envelope; approximate photographic exterior detail
WIIU-0016,PowerMark,WIIU-0016 · POWER,Body,wiigrey,5,0.09035178471423144,8.299706575838925,0.01800019999998881,1.7540941597315438,Published envelope; approximate photographic exterior detail
WIIU-0017,EjectMark,WIIU-0017 · EJECT,Body,wiigrey,5,0.06537402128571136,6.429261744966439,0.01800019999998881,2.184161273825506,Published envelope; approximate photographic exterior detail
WIIU-0018,SyncMark,WIIU-0018 · SYNC,Body,wiigrey,4,0.05872524778339166,5.9653693275167825,0.01800019999998881,1.7540941597315438,Published envelope; approximate photographic exterior detail
WIIU-0019,WiiUWord,WIIU-0019 · Wii U,Body,wiigrey,6,0.5734180572876862,18.953104126845638,0.01800019999998881,5.991946408724832,Published envelope; approximate photographic exterior detail
WIIU-0020,FrontFlap,WIIU-0020 · Front SD and dual-USB cover,Body,wiiuwhite,1,1553.6548667764616,86.4,1.25,14.399999999999999,Published envelope; approximate photographic exterior detail
WIIU-0021,SDPort,WIIU-0021 · Front nine-contact SD reader,Ports,metal,1,1155.1164594300526,28.0,14.0,6.400000000000006,Schematic internal layout
WIIU-0022,SDTongue,WIIU-0022 · SD contact carrier,Ports,black,1,143.97939822368613,24.0,10.0,0.5999999999999996,Schematic internal layout
WIIU-0023,SDContact0,WIIU-0023 · SD reader spring contact,Ports,gold,1,0.5996909733552914,0.75,8.0,0.09999999999999964,Schematic internal layout
WIIU-0024,SDContact1,WIIU-0024 · SD reader spring contact001,Ports,gold,1,0.5996909733552915,0.75,8.0,0.09999999999999964,Schematic internal layout
WIIU-0025,SDContact2,WIIU-0025 · SD reader spring contact002,Ports,gold,1,0.5996909733552915,0.75,8.0,0.09999999999999964,Schematic internal layout
WIIU-0026,SDContact3,WIIU-0026 · SD reader spring contact003,Ports,gold,1,0.5996909733552915,0.75,8.0,0.09999999999999964,Schematic internal layout
WIIU-0027,SDContact4,WIIU-0027 · SD reader spring contact004,Ports,gold,1,0.5996909733552915,0.75,8.0,0.09999999999999964,Schematic internal layout
WIIU-0028,SDContact5,WIIU-0028 · SD reader spring contact005,Ports,gold,1,0.5996909733552914,0.75,8.0,0.09999999999999964,Schematic internal layout
WIIU-0029,SDContact6,WIIU-0029 · SD reader spring contact006,Ports,gold,1,0.5996909733552914,0.75,8.0,0.09999999999999964,Schematic internal layout
WIIU-0030,SDContact7,WIIU-0030 · SD reader spring contact007,Ports,gold,1,0.5996909733552914,0.75,8.0,0.09999999999999964,Schematic internal layout
WIIU-0031,SDContact8,WIIU-0031 · SD reader spring contact008,Ports,gold,1,0.5996909733552914,0.75,8.0,0.09999999999999964,Schematic internal layout
WIIU-0032,FrontUSB0,WIIU-0032 · Front USB-A shield,Ports,metal,1,342.55263657912593,15.0,13.800000000000011,7.0000000000000036,Schematic internal layout
WIIU-0033,FrontUSBTongue0,WIIU-0033 · USB contact tongue,Ports,black,1,106.12274333882307,11.800000000000004,9.0,1.0,Schematic internal layout
WIIU-0034,FrontUSBPin0_0,WIIU-0034 · USB-A spring contact,Ports,gold,1,0.4896909733552923,0.7000000000000028,7.0,0.09999999999999964,Schematic internal layout
WIIU-0035,FrontUSBPin0_1,WIIU-0035 · USB-A spring contact001,Ports,gold,1,0.4896909733552923,0.7000000000000028,7.0,0.09999999999999964,Schematic internal layout
WIIU-0036,FrontUSBPin0_2,WIIU-0036 · USB-A spring contact002,Ports,gold,1,0.4896909733552923,0.7000000000000028,7.0,0.09999999999999964,Schematic internal layout
WIIU-0037,FrontUSBPin0_3,WIIU-0037 · USB-A spring contact003,Ports,gold,1,0.4896909733552923,0.7000000000000028,7.0,0.09999999999999964,Schematic internal layout
WIIU-0038,FrontUSB1,WIIU-0038 · Front USB-A shield001,Ports,metal,1,342.552636579126,15.0,13.800000000000011,7.0000000000000036,Schematic internal layout
WIIU-0039,FrontUSBTongue1,WIIU-0039 · USB contact tongue001,Ports,black,1,106.12274333882308,11.799999999999997,9.0,1.0,Schematic internal layout
WIIU-0040,FrontUSBPin1_0,WIIU-0040 · USB-A spring contact004,Ports,gold,1,0.48969097335529227,0.7000000000000028,7.0,0.09999999999999964,Schematic internal layout
WIIU-0041,FrontUSBPin1_1,WIIU-0041 · USB-A spring contact005,Ports,gold,1,0.4896909733552923,0.7000000000000028,7.0,0.09999999999999964,Schematic internal layout
WIIU-0042,FrontUSBPin1_2,WIIU-0042 · USB-A spring contact006,Ports,gold,1,0.4896909733552923,0.7000000000000028,7.0,0.09999999999999964,Schematic internal layout
WIIU-0043,FrontUSBPin1_3,WIIU-0043 · USB-A spring contact007,Ports,gold,1,0.4896909733552923,0.7000000000000028,7.0,0.09999999999999964,Schematic internal layout
WIIU-0044,DCSocket,WIIU-0044 · DC two-contact keyed connector,Ports,yellow,1,1211.5977596550324,14.0,13.800000000000011,11.000000000000004,Schematic internal layout
WIIU-0045,DCContact0,WIIU-0045 · Power connector contact,Ports,gold,1,6.652322443976387,1.0999999999999943,7.0,1.1000000000000014,Schematic internal layout
WIIU-0046,DCContact1,WIIU-0046 · Power connector contact001,Ports,gold,1,6.652322443976397,1.0999999999999943,7.0,1.1000000000000014,Schematic internal layout
WIIU-0047,SensorSocket,WIIU-0047 · Sensor two-contact keyed connector,Ports,red,1,647.5977596550325,10.0,13.800000000000011,7.0000000000000036,Schematic internal layout
WIIU-0048,SensorContact0,WIIU-0048 · Power connector contact002,Ports,gold,1,6.652322443976391,1.0999999999999943,7.0,1.1000000000000014,Schematic internal layout
WIIU-0049,SensorContact1,WIIU-0049 · Power connector contact003,Ports,gold,1,6.652322443976391,1.0999999999999943,7.0,1.1000000000000014,Schematic internal layout
WIIU-0050,AVSocket,WIIU-0050 · Original sixteen-contact AV Multi Out,Ports,black,1,1372.1486701761664,26.0,14.000000000000014,12.000000000000004,Schematic internal layout
WIIU-0051,AVTongue,WIIU-0051 · AV contact tongue,Ports,black,1,279.39956634047,21.5,10.0,1.3000000000000007,Schematic internal layout
WIIU-0052,AVContact0_0,WIIU-0052 · AV Multi Out contact,Ports,gold,1,0.5196909733552912,0.6499999999999986,8.0,0.09999999999999964,Schematic internal layout
WIIU-0053,AVContact0_1,WIIU-0053 · AV Multi Out contact001,Ports,gold,1,0.5196909733552932,0.6500000000000057,8.0,0.09999999999999964,Schematic internal layout
WIIU-0054,AVContact0_2,WIIU-0054 · AV Multi Out contact002,Ports,gold,1,0.5196909733552932,0.6500000000000057,8.0,0.09999999999999964,Schematic internal layout
WIIU-0055,AVContact0_3,WIIU-0055 · AV Multi Out contact003,Ports,gold,1,0.5196909733552932,0.6500000000000057,8.0,0.09999999999999964,Schematic internal layout
WIIU-0056,AVContact0_4,WIIU-0056 · AV Multi Out contact004,Ports,gold,1,0.5196909733552932,0.6500000000000057,8.0,0.09999999999999964,Schematic internal layout
WIIU-0057,AVContact0_5,WIIU-0057 · AV Multi Out contact005,Ports,gold,1,0.5196909733552932,0.6500000000000057,8.0,0.09999999999999964,Schematic internal layout
WIIU-0058,AVContact0_6,WIIU-0058 · AV Multi Out contact006,Ports,gold,1,0.5196909733552932,0.6500000000000057,8.0,0.09999999999999964,Schematic internal layout
WIIU-0059,AVContact0_7,WIIU-0059 · AV Multi Out contact007,Ports,gold,1,0.5196909733552932,0.6500000000000057,8.0,0.09999999999999964,Schematic internal layout
WIIU-0060,AVContact1_0,WIIU-0060 · AV Multi Out contact008,Ports,gold,1,0.5196909733552912,0.6499999999999986,8.0,0.09999999999999964,Schematic internal layout
WIIU-0061,AVContact1_1,WIIU-0061 · AV Multi Out contact009,Ports,gold,1,0.5196909733552931,0.6500000000000057,8.0,0.09999999999999964,Schematic internal layout
WIIU-0062,AVContact1_2,WIIU-0062 · AV Multi Out contact010,Ports,gold,1,0.5196909733552932,0.6500000000000057,8.0,0.09999999999999964,Schematic internal layout
WIIU-0063,AVContact1_3,WIIU-0063 · AV Multi Out contact011,Ports,gold,1,0.5196909733552932,0.6500000000000057,8.0,0.09999999999999964,Schematic internal layout
WIIU-0064,AVContact1_4,WIIU-0064 · AV Multi Out contact012,Ports,gold,1,0.5196909733552932,0.6500000000000057,8.0,0.09999999999999964,Schematic internal layout
WIIU-0065,AVContact1_5,WIIU-0065 · AV Multi Out contact013,Ports,gold,1,0.5196909733552932,0.6500000000000057,8.0,0.09999999999999964,Schematic internal layout
WIIU-0066,AVContact1_6,WIIU-0066 · AV Multi Out contact014,Ports,gold,1,0.5196909733552932,0.6500000000000057,8.0,0.09999999999999964,Schematic internal layout
WIIU-0067,AVContact1_7,WIIU-0067 · AV Multi Out contact015,Ports,gold,1,0.5196909733552932,0.6500000000000057,8.0,0.09999999999999964,Schematic internal layout
WIIU-0068,HDMIShield,WIIU-0068 · HDMI Type A formed metal shell,Ports,metal,1,331.82400000000007,17.0,12.400000000000006,6.500000000000005,Schematic internal layout
WIIU-0069,HDMITongue,WIIU-0069 · HDMI insulating contact tongue,Ports,black,1,84.4181946710585,13.200000000000001,8.0,0.8000000000000007,Schematic internal layout
WIIU-0070,HDMIContact0_0,WIIU-0070 · HDMI Type A contact,Ports,gold,1,0.1678901238596595,0.34999999999999964,6.0,0.08000000000000007,Schematic internal layout
WIIU-0071,HDMIContact0_1,WIIU-0071 · HDMI Type A contact001,Ports,gold,1,0.16789012385965948,0.34999999999999964,6.0,0.08000000000000007,Schematic internal layout
WIIU-0072,HDMIContact0_2,WIIU-0072 · HDMI Type A contact002,Ports,gold,1,0.16789012385965976,0.3500000000000014,6.0,0.08000000000000007,Schematic internal layout
WIIU-0073,HDMIContact0_3,WIIU-0073 · HDMI Type A contact003,Ports,gold,1,0.16789012385965976,0.3500000000000014,6.0,0.08000000000000007,Schematic internal layout
WIIU-0074,HDMIContact0_4,WIIU-0074 · HDMI Type A contact004,Ports,gold,1,0.16789012385965976,0.3500000000000014,6.0,0.08000000000000007,Schematic internal layout
WIIU-0075,HDMIContact0_5,WIIU-0075 · HDMI Type A contact005,Ports,gold,1,0.1678901238596598,0.3500000000000014,6.0,0.08000000000000007,Schematic internal layout
WIIU-0076,HDMIContact0_6,WIIU-0076 · HDMI Type A contact006,Ports,gold,1,0.1678901238596598,0.3500000000000014,6.0,0.08000000000000007,Schematic internal layout
WIIU-0077,HDMIContact0_7,WIIU-0077 · HDMI Type A contact007,Ports,gold,1,0.1678901238596598,0.3500000000000014,6.0,0.08000000000000007,Schematic internal layout
WIIU-0078,HDMIContact0_8,WIIU-0078 · HDMI Type A contact008,Ports,gold,1,0.1678901238596598,0.3500000000000014,6.0,0.08000000000000007,Schematic internal layout
WIIU-0079,HDMIContact0_9,WIIU-0079 · HDMI Type A contact009,Ports,gold,1,0.1678901238596598,0.3500000000000014,6.0,0.08000000000000007,Schematic internal layout
WIIU-0080,HDMIContact1_0,WIIU-0080 · HDMI Type A contact010,Ports,gold,1,0.16789012385965948,0.34999999999999964,6.0,0.08000000000000007,Schematic internal layout
WIIU-0081,HDMIContact1_1,WIIU-0081 · HDMI Type A contact011,Ports,gold,1,0.16789012385965976,0.3500000000000014,6.0,0.08000000000000007,Schematic internal layout
WIIU-0082,HDMIContact1_2,WIIU-0082 · HDMI Type A contact012,Ports,gold,1,0.16789012385965976,0.3500000000000014,6.0,0.08000000000000007,Schematic internal layout
WIIU-0083,HDMIContact1_3,WIIU-0083 · HDMI Type A contact013,Ports,gold,1,0.16789012385965976,0.3500000000000014,6.0,0.08000000000000007,Schematic internal layout
WIIU-0084,HDMIContact1_4,WIIU-0084 · HDMI Type A contact014,Ports,gold,1,0.16789012385965976,0.3500000000000014,6.0,0.08000000000000007,Schematic internal layout
WIIU-0085,HDMIContact1_5,WIIU-0085 · HDMI Type A contact015,Ports,gold,1,0.1678901238596598,0.3500000000000014,6.0,0.08000000000000007,Schematic internal layout
WIIU-0086,HDMIContact1_6,WIIU-0086 · HDMI Type A contact016,Ports,gold,1,0.1678901238596598,0.3500000000000014,6.0,0.08000000000000007,Schematic internal layout
WIIU-0087,HDMIContact1_7,WIIU-0087 · HDMI Type A contact017,Ports,gold,1,0.1678901238596598,0.3500000000000014,6.0,0.08000000000000007,Schematic internal layout
WIIU-0088,HDMIContact1_8,WIIU-0088 · HDMI Type A contact018,Ports,gold,1,0.1678901238596598,0.3500000000000014,6.0,0.08000000000000007,Schematic internal layout
WIIU-0089,RearUSB0,WIIU-0089 · Rear stacked USB-A shield,Ports,metal,1,340.8966365791256,15.099999999999994,13.800000000000011,6.800000000000003,Schematic internal layout
WIIU-0090,RearUSBTongue0,WIIU-0090 · USB-A contact carrier,Ports,black,1,107.0227433388231,11.900000000000006,9.0,1.0,Schematic internal layout
WIIU-0091,RearUSBPin0_0,WIIU-0091 · USB-A contact,Ports,gold,1,0.48969097335528916,0.700000000000017,7.0,0.09999999999999964,Schematic internal layout
WIIU-0092,RearUSBPin0_1,WIIU-0092 · USB-A contact001,Ports,gold,1,0.48969097335528905,0.700000000000017,7.0,0.09999999999999964,Schematic internal layout
WIIU-0093,RearUSBPin0_2,WIIU-0093 · USB-A contact002,Ports,gold,1,0.48969097335528905,0.700000000000017,7.0,0.09999999999999964,Schematic internal layout
WIIU-0094,RearUSBPin0_3,WIIU-0094 · USB-A contact003,Ports,gold,1,0.48969097335529227,0.7000000000000028,7.0,0.09999999999999964,Schematic internal layout
WIIU-0095,RearUSB1,WIIU-0095 · Rear stacked USB-A shield001,Ports,metal,1,340.89663657912547,15.099999999999994,13.800000000000011,6.800000000000001,Schematic internal layout
WIIU-0096,RearUSBTongue1,WIIU-0096 · USB-A contact carrier001,Ports,black,1,107.0227433388231,11.900000000000006,9.0,1.0,Schematic internal layout
WIIU-0097,RearUSBPin1_0,WIIU-0097 · USB-A contact004,Ports,gold,1,0.4896909733552921,0.700000000000017,7.0,0.10000000000000142,Schematic internal layout
WIIU-0098,RearUSBPin1_1,WIIU-0098 · USB-A contact005,Ports,gold,1,0.489690973355292,0.700000000000017,7.0,0.10000000000000142,Schematic internal layout
WIIU-0099,RearUSBPin1_2,WIIU-0099 · USB-A contact006,Ports,gold,1,0.489690973355292,0.700000000000017,7.0,0.10000000000000142,Schematic internal layout
WIIU-0100,RearUSBPin1_3,WIIU-0100 · USB-A contact007,Ports,gold,1,0.48969097335529527,0.7000000000000028,7.0,0.10000000000000142,Schematic internal layout
WIIU-0101,DCTitle,WIIU-0101 · AC ADAPTER,Body,wiigrey,9,0.10889853067429552,13.00161083825504,0.01800019999998881,1.5591948308724852,Published envelope; approximate photographic exterior detail
WIIU-0102,AVTitle,WIIU-0102 · AV MULTI OUT,Body,wiigrey,10,0.11092166148822273,14.397248322147654,0.01800019999998881,1.5591948308724852,Published envelope; approximate photographic exterior detail
WIIU-0103,HDMITitle,WIIU-0103 · HDMI OUT,Body,wiigrey,7,0.08681347325345817,10.379597315436241,0.01800019999998881,1.5591948308724852,Published envelope; approximate photographic exterior detail
WIIU-0104,SensorTitle,WIIU-0104 · SENSOR BAR,Body,wiigrey,9,0.12170546802846896,13.238322347651014,0.01800019999998881,1.5591948308724852,Published envelope; approximate photographic exterior detail
WIIU-0105,MainPCB,WIIU-0105 · WUP-001 Basic motherboard003,Mainboard,pcb,1,45339.86465737787,158.0,240.00000000000045,1.2000000000000002,Schematic internal layout
WIIU-0106,MCMSubstrate,WIIU-0106 · Multi-chip CPU/GPU carrier,Mainboard,pcb,1,1903.4651943997594,46.0,46.0,0.9000000000000004,Schematic internal layout
WIIU-0107,MCMInterconnect,WIIU-0107 · Schematic package interconnect field,Mainboard,metal,25,0.8377580409572776,36.4,36.400000000000006,0.40000000000000036,Schematic internal layout
WIIU-0108,GPUDie,WIIU-0108 · AMD-based graphics die study,Mainboard,black,1,288.86265482457446,17.0,17.0,1.0,Schematic internal layout
WIIU-0109,CPUDie,WIIU-0109 · IBM-based processor die study,Mainboard,black,1,80.92274333882305,9.0,9.0,1.0,Schematic internal layout
WIIU-0110,GPUCaption,WIIU-0110 · GPU,Mainboard,wiigrey,3,0.07762426946481252,5.8266025489932876,2.241342481879201,0.018000199999999467,Published envelope; approximate photographic exterior detail
WIIU-0111,CPUCaption,WIIU-0111 · CPU,Mainboard,wiigrey,3,0.03862688611953762,4.137760267114093,1.656644495302018,0.018000199999999467,Published envelope; approximate photographic exterior detail
WIIU-0112,MCMCover,WIIU-0112 · Common CPU/GPU heat spreader,Cooling,metal,1,3590.87720607374,44.0,44.0,4.1,Schematic internal layout
WIIU-0113,MCMMark,WIIU-0113 · CPU + GPU,Cooling,black,7,0.2784317623783874,21.15427872348993,2.9234901328859024,0.018000199999999467,Published envelope; approximate photographic exterior detail
WIIU-0114,DDR3_0,WIIU-0114 · DDR3L memory package,Mainboard,black,1,190.99956634046998,10.5,14.0,1.2999999999999998,Schematic internal layout
WIIU-0115,DDR3Mark0,WIIU-0115 · DDR3,Mainboard,wiigrey,4,0.06840731055287573,6.252131072483216,1.754094159731551,0.018000199999999467,Published envelope; approximate photographic exterior detail
WIIU-0116,DDR3_1,WIIU-0116 · DDR3L memory package001,Mainboard,black,1,190.99956634046998,10.5,14.0,1.2999999999999998,Schematic internal layout
WIIU-0117,DDR3Mark1,WIIU-0117 · DDR001,Mainboard,wiigrey,4,0.06840731055287573,6.252131072483216,1.754094159731551,0.018000199999999467,Published envelope; approximate photographic exterior detail
WIIU-0118,DDR3_2,WIIU-0118 · DDR3L memory package002,Mainboard,black,1,190.99956634046995,10.5,14.0,1.2999999999999998,Schematic internal layout
WIIU-0119,DDR3Mark2,WIIU-0119 · DDR002,Mainboard,wiigrey,4,0.06840731055287573,6.252131072483223,1.7540941597315438,0.018000199999999467,Published envelope; approximate photographic exterior detail
WIIU-0120,DDR3_3,WIIU-0120 · DDR3L memory package003,Mainboard,black,1,190.99956634046995,10.5,14.0,1.2999999999999998,Schematic internal layout
WIIU-0121,DDR3Mark3,WIIU-0121 · DDR003,Mainboard,wiigrey,4,0.06840731055287577,6.252131072483221,1.7540941597315438,0.018000199999999467,Published envelope; approximate photographic exterior detail
WIIU-0122,EMMC8GB,WIIU-0122 · Basic-model 8 GB eMMC study package,Mainboard,black,1,254.69956634047003,14.0,14.0,1.2999999999999998,Schematic internal layout
WIIU-0123,EMMCMark,WIIU-0123 · 8 GB,Mainboard,wiigrey,3,0.06793028614983647,5.867030401342284,1.9489934885905882,0.018000199999999467,Published envelope; approximate photographic exterior detail
WIIU-0124,HDMIController,WIIU-0124 · HDMI package,Mainboard,black,1,228.04570350741122,13.0,13.0,1.3500000000000005,Schematic internal layout
WIIU-0125,HDMIControllerMark,WIIU-0125 · HDMI,Mainboard,wiigrey,4,0.03393131997854878,4.161199664429525,1.2214767100671082,0.018000199999999467,Published envelope; approximate photographic exterior detail
WIIU-0126,HDMIControllerLeads-1,WIIU-0126 · Package contact bank,Mainboard,metal,32,1.7663999999999722,12.130000000000003,1.5999999999999943,0.15000000000000036,Schematic internal layout
WIIU-0127,HDMIControllerLeads1,WIIU-0127 · Package contact bank001,Mainboard,metal,32,1.7663999999999722,12.130000000000003,1.5999999999999943,0.15000000000000036,Schematic internal layout
WIIU-0128,SystemController,WIIU-0128 · DRH-WUP package,Mainboard,black,1,163.24570350741118,11.0,11.0,1.3500000000000005,Schematic internal layout
WIIU-0129,SystemControllerMark,WIIU-0129 · DRH-WUP,Mainboard,wiigrey,7,0.05721108967827044,7.925419663087254,1.2459062402684609,0.018000199999999467,Published envelope; approximate photographic exterior detail
WIIU-0130,SystemControllerLeads-1,WIIU-0130 · Package contact bank002,Mainboard,metal,24,1.3247999999999864,10.130000000000003,1.6000000000000014,0.15000000000000036,Schematic internal layout
WIIU-0131,SystemControllerLeads1,WIIU-0131 · Package contact bank003,Mainboard,metal,24,1.3247999999999869,10.130000000000003,1.6000000000000014,0.15000000000000036,Schematic internal layout
WIIU-0132,AudioCodec,WIIU-0132 · AUDIO package,Mainboard,black,1,97.09570350741114,9.0,8.0,1.3500000000000005,Schematic internal layout
WIIU-0133,AudioCodecMark,WIIU-0133 · AUDIO,Mainboard,wiigrey,5,0.0390843884168898,5.367898589932892,1.266845837583901,0.018000199999999467,Published envelope; approximate photographic exterior detail
WIIU-0134,AudioCodecLeads-1,WIIU-0134 · Package contact bank004,Mainboard,metal,16,0.88319999999999,8.130000000000003,1.6000000000000014,0.15000000000000036,Schematic internal layout
WIIU-0135,AudioCodecLeads1,WIIU-0135 · Package contact bank005,Mainboard,metal,16,0.8831999999999912,8.130000000000003,1.6000000000000014,0.15000000000000036,Schematic internal layout
WIIU-0136,Regulator0,WIIU-0136 · Power regulator study package,Mainboard,black,1,46.621451271946675,6.0,6.0,1.2999999999999998,Schematic internal layout
WIIU-0137,PowerInductor0,WIIU-0137 · Power conversion inductor,Mainboard,thermal,1,284.137166941154,8.0,8.0,4.499999999999999,Schematic internal layout
WIIU-0138,PowerCap0,WIIU-0138 · Power smoothing capacitor,Mainboard,metal,1,181.14423240598745,6.200000000000003,6.199999999999999,5.999999999999999,Schematic internal layout
WIIU-0139,Regulator1,WIIU-0139 · Power regulator study package001,Mainboard,black,1,46.621451271946675,6.0,6.0,1.2999999999999998,Schematic internal layout
WIIU-0140,PowerInductor1,WIIU-0140 · Power conversion inductor001,Mainboard,thermal,1,284.137166941154,8.0,8.0,4.499999999999999,Schematic internal layout
WIIU-0141,PowerCap1,WIIU-0141 · Power smoothing capacitor001,Mainboard,metal,1,181.14423240598745,6.200000000000003,6.200000000000003,5.999999999999999,Schematic internal layout
WIIU-0142,Regulator2,WIIU-0142 · Power regulator study package002,Mainboard,black,1,46.621451271946675,6.0,6.0,1.2999999999999998,Schematic internal layout
WIIU-0143,PowerInductor2,WIIU-0143 · Power conversion inductor002,Mainboard,thermal,1,284.137166941154,8.0,8.0,4.499999999999999,Schematic internal layout
WIIU-0144,PowerCap2,WIIU-0144 · Power smoothing capacitor002,Mainboard,metal,1,181.14423240598745,6.200000000000003,6.200000000000003,5.999999999999999,Schematic internal layout
WIIU-0145,Regulator3,WIIU-0145 · Power regulator study package003,Mainboard,black,1,46.62145127194667,6.0,6.0,1.2999999999999998,Schematic internal layout
WIIU-0146,PowerInductor3,WIIU-0146 · Power conversion inductor003,Mainboard,thermal,1,284.137166941154,8.0,8.0,4.499999999999999,Schematic internal layout
WIIU-0147,PowerCap3,WIIU-0147 · Power smoothing capacitor003,Mainboard,metal,1,181.1442324059875,6.200000000000006,6.199999999999989,5.999999999999999,Schematic internal layout
WIIU-0148,RearPowerCap0,WIIU-0148 · Rear power smoothing capacitor,Mainboard,metal,1,147.78051842486383,5.599999999999994,5.599999999999994,5.999999999999999,Schematic internal layout
WIIU-0149,RearPowerCap1,WIIU-0149 · Rear power smoothing capacitor001,Mainboard,metal,1,147.78051842486383,5.599999999999994,5.599999999999994,5.999999999999999,Schematic internal layout
WIIU-0150,RearPowerCap2,WIIU-0150 · Rear power smoothing capacitor002,Mainboard,metal,1,147.78051842486383,5.599999999999994,5.599999999999994,5.999999999999999,Schematic internal layout
WIIU-0151,RearPowerCap3,WIIU-0151 · Rear power smoothing capacitor003,Mainboard,metal,1,147.78051842486383,5.599999999999994,5.599999999999994,5.999999999999999,Schematic internal layout
WIIU-0152,SMD0_0_0,WIIU-0152 · Study passive component,Mainboard,black,1,0.5957079632679514,1.5,0.8000000000000114,0.5,Schematic internal layout
WIIU-0153,SMD0_0_1,WIIU-0153 · Study passive component001,Mainboard,cream,1,0.5957079632679514,1.5,0.8000000000000114,0.5,Schematic internal layout
WIIU-0154,SMD0_0_2,WIIU-0154 · Study passive component002,Mainboard,cream,1,0.5957079632679514,1.5,0.8000000000000114,0.5,Schematic internal layout
WIIU-0155,SMD0_1_0,WIIU-0155 · Study passive component003,Mainboard,cream,1,0.5957079632679514,1.5,0.8000000000000114,0.5,Schematic internal layout
WIIU-0156,SMD0_1_1,WIIU-0156 · Study passive component004,Mainboard,cream,1,0.5957079632679513,1.5,0.8000000000000114,0.5,Schematic internal layout
WIIU-0157,SMD0_1_2,WIIU-0157 · Study passive component005,Mainboard,black,1,0.5957079632679514,1.5,0.8000000000000114,0.5,Schematic internal layout
WIIU-0158,SMD0_2_0,WIIU-0158 · Study passive component006,Mainboard,cream,1,0.5957079632679514,1.5,0.8000000000000114,0.5,Schematic internal layout
WIIU-0159,SMD0_2_1,WIIU-0159 · Study passive component007,Mainboard,black,1,0.5957079632679514,1.5,0.8000000000000114,0.5,Schematic internal layout
WIIU-0160,SMD0_2_2,WIIU-0160 · Study passive component008,Mainboard,cream,1,0.5957079632679514,1.5,0.8000000000000114,0.5,Schematic internal layout
WIIU-0161,SMD0_3_0,WIIU-0161 · Study passive component009,Mainboard,black,1,0.5957079632679515,1.5,0.8000000000000114,0.5,Schematic internal layout
WIIU-0162,SMD0_3_1,WIIU-0162 · Study passive component010,Mainboard,cream,1,0.5957079632679514,1.5,0.8000000000000114,0.5,Schematic internal layout
WIIU-0163,SMD0_3_2,WIIU-0163 · Study passive component011,Mainboard,cream,1,0.5957079632679514,1.5,0.8000000000000114,0.5,Schematic internal layout
WIIU-0164,SMD0_4_0,WIIU-0164 · Study passive component012,Mainboard,cream,1,0.5957079632679514,1.5,0.8000000000000114,0.5,Schematic internal layout
WIIU-0165,SMD0_4_1,WIIU-0165 · Study passive component013,Mainboard,cream,1,0.5957079632679514,1.5,0.8000000000000114,0.5,Schematic internal layout
WIIU-0166,SMD0_4_2,WIIU-0166 · Study passive component014,Mainboard,black,1,0.5957079632679514,1.5,0.8000000000000114,0.5,Schematic internal layout
WIIU-0167,SMD0_5_0,WIIU-0167 · Study passive component015,Mainboard,cream,1,0.5957079632679514,1.5,0.8000000000000114,0.5,Schematic internal layout
WIIU-0168,SMD0_5_1,WIIU-0168 · Study passive component016,Mainboard,black,1,0.5957079632679514,1.5,0.8000000000000114,0.5,Schematic internal layout
WIIU-0169,SMD0_5_2,WIIU-0169 · Study passive component017,Mainboard,cream,1,0.5957079632679514,1.5,0.8000000000000114,0.5,Schematic internal layout
WIIU-0170,SMD0_6_0,WIIU-0170 · Study passive component018,Mainboard,black,1,0.5957079632679514,1.5,0.8000000000000114,0.5,Schematic internal layout
WIIU-0171,SMD0_6_1,WIIU-0171 · Study passive component019,Mainboard,cream,1,0.5957079632679514,1.5,0.8000000000000114,0.5,Schematic internal layout
WIIU-0172,SMD0_6_2,WIIU-0172 · Study passive component020,Mainboard,cream,1,0.5957079632679514,1.5,0.8000000000000114,0.5,Schematic internal layout
WIIU-0173,SMD0_7_0,WIIU-0173 · Study passive component021,Mainboard,cream,1,0.5957079632679514,1.5,0.8000000000000114,0.5,Schematic internal layout
WIIU-0174,SMD0_7_1,WIIU-0174 · Study passive component022,Mainboard,cream,1,0.5957079632679512,1.5,0.8000000000000114,0.5,Schematic internal layout
WIIU-0175,SMD0_7_2,WIIU-0175 · Study passive component023,Mainboard,black,1,0.5957079632679512,1.5,0.8000000000000114,0.5,Schematic internal layout
WIIU-0176,SMD1_0_0,WIIU-0176 · Study passive component024,Mainboard,black,1,0.5957079632679514,1.5,0.8000000000000114,0.5,Schematic internal layout
WIIU-0177,SMD1_0_1,WIIU-0177 · Study passive component025,Mainboard,cream,1,0.5957079632679514,1.5,0.8000000000000114,0.5,Schematic internal layout
WIIU-0178,SMD1_0_2,WIIU-0178 · Study passive component026,Mainboard,cream,1,0.5957079632679514,1.5,0.8000000000000114,0.5,Schematic internal layout
WIIU-0179,SMD1_1_0,WIIU-0179 · Study passive component027,Mainboard,cream,1,0.5957079632679514,1.5,0.8000000000000114,0.5,Schematic internal layout
WIIU-0180,SMD1_1_1,WIIU-0180 · Study passive component028,Mainboard,cream,1,0.5957079632679514,1.5,0.8000000000000114,0.5,Schematic internal layout
WIIU-0181,SMD1_1_2,WIIU-0181 · Study passive component029,Mainboard,black,1,0.5957079632679514,1.5,0.8000000000000114,0.5,Schematic internal layout
WIIU-0182,SMD1_2_0,WIIU-0182 · Study passive component030,Mainboard,cream,1,0.5957079632679514,1.5,0.8000000000000114,0.5,Schematic internal layout
WIIU-0183,SMD1_2_1,WIIU-0183 · Study passive component031,Mainboard,black,1,0.5957079632679513,1.5,0.8000000000000114,0.5,Schematic internal layout
WIIU-0184,SMD1_2_2,WIIU-0184 · Study passive component032,Mainboard,cream,1,0.5957079632679513,1.5,0.8000000000000114,0.5,Schematic internal layout
WIIU-0185,SMD1_3_0,WIIU-0185 · Study passive component033,Mainboard,black,1,0.5957079632679514,1.5,0.8000000000000114,0.5,Schematic internal layout
WIIU-0186,SMD1_3_1,WIIU-0186 · Study passive component034,Mainboard,cream,1,0.5957079632679514,1.5,0.8000000000000114,0.5,Schematic internal layout
WIIU-0187,SMD1_3_2,WIIU-0187 · Study passive component035,Mainboard,cream,1,0.5957079632679514,1.5,0.8000000000000114,0.5,Schematic internal layout
WIIU-0188,SMD1_4_0,WIIU-0188 · Study passive component036,Mainboard,cream,1,0.5957079632679514,1.5,0.8000000000000114,0.5,Schematic internal layout
WIIU-0189,SMD1_4_1,WIIU-0189 · Study passive component037,Mainboard,cream,1,0.5957079632679514,1.5,0.8000000000000114,0.5,Schematic internal layout
WIIU-0190,SMD1_4_2,WIIU-0190 · Study passive component038,Mainboard,black,1,0.5957079632679514,1.5,0.8000000000000114,0.5,Schematic internal layout
WIIU-0191,SMD2_0_0,WIIU-0191 · Study passive component039,Mainboard,black,1,0.5957079632679485,1.5,0.8000000000000043,0.5,Schematic internal layout
WIIU-0192,SMD2_0_1,WIIU-0192 · Study passive component040,Mainboard,cream,1,0.5957079632679488,1.5,0.8000000000000025,0.5,Schematic internal layout
WIIU-0193,SMD2_0_2,WIIU-0193 · Study passive component041,Mainboard,cream,1,0.5957079632679492,1.5,0.8000000000000007,0.5,Schematic internal layout
WIIU-0194,SMD2_1_0,WIIU-0194 · Study passive component042,Mainboard,cream,1,0.5957079632679485,1.5,0.8000000000000043,0.5,Schematic internal layout
WIIU-0195,SMD2_1_1,WIIU-0195 · Study passive component043,Mainboard,cream,1,0.5957079632679488,1.5,0.8000000000000025,0.5,Schematic internal layout
WIIU-0196,SMD2_1_2,WIIU-0196 · Study passive component044,Mainboard,black,1,0.5957079632679492,1.5,0.8000000000000007,0.5,Schematic internal layout
WIIU-0197,SMD2_2_0,WIIU-0197 · Study passive component045,Mainboard,cream,1,0.5957079632679484,1.5,0.8000000000000043,0.5,Schematic internal layout
WIIU-0198,SMD2_2_1,WIIU-0198 · Study passive component046,Mainboard,black,1,0.5957079632679488,1.5,0.8000000000000025,0.5,Schematic internal layout
WIIU-0199,SMD2_2_2,WIIU-0199 · Study passive component047,Mainboard,cream,1,0.5957079632679492,1.5,0.8000000000000007,0.5,Schematic internal layout
WIIU-0200,SMD2_3_0,WIIU-0200 · Study passive component048,Mainboard,black,1,0.5957079632679485,1.5,0.8000000000000043,0.5,Schematic internal layout
WIIU-0201,SMD2_3_1,WIIU-0201 · Study passive component049,Mainboard,cream,1,0.5957079632679488,1.5,0.8000000000000025,0.5,Schematic internal layout
WIIU-0202,SMD2_3_2,WIIU-0202 · Study passive component050,Mainboard,cream,1,0.5957079632679492,1.5,0.8000000000000007,0.5,Schematic internal layout
WIIU-0203,SMD2_4_0,WIIU-0203 · Study passive component051,Mainboard,cream,1,0.5957079632679484,1.5,0.8000000000000043,0.5,Schematic internal layout
WIIU-0204,SMD2_4_1,WIIU-0204 · Study passive component052,Mainboard,cream,1,0.5957079632679487,1.5,0.8000000000000025,0.5,Schematic internal layout
WIIU-0205,SMD2_4_2,WIIU-0205 · Study passive component053,Mainboard,black,1,0.5957079632679492,1.5,0.8000000000000007,0.5,Schematic internal layout
WIIU-0206,SMD2_5_0,WIIU-0206 · Study passive component054,Mainboard,cream,1,0.5957079632679483,1.5,0.8000000000000043,0.5,Schematic internal layout
WIIU-0207,SMD2_5_1,WIIU-0207 · Study passive component055,Mainboard,black,1,0.595707963267949,1.5,0.8000000000000025,0.5,Schematic internal layout
WIIU-0208,SMD2_5_2,WIIU-0208 · Study passive component056,Mainboard,cream,1,0.5957079632679492,1.5,0.8000000000000007,0.5,Schematic internal layout
WIIU-0209,SMD3_0_0,WIIU-0209 · Study passive component057,Mainboard,black,1,0.5957079632679484,1.5,0.7999999999999972,0.5,Schematic internal layout
WIIU-0210,SMD3_0_1,WIIU-0210 · Study passive component058,Mainboard,cream,1,0.5957079632679484,1.5,0.7999999999999972,0.5,Schematic internal layout
WIIU-0211,SMD3_0_2,WIIU-0211 · Study passive component059,Mainboard,cream,1,0.5957079632679484,1.5,0.7999999999999972,0.5,Schematic internal layout
WIIU-0212,SMD3_1_0,WIIU-0212 · Study passive component060,Mainboard,cream,1,0.5957079632679482,1.5,0.7999999999999972,0.5,Schematic internal layout
WIIU-0213,SMD3_1_1,WIIU-0213 · Study passive component061,Mainboard,cream,1,0.5957079632679482,1.5,0.7999999999999972,0.5,Schematic internal layout
WIIU-0214,SMD3_1_2,WIIU-0214 · Study passive component062,Mainboard,black,1,0.5957079632679482,1.5,0.7999999999999972,0.5,Schematic internal layout
WIIU-0215,SMD3_2_0,WIIU-0215 · Study passive component063,Mainboard,cream,1,0.5957079632679483,1.5,0.7999999999999972,0.5,Schematic internal layout
WIIU-0216,SMD3_2_1,WIIU-0216 · Study passive component064,Mainboard,black,1,0.5957079632679483,1.5,0.7999999999999972,0.5,Schematic internal layout
WIIU-0217,SMD3_2_2,WIIU-0217 · Study passive component065,Mainboard,cream,1,0.5957079632679483,1.5,0.7999999999999972,0.5,Schematic internal layout
WIIU-0218,SMD3_3_0,WIIU-0218 · Study passive component066,Mainboard,black,1,0.5957079632679484,1.5,0.7999999999999972,0.5,Schematic internal layout
WIIU-0219,SMD3_3_1,WIIU-0219 · Study passive component067,Mainboard,cream,1,0.5957079632679484,1.5,0.7999999999999972,0.5,Schematic internal layout
WIIU-0220,SMD3_3_2,WIIU-0220 · Study passive component068,Mainboard,cream,1,0.5957079632679484,1.5,0.7999999999999972,0.5,Schematic internal layout
WIIU-0221,SMD3_4_0,WIIU-0221 · Study passive component069,Mainboard,cream,1,0.5957079632679483,1.5,0.7999999999999972,0.5,Schematic internal layout
WIIU-0222,SMD3_4_1,WIIU-0222 · Study passive component070,Mainboard,cream,1,0.5957079632679483,1.5,0.7999999999999972,0.5,Schematic internal layout
WIIU-0223,SMD3_4_2,WIIU-0223 · Study passive component071,Mainboard,black,1,0.5957079632679483,1.5,0.7999999999999972,0.5,Schematic internal layout
WIIU-0224,SMD3_5_0,WIIU-0224 · Study passive component072,Mainboard,cream,1,0.5957079632679483,1.5,0.7999999999999972,0.5,Schematic internal layout
WIIU-0225,SMD3_5_1,WIIU-0225 · Study passive component073,Mainboard,black,1,0.5957079632679483,1.5,0.7999999999999972,0.5,Schematic internal layout
WIIU-0226,SMD3_5_2,WIIU-0226 · Study passive component074,Mainboard,cream,1,0.5957079632679483,1.5,0.7999999999999972,0.5,Schematic internal layout
WIIU-0227,SMD3_6_0,WIIU-0227 · Study passive component075,Mainboard,black,1,0.5957079632679483,1.5,0.7999999999999972,0.5,Schematic internal layout
WIIU-0228,SMD3_6_1,WIIU-0228 · Study passive component076,Mainboard,cream,1,0.5957079632679483,1.5,0.7999999999999972,0.5,Schematic internal layout
WIIU-0229,SMD3_6_2,WIIU-0229 · Study passive component077,Mainboard,cream,1,0.5957079632679483,1.5,0.7999999999999972,0.5,Schematic internal layout
WIIU-0230,SMD3_7_0,WIIU-0230 · Study passive component078,Mainboard,cream,1,0.5957079632679483,1.5,0.7999999999999972,0.5,Schematic internal layout
WIIU-0231,SMD3_7_1,WIIU-0231 · Study passive component079,Mainboard,cream,1,0.5957079632679483,1.5,0.7999999999999972,0.5,Schematic internal layout
WIIU-0232,SMD3_7_2,WIIU-0232 · Study passive component080,Mainboard,black,1,0.5957079632679483,1.5,0.7999999999999972,0.5,Schematic internal layout
WIIU-0233,SMD4_0_0,WIIU-0233 · Study passive component081,Mainboard,black,1,0.5957079632679513,1.5,0.8000000000000114,0.5,Schematic internal layout
WIIU-0234,SMD4_0_1,WIIU-0234 · Study passive component082,Mainboard,cream,1,0.5957079632679513,1.5,0.8000000000000114,0.5,Schematic internal layout
WIIU-0235,SMD4_0_2,WIIU-0235 · Study passive component083,Mainboard,cream,1,0.5957079632679513,1.5,0.8000000000000114,0.5,Schematic internal layout
WIIU-0236,SMD4_1_0,WIIU-0236 · Study passive component084,Mainboard,cream,1,0.5957079632679512,1.5,0.8000000000000114,0.5,Schematic internal layout
WIIU-0237,SMD4_1_1,WIIU-0237 · Study passive component085,Mainboard,cream,1,0.5957079632679512,1.5,0.8000000000000114,0.5,Schematic internal layout
WIIU-0238,SMD4_1_2,WIIU-0238 · Study passive component086,Mainboard,black,1,0.5957079632679512,1.5,0.8000000000000114,0.5,Schematic internal layout
WIIU-0239,SMD4_2_0,WIIU-0239 · Study passive component087,Mainboard,cream,1,0.5957079632679513,1.5,0.8000000000000114,0.5,Schematic internal layout
WIIU-0240,SMD4_2_1,WIIU-0240 · Study passive component088,Mainboard,black,1,0.5957079632679513,1.5,0.8000000000000114,0.5,Schematic internal layout
WIIU-0241,SMD4_2_2,WIIU-0241 · Study passive component089,Mainboard,cream,1,0.5957079632679513,1.5,0.8000000000000114,0.5,Schematic internal layout
WIIU-0242,SMD4_3_0,WIIU-0242 · Study passive component090,Mainboard,black,1,0.5957079632679514,1.5,0.8000000000000114,0.5,Schematic internal layout
WIIU-0243,SMD4_3_1,WIIU-0243 · Study passive component091,Mainboard,cream,1,0.5957079632679513,1.5,0.8000000000000114,0.5,Schematic internal layout
WIIU-0244,SMD4_3_2,WIIU-0244 · Study passive component092,Mainboard,cream,1,0.5957079632679514,1.5,0.8000000000000114,0.5,Schematic internal layout
WIIU-0245,SMD4_4_0,WIIU-0245 · Study passive component093,Mainboard,cream,1,0.5957079632679514,1.5,0.8000000000000114,0.5,Schematic internal layout
WIIU-0246,SMD4_4_1,WIIU-0246 · Study passive component094,Mainboard,cream,1,0.5957079632679514,1.5,0.8000000000000114,0.5,Schematic internal layout
WIIU-0247,SMD4_4_2,WIIU-0247 · Study passive component095,Mainboard,black,1,0.5957079632679514,1.5,0.8000000000000114,0.5,Schematic internal layout
WIIU-0248,SMD5_0_0,WIIU-0248 · Study passive component096,Mainboard,black,1,0.5957079632679483,1.5,0.7999999999999972,0.5,Schematic internal layout
WIIU-0249,SMD5_0_1,WIIU-0249 · Study passive component097,Mainboard,cream,1,0.5957079632679483,1.5,0.7999999999999972,0.5,Schematic internal layout
WIIU-0250,SMD5_0_2,WIIU-0250 · Study passive component098,Mainboard,cream,1,0.5957079632679483,1.5,0.7999999999999972,0.5,Schematic internal layout
WIIU-0251,SMD5_1_0,WIIU-0251 · Study passive component099,Mainboard,cream,1,0.5957079632679486,1.5000000000000036,0.7999999999999972,0.5,Schematic internal layout
WIIU-0252,SMD5_1_1,WIIU-0252 · Study passive component100,Mainboard,cream,1,0.5957079632679486,1.5000000000000036,0.7999999999999972,0.5,Schematic internal layout
WIIU-0253,SMD5_1_2,WIIU-0253 · Study passive component101,Mainboard,black,1,0.5957079632679487,1.5000000000000036,0.7999999999999972,0.5,Schematic internal layout
WIIU-0254,SMD5_2_0,WIIU-0254 · Study passive component102,Mainboard,cream,1,0.5957079632679484,1.5,0.7999999999999972,0.5,Schematic internal layout
WIIU-0255,SMD5_2_1,WIIU-0255 · Study passive component103,Mainboard,black,1,0.5957079632679484,1.5,0.7999999999999972,0.5,Schematic internal layout
WIIU-0256,SMD5_2_2,WIIU-0256 · Study passive component104,Mainboard,cream,1,0.5957079632679484,1.5,0.7999999999999972,0.5,Schematic internal layout
WIIU-0257,SMD5_3_0,WIIU-0257 · Study passive component105,Mainboard,black,1,0.5957079632679483,1.5,0.7999999999999972,0.5,Schematic internal layout
WIIU-0258,SMD5_3_1,WIIU-0258 · Study passive component106,Mainboard,cream,1,0.5957079632679485,1.5,0.7999999999999972,0.5,Schematic internal layout
WIIU-0259,SMD5_3_2,WIIU-0259 · Study passive component107,Mainboard,cream,1,0.5957079632679485,1.5,0.7999999999999972,0.5,Schematic internal layout
WIIU-0260,SMD5_4_0,WIIU-0260 · Study passive component108,Mainboard,cream,1,0.5957079632679484,1.5,0.7999999999999972,0.5,Schematic internal layout
WIIU-0261,SMD5_4_1,WIIU-0261 · Study passive component109,Mainboard,cream,1,0.5957079632679484,1.5,0.7999999999999972,0.5,Schematic internal layout
WIIU-0262,SMD5_4_2,WIIU-0262 · Study passive component110,Mainboard,black,1,0.5957079632679484,1.5,0.7999999999999972,0.5,Schematic internal layout
WIIU-0263,SMD5_5_0,WIIU-0263 · Study passive component111,Mainboard,cream,1,0.5957079632679485,1.5,0.7999999999999972,0.5,Schematic internal layout
WIIU-0264,SMD5_5_1,WIIU-0264 · Study passive component112,Mainboard,black,1,0.5957079632679483,1.5,0.7999999999999972,0.5,Schematic internal layout
WIIU-0265,SMD5_5_2,WIIU-0265 · Study passive component113,Mainboard,cream,1,0.5957079632679483,1.5,0.7999999999999972,0.5,Schematic internal layout
WIIU-0266,SMD5_6_0,WIIU-0266 · Study passive component114,Mainboard,black,1,0.5957079632679484,1.5,0.7999999999999972,0.5,Schematic internal layout
WIIU-0267,SMD5_6_1,WIIU-0267 · Study passive component115,Mainboard,cream,1,0.5957079632679485,1.5,0.7999999999999972,0.5,Schematic internal layout
WIIU-0268,SMD5_6_2,WIIU-0268 · Study passive component116,Mainboard,cream,1,0.5957079632679483,1.5,0.7999999999999972,0.5,Schematic internal layout
WIIU-0269,DriveData,WIIU-0269 · DriveData connector body,Mainboard,cream,1,263.69784061406364,24.0,5.0,2.200000000000001,Schematic internal layout
WIIU-0270,DriveDataLatch,WIIU-0270 · DriveData connector latch,Mainboard,black,1,22.982831853071794,23.0,2.0,0.5,Schematic internal layout
WIIU-0271,DrivePower,WIIU-0271 · DrivePower connector body,Mainboard,cream,1,120.69784061406361,11.0,5.0,2.200000000000001,Schematic internal layout
WIIU-0272,DrivePowerLatch,WIIU-0272 · DrivePower connector latch,Mainboard,black,1,9.982831853071797,10.0,2.0,0.5,Schematic internal layout
WIIU-0273,FanSocket,WIIU-0273 · FanSocket connector body,Mainboard,cream,1,52.49784061406361,6.0,4.0,2.200000000000001,Schematic internal layout
WIIU-0274,FanSocketLatch,WIIU-0274 · FanSocket connector latch,Mainboard,black,1,3.9828318530717914,5.0,1.5999999999999943,0.5,Schematic internal layout
WIIU-0275,BoardTitle,WIIU-0275 · WUP-001 BASIC STUDY,Mainboard,white,17,0.46405542505739245,36.96780620805369,2.4362418107382595,0.018000200000000355,Published envelope; approximate photographic exterior detail
WIIU-0276,WifiPCB,WIIU-0276 · Wireless LAN module PCB002,Wireless,pcb,1,445.2051504440784,31.0,24.0,0.5999999999999996,Schematic internal layout
WIIU-0277,WifiConnector,WIIU-0277 · Wireless LAN module board connector,Wireless,cream,1,39.515017672705405,12.0,3.0,1.1000000000000005,Schematic internal layout
WIIU-0278,WifiIC,WIIU-0278 · Wireless LAN module chipset package,Wireless,black,1,70.3150176727054,8.0,8.0,1.1,Schematic internal layout
WIIU-0279,WifiShield,WIIU-0279 · Wireless LAN module lower shield can001,Wireless,metal,1,225.09637418337869,27.000000000000007,19.0,1.7999999999999998,Schematic internal layout
WIIU-0280,WifiCoax0,WIIU-0280 · Miniature coax socket,Wireless,gold,1,2.327920156310038,2.5,2.5,0.6499999999999999,Schematic internal layout
WIIU-0281,WifiCoax1,WIIU-0281 · Miniature coax socket001,Wireless,gold,1,2.3279201563100345,2.5,2.5,0.6499999999999999,Schematic internal layout
WIIU-0282,StreamPCB,WIIU-0282 · GamePad video-link radio PCB002,Wireless,pcb,1,508.80515044407844,34.0,25.0,0.5999999999999996,Schematic internal layout
WIIU-0283,StreamConnector,WIIU-0283 · GamePad video-link radio board connector,Wireless,cream,1,39.515017672705405,12.0,3.0,1.1000000000000005,Schematic internal layout
WIIU-0284,StreamIC,WIIU-0284 · GamePad video-link radio chipset package,Wireless,black,1,70.3150176727054,8.0,8.0,1.1,Schematic internal layout
WIIU-0285,StreamShield,WIIU-0285 · GamePad video-link radio lower shield can001,Wireless,metal,1,258.3963741833675,30.0,20.0,1.7999999999999998,Schematic internal layout
WIIU-0286,StreamCoax0,WIIU-0286 · Miniature coax socket002,Wireless,gold,1,2.3279201563100353,2.5,2.5,0.6499999999999999,Schematic internal layout
WIIU-0287,StreamCoax1,WIIU-0287 · Miniature coax socket003,Wireless,gold,1,2.327920156310035,2.5,2.5,0.6499999999999999,Schematic internal layout
WIIU-0288,BluetoothPCB,WIIU-0288 · Bluetooth controller radio PCB002,Wireless,pcb,1,368.40515044407846,28.0,22.0,0.5999999999999996,Schematic internal layout
WIIU-0289,BluetoothConnector,WIIU-0289 · Bluetooth controller radio board connector,Wireless,cream,1,39.515017672705405,12.0,3.0,1.1000000000000005,Schematic internal layout
WIIU-0290,BluetoothIC,WIIU-0290 · Bluetooth controller radio chipset package,Wireless,black,1,70.31501767270541,8.0,8.0,1.1,Schematic internal layout
WIIU-0291,BluetoothShield,WIIU-0291 · Bluetooth controller radio lower shield can001,Wireless,metal,1,184.5963741833873,24.000000000000007,17.0,1.7999999999999998,Schematic internal layout
WIIU-0292,BluetoothCoax0,WIIU-0292 · Miniature coax socket004,Wireless,gold,1,2.327920156310037,2.5,2.5,0.6499999999999999,Schematic internal layout
WIIU-0293,BluetoothCoax1,WIIU-0293 · Miniature coax socket005,Wireless,gold,1,2.3279201563100345,2.5,2.5,0.6499999999999999,Schematic internal layout
WIIU-0294,CompatibilityNAND,WIIU-0294 · 512 MB compatibility NAND study package,Mainboard,black,1,242.89570350741118,12.0,15.0,1.3500000000000005,Schematic internal layout
WIIU-0295,MCMThermal,WIIU-0295 · MCM thermal interface pad,Cooling,thermal,1,504.0424777960773,41.0,41.0,0.3000000000000007,Schematic internal layout
WIIU-0296,Heatsink,WIIU-0296 · Common finned MCM heatsink,Cooling,metal,1,19173.580116414287,58.0,58.0,23.25,Schematic internal layout
WIIU-0297,FanFrame,WIIU-0297 · Rear axial cooling fan frame,Cooling,black,1,4840.646817191402,40.0,9.0,40.0,Schematic internal layout
WIIU-0298,FanRotor,WIIU-0298 · Seven-blade cooling rotor,Cooling,black,1,1061.6375802031323,34.01198292159473,6.0,34.41480084089805,Schematic internal layout
WIIU-0299,FanMotor,WIIU-0299 · Fan motor support disc,Cooling,pcb,1,87.28286869468533,12.599999999999998,0.7000000000000028,12.600000000000001,Schematic internal layout
WIIU-0300,FanStrut0,WIIU-0300 · Cooling fan support strut,Cooling,black,1,2.9959999999999543,10.7,0.3499999999999943,0.8000000000000007,Schematic internal layout
WIIU-0301,FanStrut1,WIIU-0301 · Cooling fan support strut001,Cooling,black,1,2.995999999999954,0.8000000000000043,0.3499999999999943,10.7,Schematic internal layout
WIIU-0302,FanStrut2,WIIU-0302 · Cooling fan support strut002,Cooling,black,1,2.9959999999999543,10.700000000000003,0.3499999999999943,0.8000000000000007,Schematic internal layout
WIIU-0303,FanStrut3,WIIU-0303 · Cooling fan support strut003,Cooling,black,1,2.9959999999999534,0.8000000000000043,0.3499999999999943,10.7,Schematic internal layout
WIIU-0304,AirDuct,WIIU-0304 · Offset processor-to-fan air duct001,Cooling,black,1,6334.025070549366,69.5000002,37.1000002000321,35.5000002,Schematic internal layout
WIIU-0305,DriveBase,WIIU-0305 · Stamped optical-drive base,Optical,metal,1,14146.41646111813,134.0,151.0,0.6999999999999993,Schematic internal layout
WIIU-0306,DriveFrame,WIIU-0306 · Optical mechanism side frame,Optical,black,1,7037.844235913726,134.0,151.0,11.7,Schematic internal layout
WIIU-0307,SpindleMotor,WIIU-0307 · Disc spindle motor,Optical,metal,1,2188.5339734555646,21.200000000000003,21.199999999999996,6.199999999999999,Schematic internal layout
WIIU-0308,SpindleShaft,WIIU-0308 · Spindle drive shaft,Optical,metal,1,31.17088230891791,4.3999999999999995,4.400000000000006,2.049999999999997,Schematic internal layout
WIIU-0309,Turntable,WIIU-0309 · Disc centering turntable,Optical,black,1,719.0115982381152,26.0,26.0,1.3999999999999986,Schematic internal layout
WIIU-0310,TurntablePilot,WIIU-0310 · Disc center pilot,Optical,black,1,276.86227737556146,14.399999999999999,14.400000000000006,1.7000000000000028,Schematic internal layout
WIIU-0311,PickupRail0,WIIU-0311 · Optical pickup linear guide,Optical,metal,1,64.65397681087796,1.4000000000000004,42.0,1.3999999999999986,Schematic internal layout
WIIU-0312,PickupRail1,WIIU-0312 · Optical pickup linear guide001,Optical,metal,1,64.65397681087796,1.3999999999999986,42.0,1.3999999999999986,Schematic internal layout
WIIU-0313,PickupCarriage,WIIU-0313 · Optical pickup carriage with guide bores,Optical,black,1,1769.6254921036298,29.0,16.0,4.0,Schematic internal layout
WIIU-0314,PickupPCB,WIIU-0314 · Pickup sensor board,Optical,pcb,1,140.1991326809399,18.0,12.0,0.6499999999999986,Schematic internal layout
WIIU-0315,LensHolder,WIIU-0315 · Objective lens support,Optical,black,1,39.05627986942828,8.8,8.800000000000011,1.1999999999999993,Schematic internal layout
WIIU-0316,PickupLens,WIIU-0316 · Blue optical objective,Optical,blue,1,14.778051842486404,5.6,5.599999999999994,0.6000000000000014,Schematic internal layout
WIIU-0317,SledScrew,WIIU-0317 · Pickup lead-screw shaft,Optical,metal,1,101.7876019763093,1.7999999999999972,40.0,1.7999999999999972,Schematic internal layout
WIIU-0318,SledThread,WIIU-0318 · Helical pickup-feed thread,Optical,metal,1,18.624668433638025,2.8000274288454428,38.38662941147244,2.8000274288476312,Schematic internal layout
WIIU-0319,SledNut,WIIU-0319 · Clearance nut for optical carriage,Optical,cream,1,93.20133915757002,5.399999999999999,5.300000000000011,4.600000000000001,Schematic internal layout
WIIU-0320,SledMotor,WIIU-0320 · Pickup transport motor,Optical,metal,1,290.5344886039841,6.799999999999997,8.0,6.800000000000001,Schematic internal layout
WIIU-0321,LoadShaft,WIIU-0321 · Slot transport common axle,Optical,metal,1,272.37608306623525,120.0,1.6999999999999886,1.7000000000000028,Schematic internal layout
WIIU-0322,LoadRoller0,WIIU-0322 · Rubber disc-loading roller,Optical,rubber,1,728.7159779450549,41.0,5.199999999999989,5.200000000000003,Schematic internal layout
WIIU-0323,LoadRoller1,WIIU-0323 · Rubber disc-loading roller001,Optical,rubber,1,728.7159779450549,41.0,5.199999999999989,5.200000000000003,Schematic internal layout
WIIU-0324,LoadBearing0,WIIU-0324 · Roller axle support,Optical,cream,1,11.83359412790934,1.2999999999999972,4.0,4.0,Schematic internal layout
WIIU-0325,LoadBearing1,WIIU-0325 · Roller axle support001,Optical,cream,1,11.833594127909338,1.2999999999999972,4.0,4.0,Schematic internal layout
WIIU-0326,LoadGear0,WIIU-0326 · Disc transport study gear,Optical,cream,1,41.37935483563698,7.917639869757075,7.973910096704117,1.1000000000000298,Schematic internal layout
WIIU-0327,LoadGearAxle0,WIIU-0327 · Transport gear shaft,Optical,metal,1,6.361725123519337,1.5,1.5,3.6000000000000014,Schematic internal layout
WIIU-0328,LoadGear1,WIIU-0328 · Disc transport study gear001,Optical,cream,1,143.46993192353463,13.950900029493056,13.950900029493056,1.100000000000005,Schematic internal layout
WIIU-0329,LoadGearAxle1,WIIU-0329 · Transport gear shaft001,Optical,metal,1,6.361725123519337,1.5,1.5,3.6000000000000014,Schematic internal layout
WIIU-0330,LoadGear2,WIIU-0330 · Disc transport study gear002,Optical,cream,1,68.8712425090267,9.937679191605959,9.980267284282718,1.100000000000012,Schematic internal layout
WIIU-0331,LoadGearAxle2,WIIU-0331 · Transport gear shaft002,Optical,metal,1,6.361725123519329,1.5,1.5,3.6000000000000014,Schematic internal layout
WIIU-0332,LoadGear3,WIIU-0332 · Disc transport study gear003,Optical,cream,1,40.751596323788945,7.917639869757075,7.973910096704117,1.100000000000005,Schematic internal layout
WIIU-0333,LoadGearAxle3,WIIU-0333 · Transport gear shaft003,Optical,metal,1,6.361725123519329,1.5,1.5,3.6000000000000014,Schematic internal layout
WIIU-0334,LoadingMotor,WIIU-0334 · Disc-loading motor001,Optical,metal,1,192.68958540792997,7.599999999999994,7.599999999999994,4.5,Schematic internal layout
WIIU-0335,DiscGuideArm0,WIIU-0335 · Disc-size guide lever,Optical,cream,1,189.32734425185578,7.599999999999994,43.8,1.2000000000000028,Schematic internal layout
WIIU-0336,GuidePivot0,WIIU-0336 · Guide lever pivot,Optical,metal,1,5.026548245743667,1.5999999999999943,1.5999999999999943,2.5,Schematic internal layout
WIIU-0337,GuideWheel0,WIIU-0337 · Disc edge guide wheel,Optical,cream,1,48.305128641596696,6.200000000000003,6.199999999999989,1.6000000000000014,Schematic internal layout
WIIU-0338,DiscGuideArm1,WIIU-0338 · Disc-size guide lever001,Optical,cream,1,189.3273442518558,7.599999999999994,43.8,1.2000000000000028,Schematic internal layout
WIIU-0339,GuidePivot1,WIIU-0339 · Guide lever pivot001,Optical,metal,1,5.026548245743667,1.5999999999999943,1.5999999999999943,2.5,Schematic internal layout
WIIU-0340,GuideWheel1,WIIU-0340 · Disc edge guide wheel001,Optical,cream,1,48.305128641596696,6.200000000000003,6.199999999999989,1.6000000000000014,Schematic internal layout
WIIU-0341,DriveTopShield,WIIU-0341 · Perforated optical-drive upper plate,Optical,metal,1,11223.15273229557,134.0,151.0,0.6000000000000014,Schematic internal layout
WIIU-0342,DiscClamp,WIIU-0342 · Upper magnetic disc clamp,Optical,black,1,332.3805027497998,23.0,23.0,0.7999999999999972,Schematic internal layout
WIIU-0343,ClampBridge,WIIU-0343 · Clamp retaining bridge,Optical,metal,1,200.27483245595914,43.0,7.0,0.7000000000000028,Schematic internal layout
WIIU-0344,ClampPin,WIIU-0344 · Clamp retaining pin,Optical,metal,1,23.411148454551125,3.6000000000000005,3.5999999999999943,2.299999999999997,Schematic internal layout
WIIU-0345,DrivePCB,WIIU-0345 · Optical drive control board,Optical,pcb,1,1381.713274122872,48.0,36.0,0.8000000000000007,Schematic internal layout
WIIU-0346,DriveController,WIIU-0346 · Drive controller package,Optical,black,1,202.63518578948919,13.0,13.0,1.1999999999999993,Schematic internal layout
WIIU-0347,DriveLidRib0,WIIU-0347 · Pressed upper drive stiffening rib,Optical,metal,1,151.93125611857866,4.0,64.0,0.6000000000000014,Schematic internal layout
WIIU-0348,DriveLidRib1,WIIU-0348 · Pressed upper drive stiffening rib001,Optical,metal,1,151.9312561185787,4.0,64.0,0.6000000000000014,Schematic internal layout
WIIU-0349,DriveLidRib2,WIIU-0349 · Pressed upper drive stiffening rib002,Optical,metal,1,151.9312561185787,4.0,64.0,0.6000000000000014,Schematic internal layout
WIIU-0350,DriveLidRib3,WIIU-0350 · Pressed upper drive stiffening rib003,Optical,metal,1,151.93125611857866,4.0,64.0,0.6000000000000014,Schematic internal layout
WIIU-0351,DriveLidRib4,WIIU-0351 · Pressed upper drive stiffening rib004,Optical,metal,1,151.93125611857866,4.0,64.0,0.6000000000000014,Schematic internal layout
WIIU-0352,DriveBush0,WIIU-0352 · Optical drive mounting bushing,Optical,rubber,1,24.03318379996193,6.200000000000003,6.199999999999989,1.0,Schematic internal layout
WIIU-0353,DriveBush1,WIIU-0353 · Optical drive mounting bushing001,Optical,rubber,1,24.03318379996192,6.200000000000003,6.200000000000001,1.0,Schematic internal layout
WIIU-0354,DriveBush2,WIIU-0354 · Optical drive mounting bushing002,Optical,rubber,1,24.033183799961932,6.199999999999989,6.199999999999989,1.0,Schematic internal layout
WIIU-0355,DriveBush3,WIIU-0355 · Optical drive mounting bushing003,Optical,rubber,1,24.03318379996192,6.199999999999989,6.200000000000001,1.0,Schematic internal layout
WIIU-0356,LowerShield,WIIU-0356 · Lower motherboard shielding sheet,Shield,metal,1,5159.36967848615,148.0,234.0,0.1499999999999999,Schematic internal layout
WIIU-0357,MainShield,WIIU-0357 · Upper motherboard shield with cooling aperture003,Shield,metal,1,11479.029753623208,150.0,234.00000000000023,0.3999999999999986,Schematic internal layout
WIIU-0358,PCBMount0,WIIU-0358 · Cross-head fastener,Internal,metal,1,7.714161268944936,3.4000000000000057,3.4000000000000057,4.33,Schematic internal layout
WIIU-0359,PCBMount1,WIIU-0359 · Cross-head fastener001,Internal,metal,1,7.714161268944936,3.4000000000000057,3.4000000000000057,4.33,Schematic internal layout
WIIU-0360,PCBMount2,WIIU-0360 · Cross-head fastener002,Internal,metal,1,7.714161268944936,3.4000000000000057,3.3999999999999986,4.33,Schematic internal layout
WIIU-0361,PCBMount3,WIIU-0361 · Cross-head fastener003,Internal,metal,1,7.714161268944936,3.4000000000000057,3.3999999999999986,4.33,Schematic internal layout
WIIU-0362,PCBMount4,WIIU-0362 · Cross-head fastener004,Internal,metal,1,7.714161268944936,3.4000000000000057,3.4000000000000057,4.33,Schematic internal layout
WIIU-0363,PCBMount5,WIIU-0363 · Cross-head fastener005,Internal,metal,1,7.714161268944935,3.4000000000000057,3.4000000000000057,4.33,Schematic internal layout
WIIU-0364,PCBMount6,WIIU-0364 · Cross-head fastener006,Internal,metal,1,7.71416126894494,3.3999999999999986,3.3999999999999986,4.33,Schematic internal layout
WIIU-0365,DriveMount0,WIIU-0365 · Cross-head fastener007,Internal,metal,1,8.47224261764957,3.799999999999997,3.8000000000000114,4.330000000000002,Schematic internal layout
WIIU-0366,DriveMount1,WIIU-0366 · Cross-head fastener008,Internal,metal,1,8.472242617649576,3.799999999999997,3.799999999999997,4.330000000000002,Schematic internal layout
WIIU-0367,DriveMount2,WIIU-0367 · Cross-head fastener009,Internal,metal,1,8.472242617649567,3.8000000000000114,3.8000000000000114,4.330000000000002,Schematic internal layout
WIIU-0368,DriveMount3,WIIU-0368 · Cross-head fastener010,Internal,metal,1,8.472242617649572,3.8000000000000114,3.799999999999997,4.330000000000002,Schematic internal layout
WIIU-0369,CaseMount0,WIIU-0369 · Cross-head fastener011,Internal,metal,1,32.427039920556034,3.6999999999999886,3.6999999999999886,24.330000000000002,Schematic internal layout
WIIU-0370,CaseMount1,WIIU-0370 · Cross-head fastener012,Internal,metal,1,32.42703992055603,3.6999999999999886,3.6999999999999886,24.330000000000002,Schematic internal layout
WIIU-0371,CaseMount2,WIIU-0371 · Cross-head fastener013,Internal,metal,1,32.427039920556034,3.6999999999999886,3.6999999999999886,24.330000000000002,Schematic internal layout
WIIU-0372,CaseMount3,WIIU-0372 · Cross-head fastener014,Internal,metal,1,32.42703992055603,3.6999999999999886,3.6999999999999886,24.330000000000002,Schematic internal layout
WIIU-0373,PadBack,WIIU-0373 · WUP-010 curved rear enclosure017,Controller,wiiuwhite,1,63512.03527889858,255.40000020000002,133.40000020000002,22.50000020000001,Published envelope; approximate photographic exterior detail
WIIU-0374,PadFront,WIIU-0374 · WUP-010 curved front enclosure025,Controller,wiiuwhite,1,47984.52482020661,255.40000020000002,133.40000020000002,18.250000200000006,Published envelope; approximate photographic exterior detail
WIIU-0375,LCDBackplate,WIIU-0375 · Display rear metal plate,Display,metal,1,7393.841150082352,145.0,85.0,0.6000000000000014,Schematic internal layout
WIIU-0376,LCDFrame,WIIU-0376 · LCD perimeter support frame,Display,black,1,4321.1818660228255,145.0,85.0,3.700000000000003,Schematic internal layout
WIIU-0377,LCDPanel,WIIU-0377 · 6.2-inch 16:9 LCD active-area study,Display,screen,1,12718.812743157969,137.3,77.20000000000005,1.2000000000000028,Published envelope; approximate photographic exterior detail
WIIU-0378,TouchLayer,WIIU-0378 · Resistive touch front layer,Display,screen,1,3717.791787475359,145.3,85.30000000000004,0.29999999999999716,Published envelope; approximate photographic exterior detail
WIIU-0379,DisplayBezel,WIIU-0379 · Thin display-edge bezel,Display,black,1,797.4179600329188,145.3,85.30000000000004,0.45000000000000284,Published envelope; approximate photographic exterior detail
WIIU-0380,LStickRim,WIIU-0380 · Analog-stick opening rim,Controller,wiiuwhite,1,50.43827005338417,26.0,26.0,0.5,Published envelope; approximate photographic exterior detail
WIIU-0381,LStickPivot,WIIU-0381 · Visible analog-stick pivot002,Controller,wiigrey,1,587.6913641002402,16.0,16.0,3.0,Published envelope; approximate photographic exterior detail
WIIU-0382,LStickStem,WIIU-0382 · Analog-stick stem,Controller,wiiuwhite,1,148.8989254095419,6.800000000000011,6.800000000000011,4.100000000000001,Published envelope; approximate photographic exterior detail
WIIU-0383,LStickCap,WIIU-0383 · Concave analog thumb cap,Controller,wiiuwhite,1,756.4703782431927,21.400000000000006,21.399999999999977,2.3999999999999986,Published envelope; approximate photographic exterior detail
WIIU-0384,RStickRim,WIIU-0384 · Analog-stick opening rim001,Controller,wiiuwhite,1,50.438270053384144,26.0,26.0,0.5,Published envelope; approximate photographic exterior detail
WIIU-0385,RStickPivot,WIIU-0385 · Visible analog-stick pivot003,Controller,wiigrey,1,587.6913641002402,16.0,16.0,3.0,Published envelope; approximate photographic exterior detail
WIIU-0386,RStickStem,WIIU-0386 · Analog-stick stem001,Controller,wiiuwhite,1,148.8989254095419,6.800000000000011,6.800000000000011,4.100000000000001,Published envelope; approximate photographic exterior detail
WIIU-0387,RStickCap,WIIU-0387 · Concave analog thumb cap001,Controller,wiiuwhite,1,756.4703782431927,21.400000000000006,21.399999999999977,2.3999999999999986,Published envelope; approximate photographic exterior detail
WIIU-0388,PadDPad,WIIU-0388 · GamePad directional cross001,Controller,wiiuwhite,1,645.5899086521808,18.0,18.0,6.699999999999996,Published envelope; approximate photographic exterior detail
WIIU-0389,PadA,WIIU-0389 · A control cap001,Controller,wiiuwhite,1,188.2033910986037,8.599999999999994,8.600000000000023,6.600000000000001,Published envelope; approximate photographic exterior detail
WIIU-0390,PadAMark,WIIU-0390 · A,Controller,wiigrey,1,0.03520088772641236,2.3239932885906,2.5369127516778462,0.018000000000000682,Published envelope; approximate photographic exterior detail
WIIU-0391,PadB,WIIU-0391 · B control cap001,Controller,wiiuwhite,1,188.2033910986037,8.599999999999994,8.600000000000023,6.600000000000001,Published envelope; approximate photographic exterior detail
WIIU-0392,PadBMark,WIIU-0392 · B,Controller,wiigrey,1,0.04433741479555811,1.7990564080536728,2.536912951677891,0.01800020000000302,Published envelope; approximate photographic exterior detail
WIIU-0393,PadX,WIIU-0393 · X control cap001,Controller,wiiuwhite,1,188.2033910986037,8.599999999999994,8.600000000000023,6.600000000000001,Published envelope; approximate photographic exterior detail
WIIU-0394,PadXMark,WIIU-0394 · X,Controller,wiigrey,1,0.032153728984178495,2.171098993288595,2.5369127516778462,0.018000000000000682,Published envelope; approximate photographic exterior detail
WIIU-0395,PadY,WIIU-0395 · Y control cap001,Controller,wiiuwhite,1,188.2033910986037,8.599999999999994,8.600000000000023,6.600000000000001,Published envelope; approximate photographic exterior detail
WIIU-0396,PadYMark,WIIU-0396 · Y,Controller,wiigrey,1,0.024042550719492312,2.138821308724843,2.536912751677903,0.018000000000000682,Published envelope; approximate photographic exterior detail
WIIU-0397,PadPlus,WIIU-0397 · Plus control cap001,Controller,wiiuwhite,1,78.75344464018893,5.599999999999994,5.600000000000023,6.600000000000001,Published envelope; approximate photographic exterior detail
WIIU-0398,PadPlusMark,WIIU-0398 · +,Controller,wiigrey,1,0.02112192207558267,2.1778942953020106,2.188993288590609,0.018000000000000682,Published envelope; approximate photographic exterior detail
WIIU-0399,PadMinus,WIIU-0399 · Minus control cap001,Controller,wiiuwhite,1,78.75344464018893,5.599999999999994,5.600000000000023,6.600000000000001,Published envelope; approximate photographic exterior detail
WIIU-0400,PadMinusMark,WIIU-0400 · -,Controller,wiigrey,1,0.004539741520652324,0.9156669463087184,0.2754362416107483,0.018000000000000682,Published envelope; approximate photographic exterior detail
WIIU-0401,PadHome,WIIU-0401 · Home control cap001,Controller,wiiuwhite,1,162.5540463739291,8.0,8.0,6.600000000000001,Published envelope; approximate photographic exterior detail
WIIU-0402,PadTV,WIIU-0402 · TV control cap001,Controller,wiiuwhite,1,78.75344464018892,5.599999999999994,5.600000000000023,6.600000000000001,Published envelope; approximate photographic exterior detail
WIIU-0403,PadTVMark,WIIU-0403 · TV,Controller,ublue,2,0.027812587400078945,3.1561996644295363,1.7852348993288842,0.018000000000000682,Published envelope; approximate photographic exterior detail
WIIU-0404,PadPower,WIIU-0404 · Power control cap001,Controller,wiiuwhite,1,78.75344464018893,5.599999999999994,5.600000000000023,6.600000000000001,Published envelope; approximate photographic exterior detail
WIIU-0405,HomeLightRing,WIIU-0405 · Blue HOME surround,Controller,ublue,1,8.282023633026155,10.2,10.200000000000045,0.29999999999999716,Published envelope; approximate photographic exterior detail
WIIU-0406,HomeSymbol,WIIU-0406 · HOME icon,Controller,wiigrey,1,0.30180000000000373,4.4,3.8000000000000114,0.030000000000001137,Published envelope; approximate photographic exterior detail
WIIU-0407,PadPowerSymbol,WIIU-0407 · GamePad power icon,Controller,red,2,0.11757540414393357,3.4000000000000057,3.9499999999999886,0.030000000000001137,Published envelope; approximate photographic exterior detail
WIIU-0408,CameraIRWindow,WIIU-0408 · Dark camera and infrared window,Controller,black,1,305.57088363526935,49.4,6.699999999999989,1.0,Published envelope; approximate photographic exterior detail
WIIU-0409,CameraLens,WIIU-0409 · Front-facing camera lens,Controller,screen,1,10.390817701748244,4.2,4.199999999999989,0.75,Published envelope; approximate photographic exterior detail
WIIU-0410,NFCMark,WIIU-0410 · NFC tap-area outline,Controller,wiigrey,1,0.5081001053676335,12.0,10.0,0.02499999999999858,Published envelope; approximate photographic exterior detail
WIIU-0411,PadBrand,WIIU-0411 · Wii U001,Controller,wiigrey,6,0.2809748480709657,13.26717291879195,4.19436251610739,0.01800020000000302,Published envelope; approximate photographic exterior detail
WIIU-0412,MicHoleInsert,WIIU-0412 · Microphone / battery indicator insert,Controller,black,1,0.3801327110843655,1.1000000000000014,1.1000000000000227,0.3999999999999986,Published envelope; approximate photographic exterior detail
WIIU-0413,BatteryLampInsert,WIIU-0413 · Microphone / battery indicator insert001,Controller,red,1,0.5309291584566781,1.2999999999999972,1.2999999999999545,0.3999999999999986,Published envelope; approximate photographic exterior detail
WIIU-0414,SpeakerOpening-1,WIIU-0414 · Dark stereo speaker grille,Controller,black,1,1.9807831400906564,3.8000000000000114,1.6000000000000227,0.3500000000000014,Published envelope; approximate photographic exterior detail
WIIU-0415,SpeakerOpening1,WIIU-0415 · Dark stereo speaker grille001,Controller,black,1,1.9807831400906566,3.8000000000000114,1.6000000000000227,0.3500000000000014,Published envelope; approximate photographic exterior detail
WIIU-0416,PadBatteryDoor,WIIU-0416 · Removable GamePad battery cover002,Controller,wiiuwhite,1,4743.963359682973,84.2,47.200000000000045,1.1999999999999993,Published envelope; approximate photographic exterior detail
WIIU-0417,PadL,WIIU-0417 · L shoulder key,Controller,wiiuwhite,1,564.5004332264942,21.30000000000001,9.300000000000011,3.0,Published envelope; approximate photographic exterior detail
WIIU-0418,PadLMark,WIIU-0418 · L,Controller,wiigrey,1,0.027303432277825508,1.7535654362416153,2.818791946308721,0.018000000000000682,Published envelope; approximate photographic exterior detail
WIIU-0419,PadZL,WIIU-0419 · Rear ZL trigger,Controller,wiiuwhite,1,1430.4406900273773,26.19999999999999,14.199999999999989,4.0,Published envelope; approximate photographic exterior detail
WIIU-0420,PadR,WIIU-0420 · R shoulder key,Controller,wiiuwhite,1,564.5004332264942,21.30000000000001,9.300000000000011,3.0,Published envelope; approximate photographic exterior detail
WIIU-0421,PadRMark,WIIU-0421 · R,Controller,wiigrey,1,0.04895029050282139,2.1952602671140795,2.8187921463087093,0.01800020000000302,Published envelope; approximate photographic exterior detail
WIIU-0422,PadZR,WIIU-0422 · Rear ZR trigger,Controller,wiiuwhite,1,1430.4406900273775,26.19999999999999,14.199999999999989,4.0,Published envelope; approximate photographic exterior detail
WIIU-0423,PadVolume,WIIU-0423 · Top volume slider,Controller,wiigrey,1,29.567318440284843,7.0,1.0999999999999943,3.8999999999999986,Published envelope; approximate photographic exterior detail
WIIU-0424,PadAudioJack,WIIU-0424 · 3.5 mm headphone socket,Controller,black,1,68.08459598859804,5.0,7.199999999999989,5.0,Schematic internal layout
WIIU-0425,PadChargeSocket,WIIU-0425 · GamePad two-contact charging socket,Controller,wiigrey,1,178.9072561185786,8.600000000000005,7.199999999999989,5.0000000000000036,Schematic internal layout
WIIU-0426,PadChargePin0,WIIU-0426 · GamePad charging contact,Controller,gold,1,1.9242255003237476,0.7000000000000028,5.0,0.7000000000000028,Schematic internal layout
WIIU-0427,PadChargePin1,WIIU-0427 · GamePad charging contact001,Controller,gold,1,1.9242255003237476,0.7000000000000028,5.0,0.7000000000000028,Schematic internal layout
WIIU-0428,PadExtension,WIIU-0428 · Bottom accessory connector,Controller,black,1,420.8877868423387,25.4,6.0,6.400000000000004,Schematic internal layout
WIIU-0429,PadExtensionTongue,WIIU-0429 · Accessory connector tongue,Controller,black,1,51.97768140899329,20.0,4.0,0.6499999999999986,Schematic internal layout
WIIU-0430,PadExtensionPin0,WIIU-0430 · Accessory connector study contact,Controller,gold,1,0.13182831853071714,0.5500000000000007,3.0,0.0799999999999983,Schematic internal layout
WIIU-0431,PadExtensionPin1,WIIU-0431 · Accessory connector study contact001,Controller,gold,1,0.13182831853071714,0.5500000000000007,3.0,0.0799999999999983,Schematic internal layout
WIIU-0432,PadExtensionPin2,WIIU-0432 · Accessory connector study contact002,Controller,gold,1,0.13182831853071714,0.5500000000000007,3.0,0.0799999999999983,Schematic internal layout
WIIU-0433,PadExtensionPin3,WIIU-0433 · Accessory connector study contact003,Controller,gold,1,0.13182831853071708,0.5500000000000003,3.0,0.0799999999999983,Schematic internal layout
WIIU-0434,PadExtensionPin4,WIIU-0434 · Accessory connector study contact004,Controller,gold,1,0.13182831853071705,0.5499999999999998,3.0,0.0799999999999983,Schematic internal layout
WIIU-0435,PadExtensionPin5,WIIU-0435 · Accessory connector study contact005,Controller,gold,1,0.13182831853071708,0.5500000000000003,3.0,0.0799999999999983,Schematic internal layout
WIIU-0436,PadExtensionPin6,WIIU-0436 · Accessory connector study contact006,Controller,gold,1,0.13182831853071708,0.5500000000000003,3.0,0.0799999999999983,Schematic internal layout
WIIU-0437,PadExtensionPin7,WIIU-0437 · Accessory connector study contact007,Controller,gold,1,0.13182831853071705,0.5499999999999998,3.0,0.0799999999999983,Schematic internal layout
WIIU-0438,PadExtensionPin8,WIIU-0438 · Accessory connector study contact008,Controller,gold,1,0.13182831853071708,0.5500000000000003,3.0,0.0799999999999983,Schematic internal layout
WIIU-0439,PadExtensionPin9,WIIU-0439 · Accessory connector study contact009,Controller,gold,1,0.1318283185307171,0.5500000000000007,3.0,0.0799999999999983,Schematic internal layout
WIIU-0440,PadExtensionPin10,WIIU-0440 · Accessory connector study contact010,Controller,gold,1,0.1318283185307171,0.5500000000000007,3.0,0.0799999999999983,Schematic internal layout
WIIU-0441,PadExtensionPin11,WIIU-0441 · Accessory connector study contact011,Controller,gold,1,0.13182831853071714,0.5500000000000007,3.0,0.0799999999999983,Schematic internal layout
WIIU-0442,PadDockPad-1,WIIU-0442 · Bottom charging-cradle contact,Controller,gold,1,1.4372530964914876,6.0,3.0,0.08000000000000007,Published envelope; approximate photographic exterior detail
WIIU-0443,PadDockPad1,WIIU-0443 · Bottom charging-cradle contact001,Controller,gold,1,1.4372530964914876,6.0,3.0,0.08000000000000007,Published envelope; approximate photographic exterior detail
WIIU-0444,PadMainPCB,WIIU-0444 · GamePad main control board005,PadInternal,pcb,1,8210.079157909127,160.0,77.00000000000057,1.0,Schematic internal layout
WIIU-0445,UIC,WIIU-0445 · UIC-WUP study package,PadInternal,black,1,217.66093800988156,11.0,11.0,1.8000000000000007,Schematic internal layout
WIIU-0446,UICMark,WIIU-0446 · UIC-WUP,PadInternal,wiigrey,7,0.06414363633192635,8.21205976375839,1.4617451664429382,0.01800020000000302,Published envelope; approximate photographic exterior detail
WIIU-0447,DRC,WIIU-0447 · DRC-WUP study package,PadInternal,black,1,404.86093800988164,15.0,15.0,1.8000000000000007,Schematic internal layout
WIIU-0448,DRCMark,WIIU-0448 · DRC-WUP,PadInternal,wiigrey,7,0.07369935975135651,8.943372683221474,1.4617451664429382,0.01800020000000302,Published envelope; approximate photographic exterior detail
WIIU-0449,TouchIC,WIIU-0449 · TSC2046 study package,PadInternal,black,1,64.66093800988156,6.0,6.0,1.8000000000000007,Schematic internal layout
WIIU-0450,TouchICMark,WIIU-0450 · TSC2046,PadInternal,wiigrey,7,0.03498030317072971,6.110918124928094,1.0441037474592463,0.01800020000000302,Published envelope; approximate photographic exterior detail
WIIU-0451,PadAudioIC,WIIU-0451 · AIC3012 study package,PadInternal,black,1,86.26093800988157,6.0,8.0,1.8000000000000007,Schematic internal layout
WIIU-0452,PadAudioICMark,WIIU-0452 · AIC3012,PadInternal,wiigrey,7,0.03157763710386379,5.676683944678814,1.0441037474592463,0.01800020000000302,Published envelope; approximate photographic exterior detail
WIIU-0453,PadGyro,WIIU-0453 · GYRO study package,PadInternal,black,1,28.66093800988155,4.0,4.0,1.8000000000000007,Schematic internal layout
WIIU-0454,PadGyroMark,WIIU-0454 · GYRO,PadInternal,wiigrey,4,0.030808272678301076,4.358746005369127,1.2181210053691132,0.01800020000000302,Published envelope; approximate photographic exterior detail
WIIU-0455,PadSMD0,WIIU-0455 · GamePad support passive,PadInternal,cream,1,0.40563716694116125,1.2999999999999972,0.7000000000000455,0.4499999999999993,Schematic internal layout
WIIU-0456,PadSMD1,WIIU-0456 · GamePad support passive001,PadInternal,cream,1,0.40563716694116125,1.2999999999999972,0.7000000000000455,0.4499999999999993,Schematic internal layout
WIIU-0457,PadSMD2,WIIU-0457 · GamePad support passive002,PadInternal,cream,1,0.40563716694116125,1.2999999999999972,0.7000000000000455,0.4499999999999993,Schematic internal layout
WIIU-0458,PadSMD3,WIIU-0458 · GamePad support passive003,PadInternal,cream,1,0.4056371669411612,1.2999999999999972,0.7000000000000455,0.4499999999999993,Schematic internal layout
WIIU-0459,PadSMD4,WIIU-0459 · GamePad support passive004,PadInternal,cream,1,0.4056371669411615,1.3000000000000043,0.7000000000000455,0.4499999999999993,Schematic internal layout
WIIU-0460,PadSMD5,WIIU-0460 · GamePad support passive005,PadInternal,cream,1,0.40563716694116125,1.3000000000000043,0.7000000000000455,0.4499999999999993,Schematic internal layout
WIIU-0461,PadSMD6,WIIU-0461 · GamePad support passive006,PadInternal,cream,1,0.40563716694116125,1.2999999999999972,0.7000000000000455,0.4499999999999993,Schematic internal layout
WIIU-0462,PadSMD7,WIIU-0462 · GamePad support passive007,PadInternal,cream,1,0.40563716694116125,1.2999999999999972,0.7000000000000455,0.4499999999999993,Schematic internal layout
WIIU-0463,PadSMD8,WIIU-0463 · GamePad support passive008,PadInternal,cream,1,0.40563716694116125,1.2999999999999972,0.7000000000000455,0.4499999999999993,Schematic internal layout
WIIU-0464,PadSMD9,WIIU-0464 · GamePad support passive009,PadInternal,cream,1,0.4056371669411612,1.2999999999999972,0.7000000000000455,0.4499999999999993,Schematic internal layout
WIIU-0465,PadSMD10,WIIU-0465 · GamePad support passive010,PadInternal,cream,1,0.4056371669411615,1.3000000000000043,0.7000000000000455,0.4499999999999993,Schematic internal layout
WIIU-0466,PadSMD11,WIIU-0466 · GamePad support passive011,PadInternal,cream,1,0.40563716694116125,1.3000000000000043,0.7000000000000455,0.4499999999999993,Schematic internal layout
WIIU-0467,PadSMD12,WIIU-0467 · GamePad support passive012,PadInternal,cream,1,0.40563716694115165,1.2999999999999972,0.6999999999999886,0.4499999999999993,Schematic internal layout
WIIU-0468,PadSMD13,WIIU-0468 · GamePad support passive013,PadInternal,cream,1,0.4056371669411517,1.2999999999999972,0.6999999999999886,0.4499999999999993,Schematic internal layout
WIIU-0469,PadSMD14,WIIU-0469 · GamePad support passive014,PadInternal,cream,1,0.4056371669411517,1.2999999999999972,0.6999999999999886,0.4499999999999993,Schematic internal layout
WIIU-0470,PadSMD15,WIIU-0470 · GamePad support passive015,PadInternal,cream,1,0.4056371669411517,1.2999999999999972,0.6999999999999886,0.4499999999999993,Schematic internal layout
WIIU-0471,PadSMD16,WIIU-0471 · GamePad support passive016,PadInternal,cream,1,0.405637166941152,1.3000000000000043,0.6999999999999886,0.4499999999999993,Schematic internal layout
WIIU-0472,PadSMD17,WIIU-0472 · GamePad support passive017,PadInternal,cream,1,0.4056371669411517,1.3000000000000043,0.6999999999999886,0.4499999999999993,Schematic internal layout
WIIU-0473,PadRadioPCB,WIIU-0473 · GamePad video-link radio board,PadInternal,pcb,1,577.205566280181,25.0,33.0,0.6999999999999993,Schematic internal layout
WIIU-0474,PadRadioIC,WIIU-0474 · BCM4319-family radio study package,PadInternal,black,1,89.49184067435226,8.0,8.0,1.3999999999999986,Schematic internal layout
WIIU-0475,PadRadioShield,WIIU-0475 · GamePad radio shield,PadInternal,metal,1,394.1086988405449,22.0,26.0,2.8999999999999986,Schematic internal layout
WIIU-0476,PadNFCPCB,WIIU-0476 · NFC controller board,PadInternal,pcb,1,263.81458401317553,22.0,20.0,0.6000000000000014,Schematic internal layout
WIIU-0477,PadNFCIC,WIIU-0477 · NFC controller package,PadInternal,black,1,35.92274333882308,6.0,6.0,1.0,Schematic internal layout
WIIU-0478,PadNFCAntenna,WIIU-0478 · Three-turn NFC antenna study,PadInternal,copper,3,1.90498802683766,20.0,18.0,0.03500000000000014,Schematic internal layout
WIIU-0479,DisplaySupport,WIIU-0479 · Windowed display support frame002,Display,wiiuwhite,1,9529.8961537599,159.0,98.00000000000111,1.3999999999999986,Schematic internal layout
WIIU-0480,PadBattery,WIIU-0480 · Original 1500 mAh battery envelope,PadInternal,battery,1,12827.964594300516,54.0,34.0,7.0,Schematic internal layout
WIIU-0481,PadBatteryLabel,WIIU-0481 · Battery label panel,PadInternal,white,1,39.4542477796074,47.0,28.0,0.02999999999999936,Schematic internal layout
WIIU-0482,PadBatteryText,WIIU-0482 · 3.7V 1500mAh,PadInternal,black,11,0.21197001044132527,20.593624361073832,2.1970471798657627,0.018000199999999467,Published envelope; approximate photographic exterior detail
WIIU-0483,PadButtonPCB-1,WIIU-0483 · Separate directional / ABXY button board,PadInternal,pcb,1,866.9964594300511,23.0,54.0,0.6999999999999993,Schematic internal layout
WIIU-0484,PadSpeaker-1,WIIU-0484 · Stereo speaker frame,PadInternal,black,1,144.76458947741776,14.0,14.0,3.0,Schematic internal layout
WIIU-0485,PadSpeakerCone-1,WIIU-0485 · Stereo speaker diaphragm,PadInternal,thermal,1,19.00663555421835,11.0,11.0,0.20000000000000284,Schematic internal layout
WIIU-0486,PadSpeakerMagnet-1,WIIU-0486 · Stereo speaker magnet,PadInternal,metal,1,113.0093709349321,9.199999999999989,9.200000000000045,1.7000000000000028,Schematic internal layout
WIIU-0487,PadButtonPCB1,WIIU-0487 · Separate directional / ABXY button board001,PadInternal,pcb,1,866.9964594300511,23.0,54.0,0.6999999999999993,Schematic internal layout
WIIU-0488,PadSpeaker1,WIIU-0488 · Stereo speaker frame001,PadInternal,black,1,144.76458947741781,14.0,14.0,3.0,Schematic internal layout
WIIU-0489,PadSpeakerCone1,WIIU-0489 · Stereo speaker diaphragm001,PadInternal,thermal,1,19.00663555421835,11.0,11.0,0.20000000000000284,Schematic internal layout
WIIU-0490,PadSpeakerMagnet1,WIIU-0490 · Stereo speaker magnet001,PadInternal,metal,1,113.0093709349321,9.199999999999989,9.200000000000045,1.7000000000000028,Schematic internal layout
WIIU-0491,PadBottomPCB,"WIIU-0491 · HOME, TV and power control board001",PadInternal,pcb,1,691.5031780835496,92.0,11.0,0.6999999999999993,Schematic internal layout
WIIU-0492,PadCameraPCB,WIIU-0492 · Front camera board,PadInternal,pcb,1,62.26050880620829,12.0,8.0,0.6499999999999986,Schematic internal layout
WIIU-0493,PadCamera,WIIU-0493 · Front camera package,PadInternal,black,1,107.07292006587697,6.000000000000001,6.0,3.0,Schematic internal layout
WIIU-0494,PadIREmitter-1,WIIU-0494 · Built-in infrared emitter module,PadInternal,black,1,27.699557428756414,5.0,4.0,1.3999999999999986,Schematic internal layout
WIIU-0495,PadIREmitter1,WIIU-0495 · Built-in infrared emitter module001,PadInternal,black,1,27.699557428756414,5.0,4.0,1.3999999999999986,Schematic internal layout
WIIU-0496,PadMicrophone,WIIU-0496 · Microphone capsule,PadInternal,metal,1,36.19114736935446,4.799999999999997,4.7999999999999545,2.0,Schematic internal layout
WIIU-0497,LStickHousing,WIIU-0497 · Analog mechanism housing,PadInternal,black,1,1623.6455276739675,17.80000000000001,17.80000000000001,7.0,Schematic internal layout
WIIU-0498,LStickPotX,WIIU-0498 · X-axis analog potentiometer study,PadInternal,cream,1,291.05566280181273,4.200000000000017,10.0,7.0,Schematic internal layout
WIIU-0499,LStickPotY,WIIU-0499 · Y-axis analog potentiometer study,PadInternal,cream,1,291.05566280181284,10.0,4.199999999999989,7.0,Schematic internal layout
WIIU-0500,LStickSpring,WIIU-0500 · Analog centering spring,PadInternal,metal,1,11.480665908684061,6.439997426912697,6.440000188458271,4.439382318942538,Schematic internal layout
WIIU-0501,LStickYoke,WIIU-0501 · Analog cross support001,PadInternal,metal,1,124.08989659846378,12.000000199999988,12.0,1.3000001999999995,Schematic internal layout
WIIU-0502,LStickPivotPin,WIIU-0502 · Analog pivot pin,PadInternal,metal,1,63.33450789637032,14.0,2.3999999999999773,2.4000000000000057,Schematic internal layout
WIIU-0503,RStickHousing,WIIU-0503 · Analog mechanism housing001,PadInternal,black,1,1623.6455276739675,17.80000000000001,17.80000000000001,7.0,Schematic internal layout
WIIU-0504,RStickPotX,WIIU-0504 · X-axis analog potentiometer study001,PadInternal,cream,1,291.0556628018128,4.200000000000017,10.0,7.0,Schematic internal layout
WIIU-0505,RStickPotY,WIIU-0505 · Y-axis analog potentiometer study001,PadInternal,cream,1,291.0556628018128,10.0,4.199999999999989,7.0,Schematic internal layout
WIIU-0506,RStickSpring,WIIU-0506 · Analog centering spring001,PadInternal,metal,1,11.480665908684061,6.439997426912697,6.440000188458271,4.439382318942538,Schematic internal layout
WIIU-0507,RStickYoke,WIIU-0507 · Analog cross support003,PadInternal,metal,1,124.08989659846378,12.000000199999988,12.0,1.3000001999999995,Schematic internal layout
WIIU-0508,RStickPivotPin,WIIU-0508 · Analog pivot pin001,PadInternal,metal,1,63.33450789637032,14.0,2.3999999999999773,2.4000000000000057,Schematic internal layout
WIIU-0509,PadDPadCarbon,WIIU-0509 · Conductive button pill,PadInternal,black,1,4.865698701879837,8.800000000000011,8.799999999999955,0.0799999999999983,Schematic internal layout
WIIU-0510,PadDPadDome,WIIU-0510 · Silicone button dome,PadInternal,rubber,1,80.0548179810119,16.0,16.0,0.6000000000000014,Schematic internal layout
WIIU-0511,PadACarbon,WIIU-0511 · Conductive button pill001,PadInternal,black,1,1.216424675469962,4.400000000000006,4.399999999999977,0.0799999999999983,Schematic internal layout
WIIU-0512,PadADome,WIIU-0512 · Silicone button dome001,PadInternal,rubber,1,20.013704495252984,8.0,8.0,0.6000000000000014,Schematic internal layout
WIIU-0513,PadBCarbon,WIIU-0513 · Conductive button pill002,PadInternal,black,1,1.216424675469962,4.400000000000006,4.399999999999977,0.0799999999999983,Schematic internal layout
WIIU-0514,PadBDome,WIIU-0514 · Silicone button dome002,PadInternal,rubber,1,20.013704495252984,8.0,8.0,0.6000000000000014,Schematic internal layout
WIIU-0515,PadXCarbon,WIIU-0515 · Conductive button pill003,PadInternal,black,1,1.216424675469962,4.400000000000006,4.399999999999977,0.0799999999999983,Schematic internal layout
WIIU-0516,PadXDome,WIIU-0516 · Silicone button dome003,PadInternal,rubber,1,20.013704495252984,8.0,8.0,0.6000000000000014,Schematic internal layout
WIIU-0517,PadYCarbon,WIIU-0517 · Conductive button pill004,PadInternal,black,1,1.216424675469962,4.400000000000006,4.399999999999977,0.0799999999999983,Schematic internal layout
WIIU-0518,PadYDome,WIIU-0518 · Silicone button dome004,PadInternal,rubber,1,20.013704495252984,8.0,8.0,0.6000000000000014,Schematic internal layout
WIIU-0519,PadPlusCarbon,WIIU-0519 · Conductive button pill005,PadInternal,black,1,0.47516588885545274,2.75,2.75,0.0799999999999983,Schematic internal layout
WIIU-0520,PadPlusDome,WIIU-0520 · Silicone button dome005,PadInternal,rubber,1,7.817853318458211,5.0,5.0,0.6000000000000014,Schematic internal layout
WIIU-0521,PadMinusCarbon,WIIU-0521 · Conductive button pill006,PadInternal,black,1,0.47516588885545274,2.75,2.75,0.0799999999999983,Schematic internal layout
WIIU-0522,PadMinusDome,WIIU-0522 · Silicone button dome006,PadInternal,rubber,1,7.817853318458211,5.0,5.0,0.6000000000000014,Schematic internal layout
WIIU-0523,PadHomeCarbon,WIIU-0523 · Conductive button pill007,PadInternal,black,1,1.0408033629489863,4.07,4.07000000000005,0.0799999999999983,Schematic internal layout
WIIU-0524,PadHomeDome,WIIU-0524 · Silicone button dome007,PadInternal,rubber,1,17.12422590875083,7.4,7.399999999999977,0.6000000000000014,Schematic internal layout
WIIU-0525,PadTVCarbon,WIIU-0525 · Conductive button pill008,PadInternal,black,1,0.47516588885545236,2.75,2.75,0.0799999999999983,Schematic internal layout
WIIU-0526,PadTVDome,WIIU-0526 · Silicone button dome008,PadInternal,rubber,1,7.817853318458216,5.0,5.0,0.6000000000000014,Schematic internal layout
WIIU-0527,PadPowerCarbon,WIIU-0527 · Conductive button pill009,PadInternal,black,1,0.47516588885545274,2.75,2.75,0.0799999999999983,Schematic internal layout
WIIU-0528,PadPowerDome,WIIU-0528 · Silicone button dome009,PadInternal,rubber,1,7.8178533184582095,5.0,5.0,0.6000000000000014,Schematic internal layout
WIIU-0529,PadCarrierDirection,WIIU-0529 · Button carrier and support frame,PadInternal,wiiuwhite,1,587.1978910699108,22.0,23.0,4.0,Schematic internal layout
WIIU-0530,PadCarrierABXY,WIIU-0530 · Button carrier and support frame002,PadInternal,wiiuwhite,1,951.1435084925627,30.0,32.0,4.0,Schematic internal layout
WIIU-0531,PadShoulderPCB-1,WIIU-0531 · Shoulder button board,PadInternal,pcb,1,106.49911485751284,17.0,9.0,0.6999999999999993,Schematic internal layout
WIIU-0532,PadShoulderSwitch-1,WIIU-0532 · Shoulder tactile contact,PadInternal,black,1,59.57079632679489,6.0,5.0,2.0,Schematic internal layout
WIIU-0533,PadRearTriggerPCB-1,WIIU-0533 · Rear trigger board,PadInternal,pcb,1,118.3991148575128,17.0,10.0,0.6999999999999993,Schematic internal layout
WIIU-0534,PadRearTriggerSwitch-1,WIIU-0534 · Rear trigger tactile contact,PadInternal,black,1,74.8428847204662,7.0,6.0,1.8000000000000007,Schematic internal layout
WIIU-0535,PadShoulderPCB1,WIIU-0535 · Shoulder button board001,PadInternal,pcb,1,106.49911485751284,17.0,9.0,0.6999999999999993,Schematic internal layout
WIIU-0536,PadShoulderSwitch1,WIIU-0536 · Shoulder tactile contact001,PadInternal,black,1,59.57079632679489,6.0,5.0,2.0,Schematic internal layout
WIIU-0537,PadRearTriggerPCB1,WIIU-0537 · Rear trigger board001,PadInternal,pcb,1,118.3991148575128,17.0,10.0,0.6999999999999993,Schematic internal layout
WIIU-0538,PadRearTriggerSwitch1,WIIU-0538 · Rear trigger tactile contact001,PadInternal,black,1,74.8428847204662,7.0,6.0,1.8000000000000007,Schematic internal layout
WIIU-0539,PadRumbleMotor,WIIU-0539 · GamePad vibration motor,PadInternal,metal,1,997.5184993678313,8.400000000000006,18.0,8.399999999999999,Schematic internal layout
WIIU-0540,PadRumbleWeight,WIIU-0540 · Eccentric vibration weight,PadInternal,metal,1,43.00840342764427,3.700000000000003,2.0,7.400000000000002,Schematic internal layout
WIIU-0541,PadCaseScrew0,WIIU-0541 · Tri-point enclosure fastener,Controller,metal,1,35.91209537367219,3.4000000000000057,3.3999999999999773,28.8,Schematic internal layout
WIIU-0542,PadCaseScrew1,WIIU-0542 · Tri-point enclosure fastener001,Controller,metal,1,35.9120953736722,3.4000000000000057,3.3999999999999773,28.8,Schematic internal layout
WIIU-0543,PadCaseScrew2,WIIU-0543 · Tri-point enclosure fastener002,Controller,metal,1,35.91209537367219,3.4000000000000057,3.3999999999999773,28.8,Schematic internal layout
WIIU-0544,PadCaseScrew3,WIIU-0544 · Tri-point enclosure fastener003,Controller,metal,1,35.912095373672194,3.4000000000000057,3.3999999999999773,28.8,Schematic internal layout
WIIU-0545,PadCaseScrew4,WIIU-0545 · Tri-point enclosure fastener004,Controller,metal,1,24.602361820749053,3.4000000000000057,3.3999999999999773,18.8,Schematic internal layout
WIIU-0546,PadCaseScrew5,WIIU-0546 · Tri-point enclosure fastener005,Controller,metal,1,24.60236182074924,3.4000000000000057,3.3999999999999773,18.8,Schematic internal layout
WIIU-0547,PadCaseScrew6,WIIU-0547 · Tri-point enclosure fastener006,Controller,metal,1,24.60236182074903,3.4000000000000057,3.3999999999999773,18.8,Schematic internal layout
WIIU-0548,PadCaseScrew7,WIIU-0548 · Tri-point enclosure fastener007,Controller,metal,1,24.60236182074924,3.4000000000000057,3.3999999999999773,18.8,Schematic internal layout
WIIU-0549,PadBatteryScrew0,WIIU-0549 · Cross-head fastener015,Controller,metal,1,5.556664993395454,3.200000000000003,3.2000000000000455,2.83,Schematic internal layout
WIIU-0550,PadBatteryScrew1,WIIU-0550 · Cross-head fastener016,Controller,metal,1,5.556664993395456,3.200000000000003,3.2000000000000455,2.83,Schematic internal layout
WIIU-0551,PadBoardScrew0,WIIU-0551 · Cross-head fastener017,PadInternal,metal,1,9.52560359300481,3.4000000000000057,3.3999999999999773,5.829999999999998,Schematic internal layout
WIIU-0552,PadBoardStandoff0,WIIU-0552 · Control-board mounting standoff,PadInternal,wiiuwhite,1,53.03558177973953,4.400000000000006,4.399999999999977,4.099999999999998,Schematic internal layout
WIIU-0553,PadBoardScrew1,WIIU-0553 · Cross-head fastener018,PadInternal,metal,1,9.52560359300481,3.4000000000000057,3.3999999999999773,5.829999999999998,Schematic internal layout
WIIU-0554,PadBoardStandoff1,WIIU-0554 · Control-board mounting standoff001,PadInternal,wiiuwhite,1,53.03558177973953,4.400000000000006,4.399999999999977,4.099999999999998,Schematic internal layout
WIIU-0555,PadBoardScrew2,WIIU-0555 · Cross-head fastener019,PadInternal,metal,1,9.525603593004822,3.4000000000000057,3.3999999999999773,5.829999999999998,Schematic internal layout
WIIU-0556,PadBoardStandoff2,WIIU-0556 · Control-board mounting standoff002,PadInternal,wiiuwhite,1,53.03558177973959,4.400000000000006,4.399999999999977,4.099999999999998,Schematic internal layout
WIIU-0557,PadBoardScrew3,WIIU-0557 · Cross-head fastener020,PadInternal,metal,1,9.525603593004822,3.4000000000000057,3.3999999999999773,5.829999999999998,Schematic internal layout
WIIU-0558,PadBoardStandoff3,WIIU-0558 · Control-board mounting standoff003,PadInternal,wiiuwhite,1,53.03558177973959,4.400000000000006,4.399999999999977,4.099999999999998,Schematic internal layout
WIIU-0559,StylusBarrel,WIIU-0559 · WUP-015 stylus barrel,Accessories,wiiuwhite,1,1338.0671430169652,4.399999999999977,88.0,4.4,Published envelope; approximate photographic exterior detail
WIIU-0560,StylusTip,WIIU-0560 · Rounded stylus tip study,Accessories,wiiuwhite,1,56.85497304834132,4.399999999999977,9.0,4.4,Published envelope; approximate photographic exterior detail
WIIU-0561,StylusCap,WIIU-0561 · Stylus end cap,Accessories,wiiuwhite,1,84.82300164692444,6.0,3.0,6.0,Published envelope; approximate photographic exterior detail
WIIU-0562,DriveDataEnd,WIIU-0562 · Drive underside ribbon connector,Optical,cream,1,79.86265482457436,20.0,4.0,1.0,Schematic internal layout
WIIU-0563,DriveRibbon,WIIU-0563 · Folded optical data flex study,Optical,copper,1,78.38999999999967,18.0,14.0,9.849999999999998,Schematic internal layout
WIIU-0564,DrivePowerEnd,WIIU-0564 · Drive underside power connector,Optical,cream,1,31.862654824574367,8.0,4.0,1.0,Schematic internal layout
WIIU-0565,DrivePowerLead0,WIIU-0565 · Optical power lead study,Optical,red,1,11.54334458641554,86.96000020000001,18.1800001,9.630000100000007,Schematic internal layout
WIIU-0566,DrivePowerLead1,WIIU-0566 · Optical power lead study001,Optical,black,1,11.543344586415648,86.96000020000001,18.1800001,9.630000100000007,Schematic internal layout
WIIU-0567,DrivePowerLead2,WIIU-0567 · Optical power lead study002,Optical,red,1,11.543344586415676,86.96000020000001,18.1800001,9.630000100000007,Schematic internal layout
WIIU-0568,DrivePowerLead3,WIIU-0568 · Optical power lead study003,Optical,black,1,11.543344586415673,86.96000020000001,18.1800001,9.630000100000007,Schematic internal layout
WIIU-0569,FanLead0,WIIU-0569 · Rear cooling fan power lead,Cooling,red,1,4.456030555488115,23.760000099999992,20.32000019999998,12.610000100000008,Schematic internal layout
WIIU-0570,FanLead1,WIIU-0570 · Rear cooling fan power lead001,Cooling,black,1,4.464073032681315,22.8600001,20.32000019999998,13.6100001,Schematic internal layout
WIIU-0571,WifiLead0,WIIU-0571 · Radio antenna coax study,Wireless,black,1,2.5400167723271783,16.76000019999998,18.26000019999998,9.65,Schematic internal layout
WIIU-0572,WifiAntenna0,WIIU-0572 · Case-side antenna foil study,Wireless,copper,1,0.9799999999999683,0.03499999999999659,7.0,4.0,Schematic internal layout
WIIU-0573,WifiLead1,WIIU-0573 · Radio antenna coax study001,Wireless,wiiuwhite,1,3.4372870501189694,42.6600002,8.260000199999979,9.65,Schematic internal layout
WIIU-0574,WifiAntenna1,WIIU-0574 · Case-side antenna foil study001,Wireless,copper,1,0.9799999999999682,0.03499999999999659,7.0,4.0,Schematic internal layout
WIIU-0575,StreamLead0,WIIU-0575 · Radio antenna coax study002,Wireless,black,1,4.079711331851681,45.26000019999999,18.760000199999993,9.65,Schematic internal layout
WIIU-0576,StreamAntenna0,WIIU-0576 · Case-side antenna foil study002,Wireless,copper,1,0.9799999999999683,0.03499999999999659,7.0,4.0,Schematic internal layout
WIIU-0577,StreamLead1,WIIU-0577 · Radio antenna coax study003,Wireless,wiiuwhite,1,2.1630570698230818,18.1600002,8.760000200000007,9.65,Schematic internal layout
WIIU-0578,StreamAntenna1,WIIU-0578 · Case-side antenna foil study003,Wireless,copper,1,0.9799999999999683,0.03499999999999659,7.0,4.0,Schematic internal layout
WIIU-0579,BluetoothLead0,WIIU-0579 · Radio antenna coax study004,Wireless,black,1,2.56656323025008,18.260000199999993,17.260000199999993,9.65,Schematic internal layout
WIIU-0580,BluetoothAntenna0,WIIU-0580 · Case-side antenna foil study004,Wireless,copper,1,0.9799999999999683,0.03499999999999659,7.0,4.0,Schematic internal layout
WIIU-0581,BluetoothLead1,WIIU-0581 · Radio antenna coax study005,Wireless,wiiuwhite,1,3.304554760504809,41.1600002,7.260000199999979,9.65,Schematic internal layout
WIIU-0582,BluetoothAntenna1,WIIU-0582 · Case-side antenna foil study005,Wireless,copper,1,0.9799999999999682,0.03499999999999659,7.0,4.0,Schematic internal layout
WIIU-0583,PadControlSocket-1,WIIU-0583 · Mainboard button-flex connector,PadInternal,cream,1,62.930469004940726,10.0,7.0,0.8999999999999986,Schematic internal layout
WIIU-0584,PadButtonFlex-1,WIIU-0584 · Blue button-board flexible interconnect,PadInternal,ublue,1,38.82000000000025,32.0,6.0,1.6000000000000014,Schematic internal layout
WIIU-0585,PadControlSocket1,WIIU-0585 · Mainboard button-flex connector001,PadInternal,cream,1,62.93046900494073,10.0,7.0,0.8999999999999986,Schematic internal layout
WIIU-0586,PadButtonFlex1,WIIU-0586 · Blue button-board flexible interconnect001,PadInternal,ublue,1,38.820000000000235,32.0,6.0,1.6000000000000014,Schematic internal layout
WIIU-0587,PadDisplaySocket,WIIU-0587 · Mainboard display-flex connector,PadInternal,cream,1,98.93046900494073,22.0,5.0,0.8999999999999986,Schematic internal layout
WIIU-0588,PadDisplayFlex,WIIU-0588 · Folded LCD display flex,Display,copper,1,92.51999999999988,18.0,11.199999999999989,5.700000000000003,Schematic internal layout
WIIU-0589,PadBottomSocket,WIIU-0589 · Mainboard lower-button flex connector,PadInternal,cream,1,28.73046900494076,8.0,4.0,0.8999999999999986,Schematic internal layout
WIIU-0590,PadBottomFlex,WIIU-0590 · HOME and television control flex,PadInternal,wiiuwhite,1,77.60000000000088,8.0,47.0,1.7000000000000028,Schematic internal layout
WIIU-0591,PadNFCFlex,WIIU-0591 · NFC board flex study001,PadInternal,ublue,1,24.68251763823792,31.0,16.0,0.18000000000000327,Schematic internal layout
WIIU-0592,PadBatterySocket,WIIU-0592 · Four-position battery connector study,PadInternal,cream,1,58.51157513160619,7.0,4.0,2.1000000000000014,Schematic internal layout
WIIU-0593,PadBatteryLead0,WIIU-0593 · Battery power / sensing lead study,PadInternal,red,1,2.4590363279911718,13.870000099999999,35.240000200000054,6.0700001000000015,Schematic internal layout
WIIU-0594,PadBatteryLead1,WIIU-0594 · Battery power / sensing lead study001,PadInternal,black,1,2.513323049045211,15.070000100000001,35.240000200000054,6.0700001000000015,Schematic internal layout
WIIU-0595,PadBatteryLead2,WIIU-0595 · Battery power / sensing lead study002,PadInternal,white,1,2.567609770099168,16.270000099999997,35.240000200000054,6.070000100000005,Schematic internal layout
WIIU-0596,PadBatteryLead3,WIIU-0596 · Battery power / sensing lead study003,PadInternal,yellow,1,2.621896491153205,17.4700001,35.240000200000054,6.0700001000000015,Schematic internal layout
WIIU-0597,PadSpeakerLead-1_0,WIIU-0597 · Stereo speaker lead,PadInternal,red,1,3.77260405177901,33.0,31.260000200000036,7.6600002000000025,Schematic internal layout
WIIU-0598,PadSpeakerLead-1_1,WIIU-0598 · Stereo speaker lead001,PadInternal,black,1,3.695619323802718,33.0,29.91000020000007,7.560000199999994,Schematic internal layout
WIIU-0599,PadSpeakerLead1_0,WIIU-0599 · Stereo speaker lead002,PadInternal,red,1,4.144254462698647,42.0,29.260000200000036,7.6600002000000025,Schematic internal layout
WIIU-0600,PadSpeakerLead1_1,WIIU-0600 · Stereo speaker lead003,PadInternal,black,1,4.06726973472236,42.0,27.91000020000007,7.560000199999994,Schematic internal layout
WIIU-0601,PadMicrophoneLead0,WIIU-0601 · Microphone interconnect lead,PadInternal,red,1,1.5126422465386635,25.220000199999994,4.110000100000036,7.270000199999998,Schematic internal layout
WIIU-0602,PadMicrophoneLead1,WIIU-0602 · Microphone interconnect lead001,PadInternal,black,1,1.5126422465386633,25.220000199999994,4.110000100000036,7.270000199999998,Schematic internal layout
WIIU-0603,PadAntenna-1,WIIU-0603 · GamePad side antenna study,PadInternal,copper,1,2.55999999999983,0.04000000000000625,16.0,4.0,Schematic internal layout
WIIU-0604,PadRadioLead-1,WIIU-0604 · GamePad radio coax lead,PadInternal,black,1,1.5626648805255134,12.240000200000026,18.1200001,4.240000200000033,Schematic internal layout
WIIU-0605,PadAntenna1,WIIU-0605 · GamePad side antenna study001,PadInternal,copper,1,2.55999999999983,0.04000000000000625,16.0,4.0,Schematic internal layout
WIIU-0606,PadRadioLead1,WIIU-0606 · GamePad radio coax lead001,PadInternal,wiiuwhite,1,7.624682064891829,146.24000020000003,18.1200001,4.240000200000033,Schematic internal layout
WIIU-0607,ConsoleACLower,WIIU-0607 · WUP-002 lower housing004,Accessories,wiigrey,1,40176.37410411004,171.0,73.0,24.88,Published envelope; approximate photographic exterior detail
WIIU-0608,ConsoleACUpper,WIIU-0608 · WUP-002 upper housing003,Accessories,wiigrey,1,36553.24174632526,171.0,73.0,24.880000000000237,Published envelope; approximate photographic exterior detail
WIIU-0609,ConsoleACPCB,WIIU-0609 · Power converter structural study board004,Accessories,pcb,1,9685.197522806813,159.0,61.0,1.0,Schematic internal layout
WIIU-0610,ConsoleACTransformer,WIIU-0610 · Ferrite transformer core study001,Accessories,black,1,21652.413999859564,32.49000000000001,38.690000000000005,28.0,Schematic internal layout
WIIU-0611,ConsoleACWinding,WIIU-0611 · Insulated transformer winding envelope,Accessories,cream,1,12316.571031243262,25.017299999999977,39.09,12.600000000000001,Schematic internal layout
WIIU-0612,ConsoleACBulkCap,WIIU-0612 · Power conversion study component,Accessories,black,1,6932.046908608911,18.25,18.249999999999993,26.5,Schematic internal layout
WIIU-0613,ConsoleACOutputCap,WIIU-0613 · Power conversion study component001,Accessories,metal,1,2576.5241219258214,13.139999999999986,13.139999999999986,19.0,Schematic internal layout
WIIU-0614,ConsoleACInputCoil,WIIU-0614 · Power conversion study component002,Accessories,cream,1,1627.278392795257,13.139999999999986,13.139999999999986,12.0,Schematic internal layout
WIIU-0615,ConsoleACOutputCoil,WIIU-0615 · Power conversion study component003,Accessories,copper,1,1627.2783927952557,13.139999999999986,13.14,12.0,Schematic internal layout
WIIU-0616,ConsoleACRectifier,WIIU-0616 · Rectifier package study,Accessories,black,1,454.02410254389355,17.100000000000023,10.219999999999999,2.5999999999999996,Schematic internal layout
WIIU-0617,ConsoleACHeatPlate,WIIU-0617 · Power device heat spreader,Accessories,metal,1,883.0639379797207,0.8000000000000682,40.150000000000006,27.5,Schematic internal layout
WIIU-0618,ConsoleACScrew0,WIIU-0618 · Cross-head fastener021,Accessories,metal,1,6.451520005192319,3.3000000000000114,3.299999999999997,3.43,Schematic internal layout
WIIU-0619,ConsoleACScrew1,WIIU-0619 · Cross-head fastener022,Accessories,metal,1,6.451520005192318,3.3000000000000114,3.3000000000000114,3.43,Schematic internal layout
WIIU-0620,ConsoleACScrew2,WIIU-0620 · Cross-head fastener023,Accessories,metal,1,6.451520005192334,3.2999999999999545,3.299999999999997,3.43,Schematic internal layout
WIIU-0621,ConsoleACScrew3,WIIU-0621 · Cross-head fastener024,Accessories,metal,1,6.451520005192334,3.2999999999999545,3.3000000000000114,3.43,Schematic internal layout
WIIU-0622,ConsoleACMark,WIIU-0622 · WUP-002 STUDY,Accessories,black,12,0.8499656228041633,42.053187919463085,3.8979867771811882,0.01800020000000302,Published envelope; approximate photographic exterior detail
WIIU-0623,ConsoleACRelief-1,WIIU-0623 · Moulded cord strain relief,Accessories,wiigrey,1,101.65408428853169,7.0,4.300000000000011,4.299999999999999,Published envelope; approximate photographic exterior detail
WIIU-0624,ConsoleACRelief1,WIIU-0624 · Moulded cord strain relief001,Accessories,wiigrey,1,75.26470599837754,7.0,3.6999999999999886,3.700000000000003,Published envelope; approximate photographic exterior detail
WIIU-0625,GamePadACLower,WIIU-0625 · WUP-011 lower housing004,Accessories,wiigrey,1,11034.624886377282,96.0,35.0,13.88,Published envelope; approximate photographic exterior detail
WIIU-0626,GamePadACUpper,WIIU-0626 · WUP-011 upper housing003,Accessories,wiigrey,1,10039.40399066065,96.0,35.0,13.880000000000715,Published envelope; approximate photographic exterior detail
WIIU-0627,GamePadACPCB,WIIU-0627 · Power converter structural study board009,Accessories,pcb,1,1918.1975228068095,84.0,23.0,1.0,Schematic internal layout
WIIU-0628,GamePadACTransformer,WIIU-0628 · Ferrite transformer core study003,Accessories,black,1,3251.8730423533534,18.24000000000001,18.55000000000001,15.68,Schematic internal layout
WIIU-0629,GamePadACWinding,WIIU-0629 · Insulated transformer winding envelope001,Accessories,cream,1,1874.979169864228,14.04480000000001,18.950000000000017,7.056000000000001,Schematic internal layout
WIIU-0630,GamePadACBulkCap,WIIU-0630 · Power conversion study component004,Accessories,black,1,892.3595757751382,8.75,8.75,14.84,Schematic internal layout
WIIU-0631,GamePadACOutputCap,WIIU-0631 · Power conversion study component005,Accessories,metal,1,331.67490103980344,6.2999999999999545,6.300000000000011,10.64,Schematic internal layout
WIIU-0632,GamePadACInputCoil,WIIU-0632 · Power conversion study component006,Accessories,cream,1,209.47888486724432,6.300000000000011,6.300000000000011,6.719999999999999,Schematic internal layout
WIIU-0633,GamePadACOutputCoil,WIIU-0633 · Power conversion study component007,Accessories,copper,1,209.47888486724426,6.2999999999999545,6.300000000000011,6.719999999999999,Schematic internal layout
WIIU-0634,GamePadACRectifier,WIIU-0634 · Rectifier package study001,Accessories,black,1,121.94690254389347,9.600000000000023,4.900000000000006,2.5999999999999996,Schematic internal layout
WIIU-0635,GamePadACHeatPlate,WIIU-0635 · Power device heat spreader001,Accessories,metal,1,237.027805268654,0.8000000000000114,19.25,15.400000000000002,Schematic internal layout
WIIU-0636,GamePadACScrew0,WIIU-0636 · Cross-head fastener025,Accessories,metal,1,6.45152000519232,3.3000000000000114,3.3000000000000114,3.43,Schematic internal layout
WIIU-0637,GamePadACScrew1,WIIU-0637 · Cross-head fastener026,Accessories,metal,1,6.451520005192318,3.3000000000000114,3.3000000000000114,3.43,Schematic internal layout
WIIU-0638,GamePadACScrew2,WIIU-0638 · Cross-head fastener027,Accessories,metal,1,6.4515200051923305,3.2999999999999545,3.3000000000000114,3.43,Schematic internal layout
WIIU-0639,GamePadACScrew3,WIIU-0639 · Cross-head fastener028,Accessories,metal,1,6.4515200051923305,3.2999999999999545,3.3000000000000114,3.43,Schematic internal layout
WIIU-0640,GamePadACMark,WIIU-0640 · WUP-011 STUDY,Accessories,black,12,0.38395993013589746,28.836471716203278,2.672905281495673,0.01800020000000302,Published envelope; approximate photographic exterior detail
WIIU-0641,GamePadACRelief-1,WIIU-0641 · Moulded cord strain relief002,Accessories,wiigrey,1,101.65408428853169,7.0,4.300000000000011,4.300000000000001,Published envelope; approximate photographic exterior detail
WIIU-0642,GamePadACRelief1,WIIU-0642 · Moulded cord strain relief003,Accessories,wiigrey,1,75.26470599837752,7.0,3.6999999999999886,3.7000000000000046,Published envelope; approximate photographic exterior detail
WIIU-0643,ConsoleACCord,WIIU-0643 · AC cord display length,Accessories,wiigrey,1,2257.642291705684,123.60000020000004,87.1000001,13.100000200000004,Published envelope; approximate photographic exterior detail
WIIU-0644,ConsoleACPlug,WIIU-0644 · Japanese two-blade AC plug,Accessories,wiigrey,1,4273.71123045762,23.0,17.0,11.0,Published envelope; approximate photographic exterior detail
WIIU-0645,ConsoleACPlugBlade0,WIIU-0645 · Flat AC plug blade,Accessories,metal,1,108.39269908169808,1.400000000000091,6.199999999999989,12.500000000000002,Published envelope; approximate photographic exterior detail
WIIU-0646,ConsoleACPlugBlade1,WIIU-0646 · Flat AC plug blade001,Accessories,metal,1,108.3926990816981,1.400000000000091,6.199999999999989,12.500000000000002,Published envelope; approximate photographic exterior detail
WIIU-0647,ConsoleACDCCord,WIIU-0647 · DC cord display length,Accessories,wiigrey,1,1265.9001595798059,79.30000010000003,83.0000002,20.000000200000002,Published envelope; approximate photographic exterior detail
WIIU-0648,ConsoleACDCGrip,WIIU-0648 · Device DC plug grip,Accessories,wiigrey,1,2292.394332676534,24.0,12.0,8.0,Published envelope; approximate photographic exterior detail
WIIU-0649,ConsoleACDCHead,WIIU-0649 · Dedicated keyed two-position DC plug,Accessories,yellow,1,331.16902604182064,8.0,14.0,10.0,Published envelope; approximate photographic exterior detail
WIIU-0650,ConsoleACDCPin0,WIIU-0650 · DC connector contact study,Accessories,gold,1,1.1987638934211704,5.0,0.6000000000000014,0.40000000000000036,Published envelope; approximate photographic exterior detail
WIIU-0651,ConsoleACDCPin1,WIIU-0651 · DC connector contact study001,Accessories,gold,1,1.1987638934211693,5.0,0.5999999999999996,0.40000000000000036,Published envelope; approximate photographic exterior detail
WIIU-0652,GamePadACCord,WIIU-0652 · AC cord display length001,Accessories,wiigrey,1,1634.2444688184976,78.60000019999998,65.28324017032124,6.477575713740386,Published envelope; approximate photographic exterior detail
WIIU-0653,GamePadACPlug,WIIU-0653 · Japanese two-blade AC plug001,Accessories,wiigrey,1,4273.71123045762,23.0,17.0,11.0,Published envelope; approximate photographic exterior detail
WIIU-0654,GamePadACPlugBlade0,WIIU-0654 · Flat AC plug blade002,Accessories,metal,1,108.39269908169811,1.3999999999999773,6.199999999999989,12.500000000000002,Published envelope; approximate photographic exterior detail
WIIU-0655,GamePadACPlugBlade1,WIIU-0655 · Flat AC plug blade003,Accessories,metal,1,108.39269908169811,1.3999999999999773,6.199999999999989,12.500000000000002,Published envelope; approximate photographic exterior detail
WIIU-0656,GamePadACDCCord,WIIU-0656 · DC cord display length001,Accessories,wiigrey,1,1103.5292991296321,59.300000100000034,63.000000200000024,8.120000200000002,Published envelope; approximate photographic exterior detail
WIIU-0657,GamePadACDCGrip,WIIU-0657 · Device DC plug grip001,Accessories,wiigrey,1,2292.394332676534,24.0,12.0,8.0,Published envelope; approximate photographic exterior detail
WIIU-0658,GamePadACDCHead,WIIU-0658 · Dedicated keyed two-position DC plug001,Accessories,wiigrey,1,147.1690260418206,8.0,7.0,4.800000000000001,Published envelope; approximate photographic exterior detail
WIIU-0659,GamePadACDCPin0,WIIU-0659 · DC connector contact study002,Accessories,gold,1,1.198763893421166,5.0,0.6000000000000085,0.40000000000000036,Published envelope; approximate photographic exterior detail
WIIU-0660,GamePadACDCPin1,WIIU-0660 · DC connector contact study003,Accessories,gold,1,1.198763893421166,5.0,0.6000000000000085,0.40000000000000036,Published envelope; approximate photographic exterior detail
WIIU-0661,HDMICable,WIIU-0661 · HDMI cable display length,Accessories,black,1,4443.952553734773,104.80000019999997,81.20000010000007,4.8000001999999995,Published envelope; approximate photographic exterior detail
WIIU-0662,HDMIGrip0,WIIU-0662 · HDMI connector overmould,Accessories,black,1,4765.66370614359,20.0,24.0,10.0,Published envelope; approximate photographic exterior detail
WIIU-0663,HDMIRelief0,WIIU-0663 · HDMI cable strain relief001,Accessories,black,1,24.268803248981143,5.399999999999977,6.0,5.3999999999999995,Published envelope; approximate photographic exterior detail
WIIU-0664,HDMIHead0,WIIU-0664 · HDMI Type A metal plug shell,Accessories,metal,1,192.24000000000018,14.0,9.0,5.000000000000002,Published envelope; approximate photographic exterior detail
WIIU-0665,HDMIPlugTongue0,WIIU-0665 · HDMI plug contact carrier,Accessories,black,1,45.75939822368612,10.899999999999977,7.0,0.5999999999999996,Published envelope; approximate photographic exterior detail
WIIU-0666,HDMIPlugPin0_0_0,WIIU-0666 · HDMI Type A plug contact,Accessories,gold,1,0.09595364600329295,0.3199999999999932,5.0,0.05999999999999961,Published envelope; approximate photographic exterior detail
WIIU-0667,HDMIPlugPin0_0_1,WIIU-0667 · HDMI Type A plug contact001,Accessories,gold,1,0.09595364600329298,0.3199999999999932,5.0,0.05999999999999961,Published envelope; approximate photographic exterior detail
WIIU-0668,HDMIPlugPin0_0_2,WIIU-0668 · HDMI Type A plug contact002,Accessories,gold,1,0.09595364600329297,0.3199999999999932,5.0,0.05999999999999961,Published envelope; approximate photographic exterior detail
WIIU-0669,HDMIPlugPin0_0_3,WIIU-0669 · HDMI Type A plug contact003,Accessories,gold,1,0.09595364600329298,0.3199999999999932,5.0,0.05999999999999961,Published envelope; approximate photographic exterior detail
WIIU-0670,HDMIPlugPin0_0_4,WIIU-0670 · HDMI Type A plug contact004,Accessories,gold,1,0.09595364600329298,0.3199999999999932,5.0,0.05999999999999961,Published envelope; approximate photographic exterior detail
WIIU-0671,HDMIPlugPin0_0_5,WIIU-0671 · HDMI Type A plug contact005,Accessories,gold,1,0.09595364600329297,0.3199999999999932,5.0,0.05999999999999961,Published envelope; approximate photographic exterior detail
WIIU-0672,HDMIPlugPin0_0_6,WIIU-0672 · HDMI Type A plug contact006,Accessories,gold,1,0.09595364600329301,0.3199999999999932,5.0,0.05999999999999961,Published envelope; approximate photographic exterior detail
WIIU-0673,HDMIPlugPin0_0_7,WIIU-0673 · HDMI Type A plug contact007,Accessories,gold,1,0.09595364600329297,0.3199999999999932,5.0,0.05999999999999961,Published envelope; approximate photographic exterior detail
WIIU-0674,HDMIPlugPin0_0_8,WIIU-0674 · HDMI Type A plug contact008,Accessories,gold,1,0.09595364600329298,0.3199999999999932,5.0,0.05999999999999961,Published envelope; approximate photographic exterior detail
WIIU-0675,HDMIPlugPin0_0_9,WIIU-0675 · HDMI Type A plug contact009,Accessories,gold,1,0.09595364600329298,0.3199999999999932,5.0,0.05999999999999961,Published envelope; approximate photographic exterior detail
WIIU-0676,HDMIPlugPin0_1_0,WIIU-0676 · HDMI Type A plug contact010,Accessories,gold,1,0.09595364600329297,0.3199999999999932,5.0,0.05999999999999961,Published envelope; approximate photographic exterior detail
WIIU-0677,HDMIPlugPin0_1_1,WIIU-0677 · HDMI Type A plug contact011,Accessories,gold,1,0.09595364600329297,0.3199999999999932,5.0,0.05999999999999961,Published envelope; approximate photographic exterior detail
WIIU-0678,HDMIPlugPin0_1_2,WIIU-0678 · HDMI Type A plug contact012,Accessories,gold,1,0.09595364600329298,0.3199999999999932,5.0,0.05999999999999961,Published envelope; approximate photographic exterior detail
WIIU-0679,HDMIPlugPin0_1_3,WIIU-0679 · HDMI Type A plug contact013,Accessories,gold,1,0.09595364600329298,0.3199999999999932,5.0,0.05999999999999961,Published envelope; approximate photographic exterior detail
WIIU-0680,HDMIPlugPin0_1_4,WIIU-0680 · HDMI Type A plug contact014,Accessories,gold,1,0.09595364600329298,0.3199999999999932,5.0,0.05999999999999961,Published envelope; approximate photographic exterior detail
WIIU-0681,HDMIPlugPin0_1_5,WIIU-0681 · HDMI Type A plug contact015,Accessories,gold,1,0.09595364600329295,0.3199999999999932,5.0,0.05999999999999961,Published envelope; approximate photographic exterior detail
WIIU-0682,HDMIPlugPin0_1_6,WIIU-0682 · HDMI Type A plug contact016,Accessories,gold,1,0.09595364600329298,0.3199999999999932,5.0,0.05999999999999961,Published envelope; approximate photographic exterior detail
WIIU-0683,HDMIPlugPin0_1_7,WIIU-0683 · HDMI Type A plug contact017,Accessories,gold,1,0.09595364600329295,0.3199999999999932,5.0,0.05999999999999961,Published envelope; approximate photographic exterior detail
WIIU-0684,HDMIPlugPin0_1_8,WIIU-0684 · HDMI Type A plug contact018,Accessories,gold,1,0.09595364600329295,0.3199999999999932,5.0,0.05999999999999961,Published envelope; approximate photographic exterior detail
WIIU-0685,HDMIGrip1,WIIU-0685 · HDMI connector overmould001,Accessories,black,1,4765.66370614359,20.0,24.0,10.0,Published envelope; approximate photographic exterior detail
WIIU-0686,HDMIRelief1,WIIU-0686 · HDMI cable strain relief003,Accessories,black,1,24.268803248981058,5.399999999999977,6.0,5.3999999999999995,Published envelope; approximate photographic exterior detail
WIIU-0687,HDMIHead1,WIIU-0687 · HDMI Type A metal plug shell001,Accessories,metal,1,192.24000000000055,14.0,9.0,5.000000000000002,Published envelope; approximate photographic exterior detail
WIIU-0688,HDMIPlugTongue1,WIIU-0688 · HDMI plug contact carrier001,Accessories,black,1,45.75939822368611,10.899999999999977,7.0,0.5999999999999996,Published envelope; approximate photographic exterior detail
WIIU-0689,HDMIPlugPin1_0_0,WIIU-0689 · HDMI Type A plug contact019,Accessories,gold,1,0.09595364600329859,0.32000000000005,5.0,0.05999999999999961,Published envelope; approximate photographic exterior detail
WIIU-0690,HDMIPlugPin1_0_1,WIIU-0690 · HDMI Type A plug contact020,Accessories,gold,1,0.0959536460032986,0.32000000000005,5.0,0.05999999999999961,Published envelope; approximate photographic exterior detail
WIIU-0691,HDMIPlugPin1_0_2,WIIU-0691 · HDMI Type A plug contact021,Accessories,gold,1,0.0959536460032986,0.32000000000005,5.0,0.05999999999999961,Published envelope; approximate photographic exterior detail
WIIU-0692,HDMIPlugPin1_0_3,WIIU-0692 · HDMI Type A plug contact022,Accessories,gold,1,0.09595364600329857,0.32000000000005,5.0,0.05999999999999961,Published envelope; approximate photographic exterior detail
WIIU-0693,HDMIPlugPin1_0_4,WIIU-0693 · HDMI Type A plug contact023,Accessories,gold,1,0.09595364600329859,0.32000000000005,5.0,0.05999999999999961,Published envelope; approximate photographic exterior detail
WIIU-0694,HDMIPlugPin1_0_5,WIIU-0694 · HDMI Type A plug contact024,Accessories,gold,1,0.0959536460032986,0.32000000000005,5.0,0.05999999999999961,Published envelope; approximate photographic exterior detail
WIIU-0695,HDMIPlugPin1_0_6,WIIU-0695 · HDMI Type A plug contact025,Accessories,gold,1,0.0959536460032986,0.32000000000005,5.0,0.05999999999999961,Published envelope; approximate photographic exterior detail
WIIU-0696,HDMIPlugPin1_0_7,WIIU-0696 · HDMI Type A plug contact026,Accessories,gold,1,0.09595364600329857,0.32000000000005,5.0,0.05999999999999961,Published envelope; approximate photographic exterior detail
WIIU-0697,HDMIPlugPin1_0_8,WIIU-0697 · HDMI Type A plug contact027,Accessories,gold,1,0.0959536460032986,0.32000000000005,5.0,0.05999999999999961,Published envelope; approximate photographic exterior detail
WIIU-0698,HDMIPlugPin1_0_9,WIIU-0698 · HDMI Type A plug contact028,Accessories,gold,1,0.09595364600329859,0.32000000000005,5.0,0.05999999999999961,Published envelope; approximate photographic exterior detail
WIIU-0699,HDMIPlugPin1_1_0,WIIU-0699 · HDMI Type A plug contact029,Accessories,gold,1,0.0959536460032986,0.32000000000005,5.0,0.05999999999999961,Published envelope; approximate photographic exterior detail
WIIU-0700,HDMIPlugPin1_1_1,WIIU-0700 · HDMI Type A plug contact030,Accessories,gold,1,0.09595364600329857,0.32000000000005,5.0,0.05999999999999961,Published envelope; approximate photographic exterior detail
WIIU-0701,HDMIPlugPin1_1_2,WIIU-0701 · HDMI Type A plug contact031,Accessories,gold,1,0.09595364600329859,0.32000000000005,5.0,0.05999999999999961,Published envelope; approximate photographic exterior detail
WIIU-0702,HDMIPlugPin1_1_3,WIIU-0702 · HDMI Type A plug contact032,Accessories,gold,1,0.09595364600329857,0.32000000000005,5.0,0.05999999999999961,Published envelope; approximate photographic exterior detail
WIIU-0703,HDMIPlugPin1_1_4,WIIU-0703 · HDMI Type A plug contact033,Accessories,gold,1,0.09595364600329859,0.32000000000005,5.0,0.05999999999999961,Published envelope; approximate photographic exterior detail
WIIU-0704,HDMIPlugPin1_1_5,WIIU-0704 · HDMI Type A plug contact034,Accessories,gold,1,0.09595364600329859,0.32000000000005,5.0,0.05999999999999961,Published envelope; approximate photographic exterior detail
WIIU-0705,HDMIPlugPin1_1_6,WIIU-0705 · HDMI Type A plug contact035,Accessories,gold,1,0.09595364600329859,0.32000000000005,5.0,0.05999999999999961,Published envelope; approximate photographic exterior detail
WIIU-0706,HDMIPlugPin1_1_7,WIIU-0706 · HDMI Type A plug contact036,Accessories,gold,1,0.09595364600329857,0.32000000000005,5.0,0.05999999999999961,Published envelope; approximate photographic exterior detail
WIIU-0707,HDMIPlugPin1_1_8,WIIU-0707 · HDMI Type A plug contact037,Accessories,gold,1,0.09595364600329857,0.32000000000005,5.0,0.05999999999999961,Published envelope; approximate photographic exterior detail
