Part number,Part ID,Label,Assembly,Material,Solid count,Volume mm3,X mm,Y mm,Z mm,Fidelity
ATARI2600-0001,LowerHousing,ATARI2600-0001 · Heavy rounded lower housing007,Body,atariblack,1,1087332.6510104763,346.0,231.5,40.0,Approximate exterior and envelope; photographic study
ATARI2600-0002,TopDeck,ATARI2600-0002 · Horizontal ribbed deck foundation002,Body,atariblack,1,84404.14534657805,325.6,211.1,2.299999999999997,Approximate exterior and envelope; photographic study
ATARI2600-0003,ControlHump,ATARI2600-0003 · Raised sloping control enclosure009,Body,atariblack,1,68608.64075171776,310.0,95.0,35.99999999999999,Approximate exterior and envelope; photographic study
ATARI2600-0004,WoodFascia,ATARI2600-0004 · Printed woodgrain front fascia,Body,wood,1,1537.8244208893589,319.0,0.18000000000000682,27.0,Approximate exterior and envelope; photographic study
ATARI2600-0005,Foot0,ATARI2600-0005 · Recessed rubber support foot,Body,rubber,1,1035.3118589905162,13.0,13.0,7.8,Approximate exterior and envelope; photographic study
ATARI2600-0006,Foot1,ATARI2600-0006 · Recessed rubber support foot001,Body,rubber,1,1035.3118589905162,13.0,13.0,7.8,Approximate exterior and envelope; photographic study
ATARI2600-0007,Foot2,ATARI2600-0007 · Recessed rubber support foot002,Body,rubber,1,1035.3118589905162,13.0,13.0,7.8,Approximate exterior and envelope; photographic study
ATARI2600-0008,Foot3,ATARI2600-0008 · Recessed rubber support foot003,Body,rubber,1,1035.3118589905162,13.0,13.0,7.8,Approximate exterior and envelope; photographic study
ATARI2600-0009,ControlTrim,ATARI2600-0009 · Orange control-bezel pinstripe,Body,orange,1,50.317592894746895,296.0,57.6577287418144,31.04292956909245,Approximate exterior and envelope; photographic study
ATARI2600-0010,ControlBezel,ATARI2600-0010 · Printed black control faceplate007,Body,black,1,2033.0680589400931,294.2,56.0815877919424,30.208579346545925,Approximate exterior and envelope; photographic study
ATARI2600-0011,SwitchWasher0,ATARI2600-0011 · Switch actuator dust washer,Controls,black,1,64.91787059377945,11.0,10.115806196459161,5.999275237125431,Approximate exterior and envelope; photographic study
ATARI2600-0012,SwitchLever0,ATARI2600-0012 · Metal power switch lever,Controls,metal,1,356.82026099901424,4.699999999999989,13.413094780362051,20.19925720342208,Approximate exterior and envelope; photographic study
ATARI2600-0013,SwitchTitle0,ATARI2600-0013 · power,Body,orange,5,0.1147216353452514,9.282684763758368,2.1027984656331,1.1411402883446016,Approximate exterior and envelope; photographic study
ATARI2600-0014,SwitchLegend0,ATARI2600-0014 · on / off,Body,orange,6,0.054606125026619316,7.670037951677841,1.6527744104707125,0.8993362721379441,Approximate exterior and envelope; photographic study
ATARI2600-0015,SwitchWasher1,ATARI2600-0015 · Switch actuator dust washer001,Controls,black,1,64.91787059377945,11.0,10.115806196459161,5.999275237125431,Approximate exterior and envelope; photographic study
ATARI2600-0016,SwitchLever1,ATARI2600-0016 · Metal tv type switch lever,Controls,metal,1,356.82026099901424,4.699999999999989,13.413094780362051,20.19925720342208,Approximate exterior and envelope; photographic study
ATARI2600-0017,SwitchTitle1,ATARI2600-0017 · tv type,Body,orange,6,0.12067827495720493,10.688053891275146,2.4944115343398323,1.3515592506347929,Approximate exterior and envelope; photographic study
ATARI2600-0018,SwitchLegend1,ATARI2600-0018 · color / b-w,Body,orange,9,0.07846836583967286,11.29045312013423,1.6527744104707125,0.8993362721379441,Approximate exterior and envelope; photographic study
ATARI2600-0019,SwitchWasher2,ATARI2600-0019 · Switch actuator dust washer002,Controls,black,1,64.91787059377947,11.0,10.115806196459161,5.999275237125431,Approximate exterior and envelope; photographic study
ATARI2600-0020,SwitchLever2,ATARI2600-0020 · Metal left switch lever,Controls,metal,1,356.8202609990142,4.699999999999989,13.413094780362051,20.19925720342208,Approximate exterior and envelope; photographic study
ATARI2600-0021,SwitchTitle2,ATARI2600-0021 · left,Body,orange,4,0.06733481307936383,4.642047079865762,2.1198251207942675,1.1502889388789583,Approximate exterior and envelope; photographic study
ATARI2600-0022,SwitchLegend2,ATARI2600-0022 · difficulty,Body,orange,12,0.08268634032920874,9.315914629530198,1.8779047287127426,1.0203018625366411,Approximate exterior and envelope; photographic study
ATARI2600-0023,DifficultyAB2,ATARI2600-0023 · a / b,Body,orange,3,0.03507797066650867,4.8883139583892685,1.749495271038974,0.9513056897567225,Approximate exterior and envelope; photographic study
ATARI2600-0024,SwitchWasher3,ATARI2600-0024 · Switch actuator dust washer003,Controls,black,1,64.91787059377944,11.0,10.115806196459161,5.999275237125431,Approximate exterior and envelope; photographic study
ATARI2600-0025,SwitchLever3,ATARI2600-0025 · Metal right switch lever,Controls,metal,1,356.8202609990142,4.699999999999989,13.413094780362051,20.19925720342208,Approximate exterior and envelope; photographic study
ATARI2600-0026,SwitchTitle3,ATARI2600-0026 · right,Body,orange,6,0.09150768802868926,6.907651206711407,2.6476514307902974,1.4338971054439895,Approximate exterior and envelope; photographic study
ATARI2600-0027,SwitchLegend3,ATARI2600-0027 · difficulty001,Body,orange,12,0.08268634032920891,9.315914629530198,1.8779047287127426,1.0203018625366411,Approximate exterior and envelope; photographic study
ATARI2600-0028,DifficultyAB3,ATARI2600-0028 · a / b001,Body,orange,3,0.03507797066650866,4.888313958389247,1.749495271038974,0.9513056897567225,Approximate exterior and envelope; photographic study
ATARI2600-0029,SwitchWasher4,ATARI2600-0029 · Switch actuator dust washer004,Controls,black,1,64.91787059377945,11.0,10.115806196459161,5.999275237125431,Approximate exterior and envelope; photographic study
ATARI2600-0030,SwitchLever4,ATARI2600-0030 · Metal game switch lever,Controls,metal,1,356.82026099901424,4.699999999999989,13.413094780362051,20.19925720342208,Approximate exterior and envelope; photographic study
ATARI2600-0031,SwitchTitle4,ATARI2600-0031 · game,Body,orange,4,0.10883305279604187,8.442080736912743,2.1027984656331,1.1411402883446016,Approximate exterior and envelope; photographic study
ATARI2600-0032,SwitchLegend4,ATARI2600-0032 · select,Body,orange,6,0.054724370753497224,6.3331419785234715,1.5040276591322197,0.8194126445530827,Approximate exterior and envelope; photographic study
ATARI2600-0033,SwitchWasher5,ATARI2600-0033 · Switch actuator dust washer005,Controls,black,1,64.91787059377945,11.0,10.115806196459161,5.999275237125431,Approximate exterior and envelope; photographic study
ATARI2600-0034,SwitchLever5,ATARI2600-0034 · Metal game switch lever001,Controls,metal,1,356.82026099901407,4.699999999999989,13.413094780362051,20.19925720342208,Approximate exterior and envelope; photographic study
ATARI2600-0035,SwitchTitle5,ATARI2600-0035 · game001,Body,orange,4,0.10883305279604195,8.442080736912743,2.1027984656331,1.1411402883446016,Approximate exterior and envelope; photographic study
ATARI2600-0036,SwitchLegend5,ATARI2600-0036 · reset,Body,orange,5,0.04679470033300002,5.2899666429530185,1.3954828324798143,0.7610900973965755,Approximate exterior and envelope; photographic study
ATARI2600-0037,SystemTitle,ATARI2600-0037 · video computer system,Body,metal,20,0.7989476109957468,51.21906050268456,3.7472895766153727,2.024747452454477,Approximate exterior and envelope; photographic study
ATARI2600-0038,WoodgrainPrint,ATARI2600-0038 · Printed woodgrain study pattern,Body,grain,9,12.150000000000906,300.0,0.025000000000005684,20.972432070543114,Approximate exterior and envelope; photographic study
ATARI2600-0039,AtariWord,ATARI2600-0039 · ATARI,Body,metal,5,0.41907643085211227,15.701111577181237,0.01800019999998881,4.228188119463091,Approximate exterior and envelope; photographic study
ATARI2600-0040,ControllerSocket0,ATARI2600-0040 · DE-9 controller socket housing002,Ports,black,1,1638.854068252327,28.0,11.5,11.000000000000004,Approximate exterior and envelope; photographic study
ATARI2600-0041,ControllerSurround0,ATARI2600-0041 · Raised Heavy Sixer rear connector surround,Body,atariblack,1,41.81028714378394,34.0,0.3500000000000085,18.0,Approximate exterior and envelope; photographic study
ATARI2600-0042,ControllerPin0_0,ATARI2600-0042 · DE-9 male contact,Ports,metal,1,7.344588651181655,0.8999999999999986,15.63000000000001,6.949999999999996,Schematic internal layout
ATARI2600-0043,ControllerPin0_1,ATARI2600-0043 · DE-9 male contact001,Ports,metal,1,7.344588651261572,0.9000000000000021,15.63000000000001,6.949999999999996,Schematic internal layout
ATARI2600-0044,ControllerPin0_2,ATARI2600-0044 · DE-9 male contact002,Ports,metal,1,7.344588651262275,0.9000000000000057,15.63000000000001,6.949999999999996,Schematic internal layout
ATARI2600-0045,ControllerPin0_3,ATARI2600-0045 · DE-9 male contact003,Ports,metal,1,7.344588651261571,0.9000000000000057,15.63000000000001,6.949999999999996,Schematic internal layout
ATARI2600-0046,ControllerPin0_4,ATARI2600-0046 · DE-9 male contact004,Ports,metal,1,7.344588651261571,0.9000000000000057,15.63000000000001,6.949999999999996,Schematic internal layout
ATARI2600-0047,ControllerPin0_5,ATARI2600-0047 · DE-9 male contact005,Ports,metal,1,7.809921355340247,0.8999999999999986,15.63000000000001,9.749999999999996,Schematic internal layout
ATARI2600-0048,ControllerPin0_6,ATARI2600-0048 · DE-9 male contact006,Ports,metal,1,7.809921340964489,0.9000000000000057,15.63000000000001,9.749999999999996,Schematic internal layout
ATARI2600-0049,ControllerPin0_7,ATARI2600-0049 · DE-9 male contact007,Ports,metal,1,7.809921340965254,0.9000000000000057,15.63000000000001,9.749999999999996,Schematic internal layout
ATARI2600-0050,ControllerPin0_8,ATARI2600-0050 · DE-9 male contact008,Ports,metal,1,7.809921340964489,0.9000000000000057,15.63000000000001,9.749999999999996,Schematic internal layout
ATARI2600-0051,RearControllerMark0,ATARI2600-0051 · LEFT CONTROLLER,Body,atariblack,14,0.16772945471907164,19.802560922147652,0.01800019999998881,1.6079196630872516,Approximate exterior and envelope; photographic study
ATARI2600-0052,ControllerSocket1,ATARI2600-0052 · DE-9 controller socket housing003,Ports,black,1,1638.854068252327,28.0,11.5,11.000000000000004,Approximate exterior and envelope; photographic study
ATARI2600-0053,ControllerSurround1,ATARI2600-0053 · Raised Heavy Sixer rear connector surround001,Body,atariblack,1,41.81028714378394,34.0,0.3500000000000085,18.0,Approximate exterior and envelope; photographic study
ATARI2600-0054,ControllerPin1_0,ATARI2600-0054 · DE-9 male contact009,Ports,metal,1,7.344588651261572,0.9000000000000057,15.63000000000001,6.949999999999996,Schematic internal layout
ATARI2600-0055,ControllerPin1_1,ATARI2600-0055 · DE-9 male contact010,Ports,metal,1,7.344588651261572,0.9000000000000057,15.63000000000001,6.949999999999996,Schematic internal layout
ATARI2600-0056,ControllerPin1_2,ATARI2600-0056 · DE-9 male contact011,Ports,metal,1,7.344588651262275,0.9000000000000057,15.63000000000001,6.949999999999996,Schematic internal layout
ATARI2600-0057,ControllerPin1_3,ATARI2600-0057 · DE-9 male contact012,Ports,metal,1,7.344588651261544,0.9000000000000021,15.63000000000001,6.949999999999996,Schematic internal layout
ATARI2600-0058,ControllerPin1_4,ATARI2600-0058 · DE-9 male contact013,Ports,metal,1,7.344588651181656,0.8999999999999986,15.63000000000001,6.949999999999996,Schematic internal layout
ATARI2600-0059,ControllerPin1_5,ATARI2600-0059 · DE-9 male contact014,Ports,metal,1,7.809921340964488,0.9000000000000057,15.63000000000001,9.749999999999996,Schematic internal layout
ATARI2600-0060,ControllerPin1_6,ATARI2600-0060 · DE-9 male contact015,Ports,metal,1,7.809921340965254,0.9000000000000057,15.63000000000001,9.749999999999996,Schematic internal layout
ATARI2600-0061,ControllerPin1_7,ATARI2600-0061 · DE-9 male contact016,Ports,metal,1,7.809921327752012,0.9000000000000057,15.63000000000001,9.749999999999996,Schematic internal layout
ATARI2600-0062,ControllerPin1_8,ATARI2600-0062 · DE-9 male contact017,Ports,metal,1,7.809921355340246,0.8999999999999986,15.63000000000001,9.749999999999996,Schematic internal layout
ATARI2600-0063,RearControllerMark1,ATARI2600-0063 · RIGHT CONTROLLER,Body,atariblack,15,0.185808810445812,21.445916726845635,0.01800019999998881,1.6079196630872516,Approximate exterior and envelope; photographic study
ATARI2600-0064,PowerJackBody,ATARI2600-0064 · 3.5 mm DC power jack insulator001,Ports,black,1,830.8375329353128,9.4,11.599999999999994,9.400000000000006,Approximate exterior and envelope; photographic study
ATARI2600-0065,PowerJackContact,ATARI2600-0065 · DC jack sleeve contact,Ports,metal,1,31.33499910914155,4.2,7.599999999999994,4.200000000000003,Approximate exterior and envelope; photographic study
ATARI2600-0066,RearPowerMark,ATARI2600-0066 · POWER ADAPTOR,Body,atariblack,12,0.16944525689768034,18.52685632416107,0.01800019999998881,1.6079196630872516,Approximate exterior and envelope; photographic study
ATARI2600-0067,RFCableGrommet,ATARI2600-0067 · Early RF lead rubber strain relief,Ports,rubber,1,578.0687562237899,9.099999999999994,11.599999999999994,9.099999999999998,Approximate exterior and envelope; photographic study
ATARI2600-0068,RFCable,ATARI2600-0068 · Fixed RF cable exterior segment,Cables,black,1,765.7223365611882,48.34513226575342,43.887271107211106,9.679150059339893,Approximate exterior and envelope; photographic study
ATARI2600-0069,RearRFMark,ATARI2600-0069 · TV RF LEAD,Body,atariblack,8,0.10195353508325004,12.676552113422815,0.01800019999998881,1.5973156362416105,Approximate exterior and envelope; photographic study
ATARI2600-0070,Mainboard,ATARI2600-0070 · Original two-board 2600 main logic PCB study005,Mainboard,pcb,1,30861.183793709915,96.0,202.0,1.6000000000000014,Schematic internal layout
ATARI2600-0071,MainboardMark,ATARI2600-0071 · CX2600 MAIN / STUDY,Mainboard,white,16,0.23134279132858898,25.650302113422818,1.9328860060402633,0.01800020000000302,Approximate exterior and envelope; photographic study
ATARI2600-0072,Switchboard,ATARI2600-0072 · Elevated U-shaped switch and power board005,Switchboard,phenolic,1,22644.950371452724,284.0,58.896237896618736,32.64825831433246,Schematic internal layout
ATARI2600-0073,ShieldBase,ATARI2600-0073 · Thick cast-aluminium mainboard enclosure006,Shield,metal,1,90077.17021245604,108.0,158.0,28.500000099999998,Schematic internal layout
ATARI2600-0074,ShieldLid,ATARI2600-0074 · Removable aluminium lid with cartridge clearance004,Shield,metal,1,9871.035535511217,108.0,158.0,0.7000000000000028,Schematic internal layout
ATARI2600-0075,BoardSpacer0,ATARI2600-0075 · Mainboard isolation spacer,Mainboard,white,1,26.01238717172349,6.400000000000006,6.400000000000006,1.0,Schematic internal layout
ATARI2600-0076,BoardScrew0,ATARI2600-0076 · Cross-head fastener,Mainboard,metal,1,10.646679598298627,4.200000000000003,4.199999999999989,5.43,Schematic internal layout
ATARI2600-0077,BoardSpacer1,ATARI2600-0077 · Mainboard isolation spacer001,Mainboard,white,1,26.01238717172349,6.400000000000006,6.400000000000006,1.0,Schematic internal layout
ATARI2600-0078,BoardScrew1,ATARI2600-0078 · Cross-head fastener001,Mainboard,metal,1,10.646679598298629,4.200000000000003,4.199999999999989,5.43,Schematic internal layout
ATARI2600-0079,BoardSpacer2,ATARI2600-0079 · Mainboard isolation spacer002,Mainboard,white,1,26.01238717172349,6.400000000000006,6.400000000000006,1.0,Schematic internal layout
ATARI2600-0080,BoardScrew2,ATARI2600-0080 · Cross-head fastener002,Mainboard,metal,1,10.646679598298629,4.200000000000003,4.200000000000003,5.43,Schematic internal layout
ATARI2600-0081,BoardSpacer3,ATARI2600-0081 · Mainboard isolation spacer003,Mainboard,white,1,26.01238717172349,6.400000000000006,6.400000000000006,1.0,Schematic internal layout
ATARI2600-0082,BoardScrew3,ATARI2600-0082 · Cross-head fastener003,Mainboard,metal,1,10.646679598298633,4.200000000000003,4.200000000000003,5.43,Schematic internal layout
ATARI2600-0083,ShieldLidEar0,ATARI2600-0083 · Shield lid fastening ear,Shield,metal,1,100.32000000000002,4.0,9.0,3.0,Schematic internal layout
ATARI2600-0084,ShieldLidScrew0,ATARI2600-0084 · Cross-head fastener004,Shield,metal,1,7.110347160924984,3.4000000000000057,3.4000000000000057,3.8299999999999983,Schematic internal layout
ATARI2600-0085,ShieldLidEar1,ATARI2600-0085 · Shield lid fastening ear001,Shield,metal,1,100.32000000000002,4.0,9.0,3.0,Schematic internal layout
ATARI2600-0086,ShieldLidScrew1,ATARI2600-0086 · Cross-head fastener005,Shield,metal,1,7.110347160924984,3.4000000000000057,3.4000000000000057,3.8299999999999983,Schematic internal layout
ATARI2600-0087,ShieldLidEar2,ATARI2600-0087 · Shield lid fastening ear002,Shield,metal,1,100.32000000000002,4.0,9.0,3.0,Schematic internal layout
ATARI2600-0088,ShieldLidScrew2,ATARI2600-0088 · Cross-head fastener006,Shield,metal,1,7.110347160924984,3.4000000000000057,3.3999999999999986,3.8299999999999983,Schematic internal layout
ATARI2600-0089,ShieldLidEar3,ATARI2600-0089 · Shield lid fastening ear003,Shield,metal,1,100.32000000000002,4.0,9.0,3.0,Schematic internal layout
ATARI2600-0090,ShieldLidScrew3,ATARI2600-0090 · Cross-head fastener007,Shield,metal,1,7.110347160924986,3.4000000000000057,3.3999999999999986,3.8299999999999983,Schematic internal layout
ATARI2600-0091,RIOT,ATARI2600-0091 · 6532 RIOT,Mainboard,black,1,2963.5898958902517,50.0,15.2,3.8999999999999986,Schematic internal layout
ATARI2600-0092,RIOTPins,ATARI2600-0092 · Through-hole DIP leadframe study,Mainboard,metal,40,28.488739097373845,48.38,18.65,4.140000000000001,Schematic internal layout
ATARI2600-0093,RIOTMark,ATARI2600-0093 · 6532 RIOT001,Mainboard,white,8,0.16564887817940557,14.694781979194634,2.1438928174496645,0.01800020000000302,Approximate exterior and envelope; photographic study
ATARI2600-0094,RIOTSolderLands,ATARI2600-0094 · DIP underside solder lands,Mainboard,gold,40,1.0749273423522838,49.2,18.599999999999998,0.03500000000000014,Schematic internal layout
ATARI2600-0095,CPU,ATARI2600-0095 · 6507 CPU,Mainboard,black,1,1937.889895890252,35.5,14.0,3.8999999999999986,Schematic internal layout
ATARI2600-0096,CPUPins,ATARI2600-0096 · Through-hole DIP leadframe study001,Mainboard,metal,28,19.942117368161707,33.88,17.45,4.140000000000001,Schematic internal layout
ATARI2600-0097,CPUMark,ATARI2600-0097 · 6507 CPU001,Mainboard,white,7,0.14906962459630382,13.424983421476512,2.143892817449668,0.01800020000000302,Approximate exterior and envelope; photographic study
ATARI2600-0098,CPUSolderLands,ATARI2600-0098 · DIP underside solder lands001,Mainboard,gold,28,0.7524491396465977,34.7,17.400000000000006,0.03500000000000014,Schematic internal layout
ATARI2600-0099,TIA,ATARI2600-0099 · TIA C010444,Mainboard,black,1,2963.589895890251,50.0,15.199999999999989,3.8999999999999986,Schematic internal layout
ATARI2600-0100,TIAPins,ATARI2600-0100 · Through-hole DIP leadframe study002,Mainboard,metal,40,28.488739097373777,48.38,18.650000000000006,4.140000000000001,Schematic internal layout
ATARI2600-0101,TIAMark,ATARI2600-0101 · TIA C010445,Mainboard,white,10,0.1965678637557878,18.04793624161074,2.143892817449654,0.01800020000000302,Approximate exterior and envelope; photographic study
ATARI2600-0102,TIASolderLands,ATARI2600-0102 · DIP underside solder lands002,Mainboard,gold,40,1.0749273423522858,49.2,18.599999999999994,0.03500000000000014,Schematic internal layout
ATARI2600-0103,Buffer,ATARI2600-0103 · CD4050,Mainboard,black,1,486.3098958902525,19.5,6.400000000000006,3.8999999999999986,Schematic internal layout
ATARI2600-0104,BufferPins,ATARI2600-0104 · Through-hole DIP leadframe study003,Mainboard,metal,16,11.39549563894953,17.880000000000006,9.850000000000005,4.140000000000001,Schematic internal layout
ATARI2600-0105,BufferMark,ATARI2600-0105 · CD4051,Mainboard,white,6,0.1365742038137376,11.023993488590609,2.143892817449668,0.01800020000000302,Approximate exterior and envelope; photographic study
ATARI2600-0106,BufferSolderLands,ATARI2600-0106 · DIP underside solder lands003,Mainboard,gold,16,0.4299709369409127,18.700000000000003,9.8,0.03500000000000014,Schematic internal layout
ATARI2600-0107,DiscCap0,ATARI2600-0107 · Green dipped ceramic capacitor,Mainboard,pcb,1,35.54989720470842,6.200000200000005,1.200000199999998,6.200000200000005,Schematic internal layout
ATARI2600-0108,DiscCap0Leads,ATARI2600-0108 · Ceramic capacitor wire pair,Mainboard,metal,2,0.8957308973915216,2.3599999999999994,0.35999999999999943,4.400000000000002,Schematic internal layout
ATARI2600-0109,DiscCap1,ATARI2600-0109 · Green dipped ceramic capacitor001,Mainboard,pcb,1,26.97073523128576,5.400000200000008,1.2000002000000016,5.400000200000001,Schematic internal layout
ATARI2600-0110,DiscCap1Leads,ATARI2600-0110 · Ceramic capacitor wire pair001,Mainboard,metal,2,0.895730897391522,2.3599999999999994,0.35999999999999943,4.400000000000002,Schematic internal layout
ATARI2600-0111,DiscCap2,ATARI2600-0111 · Green dipped ceramic capacitor002,Mainboard,pcb,1,26.97073523128459,5.400000200000008,1.2000002000000052,5.400000200000001,Schematic internal layout
ATARI2600-0112,DiscCap2Leads,ATARI2600-0112 · Ceramic capacitor wire pair002,Mainboard,metal,2,0.8957308973915218,2.3599999999999994,0.35999999999999943,4.400000000000002,Schematic internal layout
ATARI2600-0113,DiscCap3,ATARI2600-0113 · Green dipped ceramic capacitor003,Mainboard,pcb,1,35.54989720470723,6.200000200000005,1.2000001999999999,6.200000200000005,Schematic internal layout
ATARI2600-0114,DiscCap3Leads,ATARI2600-0114 · Ceramic capacitor wire pair003,Mainboard,metal,2,0.8957308973915218,2.3599999999999994,0.35999999999999943,4.400000000000002,Schematic internal layout
ATARI2600-0115,DiscCap4,ATARI2600-0115 · Green dipped ceramic capacitor004,Mainboard,pcb,1,26.970735231285516,5.400000200000001,1.2000002000000052,5.400000200000001,Schematic internal layout
ATARI2600-0116,DiscCap4Leads,ATARI2600-0116 · Ceramic capacitor wire pair004,Mainboard,metal,2,0.8957308973915223,2.3599999999999994,0.35999999999999943,4.400000000000002,Schematic internal layout
ATARI2600-0117,DiscCap5,ATARI2600-0117 · Green dipped ceramic capacitor005,Mainboard,pcb,1,26.970735231284674,5.400000199999999,1.2000002000000052,5.400000200000001,Schematic internal layout
ATARI2600-0118,DiscCap5Leads,ATARI2600-0118 · Ceramic capacitor wire pair005,Mainboard,metal,2,0.8957308973915229,2.3599999999999994,0.35999999999999943,4.400000000000002,Schematic internal layout
ATARI2600-0119,DiscCap6,ATARI2600-0119 · Green dipped ceramic capacitor006,Mainboard,pcb,1,35.54989720470781,6.200000200000002,1.2000002000000052,6.200000200000005,Schematic internal layout
ATARI2600-0120,DiscCap6Leads,ATARI2600-0120 · Ceramic capacitor wire pair006,Mainboard,metal,2,0.8957308973915216,2.3599999999999994,0.35999999999999943,4.400000000000002,Schematic internal layout
ATARI2600-0121,DiscCap7,ATARI2600-0121 · Green dipped ceramic capacitor007,Mainboard,pcb,1,26.97073523128692,5.400000199999999,1.2000002000000016,5.400000200000001,Schematic internal layout
ATARI2600-0122,DiscCap7Leads,ATARI2600-0122 · Ceramic capacitor wire pair007,Mainboard,metal,2,0.895730897391522,2.3599999999999994,0.35999999999999943,4.400000000000002,Schematic internal layout
ATARI2600-0123,RightResistor0,ATARI2600-0123 · Axial resistor body study,Mainboard,fcresistor,1,5.233893360880596,3.3999999999999986,1.3999999999999986,1.3999999999999986,Schematic internal layout
ATARI2600-0124,RightResistor0Leads,ATARI2600-0124 · Formed axial component leads,Mainboard,metal,2,1.0312188955468868,7.740000000000009,0.34000000000000163,3.9700000000000024,Schematic internal layout
ATARI2600-0125,RightResistor0Bands,ATARI2600-0125 · Resistor band geometry study,Mainboard,black,3,0.06715154297047374,1.500000000000007,1.450000000000001,1.4500000000000028,Schematic internal layout
ATARI2600-0126,RightResistor1,ATARI2600-0126 · Axial resistor body study001,Mainboard,fcresistor,1,5.233893360880596,3.3999999999999986,1.3999999999999986,1.3999999999999986,Schematic internal layout
ATARI2600-0127,RightResistor1Leads,ATARI2600-0127 · Formed axial component leads001,Mainboard,metal,2,1.0312189269709244,7.740000000000009,0.33999999999999986,3.9700000000000024,Schematic internal layout
ATARI2600-0128,RightResistor1Bands,ATARI2600-0128 · Resistor band geometry study001,Mainboard,black,3,0.06715154297047374,1.500000000000007,1.4499999999999993,1.4500000000000028,Schematic internal layout
ATARI2600-0129,RightResistor2,ATARI2600-0129 · Axial resistor body study002,Mainboard,fcresistor,1,5.233893360880596,3.3999999999999986,1.4000000000000004,1.3999999999999986,Schematic internal layout
ATARI2600-0130,RightResistor2Leads,ATARI2600-0130 · Formed axial component leads002,Mainboard,metal,2,1.031218926970927,7.740000000000009,0.33999999999999986,3.9700000000000024,Schematic internal layout
ATARI2600-0131,RightResistor2Bands,ATARI2600-0131 · Resistor band geometry study002,Mainboard,black,3,0.06715154297047407,1.500000000000007,1.4499999999999997,1.4500000000000028,Schematic internal layout
ATARI2600-0132,RightResistor3,ATARI2600-0132 · Axial resistor body study003,Mainboard,fcresistor,1,5.233893360880596,3.3999999999999986,1.4000000000000001,1.3999999999999986,Schematic internal layout
ATARI2600-0133,RightResistor3Leads,ATARI2600-0133 · Formed axial component leads003,Mainboard,metal,2,1.031218926970928,7.740000000000009,0.33999999999999986,3.9700000000000024,Schematic internal layout
ATARI2600-0134,RightResistor3Bands,ATARI2600-0134 · Resistor band geometry study003,Mainboard,black,3,0.0671515429704738,1.500000000000007,1.4500000000000002,1.4500000000000028,Schematic internal layout
ATARI2600-0135,RightResistor4,ATARI2600-0135 · Axial resistor body study004,Mainboard,fcresistor,1,5.233893360880596,3.3999999999999986,1.3999999999999995,1.3999999999999986,Schematic internal layout
ATARI2600-0136,RightResistor4Leads,ATARI2600-0136 · Formed axial component leads004,Mainboard,metal,2,1.0312189269709438,7.740000000000009,0.33999999999999986,3.9700000000000024,Schematic internal layout
ATARI2600-0137,RightResistor4Bands,ATARI2600-0137 · Resistor band geometry study004,Mainboard,black,3,0.0671515429704738,1.500000000000007,1.4499999999999993,1.4500000000000028,Schematic internal layout
ATARI2600-0138,RightResistor5,ATARI2600-0138 · Axial resistor body study005,Mainboard,fcresistor,1,5.233893360880596,3.3999999999999986,1.3999999999999986,1.3999999999999986,Schematic internal layout
ATARI2600-0139,RightResistor5Leads,ATARI2600-0139 · Formed axial component leads005,Mainboard,metal,2,1.0312189269703522,7.740000000000009,0.33999999999999986,3.9700000000000024,Schematic internal layout
ATARI2600-0140,RightResistor5Bands,ATARI2600-0140 · Resistor band geometry study005,Mainboard,black,3,0.06715154297047374,1.500000000000007,1.4499999999999993,1.4500000000000028,Schematic internal layout
ATARI2600-0141,RightResistor6,ATARI2600-0141 · Axial resistor body study006,Mainboard,fcresistor,1,5.233893360880596,3.3999999999999986,1.4000000000000057,1.3999999999999986,Schematic internal layout
ATARI2600-0142,RightResistor6Leads,ATARI2600-0142 · Formed axial component leads006,Mainboard,metal,2,1.031218895481811,7.740000000000009,0.3400000000000034,3.9700000000000024,Schematic internal layout
ATARI2600-0143,RightResistor6Bands,ATARI2600-0143 · Resistor band geometry study006,Mainboard,black,3,0.06715154297047352,1.500000000000007,1.4500000000000028,1.4500000000000028,Schematic internal layout
ATARI2600-0144,RightResistor7,ATARI2600-0144 · Axial resistor body study007,Mainboard,fcresistor,1,5.233893360880596,3.3999999999999986,1.4000000000000057,1.3999999999999986,Schematic internal layout
ATARI2600-0145,RightResistor7Leads,ATARI2600-0145 · Formed axial component leads007,Mainboard,metal,2,1.0312187245574438,7.740000000000009,0.3400000000000034,3.9700000000000024,Schematic internal layout
ATARI2600-0146,RightResistor7Bands,ATARI2600-0146 · Resistor band geometry study007,Mainboard,black,3,0.06715154297047352,1.500000000000007,1.4500000000000028,1.4500000000000028,Schematic internal layout
ATARI2600-0147,RightResistor8,ATARI2600-0147 · Axial resistor body study008,Mainboard,fcresistor,1,5.233893360880596,3.3999999999999986,1.4000000000000057,1.3999999999999986,Schematic internal layout
ATARI2600-0148,RightResistor8Leads,ATARI2600-0148 · Formed axial component leads008,Mainboard,metal,2,1.0312187808664377,7.740000000000009,0.3400000000000034,3.9700000000000024,Schematic internal layout
ATARI2600-0149,RightResistor8Bands,ATARI2600-0149 · Resistor band geometry study008,Mainboard,black,3,0.06715154297047352,1.500000000000007,1.4500000000000028,1.4500000000000028,Schematic internal layout
ATARI2600-0150,FrontResistor0,ATARI2600-0150 · Axial resistor body study009,Mainboard,fcresistor,1,5.233893360880594,3.3999999999999986,1.4000000000000057,1.3999999999999986,Schematic internal layout
ATARI2600-0151,FrontResistor0Leads,ATARI2600-0151 · Formed axial component leads009,Mainboard,metal,2,1.0312189522370678,7.7400000000000055,0.3400000000000034,3.9700000000000024,Schematic internal layout
ATARI2600-0152,FrontResistor0Bands,ATARI2600-0152 · Resistor band geometry study009,Mainboard,black,3,0.06715154297047601,1.5,1.4499999999999886,1.4500000000000028,Schematic internal layout
ATARI2600-0153,FrontResistor1,ATARI2600-0153 · Axial resistor body study010,Mainboard,fcresistor,1,5.233893360880594,3.3999999999999986,1.4000000000000057,1.3999999999999986,Schematic internal layout
ATARI2600-0154,FrontResistor1Leads,ATARI2600-0154 · Formed axial component leads010,Mainboard,metal,2,1.0312189521335438,7.74,0.3400000000000034,3.9700000000000024,Schematic internal layout
ATARI2600-0155,FrontResistor1Bands,ATARI2600-0155 · Resistor band geometry study010,Mainboard,black,3,0.06715154297048295,1.5,1.4499999999999886,1.4500000000000028,Schematic internal layout
ATARI2600-0156,FrontResistor2,ATARI2600-0156 · Axial resistor body study011,Mainboard,fcresistor,1,5.233893360880595,3.4,1.4000000000000057,1.3999999999999986,Schematic internal layout
ATARI2600-0157,FrontResistor2Leads,ATARI2600-0157 · Formed axial component leads011,Mainboard,metal,2,1.0312189520049266,7.74,0.3400000000000034,3.9700000000000024,Schematic internal layout
ATARI2600-0158,FrontResistor2Bands,ATARI2600-0158 · Resistor band geometry study011,Mainboard,black,3,0.06715154297048062,1.5,1.4499999999999886,1.4500000000000028,Schematic internal layout
ATARI2600-0159,FrontResistor3,ATARI2600-0159 · Axial resistor body study012,Mainboard,fcresistor,1,5.233893360880595,3.4000000000000004,1.4000000000000057,1.3999999999999986,Schematic internal layout
ATARI2600-0160,FrontResistor3Leads,ATARI2600-0160 · Formed axial component leads012,Mainboard,metal,2,1.0312189520049972,7.739999999999999,0.3400000000000034,3.9700000000000024,Schematic internal layout
ATARI2600-0161,FrontResistor3Bands,ATARI2600-0161 · Resistor band geometry study012,Mainboard,black,3,0.0671515429704829,1.4999999999999982,1.4499999999999886,1.4500000000000028,Schematic internal layout
ATARI2600-0162,FrontResistor4,ATARI2600-0162 · Axial resistor body study013,Mainboard,fcresistor,1,5.233893360880594,3.3999999999999986,1.4000000000000057,1.3999999999999986,Schematic internal layout
ATARI2600-0163,FrontResistor4Leads,ATARI2600-0163 · Formed axial component leads013,Mainboard,metal,2,1.0312189520049682,7.740000000000002,0.3400000000000034,3.9700000000000024,Schematic internal layout
ATARI2600-0164,FrontResistor4Bands,ATARI2600-0164 · Resistor band geometry study013,Mainboard,black,3,0.06715154297048284,1.5,1.4499999999999886,1.4500000000000028,Schematic internal layout
ATARI2600-0165,FrontResistor5,ATARI2600-0165 · Axial resistor body study014,Mainboard,fcresistor,1,5.233893360880594,3.3999999999999986,1.4000000000000057,1.3999999999999986,Schematic internal layout
ATARI2600-0166,FrontResistor5Leads,ATARI2600-0166 · Formed axial component leads014,Mainboard,metal,2,1.0312189521094917,7.740000000000009,0.3400000000000034,3.9700000000000024,Schematic internal layout
ATARI2600-0167,FrontResistor5Bands,ATARI2600-0167 · Resistor band geometry study014,Mainboard,black,3,0.06715154297047288,1.500000000000007,1.4499999999999886,1.4500000000000028,Schematic internal layout
ATARI2600-0168,MasterCrystal,ATARI2600-0168 · Metal master-oscillator crystal can,Mainboard,metal,1,458.67185066024774,6.200000000000003,13.0,6.0,Schematic internal layout
ATARI2600-0169,CrystalMark,ATARI2600-0169 · XTAL,Mainboard,black,4,0.040249264605198384,4.9634228187919405,1.503355704697995,0.018000000000000682,Approximate exterior and envelope; photographic study
ATARI2600-0170,ColorTrimBody,ATARI2600-0170 · Colour-adjustment trimmer body,Mainboard,white,1,180.95573684677208,9.400000000000006,9.400000000000006,3.0,Schematic internal layout
ATARI2600-0171,ColorTrimRotor,ATARI2600-0171 · Slotted colour-adjustment rotor,Mainboard,metal,1,15.080161538934256,3.0,3.0,2.1999999999999993,Schematic internal layout
ATARI2600-0172,Transistor0,ATARI2600-0172 · Small-signal transistor package study,Mainboard,black,1,40.71504079052373,3.6000000000000014,3.5999999999999943,4.0,Schematic internal layout
ATARI2600-0173,TransistorPins0,ATARI2600-0173 · Transistor lead set,Mainboard,metal,3,0.6514406526483795,2.120000000000001,0.3199999999999932,2.6999999999999993,Schematic internal layout
ATARI2600-0174,Transistor1,ATARI2600-0174 · Small-signal transistor package study001,Mainboard,black,1,40.71504079052373,3.6000000000000014,3.5999999999999943,4.0,Schematic internal layout
ATARI2600-0175,TransistorPins1,ATARI2600-0175 · Transistor lead set001,Mainboard,metal,3,0.6514406526483795,2.120000000000001,0.3199999999999932,2.6999999999999993,Schematic internal layout
ATARI2600-0176,Transistor2,ATARI2600-0176 · Small-signal transistor package study002,Mainboard,black,1,40.71504079052373,3.6000000000000014,3.5999999999999943,4.0,Schematic internal layout
ATARI2600-0177,TransistorPins2,ATARI2600-0177 · Transistor lead set002,Mainboard,metal,3,0.6514406526483792,2.1199999999999974,0.3199999999999932,2.6999999999999993,Schematic internal layout
ATARI2600-0178,CartridgeGuide,ATARI2600-0178 · Inclined cartridge entry guide,CardReader,black,1,3876.669456555326,79.2,24.959509336311505,24.062839226357625,Approximate exterior and envelope; photographic study
ATARI2600-0179,CartridgeContact0,ATARI2600-0179 · 24-position cartridge spring contact,CardReader,gold,1,4.859001181185712,0.7999999999999972,6.6750647334836515,21.890218301881646,Schematic internal layout
ATARI2600-0180,CartridgeContact1,ATARI2600-0180 · 24-position cartridge spring contact001,CardReader,gold,1,4.85900118118571,0.7999999999999972,6.6750647334836515,21.890218301881646,Schematic internal layout
ATARI2600-0181,CartridgeContact2,ATARI2600-0181 · 24-position cartridge spring contact002,CardReader,gold,1,4.859001181185707,0.8000000000000007,6.6750647334836515,21.890218301881646,Schematic internal layout
ATARI2600-0182,CartridgeContact3,ATARI2600-0182 · 24-position cartridge spring contact003,CardReader,gold,1,4.859001181185707,0.8000000000000007,6.6750647334836515,21.890218301881646,Schematic internal layout
ATARI2600-0183,CartridgeContact4,ATARI2600-0183 · 24-position cartridge spring contact004,CardReader,gold,1,4.8590011811857154,0.8000000000000007,6.6750647334836515,21.890218301881646,Schematic internal layout
ATARI2600-0184,CartridgeContact5,ATARI2600-0184 · 24-position cartridge spring contact005,CardReader,gold,1,4.859001181185736,0.7999999999999998,6.6750647334836515,21.890218301881646,Schematic internal layout
ATARI2600-0185,CartridgeContact6,ATARI2600-0185 · 24-position cartridge spring contact006,CardReader,gold,1,4.859001181185728,0.7999999999999998,6.6750647334836515,21.890218301881646,Schematic internal layout
ATARI2600-0186,CartridgeContact7,ATARI2600-0186 · 24-position cartridge spring contact007,CardReader,gold,1,4.859001181185715,0.8000000000000007,6.6750647334836515,21.890218301881646,Schematic internal layout
ATARI2600-0187,CartridgeContact8,ATARI2600-0187 · 24-position cartridge spring contact008,CardReader,gold,1,4.859001181185707,0.8000000000000007,6.6750647334836515,21.890218301881646,Schematic internal layout
ATARI2600-0188,CartridgeContact9,ATARI2600-0188 · 24-position cartridge spring contact009,CardReader,gold,1,4.859001181185707,0.8000000000000007,6.6750647334836515,21.890218301881646,Schematic internal layout
ATARI2600-0189,CartridgeContact10,ATARI2600-0189 · 24-position cartridge spring contact010,CardReader,gold,1,4.85900118118571,0.7999999999999972,6.6750647334836515,21.890218301881646,Schematic internal layout
ATARI2600-0190,CartridgeContact11,ATARI2600-0190 · 24-position cartridge spring contact011,CardReader,gold,1,4.859001181185712,0.7999999999999972,6.6750647334836515,21.890218301881646,Schematic internal layout
ATARI2600-0191,CartridgeContact12,ATARI2600-0191 · 24-position cartridge spring contact012,CardReader,gold,1,5.492329236749216,0.7999999999999972,12.400868734728725,22.97884418317463,Schematic internal layout
ATARI2600-0192,CartridgeContact13,ATARI2600-0192 · 24-position cartridge spring contact013,CardReader,gold,1,5.492329236749216,0.7999999999999972,12.400868734728725,22.97884418317463,Schematic internal layout
ATARI2600-0193,CartridgeContact14,ATARI2600-0193 · 24-position cartridge spring contact014,CardReader,gold,1,5.49232923674921,0.8000000000000007,12.400868734728725,22.97884418317463,Schematic internal layout
ATARI2600-0194,CartridgeContact15,ATARI2600-0194 · 24-position cartridge spring contact015,CardReader,gold,1,5.49232923674921,0.8000000000000007,12.400868734728725,22.97884418317463,Schematic internal layout
ATARI2600-0195,CartridgeContact16,ATARI2600-0195 · 24-position cartridge spring contact016,CardReader,gold,1,5.4923292367492085,0.8000000000000007,12.400868734728725,22.97884418317463,Schematic internal layout
ATARI2600-0196,CartridgeContact17,ATARI2600-0196 · 24-position cartridge spring contact017,CardReader,gold,1,5.492329236749272,0.7999999999999998,12.400868734728725,22.97884418317463,Schematic internal layout
ATARI2600-0197,CartridgeContact18,ATARI2600-0197 · 24-position cartridge spring contact018,CardReader,gold,1,5.492329236749253,0.7999999999999998,12.400868734728725,22.97884418317463,Schematic internal layout
ATARI2600-0198,CartridgeContact19,ATARI2600-0198 · 24-position cartridge spring contact019,CardReader,gold,1,5.4923292367492085,0.8000000000000007,12.400868734728725,22.97884418317463,Schematic internal layout
ATARI2600-0199,CartridgeContact20,ATARI2600-0199 · 24-position cartridge spring contact020,CardReader,gold,1,5.49232923674921,0.8000000000000007,12.400868734728725,22.97884418317463,Schematic internal layout
ATARI2600-0200,CartridgeContact21,ATARI2600-0200 · 24-position cartridge spring contact021,CardReader,gold,1,5.49232923674921,0.8000000000000007,12.400868734728725,22.97884418317463,Schematic internal layout
ATARI2600-0201,CartridgeContact22,ATARI2600-0201 · 24-position cartridge spring contact022,CardReader,gold,1,5.492329236749216,0.7999999999999972,12.400868734728725,22.97884418317463,Schematic internal layout
ATARI2600-0202,CartridgeContact23,ATARI2600-0202 · 24-position cartridge spring contact023,CardReader,gold,1,5.492329236749216,0.7999999999999972,12.400868734728725,22.97884418317463,Schematic internal layout
ATARI2600-0203,CartridgeSocket,ATARI2600-0203 · Inclined 24-position cartridge connector body,CardReader,black,1,18062.698468769235,76.0,21.4043832698668,24.575848203299344,Schematic internal layout
ATARI2600-0204,MainRibbonPin0,ATARI2600-0204 · Main ribbon connector pin,Mainboard,metal,1,1.3053945794196251,0.5599999999999987,0.5600000000000023,5.300000000000001,Schematic internal layout
ATARI2600-0205,SwitchRibbonPin0,ATARI2600-0205 · Switchboard ribbon connector pin,Switchboard,metal,1,1.256134406611344,0.5599999999999987,2.907209599897371,4.757610644984027,Schematic internal layout
ATARI2600-0206,RibbonWire0,ATARI2600-0206 · Twelve-way ribbon conductor insulation,Wiring,red,1,93.11155603067385,1.2400001999999972,26.789588202439248,53.08890273352799,Schematic internal layout
ATARI2600-0207,MainRibbonPin1,ATARI2600-0207 · Main ribbon connector pin001,Mainboard,metal,1,1.3053945794196251,0.5599999999999987,0.5600000000000023,5.300000000000001,Schematic internal layout
ATARI2600-0208,SwitchRibbonPin1,ATARI2600-0208 · Switchboard ribbon connector pin001,Switchboard,metal,1,1.256134406611344,0.5599999999999987,2.907209599897371,4.757610644984027,Schematic internal layout
ATARI2600-0209,RibbonWire1,ATARI2600-0209 · Twelve-way ribbon conductor insulation001,Wiring,ribbon,1,93.11155603067385,1.2400001999999972,26.789588202439248,53.08890273352799,Schematic internal layout
ATARI2600-0210,MainRibbonPin2,ATARI2600-0210 · Main ribbon connector pin002,Mainboard,metal,1,1.3053945794196256,0.5600000000000005,0.5600000000000023,5.300000000000001,Schematic internal layout
ATARI2600-0211,SwitchRibbonPin2,ATARI2600-0211 · Switchboard ribbon connector pin002,Switchboard,metal,1,1.2561344066113447,0.5600000000000005,2.907209599897371,4.757610644984027,Schematic internal layout
ATARI2600-0212,RibbonWire2,ATARI2600-0212 · Twelve-way ribbon conductor insulation002,Wiring,ribbon,1,93.11155603067385,1.2400002000000008,26.789588202439248,53.08890273352799,Schematic internal layout
ATARI2600-0213,MainRibbonPin3,ATARI2600-0213 · Main ribbon connector pin003,Mainboard,metal,1,1.3053945794196256,0.5600000000000005,0.5600000000000023,5.300000000000001,Schematic internal layout
ATARI2600-0214,SwitchRibbonPin3,ATARI2600-0214 · Switchboard ribbon connector pin003,Switchboard,metal,1,1.2561344066113447,0.5600000000000005,2.907209599897371,4.757610644984027,Schematic internal layout
ATARI2600-0215,RibbonWire3,ATARI2600-0215 · Twelve-way ribbon conductor insulation003,Wiring,ribbon,1,93.11155603067385,1.2400002000000008,26.789588202439248,53.08890273352799,Schematic internal layout
ATARI2600-0216,MainRibbonPin4,ATARI2600-0216 · Main ribbon connector pin004,Mainboard,metal,1,1.3053945794196256,0.5600000000000005,0.5600000000000023,5.300000000000001,Schematic internal layout
ATARI2600-0217,SwitchRibbonPin4,ATARI2600-0217 · Switchboard ribbon connector pin004,Switchboard,metal,1,1.2561344066113447,0.5600000000000005,2.907209599897371,4.757610644984027,Schematic internal layout
ATARI2600-0218,RibbonWire4,ATARI2600-0218 · Twelve-way ribbon conductor insulation004,Wiring,ribbon,1,93.11155603067385,1.2400001999999999,26.789588202439248,53.08890273352799,Schematic internal layout
ATARI2600-0219,MainRibbonPin5,ATARI2600-0219 · Main ribbon connector pin005,Mainboard,metal,1,1.3053945794196251,0.56,0.5600000000000023,5.300000000000001,Schematic internal layout
ATARI2600-0220,SwitchRibbonPin5,ATARI2600-0220 · Switchboard ribbon connector pin005,Switchboard,metal,1,1.2561344066113445,0.56,2.907209599897371,4.757610644984027,Schematic internal layout
ATARI2600-0221,RibbonWire5,ATARI2600-0221 · Twelve-way ribbon conductor insulation005,Wiring,ribbon,1,93.11155603067387,1.2400002,26.789588202439248,53.08890273352799,Schematic internal layout
ATARI2600-0222,MainRibbonPin6,ATARI2600-0222 · Main ribbon connector pin006,Mainboard,metal,1,1.3053945794196253,0.56,0.5600000000000023,5.300000000000001,Schematic internal layout
ATARI2600-0223,SwitchRibbonPin6,ATARI2600-0223 · Switchboard ribbon connector pin006,Switchboard,metal,1,1.2561344066113445,0.56,2.907209599897371,4.757610644984027,Schematic internal layout
ATARI2600-0224,RibbonWire6,ATARI2600-0224 · Twelve-way ribbon conductor insulation006,Wiring,ribbon,1,93.11155603067388,1.2400002,26.789588202439248,53.08890273352799,Schematic internal layout
ATARI2600-0225,MainRibbonPin7,ATARI2600-0225 · Main ribbon connector pin007,Mainboard,metal,1,1.3053945794196256,0.5600000000000005,0.5600000000000023,5.300000000000001,Schematic internal layout
ATARI2600-0226,SwitchRibbonPin7,ATARI2600-0226 · Switchboard ribbon connector pin007,Switchboard,metal,1,1.2561344066113447,0.5600000000000005,2.907209599897371,4.757610644984027,Schematic internal layout
ATARI2600-0227,RibbonWire7,ATARI2600-0227 · Twelve-way ribbon conductor insulation007,Wiring,ribbon,1,93.11155603067385,1.2400001999999999,26.789588202439248,53.08890273352799,Schematic internal layout
ATARI2600-0228,MainRibbonPin8,ATARI2600-0228 · Main ribbon connector pin008,Mainboard,metal,1,1.3053945794196256,0.5600000000000005,0.5600000000000023,5.300000000000001,Schematic internal layout
ATARI2600-0229,SwitchRibbonPin8,ATARI2600-0229 · Switchboard ribbon connector pin008,Switchboard,metal,1,1.2561344066113447,0.5600000000000005,2.907209599897371,4.757610644984027,Schematic internal layout
ATARI2600-0230,RibbonWire8,ATARI2600-0230 · Twelve-way ribbon conductor insulation008,Wiring,ribbon,1,93.11155603067385,1.2400002000000008,26.789588202439248,53.08890273352799,Schematic internal layout
ATARI2600-0231,MainRibbonPin9,ATARI2600-0231 · Main ribbon connector pin009,Mainboard,metal,1,1.3053945794196256,0.5600000000000005,0.5600000000000023,5.300000000000001,Schematic internal layout
ATARI2600-0232,SwitchRibbonPin9,ATARI2600-0232 · Switchboard ribbon connector pin009,Switchboard,metal,1,1.2561344066113447,0.5600000000000005,2.907209599897371,4.757610644984027,Schematic internal layout
ATARI2600-0233,RibbonWire9,ATARI2600-0233 · Twelve-way ribbon conductor insulation009,Wiring,ribbon,1,93.11155603067385,1.2400002000000008,26.789588202439248,53.08890273352799,Schematic internal layout
ATARI2600-0234,MainRibbonPin10,ATARI2600-0234 · Main ribbon connector pin010,Mainboard,metal,1,1.3053945794196251,0.5599999999999987,0.5600000000000023,5.300000000000001,Schematic internal layout
ATARI2600-0235,SwitchRibbonPin10,ATARI2600-0235 · Switchboard ribbon connector pin010,Switchboard,metal,1,1.256134406611344,0.5599999999999987,2.907209599897371,4.757610644984027,Schematic internal layout
ATARI2600-0236,RibbonWire10,ATARI2600-0236 · Twelve-way ribbon conductor insulation010,Wiring,ribbon,1,93.11155603067385,1.2400001999999972,26.789588202439248,53.08890273352799,Schematic internal layout
ATARI2600-0237,MainRibbonPin11,ATARI2600-0237 · Main ribbon connector pin011,Mainboard,metal,1,1.3053945794196251,0.5599999999999987,0.5600000000000023,5.300000000000001,Schematic internal layout
ATARI2600-0238,SwitchRibbonPin11,ATARI2600-0238 · Switchboard ribbon connector pin011,Switchboard,metal,1,1.256134406611344,0.5599999999999987,2.907209599897371,4.757610644984027,Schematic internal layout
ATARI2600-0239,RibbonWire11,ATARI2600-0239 · Twelve-way ribbon conductor insulation011,Wiring,ribbon,1,93.11155603067385,1.2400001999999972,26.789588202439248,53.08890273352799,Schematic internal layout
ATARI2600-0240,MainRibbonHeader,ATARI2600-0240 · Mainboard ribbon connector housing,Mainboard,black,1,360.7262314031096,27.0,5.0,2.8000000000000007,Schematic internal layout
ATARI2600-0241,SwitchRibbonHeader,ATARI2600-0241 · Switchboard ribbon connector housing,Switchboard,black,1,285.1262314031096,27.0,4.848855374647968,4.359762587400397,Schematic internal layout
ATARI2600-0242,SwitchBody0,ATARI2600-0242 · Six-switch contact carrier,Switchboard,black,1,3060.923517641135,20.0,18.827442777917227,16.38197884167937,Schematic internal layout
ATARI2600-0243,SwitchContactPins0,ATARI2600-0243 · Switch terminal layout study,Switchboard,gold,4,4.4938194671058405,6.5,9.617510050311772,7.987200759486534,Schematic internal layout
ATARI2600-0244,SwitchMetalPlate0,ATARI2600-0244 · Stamped switch cover plate,Switchboard,metal,1,150.20265542746117,22.0,16.045398859057393,8.872037979426374,Schematic internal layout
ATARI2600-0245,SwitchCollar0,ATARI2600-0245 · Switch guide sleeve,Switchboard,black,1,22.67562307452949,6.0,7.01295948166274,6.055152773302908,Schematic internal layout
ATARI2600-0246,SwitchInnerShaft0,ATARI2600-0246 · Switch internal moving stem,Switchboard,metal,1,97.31397403759743,3.1999999999999886,8.545976121261312,12.173414293347449,Schematic internal layout
ATARI2600-0247,SwitchBody1,ATARI2600-0247 · Six-switch contact carrier001,Switchboard,black,1,3060.923517641135,20.0,18.827442777917227,16.38197884167937,Schematic internal layout
ATARI2600-0248,SwitchContactPins1,ATARI2600-0248 · Switch terminal layout study001,Switchboard,gold,4,4.4938194671058405,6.5,9.617510050311772,7.987200759486534,Schematic internal layout
ATARI2600-0249,SwitchMetalPlate1,ATARI2600-0249 · Stamped switch cover plate001,Switchboard,metal,1,150.20265542746117,22.0,16.045398859057393,8.872037979426374,Schematic internal layout
ATARI2600-0250,SwitchCollar1,ATARI2600-0250 · Switch guide sleeve001,Switchboard,black,1,22.675623074529426,6.0,7.01295948166274,6.055152773302908,Schematic internal layout
ATARI2600-0251,SwitchInnerShaft1,ATARI2600-0251 · Switch internal moving stem001,Switchboard,metal,1,97.31397403759743,3.1999999999999886,8.545976121261312,12.173414293347449,Schematic internal layout
ATARI2600-0252,SwitchBody2,ATARI2600-0252 · Six-switch contact carrier002,Switchboard,black,1,3060.923517641135,20.0,18.827442777917227,16.38197884167937,Schematic internal layout
ATARI2600-0253,SwitchContactPins2,ATARI2600-0253 · Switch terminal layout study002,Switchboard,gold,4,4.49381946710584,6.5,9.617510050311772,7.987200759486534,Schematic internal layout
ATARI2600-0254,SwitchMetalPlate2,ATARI2600-0254 · Stamped switch cover plate002,Switchboard,metal,1,150.20265542746117,22.0,16.045398859057393,8.872037979426374,Schematic internal layout
ATARI2600-0255,SwitchCollar2,ATARI2600-0255 · Switch guide sleeve002,Switchboard,black,1,22.675623074529412,6.0,7.01295948166274,6.055152773302908,Schematic internal layout
ATARI2600-0256,SwitchInnerShaft2,ATARI2600-0256 · Switch internal moving stem002,Switchboard,metal,1,97.31397403759743,3.1999999999999886,8.545976121261312,12.173414293347449,Schematic internal layout
ATARI2600-0257,SwitchBody3,ATARI2600-0257 · Six-switch contact carrier003,Switchboard,black,1,3060.923517641135,20.0,18.827442777917227,16.38197884167937,Schematic internal layout
ATARI2600-0258,SwitchContactPins3,ATARI2600-0258 · Switch terminal layout study003,Switchboard,gold,4,4.49381946710584,6.5,9.617510050311772,7.987200759486534,Schematic internal layout
ATARI2600-0259,SwitchMetalPlate3,ATARI2600-0259 · Stamped switch cover plate003,Switchboard,metal,1,150.20265542746117,22.0,16.045398859057393,8.872037979426374,Schematic internal layout
ATARI2600-0260,SwitchCollar3,ATARI2600-0260 · Switch guide sleeve003,Switchboard,black,1,22.675623074529412,6.0,7.01295948166274,6.055152773302908,Schematic internal layout
ATARI2600-0261,SwitchInnerShaft3,ATARI2600-0261 · Switch internal moving stem003,Switchboard,metal,1,97.31397403759743,3.1999999999999886,8.545976121261312,12.173414293347449,Schematic internal layout
ATARI2600-0262,SwitchBody4,ATARI2600-0262 · Six-switch contact carrier004,Switchboard,black,1,2953.6056347389062,20.0,18.827442777917227,16.38197884167937,Schematic internal layout
ATARI2600-0263,SwitchContactPins4,ATARI2600-0263 · Switch terminal layout study004,Switchboard,gold,6,6.740729200658761,8.5,9.617510050311772,7.987200759486534,Schematic internal layout
ATARI2600-0264,SwitchMetalPlate4,ATARI2600-0264 · Stamped switch cover plate004,Switchboard,metal,1,150.20265542746117,22.0,16.045398859057393,8.872037979426374,Schematic internal layout
ATARI2600-0265,SwitchCollar4,ATARI2600-0265 · Switch guide sleeve004,Switchboard,black,1,22.675623074529426,6.0,7.01295948166274,6.055152773302908,Schematic internal layout
ATARI2600-0266,SwitchInnerShaft4,ATARI2600-0266 · Switch internal moving stem004,Switchboard,metal,1,97.31397403759743,3.1999999999999886,8.545976121261312,12.173414293347449,Schematic internal layout
ATARI2600-0267,SwitchReturnSpring4,ATARI2600-0267 · Select/reset compression return spring,Switchboard,metal,1,3.5940558707371886,4.5600244564257935,5.967183730488806,5.08573535954293,Schematic internal layout
ATARI2600-0268,SwitchBody5,ATARI2600-0268 · Six-switch contact carrier005,Switchboard,black,1,2953.605634738906,20.0,18.827442777917227,16.38197884167937,Schematic internal layout
ATARI2600-0269,SwitchContactPins5,ATARI2600-0269 · Switch terminal layout study005,Switchboard,gold,6,6.740729200658766,8.5,9.617510050311772,7.987200759486534,Schematic internal layout
ATARI2600-0270,SwitchMetalPlate5,ATARI2600-0270 · Stamped switch cover plate005,Switchboard,metal,1,150.20265542746117,22.0,16.045398859057393,8.872037979426374,Schematic internal layout
ATARI2600-0271,SwitchCollar5,ATARI2600-0271 · Switch guide sleeve005,Switchboard,black,1,22.675623074529398,6.0,7.01295948166274,6.055152773302908,Schematic internal layout
ATARI2600-0272,SwitchInnerShaft5,ATARI2600-0272 · Switch internal moving stem005,Switchboard,metal,1,97.31397403759743,3.1999999999999886,8.545976121261312,12.173414293347449,Schematic internal layout
ATARI2600-0273,SwitchReturnSpring5,ATARI2600-0273 · Select/reset compression return spring001,Switchboard,metal,1,3.594055870737189,4.560024456425808,5.967183730488806,5.08573535954293,Schematic internal layout
ATARI2600-0274,FilterCap,ATARI2600-0274 · Axial 2200 uF 16 V filter capacitor,PowerRF,metal,1,1592.4104842515947,22.0,9.599999999999994,9.599999999999994,Schematic internal layout
ATARI2600-0275,FilterCapSeals,ATARI2600-0275 · Axial capacitor end seals001,PowerRF,black,2,24.16563334623732,22.599999999999994,8.800000000000004,8.800000000000011,Schematic internal layout
ATARI2600-0276,FilterCapLeads,ATARI2600-0276 · Axial filter capacitor leads,PowerRF,metal,2,4.022906774259234,26.5,4.463629066412636,7.767829455595724,Schematic internal layout
ATARI2600-0277,FilterCapMark,ATARI2600-0277 · 2200uF / 16V,PowerRF,black,10,0.11490522497847752,14.454421240939595,1.6165927682532413,0.8798953897524484,Approximate exterior and envelope; photographic study
ATARI2600-0278,RegulatorHeatsink,ATARI2600-0278 · Finned 78M05 heat sink,PowerRF,black,1,688.2527963870839,22.0,23.952398919559784,17.7572236144239,Schematic internal layout
ATARI2600-0279,RegulatorBody,ATARI2600-0279 · 78M05 TO-220 regulator package,PowerRF,black,1,383.31327412287186,10.0,12.085325001020614,8.498644561205104,Schematic internal layout
ATARI2600-0280,RegulatorTab,ATARI2600-0280 · Regulator mounting tab,PowerRF,metal,1,34.5093584827073,10.0,5.569346899948144,3.3684293573340724,Schematic internal layout
ATARI2600-0281,RegulatorSpacer,ATARI2600-0281 · Regulator mounting spacer,PowerRF,white,1,26.43650217995807,4.800000000000011,5.032922552644351,3.769432852254795,Schematic internal layout
ATARI2600-0282,RegulatorScrew,ATARI2600-0282 · Cross-head fastener008,PowerRF,metal,1,8.082206369009695,3.5999999999999943,4.181217424743878,4.959690111112934,Schematic internal layout
ATARI2600-0283,RegulatorLead0,ATARI2600-0283 · Formed regulator lead,PowerRF,metal,2,1.2164246754699641,0.4399999999999977,3.6534705301170725,6.896734206413591,Schematic internal layout
ATARI2600-0284,RegulatorLead1,ATARI2600-0284 · Formed regulator lead001,PowerRF,metal,1,1.2022273433427932,0.4399999999999977,3.6534705301170725,6.896734206413591,Schematic internal layout
ATARI2600-0285,RegulatorLead2,ATARI2600-0285 · Formed regulator lead002,PowerRF,metal,1,1.2022273433427932,0.4399999999999977,3.6534705301170725,6.896734206413591,Schematic internal layout
ATARI2600-0286,RegulatorMark,ATARI2600-0286 · 78M05,PowerRF,white,5,0.07164458477537013,7.087802113422825,1.4678461169147532,0.7999718621675882,Approximate exterior and envelope; photographic study
ATARI2600-0287,RFCan,ATARI2600-0287 · Removable RF modulator cover001,PowerRF,metal,1,738.9717399339639,36.0,20.399902384229314,16.976252873496783,Schematic internal layout
ATARI2600-0288,RFCoilCore,ATARI2600-0288 · RF tuning coil core,PowerRF,black,1,21.237166338267013,2.5999999999999943,4.1835840027466915,4.754192254535525,Schematic internal layout
ATARI2600-0289,RFCoilWinding,ATARI2600-0289 · RF tuning copper winding,PowerRF,copper,1,4.007670495227801,4.26001393171272,5.34668451483676,4.539151204195008,Schematic internal layout
ATARI2600-0290,RFTransistor,ATARI2600-0290 · RF transistor package study,PowerRF,black,1,34.6077846719452,3.5999999999999943,4.780487565677866,4.698972101136604,Schematic internal layout
ATARI2600-0291,RFTransistorPins,ATARI2600-0291 · RF transistor lead set,PowerRF,metal,3,0.5066760631709633,2.1200000000000045,1.2758484966264625,2.0013361310436935,Schematic internal layout
ATARI2600-0292,RFDiscCap,ATARI2600-0292 · RF ceramic disc,PowerRF,pcb,1,12.566370614359162,4.0,2.7741553255171354,3.996887293636057,Schematic internal layout
ATARI2600-0293,RFDiscCapPins,ATARI2600-0293 · RF capacitor wire pair,PowerRF,metal,2,0.579058357909672,1.7199999999999989,1.9858218974697053,3.3226755159464005,Schematic internal layout
ATARI2600-0294,RFTrimmer,ATARI2600-0294 · RF adjustment trimmer,PowerRF,white,1,66.96716856894913,5.0,5.824411418028863,5.009256772616247,Schematic internal layout
ATARI2600-0295,RFTrimmerRotor,ATARI2600-0295 · Slotted RF trimmer rotor,PowerRF,metal,1,4.314640171611449,2.4000000000000057,2.576157647311561,2.0107782021188925,Schematic internal layout
ATARI2600-0296,SwitchDiscCap0,ATARI2600-0296 · Switchboard dipped ceramic capacitor,PowerRF,pcb,1,21.714688421612628,4.800000000000011,3.3289863906205497,4.796264752363271,Schematic internal layout
ATARI2600-0297,SwitchDiscCapPins0,ATARI2600-0297 · Switchboard capacitor wire pair,PowerRF,metal,2,0.755992856159843,1.7199999999999704,2.5064690580880864,4.2916577315417115,Schematic internal layout
ATARI2600-0298,SwitchDiscCap1,ATARI2600-0298 · Switchboard dipped ceramic capacitor001,PowerRF,pcb,1,21.714688421612628,4.800000000000011,3.3289863906205497,4.796264752363271,Schematic internal layout
ATARI2600-0299,SwitchDiscCapPins1,ATARI2600-0299 · Switchboard capacitor wire pair001,PowerRF,metal,2,0.7559928561598498,1.7199999999999989,2.5064690580880864,4.2916577315417115,Schematic internal layout
ATARI2600-0300,SwitchDiscCap2,ATARI2600-0300 · Switchboard dipped ceramic capacitor002,PowerRF,pcb,1,21.714688421612628,4.800000000000011,3.3289863906205497,4.796264752363271,Schematic internal layout
ATARI2600-0301,SwitchDiscCapPins2,ATARI2600-0301 · Switchboard capacitor wire pair002,PowerRF,metal,2,0.7559928561598498,1.7199999999999989,2.5064690580880864,4.2916577315417115,Schematic internal layout
ATARI2600-0302,SwitchboardPost0,ATARI2600-0302 · Inclined switchboard support boss004,Body,atariblack,1,2197.2581787378213,12.000000199999988,12.000000200000002,26.838219699915854,Schematic internal layout
ATARI2600-0303,SwitchboardScrew0,ATARI2600-0303 · Cross-head fastener009,Switchboard,metal,1,14.148801424814375,4.199999999999989,6.338747703973084,8.625256484355475,Schematic internal layout
ATARI2600-0304,SwitchboardPost1,ATARI2600-0304 · Inclined switchboard support boss001,Body,atariblack,1,2200.743963499817,12.0,12.0,26.83821949991585,Schematic internal layout
ATARI2600-0305,SwitchboardScrew1,ATARI2600-0305 · Cross-head fastener010,Switchboard,metal,1,14.148801424814375,4.199999999999989,6.338747703973084,8.625256484355475,Schematic internal layout
ATARI2600-0306,SwitchboardPost2,ATARI2600-0306 · Inclined switchboard support boss002,Body,atariblack,1,4274.127512126223,12.000000199999988,12.000000199999988,50.47136430099482,Schematic internal layout
ATARI2600-0307,SwitchboardScrew2,ATARI2600-0307 · Cross-head fastener011,Switchboard,metal,1,14.148801424814382,4.199999999999989,6.338747703973084,8.625256484355468,Schematic internal layout
ATARI2600-0308,SwitchboardPost3,ATARI2600-0308 · Inclined switchboard support boss003,Body,atariblack,1,4274.127512126197,12.000000199999988,12.000000199999988,50.47136430099482,Schematic internal layout
ATARI2600-0309,SwitchboardScrew3,ATARI2600-0309 · Cross-head fastener012,Switchboard,metal,1,14.148801424814382,4.199999999999989,6.338747703973084,8.625256484355468,Schematic internal layout
ATARI2600-0310,DeckPost0,ATARI2600-0310 · Top-deck screw boss,Body,atariblack,1,1215.0298083317734,7.399999999999977,7.400000000000006,29.6,Schematic internal layout
ATARI2600-0311,CaseScrew0,ATARI2600-0311 · Cross-head fastener013,Body,metal,1,40.44300449895829,4.600000000000023,4.599999999999994,29.330000000000005,Schematic internal layout
ATARI2600-0312,DeckPost1,ATARI2600-0312 · Top-deck screw boss001,Body,atariblack,1,1215.0298083317734,7.399999999999977,7.400000000000006,29.6,Schematic internal layout
ATARI2600-0313,CaseScrew1,ATARI2600-0313 · Cross-head fastener014,Body,metal,1,40.44300449895829,4.600000000000023,4.599999999999994,29.330000000000005,Schematic internal layout
ATARI2600-0314,DeckPost2,ATARI2600-0314 · Top-deck screw boss002,Body,atariblack,1,1215.0298083317734,7.399999999999977,7.400000000000006,29.6,Schematic internal layout
ATARI2600-0315,CaseScrew2,ATARI2600-0315 · Cross-head fastener015,Body,metal,1,40.44300449895829,4.600000000000023,4.599999999999994,29.330000000000005,Schematic internal layout
ATARI2600-0316,DeckPost3,ATARI2600-0316 · Top-deck screw boss003,Body,atariblack,1,1215.0298083317734,7.399999999999977,7.400000000000006,29.6,Schematic internal layout
ATARI2600-0317,CaseScrew3,ATARI2600-0317 · Cross-head fastener016,Body,metal,1,40.44300449895829,4.600000000000023,4.599999999999994,29.330000000000005,Schematic internal layout
ATARI2600-0318,CastCaseScrew0,ATARI2600-0318 · Cross-head fastener017,Body,metal,1,21.120953042319623,4.599999999999994,4.599999999999994,13.33,Schematic internal layout
ATARI2600-0319,CastCaseScrew1,ATARI2600-0319 · Cross-head fastener018,Body,metal,1,21.120953042319623,4.599999999999994,4.599999999999994,13.33,Schematic internal layout
ATARI2600-0320,InternalRFLead,ATARI2600-0320 · Internal RF coaxial route,Wiring,black,1,465.1065434931979,47.31227895618552,103.8000001,18.55548977378292,Schematic internal layout
ATARI2600-0321,InternalDCWire0,ATARI2600-0321 · DC input harness study,Wiring,red,1,222.7775507274359,144.00000020000002,103.37778795514627,12.641401936063247,Schematic internal layout
ATARI2600-0322,PowerJackTail0,ATARI2600-0322 · Power jack solder terminal,Ports,metal,1,0.7008264891628105,0.5200000000000005,3.299999999999997,0.5200000000000031,Schematic internal layout
ATARI2600-0323,DCBoardTerminal0,ATARI2600-0323 · Switchboard power input terminal,PowerRF,metal,1,0.5267508402274041,0.5400000000000205,1.5643080598579537,2.281644147821055,Schematic internal layout
ATARI2600-0324,InternalDCWire1,ATARI2600-0324 · DC input harness study001,Wiring,black,1,225.3851542578769,150.2000002,103.37778795514627,12.641401936063243,Schematic internal layout
ATARI2600-0325,PowerJackTail1,ATARI2600-0325 · Power jack solder terminal001,Ports,metal,1,0.7008264891628105,0.5200000000000005,3.299999999999997,0.5200000000000031,Schematic internal layout
ATARI2600-0326,DCBoardTerminal1,ATARI2600-0326 · Switchboard power input terminal001,PowerRF,metal,1,0.5267508402274041,0.5400000000000205,1.5643080598579537,2.281644147821055,Schematic internal layout
ATARI2600-0327,BottomModelLabel,ATARI2600-0327 · Non-serial study identification label,Body,white,1,134.26540172808294,60.0,28.0,0.08000000000000007,Approximate exterior and envelope; photographic study
ATARI2600-0328,BottomModelText,ATARI2600-0328 · CX2600 / CAD STUDY,Body,black,15,0.3491787840280969,31.478741710738255,2.4697987577181237,0.018000200000000355,Approximate exterior and envelope; photographic study
ATARI2600-0329,BottomVersionText,ATARI2600-0329 · 1977 HEAVY SIXER,Body,black,14,0.23453968540268366,23.913842381879185,1.9489934885906024,0.018000200000000355,Approximate exterior and envelope; photographic study
ATARI2600-0330,FujiMark,ATARI2600-0330 · Atari identification mark study,Body,metal,3,1.7705061929830557,15.199999999999989,0.04000000000000625,12.0,Approximate exterior and envelope; photographic study
ATARI2600-0331,J1Bottom,ATARI2600-0331 · CX10 lower cover002,Controller1,atariblack,1,16129.370785474826,90.0,90.0,2.0,Approximate exterior and envelope; photographic study
ATARI2600-0332,J1Frame,ATARI2600-0332 · CX10 hollow base frame002,Controller1,atariblack,1,19254.799886657245,90.0,90.0,28.000000000000004,Approximate exterior and envelope; photographic study
ATARI2600-0333,J1Top,ATARI2600-0333 · CX10 upper face001,Controller1,atariblack,1,16786.239538125952,90.0,90.0,2.200000000000003,Approximate exterior and envelope; photographic study
ATARI2600-0334,J1Foot0,ATARI2600-0334 · Joystick bottom support,Controller1,rubber,1,69.27211801165498,7.0,7.0,1.8,Approximate exterior and envelope; photographic study
ATARI2600-0335,J1Foot1,ATARI2600-0335 · Joystick bottom support001,Controller1,rubber,1,69.27211801165497,7.0,7.0,1.8,Approximate exterior and envelope; photographic study
ATARI2600-0336,J1Foot2,ATARI2600-0336 · Joystick bottom support002,Controller1,rubber,1,69.27211801165492,7.0,7.0,1.8,Approximate exterior and envelope; photographic study
ATARI2600-0337,J1Foot3,ATARI2600-0337 · Joystick bottom support003,Controller1,rubber,1,69.27211801165491,7.0,7.0,1.8,Approximate exterior and envelope; photographic study
ATARI2600-0338,J1Handle,"ATARI2600-0338 · Rigid CX10 handle, lower disc and spring posts",Controller1,black,1,21962.728670605586,52.0,52.0,89.90000000000003,Approximate exterior and envelope; photographic study
ATARI2600-0339,J1Boot,ATARI2600-0339 · Concentric flexible joystick boot,Controller1,black,1,2091.6605095695454,54.0,54.0,14.0,Approximate exterior and envelope; photographic study
ATARI2600-0340,J1Fire,ATARI2600-0340 · Long-throw red fire button and spring seat,Controller1,red,1,966.68821967737,14.399999999999991,14.399999999999977,11.799999999999997,Approximate exterior and envelope; photographic study
ATARI2600-0341,J1OrangeRing,ATARI2600-0341 · Segmented orange direction ring,Controller1,orange,32,3.368212385965926,62.699999999999996,62.700000000000045,0.03999999999999915,Approximate exterior and envelope; photographic study
ATARI2600-0342,J1HexBadge,ATARI2600-0342 · Original-style hexagonal stick-top badge,Controller1,cx10badge,1,14.98050743466341,12.400000000000006,10.738715006927066,0.15000000000000568,Approximate exterior and envelope; photographic study
ATARI2600-0343,J1BadgeText,ATARI2600-0343 · ATARI001,Controller1,white,5,0.05980893260062254,5.931531040268467,1.5973156362416034,0.01800019999998881,Approximate exterior and envelope; photographic study
ATARI2600-0344,J1Grommet,ATARI2600-0344 · Joystick cable strain relief,Controller1,rubber,1,76.44673023429061,6.199999999999989,4.5,6.200000000000001,Approximate exterior and envelope; photographic study
ATARI2600-0345,J2Bottom,ATARI2600-0345 · CX10 lower cover003,Controller2,atariblack,1,16129.370785474826,90.0,90.0,2.0,Approximate exterior and envelope; photographic study
ATARI2600-0346,J2Frame,ATARI2600-0346 · CX10 hollow base frame005,Controller2,atariblack,1,19254.799886657245,90.0,90.0,28.000000000000004,Approximate exterior and envelope; photographic study
ATARI2600-0347,J2Top,ATARI2600-0347 · CX10 upper face003,Controller2,atariblack,1,16786.239538125952,90.0,90.0,2.200000000000003,Approximate exterior and envelope; photographic study
ATARI2600-0348,J2Foot0,ATARI2600-0348 · Joystick bottom support004,Controller2,rubber,1,69.27211801165497,7.0,7.0,1.8,Approximate exterior and envelope; photographic study
ATARI2600-0349,J2Foot1,ATARI2600-0349 · Joystick bottom support005,Controller2,rubber,1,69.27211801165494,7.0,7.0,1.8,Approximate exterior and envelope; photographic study
ATARI2600-0350,J2Foot2,ATARI2600-0350 · Joystick bottom support006,Controller2,rubber,1,69.27211801165492,7.0,7.0,1.8,Approximate exterior and envelope; photographic study
ATARI2600-0351,J2Foot3,ATARI2600-0351 · Joystick bottom support007,Controller2,rubber,1,69.2721180116549,7.0,7.0,1.8,Approximate exterior and envelope; photographic study
ATARI2600-0352,J2Handle,"ATARI2600-0352 · Rigid CX10 handle, lower disc and spring posts001",Controller2,black,1,21962.72867060559,52.0,52.0,89.90000000000003,Approximate exterior and envelope; photographic study
ATARI2600-0353,J2Boot,ATARI2600-0353 · Concentric flexible joystick boot001,Controller2,black,1,2091.6605095695454,54.0,54.0,14.0,Approximate exterior and envelope; photographic study
ATARI2600-0354,J2Fire,ATARI2600-0354 · Long-throw red fire button and spring seat001,Controller2,red,1,966.6882196773697,14.400000000000006,14.399999999999977,11.799999999999997,Approximate exterior and envelope; photographic study
ATARI2600-0355,J2OrangeRing,ATARI2600-0355 · Segmented orange direction ring001,Controller2,orange,32,3.3682123859659274,62.699999999999996,62.700000000000045,0.03999999999999915,Approximate exterior and envelope; photographic study
ATARI2600-0356,J2HexBadge,ATARI2600-0356 · Original-style hexagonal stick-top badge001,Controller2,cx10badge,1,14.98050743466341,12.400000000000006,10.738715006927066,0.15000000000000568,Approximate exterior and envelope; photographic study
ATARI2600-0357,J2BadgeText,ATARI2600-0357 · ATARI002,Controller2,white,5,0.05980893260062254,5.931531040268467,1.5973156362416034,0.01800019999998881,Approximate exterior and envelope; photographic study
ATARI2600-0358,J2Grommet,ATARI2600-0358 · Joystick cable strain relief001,Controller2,rubber,1,76.44673023429061,6.199999999999989,4.5,6.200000000000001,Approximate exterior and envelope; photographic study
ATARI2600-0359,J1PCB,ATARI2600-0359 · CX10 five-contact circuit board study004,Controller1,pcb,1,8017.621752520714,72.0,70.0,1.5999999999999996,Schematic internal layout
ATARI2600-0360,J1Spring0,ATARI2600-0360 · CX10 directional return spring,Controller1,metal,1,20.10659487942123,6.959997381652471,6.960000143187699,14.55170362559134,Schematic internal layout
ATARI2600-0361,J1ContactPads0,ATARI2600-0361 · Separated fixed switch contacts,Controller1,gold,2,0.7165663706143639,4.0,4.0,0.05000000000000071,Schematic internal layout
ATARI2600-0362,J1ContactLeaf0,ATARI2600-0362 · Raised spring contact leaf,Controller1,metal,1,2.0160000000000036,7.0,2.4000000000000057,0.33999999999999986,Schematic internal layout
ATARI2600-0363,J1Spring1,ATARI2600-0363 · CX10 directional return spring001,Controller1,metal,1,20.106594879421234,6.959997381652471,6.960000143187699,14.55170362559134,Schematic internal layout
ATARI2600-0364,J1ContactPads1,ATARI2600-0364 · Separated fixed switch contacts001,Controller1,gold,2,0.7165663706143639,4.0,4.0,0.05000000000000071,Schematic internal layout
ATARI2600-0365,J1ContactLeaf1,ATARI2600-0365 · Raised spring contact leaf001,Controller1,metal,1,2.0160000000000036,7.0,2.4000000000000057,0.33999999999999986,Schematic internal layout
ATARI2600-0366,J1Spring2,ATARI2600-0366 · CX10 directional return spring002,Controller1,metal,1,20.106594879421234,6.959997381652471,6.960000143187699,14.55170362559134,Schematic internal layout
ATARI2600-0367,J1ContactPads2,ATARI2600-0367 · Separated fixed switch contacts002,Controller1,gold,2,0.7165663706143639,4.0,4.0,0.05000000000000071,Schematic internal layout
ATARI2600-0368,J1ContactLeaf2,ATARI2600-0368 · Raised spring contact leaf002,Controller1,metal,1,2.0160000000000036,7.0,2.4000000000000057,0.33999999999999986,Schematic internal layout
ATARI2600-0369,J1Spring3,ATARI2600-0369 · CX10 directional return spring003,Controller1,metal,1,20.106594879421234,6.959997381652471,6.960000143187699,14.55170362559134,Schematic internal layout
ATARI2600-0370,J1ContactPads3,ATARI2600-0370 · Separated fixed switch contacts003,Controller1,gold,2,0.716566370614364,4.0,4.0,0.05000000000000071,Schematic internal layout
ATARI2600-0371,J1ContactLeaf3,ATARI2600-0371 · Raised spring contact leaf003,Controller1,metal,1,2.0160000000000036,7.0,2.4000000000000057,0.33999999999999986,Schematic internal layout
ATARI2600-0372,J1Spring4,ATARI2600-0372 · CX10 fire-button return spring,Controller1,metal,1,20.106594879421234,6.959997381652528,6.960000143187699,14.55170362559134,Schematic internal layout
ATARI2600-0373,J1ContactPads4,ATARI2600-0373 · Separated fixed switch contacts004,Controller1,gold,2,0.716566370614364,4.0,4.0,0.05000000000000071,Schematic internal layout
ATARI2600-0374,J1ContactLeaf4,ATARI2600-0374 · Raised spring contact leaf004,Controller1,metal,1,2.0159999999999956,7.0,2.4000000000000057,0.33999999999999986,Schematic internal layout
ATARI2600-0375,J1ActuatorPlate,ATARI2600-0375 · CX10 five-finger actuator plate and spring cups,Controller1,actuator,1,4008.958361614821,72.0,66.0,4.729999999999999,Schematic internal layout
ATARI2600-0376,J1PCBSpacer0,ATARI2600-0376 · Joystick PCB spacer,Controller1,actuator,1,31.36566105344051,4.399999999999977,4.399999999999977,2.5999999999999996,Schematic internal layout
ATARI2600-0377,J1PCBScrew0,ATARI2600-0377 · Cross-head fastener019,Controller1,metal,1,7.834924090548934,3.3999999999999773,3.3999999999999773,4.43,Schematic internal layout
ATARI2600-0378,J1PCBSpacer1,ATARI2600-0378 · Joystick PCB spacer001,Controller1,actuator,1,31.36566105344052,4.400000000000006,4.399999999999977,2.5999999999999996,Schematic internal layout
ATARI2600-0379,J1PCBScrew1,ATARI2600-0379 · Cross-head fastener020,Controller1,metal,1,7.834924090548925,3.4000000000000057,3.3999999999999773,4.43,Schematic internal layout
ATARI2600-0380,J1PCBSpacer2,ATARI2600-0380 · Joystick PCB spacer002,Controller1,actuator,1,31.36566105344054,4.399999999999977,4.399999999999977,2.5999999999999996,Schematic internal layout
ATARI2600-0381,J1PCBScrew2,ATARI2600-0381 · Cross-head fastener021,Controller1,metal,1,7.834924090548934,3.3999999999999773,3.3999999999999773,4.43,Schematic internal layout
ATARI2600-0382,J1PCBSpacer3,ATARI2600-0382 · Joystick PCB spacer003,Controller1,actuator,1,31.365661053440554,4.400000000000006,4.399999999999977,2.5999999999999996,Schematic internal layout
ATARI2600-0383,J1PCBScrew3,ATARI2600-0383 · Cross-head fastener022,Controller1,metal,1,7.834924090548925,3.4000000000000057,3.3999999999999773,4.43,Schematic internal layout
ATARI2600-0384,J1CasePost0,ATARI2600-0384 · Joystick case screw boss,Controller1,atariblack,1,452.2338332805772,4.800000000000011,4.7999999999999545,28.049999999999997,Schematic internal layout
ATARI2600-0385,J1CaseScrew0,ATARI2600-0385 · Cross-head fastener023,Controller1,metal,1,29.45146915766347,3.3999999999999773,3.3999999999999773,22.33,Schematic internal layout
ATARI2600-0386,J1CasePost1,ATARI2600-0386 · Joystick case screw boss001,Controller1,atariblack,1,452.233833280578,4.799999999999997,4.7999999999999545,28.049999999999997,Schematic internal layout
ATARI2600-0387,J1CaseScrew1,ATARI2600-0387 · Cross-head fastener024,Controller1,metal,1,29.451469157663464,3.4000000000000057,3.3999999999999773,22.33,Schematic internal layout
ATARI2600-0388,J1CasePost2,ATARI2600-0388 · Joystick case screw boss002,Controller1,atariblack,1,452.23383328057656,4.800000000000011,4.800000000000011,28.049999999999997,Schematic internal layout
ATARI2600-0389,J1CaseScrew2,ATARI2600-0389 · Cross-head fastener025,Controller1,metal,1,29.451469157663386,3.3999999999999773,3.3999999999999773,22.33,Schematic internal layout
ATARI2600-0390,J1CasePost3,ATARI2600-0390 · Joystick case screw boss003,Controller1,atariblack,1,452.2338332805773,4.799999999999997,4.800000000000011,28.049999999999997,Schematic internal layout
ATARI2600-0391,J1CaseScrew3,ATARI2600-0391 · Cross-head fastener026,Controller1,metal,1,29.45146915766338,3.4000000000000057,3.3999999999999773,22.33,Schematic internal layout
ATARI2600-0392,J2PCB,ATARI2600-0392 · CX10 five-contact circuit board study005,Controller2,pcb,1,8017.621752520715,72.0,70.0,1.5999999999999996,Schematic internal layout
ATARI2600-0393,J2Spring0,ATARI2600-0393 · CX10 directional return spring004,Controller2,metal,1,20.106594879421234,6.959997381652471,6.960000143187699,14.55170362559134,Schematic internal layout
ATARI2600-0394,J2ContactPads0,ATARI2600-0394 · Separated fixed switch contacts005,Controller2,gold,2,0.716566370614364,4.0,4.0,0.05000000000000071,Schematic internal layout
ATARI2600-0395,J2ContactLeaf0,ATARI2600-0395 · Raised spring contact leaf005,Controller2,metal,1,2.0160000000000036,7.0,2.4000000000000057,0.33999999999999986,Schematic internal layout
ATARI2600-0396,J2Spring1,ATARI2600-0396 · CX10 directional return spring005,Controller2,metal,1,20.106594879421237,6.959997381652471,6.960000143187699,14.55170362559134,Schematic internal layout
ATARI2600-0397,J2ContactPads1,ATARI2600-0397 · Separated fixed switch contacts006,Controller2,gold,2,0.716566370614364,4.0,4.0,0.05000000000000071,Schematic internal layout
ATARI2600-0398,J2ContactLeaf1,ATARI2600-0398 · Raised spring contact leaf006,Controller2,metal,1,2.0160000000000036,7.0,2.4000000000000057,0.33999999999999986,Schematic internal layout
ATARI2600-0399,J2Spring2,ATARI2600-0399 · CX10 directional return spring006,Controller2,metal,1,20.106594879421234,6.959997381652471,6.960000143187699,14.55170362559134,Schematic internal layout
ATARI2600-0400,J2ContactPads2,ATARI2600-0400 · Separated fixed switch contacts007,Controller2,gold,2,0.7165663706143638,4.0,4.0,0.05000000000000071,Schematic internal layout
ATARI2600-0401,J2ContactLeaf2,ATARI2600-0401 · Raised spring contact leaf007,Controller2,metal,1,2.0160000000000036,7.0,2.4000000000000057,0.33999999999999986,Schematic internal layout
ATARI2600-0402,J2Spring3,ATARI2600-0402 · CX10 directional return spring007,Controller2,metal,1,20.106594879421237,6.959997381652471,6.960000143187699,14.55170362559134,Schematic internal layout
ATARI2600-0403,J2ContactPads3,ATARI2600-0403 · Separated fixed switch contacts008,Controller2,gold,2,0.7165663706143639,4.0,4.0,0.05000000000000071,Schematic internal layout
ATARI2600-0404,J2ContactLeaf3,ATARI2600-0404 · Raised spring contact leaf008,Controller2,metal,1,2.0160000000000036,7.0,2.4000000000000057,0.33999999999999986,Schematic internal layout
ATARI2600-0405,J2Spring4,ATARI2600-0405 · CX10 fire-button return spring001,Controller2,metal,1,20.106594879421234,6.959997381652485,6.960000143187699,14.55170362559134,Schematic internal layout
ATARI2600-0406,J2ContactPads4,ATARI2600-0406 · Separated fixed switch contacts009,Controller2,gold,2,0.7165663706143627,4.000000000000007,4.0,0.05000000000000071,Schematic internal layout
ATARI2600-0407,J2ContactLeaf4,ATARI2600-0407 · Raised spring contact leaf009,Controller2,metal,1,2.0159999999999956,7.0,2.4000000000000057,0.33999999999999986,Schematic internal layout
ATARI2600-0408,J2ActuatorPlate,ATARI2600-0408 · CX10 five-finger actuator plate and spring cups001,Controller2,actuator,1,4008.958361614821,72.0,66.0,4.729999999999999,Schematic internal layout
ATARI2600-0409,J2PCBSpacer0,ATARI2600-0409 · Joystick PCB spacer004,Controller2,actuator,1,31.365661053440526,4.400000000000006,4.399999999999977,2.5999999999999996,Schematic internal layout
ATARI2600-0410,J2PCBScrew0,ATARI2600-0410 · Cross-head fastener027,Controller2,metal,1,7.834924090548928,3.4000000000000057,3.3999999999999773,4.43,Schematic internal layout
ATARI2600-0411,J2PCBSpacer1,ATARI2600-0411 · Joystick PCB spacer005,Controller2,actuator,1,31.36566105344052,4.400000000000006,4.399999999999977,2.5999999999999996,Schematic internal layout
ATARI2600-0412,J2PCBScrew1,ATARI2600-0412 · Cross-head fastener028,Controller2,metal,1,7.834924090548924,3.4000000000000057,3.3999999999999773,4.43,Schematic internal layout
ATARI2600-0413,J2PCBSpacer2,ATARI2600-0413 · Joystick PCB spacer006,Controller2,actuator,1,31.36566105344056,4.400000000000006,4.399999999999977,2.5999999999999996,Schematic internal layout
ATARI2600-0414,J2PCBScrew2,ATARI2600-0414 · Cross-head fastener029,Controller2,metal,1,7.834924090548928,3.4000000000000057,3.3999999999999773,4.43,Schematic internal layout
ATARI2600-0415,J2PCBSpacer3,ATARI2600-0415 · Joystick PCB spacer007,Controller2,actuator,1,31.365661053440554,4.400000000000006,4.399999999999977,2.5999999999999996,Schematic internal layout
ATARI2600-0416,J2PCBScrew3,ATARI2600-0416 · Cross-head fastener030,Controller2,metal,1,7.834924090548924,3.4000000000000057,3.3999999999999773,4.43,Schematic internal layout
ATARI2600-0417,J2CasePost0,ATARI2600-0417 · Joystick case screw boss004,Controller2,atariblack,1,452.233833280578,4.799999999999997,4.7999999999999545,28.049999999999997,Schematic internal layout
ATARI2600-0418,J2CaseScrew0,ATARI2600-0418 · Cross-head fastener031,Controller2,metal,1,29.451469157663464,3.4000000000000057,3.3999999999999773,22.33,Schematic internal layout
ATARI2600-0419,J2CasePost1,ATARI2600-0419 · Joystick case screw boss005,Controller2,atariblack,1,452.2338332805772,4.800000000000011,4.7999999999999545,28.049999999999997,Schematic internal layout
ATARI2600-0420,J2CaseScrew1,ATARI2600-0420 · Cross-head fastener032,Controller2,metal,1,29.45146915766347,3.3999999999999773,3.3999999999999773,22.33,Schematic internal layout
ATARI2600-0421,J2CasePost2,ATARI2600-0421 · Joystick case screw boss006,Controller2,atariblack,1,452.2338332805773,4.799999999999997,4.800000000000011,28.049999999999997,Schematic internal layout
ATARI2600-0422,J2CaseScrew2,ATARI2600-0422 · Cross-head fastener033,Controller2,metal,1,29.45146915766338,3.4000000000000057,3.3999999999999773,22.33,Schematic internal layout
ATARI2600-0423,J2CasePost3,ATARI2600-0423 · Joystick case screw boss007,Controller2,atariblack,1,452.23383328057656,4.800000000000011,4.800000000000011,28.049999999999997,Schematic internal layout
ATARI2600-0424,J2CaseScrew3,ATARI2600-0424 · Cross-head fastener034,Controller2,metal,1,29.451469157663386,3.3999999999999773,3.3999999999999773,22.33,Schematic internal layout
ATARI2600-0425,J1SignalWire0,ATARI2600-0425 · CX10 six-wire harness conductor,Controller1,red,1,3.5849079917050988,9.340000199999992,10.620000099999999,9.520000100000003,Schematic internal layout
ATARI2600-0426,J1HarnessPin0,ATARI2600-0426 · Joystick PCB solder terminal,Controller1,metal,1,0.3193114773108696,0.4399999999999977,0.4399999999999977,2.0999999999999996,Schematic internal layout
ATARI2600-0427,J1SignalWire1,ATARI2600-0427 · CX10 six-wire harness conductor001,Controller1,black,1,3.240789509493059,6.4400002,10.620000099999999,9.520000100000003,Schematic internal layout
ATARI2600-0428,J1HarnessPin1,ATARI2600-0428 · Joystick PCB solder terminal001,Controller1,metal,1,0.3193114773108696,0.4399999999999977,0.4399999999999977,2.0999999999999996,Schematic internal layout
ATARI2600-0429,J1SignalWire2,ATARI2600-0429 · CX10 six-wire harness conductor002,Controller1,white,1,2.974691333456896,3.54000019999998,10.620000099999999,9.520000100000003,Schematic internal layout
ATARI2600-0430,J1HarnessPin2,ATARI2600-0430 · Joystick PCB solder terminal002,Controller1,metal,1,0.3193114773108696,0.4399999999999977,0.4399999999999977,2.0999999999999996,Schematic internal layout
ATARI2600-0431,J1SignalWire3,ATARI2600-0431 · CX10 six-wire harness conductor003,Controller1,blue,1,3.1807719461986013,3.54000019999998,10.620000099999999,10.620000099999997,Schematic internal layout
ATARI2600-0432,J1HarnessPin3,ATARI2600-0432 · Joystick PCB solder terminal003,Controller1,metal,1,0.3193114773108696,0.4399999999999977,0.4399999999999977,2.0999999999999996,Schematic internal layout
ATARI2600-0433,J1SignalWire4,ATARI2600-0433 · CX10 six-wire harness conductor004,Controller1,wiregreen,1,3.500658201652441,6.440000199999986,10.620000099999999,10.620000099999997,Schematic internal layout
ATARI2600-0434,J1HarnessPin4,ATARI2600-0434 · Joystick PCB solder terminal004,Controller1,metal,1,0.3193114773108696,0.4399999999999977,0.4399999999999977,2.0999999999999996,Schematic internal layout
ATARI2600-0435,J1SignalWire5,ATARI2600-0435 · CX10 six-wire harness conductor005,Controller1,wireyellow,1,3.8834224026951865,9.340000199999992,10.620000099999999,10.620000099999997,Schematic internal layout
ATARI2600-0436,J1HarnessPin5,ATARI2600-0436 · Joystick PCB solder terminal005,Controller1,metal,1,0.3193114773108696,0.4399999999999977,0.4399999999999977,2.0999999999999996,Schematic internal layout
ATARI2600-0437,J1Cable,ATARI2600-0437 · Stored joystick lead segment,Controller1,black,1,598.3119176180974,66.65000009999999,22.050000100000005,7.100000199999998,Approximate exterior and envelope; photographic study
ATARI2600-0438,J1PlugStrainRelief,ATARI2600-0438 · Ribbed connector strain relief,Controller1,rubber,1,153.27830556864603,7.0,6.800000000000011,6.799999999999999,Approximate exterior and envelope; photographic study
ATARI2600-0439,J1PlugBody,ATARI2600-0439 · Original-style moulded joystick plug,Controller1,black,1,9629.710053365932,16.0,34.0,18.0,Approximate exterior and envelope; photographic study
ATARI2600-0440,J1PlugContact1,ATARI2600-0440 · Used DE-9 female joystick contact,Controller1,metal,1,4.985330550128584,5.700000000000003,1.3999999999999773,1.3999999999999986,Schematic internal layout
ATARI2600-0441,J1PlugContact2,ATARI2600-0441 · Used DE-9 female joystick contact001,Controller1,metal,1,4.985330550128584,5.700000000000003,1.3999999999999773,1.3999999999999986,Schematic internal layout
ATARI2600-0442,J1PlugContact3,ATARI2600-0442 · Used DE-9 female joystick contact002,Controller1,metal,1,4.985330550128539,5.700000000000003,1.3999999999999773,1.3999999999999986,Schematic internal layout
ATARI2600-0443,J1PlugContact4,ATARI2600-0443 · Used DE-9 female joystick contact003,Controller1,metal,1,4.985330550128569,5.700000000000003,1.3999999999999773,1.3999999999999986,Schematic internal layout
ATARI2600-0444,J1PlugContact6,ATARI2600-0444 · Used DE-9 female joystick contact004,Controller1,metal,1,4.985330550128586,5.700000000000003,1.3999999999999773,1.3999999999999986,Schematic internal layout
ATARI2600-0445,J1PlugContact8,ATARI2600-0445 · Used DE-9 female joystick contact005,Controller1,metal,1,4.985330550128572,5.700000000000003,1.3999999999999773,1.3999999999999986,Schematic internal layout
ATARI2600-0446,J1PlugNose,ATARI2600-0446 · Nine-position female connector insulator,Controller1,black,1,1596.6265578919374,6.0,26.0,11.600000000000001,Approximate exterior and envelope; photographic study
ATARI2600-0447,J1PlugMark,ATARI2600-0447 · CX10,Controller1,white,4,0.06705388749380743,6.526510267114098,1.9489934885905882,0.01800020000000302,Approximate exterior and envelope; photographic study
ATARI2600-0448,J2SignalWire0,ATARI2600-0448 · CX10 six-wire harness conductor006,Controller2,red,1,3.5849079917050988,9.340000199999992,10.620000099999999,9.520000100000003,Schematic internal layout
ATARI2600-0449,J2HarnessPin0,ATARI2600-0449 · Joystick PCB solder terminal006,Controller2,metal,1,0.3193114773108696,0.4399999999999977,0.4399999999999977,2.0999999999999996,Schematic internal layout
ATARI2600-0450,J2SignalWire1,ATARI2600-0450 · CX10 six-wire harness conductor007,Controller2,black,1,3.2407895094930588,6.4400002,10.620000099999999,9.520000100000003,Schematic internal layout
ATARI2600-0451,J2HarnessPin1,ATARI2600-0451 · Joystick PCB solder terminal007,Controller2,metal,1,0.3193114773108696,0.4399999999999977,0.4399999999999977,2.0999999999999996,Schematic internal layout
ATARI2600-0452,J2SignalWire2,ATARI2600-0452 · CX10 six-wire harness conductor008,Controller2,white,1,2.974691333456896,3.54000019999998,10.620000099999999,9.520000100000003,Schematic internal layout
ATARI2600-0453,J2HarnessPin2,ATARI2600-0453 · Joystick PCB solder terminal008,Controller2,metal,1,0.3193114773108696,0.4399999999999977,0.4399999999999977,2.0999999999999996,Schematic internal layout
ATARI2600-0454,J2SignalWire3,ATARI2600-0454 · CX10 six-wire harness conductor009,Controller2,blue,1,3.1807719461986013,3.54000019999998,10.620000099999999,10.620000099999997,Schematic internal layout
ATARI2600-0455,J2HarnessPin3,ATARI2600-0455 · Joystick PCB solder terminal009,Controller2,metal,1,0.3193114773108696,0.4399999999999977,0.4399999999999977,2.0999999999999996,Schematic internal layout
ATARI2600-0456,J2SignalWire4,ATARI2600-0456 · CX10 six-wire harness conductor010,Controller2,wiregreen,1,3.50065820165244,6.440000199999986,10.620000099999999,10.620000099999997,Schematic internal layout
ATARI2600-0457,J2HarnessPin4,ATARI2600-0457 · Joystick PCB solder terminal010,Controller2,metal,1,0.3193114773108696,0.4399999999999977,0.4399999999999977,2.0999999999999996,Schematic internal layout
ATARI2600-0458,J2SignalWire5,ATARI2600-0458 · CX10 six-wire harness conductor011,Controller2,wireyellow,1,3.8834224026951865,9.340000199999992,10.620000099999999,10.620000099999997,Schematic internal layout
ATARI2600-0459,J2HarnessPin5,ATARI2600-0459 · Joystick PCB solder terminal011,Controller2,metal,1,0.3193114773108696,0.4399999999999977,0.4399999999999977,2.0999999999999996,Schematic internal layout
ATARI2600-0460,J2Cable,ATARI2600-0460 · Stored joystick lead segment001,Controller2,black,1,598.3119176180974,66.65000010000001,22.050000100000005,7.100000199999998,Approximate exterior and envelope; photographic study
ATARI2600-0461,J2PlugStrainRelief,ATARI2600-0461 · Ribbed connector strain relief001,Controller2,rubber,1,153.27830556864606,7.0,6.800000000000011,6.799999999999999,Approximate exterior and envelope; photographic study
ATARI2600-0462,J2PlugBody,ATARI2600-0462 · Original-style moulded joystick plug001,Controller2,black,1,9629.710053365932,16.0,34.0,18.0,Approximate exterior and envelope; photographic study
ATARI2600-0463,J2PlugContact1,ATARI2600-0463 · Used DE-9 female joystick contact006,Controller2,metal,1,4.985330550128587,5.700000000000017,1.3999999999999773,1.3999999999999986,Schematic internal layout
ATARI2600-0464,J2PlugContact2,ATARI2600-0464 · Used DE-9 female joystick contact007,Controller2,metal,1,4.985330550128587,5.700000000000017,1.3999999999999773,1.3999999999999986,Schematic internal layout
ATARI2600-0465,J2PlugContact3,ATARI2600-0465 · Used DE-9 female joystick contact008,Controller2,metal,1,4.985330550128544,5.700000000000017,1.3999999999999773,1.3999999999999986,Schematic internal layout
ATARI2600-0466,J2PlugContact4,ATARI2600-0466 · Used DE-9 female joystick contact009,Controller2,metal,1,4.985330550128573,5.700000000000017,1.3999999999999773,1.3999999999999986,Schematic internal layout
ATARI2600-0467,J2PlugContact6,ATARI2600-0467 · Used DE-9 female joystick contact010,Controller2,metal,1,4.985330550128591,5.700000000000017,1.3999999999999773,1.3999999999999986,Schematic internal layout
ATARI2600-0468,J2PlugContact8,ATARI2600-0468 · Used DE-9 female joystick contact011,Controller2,metal,1,4.985330550128577,5.700000000000017,1.3999999999999773,1.3999999999999986,Schematic internal layout
ATARI2600-0469,J2PlugNose,ATARI2600-0469 · Nine-position female connector insulator001,Controller2,black,1,1596.6265578919376,6.0,26.0,11.600000000000001,Approximate exterior and envelope; photographic study
ATARI2600-0470,J2PlugMark,ATARI2600-0470 · CX001,Controller2,white,4,0.0670538874938074,6.526510267114077,1.9489934885905882,0.01800020000000302,Approximate exterior and envelope; photographic study
ATARI2600-0471,CartBack,ATARI2600-0471 · Blank study cartridge rear cover001,Accessories,atariblack,1,12840.440069123311,82.0,98.0,1.6,Approximate exterior and envelope; photographic study
ATARI2600-0472,CartFront,ATARI2600-0472 · Blank study cartridge front shell002,Accessories,atariblack,1,24321.480638193683,82.0,98.0,18.2,Approximate exterior and envelope; photographic study
ATARI2600-0473,CartPCB,ATARI2600-0473 · Generic ROM cartridge PCB and edge tab006,Accessories,pcb,1,8730.26904619696,60.0,94.05000000000001,1.5999999999999996,Schematic internal layout
ATARI2600-0474,CartContactFront0,ATARI2600-0474 · Cartridge edge contact,Accessories,gold,1,1.007505557368455,2.7999999999999545,9.0,0.03999999999999915,Schematic internal layout
ATARI2600-0475,CartContactFront1,ATARI2600-0475 · Cartridge edge contact001,Accessories,gold,1,1.007505557368455,2.7999999999999545,9.0,0.03999999999999915,Schematic internal layout
ATARI2600-0476,CartContactFront2,ATARI2600-0476 · Cartridge edge contact002,Accessories,gold,1,1.007505557368455,2.7999999999999545,9.0,0.03999999999999915,Schematic internal layout
ATARI2600-0477,CartContactFront3,ATARI2600-0477 · Cartridge edge contact003,Accessories,gold,1,1.007505557368455,2.7999999999999545,9.0,0.03999999999999915,Schematic internal layout
ATARI2600-0478,CartContactFront4,ATARI2600-0478 · Cartridge edge contact004,Accessories,gold,1,1.007505557368455,2.7999999999999545,9.0,0.03999999999999915,Schematic internal layout
ATARI2600-0479,CartContactFront5,ATARI2600-0479 · Cartridge edge contact005,Accessories,gold,1,1.007505557368455,2.7999999999999545,9.0,0.03999999999999915,Schematic internal layout
ATARI2600-0480,CartContactFront6,ATARI2600-0480 · Cartridge edge contact006,Accessories,gold,1,1.007505557368455,2.7999999999999545,9.0,0.03999999999999915,Schematic internal layout
ATARI2600-0481,CartContactFront7,ATARI2600-0481 · Cartridge edge contact007,Accessories,gold,1,1.0075055573684617,2.8000000000000114,9.0,0.03999999999999915,Schematic internal layout
ATARI2600-0482,CartContactFront8,ATARI2600-0482 · Cartridge edge contact008,Accessories,gold,1,1.0075055573684617,2.8000000000000114,9.0,0.03999999999999915,Schematic internal layout
ATARI2600-0483,CartContactFront9,ATARI2600-0483 · Cartridge edge contact009,Accessories,gold,1,1.0075055573684617,2.8000000000000114,9.0,0.03999999999999915,Schematic internal layout
ATARI2600-0484,CartContactFront10,ATARI2600-0484 · Cartridge edge contact010,Accessories,gold,1,1.0075055573684617,2.8000000000000114,9.0,0.03999999999999915,Schematic internal layout
ATARI2600-0485,CartContactFront11,ATARI2600-0485 · Cartridge edge contact011,Accessories,gold,1,1.0075055573684617,2.8000000000000114,9.0,0.03999999999999915,Schematic internal layout
ATARI2600-0486,CartContactBack0,ATARI2600-0486 · Cartridge edge contact012,Accessories,gold,1,1.007505557368455,2.7999999999999545,9.0,0.03999999999999915,Schematic internal layout
ATARI2600-0487,CartContactBack1,ATARI2600-0487 · Cartridge edge contact013,Accessories,gold,1,1.007505557368455,2.7999999999999545,9.0,0.03999999999999915,Schematic internal layout
ATARI2600-0488,CartContactBack2,ATARI2600-0488 · Cartridge edge contact014,Accessories,gold,1,1.007505557368455,2.7999999999999545,9.0,0.03999999999999915,Schematic internal layout
ATARI2600-0489,CartContactBack3,ATARI2600-0489 · Cartridge edge contact015,Accessories,gold,1,1.007505557368455,2.7999999999999545,9.0,0.03999999999999915,Schematic internal layout
ATARI2600-0490,CartContactBack4,ATARI2600-0490 · Cartridge edge contact016,Accessories,gold,1,1.007505557368455,2.7999999999999545,9.0,0.03999999999999915,Schematic internal layout
ATARI2600-0491,CartContactBack5,ATARI2600-0491 · Cartridge edge contact017,Accessories,gold,1,1.007505557368455,2.7999999999999545,9.0,0.03999999999999915,Schematic internal layout
ATARI2600-0492,CartContactBack6,ATARI2600-0492 · Cartridge edge contact018,Accessories,gold,1,1.007505557368455,2.7999999999999545,9.0,0.03999999999999915,Schematic internal layout
ATARI2600-0493,CartContactBack7,ATARI2600-0493 · Cartridge edge contact019,Accessories,gold,1,1.0075055573684617,2.8000000000000114,9.0,0.03999999999999915,Schematic internal layout
ATARI2600-0494,CartContactBack8,ATARI2600-0494 · Cartridge edge contact020,Accessories,gold,1,1.0075055573684617,2.8000000000000114,9.0,0.03999999999999915,Schematic internal layout
ATARI2600-0495,CartContactBack9,ATARI2600-0495 · Cartridge edge contact021,Accessories,gold,1,1.0075055573684617,2.8000000000000114,9.0,0.03999999999999915,Schematic internal layout
ATARI2600-0496,CartContactBack10,ATARI2600-0496 · Cartridge edge contact022,Accessories,gold,1,1.0075055573684617,2.8000000000000114,9.0,0.03999999999999915,Schematic internal layout
ATARI2600-0497,CartContactBack11,ATARI2600-0497 · Cartridge edge contact023,Accessories,gold,1,1.0075055573684617,2.8000000000000114,9.0,0.03999999999999915,Schematic internal layout
ATARI2600-0498,CartROM,ATARI2600-0498 · ROM PACKAGE,Accessories,black,1,904.3898958902527,29.0,8.0,3.9000000000000004,Schematic internal layout
ATARI2600-0499,CartROMPins,ATARI2600-0499 · Through-hole DIP leadframe study004,Accessories,metal,24,17.09324345842416,27.379999999999995,11.450000000000045,4.140000000000001,Schematic internal layout
ATARI2600-0500,CartROMMark,ATARI2600-0500 · ROM PACKAGE001,Accessories,white,10,0.24857789762827712,20.177802113422814,2.143892817449654,0.018000199999999467,Approximate exterior and envelope; photographic study
ATARI2600-0501,CartCap0,ATARI2600-0501 · Radial electrolytic capacitor001,Accessories,black,1,49.96992142058702,4.0,4.0,4.0,Schematic internal layout
ATARI2600-0502,CartCap0Top,ATARI2600-0502 · Capacitor aluminum vent face,Accessories,metal,1,1.2902521028293228,3.7000000000000455,3.6999999999999886,0.11999999999999922,Schematic internal layout
ATARI2600-0503,CartCap0Leads,ATARI2600-0503 · Radial component leads,Accessories,metal,2,0.7037167544041164,2.0,0.39999999999997726,2.799999999999999,Schematic internal layout
ATARI2600-0504,CartCap1,ATARI2600-0504 · Radial electrolytic capacitor003,Accessories,black,1,49.969921420586985,4.0,4.0,4.0,Schematic internal layout
ATARI2600-0505,CartCap1Top,ATARI2600-0505 · Capacitor aluminum vent face001,Accessories,metal,1,1.2902521028293246,3.6999999999999886,3.6999999999999886,0.11999999999999922,Schematic internal layout
ATARI2600-0506,CartCap1Leads,ATARI2600-0506 · Radial component leads001,Accessories,metal,2,0.703716754404114,2.0,0.39999999999997726,2.799999999999999,Schematic internal layout
ATARI2600-0507,CartResistor0,ATARI2600-0507 · Axial resistor body study015,Accessories,fcresistor,1,5.233893360880581,3.3999999999999773,1.3999999999999773,1.3999999999999986,Schematic internal layout
ATARI2600-0508,CartResistor0Leads,ATARI2600-0508 · Formed axial component leads015,Accessories,metal,2,1.0312189782659245,7.740000000000009,0.339999999999975,3.9700000000000006,Schematic internal layout
ATARI2600-0509,CartResistor0Bands,ATARI2600-0509 · Resistor band geometry study015,Accessories,black,3,0.06715154297048737,1.5,1.4499999999999886,1.4499999999999993,Schematic internal layout
ATARI2600-0510,CartResistor1,ATARI2600-0510 · Axial resistor body study016,Accessories,fcresistor,1,5.233893360880581,3.4000000000000057,1.3999999999999915,1.3999999999999986,Schematic internal layout
ATARI2600-0511,CartResistor1Leads,ATARI2600-0511 · Formed axial component leads016,Accessories,metal,2,1.0312190221688622,7.739999999999981,0.3399999999999892,3.9700000000000006,Schematic internal layout
ATARI2600-0512,CartResistor1Bands,ATARI2600-0512 · Resistor band geometry study016,Accessories,black,3,0.06715154297048559,1.5000000000000284,1.4499999999999886,1.4499999999999993,Schematic internal layout
ATARI2600-0513,CartCasePost,ATARI2600-0513 · Cartridge central fixing boss,Accessories,atariblack,1,432.56078738471626,6.0,6.0,16.25,Schematic internal layout
ATARI2600-0514,CartScrew,ATARI2600-0514 · Cross-head fastener035,Accessories,metal,1,14.959930565184484,3.3999999999999773,3.3999999999999915,10.33,Schematic internal layout
ATARI2600-0515,CartPCBSupport0,ATARI2600-0515 · Cartridge PCB support,Accessories,atariblack,1,127.57379447697402,4.7999999999999545,4.800000000000011,7.050000000000001,Schematic internal layout
ATARI2600-0516,CartPCBSupport1,ATARI2600-0516 · Cartridge PCB support001,Accessories,atariblack,1,127.57379447697411,4.800000000000011,4.800000000000011,7.050000000000001,Schematic internal layout
ATARI2600-0517,CartLabel,ATARI2600-0517 · Original study label without game artwork,Accessories,black,1,420.20530964914576,72.0,73.0,0.0799999999999983,Approximate exterior and envelope; photographic study
ATARI2600-0518,CartLabelBorder,ATARI2600-0518 · Orange cartridge label border,Accessories,orange,1,4.99571680263146,70.0,71.0,0.030000000000001137,Approximate exterior and envelope; photographic study
ATARI2600-0519,CartTitleText,ATARI2600-0519 · VCS STUDY,Accessories,orange,8,1.255310454589614,43.5606543624161,5.846980065771788,0.01800020000000302,Approximate exterior and envelope; photographic study
ATARI2600-0520,CartContactsText,ATARI2600-0520 · 24 CONTACTS / CAD,Accessories,white,14,0.35312171724472263,30.804362616107397,2.577181308053696,0.01800020000000302,Approximate exterior and envelope; photographic study
ATARI2600-0521,CartDataText,ATARI2600-0521 · NO GAME DATA,Accessories,white,10,0.47362020197394633,29.36589765100672,2.9234901328859166,0.01800020000000302,Approximate exterior and envelope; photographic study
ATARI2600-0522,CartSpineLabel,ATARI2600-0522 · Cartridge spine study label,Accessories,black,1,48.92703715789846,68.0,0.060000000000002274,12.0,Approximate exterior and envelope; photographic study
ATARI2600-0523,CartSpineText,ATARI2600-0523 · VCS STUDY001,Accessories,orange,8,0.313827613647404,21.780327181208065,0.01800019999998881,2.923490132885904,Approximate exterior and envelope; photographic study
ATARI2600-0524,Pad1Bottom,ATARI2600-0524 · CX30-04 paddle bottom cover002,Accessories,atariblack,1,10762.903776209496,65.0,93.0,1.8,Approximate exterior and envelope; photographic study
ATARI2600-0525,Pad1Top,ATARI2600-0525 · CX30-04 sloping upper shell003,Accessories,atariblack,1,26059.418753943435,65.0,93.0,28.0,Approximate exterior and envelope; photographic study
ATARI2600-0526,Pad1PotBase,ATARI2600-0526 · Potentiometer metal base,Accessories,metal,1,316.67253948185095,24.0,24.0,0.6999999999999993,Schematic internal layout
ATARI2600-0527,Pad1PotCan,ATARI2600-0527 · Potentiometer case with terminal opening,Accessories,metal,1,961.5613218838248,24.0,24.0,10.000000000000002,Schematic internal layout
ATARI2600-0528,Pad1PotSubstrate,ATARI2600-0528 · Potentiometer insulating substrate,Accessories,phenolic,1,239.26369649739863,20.600000000000023,20.6,0.8000000000000007,Schematic internal layout
ATARI2600-0529,Pad1ResistanceTrack,ATARI2600-0529 · One-megohm paddle resistive-track study,Accessories,black,1,3.392920065876922,17.913843876330645,19.2,0.0600000000000005,Schematic internal layout
ATARI2600-0530,Pad1PotRotor,ATARI2600-0530 · Potentiometer wiper rotor,Accessories,white,1,126.81981224011268,11.600000000000023,11.600000000000001,1.1999999999999993,Schematic internal layout
ATARI2600-0531,Pad1Wiper,ATARI2600-0531 · Moving potentiometer contact arm,Accessories,copper,1,0.9398495559215385,7.0,0.8999999999999986,0.15000000000000036,Schematic internal layout
ATARI2600-0532,Pad1PotLid,ATARI2600-0532 · Potentiometer top plate,Accessories,metal,1,250.90643887160255,24.0,24.0,0.6000000000000014,Schematic internal layout
ATARI2600-0533,Pad1PotShaft,ATARI2600-0533 · Paddle rotary shaft,Accessories,metal,1,724.57692962395,6.2000000000000455,6.200000000000001,24.0,Schematic internal layout
ATARI2600-0534,Pad1PotBushing,ATARI2600-0534 · Potentiometer mounting bushing,Accessories,metal,1,314.4734246243385,9.0,9.0,10.0,Schematic internal layout
ATARI2600-0535,Pad1MountNut,ATARI2600-0535 · Paddle shaft hexagonal mounting nut,Accessories,metal,1,121.65926761270501,14.0,12.124355652982143,2.0,Approximate exterior and envelope; photographic study
ATARI2600-0536,Pad1Knob,ATARI2600-0536 · Fluted paddle knob with recessed top,Accessories,black,1,12996.179169879671,55.0,55.0,15.5,Approximate exterior and envelope; photographic study
ATARI2600-0537,Pad1Fire,ATARI2600-0537 · Red side fire button and plunger,Accessories,red,1,313.67034772668063,9.199999999999989,22.0,6.0,Approximate exterior and envelope; photographic study
ATARI2600-0538,Pad1FireSwitch,ATARI2600-0538 · Paddle fire microswitch body,Accessories,black,1,459.7816056923261,10.0,7.0,7.0,Schematic internal layout
ATARI2600-0539,Pad1SwitchTerminal0,ATARI2600-0539 · Fire microswitch solder terminal,Accessories,metal,1,0.45615925330124063,0.4399999999999977,3.0,0.4399999999999977,Schematic internal layout
ATARI2600-0540,Pad1SwitchTerminal1,ATARI2600-0540 · Fire microswitch solder terminal001,Accessories,metal,1,0.45615925330124063,0.4399999999999977,3.0,0.4399999999999977,Schematic internal layout
ATARI2600-0541,Pad1PotTerminalBlock,ATARI2600-0541 · Potentiometer terminal insulator,Accessories,phenolic,1,169.8080751165341,8.0,9.0,2.5,Schematic internal layout
ATARI2600-0542,Pad1PotTerminal0,ATARI2600-0542 · Potentiometer solder tab,Accessories,metal,1,1.0437253096491501,8.700000000000045,0.6000000000000014,0.1999999999999993,Schematic internal layout
ATARI2600-0543,Pad1PotTerminal1,ATARI2600-0543 · Potentiometer solder tab001,Accessories,metal,1,1.0437253096491501,8.700000000000045,0.6000000000000014,0.1999999999999993,Schematic internal layout
ATARI2600-0544,Pad1PotTerminal2,ATARI2600-0544 · Potentiometer solder tab002,Accessories,metal,1,1.0437253096491501,8.700000000000045,0.6000000000000014,0.1999999999999993,Schematic internal layout
ATARI2600-0545,Pad1Grommet,ATARI2600-0545 · Paddle rear cable grommet,Accessories,rubber,1,70.24601173426775,5.600000000000023,4.0,5.600000000000001,Approximate exterior and envelope; photographic study
ATARI2600-0546,Pad1Label,ATARI2600-0546 · Early paddle faceplate,Accessories,black,1,55.148495559215675,46.0,19.07311176630474,6.1326353487147,Approximate exterior and envelope; photographic study
ATARI2600-0547,Pad1LabelBorder,ATARI2600-0547 · Paddle label border,Accessories,orange,1,1.872196898986707,45.0,18.109735424881258,5.795515764712206,Approximate exterior and envelope; photographic study
ATARI2600-0548,Pad1LabelText,ATARI2600-0548 · ATARI003,Accessories,white,5,0.1622498379200278,9.769580536912798,2.5120168010921446,0.8163390302146425,Approximate exterior and envelope; photographic study
ATARI2600-0549,Pad1Rackets,ATARI2600-0549 · Early tennis-racket label graphics,Accessories,orange,2,1.3515971100229103,18.15314069076203,11.269254695834434,3.6187723682559785,Approximate exterior and envelope; photographic study
ATARI2600-0550,Pad2Bottom,ATARI2600-0550 · CX30-04 paddle bottom cover003,Accessories,atariblack,1,10762.903776209496,65.0,93.0,1.8,Approximate exterior and envelope; photographic study
ATARI2600-0551,Pad2Top,ATARI2600-0551 · CX30-04 sloping upper shell007,Accessories,atariblack,1,26059.41875394345,65.0,93.0,28.0,Approximate exterior and envelope; photographic study
ATARI2600-0552,Pad2PotBase,ATARI2600-0552 · Potentiometer metal base001,Accessories,metal,1,316.6725394818509,24.0,24.0,0.6999999999999993,Schematic internal layout
ATARI2600-0553,Pad2PotCan,ATARI2600-0553 · Potentiometer case with terminal opening001,Accessories,metal,1,961.5613218838234,24.0,24.0,10.000000000000002,Schematic internal layout
ATARI2600-0554,Pad2PotSubstrate,ATARI2600-0554 · Potentiometer insulating substrate001,Accessories,phenolic,1,239.26369649739863,20.600000000000023,20.599999999999994,0.8000000000000007,Schematic internal layout
ATARI2600-0555,Pad2ResistanceTrack,ATARI2600-0555 · One-megohm paddle resistive-track study001,Accessories,black,1,3.392920065876922,17.913843876330645,19.19999999999999,0.0600000000000005,Schematic internal layout
ATARI2600-0556,Pad2PotRotor,ATARI2600-0556 · Potentiometer wiper rotor001,Accessories,white,1,126.81981224011268,11.600000000000023,11.599999999999994,1.1999999999999993,Schematic internal layout
ATARI2600-0557,Pad2Wiper,ATARI2600-0557 · Moving potentiometer contact arm001,Accessories,copper,1,0.9398495559215408,7.0,0.9000000000000057,0.15000000000000036,Schematic internal layout
ATARI2600-0558,Pad2PotLid,ATARI2600-0558 · Potentiometer top plate001,Accessories,metal,1,250.90643887160243,24.0,24.0,0.6000000000000014,Schematic internal layout
ATARI2600-0559,Pad2PotShaft,ATARI2600-0559 · Paddle rotary shaft001,Accessories,metal,1,724.5769296239502,6.2000000000000455,6.199999999999989,24.0,Schematic internal layout
ATARI2600-0560,Pad2PotBushing,ATARI2600-0560 · Potentiometer mounting bushing001,Accessories,metal,1,314.4734246243386,9.0,9.0,10.0,Schematic internal layout
ATARI2600-0561,Pad2MountNut,ATARI2600-0561 · Paddle shaft hexagonal mounting nut001,Accessories,metal,1,121.65926761270497,14.0,12.124355652982146,2.0,Approximate exterior and envelope; photographic study
ATARI2600-0562,Pad2Knob,ATARI2600-0562 · Fluted paddle knob with recessed top001,Accessories,black,1,12996.179169879653,55.0,55.0,15.5,Approximate exterior and envelope; photographic study
ATARI2600-0563,Pad2Fire,ATARI2600-0563 · Red side fire button and plunger001,Accessories,red,1,313.67034772668063,9.199999999999989,22.0,6.0,Approximate exterior and envelope; photographic study
ATARI2600-0564,Pad2FireSwitch,ATARI2600-0564 · Paddle fire microswitch body001,Accessories,black,1,459.781605692326,10.0,7.0,7.0,Schematic internal layout
ATARI2600-0565,Pad2SwitchTerminal0,ATARI2600-0565 · Fire microswitch solder terminal002,Accessories,metal,1,0.45615925330124063,0.4399999999999977,3.0,0.4399999999999977,Schematic internal layout
ATARI2600-0566,Pad2SwitchTerminal1,ATARI2600-0566 · Fire microswitch solder terminal003,Accessories,metal,1,0.45615925330124063,0.4399999999999977,3.0,0.4399999999999977,Schematic internal layout
ATARI2600-0567,Pad2PotTerminalBlock,ATARI2600-0567 · Potentiometer terminal insulator001,Accessories,phenolic,1,169.808075116534,8.0,9.0,2.5,Schematic internal layout
ATARI2600-0568,Pad2PotTerminal0,ATARI2600-0568 · Potentiometer solder tab003,Accessories,metal,1,1.0437253096491461,8.700000000000045,0.6000000000000227,0.1999999999999993,Schematic internal layout
ATARI2600-0569,Pad2PotTerminal1,ATARI2600-0569 · Potentiometer solder tab004,Accessories,metal,1,1.043725309649146,8.700000000000045,0.6000000000000227,0.1999999999999993,Schematic internal layout
ATARI2600-0570,Pad2PotTerminal2,ATARI2600-0570 · Potentiometer solder tab005,Accessories,metal,1,1.043725309649146,8.700000000000045,0.6000000000000227,0.1999999999999993,Schematic internal layout
ATARI2600-0571,Pad2Grommet,ATARI2600-0571 · Paddle rear cable grommet001,Accessories,rubber,1,70.24601173426775,5.600000000000023,4.000000000000014,5.600000000000001,Approximate exterior and envelope; photographic study
ATARI2600-0572,Pad2Label,ATARI2600-0572 · Early paddle faceplate001,Accessories,black,1,55.14849555921556,46.0,19.073111766304777,6.1326353487147,Approximate exterior and envelope; photographic study
ATARI2600-0573,Pad2LabelBorder,ATARI2600-0573 · Paddle label border001,Accessories,orange,1,1.8721968989873456,45.0,18.10973542488125,5.795515764712206,Approximate exterior and envelope; photographic study
ATARI2600-0574,Pad2LabelText,ATARI2600-0574 · ATARI004,Accessories,white,5,0.1622498379200407,9.769580536912798,2.512016801092159,0.8163390302146425,Approximate exterior and envelope; photographic study
ATARI2600-0575,Pad2Rackets,ATARI2600-0575 · Early tennis-racket label graphics001,Accessories,orange,2,1.3515971100229192,18.15314069076203,11.269254695834434,3.6187723682559785,Approximate exterior and envelope; photographic study
ATARI2600-0576,Pad1Wire0,ATARI2600-0576 · Paddle internal conductor,Accessories,black,1,7.537846218253079,22.79000020000001,34.97205458371978,6.088891843418871,Schematic internal layout
ATARI2600-0577,Pad1Wire1,ATARI2600-0577 · Paddle internal conductor001,Accessories,white,1,7.22510653060514,19.79000020000001,34.97205458371978,6.749348004896584,Schematic internal layout
ATARI2600-0578,Pad1Wire2,ATARI2600-0578 · Paddle internal conductor002,Accessories,red,1,8.792479474910218,25.790000200000065,35.1200001,4.390000199999994,Schematic internal layout
ATARI2600-0579,Pad1Wire3,ATARI2600-0579 · Paddle internal conductor003,Accessories,blue,1,7.59167933764667,23.790000200000065,29.5200001,7.990841807121987,Schematic internal layout
ATARI2600-0580,Pad1CasePost0,ATARI2600-0580 · Paddle shell screw boss,Accessories,atariblack,1,447.43730387283824,5.600000000000023,5.599999999999998,20.6036231884058,Schematic internal layout
ATARI2600-0581,Pad1CaseScrew0,ATARI2600-0581 · Cross-head fastener036,Accessories,metal,1,17.02913304577467,3.1999999999999886,3.200000000000003,12.33,Schematic internal layout
ATARI2600-0582,Pad1CasePost1,ATARI2600-0582 · Paddle shell screw boss001,Accessories,atariblack,1,447.4373038728388,5.600000000000023,5.599999999999998,20.6036231884058,Schematic internal layout
ATARI2600-0583,Pad1CaseScrew1,ATARI2600-0583 · Cross-head fastener037,Accessories,metal,1,17.029133045774728,3.2000000000000455,3.200000000000003,12.33,Schematic internal layout
ATARI2600-0584,Pad2Wire0,ATARI2600-0584 · Paddle internal conductor004,Accessories,black,1,7.537846218253079,22.79000020000001,34.97205458371977,6.088891843418871,Schematic internal layout
ATARI2600-0585,Pad2Wire1,ATARI2600-0585 · Paddle internal conductor005,Accessories,white,1,7.225106530605139,19.79000020000001,34.97205458371977,6.749348004896584,Schematic internal layout
ATARI2600-0586,Pad2Wire2,ATARI2600-0586 · Paddle internal conductor006,Accessories,red,1,8.792479474910214,25.790000200000065,35.120000099999984,4.390000199999994,Schematic internal layout
ATARI2600-0587,Pad2Wire3,ATARI2600-0587 · Paddle internal conductor007,Accessories,blue,1,7.591679337646668,23.790000200000065,29.52000009999999,7.990841807121987,Schematic internal layout
ATARI2600-0588,Pad2CasePost0,ATARI2600-0588 · Paddle shell screw boss002,Accessories,atariblack,1,447.43730387283836,5.600000000000023,5.600000000000023,20.6036231884058,Schematic internal layout
ATARI2600-0589,Pad2CaseScrew0,ATARI2600-0589 · Cross-head fastener038,Accessories,metal,1,17.029133045774635,3.1999999999999886,3.1999999999999886,12.33,Schematic internal layout
ATARI2600-0590,Pad2CasePost1,ATARI2600-0590 · Paddle shell screw boss003,Accessories,atariblack,1,447.4373038728389,5.600000000000023,5.600000000000023,20.6036231884058,Schematic internal layout
ATARI2600-0591,Pad2CaseScrew1,ATARI2600-0591 · Cross-head fastener039,Accessories,metal,1,17.029133045774685,3.2000000000000455,3.1999999999999886,12.33,Schematic internal layout
ATARI2600-0592,PaddleBranch0,ATARI2600-0592 · Paired paddle cable branch,Accessories,black,1,765.6866088158301,66.10000009999999,108.8983734954852,5.400000199999999,Approximate exterior and envelope; photographic study
ATARI2600-0593,PaddleBranch1,ATARI2600-0593 · Paired paddle cable branch001,Accessories,black,1,352.09837276581055,66.10000009999999,25.70000010000001,5.400000199999992,Approximate exterior and envelope; photographic study
ATARI2600-0594,PaddleYJunction,ATARI2600-0594 · Paddle two-to-one cable junction,Accessories,rubber,1,1028.8881210918864,10.0,14.0,8.0,Approximate exterior and envelope; photographic study
ATARI2600-0595,PaddleSharedCable,ATARI2600-0595 · Shared paddle controller lead,Accessories,black,1,430.7390207729235,41.0,23.200000200000023,3.200000200000005,Approximate exterior and envelope; photographic study
ATARI2600-0596,PaddlePlugStrainRelief,ATARI2600-0596 · Shared cable connector strain relief,Accessories,rubber,1,178.95297153010856,7.0,6.799999999999997,6.799999999999999,Approximate exterior and envelope; photographic study
ATARI2600-0597,PaddlePlugBody,ATARI2600-0597 · Moulded DE-9 cable connector,Accessories,black,1,9627.53135886067,16.0,34.0,18.0,Approximate exterior and envelope; photographic study
ATARI2600-0598,PaddlePlugContact3,ATARI2600-0598 · Paddle cable female contact,Accessories,metal,1,4.985330550128591,5.7000000000000455,1.3999999999999986,1.3999999999999986,Schematic internal layout
ATARI2600-0599,PaddlePlugContact4,ATARI2600-0599 · Paddle cable female contact001,Accessories,metal,1,4.985330550128586,5.7000000000000455,1.3999999999999986,1.3999999999999986,Schematic internal layout
ATARI2600-0600,PaddlePlugContact5,ATARI2600-0600 · Paddle cable female contact002,Accessories,metal,1,4.985330550128586,5.7000000000000455,1.3999999999999986,1.3999999999999986,Schematic internal layout
ATARI2600-0601,PaddlePlugContact7,ATARI2600-0601 · Paddle cable female contact003,Accessories,metal,1,4.985330550128579,5.7000000000000455,1.3999999999999986,1.4000000000000021,Schematic internal layout
ATARI2600-0602,PaddlePlugContact8,ATARI2600-0602 · Paddle cable female contact004,Accessories,metal,1,4.985330550128579,5.7000000000000455,1.3999999999999986,1.4000000000000021,Schematic internal layout
ATARI2600-0603,PaddlePlugContact9,ATARI2600-0603 · Paddle cable female contact005,Accessories,metal,1,4.985330550128578,5.7000000000000455,1.3999999999999986,1.4000000000000021,Schematic internal layout
ATARI2600-0604,PaddlePlugNose,ATARI2600-0604 · Nine-position cable plug insulator,Accessories,black,1,1596.626557891937,6.0,26.0,11.600000000000001,Approximate exterior and envelope; photographic study
ATARI2600-0605,PaddlePlugMark,ATARI2600-0605 · PADDLES,Accessories,white,7,0.13319051736126947,11.419379394630937,1.948993488590606,0.01800020000000302,Approximate exterior and envelope; photographic study
ATARI2600-0606,AdapterBack,ATARI2600-0606 · Period-style adapter rear cover002,Accessories,adaptergray,1,6334.103060652751,55.0,65.0,1.8000000000000007,Approximate exterior and envelope; photographic study
ATARI2600-0607,AdapterFront,ATARI2600-0607 · Period-style adapter upper shell002,Accessories,adaptergray,1,23577.140820764576,55.0,65.0,38.0,Approximate exterior and envelope; photographic study
ATARI2600-0608,AdapterBlade0,ATARI2600-0608 · Flat AC input blade,Accessories,metal,1,143.30746650571314,6.0,1.2999999999999972,18.5,Approximate exterior and envelope; photographic study
ATARI2600-0609,AdapterBlade1,ATARI2600-0609 · Flat AC input blade001,Accessories,metal,1,143.30746650571314,6.0,1.2999999999999972,18.5,Approximate exterior and envelope; photographic study
ATARI2600-0610,TransformerCore,ATARI2600-0610 · Laminated transformer core geometry study,Accessories,metal,1,24560.0646874889,34.0,38.0,23.0,Schematic internal layout
ATARI2600-0611,TransformerBobbin,ATARI2600-0611 · Insulating transformer bobbin,Accessories,white,1,1172.6424406420058,14.0,19.00000000000001,31.0,Schematic internal layout
ATARI2600-0612,TransformerPrimary,ATARI2600-0612 · Primary winding volume study,Accessories,copper,14,1077.4761761844563,13.0,7.340000000000009,29.599999999999998,Schematic internal layout
ATARI2600-0613,TransformerSecondary,ATARI2600-0613 · Secondary winding volume study,Accessories,copper,14,1077.4761761844557,13.0,7.340000000000007,29.599999999999998,Schematic internal layout
ATARI2600-0614,AdapterPCB,ATARI2600-0614 · Rectifier and filter board study001,Accessories,pcb,1,663.0370691018031,46.0,12.0,1.3000000000000007,Schematic internal layout
ATARI2600-0615,AdapterDiode0,ATARI2600-0615 · Rectifier diode package study,Accessories,black,1,10.178760197630934,4.0,1.8000000000000007,1.7999999999999972,Schematic internal layout
ATARI2600-0616,AdapterDiodeLeads0,ATARI2600-0616 · Rectifier formed leads,Accessories,metal,2,1.0941311689200588,7.560000000000059,0.35999999999999943,4.079999999999998,Schematic internal layout
ATARI2600-0617,AdapterDiodeBand0,ATARI2600-0617 · Diode cathode band,Accessories,white,1,0.028588493147666982,0.25,1.8399999999999999,1.8400000000000034,Schematic internal layout
ATARI2600-0618,AdapterDiode1,ATARI2600-0618 · Rectifier diode package study001,Accessories,black,1,10.178760197630934,4.0,1.8000000000000007,1.7999999999999972,Schematic internal layout
ATARI2600-0619,AdapterDiodeLeads1,ATARI2600-0619 · Rectifier formed leads001,Accessories,metal,2,1.094131221242045,7.560000000000059,0.35999999999999943,4.079999999999998,Schematic internal layout
ATARI2600-0620,AdapterDiodeBand1,ATARI2600-0620 · Diode cathode band001,Accessories,white,1,0.028588493147666982,0.25,1.8399999999999999,1.8400000000000034,Schematic internal layout
ATARI2600-0621,AdapterDiode2,ATARI2600-0621 · Rectifier diode package study002,Accessories,black,1,10.178760197630934,4.0,1.8000000000000007,1.7999999999999972,Schematic internal layout
ATARI2600-0622,AdapterDiodeLeads2,ATARI2600-0622 · Rectifier formed leads002,Accessories,metal,2,1.0941312093320543,7.560000000000059,0.35999999999999943,4.079999999999998,Schematic internal layout
ATARI2600-0623,AdapterDiodeBand2,ATARI2600-0623 · Diode cathode band002,Accessories,white,1,0.028588493147666982,0.25,1.8399999999999999,1.8400000000000034,Schematic internal layout
ATARI2600-0624,AdapterDiode3,ATARI2600-0624 · Rectifier diode package study003,Accessories,black,1,10.178760197630934,4.0,1.8000000000000007,1.7999999999999972,Schematic internal layout
ATARI2600-0625,AdapterDiodeLeads3,ATARI2600-0625 · Rectifier formed leads003,Accessories,metal,2,1.0941311708096566,7.560000000000059,0.35999999999999943,4.079999999999998,Schematic internal layout
ATARI2600-0626,AdapterDiodeBand3,ATARI2600-0626 · Diode cathode band003,Accessories,white,1,0.028588493147666982,0.25,1.8399999999999999,1.8400000000000034,Schematic internal layout
ATARI2600-0627,AdapterFilterCap,ATARI2600-0627 · Output filter capacitor study,Accessories,black,1,254.2145359358322,6.0,6.0,9.0,Schematic internal layout
ATARI2600-0628,AdapterCapTop,ATARI2600-0628 · Filter capacitor top,Accessories,metal,1,3.0621103594539463,5.7000000000000455,5.699999999999999,0.120000000000001,Schematic internal layout
ATARI2600-0629,AdapterCapLeads,ATARI2600-0629 · Filter capacitor leads,Accessories,metal,2,0.5529203070317982,2.0,0.40000000000000036,2.1999999999999993,Schematic internal layout
ATARI2600-0630,AdapterPost0,ATARI2600-0630 · Adapter case screw boss,Accessories,adaptergray,1,653.2345020535803,5.0,5.0,35.2,Schematic internal layout
ATARI2600-0631,AdapterScrew0,ATARI2600-0631 · Cross-head fastener040,Accessories,metal,1,17.375186997264343,3.3999999999999773,3.4,12.329999999999998,Schematic internal layout
ATARI2600-0632,AdapterPost1,ATARI2600-0632 · Adapter case screw boss001,Accessories,adaptergray,1,653.2345020535803,5.0,5.0,35.2,Schematic internal layout
ATARI2600-0633,AdapterScrew1,ATARI2600-0633 · Cross-head fastener041,Accessories,metal,1,17.375186997264343,3.3999999999999773,3.4,12.329999999999998,Schematic internal layout
ATARI2600-0634,AdapterGrommet,ATARI2600-0634 · Adapter DC lead grommet,Accessories,rubber,1,65.97344572538547,5.2000000000000455,5.0,5.200000000000003,Approximate exterior and envelope; photographic study
ATARI2600-0635,AdapterCable,ATARI2600-0635 · Stored DC output lead,Accessories,black,1,507.15558824541006,66.5000001,24.200000099999997,4.8000001999999995,Approximate exterior and envelope; photographic study
ATARI2600-0636,AdapterPlugBody,ATARI2600-0636 · 3.5 mm mono DC plug grip,Accessories,black,1,881.7570932683545,15.0,8.799999999999997,8.799999999999997,Approximate exterior and envelope; photographic study
ATARI2600-0637,AdapterPlugSleeve,ATARI2600-0637 · DC mono plug sleeve,Accessories,metal,1,67.3478925113312,7.0,3.5,3.5,Approximate exterior and envelope; photographic study
ATARI2600-0638,AdapterPlugInsulator,ATARI2600-0638 · Mono plug insulating band,Accessories,black,1,5.447521661324596,0.5999999999999943,3.3999999999999986,3.3999999999999986,Approximate exterior and envelope; photographic study
ATARI2600-0639,AdapterPlugTip,ATARI2600-0639 · Rounded DC mono plug tip,Accessories,metal,1,47.78493325803973,5.550000000000011,3.5,3.5,Approximate exterior and envelope; photographic study
ATARI2600-0640,AdapterRatingLabel,ATARI2600-0640 · Adapter study rating label,Accessories,white,1,169.04548667764493,45.0,47.0,0.0799999999999983,Approximate exterior and envelope; photographic study
ATARI2600-0641,AdapterTitleText,ATARI2600-0641 · AC ADAPTOR,Accessories,black,9,0.592441520911807,30.811191375167823,3.605637783892618,0.01800020000000302,Approximate exterior and envelope; photographic study
ATARI2600-0642,AdapterOutputText,ATARI2600-0642 · DC 9 V / 500 mA,Accessories,black,10,0.28513004115586116,26.344064697315503,2.6845638583892644,0.01800020000000302,Approximate exterior and envelope; photographic study
ATARI2600-0643,AdapterStudyText,ATARI2600-0643 · GEOMETRY STUDY,Accessories,black,13,0.2722729773630033,24.6485739255034,2.0464431530201317,0.01800020000000302,Approximate exterior and envelope; photographic study
ATARI2600-0644,TVBoxAdhesive,ATARI2600-0644 · TV switch-box rear mounting pad,Accessories,rubber,1,2585.6548667764614,49.0,66.0,0.8,Approximate exterior and envelope; photographic study
ATARI2600-0645,TVBoxBase,ATARI2600-0645 · TV/GAME switch-box base,Accessories,metal,1,2373.9398223686153,55.0,72.0,0.6000000000000001,Approximate exterior and envelope; photographic study
ATARI2600-0646,TVBoxCover,ATARI2600-0646 · TV/GAME switch-box metal cover005,Accessories,metal,1,3807.992642287859,55.0,72.0,16.2,Approximate exterior and envelope; photographic study
ATARI2600-0647,TVBoxPCB,ATARI2600-0647 · RF selector contact-board study,Accessories,phenolic,1,3430.884070449666,48.0,55.0,1.2999999999999998,Schematic internal layout
ATARI2600-0648,TVBoxLabel,ATARI2600-0648 · TV/GAME study face label002,Accessories,black,1,182.06437521601057,46.0,59.0,0.07000000000000028,Approximate exterior and envelope; photographic study
ATARI2600-0649,TVBoxAntennaInsulator0,ATARI2600-0649 · Antenna screw insulating bushing,Accessories,white,1,83.81926279410247,7.399999999999977,2.200000000000017,7.3999999999999995,Approximate exterior and envelope; photographic study
ATARI2600-0650,TVBoxAntennaPad0,ATARI2600-0650 · Antenna clamping washer,Accessories,metal,1,7.325801369089711,6.600000000000023,0.25,6.6000000000000005,Approximate exterior and envelope; photographic study
ATARI2600-0651,TVBoxAntennaStud0,ATARI2600-0651 · Antenna threaded standoff,Accessories,metal,1,89.03273580273441,3.6000000000000227,10.90000000000002,3.6000000000000005,Schematic internal layout
ATARI2600-0652,TVBoxAntennaScrew0,ATARI2600-0652 · Cross-head fastener042,Accessories,metal,1,24.46049611587241,5.399999999999977,14.329999999999998,5.3999999999999995,Schematic internal layout
ATARI2600-0653,TVBoxTerminalLand0,ATARI2600-0653 · Horizontal antenna terminal support washer,Accessories,gold,1,1.0744246875276873,5.600000000000023,0.05000000000001137,5.6000000000000005,Schematic internal layout
ATARI2600-0654,TVBoxAntennaInsulator1,ATARI2600-0654 · Antenna screw insulating bushing001,Accessories,white,1,83.81926279410247,7.399999999999977,2.200000000000017,7.3999999999999995,Approximate exterior and envelope; photographic study
ATARI2600-0655,TVBoxAntennaPad1,ATARI2600-0655 · Antenna clamping washer001,Accessories,metal,1,7.325801369089711,6.600000000000023,0.25,6.6000000000000005,Approximate exterior and envelope; photographic study
ATARI2600-0656,TVBoxAntennaStud1,ATARI2600-0656 · Antenna threaded standoff001,Accessories,metal,1,89.03273580273441,3.6000000000000227,10.90000000000002,3.6000000000000005,Schematic internal layout
ATARI2600-0657,TVBoxAntennaScrew1,ATARI2600-0657 · Cross-head fastener043,Accessories,metal,1,24.46049611587241,5.399999999999977,14.329999999999998,5.3999999999999995,Schematic internal layout
ATARI2600-0658,TVBoxTerminalLand1,ATARI2600-0658 · Horizontal antenna terminal support washer001,Accessories,gold,1,1.0744246875276873,5.600000000000023,0.05000000000001137,5.6000000000000005,Schematic internal layout
ATARI2600-0659,TVBoxSelector,ATARI2600-0659 · TV/GAME slide switch body,Accessories,black,1,1917.8024771931896,20.0,24.0,4.0,Schematic internal layout
ATARI2600-0660,TVBoxSlideStem,ATARI2600-0660 · Selector transmission stem,Accessories,metal,1,86.55061038658388,3.0,3.0,9.7,Schematic internal layout
ATARI2600-0661,TVBoxSlider,ATARI2600-0661 · TV/GAME slider cap,Accessories,black,1,94.62847755492214,5.5,7.0,2.8000000000000007,Approximate exterior and envelope; photographic study
ATARI2600-0662,TVBoxSwitchContact-1_0,ATARI2600-0662 · RF selector fixed contact,Accessories,gold,1,0.5982831853071787,3.0,4.0,0.04999999999999982,Schematic internal layout
ATARI2600-0663,TVBoxSwitchContact-1_1,ATARI2600-0663 · RF selector fixed contact001,Accessories,gold,1,0.5982831853071787,3.0,4.0,0.04999999999999982,Schematic internal layout
ATARI2600-0664,TVBoxSwitchContact-1_2,ATARI2600-0664 · RF selector fixed contact002,Accessories,gold,1,0.5982831853071787,3.0,4.0,0.04999999999999982,Schematic internal layout
ATARI2600-0665,TVBoxSwitchContact1_0,ATARI2600-0665 · RF selector fixed contact003,Accessories,gold,1,0.5982831853071787,3.0,4.0,0.04999999999999982,Schematic internal layout
ATARI2600-0666,TVBoxSwitchContact1_1,ATARI2600-0666 · RF selector fixed contact004,Accessories,gold,1,0.5982831853071787,3.0,4.0,0.04999999999999982,Schematic internal layout
ATARI2600-0667,TVBoxSwitchContact1_2,ATARI2600-0667 · RF selector fixed contact005,Accessories,gold,1,0.5982831853071787,3.0,4.0,0.04999999999999982,Schematic internal layout
ATARI2600-0668,TVBoxRCAOuter,ATARI2600-0668 · Game input RCA outer contact,Accessories,metal,1,86.590147514569,6.0,7.000000000000028,6.0,Approximate exterior and envelope; photographic study
ATARI2600-0669,TVBoxRCAInsulator,ATARI2600-0669 · RCA input insulator,Accessories,white,1,35.814156250923624,4.2999999999999545,6.0,4.300000000000001,Approximate exterior and envelope; photographic study
ATARI2600-0670,TVBoxRCASocket,ATARI2600-0670 · RCA input centre socket,Accessories,metal,1,13.19468914507712,3.1000000000000227,5.000000000000028,3.1000000000000005,Schematic internal layout
ATARI2600-0671,TVBoxRCAFlange,ATARI2600-0671 · RCA input mounting ring,Accessories,metal,1,34.39258557517431,9.0,1.0,9.0,Approximate exterior and envelope; photographic study
ATARI2600-0672,TVBoxFork-1,ATARI2600-0672 · Twin-lead fork terminal,Accessories,metal,1,15.820223473906541,8.389685019840073,5.800000000000011,0.7000000000000002,Approximate exterior and envelope; photographic study
ATARI2600-0673,TVBoxFork1,ATARI2600-0673 · Twin-lead fork terminal001,Accessories,metal,1,15.820223473906537,8.389685019840073,5.800000000000011,0.7000000000000002,Approximate exterior and envelope; photographic study
ATARI2600-0674,TVBoxTwinLead,ATARI2600-0674 · Short flat twin-lead TV output,Accessories,black,1,317.982243197073,68.30000010000003,15.600000199999997,2.600000200000001,Approximate exterior and envelope; photographic study
ATARI2600-0675,TVBoxTitleText,ATARI2600-0675 · TV/GAME SWITCH,Accessories,white,13,0.23533970052728767,22.49790268456377,2.1476511067114075,0.01800020000000302,Approximate exterior and envelope; photographic study
ATARI2600-0676,TVBoxTVText,ATARI2600-0676 · TV,Accessories,white,2,0.044376870754696075,3.9867785234899884,2.2550335570469997,0.018000000000000682,Approximate exterior and envelope; photographic study
ATARI2600-0677,TVBoxGameText,ATARI2600-0677 · GAME,Accessories,white,4,0.1269744900398652,8.760000100000013,2.3387921463087196,0.01800020000000302,Approximate exterior and envelope; photographic study
ATARI2600-0678,TVBoxAntennaText,ATARI2600-0678 · ANTENNA,Accessories,white,7,0.11774867142386655,11.218590604026872,1.6912751677852356,0.018000000000000682,Approximate exterior and envelope; photographic study
ATARI2600-0679,TVBoxInputMark,ATARI2600-0679 · GAME001,Accessories,black,4,0.07142315064742367,6.5700001000000725,0.01800019999998881,1.754094159731542,Approximate exterior and envelope; photographic study
ATARI2600-0680,RFPlugStrain,ATARI2600-0680 · Console RF plug strain relief,Cables,rubber,1,81.64213908516481,5.0,6.0,6.0,Approximate exterior and envelope; photographic study
ATARI2600-0681,RFPlugBody,ATARI2600-0681 · Console RCA plug grip,Cables,black,1,661.2188597826778,12.0,8.600000000000023,8.600000000000001,Approximate exterior and envelope; photographic study
ATARI2600-0682,RFPlugSleeve,ATARI2600-0682 · Slotted RCA outer sleeve,Cables,metal,1,172.06522248714958,8.0,8.199999999999989,8.200000000000003,Approximate exterior and envelope; photographic study
ATARI2600-0683,RFPlugInsulator,ATARI2600-0683 · RCA plug centre insulator,Cables,white,1,107.56027847728046,5.0,5.800000000000011,5.799999999999997,Approximate exterior and envelope; photographic study
ATARI2600-0684,RFPlugPin,ATARI2600-0684 · RCA centre pin,Cables,metal,1,39.331692825393006,9.849999999999994,2.3000000000000114,2.299999999999997,Approximate exterior and envelope; photographic study
