Part number,Part ID,Label,Assembly,Material,Solid count,Volume mm3,X mm,Y mm,Z mm,Fidelity
PS1-0001,LowerHousing,PS1-0001 · Original grey lower housing028,Body,psgrey,1,109027.4257209725,270.0,188.0,41.099999999999994,Approximate SCPH-1000 exterior; family dimensions and firsthand photographs
PS1-0002,UpperHousing,PS1-0002 · Original grey upper enclosure037,Body,psgrey,1,102584.17487876225,270.00000009999997,188.0000001,51.1000001,Approximate SCPH-1000 exterior; family dimensions and firsthand photographs
PS1-0003,Foot0,PS1-0003 · Rubber support foot,Body,rubber,1,240.88991118430766,18.0,11.199999999999989,1.2,Approximate SCPH-1000 exterior; family dimensions and firsthand photographs
PS1-0004,Foot1,PS1-0004 · Rubber support foot001,Body,rubber,1,240.88991118430766,18.0,11.199999999999989,1.2,Approximate SCPH-1000 exterior; family dimensions and firsthand photographs
PS1-0005,Foot2,PS1-0005 · Rubber support foot002,Body,rubber,1,240.88991118430766,18.0,11.199999999999989,1.2,Approximate SCPH-1000 exterior; family dimensions and firsthand photographs
PS1-0006,Foot3,PS1-0006 · Rubber support foot003,Body,rubber,1,240.88991118430766,18.0,11.199999999999989,1.2,Approximate SCPH-1000 exterior; family dimensions and firsthand photographs
PS1-0007,DiscLid,PS1-0007 · Circular hinged disc lid009,Optical,psgrey,1,33315.759522327506,170.0,170.0,14.17895715549703,Approximate SCPH-1000 exterior; family dimensions and firsthand photographs
PS1-0008,PowerButton,PS1-0008 · POWER button,Controls,psgrey,1,1891.9070995710622,32.4000001,32.4000002,2.299999999999997,Approximate SCPH-1000 exterior; family dimensions and firsthand photographs
PS1-0009,PowerLegend,PS1-0009 · POWER,Controls,psgreen,5,0.12297881808325956,9.682990971812075,2.0464431530201352,0.01800020000000302,Approximate SCPH-1000 exterior; family dimensions and firsthand photographs
PS1-0010,OpenButton,PS1-0010 · OPEN button,Controls,psgrey,1,1891.9070995710617,32.4000001,32.4000002,2.299999999999997,Approximate SCPH-1000 exterior; family dimensions and firsthand photographs
PS1-0011,OpenLegend,PS1-0011 · OPEN,Controls,psblue,4,0.0926771395050489,7.07516788523489,2.0464431530201352,0.01800020000000302,Approximate SCPH-1000 exterior; family dimensions and firsthand photographs
PS1-0012,ResetButton,PS1-0012 · RESET button,Controls,psgrey,1,393.6842049827733,14.800000100000005,14.799999999999997,2.299999999999997,Approximate SCPH-1000 exterior; family dimensions and firsthand photographs
PS1-0013,ResetLegend,PS1-0013 · RESET,Controls,psdark,5,0.04541573824982593,5.6093960731543575,1.3642955020134266,0.01800020000000302,Approximate SCPH-1000 exterior; family dimensions and firsthand photographs
PS1-0014,PowerLens,PS1-0014 · Narrow power indicator,Controls,psgreen,1,9.090342917352883,2.0,9.100000000000023,0.5,Approximate SCPH-1000 exterior; family dimensions and firsthand photographs
PS1-0015,SonyMark,PS1-0015 · SONY,Optical,psdark,4,0.3137386357033507,14.008053791275167,3.8979867771812096,0.01800020000000302,Approximate SCPH-1000 exterior; family dimensions and firsthand photographs
PS1-0016,PlayStationMark,PS1-0016 · PlayStation,Optical,psdark,12,0.40890590744647753,23.195927213422813,4.119463187248325,0.01800020000000302,Approximate SCPH-1000 exterior; family dimensions and firsthand photographs
PS1-0017,FrontPortPCB,PS1-0017 · Shared controller and memory-card PCB003,FrontIO,pcb,1,2986.4075679959724,131.00000000000028,18.0,1.3000000000000007,Approximate SCPH-1000 exterior; family dimensions and firsthand photographs
PS1-0018,Port1Frame,PS1-0018 · Controller 1 and memory-card front frame,FrontIO,psgrey,1,1924.3606822173829,49.400000000000006,3.000000000000014,28.400000000000002,Approximate SCPH-1000 exterior; family dimensions and firsthand photographs
PS1-0019,Port1Case,PS1-0019 · Insulated dual connector housing004,FrontIO,psdark,1,3596.0548618763364,47.0,14.9000001,25.799999999999997,Schematic internal layout
PS1-0020,Port1Shutter,PS1-0020 · Memory-card hinged dust shutter,FrontIO,psgrey,1,260.3409380098813,44.0,0.7999999999999972,7.400000000000006,Approximate SCPH-1000 exterior; family dimensions and firsthand photographs
PS1-0021,Port1CardMark,PS1-0021 · MEMORY CARD,FrontIO,psdark,10,0.2576150714005736,20.961367549664434,0.01800019999998881,2.143892817449668,Approximate SCPH-1000 exterior; family dimensions and firsthand photographs
PS1-0022,Port1ShutterPin,PS1-0022 · Memory-card shutter pivot,FrontIO,metal,1,17.75175778466835,43.6,0.7199999999999989,0.7199999999999989,Schematic internal layout
PS1-0023,Port1CardTongue,PS1-0023 · Eight-contact memory-card tongue,FrontIO,psgrey,1,319.9158760800515,40.0,10.0,0.7999999999999972,Schematic internal layout
PS1-0024,Port1CardContact0,PS1-0024 · Memory-card contact 1,FrontIO,gold,1,2.9412913624562482,1.25,10.699999999999989,0.21999999999999886,Schematic internal layout
PS1-0025,Port1CardContact1,PS1-0025 · Memory-card contact 2,FrontIO,gold,1,2.9412913624562482,1.25,10.699999999999989,0.21999999999999886,Schematic internal layout
PS1-0026,Port1CardContact2,PS1-0026 · Memory-card contact 3,FrontIO,gold,1,2.9412913624562482,1.25,10.699999999999989,0.21999999999999886,Schematic internal layout
PS1-0027,Port1CardContact3,PS1-0027 · Memory-card contact 4,FrontIO,gold,1,2.9412913624562482,1.25,10.699999999999989,0.21999999999999886,Schematic internal layout
PS1-0028,Port1CardContact4,PS1-0028 · Memory-card contact 5,FrontIO,gold,1,2.941291362456248,1.25,10.699999999999989,0.21999999999999886,Schematic internal layout
PS1-0029,Port1CardContact5,PS1-0029 · Memory-card contact 6,FrontIO,gold,1,2.941291362456248,1.25,10.699999999999989,0.21999999999999886,Schematic internal layout
PS1-0030,Port1CardContact6,PS1-0030 · Memory-card contact 7,FrontIO,gold,1,2.9412913624562482,1.25,10.699999999999989,0.21999999999999886,Schematic internal layout
PS1-0031,Port1CardContact7,PS1-0031 · Memory-card contact 8,FrontIO,gold,1,2.9412913624562482,1.25,10.699999999999989,0.21999999999999886,Schematic internal layout
PS1-0032,Port1Triplet0,PS1-0032 · Three-way controller socket insulator,FrontIO,psgrey,1,241.56686682469268,12.400000000000006,4.0,5.399999999999999,Approximate SCPH-1000 exterior; family dimensions and firsthand photographs
PS1-0033,Port1ControllerContact0,PS1-0033 · Controller contact 1 with PCB leg,FrontIO,gold,1,8.193923359609677,1.3599999999999994,21.739999999999995,8.540000000000001,Schematic internal layout
PS1-0034,Port1ControllerContact1,PS1-0034 · Controller contact 2 with PCB leg,FrontIO,gold,1,8.193923359609549,1.3599999999999994,21.739999999999995,8.540000000000001,Schematic internal layout
PS1-0035,Port1ControllerContact2,PS1-0035 · Controller contact 3 with PCB leg,FrontIO,gold,1,8.193923359610194,1.3599999999999994,21.739999999999995,8.540000000000001,Schematic internal layout
PS1-0036,Port1Triplet1,PS1-0036 · Three-way controller socket insulator001,FrontIO,psgrey,1,241.56686682469268,12.400000000000006,4.0,5.399999999999999,Approximate SCPH-1000 exterior; family dimensions and firsthand photographs
PS1-0037,Port1ControllerContact3,PS1-0037 · Controller contact 4 with PCB leg,FrontIO,gold,1,8.19392335960973,1.3599999999999994,21.739999999999995,8.540000000000001,Schematic internal layout
PS1-0038,Port1ControllerContact4,PS1-0038 · Controller contact 5 with PCB leg,FrontIO,gold,1,8.193923359610354,1.3599999999999994,21.739999999999995,8.540000000000001,Schematic internal layout
PS1-0039,Port1ControllerContact5,PS1-0039 · Controller contact 6 with PCB leg,FrontIO,gold,1,8.193923359609997,1.3599999999999994,21.739999999999995,8.540000000000001,Schematic internal layout
PS1-0040,Port1Triplet2,PS1-0040 · Three-way controller socket insulator002,FrontIO,psgrey,1,241.56686682469262,12.400000000000006,4.0,5.399999999999999,Approximate SCPH-1000 exterior; family dimensions and firsthand photographs
PS1-0041,Port1ControllerContact6,PS1-0041 · Controller contact 7 with PCB leg,FrontIO,gold,1,8.19392335961033,1.360000000000003,21.739999999999995,8.540000000000001,Schematic internal layout
PS1-0042,Port1ControllerContact7,PS1-0042 · Controller contact 8 with PCB leg,FrontIO,gold,1,8.19392335961033,1.360000000000003,21.739999999999995,8.540000000000001,Schematic internal layout
PS1-0043,Port1ControllerContact8,PS1-0043 · Controller contact 9 with PCB leg,FrontIO,gold,1,8.193923359610036,1.360000000000003,21.739999999999995,8.540000000000001,Schematic internal layout
PS1-0044,ControllerNumber1,PS1-0044 · 1,Body,psdark,1,0.054413008423044716,2.2374161073825505,0.018000000000000682,3.7583892617449663,Approximate SCPH-1000 exterior; family dimensions and firsthand photographs
PS1-0045,Port1ShutterGrip-1,PS1-0045 · Shutter finger marking,FrontIO,psdark,1,0.04601561944901949,0.3199999999999932,0.030000000000001137,4.799999999999997,Approximate SCPH-1000 exterior; family dimensions and firsthand photographs
PS1-0046,Port1ShutterGrip1,PS1-0046 · Shutter finger marking001,FrontIO,psdark,1,0.04601561944901982,0.3200000000000003,0.030000000000001137,4.799999999999997,Approximate SCPH-1000 exterior; family dimensions and firsthand photographs
PS1-0047,Port2Frame,PS1-0047 · Controller 2 and memory-card front frame,FrontIO,psgrey,1,1924.360682217383,49.400000000000006,3.000000000000014,28.400000000000002,Approximate SCPH-1000 exterior; family dimensions and firsthand photographs
PS1-0048,Port2Case,PS1-0048 · Insulated dual connector housing005,FrontIO,psdark,1,3596.054861876337,47.0,14.9000001,25.799999999999997,Schematic internal layout
PS1-0049,Port2Shutter,PS1-0049 · Memory-card hinged dust shutter001,FrontIO,psgrey,1,260.3409380098813,44.0,0.7999999999999972,7.400000000000006,Approximate SCPH-1000 exterior; family dimensions and firsthand photographs
PS1-0050,Port2CardMark,PS1-0050 · MEMORY CARD001,FrontIO,psdark,10,0.25761507140057344,20.96136754966443,0.01800019999998881,2.143892817449668,Approximate SCPH-1000 exterior; family dimensions and firsthand photographs
PS1-0051,Port2ShutterPin,PS1-0051 · Memory-card shutter pivot001,FrontIO,metal,1,17.75175778466835,43.599999999999994,0.7199999999999989,0.7199999999999989,Schematic internal layout
PS1-0052,Port2CardTongue,PS1-0052 · Eight-contact memory-card tongue001,FrontIO,psgrey,1,319.9158760800514,40.0,10.0,0.7999999999999972,Schematic internal layout
PS1-0053,Port2CardContact0,PS1-0053 · Memory-card contact 001,FrontIO,gold,1,2.9412913624562482,1.25,10.699999999999989,0.21999999999999886,Schematic internal layout
PS1-0054,Port2CardContact1,PS1-0054 · Memory-card contact 002,FrontIO,gold,1,2.9412913624562482,1.25,10.699999999999989,0.21999999999999886,Schematic internal layout
PS1-0055,Port2CardContact2,PS1-0055 · Memory-card contact 003,FrontIO,gold,1,2.941291362456248,1.25,10.699999999999989,0.21999999999999886,Schematic internal layout
PS1-0056,Port2CardContact3,PS1-0056 · Memory-card contact 004,FrontIO,gold,1,2.9412913624562482,1.25,10.699999999999989,0.21999999999999886,Schematic internal layout
PS1-0057,Port2CardContact4,PS1-0057 · Memory-card contact 005,FrontIO,gold,1,2.9412913624562482,1.25,10.699999999999989,0.21999999999999886,Schematic internal layout
PS1-0058,Port2CardContact5,PS1-0058 · Memory-card contact 006,FrontIO,gold,1,2.9412913624562482,1.25,10.699999999999989,0.21999999999999886,Schematic internal layout
PS1-0059,Port2CardContact6,PS1-0059 · Memory-card contact 007,FrontIO,gold,1,2.9412913624562482,1.25,10.699999999999989,0.21999999999999886,Schematic internal layout
PS1-0060,Port2CardContact7,PS1-0060 · Memory-card contact 008,FrontIO,gold,1,2.9412913624562482,1.25,10.699999999999989,0.21999999999999886,Schematic internal layout
PS1-0061,Port2Triplet0,PS1-0061 · Three-way controller socket insulator003,FrontIO,psgrey,1,241.56686682469262,12.400000000000006,4.0,5.399999999999999,Approximate SCPH-1000 exterior; family dimensions and firsthand photographs
PS1-0062,Port2ControllerContact0,PS1-0062 · Controller contact 1 with PCB leg001,FrontIO,gold,1,8.193923359610293,1.360000000000003,21.739999999999995,8.540000000000001,Schematic internal layout
PS1-0063,Port2ControllerContact1,PS1-0063 · Controller contact 2 with PCB leg001,FrontIO,gold,1,8.193923359610324,1.360000000000003,21.739999999999995,8.540000000000001,Schematic internal layout
PS1-0064,Port2ControllerContact2,PS1-0064 · Controller contact 3 with PCB leg001,FrontIO,gold,1,8.193923359610114,1.360000000000003,21.739999999999995,8.540000000000001,Schematic internal layout
PS1-0065,Port2Triplet1,PS1-0065 · Three-way controller socket insulator004,FrontIO,psgrey,1,241.56686682469268,12.400000000000006,4.0,5.399999999999999,Approximate SCPH-1000 exterior; family dimensions and firsthand photographs
PS1-0066,Port2ControllerContact3,PS1-0066 · Controller contact 4 with PCB leg001,FrontIO,gold,1,8.19392335961018,1.3599999999999994,21.739999999999995,8.540000000000001,Schematic internal layout
PS1-0067,Port2ControllerContact4,PS1-0067 · Controller contact 5 with PCB leg001,FrontIO,gold,1,8.193923359609919,1.3599999999999994,21.739999999999995,8.540000000000001,Schematic internal layout
PS1-0068,Port2ControllerContact5,PS1-0068 · Controller contact 6 with PCB leg001,FrontIO,gold,1,8.193923359609553,1.3599999999999994,21.739999999999995,8.540000000000001,Schematic internal layout
PS1-0069,Port2Triplet2,PS1-0069 · Three-way controller socket insulator005,FrontIO,psgrey,1,241.56686682469265,12.400000000000006,4.0,5.399999999999999,Approximate SCPH-1000 exterior; family dimensions and firsthand photographs
PS1-0070,Port2ControllerContact6,PS1-0070 · Controller contact 7 with PCB leg001,FrontIO,gold,1,8.19392335960952,1.3599999999999994,21.739999999999995,8.540000000000001,Schematic internal layout
PS1-0071,Port2ControllerContact7,PS1-0071 · Controller contact 8 with PCB leg001,FrontIO,gold,1,8.193923359610382,1.3599999999999994,21.739999999999995,8.540000000000001,Schematic internal layout
PS1-0072,Port2ControllerContact8,PS1-0072 · Controller contact 9 with PCB leg001,FrontIO,gold,1,8.19392335961006,1.3599999999999994,21.739999999999995,8.540000000000001,Schematic internal layout
PS1-0073,ControllerNumber2,PS1-0073 · 2,Body,psdark,1,0.06448782208571766,2.3859062402684614,0.01800019999998881,3.8228189919463134,Approximate SCPH-1000 exterior; family dimensions and firsthand photographs
PS1-0074,Port2ShutterGrip-1,PS1-0074 · Shutter finger marking002,FrontIO,psdark,1,0.04601561944901982,0.3200000000000003,0.030000000000001137,4.799999999999997,Approximate SCPH-1000 exterior; family dimensions and firsthand photographs
PS1-0075,Port2ShutterGrip1,PS1-0075 · Shutter finger marking003,FrontIO,psdark,1,0.04601561944901949,0.3199999999999932,0.030000000000001137,4.799999999999997,Approximate SCPH-1000 exterior; family dimensions and firsthand photographs
PS1-0076,SerialShell,PS1-0076 · Serial rectangular connector shell,Ports,metal,1,288.8912370893772,19.400000000000006,12.0,8.799999999999997,Approximate SCPH-1000 exterior; family dimensions and firsthand photographs
PS1-0077,SerialTongue,PS1-0077 · Serial insulating tongue,Ports,black,1,192.1538406140636,16.200000000000003,8.799999999999997,1.350000000000005,Schematic internal layout
PS1-0078,SerialContact0,PS1-0078 · Serial contact 1,Ports,gold,1,0.5880298660228527,0.5,7.400000000000006,0.16000000000000014,Schematic internal layout
PS1-0079,SerialContact1,PS1-0079 · Serial contact 2,Ports,gold,1,0.5880298660228527,0.5,7.400000000000006,0.16000000000000014,Schematic internal layout
PS1-0080,SerialContact2,PS1-0080 · Serial contact 3,Ports,gold,1,0.5880298660228528,0.5,7.400000000000006,0.16000000000000014,Schematic internal layout
PS1-0081,SerialContact3,PS1-0081 · Serial contact 4,Ports,gold,1,0.5880298660228527,0.5,7.400000000000006,0.16000000000000014,Schematic internal layout
PS1-0082,SerialContact4,PS1-0082 · Serial contact 5,Ports,gold,1,0.5880298660228528,0.5,7.400000000000006,0.16000000000000014,Schematic internal layout
PS1-0083,SerialContact5,PS1-0083 · Serial contact 6,Ports,gold,1,0.5880298660228527,0.5,7.400000000000006,0.16000000000000014,Schematic internal layout
PS1-0084,SerialContact6,PS1-0084 · Serial contact 7,Ports,gold,1,0.5880298660228527,0.5,7.400000000000006,0.16000000000000014,Schematic internal layout
PS1-0085,SerialContact7,PS1-0085 · Serial contact 8,Ports,gold,1,0.5880298660228527,0.5,7.400000000000006,0.16000000000000014,Schematic internal layout
PS1-0086,MultiAVShell,PS1-0086 · MultiAV rectangular connector shell,Ports,metal,1,288.8912370893771,19.400000000000006,12.0,8.799999999999997,Approximate SCPH-1000 exterior; family dimensions and firsthand photographs
PS1-0087,MultiAVTongue,PS1-0087 · MultiAV insulating tongue,Ports,black,1,192.1538406140636,16.200000000000003,8.799999999999997,1.350000000000005,Schematic internal layout
PS1-0088,MultiAVContact0,PS1-0088 · MultiAV contact 1,Ports,gold,1,0.5880298660228527,0.5,7.400000000000006,0.16000000000000014,Schematic internal layout
PS1-0089,MultiAVContact1,PS1-0089 · MultiAV contact 2,Ports,gold,1,0.5880298660228527,0.5,7.400000000000006,0.16000000000000014,Schematic internal layout
PS1-0090,MultiAVContact2,PS1-0090 · MultiAV contact 3,Ports,gold,1,0.5880298660228527,0.5,7.400000000000006,0.16000000000000014,Schematic internal layout
PS1-0091,MultiAVContact3,PS1-0091 · MultiAV contact 4,Ports,gold,1,0.5880298660228526,0.5,7.400000000000006,0.16000000000000014,Schematic internal layout
PS1-0092,MultiAVContact4,PS1-0092 · MultiAV contact 5,Ports,gold,1,0.5880298660228526,0.5,7.400000000000006,0.16000000000000014,Schematic internal layout
PS1-0093,MultiAVContact5,PS1-0093 · MultiAV contact 6,Ports,gold,1,0.5880298660228527,0.5,7.400000000000006,0.16000000000000014,Schematic internal layout
PS1-0094,MultiAVContact6,PS1-0094 · MultiAV contact 7,Ports,gold,1,0.5880298660228527,0.5,7.400000000000006,0.16000000000000014,Schematic internal layout
PS1-0095,MultiAVContact7,PS1-0095 · MultiAV contact 8,Ports,gold,1,0.5880298660228527,0.5,7.400000000000006,0.16000000000000014,Schematic internal layout
PS1-0096,MultiAVContact8,PS1-0096 · MultiAV contact 9,Ports,gold,1,0.5880298660228527,0.5,7.400000000000006,0.16000000000000014,Schematic internal layout
PS1-0097,MultiAVContact9,PS1-0097 · MultiAV contact 10,Ports,gold,1,0.5880298660228527,0.5,7.400000000000006,0.16000000000000014,Schematic internal layout
PS1-0098,MultiAVContact10,PS1-0098 · MultiAV contact 11,Ports,gold,1,0.5880298660228528,0.5,7.400000000000006,0.16000000000000014,Schematic internal layout
PS1-0099,MultiAVContact11,PS1-0099 · MultiAV contact 12,Ports,gold,1,0.5880298660228528,0.5,7.400000000000006,0.16000000000000014,Schematic internal layout
PS1-0100,AudioRHousing,PS1-0100 · AudioR RCA jack support,Ports,black,1,564.1871624855912,12.400000000000006,7.799999999999997,12.000000000000007,Schematic internal layout
PS1-0101,AudioRBarrel,PS1-0101 · AudioR RCA outer shield,Ports,metal,1,139.08427580046174,9.200000000000003,9.0,9.199999999999996,Approximate SCPH-1000 exterior; family dimensions and firsthand photographs
PS1-0102,AudioRInsulator,PS1-0102 · AudioR RCA colour insulator,Ports,red,1,266.9599773314463,8.0,6.400000000000006,8.0,Approximate SCPH-1000 exterior; family dimensions and firsthand photographs
PS1-0103,AudioRContact,PS1-0103 · AudioR RCA centre socket,Ports,metal,1,37.491766727940586,3.0,10.400000000000006,3.0,Approximate SCPH-1000 exterior; family dimensions and firsthand photographs
PS1-0104,AudioLHousing,PS1-0104 · AudioL RCA jack support,Ports,black,1,564.1871624855912,12.400000000000004,7.799999999999997,12.000000000000007,Schematic internal layout
PS1-0105,AudioLBarrel,PS1-0105 · AudioL RCA outer shield,Ports,metal,1,139.08427580046174,9.2,9.0,9.199999999999996,Approximate SCPH-1000 exterior; family dimensions and firsthand photographs
PS1-0106,AudioLInsulator,PS1-0106 · AudioL RCA colour insulator,Ports,white,1,266.95997733144634,8.0,6.400000000000006,8.0,Approximate SCPH-1000 exterior; family dimensions and firsthand photographs
PS1-0107,AudioLContact,PS1-0107 · AudioL RCA centre socket,Ports,metal,1,37.491766727940586,3.0,10.400000000000006,3.0,Approximate SCPH-1000 exterior; family dimensions and firsthand photographs
PS1-0108,VideoHousing,PS1-0108 · Video RCA jack support,Ports,black,1,564.1871624855912,12.400000000000004,7.799999999999997,12.000000000000007,Schematic internal layout
PS1-0109,VideoBarrel,PS1-0109 · Video RCA outer shield,Ports,metal,1,139.08427580046174,9.2,9.0,9.199999999999996,Approximate SCPH-1000 exterior; family dimensions and firsthand photographs
PS1-0110,VideoInsulator,PS1-0110 · Video RCA colour insulator,Ports,yellow,1,266.95997733144634,8.0,6.400000000000006,8.0,Approximate SCPH-1000 exterior; family dimensions and firsthand photographs
PS1-0111,VideoContact,PS1-0111 · Video RCA centre socket,Ports,metal,1,37.491766727940586,3.0,10.400000000000006,3.0,Approximate SCPH-1000 exterior; family dimensions and firsthand photographs
PS1-0112,RFUDCHousing,PS1-0112 · RFU 2.5 mm DC socket housing,Ports,psgrey,1,93.08853191851915,5.0,8.400000000000006,4.9999999999999964,Approximate SCPH-1000 exterior; family dimensions and firsthand photographs
PS1-0113,RFUDCContact,PS1-0113 · RFU DC socket contact,Ports,metal,1,29.097116998283294,2.96,8.200000000000003,2.960000000000001,Approximate SCPH-1000 exterior; family dimensions and firsthand photographs
PS1-0114,SVideoShield,PS1-0114 · SCPH-1000 dedicated S-video shield,Ports,metal,1,182.85011721688738,11.599999999999998,11.599999999999994,11.600000000000001,Approximate SCPH-1000 exterior; family dimensions and firsthand photographs
PS1-0115,SVideoInsulator,PS1-0115 · Keyed four-pin S-video insulator,Ports,psgrey,1,441.1742058499362,10.200000000000003,6.0,10.164582904840241,Approximate SCPH-1000 exterior; family dimensions and firsthand photographs
PS1-0116,SVideoContact0,PS1-0116 · S-video socket contact 1,Ports,gold,1,2.6580701282757864,0.9600000000000009,6.299999999999997,0.9600000000000009,Approximate SCPH-1000 exterior; family dimensions and firsthand photographs
PS1-0117,SVideoContact1,PS1-0117 · S-video socket contact 2,Ports,gold,1,2.6580701282757864,0.9600000000000009,6.299999999999997,0.9600000000000009,Approximate SCPH-1000 exterior; family dimensions and firsthand photographs
PS1-0118,SVideoContact2,PS1-0118 · S-video socket contact 3,Ports,gold,1,2.6580701282757873,0.9600000000000009,6.299999999999997,0.9600000000000009,Approximate SCPH-1000 exterior; family dimensions and firsthand photographs
PS1-0119,SVideoContact3,PS1-0119 · S-video socket contact 4,Ports,gold,1,2.6580701282757864,0.9600000000000009,6.299999999999997,0.9600000000000009,Approximate SCPH-1000 exterior; family dimensions and firsthand photographs
PS1-0120,ParallelHousing,PS1-0120 · 68-contact parallel expansion housing,Ports,black,1,2304.904934754287,60.0,9.0,14.399999999999999,Schematic internal layout
PS1-0121,ParallelTongue,PS1-0121 · Parallel connector centre tongue,Ports,black,1,1159.748300707291,56.0,7.400000000000006,2.800000000000008,Schematic internal layout
PS1-0122,ParallelContact0,PS1-0122 · Parallel I/O contact 1,Ports,gold,1,0.6898554192369027,0.45000000000001705,6.700000000000003,0.23000000000000043,Schematic internal layout
PS1-0123,ParallelContact1,PS1-0123 · Parallel I/O contact 2,Ports,gold,1,0.6898554192369027,0.45000000000001705,6.700000000000003,0.23000000000000043,Schematic internal layout
PS1-0124,ParallelContact2,PS1-0124 · Parallel I/O contact 3,Ports,gold,1,0.6898554192369027,0.45000000000001705,6.700000000000003,0.23000000000000043,Schematic internal layout
PS1-0125,ParallelContact3,PS1-0125 · Parallel I/O contact 4,Ports,gold,1,0.6898554192369029,0.45000000000001705,6.700000000000003,0.23000000000000043,Schematic internal layout
PS1-0126,ParallelContact4,PS1-0126 · Parallel I/O contact 5,Ports,gold,1,0.6898554192369027,0.45000000000001705,6.700000000000003,0.23000000000000043,Schematic internal layout
PS1-0127,ParallelContact5,PS1-0127 · Parallel I/O contact 6,Ports,gold,1,0.6898554192369029,0.45000000000001705,6.700000000000003,0.23000000000000043,Schematic internal layout
PS1-0128,ParallelContact6,PS1-0128 · Parallel I/O contact 7,Ports,gold,1,0.6898554192369027,0.45000000000001705,6.700000000000003,0.23000000000000043,Schematic internal layout
PS1-0129,ParallelContact7,PS1-0129 · Parallel I/O contact 8,Ports,gold,1,0.6898554192369029,0.45000000000001705,6.700000000000003,0.23000000000000043,Schematic internal layout
PS1-0130,ParallelContact8,PS1-0130 · Parallel I/O contact 9,Ports,gold,1,0.6898554192369029,0.45000000000001705,6.700000000000003,0.23000000000000043,Schematic internal layout
PS1-0131,ParallelContact9,PS1-0131 · Parallel I/O contact 10,Ports,gold,1,0.6898554192369027,0.45000000000001705,6.700000000000003,0.23000000000000043,Schematic internal layout
PS1-0132,ParallelContact10,PS1-0132 · Parallel I/O contact 11,Ports,gold,1,0.6898554192369029,0.45000000000001705,6.700000000000003,0.23000000000000043,Schematic internal layout
PS1-0133,ParallelContact11,PS1-0133 · Parallel I/O contact 12,Ports,gold,1,0.6898554192369027,0.45000000000001705,6.700000000000003,0.23000000000000043,Schematic internal layout
PS1-0134,ParallelContact12,PS1-0134 · Parallel I/O contact 13,Ports,gold,1,0.6898554192369027,0.45000000000001705,6.700000000000003,0.23000000000000043,Schematic internal layout
PS1-0135,ParallelContact13,PS1-0135 · Parallel I/O contact 14,Ports,gold,1,0.6898554192369029,0.45000000000001705,6.700000000000003,0.23000000000000043,Schematic internal layout
PS1-0136,ParallelContact14,PS1-0136 · Parallel I/O contact 15,Ports,gold,1,0.6898554192369029,0.45000000000001705,6.700000000000003,0.23000000000000043,Schematic internal layout
PS1-0137,ParallelContact15,PS1-0137 · Parallel I/O contact 16,Ports,gold,1,0.6898554192369029,0.45000000000001705,6.700000000000003,0.23000000000000043,Schematic internal layout
PS1-0138,ParallelContact16,PS1-0138 · Parallel I/O contact 17,Ports,gold,1,0.6898554192369029,0.45000000000001705,6.700000000000003,0.23000000000000043,Schematic internal layout
PS1-0139,ParallelContact17,PS1-0139 · Parallel I/O contact 18,Ports,gold,1,0.6898554192369027,0.45000000000001705,6.700000000000003,0.23000000000000043,Schematic internal layout
PS1-0140,ParallelContact18,PS1-0140 · Parallel I/O contact 19,Ports,gold,1,0.6898554192369027,0.45000000000001705,6.700000000000003,0.23000000000000043,Schematic internal layout
PS1-0141,ParallelContact19,PS1-0141 · Parallel I/O contact 20,Ports,gold,1,0.6898554192369029,0.45000000000001705,6.700000000000003,0.23000000000000043,Schematic internal layout
PS1-0142,ParallelContact20,PS1-0142 · Parallel I/O contact 21,Ports,gold,1,0.6898554192369029,0.45000000000001705,6.700000000000003,0.23000000000000043,Schematic internal layout
PS1-0143,ParallelContact21,PS1-0143 · Parallel I/O contact 22,Ports,gold,1,0.6898554192369027,0.45000000000001705,6.700000000000003,0.23000000000000043,Schematic internal layout
PS1-0144,ParallelContact22,PS1-0144 · Parallel I/O contact 23,Ports,gold,1,0.6898554192369029,0.45000000000001705,6.700000000000003,0.23000000000000043,Schematic internal layout
PS1-0145,ParallelContact23,PS1-0145 · Parallel I/O contact 24,Ports,gold,1,0.6898554192369027,0.45000000000001705,6.700000000000003,0.23000000000000043,Schematic internal layout
PS1-0146,ParallelContact24,PS1-0146 · Parallel I/O contact 25,Ports,gold,1,0.6898554192369027,0.45000000000001705,6.700000000000003,0.23000000000000043,Schematic internal layout
PS1-0147,ParallelContact25,PS1-0147 · Parallel I/O contact 26,Ports,gold,1,0.6898554192369029,0.45000000000001705,6.700000000000003,0.23000000000000043,Schematic internal layout
PS1-0148,ParallelContact26,PS1-0148 · Parallel I/O contact 27,Ports,gold,1,0.6898554192369029,0.45000000000001705,6.700000000000003,0.23000000000000043,Schematic internal layout
PS1-0149,ParallelContact27,PS1-0149 · Parallel I/O contact 28,Ports,gold,1,0.6898554192369029,0.45000000000001705,6.700000000000003,0.23000000000000043,Schematic internal layout
PS1-0150,ParallelContact28,PS1-0150 · Parallel I/O contact 29,Ports,gold,1,0.6898554192369029,0.45000000000001705,6.700000000000003,0.23000000000000043,Schematic internal layout
PS1-0151,ParallelContact29,PS1-0151 · Parallel I/O contact 30,Ports,gold,1,0.6898554192369027,0.45000000000001705,6.700000000000003,0.23000000000000043,Schematic internal layout
PS1-0152,ParallelContact30,PS1-0152 · Parallel I/O contact 31,Ports,gold,1,0.6898554192369027,0.45000000000001705,6.700000000000003,0.23000000000000043,Schematic internal layout
PS1-0153,ParallelContact31,PS1-0153 · Parallel I/O contact 32,Ports,gold,1,0.6898554192369029,0.45000000000001705,6.700000000000003,0.23000000000000043,Schematic internal layout
PS1-0154,ParallelContact32,PS1-0154 · Parallel I/O contact 33,Ports,gold,1,0.6898554192369029,0.45000000000001705,6.700000000000003,0.23000000000000043,Schematic internal layout
PS1-0155,ParallelContact33,PS1-0155 · Parallel I/O contact 34,Ports,gold,1,0.6898554192369029,0.45000000000001705,6.700000000000003,0.23000000000000043,Schematic internal layout
PS1-0156,ParallelContact34,PS1-0156 · Parallel I/O contact 35,Ports,gold,1,0.6898554192369027,0.45000000000001705,6.700000000000003,0.23000000000000043,Schematic internal layout
PS1-0157,ParallelContact35,PS1-0157 · Parallel I/O contact 36,Ports,gold,1,0.6898554192369027,0.45000000000001705,6.700000000000003,0.23000000000000043,Schematic internal layout
PS1-0158,ParallelContact36,PS1-0158 · Parallel I/O contact 37,Ports,gold,1,0.6898554192369029,0.45000000000001705,6.700000000000003,0.23000000000000043,Schematic internal layout
PS1-0159,ParallelContact37,PS1-0159 · Parallel I/O contact 38,Ports,gold,1,0.689855419236903,0.45000000000001705,6.700000000000003,0.23000000000000043,Schematic internal layout
PS1-0160,ParallelContact38,PS1-0160 · Parallel I/O contact 39,Ports,gold,1,0.6898554192369029,0.45000000000001705,6.700000000000003,0.23000000000000043,Schematic internal layout
PS1-0161,ParallelContact39,PS1-0161 · Parallel I/O contact 40,Ports,gold,1,0.6898554192369029,0.45000000000001705,6.700000000000003,0.23000000000000043,Schematic internal layout
PS1-0162,ParallelContact40,PS1-0162 · Parallel I/O contact 41,Ports,gold,1,0.6898554192369027,0.45000000000001705,6.700000000000003,0.23000000000000043,Schematic internal layout
PS1-0163,ParallelContact41,PS1-0163 · Parallel I/O contact 42,Ports,gold,1,0.6898554192369029,0.45000000000001705,6.700000000000003,0.23000000000000043,Schematic internal layout
PS1-0164,ParallelContact42,PS1-0164 · Parallel I/O contact 43,Ports,gold,1,0.689855419236903,0.45000000000001705,6.700000000000003,0.23000000000000043,Schematic internal layout
PS1-0165,ParallelContact43,PS1-0165 · Parallel I/O contact 44,Ports,gold,1,0.6898554192369029,0.45000000000001705,6.700000000000003,0.23000000000000043,Schematic internal layout
PS1-0166,ParallelContact44,PS1-0166 · Parallel I/O contact 45,Ports,gold,1,0.6898554192369029,0.45000000000001705,6.700000000000003,0.23000000000000043,Schematic internal layout
PS1-0167,ParallelContact45,PS1-0167 · Parallel I/O contact 46,Ports,gold,1,0.6898554192369027,0.45000000000001705,6.700000000000003,0.23000000000000043,Schematic internal layout
PS1-0168,ParallelContact46,PS1-0168 · Parallel I/O contact 47,Ports,gold,1,0.6898554192369029,0.45000000000001705,6.700000000000003,0.23000000000000043,Schematic internal layout
PS1-0169,ParallelContact47,PS1-0169 · Parallel I/O contact 48,Ports,gold,1,0.6898554192369029,0.45000000000001705,6.700000000000003,0.23000000000000043,Schematic internal layout
PS1-0170,ParallelContact48,PS1-0170 · Parallel I/O contact 49,Ports,gold,1,0.6898554192369027,0.45000000000001705,6.700000000000003,0.23000000000000043,Schematic internal layout
PS1-0171,ParallelContact49,PS1-0171 · Parallel I/O contact 50,Ports,gold,1,0.6898554192369029,0.45000000000001705,6.700000000000003,0.23000000000000043,Schematic internal layout
PS1-0172,ParallelContact50,PS1-0172 · Parallel I/O contact 51,Ports,gold,1,0.6898554192369029,0.45000000000001705,6.700000000000003,0.23000000000000043,Schematic internal layout
PS1-0173,ParallelContact51,PS1-0173 · Parallel I/O contact 52,Ports,gold,1,0.6898554192369029,0.45000000000001705,6.700000000000003,0.23000000000000043,Schematic internal layout
PS1-0174,ParallelContact52,PS1-0174 · Parallel I/O contact 53,Ports,gold,1,0.6898554192369027,0.45000000000001705,6.700000000000003,0.23000000000000043,Schematic internal layout
PS1-0175,ParallelContact53,PS1-0175 · Parallel I/O contact 54,Ports,gold,1,0.6898554192369027,0.45000000000001705,6.700000000000003,0.23000000000000043,Schematic internal layout
PS1-0176,ParallelContact54,PS1-0176 · Parallel I/O contact 55,Ports,gold,1,0.6898554192369029,0.45000000000001705,6.700000000000003,0.23000000000000043,Schematic internal layout
PS1-0177,ParallelContact55,PS1-0177 · Parallel I/O contact 56,Ports,gold,1,0.6898554192369027,0.45000000000001705,6.700000000000003,0.23000000000000043,Schematic internal layout
PS1-0178,ParallelContact56,PS1-0178 · Parallel I/O contact 57,Ports,gold,1,0.6898554192369029,0.45000000000001705,6.700000000000003,0.23000000000000043,Schematic internal layout
PS1-0179,ParallelContact57,PS1-0179 · Parallel I/O contact 58,Ports,gold,1,0.6898554192369027,0.45000000000001705,6.700000000000003,0.23000000000000043,Schematic internal layout
PS1-0180,ParallelContact58,PS1-0180 · Parallel I/O contact 59,Ports,gold,1,0.6898554192369027,0.45000000000001705,6.700000000000003,0.23000000000000043,Schematic internal layout
PS1-0181,ParallelContact59,PS1-0181 · Parallel I/O contact 60,Ports,gold,1,0.6898554192369029,0.45000000000001705,6.700000000000003,0.23000000000000043,Schematic internal layout
PS1-0182,ParallelContact60,PS1-0182 · Parallel I/O contact 61,Ports,gold,1,0.6898554192369029,0.45000000000001705,6.700000000000003,0.23000000000000043,Schematic internal layout
PS1-0183,ParallelContact61,PS1-0183 · Parallel I/O contact 62,Ports,gold,1,0.6898554192369026,0.45000000000001705,6.700000000000003,0.23000000000000043,Schematic internal layout
PS1-0184,ParallelContact62,PS1-0184 · Parallel I/O contact 63,Ports,gold,1,0.6898554192369027,0.45000000000001705,6.700000000000003,0.23000000000000043,Schematic internal layout
PS1-0185,ParallelContact63,PS1-0185 · Parallel I/O contact 64,Ports,gold,1,0.6898554192369027,0.45000000000001705,6.700000000000003,0.23000000000000043,Schematic internal layout
PS1-0186,ParallelContact64,PS1-0186 · Parallel I/O contact 65,Ports,gold,1,0.6898554192369029,0.45000000000001705,6.700000000000003,0.23000000000000043,Schematic internal layout
PS1-0187,ParallelContact65,PS1-0187 · Parallel I/O contact 66,Ports,gold,1,0.6898554192369029,0.45000000000001705,6.700000000000003,0.23000000000000043,Schematic internal layout
PS1-0188,ParallelContact66,PS1-0188 · Parallel I/O contact 67,Ports,gold,1,0.6898554192369029,0.45000000000001705,6.700000000000003,0.23000000000000043,Schematic internal layout
PS1-0189,ParallelContact67,PS1-0189 · Parallel I/O contact 68,Ports,gold,1,0.689855419236903,0.45000000000001705,6.700000000000003,0.23000000000000043,Schematic internal layout
PS1-0190,ParallelCover,PS1-0190 · Removable parallel I/O dust cover,Body,psgrey,1,1128.3092915845664,61.40000000000002,1.0,18.400000000000006,Approximate SCPH-1000 exterior; family dimensions and firsthand photographs
PS1-0191,ParallelCoverArrow,PS1-0191 · <,Body,psdark,1,0.037662576133254674,2.823196308724846,0.018000000000000682,2.4147651006711435,Approximate SCPH-1000 exterior; family dimensions and firsthand photographs
PS1-0192,ACInlet,PS1-0192 · Japanese two-pin nonpolarized AC inlet001,Power,black,1,2517.5967929952235,24.80000000000001,10.0,14.600000000000001,Approximate SCPH-1000 exterior; family dimensions and firsthand photographs
PS1-0193,ACPin0,PS1-0193 · AC inlet contact 001,Power,metal,1,30.654287780881795,1.8400000000000034,15.320000000000007,13.520000000000001,Schematic internal layout
PS1-0194,ACPin1,PS1-0194 · AC inlet contact 002,Power,metal,1,30.654287780881727,1.8400000000000034,15.320000000000007,13.520000000000001,Schematic internal layout
PS1-0195,RearSerialLegend,PS1-0195 · SERIAL,Body,psdark,6,0.07623469186992145,7.729142297986577,0.01800019999998881,1.7053693275167845,Approximate SCPH-1000 exterior; family dimensions and firsthand photographs
PS1-0196,RearAudioRLegend,PS1-0196 · R,Body,psdark,1,0.016656696073876737,1.2805685724832259,0.01800019999998881,1.6442955020134278,Approximate SCPH-1000 exterior; family dimensions and firsthand photographs
PS1-0197,RearAudioLLegend,PS1-0197 · L,Body,psdark,1,0.009290751261204575,1.0229131711409405,0.018000000000000682,1.6442953020134254,Approximate SCPH-1000 exterior; family dimensions and firsthand photographs
PS1-0198,RearRFULegend,PS1-0198 · DC,Body,psdark,2,0.030191702468863532,2.969274528859061,0.01800019999998881,1.7053693275167845,Approximate SCPH-1000 exterior; family dimensions and firsthand photographs
PS1-0199,RearVideoLegend,PS1-0199 · VIDEO,Body,psdark,5,0.0691744614294771,7.000513942281879,0.01800019999998881,1.7053693275167845,Approximate SCPH-1000 exterior; family dimensions and firsthand photographs
PS1-0200,RearSVideoLegend,PS1-0200 · S-VIDEO,Body,psdark,7,0.08517268664886847,8.98357822013423,0.01800019999998881,1.7053693275167845,Approximate SCPH-1000 exterior; family dimensions and firsthand photographs
PS1-0201,RearMultiAVLegend,PS1-0201 · AV MULTI,Body,psdark,7,0.09032833079797872,9.995920721476516,0.01800019999998881,1.6771814080536984,Approximate SCPH-1000 exterior; family dimensions and firsthand photographs
PS1-0202,RearParallelLegend,PS1-0202 · PARALLEL I/O,Body,psdark,11,0.1325054629940406,15.986472515436233,0.01800019999998881,1.8791947308724843,Approximate SCPH-1000 exterior; family dimensions and firsthand photographs
PS1-0203,RearACLegend,PS1-0203 · AC IN,Body,psdark,4,0.05268756566922119,5.911021392617457,0.01800019999998881,1.7053693275167845,Approximate SCPH-1000 exterior; family dimensions and firsthand photographs
PS1-0204,DiscWell,PS1-0204 · Tapered disc recess with optical-mechanism opening007,Optical,psgrey,2,45208.4681273641,169.6,169.6,14.600000200000025,Approximate SCPH-1000 exterior; family dimensions and firsthand photographs
PS1-0205,HingeBracket0,PS1-0205 · Fixed disc-cover hinge support,Optical,psgrey,1,1461.3998000457148,16.0,11.0,11.5,Schematic internal layout
PS1-0206,LidHingePin0,PS1-0206 · Disc-cover steel pivot,Optical,metal,1,37.952449874662996,15.600000000000001,1.759999999999991,1.7600000000000051,Schematic internal layout
PS1-0207,HingeBracket1,PS1-0207 · Fixed disc-cover hinge support005,Optical,psgrey,1,1334.901426563325,20.0,11.0,13.0,Schematic internal layout
PS1-0208,LidHingePin1,PS1-0208 · Disc-cover steel pivot001,Optical,metal,1,37.95244987466299,15.600000000000001,1.759999999999991,1.7600000000000051,Schematic internal layout
PS1-0209,LidTorsionSpring1,PS1-0209 · Disc-cover return spring study001,Optical,metal,1,3.202013783453405,2.7392120236149395,3.140066342974137,3.139999047533898,Schematic internal layout
PS1-0210,OpenReleaseSlider,PS1-0210 · L-shaped OPEN button and latch transmission,Controls,psdark,1,515.45095432609,47.599999999999994,16.0,3.6499999999999986,Schematic internal layout
PS1-0211,OpenSliderGuide,PS1-0211 · Latch-slider guide channel,Controls,psgrey,1,294.7748667764616,8.0,10.0,5.0,Schematic internal layout
PS1-0212,OpenReturnSpring,PS1-0212 · OPEN button compression return spring,Controls,metal,1,3.139133846319904,6.339994113992148,6.340019640505844,1.4398280847686706,Schematic internal layout
PS1-0213,PSBadgeRed,PS1-0213 · Original-family red P badge study,Optical,red,1,0.9191700000000085,7.2,12.8,0.018000000000000682,Approximate SCPH-1000 exterior; family dimensions and firsthand photographs
PS1-0214,PSBadgeYellow,PS1-0214 · Original-family yellow badge band,Optical,yellow,1,0.42934534895444415,9.000000199999999,5.963481636119056,0.01800020000000302,Approximate SCPH-1000 exterior; family dimensions and firsthand photographs
PS1-0215,PSBadgeGreen,PS1-0215 · Japanese-family green badge band,Optical,psgreen,1,0.42529936980145233,9.0000002,5.981424169999723,0.01800020000000302,Approximate SCPH-1000 exterior; family dimensions and firsthand photographs
PS1-0216,PSBadgeBrown,PS1-0216 · Japanese-family brown badge field,Optical,psbrown,2,0.3155133739978734,11.0000002,2.7533302648997733,0.01800020000000302,Approximate SCPH-1000 exterior; family dimensions and firsthand photographs
PS1-0217,OpticalBase,PS1-0217 · Suspended optical-drive base001,Optical,black,1,15234.917119038178,106.0,79.0,2.4000000000000092,Approximate SCPH-1000 exterior; family dimensions and firsthand photographs
PS1-0218,OpticalPeg0,PS1-0218 · Optical-drive steel support peg003,Optical,metal,1,186.29644435787478,8.0,8.0,12.8,Schematic internal layout
PS1-0219,OpticalGrommet0,PS1-0219 · Grooved rubber suspension grommet,Optical,rubber,1,282.9224096043359,10.0,10.0,6.000000200000002,Schematic internal layout
PS1-0220,OpticalPeg1,PS1-0220 · Optical-drive steel support peg004,Optical,metal,1,186.29644435787475,8.0,8.0,12.8,Schematic internal layout
PS1-0221,OpticalGrommet1,PS1-0221 · Grooved rubber suspension grommet001,Optical,rubber,1,282.9224096043359,10.0,10.0,6.000000200000002,Schematic internal layout
PS1-0222,OpticalPeg2,PS1-0222 · Optical-drive steel support peg005,Optical,metal,1,186.29644435787475,8.0,8.0,12.8,Schematic internal layout
PS1-0223,OpticalGrommet2,PS1-0223 · Grooved rubber suspension grommet002,Optical,rubber,1,282.92240960433594,10.0,10.0,6.000000200000002,Schematic internal layout
PS1-0224,SpindleMotor,PS1-0224 · Spindle motor casing,Optical,metal,1,3257.2032632418973,18.0,18.0,12.8,Schematic internal layout
PS1-0225,SpindleMotorCap,PS1-0225 · Spindle motor end cap,Optical,metal,1,152.68140296446407,18.0,18.0,0.6000000000000014,Schematic internal layout
PS1-0226,SpindleShaft,PS1-0226 · Spindle motor shaft,Optical,metal,1,18.849555921538755,2.0,2.0,6.0,Schematic internal layout
PS1-0227,SpindleHub,PS1-0227 · Disc-support spindle flange,Optical,black,1,627.2378228451232,21.2,21.2,1.7999999999999972,Approximate SCPH-1000 exterior; family dimensions and firsthand photographs
PS1-0228,SpindleClipSpring0,PS1-0228 · Spindle clip spring seat,Optical,metal,1,0.04865698701879869,0.3200000000000003,0.43999999999999995,0.4399999999999977,Schematic internal layout
PS1-0229,SpindleBall0,PS1-0229 · Disc retaining ball,Optical,metal,1,2.3095648776326616,1.6399999999999997,1.6400000000000001,1.6400000000000006,Approximate SCPH-1000 exterior; family dimensions and firsthand photographs
PS1-0230,SpindleClipSpring1,PS1-0230 · Spindle clip spring seat001,Optical,metal,1,0.04865698701879859,0.5410511776651532,0.4971281292110188,0.4399999999999977,Schematic internal layout
PS1-0231,SpindleBall1,PS1-0231 · Disc retaining ball001,Optical,metal,1,2.309564877632662,1.6399999999999997,1.6400000000000006,1.6400000000000006,Approximate SCPH-1000 exterior; family dimensions and firsthand photographs
PS1-0232,SpindleClipSpring2,PS1-0232 · Spindle clip spring seat002,Optical,metal,1,0.048656987018798614,0.5410511776651532,0.49712812921102056,0.4399999999999977,Schematic internal layout
PS1-0233,SpindleBall2,PS1-0233 · Disc retaining ball002,Optical,metal,1,2.3095648776326616,1.6400000000000001,1.6399999999999997,1.6400000000000006,Approximate SCPH-1000 exterior; family dimensions and firsthand photographs
PS1-0234,SpindleCrown,PS1-0234 · Three-point disc centring crown001,Optical,black,1,125.00764283241324,14.800000200000024,14.8000002,2.400000200000001,Approximate SCPH-1000 exterior; family dimensions and firsthand photographs
PS1-0235,OpticalDeck,PS1-0235 · Optical-drive upper cover with pickup window,Optical,black,1,7466.427904415765,101.0,75.0,1.2999999999999972,Approximate SCPH-1000 exterior; family dimensions and firsthand photographs
PS1-0236,PickupRail-1,PS1-0236 · Optical pickup guide rail,Optical,metal,1,155.86226552622372,2.1000000000000014,45.0,2.0999999999999943,Schematic internal layout
PS1-0237,PickupRail1,PS1-0237 · Optical pickup guide rail001,Optical,metal,1,155.86226552622372,2.1000000000000014,45.0,2.0999999999999943,Schematic internal layout
PS1-0238,PickupCarriage,PS1-0238 · Optical pickup carriage and rail sleeves001,Optical,metal,1,3061.879214932171,30.200000199999998,18.000000200000002,6.8000001999999995,Schematic internal layout
PS1-0239,LensHolder,PS1-0239 · Laser pickup lens holder,Optical,black,1,365.53801643678673,11.0,12.0,2.799999999999997,Schematic internal layout
PS1-0240,LensBarrel,PS1-0240 · Objective lens retaining barrel,Optical,black,1,20.42035224833367,6.0,6.0,1.2999999999999972,Approximate SCPH-1000 exterior; family dimensions and firsthand photographs
PS1-0241,ObjectiveLens,PS1-0241 · Convex optical pickup objective,Optical,psblue,1,11.964894445252108,3.7,3.700000000000003,1.6000000000000014,Approximate SCPH-1000 exterior; family dimensions and firsthand photographs
PS1-0242,SledMotor,PS1-0242 · Horizontal pickup-feed motor,Optical,metal,1,1648.9591520162107,10.799999999999997,18.0,10.799999999999997,Schematic internal layout
PS1-0243,SledMotorCap,PS1-0243 · Pickup-feed motor end cap,Optical,black,1,73.28707342294263,10.799999999999997,0.7999999999999972,10.799999999999997,Schematic internal layout
PS1-0244,SledMotorShaft,PS1-0244 · Pickup-feed motor shaft,Optical,metal,1,15.085927922538179,1.4000000000000057,9.799999999999997,1.4000000000000057,Schematic internal layout
PS1-0245,SledWorm,PS1-0245 · Pickup-feed helical worm study,Optical,white,1,38.22205514321855,4.059999574610906,6.350907741799524,4.06000064341147,Schematic internal layout
PS1-0246,FeedReductionGear,PS1-0246 · Compound pickup reduction gear,Optical,white,1,93.18019091466135,10.762122879894648,10.762122879894648,3.5000000000000213,Schematic internal layout
PS1-0247,FeedGearAxle,PS1-0247 · Pickup reduction-gear axle,Optical,metal,1,6.927211801165491,1.3999999999999986,1.4000000000000057,4.5,Schematic internal layout
PS1-0248,PickupRack,PS1-0248 · Pickup feed rack and carriage arm,Optical,white,1,92.5919999999989,13.55,43.0,2.0,Schematic internal layout
PS1-0249,OpticalMotorPCB,PS1-0249 · Optical motor terminal board,Optical,pcb,1,101.78539816339746,6.0,17.0,1.0,Schematic internal layout
PS1-0250,OpticalTerminal,PS1-0250 · Four-way motor connector,Optical,white,1,42.7896902001295,4.299999999999997,5.0,2.0,Schematic internal layout
PS1-0251,OpticalTerminalPin0,PS1-0251 · Optical motor connector pin,Optical,metal,1,0.1612181946710572,0.3200000000000074,2.8000000000000114,0.17999999999999972,Schematic internal layout
PS1-0252,OpticalTerminalPin1,PS1-0252 · Optical motor connector pin001,Optical,metal,1,0.1612181946710572,0.3200000000000074,2.8000000000000114,0.17999999999999972,Schematic internal layout
PS1-0253,OpticalTerminalPin2,PS1-0253 · Optical motor connector pin002,Optical,metal,1,0.16121819467105716,0.3200000000000074,2.8000000000000114,0.17999999999999972,Schematic internal layout
PS1-0254,OpticalTerminalPin3,PS1-0254 · Optical motor connector pin003,Optical,metal,1,0.16121819467105716,0.3200000000000074,2.8000000000000114,0.17999999999999972,Schematic internal layout
PS1-0255,LaserWarningLabel,PS1-0255 · Optical pickup caution label,Optical,yellow,1,3.6393240042145836,13.0,8.0,0.03499999999999659,Approximate SCPH-1000 exterior; family dimensions and firsthand photographs
PS1-0256,LaserWarningText,PS1-0256 · LASER,Optical,black,5,0.03553655511826824,4.988517297986583,1.2181210053691345,0.01800020000000302,Approximate SCPH-1000 exterior; family dimensions and firsthand photographs
PS1-0257,PickupFlex,PS1-0257 · Folded optical-pickup flexible circuit,Wiring,flex,1,107.03999999999998,12.0,24.0,20.800000000000004,Schematic internal layout
PS1-0258,PickupFlexTrace0,PS1-0258 · Optical flex conductor 1,Wiring,copper,1,0.5396600000000153,0.5499999999999998,24.0,20.622,Schematic internal layout
PS1-0259,PickupFlexTrace1,PS1-0259 · Optical flex conductor 2,Wiring,copper,1,0.5396600000000082,0.5499999999999998,24.0,20.622,Schematic internal layout
PS1-0260,PickupFlexTrace2,PS1-0260 · Optical flex conductor 3,Wiring,copper,1,0.5396600000000153,0.5500000000000003,24.0,20.622,Schematic internal layout
PS1-0261,PickupFlexTrace3,PS1-0261 · Optical flex conductor 4,Wiring,copper,1,0.5396600000000153,0.55,24.0,20.622,Schematic internal layout
PS1-0262,PickupFlexTrace4,PS1-0262 · Optical flex conductor 5,Wiring,copper,1,0.5396600000000153,0.55,24.0,20.622,Schematic internal layout
PS1-0263,PickupFlexTrace5,PS1-0263 · Optical flex conductor 6,Wiring,copper,1,0.5396600000000153,0.55,24.0,20.622,Schematic internal layout
PS1-0264,PickupFlexTrace6,PS1-0264 · Optical flex conductor 7,Wiring,copper,1,0.5396600000000118,0.55,24.0,20.622,Schematic internal layout
PS1-0265,PickupFlexTrace7,PS1-0265 · Optical flex conductor 8,Wiring,copper,1,0.5396600000000153,0.5499999999999998,24.0,20.622,Schematic internal layout
PS1-0266,PickupFlexTrace8,PS1-0266 · Optical flex conductor 9,Wiring,copper,1,0.5396600000000118,0.5499999999999998,24.0,20.622,Schematic internal layout
PS1-0267,PickupFlexTrace9,PS1-0267 · Optical flex conductor 10,Wiring,copper,1,0.5396600000000118,0.5499999999999998,24.0,20.622,Schematic internal layout
PS1-0268,OpticalPowerLead0,PS1-0268 · Optical motor power lead,Wiring,white,1,51.79803567054223,22.9000002,49.569526286428925,23.38383588777878,Schematic internal layout
PS1-0269,OpticalPowerLead1,PS1-0269 · Optical motor power lead001,Wiring,psdark,1,48.00608809185304,22.900000200000015,46.58698011050302,23.378645030825695,Schematic internal layout
PS1-0270,Mainboard,PS1-0270 · PU-7 two-sided main circuit board004,Mainboard,pcb,1,57909.02720444623,210.0,174.0000000000001,1.5999999999999996,Approximate SCPH-1000 exterior; family dimensions and firsthand photographs
PS1-0271,BoardMountPad0,PS1-0271 · Mainboard mounting ground land,Mainboard,gold,1,0.3887720908817386,5.599999999999994,5.599999999999994,0.025000000000000355,Schematic internal layout
PS1-0272,BoardMountPad1,PS1-0272 · Mainboard mounting ground land001,Mainboard,gold,1,0.3887720908817386,5.599999999999994,5.599999999999994,0.025000000000000355,Schematic internal layout
PS1-0273,BoardMountPad2,PS1-0273 · Mainboard mounting ground land002,Mainboard,gold,1,0.3887720908817386,5.599999999999994,5.599999999999994,0.025000000000000355,Schematic internal layout
PS1-0274,BoardMountPad3,PS1-0274 · Mainboard mounting ground land003,Mainboard,gold,1,0.3887720908817386,5.599999999999994,5.599999999999994,0.025000000000000355,Schematic internal layout
PS1-0275,BoardMountPad4,PS1-0275 · Mainboard mounting ground land004,Mainboard,gold,1,0.3887720908817388,5.599999999999994,5.599999999999994,0.025000000000000355,Schematic internal layout
PS1-0276,BoardMountPad5,PS1-0276 · Mainboard mounting ground land005,Mainboard,gold,1,0.38877209088173864,5.599999999999994,5.600000000000001,0.025000000000000355,Schematic internal layout
PS1-0277,CPU,PS1-0277 · R3000 CPU package,Mainboard,black,1,2508.360495438639,28.0,28.0,3.200000000000001,Schematic internal layout
PS1-0278,CPULeads,PS1-0278 · 208 formed package leads,Mainboard,metal,208,31.44377599999978,31.80000000000001,31.799999999999997,1.4800000000000004,Schematic internal layout
PS1-0279,CPUPads,PS1-0279 · 208 package landing pads,Mainboard,gold,208,1.2979199999999622,31.75999999999999,31.759999999999998,0.019999999999999574,Schematic internal layout
PS1-0280,CPUMark,PS1-0280 · CXD8530BQ,Mainboard,white,9,0.07637753531172196,10.144907918120794,1.4587921463087223,0.01800020000000302,Approximate SCPH-1000 exterior; family dimensions and firsthand photographs
PS1-0281,CPUPinOne,PS1-0281 · Package pin-one mark,Mainboard,psdark,1,0.008312654161398713,0.8400000000000034,0.8399999999999999,0.015000000000000568,Schematic internal layout
PS1-0282,GPU,PS1-0282 · Early 160-pin GPU package,Mainboard,black,1,2699.5879644737233,30.0,30.0,3.0,Schematic internal layout
PS1-0283,GPULeads,PS1-0283 · 160 formed package leads,Mainboard,metal,160,24.18751999999985,33.800000000000004,33.8,1.4800000000000004,Schematic internal layout
PS1-0284,GPUPads,PS1-0284 · 160 package landing pads,Mainboard,gold,160,0.9983999999999865,33.76,33.760000000000005,0.019999999999999574,Schematic internal layout
PS1-0285,GPUMark,PS1-0285 · CXD8514Q,Mainboard,white,8,0.06393940958834138,8.996719998657717,1.4587921463087277,0.01800020000000302,Approximate SCPH-1000 exterior; family dimensions and firsthand photographs
PS1-0286,GPUPinOne,PS1-0286 · Package pin-one mark001,Mainboard,psdark,1,0.008312654161398696,0.8400000000000034,0.8399999999999999,0.015000000000000568,Schematic internal layout
PS1-0287,SPU,PS1-0287 · Sound processing unit package,Mainboard,black,1,1151.6703715789786,24.0,20.0,2.4000000000000004,Schematic internal layout
PS1-0288,SPULeads,PS1-0288 · 100 formed package leads,Mainboard,metal,100,15.11719999999999,27.799999999999997,23.800000000000004,1.4800000000000004,Schematic internal layout
PS1-0289,SPUPads,PS1-0289 · 100 package landing pads,Mainboard,gold,100,0.6239999999999873,27.759999999999998,23.76,0.019999999999999574,Schematic internal layout
PS1-0290,SPUMark,PS1-0290 · CXD2922Q,Mainboard,white,8,0.06333074013183432,8.996719998657719,1.4587921463087312,0.01800020000000302,Approximate SCPH-1000 exterior; family dimensions and firsthand photographs
PS1-0291,SPUPinOne,PS1-0291 · Package pin-one mark002,Mainboard,psdark,1,0.008312654161398696,0.8399999999999999,0.8400000000000034,0.015000000000000568,Schematic internal layout
PS1-0292,CDDecoder,PS1-0292 · CD decoder and FIFO package,Mainboard,black,1,1103.6703715789786,23.0,20.0,2.4000000000000004,Schematic internal layout
PS1-0293,CDDecoderLeads,PS1-0293 · 100 formed package leads001,Mainboard,metal,100,15.11720000000015,26.799999999999997,23.800000000000004,1.4800000000000004,Schematic internal layout
PS1-0294,CDDecoderPads,PS1-0294 · 100 package landing pads001,Mainboard,gold,100,0.623999999999989,26.759999999999998,23.76,0.019999999999999574,Schematic internal layout
PS1-0295,CDDecoderMark,PS1-0295 · CXD1199BQ,Mainboard,white,9,0.07327385277797847,10.144907918120806,1.4587921463087383,0.01800020000000302,Approximate SCPH-1000 exterior; family dimensions and firsthand photographs
PS1-0296,CDDecoderPinOne,PS1-0296 · Package pin-one mark003,Mainboard,psdark,1,0.008312654161398692,0.8400000000000034,0.8400000000000034,0.015000000000000568,Schematic internal layout
PS1-0297,CDSignalDSP,PS1-0297 · CD digital signal processor package,Mainboard,black,1,1151.6703715789786,24.0,20.0,2.4000000000000004,Schematic internal layout
PS1-0298,CDSignalDSPLeads,PS1-0298 · 100 formed package leads002,Mainboard,metal,100,15.117200000000109,27.80000000000001,23.800000000000004,1.4800000000000004,Schematic internal layout
PS1-0299,CDSignalDSPPads,PS1-0299 · 100 package landing pads002,Mainboard,gold,100,0.6239999999999868,27.760000000000005,23.76,0.019999999999999574,Schematic internal layout
PS1-0300,CDSignalDSPMark,PS1-0300 · CXD2516Q,Mainboard,white,8,0.06279172825993808,8.996719998657724,1.4587921463087312,0.01800020000000302,Approximate SCPH-1000 exterior; family dimensions and firsthand photographs
PS1-0301,CDSignalDSPPinOne,PS1-0301 · Package pin-one mark004,Mainboard,psdark,1,0.008312654161398692,0.8400000000000034,0.8400000000000034,0.015000000000000568,Schematic internal layout
PS1-0302,BootROM,PS1-0302 · Original forty-pin boot-ROM package package,Mainboard,black,1,708.0841060965209,28.0,11.0,2.299999999999999,Schematic internal layout
PS1-0303,BootROMLeads,PS1-0303 · 40 formed package leads,Mainboard,metal,40,6.046880000000019,26.28,14.800000000000004,1.4800000000000004,Schematic internal layout
PS1-0304,BootROMPads,PS1-0304 · 40 package landing pads,Mainboard,gold,40,0.24959999999999394,26.400000000000006,14.760000000000005,0.019999999999999574,Schematic internal layout
PS1-0305,BootROMMark,PS1-0305 · M534032C-02,Mainboard,white,11,0.07841897752146458,11.402428891275164,1.2668458375838938,0.01800020000000302,Approximate SCPH-1000 exterior; family dimensions and firsthand photographs
PS1-0306,BootROMPinOne,PS1-0306 · Package pin-one mark005,Mainboard,psdark,1,0.008312654161398716,0.8400000000000034,0.8400000000000034,0.015000000000000568,Schematic internal layout
PS1-0307,VRAM0,PS1-0307 · Dual-ported video RAM package,Mainboard,black,1,653.0978406140638,27.0,11.0,2.200000000000001,Schematic internal layout
PS1-0308,VRAM0Leads,PS1-0308 · 64 formed package leads,Mainboard,metal,64,9.675008000000037,25.28,14.799999999999999,1.4800000000000004,Schematic internal layout
PS1-0309,VRAM0Pads,PS1-0309 · 64 package landing pads,Mainboard,gold,64,0.3993599999999927,25.400000000000006,14.760000000000002,0.019999999999999574,Schematic internal layout
PS1-0310,VRAM0Mark,PS1-0310 · KM4216V256G-60,Mainboard,white,14,0.10556918772752581,14.896451542281884,1.266845837583892,0.01800020000000302,Approximate SCPH-1000 exterior; family dimensions and firsthand photographs
PS1-0311,VRAM0PinOne,PS1-0311 · Package pin-one mark006,Mainboard,psdark,1,0.008312654161398697,0.8399999999999999,0.8399999999999999,0.015000000000000568,Schematic internal layout
PS1-0312,VRAM1,PS1-0312 · Dual-ported video RAM package001,Mainboard,black,1,653.0978406140638,27.0,11.0,2.200000000000001,Schematic internal layout
PS1-0313,VRAM1Leads,PS1-0313 · 64 formed package leads001,Mainboard,metal,64,9.675008000000062,25.28,14.800000000000004,1.4800000000000004,Schematic internal layout
PS1-0314,VRAM1Pads,PS1-0314 · 64 package landing pads001,Mainboard,gold,64,0.3993599999999925,25.400000000000006,14.760000000000005,0.019999999999999574,Schematic internal layout
PS1-0315,VRAM1Mark,PS1-0315 · KM4216V256G-001,Mainboard,white,14,0.10556918772752662,14.896451542281884,1.266845837583901,0.01800020000000302,Approximate SCPH-1000 exterior; family dimensions and firsthand photographs
PS1-0316,VRAM1PinOne,PS1-0316 · Package pin-one mark007,Mainboard,psdark,1,0.008312654161398696,0.8399999999999999,0.8400000000000034,0.015000000000000568,Schematic internal layout
PS1-0317,AudioRAM,PS1-0317 · Sound RAM package,Mainboard,black,1,600.3115751316062,26.0,11.0,2.0999999999999996,Schematic internal layout
PS1-0318,AudioRAMLeads,PS1-0318 · 40 formed package leads001,Mainboard,metal,40,6.046880000000025,24.28,14.800000000000011,1.4800000000000004,Schematic internal layout
PS1-0319,AudioRAMPads,PS1-0319 · 40 package landing pads001,Mainboard,gold,40,0.24959999999999496,24.400000000000006,14.759999999999998,0.019999999999999574,Schematic internal layout
PS1-0320,AudioRAMMark,PS1-0320 · KM416V256ALLT-8,Mainboard,white,15,0.10631176649694071,15.113045502013428,1.266845837583901,0.01800020000000302,Approximate SCPH-1000 exterior; family dimensions and firsthand photographs
PS1-0321,AudioRAMPinOne,PS1-0321 · Package pin-one mark008,Mainboard,psdark,1,0.008312654161398697,0.8399999999999999,0.8400000000000034,0.015000000000000568,Schematic internal layout
PS1-0322,VideoDAC,PS1-0322 · Digital video RGB converter package,Mainboard,black,1,217.55277868423389,11.0,11.0,1.8000000000000007,Schematic internal layout
PS1-0323,VideoDACLeads,PS1-0323 · 64 formed package leads002,Mainboard,metal,64,9.675008000000053,14.8,14.800000000000004,1.4800000000000004,Schematic internal layout
PS1-0324,VideoDACPads,PS1-0324 · 64 package landing pads002,Mainboard,gold,64,0.3993599999999925,14.759999999999998,14.760000000000005,0.019999999999999574,Schematic internal layout
PS1-0325,VideoDACMark,PS1-0325 · CXD2923AR,Mainboard,white,9,0.062066175862830614,9.400000012611454,1.1869620152035196,0.01800020000000302,Approximate SCPH-1000 exterior; family dimensions and firsthand photographs
PS1-0326,VideoDACPinOne,PS1-0326 · Package pin-one mark009,Mainboard,psdark,1,0.0083126541613987,0.8399999999999999,0.8400000000000034,0.015000000000000568,Schematic internal layout
PS1-0327,VideoEncoder,PS1-0327 · Composite and S-video encoder package,Mainboard,black,1,287.7253096491487,18.0,8.0,2.0,Schematic internal layout
PS1-0328,VideoEncoderLeads,PS1-0328 · 24 formed package leads,Mainboard,metal,24,3.6281280000000056,16.28,11.800000000000011,1.4800000000000004,Schematic internal layout
PS1-0329,VideoEncoderPads,PS1-0329 · 24 package landing pads,Mainboard,gold,24,0.1497599999999969,16.4,11.760000000000005,0.019999999999999574,Schematic internal layout
PS1-0330,VideoEncoderMark,PS1-0330 · CXA1645M,Mainboard,white,8,0.06331471587291607,8.90739952885906,1.266845837583901,0.01800020000000302,Approximate SCPH-1000 exterior; family dimensions and firsthand photographs
PS1-0331,VideoEncoderPinOne,PS1-0331 · Package pin-one mark010,Mainboard,psdark,1,0.008312654161398694,0.8400000000000034,0.8400000000000034,0.015000000000000568,Schematic internal layout
PS1-0332,AudioDAC,PS1-0332 · Stereo audio digital-to-analogue converter package,Mainboard,black,1,74.58024771931899,8.5,5.5,1.5999999999999996,Schematic internal layout
PS1-0333,AudioDACLeads,PS1-0333 · 24 formed package leads001,Mainboard,metal,24,3.6281280000000087,6.780000000000001,9.299999999999997,1.4800000000000004,Schematic internal layout
PS1-0334,AudioDACPads,PS1-0334 · 24 package landing pads001,Mainboard,gold,24,0.14975999999999648,6.900000000000006,9.260000000000005,0.019999999999999574,Schematic internal layout
PS1-0335,AudioDACMark,PS1-0335 · AK4309VM,Mainboard,white,8,0.03987291681867654,6.900000200000015,0.9804991938160974,0.01800020000000302,Approximate SCPH-1000 exterior; family dimensions and firsthand photographs
PS1-0336,AudioDACPinOne,PS1-0336 · Package pin-one mark011,Mainboard,psdark,1,0.008312654161398697,0.8400000000000034,0.8400000000000034,0.015000000000000568,Schematic internal layout
PS1-0337,MainRAM0,PS1-0337 · Main DRAM package,Mainboard,black,1,307.5390441666913,18.0,9.0,1.9000000000000004,Schematic internal layout
PS1-0338,MainRAM0Leads,PS1-0338 · 28 formed package leads,Mainboard,metal,28,4.232816000000021,16.28,12.800000000000011,1.4800000000000004,Schematic internal layout
PS1-0339,MainRAM0Pads,PS1-0339 · 28 package landing pads,Mainboard,gold,28,0.17471999999999616,16.400000000000006,12.760000000000005,0.019999999999999574,Schematic internal layout
PS1-0340,MainRAM0Mark,PS1-0340 · KM48V514BJ-6,Mainboard,white,12,0.08919045558901703,11.995063119463069,1.577449864429532,0.01800020000000302,Approximate SCPH-1000 exterior; family dimensions and firsthand photographs
PS1-0341,MainRAM0PinOne,PS1-0341 · Package pin-one mark012,Mainboard,psdark,1,0.00831265416139871,0.8400000000000034,0.8400000000000034,0.015000000000000568,Schematic internal layout
PS1-0342,MainRAM1,PS1-0342 · Main DRAM package001,Mainboard,black,1,307.53904416669127,18.0,9.0,1.9000000000000004,Schematic internal layout
PS1-0343,MainRAM1Leads,PS1-0343 · 28 formed package leads001,Mainboard,metal,28,4.23281600000003,16.28,12.800000000000011,1.4800000000000004,Schematic internal layout
PS1-0344,MainRAM1Pads,PS1-0344 · 28 package landing pads001,Mainboard,gold,28,0.17471999999999613,16.400000000000006,12.760000000000005,0.019999999999999574,Schematic internal layout
PS1-0345,MainRAM1Mark,PS1-0345 · KM48V514BJ-001,Mainboard,white,12,0.08919045558901743,11.995063119463083,1.577449864429532,0.01800020000000302,Approximate SCPH-1000 exterior; family dimensions and firsthand photographs
PS1-0346,MainRAM1PinOne,PS1-0346 · Package pin-one mark013,Mainboard,psdark,1,0.00831265416139871,0.8400000000000034,0.8400000000000034,0.015000000000000568,Schematic internal layout
PS1-0347,MainRAM2,PS1-0347 · Main DRAM package002,Mainboard,black,1,307.5390441666913,18.0,9.0,1.9000000000000004,Schematic internal layout
PS1-0348,MainRAM2Leads,PS1-0348 · 28 formed package leads002,Mainboard,metal,28,4.2328160000000095,16.28,12.800000000000011,1.4800000000000004,Schematic internal layout
PS1-0349,MainRAM2Pads,PS1-0349 · 28 package landing pads002,Mainboard,gold,28,0.1747199999999964,16.400000000000006,12.759999999999998,0.019999999999999574,Schematic internal layout
PS1-0350,MainRAM2Mark,PS1-0350 · KM48V514BJ-002,Mainboard,white,12,0.08919045558901777,11.995063119463069,1.577449864429525,0.01800020000000302,Approximate SCPH-1000 exterior; family dimensions and firsthand photographs
PS1-0351,MainRAM2PinOne,PS1-0351 · Package pin-one mark014,Mainboard,psdark,1,0.008312654161398713,0.8400000000000034,0.8400000000000034,0.015000000000000568,Schematic internal layout
PS1-0352,MainRAM3,PS1-0352 · Main DRAM package003,Mainboard,black,1,307.53904416669127,18.0,9.0,1.9000000000000004,Schematic internal layout
PS1-0353,MainRAM3Leads,PS1-0353 · 28 formed package leads003,Mainboard,metal,28,4.2328160000000175,16.28,12.800000000000011,1.4800000000000004,Schematic internal layout
PS1-0354,MainRAM3Pads,PS1-0354 · 28 package landing pads003,Mainboard,gold,28,0.17471999999999635,16.400000000000006,12.759999999999998,0.019999999999999574,Schematic internal layout
PS1-0355,MainRAM3Mark,PS1-0355 · KM48V514BJ-003,Mainboard,white,12,0.08919045558901902,11.995063119463083,1.577449864429525,0.01800020000000302,Approximate SCPH-1000 exterior; family dimensions and firsthand photographs
PS1-0356,MainRAM3PinOne,PS1-0356 · Package pin-one mark015,Mainboard,psdark,1,0.008312654161398713,0.8400000000000034,0.8400000000000034,0.015000000000000568,Schematic internal layout
PS1-0357,CDSubCPU,PS1-0357 · CD controller MCU package,Mainboard,black,1,494.6978406140637,15.0,15.0,2.200000000000002,Schematic internal layout
PS1-0358,CDSubCPULeads,PS1-0358 · 80 formed package leads,Mainboard,metal,80,12.093760000000026,18.80000000000001,18.800000000000004,1.480000000000004,Schematic internal layout
PS1-0359,CDSubCPUPads,PS1-0359 · 80 package landing pads,Mainboard,gold,80,0.4991999999999899,18.759999999999998,18.759999999999998,0.020000000000003126,Schematic internal layout
PS1-0360,CDSubCPUMark,PS1-0360 · 424660,Mainboard,white,6,0.04692386817378316,6.194903723489944,1.266845837583901,0.01800020000000213,Approximate SCPH-1000 exterior; family dimensions and firsthand photographs
PS1-0361,CDSubCPUPinOne,PS1-0361 · Package pin-one mark016,Mainboard,psdark,1,0.008312654161398711,0.8400000000000034,0.8400000000000034,0.015000000000000568,Schematic internal layout
PS1-0362,CDBuffer,PS1-0362 · CD buffer SRAM package,Mainboard,black,1,275.1665132017764,18.0,9.0,1.700000000000002,Schematic internal layout
PS1-0363,CDBufferLeads,PS1-0363 · 28 formed package leads004,Mainboard,metal,28,4.232816000000017,16.28,12.800000000000011,1.4800000000000004,Schematic internal layout
PS1-0364,CDBufferPads,PS1-0364 · 28 package landing pads004,Mainboard,gold,28,0.17471999999999605,16.400000000000002,12.760000000000005,0.019999999999999574,Schematic internal layout
PS1-0365,CDBufferMark,PS1-0365 · HM62W256LFP-7T,Mainboard,white,14,0.10261082903970517,15.081745166442957,1.266845837583901,0.01800020000000213,Approximate SCPH-1000 exterior; family dimensions and firsthand photographs
PS1-0366,CDBufferPinOne,PS1-0366 · Package pin-one mark017,Mainboard,psdark,1,0.008312654161398697,0.8400000000000034,0.8400000000000034,0.015000000000000568,Schematic internal layout
PS1-0367,MotorDriver,PS1-0367 · Four-channel motor driver package,Mainboard,black,1,379.72530964914876,10.000000000000004,19.000000000000007,2.0000000000000036,Schematic internal layout
PS1-0368,MotorDriverLeads,PS1-0368 · 28 formed package leads005,Mainboard,metal,28,4.232816000000015,13.800000000000008,17.280000000000005,1.480000000000004,Schematic internal layout
PS1-0369,MotorDriverPads,PS1-0369 · 28 package landing pads005,Mainboard,gold,28,0.1747199999999963,13.760000000000005,17.400000000000006,0.020000000000003126,Schematic internal layout
PS1-0370,MotorDriverMark,PS1-0370 · BA6398FP,Mainboard,white,8,0.06572771355632748,1.2668458375838938,8.302332414765102,0.018000200000003908,Approximate SCPH-1000 exterior; family dimensions and firsthand photographs
PS1-0371,MotorDriverPinOne,PS1-0371 · Package pin-one mark018,Mainboard,psdark,1,0.008312654161398687,0.8400000000000034,0.8400000000000016,0.015000000000000568,Schematic internal layout
PS1-0372,ServoAmplifier,PS1-0372 · Optical servo amplifier package,Mainboard,black,1,179.75277868423385,10.0,10.0,1.8000000000000016,Schematic internal layout
PS1-0373,ServoAmplifierLeads,PS1-0373 · 48 formed package leads,Mainboard,metal,48,7.2562560000000005,13.800000000000011,13.8,1.4800000000000004,Schematic internal layout
PS1-0374,ServoAmplifierPads,PS1-0374 · 48 package landing pads,Mainboard,gold,48,0.2995199999999937,13.759999999999998,13.760000000000002,0.019999999999999574,Schematic internal layout
PS1-0375,ServoAmplifierMark,PS1-0375 · CXA1782BR,Mainboard,white,9,0.049900965954680576,8.400000030123593,1.0760361069769413,0.01800020000000213,Approximate SCPH-1000 exterior; family dimensions and firsthand photographs
PS1-0376,ServoAmplifierPinOne,PS1-0376 · Package pin-one mark019,Mainboard,psdark,1,0.008312654161398697,0.8400000000000034,0.8400000000000034,0.015000000000000568,Schematic internal layout
PS1-0377,MainboardRevision,PS1-0377 · PU-7  /  1-655-322-13A,Mainboard,white,18,0.5638892364412158,45.21643885838927,3.328859160402672,0.018000199999999467,Approximate SCPH-1000 exterior; family dimensions and firsthand photographs
PS1-0378,MainboardStudyMark,PS1-0378 · SCPH-1000 STUDY,Mainboard,white,14,0.23547145001914654,23.578523589932885,1.9489934885905882,0.018000199999999467,Approximate SCPH-1000 exterior; family dimensions and firsthand photographs
PS1-0379,RearFilter0Base,PS1-0379 · Surface-mount capacitor base,Mainboard,black,1,24.447422550032375,7.0,7.0,0.5,Schematic internal layout
PS1-0380,RearFilter0Can,PS1-0380 · Electrolytic capacitor can,Mainboard,metal,1,126.80096268419126,6.199999999999996,6.199999999999996,4.200000000000001,Schematic internal layout
PS1-0381,RearFilter0Top,PS1-0381 · Capacitor end seal,Mainboard,metal,1,3.3478319281126474,5.960000000000008,5.960000000000001,0.11999999999999922,Schematic internal layout
PS1-0382,RearFilter0Terminals,PS1-0382 · Capacitor solder terminals,Mainboard,metal,2,0.2618000000000002,8.110000000000007,1.7000000000000028,0.14000000000000057,Schematic internal layout
PS1-0383,RearFilter0Mark,PS1-0383 · 220,Mainboard,black,3,0.010934324892792115,2.095277045637573,0.8965371127516804,0.018000199999999467,Approximate SCPH-1000 exterior; family dimensions and firsthand photographs
PS1-0384,RearFilter1Base,PS1-0384 · Surface-mount capacitor base001,Mainboard,black,1,24.44742255003238,7.0,7.0,0.5,Schematic internal layout
PS1-0385,RearFilter1Can,PS1-0385 · Electrolytic capacitor can001,Mainboard,metal,1,126.80096268419126,6.200000000000003,6.199999999999996,4.200000000000001,Schematic internal layout
PS1-0386,RearFilter1Top,PS1-0386 · Capacitor end seal001,Mainboard,metal,1,3.3478319281126474,5.959999999999994,5.960000000000001,0.11999999999999922,Schematic internal layout
PS1-0387,RearFilter1Terminals,PS1-0387 · Capacitor solder terminals001,Mainboard,metal,2,0.26180000000000025,8.11,1.7000000000000028,0.14000000000000057,Schematic internal layout
PS1-0388,RearFilter1Mark,PS1-0388 · 424661,Mainboard,black,3,0.010934324892792106,2.0952770456375873,0.8965371127516804,0.018000199999999467,Approximate SCPH-1000 exterior; family dimensions and firsthand photographs
PS1-0389,RearFilter2Base,PS1-0389 · Surface-mount capacitor base002,Mainboard,black,1,24.44742255003238,7.0,7.0,0.5,Schematic internal layout
PS1-0390,RearFilter2Can,PS1-0390 · Electrolytic capacitor can002,Mainboard,metal,1,126.80096268419126,6.200000000000003,6.199999999999996,4.200000000000001,Schematic internal layout
PS1-0391,RearFilter2Top,PS1-0391 · Capacitor end seal002,Mainboard,metal,1,3.3478319281126474,5.959999999999994,5.960000000000001,0.11999999999999922,Schematic internal layout
PS1-0392,RearFilter2Terminals,PS1-0392 · Capacitor solder terminals002,Mainboard,metal,2,0.2618000000000001,8.11,1.7000000000000028,0.14000000000000057,Schematic internal layout
PS1-0393,RearFilter2Mark,PS1-0393 · 424662,Mainboard,black,3,0.0109343248927921,2.0952770456375873,0.8965371127516804,0.018000199999999467,Approximate SCPH-1000 exterior; family dimensions and firsthand photographs
PS1-0394,RearFilter3Base,PS1-0394 · Surface-mount capacitor base003,Mainboard,black,1,24.44742255003238,7.0,7.0,0.5,Schematic internal layout
PS1-0395,RearFilter3Can,PS1-0395 · Electrolytic capacitor can003,Mainboard,metal,1,126.80096268419123,6.200000000000003,6.199999999999996,4.200000000000001,Schematic internal layout
PS1-0396,RearFilter3Top,PS1-0396 · Capacitor end seal003,Mainboard,metal,1,3.3478319281126483,5.960000000000001,5.960000000000001,0.11999999999999922,Schematic internal layout
PS1-0397,RearFilter3Terminals,PS1-0397 · Capacitor solder terminals003,Mainboard,metal,2,0.26180000000000186,8.110000000000003,1.7000000000000028,0.14000000000000057,Schematic internal layout
PS1-0398,RearFilter3Mark,PS1-0398 · 424663,Mainboard,black,3,0.010934324892792113,2.0952770456375873,0.8965371127516804,0.018000199999999467,Approximate SCPH-1000 exterior; family dimensions and firsthand photographs
PS1-0399,RearFilter4Base,PS1-0399 · Surface-mount capacitor base004,Mainboard,black,1,24.447422550032375,7.0,7.0,0.5,Schematic internal layout
PS1-0400,RearFilter4Can,PS1-0400 · Electrolytic capacitor can004,Mainboard,metal,1,126.80096268419129,6.200000000000003,6.199999999999989,4.200000000000001,Schematic internal layout
PS1-0401,RearFilter4Top,PS1-0401 · Capacitor end seal004,Mainboard,metal,1,3.3478319281126474,5.960000000000008,5.960000000000008,0.11999999999999922,Schematic internal layout
PS1-0402,RearFilter4Terminals,PS1-0402 · Capacitor solder terminals004,Mainboard,metal,2,0.2618000000000002,8.110000000000007,1.7000000000000028,0.14000000000000057,Schematic internal layout
PS1-0403,RearFilter4Mark,PS1-0403 · 424664,Mainboard,black,3,0.01093432489279211,2.095277045637573,0.896537112751659,0.018000199999999467,Approximate SCPH-1000 exterior; family dimensions and firsthand photographs
PS1-0404,RearFilter5Base,PS1-0404 · Surface-mount capacitor base005,Mainboard,black,1,24.44742255003238,7.0,7.0,0.5,Schematic internal layout
PS1-0405,RearFilter5Can,PS1-0405 · Electrolytic capacitor can005,Mainboard,metal,1,126.80096268419129,6.200000000000003,6.199999999999989,4.200000000000001,Schematic internal layout
PS1-0406,RearFilter5Top,PS1-0406 · Capacitor end seal005,Mainboard,metal,1,3.3478319281126474,5.959999999999994,5.960000000000008,0.11999999999999922,Schematic internal layout
PS1-0407,RearFilter5Terminals,PS1-0407 · Capacitor solder terminals005,Mainboard,metal,2,0.26180000000000025,8.11,1.7000000000000028,0.14000000000000057,Schematic internal layout
PS1-0408,RearFilter5Mark,PS1-0408 · 424665,Mainboard,black,3,0.010934324892792098,2.0952770456375873,0.896537112751659,0.018000199999999467,Approximate SCPH-1000 exterior; family dimensions and firsthand photographs
PS1-0409,RearFilter6Base,PS1-0409 · Surface-mount capacitor base006,Mainboard,black,1,24.44742255003238,7.0,7.0,0.5,Schematic internal layout
PS1-0410,RearFilter6Can,PS1-0410 · Electrolytic capacitor can006,Mainboard,metal,1,126.80096268419129,6.200000000000003,6.199999999999989,4.200000000000001,Schematic internal layout
PS1-0411,RearFilter6Top,PS1-0411 · Capacitor end seal006,Mainboard,metal,1,3.3478319281126474,5.959999999999994,5.960000000000008,0.11999999999999922,Schematic internal layout
PS1-0412,RearFilter6Terminals,PS1-0412 · Capacitor solder terminals006,Mainboard,metal,2,0.2618000000000001,8.11,1.7000000000000028,0.14000000000000057,Schematic internal layout
PS1-0413,RearFilter6Mark,PS1-0413 · 424666,Mainboard,black,3,0.0109343248927921,2.0952770456375873,0.896537112751659,0.018000199999999467,Approximate SCPH-1000 exterior; family dimensions and firsthand photographs
PS1-0414,RearFilter7Base,PS1-0414 · Surface-mount capacitor base007,Mainboard,black,1,24.44742255003238,7.0,7.0,0.5,Schematic internal layout
PS1-0415,RearFilter7Can,PS1-0415 · Electrolytic capacitor can007,Mainboard,metal,1,126.80096268419126,6.200000000000003,6.199999999999989,4.200000000000001,Schematic internal layout
PS1-0416,RearFilter7Top,PS1-0416 · Capacitor end seal007,Mainboard,metal,1,3.3478319281126483,5.960000000000001,5.960000000000008,0.11999999999999922,Schematic internal layout
PS1-0417,RearFilter7Terminals,PS1-0417 · Capacitor solder terminals007,Mainboard,metal,2,0.26180000000000186,8.110000000000003,1.7000000000000028,0.14000000000000057,Schematic internal layout
PS1-0418,RearFilter7Mark,PS1-0418 · 424667,Mainboard,black,3,0.010934324892792112,2.0952770456375873,0.896537112751659,0.018000199999999467,Approximate SCPH-1000 exterior; family dimensions and firsthand photographs
PS1-0419,AudioFilter0Base,PS1-0419 · Surface-mount capacitor base008,Mainboard,black,1,8.352422550032369,4.1000000000000085,4.1000000000000085,0.5,Schematic internal layout
PS1-0420,AudioFilter0Can,PS1-0420 · Electrolytic capacitor can008,Mainboard,metal,1,25.658957998194623,3.299999999999997,3.299999999999997,3.0,Schematic internal layout
PS1-0421,AudioFilter0Top,PS1-0421 · Capacitor end seal008,Mainboard,metal,1,0.8824985091345993,3.0600000000000023,3.0600000000000023,0.11999999999999922,Schematic internal layout
PS1-0422,AudioFilter0Terminals,PS1-0422 · Capacitor solder terminals008,Mainboard,metal,2,0.26180000000000014,5.209999999999994,1.7000000000000028,0.14000000000000057,Schematic internal layout
PS1-0423,AudioFilter1Base,PS1-0423 · Surface-mount capacitor base009,Mainboard,black,1,8.352422550032369,4.1000000000000085,4.1000000000000085,0.5,Schematic internal layout
PS1-0424,AudioFilter1Can,PS1-0424 · Electrolytic capacitor can009,Mainboard,metal,1,25.658957998194623,3.299999999999997,3.299999999999997,3.0,Schematic internal layout
PS1-0425,AudioFilter1Top,PS1-0425 · Capacitor end seal009,Mainboard,metal,1,0.8824985091345993,3.0600000000000023,3.0600000000000023,0.11999999999999922,Schematic internal layout
PS1-0426,AudioFilter1Terminals,PS1-0426 · Capacitor solder terminals009,Mainboard,metal,2,0.26180000000000014,5.209999999999994,1.7000000000000028,0.14000000000000057,Schematic internal layout
PS1-0427,AudioFilter2Base,PS1-0427 · Surface-mount capacitor base010,Mainboard,black,1,8.352422550032369,4.1000000000000085,4.1000000000000085,0.5,Schematic internal layout
PS1-0428,AudioFilter2Can,PS1-0428 · Electrolytic capacitor can010,Mainboard,metal,1,25.658957998194623,3.299999999999997,3.299999999999997,3.0,Schematic internal layout
PS1-0429,AudioFilter2Top,PS1-0429 · Capacitor end seal010,Mainboard,metal,1,0.8824985091345993,3.0600000000000023,3.0600000000000023,0.11999999999999922,Schematic internal layout
PS1-0430,AudioFilter2Terminals,PS1-0430 · Capacitor solder terminals010,Mainboard,metal,2,0.26180000000000014,5.209999999999994,1.7000000000000028,0.14000000000000057,Schematic internal layout
PS1-0431,AudioFilter3Base,PS1-0431 · Surface-mount capacitor base011,Mainboard,black,1,8.352422550032369,4.1000000000000085,4.1000000000000085,0.5,Schematic internal layout
PS1-0432,AudioFilter3Can,PS1-0432 · Electrolytic capacitor can011,Mainboard,metal,1,25.658957998194623,3.299999999999997,3.299999999999997,3.0,Schematic internal layout
PS1-0433,AudioFilter3Top,PS1-0433 · Capacitor end seal011,Mainboard,metal,1,0.8824985091345993,3.0600000000000023,3.0600000000000023,0.11999999999999922,Schematic internal layout
PS1-0434,AudioFilter3Terminals,PS1-0434 · Capacitor solder terminals011,Mainboard,metal,2,0.26180000000000014,5.209999999999994,1.7000000000000028,0.14000000000000057,Schematic internal layout
PS1-0435,AudioFilter4Base,PS1-0435 · Surface-mount capacitor base012,Mainboard,black,1,8.352422550032369,4.1000000000000085,4.1000000000000085,0.5,Schematic internal layout
PS1-0436,AudioFilter4Can,PS1-0436 · Electrolytic capacitor can012,Mainboard,metal,1,25.658957998194623,3.299999999999997,3.299999999999997,3.0,Schematic internal layout
PS1-0437,AudioFilter4Top,PS1-0437 · Capacitor end seal012,Mainboard,metal,1,0.8824985091345994,3.0600000000000023,3.0600000000000023,0.11999999999999922,Schematic internal layout
PS1-0438,AudioFilter4Terminals,PS1-0438 · Capacitor solder terminals012,Mainboard,metal,2,0.26180000000000014,5.209999999999994,1.7000000000000028,0.14000000000000057,Schematic internal layout
PS1-0439,Decoupling0,PS1-0439 · Ceramic decoupling capacitor,Mainboard,thermal,1,1.0047037157897862,1.4000000000000057,1.2000000000000028,0.5999999999999996,Schematic internal layout
PS1-0440,Decoupling0Ends,PS1-0440 · Surface-mount metal end caps,Mainboard,metal,2,0.5015999999999942,2.1999999999999886,1.1999999999999993,0.5500000000000007,Schematic internal layout
PS1-0441,Decoupling1,PS1-0441 · Ceramic decoupling capacitor001,Mainboard,thermal,1,1.0047037157897862,1.4000000000000057,1.2000000000000028,0.5999999999999996,Schematic internal layout
PS1-0442,Decoupling1Ends,PS1-0442 · Surface-mount metal end caps001,Mainboard,metal,2,0.5015999999999942,2.1999999999999886,1.1999999999999993,0.5500000000000007,Schematic internal layout
PS1-0443,Decoupling2,PS1-0443 · Ceramic decoupling capacitor002,Mainboard,thermal,1,1.0047037157897851,1.4000000000000057,1.1999999999999993,0.5999999999999996,Schematic internal layout
PS1-0444,Decoupling2Ends,PS1-0444 · Surface-mount metal end caps002,Mainboard,metal,2,0.5015999999999942,2.1999999999999886,1.1999999999999993,0.5500000000000007,Schematic internal layout
PS1-0445,Decoupling3,PS1-0445 · Ceramic decoupling capacitor003,Mainboard,thermal,1,1.0047037157897856,1.4000000000000057,1.2000000000000002,0.5999999999999996,Schematic internal layout
PS1-0446,Decoupling3Ends,PS1-0446 · Surface-mount metal end caps003,Mainboard,metal,2,0.5015999999999945,2.1999999999999886,1.2,0.5500000000000007,Schematic internal layout
PS1-0447,Decoupling4,PS1-0447 · Ceramic decoupling capacitor004,Mainboard,thermal,1,1.0047037157897865,1.4000000000000057,1.2000000000000028,0.5999999999999996,Schematic internal layout
PS1-0448,Decoupling4Ends,PS1-0448 · Surface-mount metal end caps004,Mainboard,metal,2,0.5015999999999942,2.1999999999999886,1.1999999999999993,0.5500000000000007,Schematic internal layout
PS1-0449,Decoupling5,PS1-0449 · Ceramic decoupling capacitor005,Mainboard,thermal,1,1.0047037157897865,1.4000000000000057,1.2000000000000028,0.5999999999999996,Schematic internal layout
PS1-0450,Decoupling5Ends,PS1-0450 · Surface-mount metal end caps005,Mainboard,metal,2,0.5015999999999942,2.1999999999999886,1.1999999999999993,0.5500000000000007,Schematic internal layout
PS1-0451,Decoupling6,PS1-0451 · Ceramic decoupling capacitor006,Mainboard,thermal,1,1.0047037157897853,1.4000000000000057,1.1999999999999993,0.5999999999999996,Schematic internal layout
PS1-0452,Decoupling6Ends,PS1-0452 · Surface-mount metal end caps006,Mainboard,metal,2,0.5015999999999942,2.1999999999999886,1.1999999999999993,0.5500000000000007,Schematic internal layout
PS1-0453,Decoupling7,PS1-0453 · Ceramic decoupling capacitor007,Mainboard,thermal,1,1.0047037157897856,1.4000000000000057,1.2000000000000002,0.5999999999999996,Schematic internal layout
PS1-0454,Decoupling7Ends,PS1-0454 · Surface-mount metal end caps007,Mainboard,metal,2,0.5015999999999944,2.1999999999999886,1.2,0.5500000000000007,Schematic internal layout
PS1-0455,Decoupling8,PS1-0455 · Ceramic decoupling capacitor008,Mainboard,thermal,1,1.0047037157897867,1.4000000000000057,1.2000000000000028,0.5999999999999996,Schematic internal layout
PS1-0456,Decoupling8Ends,PS1-0456 · Surface-mount metal end caps008,Mainboard,metal,2,0.5016000000000038,2.1999999999999957,1.1999999999999993,0.5500000000000007,Schematic internal layout
PS1-0457,Decoupling9,PS1-0457 · Ceramic decoupling capacitor009,Mainboard,thermal,1,1.0047037157897867,1.4000000000000057,1.2000000000000028,0.5999999999999996,Schematic internal layout
PS1-0458,Decoupling9Ends,PS1-0458 · Surface-mount metal end caps009,Mainboard,metal,2,0.5016000000000038,2.1999999999999957,1.1999999999999993,0.5500000000000007,Schematic internal layout
PS1-0459,Decoupling10,PS1-0459 · Ceramic decoupling capacitor010,Mainboard,thermal,1,1.0047037157897856,1.4000000000000057,1.1999999999999993,0.5999999999999996,Schematic internal layout
PS1-0460,Decoupling10Ends,PS1-0460 · Surface-mount metal end caps010,Mainboard,metal,2,0.5016000000000039,2.1999999999999957,1.1999999999999993,0.5500000000000007,Schematic internal layout
PS1-0461,Decoupling11,PS1-0461 · Ceramic decoupling capacitor011,Mainboard,thermal,1,1.0047037157897865,1.4000000000000057,1.2000000000000028,0.5999999999999996,Schematic internal layout
PS1-0462,Decoupling11Ends,PS1-0462 · Surface-mount metal end caps011,Mainboard,metal,2,0.501599999999994,2.1999999999999886,1.1999999999999993,0.5500000000000007,Schematic internal layout
PS1-0463,Decoupling12,PS1-0463 · Ceramic decoupling capacitor012,Mainboard,thermal,1,1.0047037157897862,1.4000000000000057,1.2000000000000028,0.5999999999999996,Schematic internal layout
PS1-0464,Decoupling12Ends,PS1-0464 · Surface-mount metal end caps012,Mainboard,metal,2,0.501599999999994,2.1999999999999886,1.1999999999999993,0.5500000000000007,Schematic internal layout
PS1-0465,Decoupling13,PS1-0465 · Ceramic decoupling capacitor013,Mainboard,thermal,1,1.0047037157897851,1.4000000000000057,1.1999999999999993,0.5999999999999996,Schematic internal layout
PS1-0466,Decoupling13Ends,PS1-0466 · Surface-mount metal end caps013,Mainboard,metal,2,0.501599999999994,2.1999999999999886,1.1999999999999993,0.5500000000000007,Schematic internal layout
PS1-0467,Decoupling14,PS1-0467 · Ceramic decoupling capacitor014,Mainboard,thermal,1,1.0047037157897862,1.4000000000000057,1.2000000000000028,0.5999999999999996,Schematic internal layout
PS1-0468,Decoupling14Ends,PS1-0468 · Surface-mount metal end caps014,Mainboard,metal,2,0.501599999999994,2.1999999999999886,1.1999999999999993,0.5500000000000007,Schematic internal layout
PS1-0469,Decoupling15,PS1-0469 · Ceramic decoupling capacitor015,Mainboard,thermal,1,1.0047037157897862,1.4000000000000057,1.2000000000000028,0.5999999999999996,Schematic internal layout
PS1-0470,Decoupling15Ends,PS1-0470 · Surface-mount metal end caps015,Mainboard,metal,2,0.501599999999994,2.1999999999999886,1.1999999999999993,0.5500000000000007,Schematic internal layout
PS1-0471,Decoupling16,PS1-0471 · Ceramic decoupling capacitor016,Mainboard,thermal,1,1.0047037157897862,1.4000000000000057,1.2000000000000028,0.5999999999999996,Schematic internal layout
PS1-0472,Decoupling16Ends,PS1-0472 · Surface-mount metal end caps016,Mainboard,metal,2,0.5015999999999957,2.1999999999999886,1.2000000000000028,0.5500000000000007,Schematic internal layout
PS1-0473,Decoupling17,PS1-0473 · Ceramic decoupling capacitor017,Mainboard,thermal,1,1.004703715789785,1.3999999999999986,1.2000000000000028,0.5999999999999996,Schematic internal layout
PS1-0474,Decoupling17Ends,PS1-0474 · Surface-mount metal end caps017,Mainboard,metal,2,0.501599999999999,2.1999999999999993,1.1999999999999993,0.5500000000000007,Schematic internal layout
PS1-0475,Decoupling18,PS1-0475 · Ceramic decoupling capacitor018,Mainboard,thermal,1,1.004703715789785,1.3999999999999986,1.2000000000000028,0.5999999999999996,Schematic internal layout
PS1-0476,Decoupling18Ends,PS1-0476 · Surface-mount metal end caps018,Mainboard,metal,2,0.5015999999999989,2.1999999999999993,1.1999999999999993,0.5500000000000007,Schematic internal layout
PS1-0477,Decoupling19,PS1-0477 · Ceramic decoupling capacitor019,Mainboard,thermal,1,1.004703715789785,1.3999999999999986,1.2000000000000028,0.5999999999999996,Schematic internal layout
PS1-0478,Decoupling19Ends,PS1-0478 · Surface-mount metal end caps019,Mainboard,metal,2,0.5016000000000006,2.1999999999999993,1.2000000000000028,0.5500000000000007,Schematic internal layout
PS1-0479,ParallelResistor0,PS1-0479 · Chip resistor,Mainboard,black,1,1.0047037157897862,1.4000000000000057,1.2000000000000028,0.5999999999999996,Schematic internal layout
PS1-0480,ParallelResistor0Ends,PS1-0480 · Surface-mount metal end caps020,Mainboard,metal,2,0.5015999999999956,2.1999999999999886,1.2000000000000028,0.5500000000000007,Schematic internal layout
PS1-0481,ParallelResistor1,PS1-0481 · Chip resistor001,Mainboard,black,1,1.0047037157897862,1.4000000000000057,1.2000000000000028,0.5999999999999996,Schematic internal layout
PS1-0482,ParallelResistor1Ends,PS1-0482 · Surface-mount metal end caps021,Mainboard,metal,2,0.5015999999999956,2.1999999999999886,1.2000000000000028,0.5500000000000007,Schematic internal layout
PS1-0483,ParallelResistor2,PS1-0483 · Chip resistor002,Mainboard,black,1,1.0047037157897862,1.4000000000000057,1.2000000000000028,0.5999999999999996,Schematic internal layout
PS1-0484,ParallelResistor2Ends,PS1-0484 · Surface-mount metal end caps022,Mainboard,metal,2,0.5015999999999956,2.1999999999999886,1.2000000000000028,0.5500000000000007,Schematic internal layout
PS1-0485,ParallelResistor3,PS1-0485 · Chip resistor003,Mainboard,black,1,1.0047037157897865,1.4000000000000057,1.2000000000000028,0.5999999999999996,Schematic internal layout
PS1-0486,ParallelResistor3Ends,PS1-0486 · Surface-mount metal end caps023,Mainboard,metal,2,0.5015999999999956,2.1999999999999886,1.2000000000000028,0.5500000000000007,Schematic internal layout
PS1-0487,ParallelResistor4,PS1-0487 · Chip resistor004,Mainboard,black,1,1.0047037157897862,1.4000000000000057,1.2000000000000028,0.5999999999999996,Schematic internal layout
PS1-0488,ParallelResistor4Ends,PS1-0488 · Surface-mount metal end caps024,Mainboard,metal,2,0.5015999999999957,2.1999999999999886,1.2000000000000028,0.5500000000000007,Schematic internal layout
PS1-0489,ParallelResistor5,PS1-0489 · Chip resistor005,Mainboard,black,1,1.0047037157897865,1.4000000000000057,1.2000000000000028,0.5999999999999996,Schematic internal layout
PS1-0490,ParallelResistor5Ends,PS1-0490 · Surface-mount metal end caps025,Mainboard,metal,2,0.5015999999999956,2.1999999999999886,1.2000000000000028,0.5500000000000007,Schematic internal layout
PS1-0491,ParallelResistor6,PS1-0491 · Chip resistor006,Mainboard,black,1,1.0047037157897865,1.4000000000000057,1.2000000000000028,0.5999999999999996,Schematic internal layout
PS1-0492,ParallelResistor6Ends,PS1-0492 · Surface-mount metal end caps026,Mainboard,metal,2,0.5015999999999957,2.1999999999999886,1.2000000000000028,0.5500000000000007,Schematic internal layout
PS1-0493,ParallelResistor7,PS1-0493 · Chip resistor007,Mainboard,black,1,1.0047037157897865,1.4000000000000057,1.2000000000000028,0.5999999999999996,Schematic internal layout
PS1-0494,ParallelResistor7Ends,PS1-0494 · Surface-mount metal end caps027,Mainboard,metal,2,0.5015999999999957,2.1999999999999886,1.2000000000000028,0.5500000000000007,Schematic internal layout
PS1-0495,ParallelResistor8,PS1-0495 · Chip resistor008,Mainboard,black,1,1.0047037157897862,1.4000000000000057,1.2000000000000028,0.5999999999999996,Schematic internal layout
PS1-0496,ParallelResistor8Ends,PS1-0496 · Surface-mount metal end caps028,Mainboard,metal,2,0.5015999999999956,2.1999999999999886,1.2000000000000028,0.5500000000000007,Schematic internal layout
PS1-0497,ParallelResistor9,PS1-0497 · Chip resistor009,Mainboard,black,1,1.0047037157897862,1.4000000000000057,1.2000000000000028,0.5999999999999996,Schematic internal layout
PS1-0498,ParallelResistor9Ends,PS1-0498 · Surface-mount metal end caps029,Mainboard,metal,2,0.5015999999999955,2.1999999999999886,1.2000000000000028,0.5500000000000007,Schematic internal layout
PS1-0499,ParallelResistor10,PS1-0499 · Chip resistor010,Mainboard,black,1,1.0047037157897862,1.4000000000000057,1.2000000000000028,0.5999999999999996,Schematic internal layout
PS1-0500,ParallelResistor10Ends,PS1-0500 · Surface-mount metal end caps030,Mainboard,metal,2,0.5015999999999956,2.1999999999999886,1.2000000000000028,0.5500000000000007,Schematic internal layout
PS1-0501,ParallelResistor11,PS1-0501 · Chip resistor011,Mainboard,black,1,1.0047037157897862,1.4000000000000057,1.2000000000000028,0.5999999999999996,Schematic internal layout
PS1-0502,ParallelResistor11Ends,PS1-0502 · Surface-mount metal end caps031,Mainboard,metal,2,0.5015999999999956,2.1999999999999886,1.2000000000000028,0.5500000000000007,Schematic internal layout
PS1-0503,ParallelResistor12,PS1-0503 · Chip resistor012,Mainboard,black,1,1.0047037157897862,1.4000000000000057,1.2000000000000028,0.5999999999999996,Schematic internal layout
PS1-0504,ParallelResistor12Ends,PS1-0504 · Surface-mount metal end caps032,Mainboard,metal,2,0.5015999999999956,2.1999999999999886,1.2000000000000028,0.5500000000000007,Schematic internal layout
PS1-0505,ParallelResistor13,PS1-0505 · Chip resistor013,Mainboard,black,1,1.0047037157897865,1.4000000000000057,1.2000000000000028,0.5999999999999996,Schematic internal layout
PS1-0506,ParallelResistor13Ends,PS1-0506 · Surface-mount metal end caps033,Mainboard,metal,2,0.5015999999999955,2.1999999999999886,1.2000000000000028,0.5500000000000007,Schematic internal layout
PS1-0507,ParallelResistor14,PS1-0507 · Chip resistor014,Mainboard,black,1,1.0047037157897865,1.4000000000000057,1.2000000000000028,0.5999999999999996,Schematic internal layout
PS1-0508,ParallelResistor14Ends,PS1-0508 · Surface-mount metal end caps034,Mainboard,metal,2,0.5015999999999956,2.1999999999999886,1.2000000000000028,0.5500000000000007,Schematic internal layout
PS1-0509,ParallelResistor15,PS1-0509 · Chip resistor015,Mainboard,black,1,1.0047037157897865,1.4000000000000057,1.2000000000000028,0.5999999999999996,Schematic internal layout
PS1-0510,ParallelResistor15Ends,PS1-0510 · Surface-mount metal end caps035,Mainboard,metal,2,0.5015999999999956,2.1999999999999886,1.2000000000000028,0.5500000000000007,Schematic internal layout
PS1-0511,CPUClockBase,PS1-0511 · Clock-can insulating base,Mainboard,black,1,16.970159265358983,8.199999999999989,5.200000000000003,0.40000000000000036,Schematic internal layout
PS1-0512,CPUClock,PS1-0512 · Crystal oscillator can,Mainboard,metal,1,82.84630052642466,8.0,5.0,2.0999999999999996,Schematic internal layout
PS1-0513,CPUClockMark,PS1-0513 · 67.737,Mainboard,black,6,0.015451020710409493,3.8750965765100602,0.8770471798657695,0.018000199999999467,Approximate SCPH-1000 exterior; family dimensions and firsthand photographs
PS1-0514,GPUClockBase,PS1-0514 · Clock-can insulating base001,Mainboard,black,1,16.970159265358987,8.200000000000003,5.200000000000003,0.40000000000000036,Schematic internal layout
PS1-0515,GPUClock,PS1-0515 · Crystal oscillator can001,Mainboard,metal,1,82.84630052642467,8.0,5.0,2.0999999999999996,Schematic internal layout
PS1-0516,GPUClockMark,PS1-0516 · 53.69,Mainboard,black,5,0.015434573760754206,3.1472443275167805,0.8770471798657695,0.018000199999999467,Approximate SCPH-1000 exterior; family dimensions and firsthand photographs
PS1-0517,PickupSocket,PS1-0517 · Flat flexible-circuit connector,Mainboard,white,1,214.46763691071416,14.0,5.200000000000002,3.200000000000001,Schematic internal layout
PS1-0518,PickupSocketContact0,PS1-0518 · FPC contact 1,Mainboard,gold,1,0.08635707963267947,0.45000000000000107,2.4000000000000012,0.08000000000000007,Schematic internal layout
PS1-0519,PickupSocketContact1,PS1-0519 · FPC contact 2,Mainboard,gold,1,0.08635707963267948,0.4500000000000006,2.4000000000000012,0.08000000000000007,Schematic internal layout
PS1-0520,PickupSocketContact2,PS1-0520 · FPC contact 3,Mainboard,gold,1,0.08635707963267951,0.4500000000000002,2.4000000000000012,0.08000000000000007,Schematic internal layout
PS1-0521,PickupSocketContact3,PS1-0521 · FPC contact 4,Mainboard,gold,1,0.08635707963267952,0.4500000000000002,2.4000000000000012,0.08000000000000007,Schematic internal layout
PS1-0522,PickupSocketContact4,PS1-0522 · FPC contact 5,Mainboard,gold,1,0.0863570796326795,0.45,2.4000000000000012,0.08000000000000007,Schematic internal layout
PS1-0523,PickupSocketContact5,PS1-0523 · FPC contact 6,Mainboard,gold,1,0.0863570796326795,0.45,2.4000000000000012,0.08000000000000007,Schematic internal layout
PS1-0524,PickupSocketContact6,PS1-0524 · FPC contact 7,Mainboard,gold,1,0.08635707963267952,0.4500000000000002,2.4000000000000012,0.08000000000000007,Schematic internal layout
PS1-0525,PickupSocketContact7,PS1-0525 · FPC contact 8,Mainboard,gold,1,0.08635707963267952,0.4500000000000002,2.4000000000000012,0.08000000000000007,Schematic internal layout
PS1-0526,PickupSocketContact8,PS1-0526 · FPC contact 9,Mainboard,gold,1,0.0863570796326795,0.4500000000000006,2.4000000000000012,0.08000000000000007,Schematic internal layout
PS1-0527,PickupSocketContact9,PS1-0527 · FPC contact 10,Mainboard,gold,1,0.08635707963267947,0.45000000000000107,2.4000000000000012,0.08000000000000007,Schematic internal layout
PS1-0528,FrontPortSocket,PS1-0528 · Flat flexible-circuit connector001,Mainboard,white,1,214.46763691071422,14.0,5.200000000000003,3.200000000000001,Schematic internal layout
PS1-0529,FrontPortSocketContact0,PS1-0529 · FPC contact 001,Mainboard,gold,1,0.08635707963267977,0.45000000000000284,2.4000000000000057,0.08000000000000007,Schematic internal layout
PS1-0530,FrontPortSocketContact1,PS1-0530 · FPC contact 002,Mainboard,gold,1,0.08635707963267977,0.45000000000000284,2.4000000000000057,0.08000000000000007,Schematic internal layout
PS1-0531,FrontPortSocketContact2,PS1-0531 · FPC contact 003,Mainboard,gold,1,0.08635707963267977,0.45000000000000284,2.4000000000000057,0.08000000000000007,Schematic internal layout
PS1-0532,FrontPortSocketContact3,PS1-0532 · FPC contact 004,Mainboard,gold,1,0.08635707963267976,0.45000000000000284,2.4000000000000057,0.08000000000000007,Schematic internal layout
PS1-0533,FrontPortSocketContact4,PS1-0533 · FPC contact 005,Mainboard,gold,1,0.08635707963267977,0.45000000000000284,2.4000000000000057,0.08000000000000007,Schematic internal layout
PS1-0534,FrontPortSocketContact5,PS1-0534 · FPC contact 006,Mainboard,gold,1,0.08635707963267976,0.45000000000000284,2.4000000000000057,0.08000000000000007,Schematic internal layout
PS1-0535,FrontPortSocketContact6,PS1-0535 · FPC contact 007,Mainboard,gold,1,0.08635707963267977,0.45000000000000284,2.4000000000000057,0.08000000000000007,Schematic internal layout
PS1-0536,FrontPortSocketContact7,PS1-0536 · FPC contact 008,Mainboard,gold,1,0.08635707963267977,0.45000000000000284,2.4000000000000057,0.08000000000000007,Schematic internal layout
PS1-0537,FrontPortSocketContact8,PS1-0537 · FPC contact 009,Mainboard,gold,1,0.08635707963267976,0.45000000000000284,2.4000000000000057,0.08000000000000007,Schematic internal layout
PS1-0538,FrontPortSocketContact9,PS1-0538 · FPC contact 010,Mainboard,gold,1,0.08635707963267976,0.45000000000000284,2.4000000000000057,0.08000000000000007,Schematic internal layout
PS1-0539,FrontPortSocketContact10,PS1-0539 · FPC contact 11,Mainboard,gold,1,0.08635707963267976,0.45000000000000284,2.4000000000000057,0.08000000000000007,Schematic internal layout
PS1-0540,FrontPortSocketContact11,PS1-0540 · FPC contact 12,Mainboard,gold,1,0.08635707963267977,0.45000000000000284,2.4000000000000057,0.08000000000000007,Schematic internal layout
PS1-0541,FrontPortFlex,PS1-0541 · Shared front-port flexible circuit,Wiring,flex,1,34.92000000000003,12.0,10.900000000000006,3.8499999999999996,Schematic internal layout
PS1-0542,FrontPortFlexTrace0,PS1-0542 · Front-port flex conductor 1,Wiring,copper,1,0.16005000000000347,0.5,10.900000000000006,3.6720000000000006,Schematic internal layout
PS1-0543,FrontPortFlexTrace1,PS1-0543 · Front-port flex conductor 2,Wiring,copper,1,0.16005000000000347,0.5,10.900000000000006,3.6720000000000006,Schematic internal layout
PS1-0544,FrontPortFlexTrace2,PS1-0544 · Front-port flex conductor 3,Wiring,copper,1,0.1600500000000039,0.5,10.900000000000006,3.6720000000000006,Schematic internal layout
PS1-0545,FrontPortFlexTrace3,PS1-0545 · Front-port flex conductor 4,Wiring,copper,1,0.1600500000000028,0.5,10.900000000000006,3.6720000000000006,Schematic internal layout
PS1-0546,FrontPortFlexTrace4,PS1-0546 · Front-port flex conductor 5,Wiring,copper,1,0.16005000000000325,0.5,10.900000000000006,3.6720000000000006,Schematic internal layout
PS1-0547,FrontPortFlexTrace5,PS1-0547 · Front-port flex conductor 6,Wiring,copper,1,0.1600500000000037,0.5,10.900000000000006,3.6720000000000006,Schematic internal layout
PS1-0548,FrontPortFlexTrace6,PS1-0548 · Front-port flex conductor 7,Wiring,copper,1,0.16005000000000302,0.5,10.900000000000006,3.6720000000000006,Schematic internal layout
PS1-0549,FrontPortFlexTrace7,PS1-0549 · Front-port flex conductor 8,Wiring,copper,1,0.16005000000000347,0.5,10.900000000000006,3.6720000000000006,Schematic internal layout
PS1-0550,FrontPortFlexTrace8,PS1-0550 · Front-port flex conductor 9,Wiring,copper,1,0.16005000000000302,0.5,10.900000000000006,3.6720000000000006,Schematic internal layout
PS1-0551,FrontPortFlexTrace9,PS1-0551 · Front-port flex conductor 10,Wiring,copper,1,0.16005000000000258,0.5,10.900000000000006,3.6720000000000006,Schematic internal layout
PS1-0552,FrontPortFlexTrace10,PS1-0552 · Front-port flex conductor 11,Wiring,copper,1,0.16005000000000325,0.5,10.900000000000006,3.6720000000000006,Schematic internal layout
PS1-0553,FrontPortFlexTrace11,PS1-0553 · Front-port flex conductor 12,Wiring,copper,1,0.1600500000000039,0.5,10.900000000000006,3.6720000000000006,Schematic internal layout
PS1-0554,OpticalPowerContact0,PS1-0554 · Motor-power connector contact sleeve,Mainboard,metal,1,0.5911220736994534,1.2600000000000051,1.491568756078042,1.5334767029247143,Schematic internal layout
PS1-0555,OpticalPowerContact1,PS1-0555 · Motor-power connector contact sleeve001,Mainboard,metal,1,0.5911220736994544,1.2600000000000051,1.5265971782770293,1.5654858343200644,Schematic internal layout
PS1-0556,OpticalPowerSocket,PS1-0556 · Two-way motor-power connector,Mainboard,white,1,117.04883325479734,6.599999999999994,5.0,4.0,Schematic internal layout
PS1-0557,PowerBoard,PS1-0557 · Separate Japanese power-supply PCB004,Power,phenolic,1,11382.435952816513,44.0,163.0,1.5999999999999996,Approximate SCPH-1000 exterior; family dimensions and firsthand photographs
PS1-0558,InputFuseGlass,PS1-0558 · Input fuse glass tube,Power,glass,1,75.35267059267801,4.199999999999989,17.800000000000004,4.200000000000001,Schematic internal layout
PS1-0559,InputFuseCap0,PS1-0559 · Input fuse metal end cap,Power,metal,1,31.948426490681406,4.300000000000011,2.200000000000003,4.299999999999999,Schematic internal layout
PS1-0560,InputFuseCap1,PS1-0560 · Input fuse metal end cap001,Power,metal,1,31.948426490681406,4.300000000000011,2.200000000000003,4.299999999999999,Schematic internal layout
PS1-0561,InputFuseElement,PS1-0561 · Fuse filament study,Power,metal,1,0.4554995188439789,0.18000000000000682,17.89999999999999,0.17999999999999972,Schematic internal layout
PS1-0562,FuseClip0,PS1-0562 · Fuse spring cradle and solder leg,Power,metal,1,4.189571650932255,5.400000000000006,0.8999999999999986,5.6,Schematic internal layout
PS1-0563,FuseClip1,PS1-0563 · Fuse spring cradle and solder leg001,Power,metal,1,4.189571650932278,5.400000000000006,0.9000000000000057,5.6,Schematic internal layout
PS1-0564,InputChokeCore,PS1-0564 · Rectangular common-mode choke ferrite,Power,psdark,1,559.5707963267948,14.0,18.0,5.0,Schematic internal layout
PS1-0565,InputChokeBobbin0,PS1-0565 · Input-filter insulating bobbin,Power,white,1,20.220333442108302,9.0,2.4000000000000057,5.400000000000002,Schematic internal layout
PS1-0566,InputChokeWinding0,PS1-0566 · Common-mode winding study,Power,copper,5,17.221418316494564,7.700000199999977,3.700000200000005,6.500000199999999,Schematic internal layout
PS1-0567,InputChokeBobbin1,PS1-0567 · Input-filter insulating bobbin001,Power,white,1,20.220333442108306,9.0,2.4000000000000057,5.400000000000002,Schematic internal layout
PS1-0568,InputChokeWinding1,PS1-0568 · Common-mode winding study001,Power,coil,5,17.22141831649445,7.700000199999977,3.7000001999999768,6.500000200000011,Schematic internal layout
PS1-0569,PrimaryBulkCap,PS1-0569 · Power-board radial capacitor,Power,black,1,6106.410653163624,18.0,18.0,24.000000000000004,Schematic internal layout
PS1-0570,PrimaryBulkCapSeal,PS1-0570 · Radial capacitor base seal,Power,rubber,1,146.36623624407073,17.69999999999999,17.700000000000003,0.5999999999999996,Schematic internal layout
PS1-0571,PrimaryBulkCapLeads,PS1-0571 · Radial capacitor formed leads,Power,metal,2,3.3691067935627674,8.360000000000014,0.8599999999999994,2.9000000000000004,Schematic internal layout
PS1-0572,PrimaryBulkCapVent,PS1-0572 · Scored capacitor end cover,Power,metal,1,48.83519012215754,17.69999999999999,17.700000000000003,0.20000000000000284,Schematic internal layout
PS1-0573,PrimaryBulkCapRating,PS1-0573 · 150 uF,Power,black,5,0.033385598545075834,5.470360738255039,1.2668458375838938,0.01800020000000302,Approximate SCPH-1000 exterior; family dimensions and firsthand photographs
PS1-0574,Rectifier0,PS1-0574 · Input rectifier diode,Power,black,1,12.566370614359164,2.0,4.0,2.0,Schematic internal layout
PS1-0575,RectifierBand0,PS1-0575 · Diode polarity band,Power,metal,1,0.10217637406718638,2.0999999999999943,0.45000000000000284,2.100000000000005,Schematic internal layout
PS1-0576,RectifierLeads0,PS1-0576 · Rectifier bent leads,Power,metal,2,3.032652036499365,0.5200000000000102,10.920000000000016,4.359999999999999,Schematic internal layout
PS1-0577,Rectifier1,PS1-0577 · Input rectifier diode001,Power,black,1,12.566370614359164,2.0,4.0,2.0,Schematic internal layout
PS1-0578,RectifierBand1,PS1-0578 · Diode polarity band001,Power,metal,1,0.10217637406718616,2.0999999999999943,0.45000000000000284,2.100000000000005,Schematic internal layout
PS1-0579,RectifierLeads1,PS1-0579 · Rectifier bent leads001,Power,metal,2,3.0326515888851753,0.5200000000000102,10.920000000000009,4.359999999999999,Schematic internal layout
PS1-0580,Rectifier2,PS1-0580 · Input rectifier diode002,Power,black,1,12.566370614359164,2.0,4.0,2.0,Schematic internal layout
PS1-0581,RectifierBand2,PS1-0581 · Diode polarity band002,Power,metal,1,0.10217637406718616,2.0999999999999943,0.45000000000000284,2.100000000000005,Schematic internal layout
PS1-0582,RectifierLeads2,PS1-0582 · Rectifier bent leads002,Power,metal,2,3.032652035636269,0.5200000000000102,10.920000000000002,4.359999999999999,Schematic internal layout
PS1-0583,Rectifier3,PS1-0583 · Input rectifier diode003,Power,black,1,12.566370614359164,2.0,4.0,2.0,Schematic internal layout
PS1-0584,RectifierBand3,PS1-0584 · Diode polarity band003,Power,metal,1,0.1021763740671946,2.0999999999999943,0.4499999999999993,2.100000000000005,Schematic internal layout
PS1-0585,RectifierLeads3,PS1-0585 · Rectifier bent leads003,Power,metal,2,3.032652035636272,0.5200000000000102,10.920000000000002,4.359999999999999,Schematic internal layout
PS1-0586,TransformerCore,PS1-0586 · Closed transformer ferrite core,Power,psdark,1,7060.083516482005,27.0,26.0,23.0,Schematic internal layout
PS1-0587,TransformerBobbin,PS1-0587 · Three-flange transformer bobbin,Power,white,1,2151.8608184252053,18.80000000000001,24.8,18.500000000000004,Schematic internal layout
PS1-0588,TransformerPrimary,PS1-0588 · Transformer primary winding pack,Power,copper,1,1537.2191147369358,18.0,24.0,7.199999999999999,Schematic internal layout
PS1-0589,TransformerSecondary,PS1-0589 · Transformer secondary winding pack,Power,coil,1,1537.2191147369354,18.0,24.0,7.200000000000003,Schematic internal layout
PS1-0590,TransformerClip,PS1-0590 · Transformer retaining strap,Power,metal,1,70.28800000000098,28.400000000000006,2.3,24.400000000000002,Schematic internal layout
PS1-0591,TransformerMark,PS1-0591 · T001,Power,white,4,0.06626178803882794,6.257718120805379,1.9489934885906037,0.01800020000000302,Approximate SCPH-1000 exterior; family dimensions and firsthand photographs
PS1-0592,OutputCap0,PS1-0592 · Power-board radial capacitor001,Power,black,1,602.3403240743063,8.0,8.0,12.0,Schematic internal layout
PS1-0593,OutputCap0Seal,PS1-0593 · Radial capacitor base seal001,Power,rubber,1,26.6715561422997,7.699999999999989,7.700000000000003,0.5999999999999996,Schematic internal layout
PS1-0594,OutputCap0Leads,PS1-0594 · Radial capacitor formed leads001,Power,metal,2,3.3691067935627674,4.220000000000027,0.8599999999999994,2.9000000000000004,Schematic internal layout
PS1-0595,OutputCap0Vent,PS1-0595 · Scored capacitor end cover001,Power,metal,1,9.148163421566931,7.699999999999989,7.700000000000003,0.1999999999999993,Schematic internal layout
PS1-0596,OutputCap1,PS1-0596 · Power-board radial capacitor002,Power,black,1,1098.7119633414936,10.0,10.0,14.0,Schematic internal layout
PS1-0597,OutputCap1Seal,PS1-0597 · Radial capacitor base seal002,Power,rubber,1,43.070669794038395,9.699999999999989,9.700000000000003,0.5999999999999996,Schematic internal layout
PS1-0598,OutputCap1Leads,PS1-0598 · Radial capacitor formed leads002,Power,metal,2,3.3691067935627683,5.060000000000002,0.8599999999999994,2.9000000000000004,Schematic internal layout
PS1-0599,OutputCap1Vent,PS1-0599 · Scored capacitor end cover002,Power,metal,1,14.572294638813156,9.699999999999989,9.700000000000003,0.1999999999999993,Schematic internal layout
PS1-0600,OutputCap2,PS1-0600 · Power-board radial capacitor003,Power,black,1,602.3403240743063,8.0,8.0,12.0,Schematic internal layout
PS1-0601,OutputCap2Seal,PS1-0601 · Radial capacitor base seal003,Power,rubber,1,26.6715561422997,7.699999999999989,7.700000000000003,0.5999999999999996,Schematic internal layout
PS1-0602,OutputCap2Leads,PS1-0602 · Radial capacitor formed leads003,Power,metal,2,3.3691067935627683,4.220000000000027,0.8599999999999994,2.9000000000000004,Schematic internal layout
PS1-0603,OutputCap2Vent,PS1-0603 · Scored capacitor end cover003,Power,metal,1,9.148163421566933,7.699999999999989,7.700000000000003,0.1999999999999993,Schematic internal layout
PS1-0604,OutputCap3,PS1-0604 · Power-board radial capacitor004,Power,black,1,225.34920564353092,6.0,6.0,8.0,Schematic internal layout
PS1-0605,OutputCap3Seal,PS1-0605 · Radial capacitor base seal004,Power,rubber,1,14.042353674868725,5.699999999999989,5.700000000000003,0.5999999999999996,Schematic internal layout
PS1-0606,OutputCap3Leads,PS1-0606 · Radial capacitor formed leads004,Power,metal,2,3.3691067935627683,3.380000000000024,0.8599999999999994,2.9000000000000004,Schematic internal layout
PS1-0607,OutputCap3Vent,PS1-0607 · Scored capacitor end cover004,Power,metal,1,4.980669265756611,5.699999999999989,5.700000000000003,0.1999999999999993,Schematic internal layout
PS1-0608,OutputCap4,PS1-0608 · Power-board radial capacitor005,Power,black,1,383.99963464981556,7.0,7.0,10.0,Schematic internal layout
PS1-0609,OutputCap4Seal,PS1-0609 · Radial capacitor base seal005,Power,rubber,1,19.885716010545757,6.699999999999989,6.700000000000003,0.5999999999999996,Schematic internal layout
PS1-0610,OutputCap4Leads,PS1-0610 · Radial capacitor formed leads005,Power,metal,2,3.3691067935627683,3.8000000000000114,0.8599999999999994,2.9000000000000004,Schematic internal layout
PS1-0611,OutputCap4Vent,PS1-0611 · Scored capacitor end cover005,Power,metal,1,6.907336710982281,6.699999999999989,6.700000000000003,0.1999999999999993,Schematic internal layout
PS1-0612,PowerControlIC,PS1-0612 · Power-control package study,Power,black,1,39.12272118011653,5.199999999999989,4.199999999999996,1.8000000000000007,Schematic internal layout
PS1-0613,PowerControlICPins,PS1-0613 · Power-control package leads,Power,metal,8,3.2710999999999273,3.5,6.549999999999997,2.8100000000000005,Schematic internal layout
PS1-0614,FeedbackOptocoupler,PS1-0614 · Power-control package study001,Power,black,1,39.12272118011655,5.199999999999989,4.200000000000003,1.8000000000000007,Schematic internal layout
PS1-0615,FeedbackOptocouplerPins,PS1-0615 · Power-control package leads001,Power,metal,4,1.635549999999978,1.4000000000000057,6.550000000000004,2.8100000000000005,Schematic internal layout
PS1-0616,PowerTransistor,PS1-0616 · Power transistor package study,Power,black,1,266.60029516668357,9.0,3.0,10.0,Schematic internal layout
PS1-0617,PowerTransistorLeads,PS1-0617 · Power transistor leads,Power,metal,3,4.949999999999999,4.900000000000006,0.5,6.6,Schematic internal layout
PS1-0618,PowerTransistorTab,PS1-0618 · Power transistor heat-transfer tab,Power,metal,1,61.86509965389069,9.0,0.5,14.0,Schematic internal layout
PS1-0619,PowerRadiator,PS1-0619 · Folded power-transistor radiator001,Power,metal,1,235.89872136098282,14.0,8.400000000000002,21.0,Schematic internal layout
PS1-0620,PowerRadiatorScrew,PS1-0620 · Power-transistor retaining screw,Power,metal,1,9.835029006908771,2.8000000000000114,5.449999999999996,2.799999999999997,Schematic internal layout
PS1-0621,PowerBoardMark,PS1-0621 · PSU STUDY,Power,white,8,0.051540138235327694,8.498355804697994,1.169396173154361,0.018000199999999467,Approximate SCPH-1000 exterior; family dimensions and firsthand photographs
PS1-0622,PowerSwitch,PS1-0622 · Latching power-switch housing,Power,black,1,1717.199079724527,12.0,12.0,12.0,Schematic internal layout
PS1-0623,PowerSwitchPins,PS1-0623 · Power-switch through-board terminals,Power,metal,4,3.6299999999999626,10.549999999999997,10.549999999999997,3.0,Schematic internal layout
PS1-0624,PowerSwitchPusher,PS1-0624 · Power-switch actuator,Controls,white,1,84.75702820119902,4.599999999999994,4.599999999999994,5.100000000000001,Schematic internal layout
PS1-0625,PowerButtonStem,PS1-0625 · Long power-button transmission stem,Controls,psgrey,1,297.19466502959443,4.0,4.0,23.65,Schematic internal layout
PS1-0626,ResetSwitch,PS1-0626 · Reset-switch package study,Power,black,1,120.45061929829745,5.5,5.5,4.0,Schematic internal layout
PS1-0627,ResetPusher,PS1-0627 · Reset-switch actuator,Controls,white,1,3.716504109196726,2.5999999999999943,2.6000000000000014,0.6999999999999993,Schematic internal layout
PS1-0628,ResetStem,PS1-0628 · Reset-button transmission stem,Controls,psgrey,1,136.84777599037125,2.1999999999999886,2.200000000000003,36.0,Schematic internal layout
PS1-0629,PowerLEDBase,PS1-0629 · Power LED insulating base,Power,black,1,81.2792851336751,5.599999999999994,5.599999999999994,3.3000000000000007,Schematic internal layout
PS1-0630,PowerLED,PS1-0630 · Power-indicator LED lens,Power,psgreen,1,45.669998012750455,5.500000000000227,5.5,2.8000000000000007,Schematic internal layout
PS1-0631,PowerLightGuide,PS1-0631 · Bent power-indicator light guide,Controls,lightpipe,1,232.46999999999966,1.7999999999999972,14.75,36.0,Schematic internal layout
PS1-0632,PSUOutputContact0,PS1-0632 · Early PSU connector contact 1,Power,metal,1,3.243066096300745,6.200000000000003,1.259999999999991,1.259999999999998,Schematic internal layout
PS1-0633,MainPowerContact0,PS1-0633 · Mainboard power connector contact 1,Mainboard,metal,1,1.7241060482900779,3.5,1.259999999999991,1.2600000000000016,Schematic internal layout
PS1-0634,PowerHarness0,PS1-0634 · Seven-core power/reset harness conductor 1,Wiring,white,1,9.417679613143806,14.200000000000003,0.8600002000000018,5.360000200000005,Schematic internal layout
PS1-0635,PSUOutputContact1,PS1-0635 · Early PSU connector contact 2,Power,metal,1,3.243066096300745,6.200000000000003,1.259999999999991,1.259999999999998,Schematic internal layout
PS1-0636,MainPowerContact1,PS1-0636 · Mainboard power connector contact 2,Mainboard,metal,1,1.7241060482900779,3.5,1.259999999999991,1.2600000000000016,Schematic internal layout
PS1-0637,PowerHarness1,PS1-0637 · Seven-core power/reset harness conductor 2,Wiring,psdark,1,9.417679613143806,14.200000000000003,0.8600002000000018,5.360000200000005,Schematic internal layout
PS1-0638,PSUOutputContact2,PS1-0638 · Early PSU connector contact 3,Power,metal,1,3.243066096300745,6.200000000000003,1.259999999999991,1.259999999999998,Schematic internal layout
PS1-0639,MainPowerContact2,PS1-0639 · Mainboard power connector contact 3,Mainboard,metal,1,1.7241060482900779,3.5,1.259999999999991,1.2600000000000016,Schematic internal layout
PS1-0640,PowerHarness2,PS1-0640 · Seven-core power/reset harness conductor 3,Wiring,coil,1,9.417679613143806,14.200000000000003,0.8600002000000018,5.360000200000005,Schematic internal layout
PS1-0641,PSUOutputContact3,PS1-0641 · Early PSU connector contact 4,Power,metal,1,3.243066096300745,6.200000000000003,1.259999999999991,1.259999999999998,Schematic internal layout
PS1-0642,MainPowerContact3,PS1-0642 · Mainboard power connector contact 4,Mainboard,metal,1,1.7241060482900779,3.5,1.259999999999991,1.2600000000000016,Schematic internal layout
PS1-0643,PowerHarness3,PS1-0643 · Seven-core power/reset harness conductor 4,Wiring,psgrey,1,9.417679613143804,14.200000000000003,0.8600002000000018,5.360000200000005,Schematic internal layout
PS1-0644,PSUOutputContact4,PS1-0644 · Early PSU connector contact 5,Power,metal,1,3.243066096300742,6.200000000000003,1.2600000000000051,1.259999999999998,Schematic internal layout
PS1-0645,MainPowerContact4,PS1-0645 · Mainboard power connector contact 5,Mainboard,metal,1,1.724106048290074,3.5,1.2600000000000051,1.2600000000000016,Schematic internal layout
PS1-0646,PowerHarness4,PS1-0646 · Seven-core power/reset harness conductor 5,Wiring,white,1,9.417679613143713,14.200000000000003,0.8600002000000018,5.360000200000005,Schematic internal layout
PS1-0647,PSUOutputContact5,PS1-0647 · Early PSU connector contact 6,Power,metal,1,3.243066096300742,6.200000000000003,1.2600000000000051,1.259999999999998,Schematic internal layout
PS1-0648,MainPowerContact5,PS1-0648 · Mainboard power connector contact 6,Mainboard,metal,1,1.724106048290074,3.5,1.2600000000000051,1.2600000000000016,Schematic internal layout
PS1-0649,PowerHarness5,PS1-0649 · Seven-core power/reset harness conductor 6,Wiring,red,1,9.417679613143713,14.200000000000003,0.8600002000000018,5.360000200000005,Schematic internal layout
PS1-0650,PSUOutputContact6,PS1-0650 · Early PSU connector contact 7,Power,metal,1,3.243066096300742,6.200000000000003,1.2600000000000051,1.259999999999998,Schematic internal layout
PS1-0651,MainPowerContact6,PS1-0651 · Mainboard power connector contact 7,Mainboard,metal,1,1.724106048290074,3.5,1.2600000000000051,1.2600000000000016,Schematic internal layout
PS1-0652,PowerHarness6,PS1-0652 · Seven-core power/reset harness conductor 7,Wiring,psdark,1,9.417679613143713,14.200000000000003,0.8600002000000018,5.360000200000005,Schematic internal layout
PS1-0653,PSUOutputConnector,PS1-0653 · Seven-position PSU connector,Power,white,1,674.1953395563729,10.0,16.0,6.300000000000001,Schematic internal layout
PS1-0654,MainPowerConnector,PS1-0654 · Seven-position mainboard power connector,Mainboard,white,1,334.50977566272695,6.0,17.0,4.0,Schematic internal layout
PS1-0655,LowerShield,PS1-0655 · Lower mainboard shield004,Shield,metal,2,19823.67739541531,204.00000000000006,169.00000000000006,0.6000000000000005,Schematic internal layout
PS1-0656,PowerInsulator,PS1-0656 · Power-board insulating sheet002,Power,thermal,1,3074.985879275352,43.0,161.0,0.4499999999999993,Schematic internal layout
PS1-0657,MainShield,PS1-0657 · Raised mainboard shield with interface and cable clearances003,Shield,metal,1,22301.173868825685,207.00000000000003,171.00000000000003,0.6999999999999993,Schematic internal layout
PS1-0658,PowerGuard,PS1-0658 · Power-board side shield and harness aperture,Shield,metal,1,2066.3999999999796,0.5999999999999943,170.0,21.0,Schematic internal layout
PS1-0659,BoardMountPad6,PS1-0659 · Shield fixing ground land,Mainboard,gold,1,0.3887720908817386,5.599999999999994,5.599999999999994,0.025000000000000355,Schematic internal layout
PS1-0660,BoardPedestal0,PS1-0660 · Mainboard lower insulating pedestal,Internal,psgrey,1,125.66370614359175,6.0,6.0,5.000000000000001,Schematic internal layout
PS1-0661,ShieldSpacer0,PS1-0661 · Mainboard shield spacer,Internal,metal,1,220.57122020853961,5.199999999999989,5.199999999999989,11.8,Schematic internal layout
PS1-0662,ShieldWasher0,PS1-0662 · Shield screw washer,Internal,metal,1,1.3607023180860762,3.8000000000000114,3.8000000000000114,0.14999999999999858,Schematic internal layout
PS1-0663,ShieldScrew0,PS1-0663 · Cross-head fastener,Internal,metal,1,25.82858450954366,3.4000000000000057,3.4000000000000057,19.330000000000002,Schematic internal layout
PS1-0664,BoardPedestal1,PS1-0664 · Mainboard lower insulating pedestal001,Internal,psgrey,1,125.66370614359175,6.0,6.0,5.000000000000001,Schematic internal layout
PS1-0665,ShieldSpacer1,PS1-0665 · Mainboard shield spacer001,Internal,metal,1,220.57122020853961,5.199999999999989,5.199999999999989,11.8,Schematic internal layout
PS1-0666,ShieldWasher1,PS1-0666 · Shield screw washer001,Internal,metal,1,1.3607023180860762,3.8000000000000114,3.8000000000000114,0.14999999999999858,Schematic internal layout
PS1-0667,ShieldScrew1,PS1-0667 · Cross-head fastener001,Internal,metal,1,25.828584509543653,3.4000000000000057,3.4000000000000057,19.330000000000002,Schematic internal layout
PS1-0668,BoardPedestal2,PS1-0668 · Mainboard lower insulating pedestal002,Internal,psgrey,1,125.66370614359175,6.0,6.0,5.000000000000001,Schematic internal layout
PS1-0669,ShieldSpacer2,PS1-0669 · Mainboard shield spacer002,Internal,metal,1,220.57122020853961,5.199999999999989,5.199999999999989,11.8,Schematic internal layout
PS1-0670,ShieldWasher2,PS1-0670 · Shield screw washer002,Internal,metal,1,1.3607023180860762,3.8000000000000114,3.8000000000000114,0.14999999999999858,Schematic internal layout
PS1-0671,ShieldScrew2,PS1-0671 · Cross-head fastener002,Internal,metal,1,25.82858450954366,3.4000000000000057,3.4000000000000057,19.330000000000002,Schematic internal layout
PS1-0672,BoardPedestal3,PS1-0672 · Mainboard lower insulating pedestal003,Internal,psgrey,1,125.66370614359175,6.0,6.0,5.000000000000001,Schematic internal layout
PS1-0673,ShieldSpacer3,PS1-0673 · Mainboard shield spacer003,Internal,metal,1,90.0820277490339,3.5999999999999943,3.5999999999999943,11.8,Schematic internal layout
PS1-0674,ShieldWasher3,PS1-0674 · Shield screw washer003,Internal,metal,1,1.3607023180860762,3.8000000000000114,3.8000000000000114,0.14999999999999858,Schematic internal layout
PS1-0675,ShieldScrew3,PS1-0675 · Cross-head fastener003,Internal,metal,1,25.828584509543653,3.4000000000000057,3.4000000000000057,19.330000000000002,Schematic internal layout
PS1-0676,BoardPedestal4,PS1-0676 · Mainboard lower insulating pedestal004,Internal,psgrey,1,125.66370614359174,6.0,6.0,5.000000000000001,Schematic internal layout
PS1-0677,FrontBoardWasher,PS1-0677 · Low front mounting washer,Internal,metal,1,1.4349224445271378,4.599999999999994,4.599999999999994,0.09999999999999964,Schematic internal layout
PS1-0678,FrontBoardScrew,PS1-0678 · Cross-head fastener004,Internal,metal,1,10.129417701024774,3.4000000000000057,3.4000000000000057,6.33,Schematic internal layout
PS1-0679,BoardPedestal5,PS1-0679 · Mainboard lower insulating pedestal005,Internal,psgrey,1,125.66370614359167,6.0,6.0,5.000000000000001,Schematic internal layout
PS1-0680,ShieldSpacer5,PS1-0680 · Mainboard shield spacer004,Internal,metal,1,220.57122020853956,5.199999999999989,5.200000000000001,11.8,Schematic internal layout
PS1-0681,ShieldWasher5,PS1-0681 · Shield screw washer004,Internal,metal,1,1.3607023180860771,3.8000000000000114,3.799999999999999,0.14999999999999858,Schematic internal layout
PS1-0682,ShieldScrew5,PS1-0682 · Cross-head fastener005,Internal,metal,1,25.828584509543663,3.4000000000000057,3.3999999999999986,19.330000000000002,Schematic internal layout
PS1-0683,BoardPedestal6,PS1-0683 · Mainboard lower insulating pedestal006,Internal,psgrey,1,125.66370614359175,6.0,6.0,5.000000000000001,Schematic internal layout
PS1-0684,ShieldSpacer6,PS1-0684 · Mainboard shield spacer005,Internal,metal,1,220.57122020853961,5.199999999999989,5.199999999999989,11.8,Schematic internal layout
PS1-0685,ShieldWasher6,PS1-0685 · Shield screw washer005,Internal,metal,1,1.3607023180860762,3.8000000000000114,3.8000000000000114,0.14999999999999858,Schematic internal layout
PS1-0686,ShieldScrew6,PS1-0686 · Cross-head fastener006,Internal,metal,1,25.82858450954366,3.4000000000000057,3.4000000000000057,19.330000000000002,Schematic internal layout
PS1-0687,OpticalPegNut0,PS1-0687 · Optical support retaining nut,Internal,metal,1,5.582081162839404,4.099999999999994,3.550704155516198,0.8000000000000043,Schematic internal layout
PS1-0688,OpticalPegNut1,PS1-0688 · Optical support retaining nut001,Internal,metal,1,5.582081162839404,4.099999999999994,3.550704155516197,0.8000000000000043,Schematic internal layout
PS1-0689,OpticalPegNut2,PS1-0689 · Optical support retaining nut002,Internal,metal,1,5.582081162839412,4.099999999999994,3.5507041555162004,0.8000000000000007,Schematic internal layout
PS1-0690,FrontShieldWasher0,PS1-0690 · Front-cover screw washer,Internal,metal,1,0.9490751406494733,3.5999999999999943,3.5999999999999943,0.11999999999999744,Schematic internal layout
PS1-0691,FrontShieldScrew0,PS1-0691 · Cross-head fastener007,Internal,metal,1,48.42746666281249,3.1999999999999957,3.1999999999999886,38.33,Schematic internal layout
PS1-0692,FrontShieldWasher1,PS1-0692 · Front-cover screw washer001,Internal,metal,1,0.9490751406494733,3.5999999999999943,3.5999999999999943,0.11999999999999744,Schematic internal layout
PS1-0693,FrontShieldScrew1,PS1-0693 · Cross-head fastener008,Internal,metal,1,48.4274666628125,3.1999999999999957,3.1999999999999886,38.33,Schematic internal layout
PS1-0694,FrontShieldWasher2,PS1-0694 · Front-cover screw washer002,Internal,metal,1,0.9490751406494735,3.6000000000000085,3.5999999999999943,0.11999999999999744,Schematic internal layout
PS1-0695,FrontShieldScrew2,PS1-0695 · Cross-head fastener009,Internal,metal,1,48.42746666281248,3.1999999999999957,3.1999999999999886,38.33,Schematic internal layout
PS1-0696,FrontShieldWasher3,PS1-0696 · Front-cover screw washer003,Internal,metal,1,0.9490751406494735,3.6000000000000085,3.5999999999999943,0.11999999999999744,Schematic internal layout
PS1-0697,FrontShieldScrew3,PS1-0697 · Cross-head fastener010,Internal,metal,1,48.427466662812485,3.1999999999999957,3.1999999999999886,38.33,Schematic internal layout
PS1-0698,FrontShieldWasher4,PS1-0698 · Front-cover screw washer004,Internal,metal,1,0.9490751406494724,3.6,3.5999999999999943,0.11999999999999744,Schematic internal layout
PS1-0699,FrontShieldScrew4,PS1-0699 · Cross-head fastener011,Internal,metal,1,48.427466662812506,3.2,3.1999999999999886,38.33,Schematic internal layout
PS1-0700,FrontIOShield,PS1-0700 · Folded controller and memory-card shielding cover003,Shield,metal,1,1501.757858977012,131.6,16.0,25.60000000000001,Schematic internal layout
PS1-0701,PowerPedestal0,PS1-0701 · Power-board insulating support,Internal,psgrey,1,125.13434778146173,4.800000000000011,4.800000000000011,8.2,Schematic internal layout
PS1-0702,PowerPedestal1,PS1-0702 · Power-board insulating support001,Internal,psgrey,1,125.13434778146173,4.800000000000011,4.800000000000011,8.2,Schematic internal layout
PS1-0703,PowerPedestal2,PS1-0703 · Power-board insulating support002,Internal,psgrey,1,125.13434778146173,4.800000000000011,4.800000000000011,8.2,Schematic internal layout
PS1-0704,PowerWasher2,PS1-0704 · Power-board retaining washer,Internal,metal,1,1.0296569922140546,4.0,4.0,0.09999999999999964,Schematic internal layout
PS1-0705,PowerScrew2,PS1-0705 · Cross-head fastener012,Internal,metal,1,13.406248397654887,3.1999999999999886,3.1999999999999886,9.33,Schematic internal layout
PS1-0706,PowerPedestal3,PS1-0706 · Power-board insulating support003,Internal,psgrey,1,125.13434778146173,4.800000000000011,4.800000000000011,8.2,Schematic internal layout
PS1-0707,PowerWasher3,PS1-0707 · Power-board retaining washer001,Internal,metal,1,1.0296569922140542,4.0,4.0,0.09999999999999964,Schematic internal layout
PS1-0708,PowerScrew3,PS1-0708 · Cross-head fastener013,Internal,metal,1,13.40624839765489,3.1999999999999886,3.1999999999999886,9.33,Schematic internal layout
PS1-0709,CaseScrew0,PS1-0709 · Cross-head fastener014,Internal,black,1,17.556460653724738,3.5,3.5,12.33,Schematic internal layout
PS1-0710,CaseScrewArrow0,PS1-0710 · ↑,Body,psdark,1,0.02534983995653349,1.65352348993288,2.8348993288590663,0.018000000000000238,Approximate SCPH-1000 exterior; family dimensions and firsthand photographs
PS1-0711,CaseScrew1,PS1-0711 · Cross-head fastener015,Internal,black,1,17.55646065372474,3.5,3.5,12.33,Schematic internal layout
PS1-0712,CaseScrewArrow1,PS1-0712 · ↑001,Body,psdark,1,0.02534983995653349,1.653523489932894,2.8348993288590734,0.018000000000000238,Approximate SCPH-1000 exterior; family dimensions and firsthand photographs
PS1-0713,CaseScrew2,PS1-0713 · Cross-head fastener016,Internal,black,1,17.556460653724756,3.5,3.5,12.33,Schematic internal layout
PS1-0714,CaseScrewArrow2,PS1-0714 · ↑002,Body,psdark,1,0.02534983995653347,1.653523489932894,2.834899328859059,0.018000000000000238,Approximate SCPH-1000 exterior; family dimensions and firsthand photographs
PS1-0715,CaseScrew3,PS1-0715 · Cross-head fastener017,Internal,black,1,17.556460653724738,3.5,3.5,12.33,Schematic internal layout
PS1-0716,CaseScrewArrow3,PS1-0716 · ↑003,Body,psdark,1,0.02534983995653349,1.65352348993288,2.8348993288590663,0.018000000000000238,Approximate SCPH-1000 exterior; family dimensions and firsthand photographs
PS1-0717,CaseScrew4,PS1-0717 · Cross-head fastener018,Internal,black,1,17.556460653724745,3.5,3.5,12.33,Schematic internal layout
PS1-0718,CaseScrewArrow4,PS1-0718 · ↑004,Body,psdark,1,0.025349839956533497,1.653523489932886,2.8348993288590663,0.018000000000000238,Approximate SCPH-1000 exterior; family dimensions and firsthand photographs
PS1-0719,CaseScrew5,PS1-0719 · Cross-head fastener019,Internal,black,1,17.556460653724738,3.5,3.5,12.33,Schematic internal layout
PS1-0720,CaseScrewArrow5,PS1-0720 · ↑005,Body,psdark,1,0.02534983995653349,1.65352348993288,2.8348993288590663,0.018000000000000238,Approximate SCPH-1000 exterior; family dimensions and firsthand photographs
PS1-0721,BottomLabel,PS1-0721 · Original-family underside label study,Body,black,1,163.1484955592154,80.0,34.0,0.060000000000010045,Approximate SCPH-1000 exterior; family dimensions and firsthand photographs
PS1-0722,BottomSony,PS1-0722 · SONY001,Body,white,4,0.34589684586293984,14.708456475838927,4.092886106040261,0.01800020000000102,Approximate SCPH-1000 exterior; family dimensions and firsthand photographs
PS1-0723,BottomModel,PS1-0723 · SCPH-1000,Body,white,9,0.33253767735511625,21.099664629530203,2.9234901328859024,0.018000200000002797,Approximate SCPH-1000 exterior; family dimensions and firsthand photographs
PS1-0724,BottomStudy,PS1-0724 · OPEN CONSOLE CAD,Body,white,14,0.18937701988837427,21.869905820805364,1.6079196630872516,0.018000200000002797,Approximate SCPH-1000 exterior; family dimensions and firsthand photographs
PS1-0725,LidResistancePinion,PS1-0725 · Lid resistance-unit pinion and spindle,Optical,black,1,20.96823374797478,5.0,3.943984148282027,3.94398414828202,Schematic internal layout
PS1-0726,LidResistanceUnit,PS1-0726 · Rotary lid-resistance housing study,Optical,black,1,59.63057015778788,2.700000000000003,5.599999999999994,5.599999999999994,Schematic internal layout
PS1-0727,CtrlBack,PS1-0727 · CtrlBack · hollow ergonomic shell008,Controller,psgrey,1,31222.576604151138,136.26266901696616,89.6574906194484,16.800000216569046,Approximate SCPH-1000 exterior; family dimensions and firsthand photographs
PS1-0728,CtrlFront,PS1-0728 · CtrlFront · hollow ergonomic shell011,Controller,psgrey,2,29848.234608843464,136.10439759587646,89.52072752887452,24.2000001,Approximate SCPH-1000 exterior; family dimensions and firsthand photographs
PS1-0729,CtrlDPadUp,PS1-0729 · Original separated up directional key001,Controller,black,1,135.09051724127087,7.141056446539686,7.892416438178344,5.800000000000001,Approximate SCPH-1000 exterior; family dimensions and firsthand photographs
PS1-0730,CtrlDirectionUp,PS1-0730 · Directional-key embossed marker,Controller,psdark,1,0.02249999999999883,2.200000000000003,1.3999999999999773,0.02499999999999858,Approximate SCPH-1000 exterior; family dimensions and firsthand photographs
PS1-0731,CtrlDPadRight,PS1-0731 · Original separated right directional key001,Controller,black,1,135.09051724127093,7.892416438178337,7.141056446539693,5.800000000000001,Approximate SCPH-1000 exterior; family dimensions and firsthand photographs
PS1-0732,CtrlDirectionRight,PS1-0732 · Directional-key embossed marker001,Controller,psdark,1,0.022499999999998892,1.3999999999999773,2.200000000000017,0.02499999999999858,Approximate SCPH-1000 exterior; family dimensions and firsthand photographs
PS1-0733,CtrlDPadDown,PS1-0733 · Original separated down directional key001,Controller,black,1,135.09051724127087,7.141056446539686,7.892416438178344,5.800000000000001,Approximate SCPH-1000 exterior; family dimensions and firsthand photographs
PS1-0734,CtrlDirectionDown,PS1-0734 · Directional-key embossed marker002,Controller,psdark,1,0.02249999999999883,2.200000000000003,1.3999999999999773,0.02499999999999858,Approximate SCPH-1000 exterior; family dimensions and firsthand photographs
PS1-0735,CtrlDPadLeft,PS1-0735 · Original separated left directional key001,Controller,black,1,135.090517241271,7.892416438178344,7.141056446539693,5.800000000000001,Approximate SCPH-1000 exterior; family dimensions and firsthand photographs
PS1-0736,CtrlDirectionLeft,PS1-0736 · Directional-key embossed marker003,Controller,psdark,1,0.022499999999998774,1.3999999999999773,2.200000000000017,0.02499999999999858,Approximate SCPH-1000 exterior; family dimensions and firsthand photographs
PS1-0737,CtrlButtonTriangle,PS1-0737 · Triangle digital face button,Controller,black,1,167.41358294694544,8.700000100000004,8.700000199999977,6.0,Approximate SCPH-1000 exterior; family dimensions and firsthand photographs
PS1-0738,CtrlSymbolTriangle,PS1-0738 · Triangle face-button symbol,Controller,ctrlcyan,1,0.08807000000000129,4.0,3.6500000000000057,0.02500000000000213,Approximate SCPH-1000 exterior; family dimensions and firsthand photographs
PS1-0739,CtrlButtonCircle,PS1-0739 · Circle digital face button,Controller,black,1,167.41358294694544,8.700000100000004,8.700000199999977,6.0,Approximate SCPH-1000 exterior; family dimensions and firsthand photographs
PS1-0740,CtrlSymbolCircle,PS1-0740 · Circle face-button symbol,Controller,ctrlcoral,1,0.08717919613712685,4.0,4.0,0.02499999999999858,Approximate SCPH-1000 exterior; family dimensions and firsthand photographs
PS1-0741,CtrlButtonCross,PS1-0741 · Cross digital face button,Controller,black,1,167.41358294694544,8.700000100000004,8.700000199999977,6.0,Approximate SCPH-1000 exterior; family dimensions and firsthand photographs
PS1-0742,CtrlSymbolCross,PS1-0742 · Cross face-button symbol,Controller,ctrlblue,1,0.07417132741228569,3.587249634685449,3.587249634685236,0.02499999999999858,Approximate SCPH-1000 exterior; family dimensions and firsthand photographs
PS1-0743,CtrlButtonSquare,PS1-0743 · Square digital face button,Controller,black,1,167.4135829469454,8.700000000000003,8.700000199999977,6.0,Approximate SCPH-1000 exterior; family dimensions and firsthand photographs
PS1-0744,CtrlSymbolSquare,PS1-0744 · Square face-button symbol,Controller,ctrlpurple,1,0.10189699111843734,3.700000000000003,3.7000000000000455,0.02499999999999858,Approximate SCPH-1000 exterior; family dimensions and firsthand photographs
PS1-0745,CtrlSelect,PS1-0745 · SELECT button and plunger,Controller,black,1,41.14520692328782,6.2,3.6000000000000227,3.6999999999999993,Approximate SCPH-1000 exterior; family dimensions and firsthand photographs
PS1-0746,CtrlStart,PS1-0746 · Triangular START button and plunger,Controller,black,1,21.58966310325659,5.400000000000001,3.8000000000000114,3.6999999999999993,Approximate SCPH-1000 exterior; family dimensions and firsthand photographs
PS1-0747,CtrlSelectMark,PS1-0747 · SELECT,Controller,psdark,6,0.038844432707955734,5.959626777852348,1.2181210053691132,0.01800020000000302,Approximate SCPH-1000 exterior; family dimensions and firsthand photographs
PS1-0748,CtrlStartMark,PS1-0748 · START,Controller,psdark,5,0.034011602694953916,4.869022751006712,1.2181210053691132,0.01800020000000302,Approximate SCPH-1000 exterior; family dimensions and firsthand photographs
PS1-0749,CtrlSonyMark,PS1-0749 · SONY002,Controller,psdark,4,0.2684426201736796,12.95744976442953,3.605637783892604,0.01800020000000302,Approximate SCPH-1000 exterior; family dimensions and firsthand photographs
PS1-0750,CtrlPSMark,PS1-0750 · PS,Controller,psdark,2,0.10480292087448345,4.745025367785234,3.313288790603991,0.01800020000000302,Approximate SCPH-1000 exterior; family dimensions and firsthand photographs
PS1-0751,CtrlPlayStationMark,PS1-0751 · PlayStation001,Controller,psdark,12,0.0961248046889793,11.246510267114095,1.997315536241615,0.01800020000000302,Approximate SCPH-1000 exterior; family dimensions and firsthand photographs
PS1-0752,CtrlL1,PS1-0752 · L1 shoulder key001,Controller,black,1,236.09703507411166,17.599999999999994,4.25,6.200000000000003,Approximate SCPH-1000 exterior; family dimensions and firsthand photographs
PS1-0753,CtrlL1Mark,PS1-0753 · 424668,Controller,psgrey,1,0.013603252105761198,1.1187080536912788,0.018000000000000682,1.8791946308724832,Approximate SCPH-1000 exterior; family dimensions and firsthand photographs
PS1-0754,CtrlL2,PS1-0754 · L2 shoulder key001,Controller,black,1,236.09703507411166,17.599999999999994,4.25,6.200000000000003,Approximate SCPH-1000 exterior; family dimensions and firsthand photographs
PS1-0755,CtrlL2Mark,PS1-0755 · 424669,Controller,psgrey,1,0.016121955521429424,1.1929532201342354,0.01800019999998881,1.9114095959731525,Approximate SCPH-1000 exterior; family dimensions and firsthand photographs
PS1-0756,CtrlShoulderL,PS1-0756 · L001,Controller,psdark,1,0.016048350749966443,1.3444001677852384,2.1610738255033652,0.018000000000000682,Approximate SCPH-1000 exterior; family dimensions and firsthand photographs
PS1-0757,CtrlR1,PS1-0757 · R1 shoulder key001,Controller,black,1,236.09703507411166,17.599999999999994,4.25,6.200000000000003,Approximate SCPH-1000 exterior; family dimensions and firsthand photographs
PS1-0758,CtrlR1Mark,PS1-0758 · 424670,Controller,psgrey,1,0.013603252105761198,1.1187080536912788,0.018000000000000682,1.8791946308724832,Approximate SCPH-1000 exterior; family dimensions and firsthand photographs
PS1-0759,CtrlR2,PS1-0759 · R2 shoulder key001,Controller,black,1,236.09703507411166,17.599999999999994,4.25,6.200000000000003,Approximate SCPH-1000 exterior; family dimensions and firsthand photographs
PS1-0760,CtrlR2Mark,PS1-0760 · 424671,Controller,psgrey,1,0.016121955521429424,1.1929532201342354,0.01800019999998881,1.9114095959731525,Approximate SCPH-1000 exterior; family dimensions and firsthand photographs
PS1-0761,CtrlShoulderR,PS1-0761 · R001,Controller,psdark,1,0.02877189297332508,1.6830329181208086,2.1610740255033534,0.01800020000000302,Approximate SCPH-1000 exterior; family dimensions and firsthand photographs
PS1-0762,CtrlPCB,PS1-0762 · Original-family phenolic controller board003,Controller,phenolic,1,4622.615670177746,122.0,35.0,1.2000000000000028,Schematic internal layout
PS1-0763,CtrlDPadMembranePill0,PS1-0763 · Moving carbon switch contact,Controller,black,1,2.51327412287183,4.0,4.0,0.1999999999999993,Schematic internal layout
PS1-0764,CtrlDPadMembraneFixed0,PS1-0764 · Split fixed carbon contact,Controller,black,2,0.6004231972519805,4.599999999999994,4.586665455426214,0.03999999999999915,Schematic internal layout
PS1-0765,CtrlDPadMembranePill1,PS1-0765 · Moving carbon switch contact001,Controller,black,1,2.51327412287183,4.0,4.0,0.1999999999999993,Schematic internal layout
PS1-0766,CtrlDPadMembraneFixed1,PS1-0766 · Split fixed carbon contact001,Controller,black,2,0.6004231972519805,4.599999999999994,4.586665455426214,0.03999999999999915,Schematic internal layout
PS1-0767,CtrlDPadMembranePill2,PS1-0767 · Moving carbon switch contact002,Controller,black,1,2.51327412287183,4.0,4.0,0.1999999999999993,Schematic internal layout
PS1-0768,CtrlDPadMembraneFixed2,PS1-0768 · Split fixed carbon contact002,Controller,black,2,0.6004231972519805,4.599999999999994,4.586665455426214,0.03999999999999915,Schematic internal layout
PS1-0769,CtrlDPadMembranePill3,PS1-0769 · Moving carbon switch contact003,Controller,black,1,2.51327412287183,4.0,4.0,0.1999999999999993,Schematic internal layout
PS1-0770,CtrlDPadMembraneFixed3,PS1-0770 · Split fixed carbon contact003,Controller,black,2,0.6004231972519802,4.599999999999994,4.586665455426214,0.03999999999999915,Schematic internal layout
PS1-0771,CtrlDPadMembrane,PS1-0771 · Four-key silicone membrane,Controller,rubber,1,216.66414498175453,22.60000000000001,22.599999999999966,3.3500000000000014,Schematic internal layout
PS1-0772,CtrlFaceMembranePill0,PS1-0772 · Moving carbon switch contact004,Controller,black,1,2.51327412287183,4.0,4.0,0.1999999999999993,Schematic internal layout
PS1-0773,CtrlFaceMembraneFixed0,PS1-0773 · Split fixed carbon contact004,Controller,black,2,0.6004231972519805,4.599999999999994,4.586665455426214,0.03999999999999915,Schematic internal layout
PS1-0774,CtrlFaceMembranePill1,PS1-0774 · Moving carbon switch contact005,Controller,black,1,2.51327412287183,4.0,4.0,0.1999999999999993,Schematic internal layout
PS1-0775,CtrlFaceMembraneFixed1,PS1-0775 · Split fixed carbon contact005,Controller,black,2,0.6004231972519802,4.599999999999994,4.586665455426214,0.03999999999999915,Schematic internal layout
PS1-0776,CtrlFaceMembranePill2,PS1-0776 · Moving carbon switch contact006,Controller,black,1,2.51327412287183,4.0,4.0,0.1999999999999993,Schematic internal layout
PS1-0777,CtrlFaceMembraneFixed2,PS1-0777 · Split fixed carbon contact006,Controller,black,2,0.6004231972519805,4.599999999999994,4.586665455426214,0.03999999999999915,Schematic internal layout
PS1-0778,CtrlFaceMembranePill3,PS1-0778 · Moving carbon switch contact007,Controller,black,1,2.51327412287183,4.0,4.0,0.1999999999999993,Schematic internal layout
PS1-0779,CtrlFaceMembraneFixed3,PS1-0779 · Split fixed carbon contact007,Controller,black,2,0.6004231972519802,4.599999999999998,4.586665455426214,0.03999999999999915,Schematic internal layout
PS1-0780,CtrlFaceMembrane,PS1-0780 · Four-key silicone membrane001,Controller,rubber,1,277.6003665440418,30.200000000000003,30.19999999999999,3.3500000000000014,Schematic internal layout
PS1-0781,CtrlDPadGuide,PS1-0781 · Rigid diagonal directional-key guide,Controller,black,1,28.62685762044935,15.6149278298669,15.614927829866758,0.4499999999999993,Schematic internal layout
PS1-0782,CtrlMenuPill0,PS1-0782 · Menu-key moving carbon pill,Controller,black,1,0.6842388799518577,2.1999999999999993,2.1999999999999886,0.17999999999999972,Schematic internal layout
PS1-0783,CtrlMenuFixed0,PS1-0783 · Menu-key fixed carbon contacts,Controller,black,2,0.2833554121190814,3.1999999999999993,3.1859064644148134,0.03999999999999915,Schematic internal layout
PS1-0784,CtrlMenuPill1,PS1-0784 · Menu-key moving carbon pill001,Controller,black,1,0.6842388799518577,2.1999999999999993,2.1999999999999886,0.17999999999999972,Schematic internal layout
PS1-0785,CtrlMenuFixed1,PS1-0785 · Menu-key fixed carbon contacts001,Controller,black,2,0.2833554121190814,3.1999999999999993,3.1859064644148134,0.03999999999999915,Schematic internal layout
PS1-0786,CtrlMenuMembrane,PS1-0786 · SELECT and START silicone membrane,Controller,rubber,1,113.2449099021046,26.0,8.0,3.1499999999999986,Schematic internal layout
PS1-0787,CtrlLogicPackage,PS1-0787 · Controller logic package study,Controller,black,1,115.07638934211697,8.0,9.0,1.6000000000000014,Schematic internal layout
PS1-0788,CtrlLogicLeads,PS1-0788 · Controller logic-package lead study,Controller,metal,16,0.6912000000000085,6.8100000000000005,10.800000000000011,0.17999999999999972,Schematic internal layout
PS1-0789,CtrlBoardCap,PS1-0789 · Controller board capacitor package,Controller,black,1,31.66725394818516,7.0,2.3999999999999773,2.3999999999999986,Schematic internal layout
PS1-0790,CtrlBoardCapEnds,PS1-0790 · Controller capacitor end caps,Controller,metal,2,2.759763482472488,7.8,2.420000000000016,2.4200000000000017,Schematic internal layout
PS1-0791,CtrlLPCB,PS1-0791 · Two-level shoulder contact board,Controller,phenolic,1,188.0981946710593,16.799999999999997,0.8000000000000114,14.000000000000005,Schematic internal layout
PS1-0792,CtrlLCarrier,PS1-0792 · Shoulder contact-board retainer,Controller,psgrey,1,137.21118578949,18.400000000000006,1.1999999999999886,15.200000000000001,Schematic internal layout
PS1-0793,CtrlL1Dome,PS1-0793 · Shoulder-key silicone dome,Controller,rubber,1,11.58717273462072,4.799999999999997,2.0500000000000114,4.799999999999997,Schematic internal layout
PS1-0794,CtrlL1Pill,PS1-0794 · Shoulder-key moving carbon pill,Controller,black,1,0.3216990877275927,1.5999999999999943,0.1599999999999966,1.6000000000000014,Schematic internal layout
PS1-0795,CtrlL1Pad,PS1-0795 · Shoulder-key fixed carbon contact,Controller,black,1,0.4071504079052103,3.5999999999999943,0.03999999999999204,3.6000000000000014,Schematic internal layout
PS1-0796,CtrlL2Dome,PS1-0796 · Shoulder-key silicone dome001,Controller,rubber,1,11.587172734620717,4.799999999999997,2.0500000000000114,4.799999999999999,Schematic internal layout
PS1-0797,CtrlL2Pill,PS1-0797 · Shoulder-key moving carbon pill001,Controller,black,1,0.32169908772759276,1.5999999999999943,0.1599999999999966,1.6000000000000014,Schematic internal layout
PS1-0798,CtrlL2Pad,PS1-0798 · Shoulder-key fixed carbon contact001,Controller,black,1,0.4071504079052103,3.5999999999999943,0.03999999999999204,3.6000000000000014,Schematic internal layout
PS1-0799,CtrlRPCB,PS1-0799 · Two-level shoulder contact board001,Controller,phenolic,1,188.0981946710593,16.799999999999997,0.8000000000000114,14.000000000000005,Schematic internal layout
PS1-0800,CtrlRCarrier,PS1-0800 · Shoulder contact-board retainer001,Controller,psgrey,1,137.21118578949,18.400000000000006,1.1999999999999886,15.200000000000001,Schematic internal layout
PS1-0801,CtrlR1Dome,PS1-0801 · Shoulder-key silicone dome002,Controller,rubber,1,11.58717273462072,4.799999999999997,2.0500000000000114,4.799999999999997,Schematic internal layout
PS1-0802,CtrlR1Pill,PS1-0802 · Shoulder-key moving carbon pill002,Controller,black,1,0.3216990877275927,1.5999999999999943,0.1599999999999966,1.6000000000000014,Schematic internal layout
PS1-0803,CtrlR1Pad,PS1-0803 · Shoulder-key fixed carbon contact002,Controller,black,1,0.4071504079052103,3.5999999999999943,0.03999999999999204,3.6000000000000014,Schematic internal layout
PS1-0804,CtrlR2Dome,PS1-0804 · Shoulder-key silicone dome003,Controller,rubber,1,11.587172734620717,4.799999999999997,2.0500000000000114,4.799999999999999,Schematic internal layout
PS1-0805,CtrlR2Pill,PS1-0805 · Shoulder-key moving carbon pill003,Controller,black,1,0.32169908772759276,1.5999999999999943,0.1599999999999966,1.6000000000000014,Schematic internal layout
PS1-0806,CtrlR2Pad,PS1-0806 · Shoulder-key fixed carbon contact003,Controller,black,1,0.4071504079052103,3.5999999999999943,0.03999999999999204,3.6000000000000014,Schematic internal layout
PS1-0807,CtrlCaseScrew0,PS1-0807 · Cross-head fastener020,Controller,metal,1,20.931768998999832,3.0,3.0,15.829999999999998,Schematic internal layout
PS1-0808,CtrlCaseScrew1,PS1-0808 · Cross-head fastener021,Controller,metal,1,20.93176899899982,3.0,3.0,15.829999999999998,Schematic internal layout
PS1-0809,CtrlCaseScrew2,PS1-0809 · Cross-head fastener022,Controller,metal,1,20.93176899899982,3.0,3.0,15.829999999999998,Schematic internal layout
PS1-0810,CtrlCaseScrew3,PS1-0810 · Cross-head fastener023,Controller,metal,1,20.931768998999893,3.0,3.0,15.829999999999998,Schematic internal layout
PS1-0811,CtrlCaseScrew4,PS1-0811 · Cross-head fastener024,Controller,metal,1,20.93176899899982,3.0,3.0,15.829999999999998,Schematic internal layout
PS1-0812,CtrlCaseScrew5,PS1-0812 · Cross-head fastener025,Controller,metal,1,20.93176899899983,3.0,3.0,15.829999999999998,Schematic internal layout
PS1-0813,CtrlCaseScrew6,PS1-0813 · Cross-head fastener026,Controller,metal,1,20.93176899899982,3.0,3.0,15.829999999999998,Schematic internal layout
PS1-0814,CtrlCaseScrew7,PS1-0814 · Cross-head fastener027,Controller,metal,1,20.931768998999893,3.0,3.0,15.829999999999998,Schematic internal layout
PS1-0815,CtrlCableGrommet,PS1-0815 · Ribbed controller cable strain relief,Controller,black,1,173.36879058835268,6.2,12.0,6.200000000000001,Schematic internal layout
PS1-0816,CtrlCable,PS1-0816 · Original digital-controller cable study,Controller,black,1,1768.7601124167754,121.7500001,72.90075158251696,11.000000199999995,Approximate SCPH-1000 exterior; family dimensions and firsthand photographs
PS1-0817,CtrlInternalLead0,PS1-0817 · Digital-controller internal lead 1,Controller,ctrlcyan,1,1.1109552586740905,2.0500002000000173,7.861817214467521,3.2402069137462064,Schematic internal layout
PS1-0818,CtrlInternalLead1,PS1-0818 · Digital-controller internal lead 2,Controller,ctrlcoral,1,1.0896715509030426,1.500000200000002,7.861817214467521,3.240206913746178,Schematic internal layout
PS1-0819,CtrlInternalLead2,PS1-0819 · Digital-controller internal lead 3,Controller,white,1,1.0764506010504369,0.9500002000000044,7.861817214467521,3.240206913746185,Schematic internal layout
PS1-0820,CtrlInternalLead3,PS1-0820 · Digital-controller internal lead 4,Controller,psdark,1,1.071960725401438,0.40000020000000003,7.861817214467521,3.2402069137461993,Schematic internal layout
PS1-0821,CtrlInternalLead4,PS1-0821 · Digital-controller internal lead 5,Controller,coil,1,1.076450601050435,0.9500002000000046,7.861817214467521,3.240206913746185,Schematic internal layout
PS1-0822,CtrlInternalLead5,PS1-0822 · Digital-controller internal lead 6,Controller,ctrlblue,1,1.089671550903049,1.500000200000002,7.861817214467521,3.240206913746178,Schematic internal layout
PS1-0823,CtrlInternalLead6,PS1-0823 · Digital-controller internal lead 7,Controller,yellow,1,1.1109552586740878,2.050000200000018,7.861817214467521,3.2402069137462064,Schematic internal layout
PS1-0824,CtrlLWire0,PS1-0824 · Shoulder contact-board wire,Controller,black,1,4.471331306761077,13.468742362956561,33.980000099999984,3.73660409345279,Schematic internal layout
PS1-0825,CtrlLWire1,PS1-0825 · Shoulder contact-board wire001,Controller,black,1,4.305836435523726,13.454997947888792,32.98000010000001,3.0936317681209857,Schematic internal layout
PS1-0826,CtrlLWire2,PS1-0826 · Shoulder contact-board wire002,Controller,black,1,4.1553124978003675,13.439463176451063,31.980000100000012,2.4498946041459,Schematic internal layout
PS1-0827,CtrlRWire0,PS1-0827 · Shoulder contact-board wire003,Controller,black,1,4.471331306761074,13.468742362956561,33.980000099999984,3.73660409345279,Schematic internal layout
PS1-0828,CtrlRWire1,PS1-0828 · Shoulder contact-board wire004,Controller,black,1,4.305836435523728,13.454997947888792,32.98000010000001,3.0936317681209857,Schematic internal layout
PS1-0829,CtrlRWire2,PS1-0829 · Shoulder contact-board wire005,Controller,black,1,4.155312497800367,13.439463176451063,31.980000100000012,2.4498946041459,Schematic internal layout
PS1-0830,CtrlPlugBody,PS1-0830 · Original rectangular controller plug housing,Controller,psgrey,1,3413.3526444897216,20.0,42.0,12.0,Approximate SCPH-1000 exterior; family dimensions and firsthand photographs
PS1-0831,CtrlPlugRelief,PS1-0831 · Plug cable strain relief,Controller,black,1,371.3566720065618,11.799999999999997,9.600000000000023,9.600000000000001,Approximate SCPH-1000 exterior; family dimensions and firsthand photographs
PS1-0832,CtrlPlugPin0,PS1-0832 · Controller plug pin 1,Controller,metal,1,3.3116156480020846,7.300000000000011,0.7599999999999909,0.7600000000000016,Schematic internal layout
PS1-0833,CtrlPlugPin1,PS1-0833 · Controller plug pin 2,Controller,metal,1,3.3116156480020846,7.300000000000011,0.7599999999999909,0.7600000000000016,Schematic internal layout
PS1-0834,CtrlPlugTriplet0,PS1-0834 · Three-position plug nose,Controller,black,1,295.69148125717004,5.0,12.200000000000045,5.200000000000002,Approximate SCPH-1000 exterior; family dimensions and firsthand photographs
PS1-0835,CtrlPlugPin3,PS1-0835 · Controller plug pin 4,Controller,metal,1,3.3116156480020704,7.300000000000011,0.7599999999999909,0.7600000000000016,Schematic internal layout
PS1-0836,CtrlPlugPin4,PS1-0836 · Controller plug pin 5,Controller,metal,1,3.3116156480020704,7.300000000000011,0.7599999999999909,0.7600000000000016,Schematic internal layout
PS1-0837,CtrlPlugPin5,PS1-0837 · Controller plug pin 6,Controller,metal,1,3.3116156480020704,7.300000000000011,0.7599999999999909,0.7600000000000016,Schematic internal layout
PS1-0838,CtrlPlugTriplet1,PS1-0838 · Three-position plug nose001,Controller,black,1,295.69148125717,5.0,12.200000000000045,5.200000000000002,Approximate SCPH-1000 exterior; family dimensions and firsthand photographs
PS1-0839,CtrlPlugPin6,PS1-0839 · Controller plug pin 7,Controller,metal,1,3.3116156480020704,7.300000000000011,0.7599999999999909,0.7600000000000016,Schematic internal layout
PS1-0840,CtrlPlugPin8,PS1-0840 · Controller plug pin 9,Controller,metal,1,3.3116156480020704,7.300000000000011,0.7599999999999909,0.7600000000000016,Schematic internal layout
PS1-0841,CtrlPlugTriplet2,PS1-0841 · Three-position plug nose002,Controller,black,1,295.69148125717,5.0,12.200000000000045,5.200000000000002,Approximate SCPH-1000 exterior; family dimensions and firsthand photographs
PS1-0842,CtrlPlugMark,PS1-0842 · SONY003,Controller,psdark,4,0.08647421146573611,7.3542282879194545,2.0464431530201352,0.01800020000000302,Approximate SCPH-1000 exterior; family dimensions and firsthand photographs
PS1-0843,CtrlRearModel,PS1-0843 · SCPH-1010,Controller,psdark,9,0.1149934183462315,12.659798857718119,1.7540941597315225,0.018000200000001465,Approximate SCPH-1000 exterior; family dimensions and firsthand photographs
PS1-0844,CardFront,PS1-0844 · SCPH-1020 front enclosure007,MemoryCard,psgrey,1,3463.8358537687564,42.0,57.0,6.25,Approximate SCPH-1000 exterior; family dimensions and firsthand photographs
PS1-0845,CardRear,PS1-0845 · Sliding memory-card rear cover003,MemoryCard,psgrey,1,2974.7084268980016,42.0,57.0,1.9,Approximate SCPH-1000 exterior; family dimensions and firsthand photographs
PS1-0846,CardScrew0,PS1-0846 · Cross-head fastener028,MemoryCard,metal,1,7.5652862865793935,2.6999999999999886,2.6999999999999886,5.13,Schematic internal layout
PS1-0847,CardScrew1,PS1-0847 · Cross-head fastener029,MemoryCard,metal,1,7.5652862865793935,2.6999999999999886,2.6999999999999886,5.13,Schematic internal layout
PS1-0848,CardPCB,PS1-0848 · Larger original-family memory-card board study,MemoryCard,pcb,1,2159.6661433796603,37.80000000000007,50.2,1.15,Schematic internal layout
PS1-0849,CardFinger0,PS1-0849 · Memory-card edge finger 1,MemoryCard,gold,1,0.5175171458676441,2.8000000000000114,7.40000000000002,0.02499999999999991,Schematic internal layout
PS1-0850,CardFinger1,PS1-0850 · Memory-card edge finger 2,MemoryCard,gold,1,0.517517145867644,2.8000000000000114,7.40000000000002,0.02499999999999991,Schematic internal layout
PS1-0851,CardFinger2,PS1-0851 · Memory-card edge finger 3,MemoryCard,gold,1,0.517517145867644,2.8000000000000114,7.40000000000002,0.02499999999999991,Schematic internal layout
PS1-0852,CardFinger3,PS1-0852 · Memory-card edge finger 4,MemoryCard,gold,1,0.517517145867644,2.8000000000000114,7.40000000000002,0.02499999999999991,Schematic internal layout
PS1-0853,CardFinger4,PS1-0853 · Memory-card edge finger 5,MemoryCard,gold,1,0.5175171458676441,2.8000000000000114,7.40000000000002,0.02499999999999991,Schematic internal layout
PS1-0854,CardFinger5,PS1-0854 · Memory-card edge finger 6,MemoryCard,gold,1,0.5175171458676441,2.8000000000000114,7.40000000000002,0.02499999999999991,Schematic internal layout
PS1-0855,CardFinger6,PS1-0855 · Memory-card edge finger 7,MemoryCard,gold,1,0.5175171458676441,2.8000000000000114,7.40000000000002,0.02499999999999991,Schematic internal layout
PS1-0856,CardFinger7,PS1-0856 · Memory-card edge finger 8,MemoryCard,gold,1,0.5175171458676441,2.8000000000000114,7.40000000000002,0.02499999999999991,Schematic internal layout
PS1-0857,CardLogic,PS1-0857 · Memory-card CardLogic package,MemoryCard,black,1,171.5409844949343,13.0,12.0,1.1000000000000003,Schematic internal layout
PS1-0858,CardLogicLeads,PS1-0858 · 32 formed card-package leads,MemoryCard,metal,32,1.6800000000000062,15.75,10.780000000000001,0.1499999999999999,Schematic internal layout
PS1-0859,CardLogicPads,PS1-0859 · 32 card-package landing pads,MemoryCard,gold,32,0.21600000000000757,15.850000000000023,10.860000000000014,0.02499999999999991,Schematic internal layout
PS1-0860,CardStorage,PS1-0860 · Memory-card CardStorage package,MemoryCard,black,1,146.2409844949343,14.0,9.5,1.1000000000000003,Schematic internal layout
PS1-0861,CardStorageLeads,PS1-0861 · 32 formed card-package leads001,MemoryCard,metal,32,1.680000000000004,16.75,8.280000000000001,0.1499999999999999,Schematic internal layout
PS1-0862,CardStoragePads,PS1-0862 · 32 card-package landing pads001,MemoryCard,gold,32,0.21600000000000752,16.850000000000023,8.360000000000014,0.02499999999999991,Schematic internal layout
PS1-0863,CardDiscrete0,PS1-0863 · Memory-card passive package study,MemoryCard,shell,1,2.1784203522483168,1.3999999999999773,2.3999999999999773,0.6499999999999999,Schematic internal layout
PS1-0864,CardDiscreteEnds0,PS1-0864 · Card passive end caps,MemoryCard,metal,2,0.6329826536188103,1.3999999999999773,3.150000000000034,0.6499999999999999,Schematic internal layout
PS1-0865,CardDiscrete1,PS1-0865 · Memory-card passive package study001,MemoryCard,black,1,2.1784203522483168,1.3999999999999773,2.3999999999999773,0.6499999999999999,Schematic internal layout
PS1-0866,CardDiscreteEnds1,PS1-0866 · Card passive end caps001,MemoryCard,metal,2,0.6329826536188107,1.3999999999999773,3.150000000000034,0.6499999999999999,Schematic internal layout
PS1-0867,CardDiscrete2,PS1-0867 · Memory-card passive package study002,MemoryCard,shell,1,2.1784203522483168,1.3999999999999773,2.3999999999999773,0.6499999999999999,Schematic internal layout
PS1-0868,CardDiscreteEnds2,PS1-0868 · Card passive end caps002,MemoryCard,metal,2,0.6329826536188107,1.3999999999999773,3.150000000000034,0.6499999999999999,Schematic internal layout
PS1-0869,CardDiscrete3,PS1-0869 · Memory-card passive package study003,MemoryCard,black,1,2.178420352248316,1.3999999999999773,2.3999999999999773,0.6499999999999999,Schematic internal layout
PS1-0870,CardDiscreteEnds3,PS1-0870 · Card passive end caps003,MemoryCard,metal,2,0.6329826536188103,1.3999999999999773,3.150000000000034,0.6499999999999999,Schematic internal layout
PS1-0871,CardDiscrete4,PS1-0871 · Memory-card passive package study004,MemoryCard,shell,1,2.178420352248316,1.3999999999999773,2.3999999999999773,0.6499999999999999,Schematic internal layout
PS1-0872,CardDiscreteEnds4,PS1-0872 · Card passive end caps004,MemoryCard,metal,2,0.6329826536188103,1.3999999999999773,3.150000000000034,0.6499999999999999,Schematic internal layout
PS1-0873,CardDiscrete5,PS1-0873 · Memory-card passive package study005,MemoryCard,black,1,2.1784203522483163,1.3999999999999773,2.3999999999999773,0.6499999999999999,Schematic internal layout
PS1-0874,CardDiscreteEnds5,PS1-0874 · Card passive end caps005,MemoryCard,metal,2,0.6329826536188103,1.3999999999999773,3.150000000000034,0.6499999999999999,Schematic internal layout
PS1-0875,CardDiscrete6,PS1-0875 · Memory-card passive package study006,MemoryCard,shell,1,2.1784203522483163,1.3999999999999773,2.3999999999999773,0.6499999999999999,Schematic internal layout
PS1-0876,CardDiscreteEnds6,PS1-0876 · Card passive end caps006,MemoryCard,metal,2,0.6329826536188103,1.3999999999999773,3.150000000000034,0.6499999999999999,Schematic internal layout
PS1-0877,CardDiscrete7,PS1-0877 · Memory-card passive package study007,MemoryCard,black,1,2.178420352248316,1.3999999999999773,2.3999999999999773,0.6499999999999999,Schematic internal layout
PS1-0878,CardDiscreteEnds7,PS1-0878 · Card passive end caps007,MemoryCard,metal,2,0.6329826536188102,1.3999999999999773,3.150000000000034,0.6499999999999999,Schematic internal layout
PS1-0879,CardLabel,PS1-0879 · Blank memory-card write-on field,MemoryCard,psgrey,1,49.204101753705636,35.5,18.5,0.07500000000000018,Approximate SCPH-1000 exterior; family dimensions and firsthand photographs
PS1-0880,CardInsertionArrow,PS1-0880 · Card insertion-direction arrow,MemoryCard,psdark,1,0.24299999999999933,10.0,2.700000000000003,0.017999999999999794,Approximate SCPH-1000 exterior; family dimensions and firsthand photographs
PS1-0881,CardPSMark,PS1-0881 · PS001,MemoryCard,psdark,2,0.13091299112694732,5.3032636228187755,3.7030874483221226,0.018000200000000355,Approximate SCPH-1000 exterior; family dimensions and firsthand photographs
PS1-0882,CardPlayStationMark,PS1-0882 · PlayStation002,MemoryCard,psdark,12,0.1817359588650988,15.463951542281876,2.746308824832198,0.018000200000000355,Approximate SCPH-1000 exterior; family dimensions and firsthand photographs
PS1-0883,CardMemoryMark,PS1-0883 · MEMORY CARD002,MemoryCard,psdark,10,0.33266409013503323,23.819735838255014,2.436241810738238,0.018000200000000355,Approximate SCPH-1000 exterior; family dimensions and firsthand photographs
PS1-0884,CardSonyMark,PS1-0884 · SONY004,MemoryCard,psdark,4,0.17647798258313163,10.506040368456354,2.9234901328859166,0.018000200000000355,Approximate SCPH-1000 exterior; family dimensions and firsthand photographs
PS1-0885,CardRearModel,PS1-0885 · SCPH-1020,MemoryCard,psdark,9,0.11062200689686054,12.30813778389259,1.7053693275167632,0.018000199999999997,Approximate SCPH-1000 exterior; family dimensions and firsthand photographs
PS1-0886,CardCapacity,PS1-0886 · 1 Mbit / 15 blocks,MemoryCard,psdark,15,0.11231351356023493,16.819756811409405,1.6469799657718056,0.018000199999999997,Approximate SCPH-1000 exterior; family dimensions and firsthand photographs
PS1-0887,ACWallPlug,PS1-0887 · Japanese two-blade AC plug,Accessories,black,1,4273.711230457619,23.0,17.0,11.0,Approximate SCPH-1000 exterior; family dimensions and firsthand photographs
PS1-0888,ACWallBlade0,PS1-0888 · Flat AC blade,Accessories,metal,1,108.39269908169811,1.3999999999999773,6.199999999999989,12.500000000000002,Approximate SCPH-1000 exterior; family dimensions and firsthand photographs
PS1-0889,ACWallBlade1,PS1-0889 · Flat AC blade001,Accessories,metal,1,108.39269908169811,1.3999999999999773,6.199999999999989,12.500000000000002,Approximate SCPH-1000 exterior; family dimensions and firsthand photographs
PS1-0890,ACCord,PS1-0890 · Mains cord display length,Accessories,black,1,1935.1652053436053,103.60000020000004,73.10000010000003,6.1000002,Approximate SCPH-1000 exterior; family dimensions and firsthand photographs
PS1-0891,ACDeviceGrip,PS1-0891 · Figure-eight connector grip,Accessories,black,1,2865.4929158456675,24.0,12.0,10.0,Approximate SCPH-1000 exterior; family dimensions and firsthand photographs
PS1-0892,ACDeviceHead,PS1-0892 · C7-style two-position connector study,Accessories,black,1,864.1397982589519,10.0,14.600000000000001,8.0,Approximate SCPH-1000 exterior; family dimensions and firsthand photographs
PS1-0893,ACDeviceContact0,PS1-0893 · Device mains socket contact,Accessories,metal,1,9.613273519984762,6.0,2.0,2.0,Approximate SCPH-1000 exterior; family dimensions and firsthand photographs
PS1-0894,ACDeviceContact1,PS1-0894 · Device mains socket contact001,Accessories,metal,1,9.613273519984762,6.0,2.0,2.0,Approximate SCPH-1000 exterior; family dimensions and firsthand photographs
PS1-0895,AVPlugGrip,PS1-0895 · PlayStation AV MULTI connector grip,Accessories,black,1,5169.097335529234,20.80000000000001,25.0,10.000000000000007,Approximate SCPH-1000 exterior; family dimensions and firsthand photographs
PS1-0896,AVPlugShield,PS1-0896 · Rectangular AV MULTI metal sleeve,Accessories,metal,1,194.39681348704602,17.80000000000001,8.400000000000002,6.600000000000003,Approximate SCPH-1000 exterior; family dimensions and firsthand photographs
PS1-0897,AVPlugCarrier,PS1-0897 · AV MULTI insulating tongue,Accessories,black,1,130.91832075864633,16.0,6.300000000000001,1.3000000000000025,Schematic internal layout
PS1-0898,AVPlugContact0,PS1-0898 · AV MULTI contact 1,Accessories,gold,1,0.4153646003293848,0.5,6.0,0.14000000000000234,Schematic internal layout
PS1-0899,AVPlugContact1,PS1-0899 · AV MULTI contact 2,Accessories,gold,1,0.4153646003293848,0.5,6.0,0.14000000000000234,Schematic internal layout
PS1-0900,AVPlugContact2,PS1-0900 · AV MULTI contact 3,Accessories,gold,1,0.4153646003293848,0.5,6.0,0.14000000000000234,Schematic internal layout
PS1-0901,AVPlugContact3,PS1-0901 · AV MULTI contact 4,Accessories,gold,1,0.4153646003293848,0.5,6.0,0.14000000000000234,Schematic internal layout
PS1-0902,AVPlugContact4,PS1-0902 · AV MULTI contact 5,Accessories,gold,1,0.4153646003293848,0.5,6.0,0.14000000000000234,Schematic internal layout
PS1-0903,AVPlugContact5,PS1-0903 · AV MULTI contact 6,Accessories,gold,1,0.4153646003293848,0.5,6.0,0.14000000000000234,Schematic internal layout
PS1-0904,AVPlugContact6,PS1-0904 · AV MULTI contact 7,Accessories,gold,1,0.4153646003293848,0.5,6.0,0.14000000000000234,Schematic internal layout
PS1-0905,AVPlugContact7,PS1-0905 · AV MULTI contact 8,Accessories,gold,1,0.41536460032938477,0.5,6.0,0.14000000000000234,Schematic internal layout
PS1-0906,AVPlugContact8,PS1-0906 · AV MULTI contact 9,Accessories,gold,1,0.41536460032938477,0.5,6.0,0.14000000000000234,Schematic internal layout
PS1-0907,AVPlugContact9,PS1-0907 · AV MULTI contact 10,Accessories,gold,1,0.41536460032938477,0.5,6.0,0.14000000000000234,Schematic internal layout
PS1-0908,AVPlugContact10,PS1-0908 · AV MULTI contact 11,Accessories,gold,1,0.41536460032938477,0.5,6.0,0.14000000000000234,Schematic internal layout
PS1-0909,AVPlugContact11,PS1-0909 · AV MULTI contact 12,Accessories,gold,1,0.41536460032938477,0.5,6.0,0.14000000000000234,Schematic internal layout
PS1-0910,AVCable,PS1-0910 · AV cable display length,Accessories,black,1,1991.405463260448,93.8000002,91.6,3.8000002000000004,Approximate SCPH-1000 exterior; family dimensions and firsthand photographs
PS1-0911,AVSplitter,PS1-0911 · Three-way AV cable splitter,Accessories,black,1,1111.4159265358978,14.0,8.0,10.0,Approximate SCPH-1000 exterior; family dimensions and firsthand photographs
PS1-0912,AVBranch0,PS1-0912 · Individual RCA lead,Accessories,black,1,176.5678890909918,27.20000020000009,29.600000000000023,2.200000199999999,Approximate SCPH-1000 exterior; family dimensions and firsthand photographs
PS1-0913,RCAGrip0,PS1-0913 · RCA connector grip,Accessories,black,1,1447.6458947741758,9.600000000000023,20.0,9.600000000000001,Approximate SCPH-1000 exterior; family dimensions and firsthand photographs
PS1-0914,RCAColor0,PS1-0914 · RCA function-color ring,Accessories,yellow,1,33.151656477006384,10.399999999999977,3.0,10.399999999999999,Approximate SCPH-1000 exterior; family dimensions and firsthand photographs
PS1-0915,RCAGround0,PS1-0915 · RCA ground sleeve,Accessories,metal,1,163.61414539895597,7.399999999999977,7.0,7.3999999999999995,Approximate SCPH-1000 exterior; family dimensions and firsthand photographs
PS1-0916,RCACenter0,PS1-0916 · RCA signal contact,Accessories,gold,1,22.902210444669638,1.7999999999999545,9.0,1.8000000000000007,Approximate SCPH-1000 exterior; family dimensions and firsthand photographs
PS1-0917,AVBranch1,PS1-0917 · Individual RCA lead001,Accessories,black,1,112.51928248097418,2.2000000000000455,29.600000000000023,2.1999999999999993,Approximate SCPH-1000 exterior; family dimensions and firsthand photographs
PS1-0918,RCAGrip1,PS1-0918 · RCA connector grip001,Accessories,black,1,1447.6458947741758,9.600000000000023,20.0,9.600000000000001,Approximate SCPH-1000 exterior; family dimensions and firsthand photographs
PS1-0919,RCAColor1,PS1-0919 · RCA function-color ring001,Accessories,white,1,33.151656477006384,10.399999999999977,3.0,10.4,Approximate SCPH-1000 exterior; family dimensions and firsthand photographs
PS1-0920,RCAGround1,PS1-0920 · RCA ground sleeve001,Accessories,metal,1,163.61414539895597,7.399999999999977,7.0,7.3999999999999995,Approximate SCPH-1000 exterior; family dimensions and firsthand photographs
PS1-0921,RCACenter1,PS1-0921 · RCA signal contact001,Accessories,gold,1,22.902210444669638,1.7999999999999545,9.0,1.8000000000000007,Approximate SCPH-1000 exterior; family dimensions and firsthand photographs
PS1-0922,AVBranch2,PS1-0922 · Individual RCA lead002,Accessories,black,1,176.5678890909919,27.20000020000009,29.600000000000023,2.200000199999999,Approximate SCPH-1000 exterior; family dimensions and firsthand photographs
PS1-0923,RCAGrip2,PS1-0923 · RCA connector grip002,Accessories,black,1,1447.6458947741758,9.600000000000023,20.0,9.600000000000001,Approximate SCPH-1000 exterior; family dimensions and firsthand photographs
PS1-0924,RCAColor2,PS1-0924 · RCA function-color ring002,Accessories,red,1,33.151656477006384,10.399999999999977,3.0,10.399999999999999,Approximate SCPH-1000 exterior; family dimensions and firsthand photographs
PS1-0925,RCAGround2,PS1-0925 · RCA ground sleeve002,Accessories,metal,1,163.61414539895597,7.399999999999977,7.0,7.3999999999999995,Approximate SCPH-1000 exterior; family dimensions and firsthand photographs
PS1-0926,RCACenter2,PS1-0926 · RCA signal contact002,Accessories,gold,1,22.902210444669638,1.7999999999999545,9.0,1.8000000000000007,Approximate SCPH-1000 exterior; family dimensions and firsthand photographs
PS1-0927,BlankDisc,PS1-0927 · Blank 12 cm optical study medium,Accessories,metal,1,13359.622759390593,120.0,120.0,1.2,Approximate SCPH-1000 exterior; family dimensions and firsthand photographs
PS1-0928,BlankDiscHub,PS1-0928 · Transparent disc hub study,Accessories,white,1,29.153665666047935,34.0,34.0,0.040000000000000036,Approximate SCPH-1000 exterior; family dimensions and firsthand photographs
PS1-0929,BlankDiscMark,PS1-0929 · BLANK CD,Accessories,black,7,0.3136011707542039,19.257508589261732,2.923490132885945,0.018000200000000133,Approximate SCPH-1000 exterior; family dimensions and firsthand photographs
