Part number,Part ID,Label,Assembly,Material,Solid count,Volume mm3,X mm,Y mm,Z mm,Fidelity
GBA-0001,BackCover,GBA-0001 · BackCover028,Body,indigo,1,15808.480778856958,144.50000035951976,81.96200014921904,11.400000200000013,Published envelope; approximate local detail
GBA-0002,FrontCover,GBA-0002 · FrontCover016,Body,indigo,1,12431.57148484024,144.50000066184452,81.99643445012566,11.700000200000016,Published envelope; approximate local detail
GBA-0003,DisplayBezel,GBA-0003 · Editable original grey display-lens border001,Display,agbgray,1,1224.797933466573,76.6,62.599999999999994,0.5500000000000007,Published envelope; approximate local detail
GBA-0004,LCDMetalBack,GBA-0004 · Separate LCD metal rear plate,Display,metal,1,1123.1356194490197,72.0,52.0,0.3000000000000007,Schematic internal layout
GBA-0005,LCDReflector,GBA-0005 · Nonilluminated LCD rear reflector,Display,white,1,524.9793982236845,70.0,50.0,0.14999999999999858,Schematic internal layout
GBA-0006,LCDModule,GBA-0006 · Original reflective TFT cell module,Display,black,1,15308.501313969355,69.5,49.5,4.449999999999999,Schematic internal layout
GBA-0007,LCDPolarizer,GBA-0007 · Reflective optical polarizer; no backlight,Display,agblcd,1,299.6345407431588,61.2,40.8,0.120000000000001,Schematic internal layout
GBA-0008,DisplayGlass,GBA-0008 · Published 61.2 x 40.8 mm display region,Display,agblcd,1,549.3299913624552,61.2,40.8,0.21999999999999886,Published envelope; approximate local detail
GBA-0009,AdvanceMark,GBA-0009 · GAME BOY ADVANCE,Display,white,14,0.4132532493536381,31.851543724161072,2.3387921463087267,0.01800020000000302,Published envelope; approximate local detail
GBA-0010,NintendoMark,GBA-0010 · Nintendo,Body,agbink,9,0.18949299032358366,14.14974842214765,2.4966444953020144,0.01800020000000302,Published envelope; approximate local detail
GBA-0011,DPad,GBA-0011 · Original single cross directional cap001,Controls,agbgray,1,242.33280667857622,20.5,20.5,1.1499999999999986,Published envelope; approximate local detail
GBA-0012,DPadStem0,GBA-0012 · Separate directional plunger study,ControlsInternal,agbgray,1,11.737382852893168,2.700000000000003,2.6999999999999993,2.0500000000000007,Schematic internal layout
GBA-0013,DPadStem1,GBA-0013 · Separate directional plunger study001,ControlsInternal,agbgray,1,11.737382852893168,2.700000000000003,2.7,2.0500000000000007,Schematic internal layout
GBA-0014,DPadStem2,GBA-0014 · Separate directional plunger study002,ControlsInternal,agbgray,1,11.737382852893168,2.700000000000003,2.6999999999999997,2.0500000000000007,Schematic internal layout
GBA-0015,DPadStem3,GBA-0015 · Separate directional plunger study003,ControlsInternal,agbgray,1,11.737382852893168,2.700000000000003,2.7,2.0500000000000007,Schematic internal layout
GBA-0016,ButtonA,GBA-0016 · A original circular action key,Controls,agbgray,1,174.98046505476083,9.0,9.0,2.7620000000000005,Published envelope; approximate local detail
GBA-0017,ButtonMarkA,GBA-0017 · A,Controls,agbink,1,0.02781304709247366,2.065771812080534,2.25503355704698,0.018000000000000682,Published envelope; approximate local detail
GBA-0018,ButtonB,GBA-0018 · B original circular action key,Controls,agbgray,1,174.98046505476083,9.000000200000002,9.0,2.7620000000000005,Published envelope; approximate local detail
GBA-0019,ButtonMarkB,GBA-0019 · B,Controls,agbink,1,0.0350320314434039,1.5991612738255085,2.25503375704698,0.01800020000000302,Published envelope; approximate local detail
GBA-0020,ButtonStart,GBA-0020 · Start original grey rubber key,Controls,agbgray,1,30.13324263043078,9.44205692890786,4.656215434370715,0.9499999999999993,Published envelope; approximate local detail
GBA-0021,ButtonStemStart,GBA-0021 · Start independent plunger study,ControlsInternal,silicone,1,28.990264939859085,6.0,2.5,2.0500000000000007,Schematic internal layout
GBA-0022,StartMark,GBA-0022 · START,Body,agbink,5,0.055724609855412624,6.23234909328859,1.5591948308724835,0.01800020000000302,Published envelope; approximate local detail
GBA-0023,ButtonSelect,GBA-0023 · Select original grey rubber key,Controls,agbgray,1,30.133242630430782,9.44205692890786,4.656215434370715,0.9499999999999993,Published envelope; approximate local detail
GBA-0024,ButtonStemSelect,GBA-0024 · Select independent plunger study,ControlsInternal,silicone,1,28.990264939859085,6.0,2.5,2.0500000000000007,Schematic internal layout
GBA-0025,SelectMark,GBA-0025 · SELECT,Body,agbink,6,0.06364271854871484,7.628322247651006,1.5591948308724852,0.01800020000000302,Published envelope; approximate local detail
GBA-0026,PowerLEDLens,GBA-0026 · Separate original green power-status lens,Display,led,1,0.6234490621048945,2.0999999999999943,2.1000000000000014,0.17999999999999972,Published envelope; approximate local detail
GBA-0027,PowerLEDGuide,GBA-0027 · Independent power-status light guide,Display,white,1,4.021238596594934,1.5999999999999943,1.6000000000000014,2.0,Schematic internal layout
GBA-0028,PowerMark,GBA-0028 · POWER,Body,agbink,5,0.0713890644655655,7.377516978523495,1.5591948308724852,0.01800020000000302,Published envelope; approximate local detail
GBA-0029,ShoulderL,GBA-0029 · Original L shoulder key,Controls,agbgray,1,549.8883475458147,26.0,9.0,3.1999999999999993,Published envelope; approximate local detail
GBA-0030,ShoulderMarkL,GBA-0030 · L,Controls,agbink,1,0.018960716859601084,1.461304530201339,2.348993288590602,0.018000000000000682,Published envelope; approximate local detail
GBA-0031,ShoulderR,GBA-0031 · Original R shoulder key,Controls,agbgray,1,549.8883475458144,26.0,9.0,3.1999999999999993,Published envelope; approximate local detail
GBA-0032,ShoulderMarkR,GBA-0032 · R,Controls,agbink,1,0.03399325729362592,1.8293835892617523,2.3489934885906045,0.01800020000000302,Published envelope; approximate local detail
GBA-0033,BatteryDoor,GBA-0033 · Independent rear battery door,Body,indigo,1,2225.5970950445585,58.0,35.0,1.1,Published envelope; approximate local detail
GBA-0034,AABayWalls,GBA-0034 · Separate molded two-AA compartment wall study001,Battery,indigo,1,3840.893813018364,56.0,34.0,15.0,Schematic internal layout
GBA-0035,AABayDivider,GBA-0035 · Independent dual-AA divider study001,Battery,indigo,1,576.0987993534867,52.0,0.8000000000000025,14.0,Schematic internal layout
GBA-0036,AACell0,GBA-0036 · Oppositely installed AA cell envelope,Battery,battery,1,7619.932981282046,49.5,14.0,14.0,Schematic internal layout
GBA-0037,AAButton0,GBA-0037 · Independent AA positive button,Battery,metal,1,6.333450789637031,0.3500000000000014,4.799999999999997,4.800000000000001,Schematic internal layout
GBA-0038,AANegative0,GBA-0038 · Independent AA negative end disk,Battery,metal,1,12.24844143781592,0.120000000000001,11.399999999999999,11.399999999999999,Schematic internal layout
GBA-0039,AACell1,GBA-0039 · Oppositely installed AA cell envelope001,Battery,battery,1,7619.932981282046,49.5,14.0,14.0,Schematic internal layout
GBA-0040,AAButton1,GBA-0040 · Independent AA positive button001,Battery,metal,1,6.333450789637031,0.3500000000000014,4.800000000000001,4.800000000000001,Schematic internal layout
GBA-0041,AANegative1,GBA-0041 · Independent AA negative end disk001,Battery,metal,1,12.24844143781592,0.120000000000001,11.399999999999999,11.399999999999999,Schematic internal layout
GBA-0042,BatteryLatch,GBA-0042 · Separate flexible battery-door catch study,Battery,indigo,1,39.35401981020073,8.0,1.6000000000000005,3.0999999999999996,Schematic internal layout
GBA-0043,Mainboard,GBA-0043 · Early AGB-CPU-02 U-shaped two-sided PCB study001,Mainboard,pcb,1,6573.989155813008,132.0000002,70.0000002,1.0000014000000004,Schematic internal layout
GBA-0044,BoardFixingLand0,GBA-0044 · Separate board fixing copper land,Mainboard,gold,1,0.4021631295676632,4.799999999999997,4.799999999999997,0.03500000000000014,Schematic internal layout
GBA-0045,BoardFixingLand1,GBA-0045 · Separate board fixing copper land001,Mainboard,gold,1,0.4021631295676632,4.799999999999997,4.799999999999997,0.03500000000000014,Schematic internal layout
GBA-0046,BoardFixingLand2,GBA-0046 · Separate board fixing copper land002,Mainboard,gold,1,0.4021631295676632,4.799999999999997,4.799999999999997,0.03500000000000014,Schematic internal layout
GBA-0047,CPU,GBA-0047 · Original AGB processor package envelope,Mainboard,black,1,303.922743338823,19.0,16.0,1.0,Schematic internal layout
GBA-0048,ExternalRAM,GBA-0048 · Separate external RAM package envelope,Mainboard,black,1,159.5490320638069,14.0,12.0,0.9499999999999993,Schematic internal layout
GBA-0049,CPULead0_0,GBA-0049 · Separate leaded IC terminal study,Mainboard,metal,1,0.017187292006587723,0.1999999999999993,0.7199999999999989,0.120000000000001,Schematic internal layout
GBA-0050,CPULead0_1,GBA-0050 · Separate leaded IC terminal study001,Mainboard,metal,1,0.01718729200658772,0.20000000000000018,0.7199999999999989,0.120000000000001,Schematic internal layout
GBA-0051,CPULead0_2,GBA-0051 · Separate leaded IC terminal study002,Mainboard,metal,1,0.01718729200658772,0.20000000000000107,0.7199999999999989,0.120000000000001,Schematic internal layout
GBA-0052,CPULead0_3,GBA-0052 · Separate leaded IC terminal study003,Mainboard,metal,1,0.01718729200658772,0.20000000000000107,0.7199999999999989,0.120000000000001,Schematic internal layout
GBA-0053,CPULead0_4,GBA-0053 · Separate leaded IC terminal study004,Mainboard,metal,1,0.01718729200658772,0.20000000000000107,0.7199999999999989,0.120000000000001,Schematic internal layout
GBA-0054,CPULead0_5,GBA-0054 · Separate leaded IC terminal study005,Mainboard,metal,1,0.01718729200658772,0.20000000000000107,0.7199999999999989,0.120000000000001,Schematic internal layout
GBA-0055,CPULead0_6,GBA-0055 · Separate leaded IC terminal study006,Mainboard,metal,1,0.017187292006587716,0.20000000000000107,0.7199999999999989,0.120000000000001,Schematic internal layout
GBA-0056,CPULead0_7,GBA-0056 · Separate leaded IC terminal study007,Mainboard,metal,1,0.01718729200658772,0.20000000000000107,0.7199999999999989,0.120000000000001,Schematic internal layout
GBA-0057,CPULead0_8,GBA-0057 · Separate leaded IC terminal study008,Mainboard,metal,1,0.01718729200658772,0.20000000000000107,0.7199999999999989,0.120000000000001,Schematic internal layout
GBA-0058,CPULead0_9,GBA-0058 · Separate leaded IC terminal study009,Mainboard,metal,1,0.01718729200658772,0.20000000000000107,0.7199999999999989,0.120000000000001,Schematic internal layout
GBA-0059,CPULead0_10,GBA-0059 · Separate leaded IC terminal study010,Mainboard,metal,1,0.01718729200658774,0.20000000000000018,0.7199999999999989,0.120000000000001,Schematic internal layout
GBA-0060,CPULead0_11,GBA-0060 · Separate leaded IC terminal study011,Mainboard,metal,1,0.017187292006587744,0.20000000000000018,0.7199999999999989,0.120000000000001,Schematic internal layout
GBA-0061,CPULead0_12,GBA-0061 · Separate leaded IC terminal study012,Mainboard,metal,1,0.01718729200658774,0.20000000000000018,0.7199999999999989,0.120000000000001,Schematic internal layout
GBA-0062,CPULead0_13,GBA-0062 · Separate leaded IC terminal study013,Mainboard,metal,1,0.01718729200658774,0.20000000000000018,0.7199999999999989,0.120000000000001,Schematic internal layout
GBA-0063,CPULead0_14,GBA-0063 · Separate leaded IC terminal study014,Mainboard,metal,1,0.01718729200658774,0.20000000000000018,0.7199999999999989,0.120000000000001,Schematic internal layout
GBA-0064,CPULead0_15,GBA-0064 · Separate leaded IC terminal study015,Mainboard,metal,1,0.017187292006587744,0.20000000000000018,0.7199999999999989,0.120000000000001,Schematic internal layout
GBA-0065,CPULead0_16,GBA-0065 · Separate leaded IC terminal study016,Mainboard,metal,1,0.017187292006587744,0.20000000000000018,0.7199999999999989,0.120000000000001,Schematic internal layout
GBA-0066,CPULead0_17,GBA-0066 · Separate leaded IC terminal study017,Mainboard,metal,1,0.017187292006587737,0.19999999999999996,0.7199999999999989,0.120000000000001,Schematic internal layout
GBA-0067,CPULead0_18,GBA-0067 · Separate leaded IC terminal study018,Mainboard,metal,1,0.01718729200658774,0.20000000000000004,0.7199999999999989,0.120000000000001,Schematic internal layout
GBA-0068,CPULead0_19,GBA-0068 · Separate leaded IC terminal study019,Mainboard,metal,1,0.01718729200658774,0.20000000000000004,0.7199999999999989,0.120000000000001,Schematic internal layout
GBA-0069,CPULead0_20,GBA-0069 · Separate leaded IC terminal study020,Mainboard,metal,1,0.017187292006587737,0.19999999999999996,0.7199999999999989,0.120000000000001,Schematic internal layout
GBA-0070,CPULead0_21,GBA-0070 · Separate leaded IC terminal study021,Mainboard,metal,1,0.017187292006587744,0.20000000000000018,0.7199999999999989,0.120000000000001,Schematic internal layout
GBA-0071,CPULead0_22,GBA-0071 · Separate leaded IC terminal study022,Mainboard,metal,1,0.017187292006587744,0.20000000000000018,0.7199999999999989,0.120000000000001,Schematic internal layout
GBA-0072,CPULead0_23,GBA-0072 · Separate leaded IC terminal study023,Mainboard,metal,1,0.017187292006587744,0.20000000000000018,0.7199999999999989,0.120000000000001,Schematic internal layout
GBA-0073,CPULead0_24,GBA-0073 · Separate leaded IC terminal study024,Mainboard,metal,1,0.01718729200658774,0.20000000000000018,0.7199999999999989,0.120000000000001,Schematic internal layout
GBA-0074,CPULead0_25,GBA-0074 · Separate leaded IC terminal study025,Mainboard,metal,1,0.017187292006587744,0.20000000000000018,0.7199999999999989,0.120000000000001,Schematic internal layout
GBA-0075,CPULead0_26,GBA-0075 · Separate leaded IC terminal study026,Mainboard,metal,1,0.01718729200658774,0.20000000000000018,0.7199999999999989,0.120000000000001,Schematic internal layout
GBA-0076,CPULead0_27,GBA-0076 · Separate leaded IC terminal study027,Mainboard,metal,1,0.017187292006587744,0.20000000000000018,0.7199999999999989,0.120000000000001,Schematic internal layout
GBA-0077,CPULead0_28,GBA-0077 · Separate leaded IC terminal study028,Mainboard,metal,1,0.017187292006587716,0.20000000000000107,0.7199999999999989,0.120000000000001,Schematic internal layout
GBA-0078,CPULead0_29,GBA-0078 · Separate leaded IC terminal study029,Mainboard,metal,1,0.017187292006587716,0.20000000000000107,0.7199999999999989,0.120000000000001,Schematic internal layout
GBA-0079,CPULead0_30,GBA-0079 · Separate leaded IC terminal study030,Mainboard,metal,1,0.01718729200658772,0.20000000000000107,0.7199999999999989,0.120000000000001,Schematic internal layout
GBA-0080,CPULead0_31,GBA-0080 · Separate leaded IC terminal study031,Mainboard,metal,1,0.017187292006587716,0.20000000000000107,0.7199999999999989,0.120000000000001,Schematic internal layout
GBA-0081,CPULead0_32,GBA-0081 · Separate leaded IC terminal study032,Mainboard,metal,1,0.017187292006587716,0.20000000000000107,0.7199999999999989,0.120000000000001,Schematic internal layout
GBA-0082,CPULead0_33,GBA-0082 · Separate leaded IC terminal study033,Mainboard,metal,1,0.01718729200658772,0.20000000000000107,0.7199999999999989,0.120000000000001,Schematic internal layout
GBA-0083,CPULead0_34,GBA-0083 · Separate leaded IC terminal study034,Mainboard,metal,1,0.01718729200658772,0.20000000000000107,0.7199999999999989,0.120000000000001,Schematic internal layout
GBA-0084,CPULead0_35,GBA-0084 · Separate leaded IC terminal study035,Mainboard,metal,1,0.01718729200658772,0.20000000000000107,0.7199999999999989,0.120000000000001,Schematic internal layout
GBA-0085,CPULead0_36,GBA-0085 · Separate leaded IC terminal study036,Mainboard,metal,1,0.017187292006587723,0.20000000000000018,0.7199999999999989,0.120000000000001,Schematic internal layout
GBA-0086,CPULead0_37,GBA-0086 · Separate leaded IC terminal study037,Mainboard,metal,1,0.01718729200658772,0.1999999999999993,0.7199999999999989,0.120000000000001,Schematic internal layout
GBA-0087,CPULead1_0,GBA-0087 · Separate leaded IC terminal study038,Mainboard,metal,1,0.017187292006587727,0.1999999999999993,0.7199999999999998,0.120000000000001,Schematic internal layout
GBA-0088,CPULead1_1,GBA-0088 · Separate leaded IC terminal study039,Mainboard,metal,1,0.017187292006587727,0.20000000000000018,0.7199999999999998,0.120000000000001,Schematic internal layout
GBA-0089,CPULead1_2,GBA-0089 · Separate leaded IC terminal study040,Mainboard,metal,1,0.017187292006587727,0.20000000000000107,0.7199999999999998,0.120000000000001,Schematic internal layout
GBA-0090,CPULead1_3,GBA-0090 · Separate leaded IC terminal study041,Mainboard,metal,1,0.017187292006587727,0.20000000000000107,0.7199999999999998,0.120000000000001,Schematic internal layout
GBA-0091,CPULead1_4,GBA-0091 · Separate leaded IC terminal study042,Mainboard,metal,1,0.017187292006587727,0.20000000000000107,0.7199999999999998,0.120000000000001,Schematic internal layout
GBA-0092,CPULead1_5,GBA-0092 · Separate leaded IC terminal study043,Mainboard,metal,1,0.017187292006587723,0.20000000000000107,0.7199999999999998,0.120000000000001,Schematic internal layout
GBA-0093,CPULead1_6,GBA-0093 · Separate leaded IC terminal study044,Mainboard,metal,1,0.017187292006587727,0.20000000000000107,0.7199999999999998,0.120000000000001,Schematic internal layout
GBA-0094,CPULead1_7,GBA-0094 · Separate leaded IC terminal study045,Mainboard,metal,1,0.017187292006587727,0.20000000000000107,0.7199999999999998,0.120000000000001,Schematic internal layout
GBA-0095,CPULead1_8,GBA-0095 · Separate leaded IC terminal study046,Mainboard,metal,1,0.017187292006587727,0.20000000000000107,0.7199999999999998,0.120000000000001,Schematic internal layout
GBA-0096,CPULead1_9,GBA-0096 · Separate leaded IC terminal study047,Mainboard,metal,1,0.017187292006587727,0.20000000000000107,0.7199999999999998,0.120000000000001,Schematic internal layout
GBA-0097,CPULead1_10,GBA-0097 · Separate leaded IC terminal study048,Mainboard,metal,1,0.017187292006587748,0.20000000000000018,0.7199999999999998,0.120000000000001,Schematic internal layout
GBA-0098,CPULead1_11,GBA-0098 · Separate leaded IC terminal study049,Mainboard,metal,1,0.01718729200658775,0.20000000000000018,0.7199999999999998,0.120000000000001,Schematic internal layout
GBA-0099,CPULead1_12,GBA-0099 · Separate leaded IC terminal study050,Mainboard,metal,1,0.017187292006587748,0.20000000000000018,0.7199999999999998,0.120000000000001,Schematic internal layout
GBA-0100,CPULead1_13,GBA-0100 · Separate leaded IC terminal study051,Mainboard,metal,1,0.017187292006587748,0.20000000000000018,0.7199999999999998,0.120000000000001,Schematic internal layout
GBA-0101,CPULead1_14,GBA-0101 · Separate leaded IC terminal study052,Mainboard,metal,1,0.017187292006587748,0.20000000000000018,0.7199999999999998,0.120000000000001,Schematic internal layout
GBA-0102,CPULead1_15,GBA-0102 · Separate leaded IC terminal study053,Mainboard,metal,1,0.01718729200658775,0.20000000000000018,0.7199999999999998,0.120000000000001,Schematic internal layout
GBA-0103,CPULead1_16,GBA-0103 · Separate leaded IC terminal study054,Mainboard,metal,1,0.01718729200658775,0.20000000000000018,0.7199999999999998,0.120000000000001,Schematic internal layout
GBA-0104,CPULead1_17,GBA-0104 · Separate leaded IC terminal study055,Mainboard,metal,1,0.017187292006587744,0.19999999999999996,0.7199999999999998,0.120000000000001,Schematic internal layout
GBA-0105,CPULead1_18,GBA-0105 · Separate leaded IC terminal study056,Mainboard,metal,1,0.017187292006587744,0.20000000000000004,0.7199999999999998,0.120000000000001,Schematic internal layout
GBA-0106,CPULead1_19,GBA-0106 · Separate leaded IC terminal study057,Mainboard,metal,1,0.017187292006587748,0.20000000000000004,0.7199999999999998,0.120000000000001,Schematic internal layout
GBA-0107,CPULead1_20,GBA-0107 · Separate leaded IC terminal study058,Mainboard,metal,1,0.017187292006587744,0.19999999999999996,0.7199999999999998,0.120000000000001,Schematic internal layout
GBA-0108,CPULead1_21,GBA-0108 · Separate leaded IC terminal study059,Mainboard,metal,1,0.01718729200658775,0.20000000000000018,0.7199999999999998,0.120000000000001,Schematic internal layout
GBA-0109,CPULead1_22,GBA-0109 · Separate leaded IC terminal study060,Mainboard,metal,1,0.01718729200658775,0.20000000000000018,0.7199999999999998,0.120000000000001,Schematic internal layout
GBA-0110,CPULead1_23,GBA-0110 · Separate leaded IC terminal study061,Mainboard,metal,1,0.017187292006587748,0.20000000000000018,0.7199999999999998,0.120000000000001,Schematic internal layout
GBA-0111,CPULead1_24,GBA-0111 · Separate leaded IC terminal study062,Mainboard,metal,1,0.017187292006587748,0.20000000000000018,0.7199999999999998,0.120000000000001,Schematic internal layout
GBA-0112,CPULead1_25,GBA-0112 · Separate leaded IC terminal study063,Mainboard,metal,1,0.01718729200658775,0.20000000000000018,0.7199999999999998,0.120000000000001,Schematic internal layout
GBA-0113,CPULead1_26,GBA-0113 · Separate leaded IC terminal study064,Mainboard,metal,1,0.017187292006587748,0.20000000000000018,0.7199999999999998,0.120000000000001,Schematic internal layout
GBA-0114,CPULead1_27,GBA-0114 · Separate leaded IC terminal study065,Mainboard,metal,1,0.017187292006587748,0.20000000000000018,0.7199999999999998,0.120000000000001,Schematic internal layout
GBA-0115,CPULead1_28,GBA-0115 · Separate leaded IC terminal study066,Mainboard,metal,1,0.017187292006587727,0.20000000000000107,0.7199999999999998,0.120000000000001,Schematic internal layout
GBA-0116,CPULead1_29,GBA-0116 · Separate leaded IC terminal study067,Mainboard,metal,1,0.017187292006587723,0.20000000000000107,0.7199999999999998,0.120000000000001,Schematic internal layout
GBA-0117,CPULead1_30,GBA-0117 · Separate leaded IC terminal study068,Mainboard,metal,1,0.017187292006587727,0.20000000000000107,0.7199999999999998,0.120000000000001,Schematic internal layout
GBA-0118,CPULead1_31,GBA-0118 · Separate leaded IC terminal study069,Mainboard,metal,1,0.017187292006587727,0.20000000000000107,0.7199999999999998,0.120000000000001,Schematic internal layout
GBA-0119,CPULead1_32,GBA-0119 · Separate leaded IC terminal study070,Mainboard,metal,1,0.017187292006587727,0.20000000000000107,0.7199999999999998,0.120000000000001,Schematic internal layout
GBA-0120,CPULead1_33,GBA-0120 · Separate leaded IC terminal study071,Mainboard,metal,1,0.017187292006587723,0.20000000000000107,0.7199999999999998,0.120000000000001,Schematic internal layout
GBA-0121,CPULead1_34,GBA-0121 · Separate leaded IC terminal study072,Mainboard,metal,1,0.017187292006587723,0.20000000000000107,0.7199999999999998,0.120000000000001,Schematic internal layout
GBA-0122,CPULead1_35,GBA-0122 · Separate leaded IC terminal study073,Mainboard,metal,1,0.017187292006587727,0.20000000000000107,0.7199999999999998,0.120000000000001,Schematic internal layout
GBA-0123,CPULead1_36,GBA-0123 · Separate leaded IC terminal study074,Mainboard,metal,1,0.017187292006587727,0.20000000000000018,0.7199999999999998,0.120000000000001,Schematic internal layout
GBA-0124,CPULead1_37,GBA-0124 · Separate leaded IC terminal study075,Mainboard,metal,1,0.017187292006587727,0.1999999999999993,0.7199999999999998,0.120000000000001,Schematic internal layout
GBA-0125,CPULead2_0,GBA-0125 · Separate leaded IC terminal study076,Mainboard,metal,1,0.01718729200658772,0.7199999999999989,0.20000000000000107,0.120000000000001,Schematic internal layout
GBA-0126,CPULead2_1,GBA-0126 · Separate leaded IC terminal study077,Mainboard,metal,1,0.017187292006587716,0.7199999999999989,0.20000000000000107,0.120000000000001,Schematic internal layout
GBA-0127,CPULead2_2,GBA-0127 · Separate leaded IC terminal study078,Mainboard,metal,1,0.017187292006587716,0.7199999999999989,0.20000000000000107,0.120000000000001,Schematic internal layout
GBA-0128,CPULead2_3,GBA-0128 · Separate leaded IC terminal study079,Mainboard,metal,1,0.017187292006587716,0.7199999999999989,0.20000000000000107,0.120000000000001,Schematic internal layout
GBA-0129,CPULead2_4,GBA-0129 · Separate leaded IC terminal study080,Mainboard,metal,1,0.01718729200658772,0.7199999999999989,0.20000000000000107,0.120000000000001,Schematic internal layout
GBA-0130,CPULead2_5,GBA-0130 · Separate leaded IC terminal study081,Mainboard,metal,1,0.01718729200658772,0.7199999999999989,0.20000000000000107,0.120000000000001,Schematic internal layout
GBA-0131,CPULead2_6,GBA-0131 · Separate leaded IC terminal study082,Mainboard,metal,1,0.01718729200658772,0.7199999999999989,0.1999999999999993,0.120000000000001,Schematic internal layout
GBA-0132,CPULead2_7,GBA-0132 · Separate leaded IC terminal study083,Mainboard,metal,1,0.01718729200658772,0.7199999999999989,0.1999999999999993,0.120000000000001,Schematic internal layout
GBA-0133,CPULead2_8,GBA-0133 · Separate leaded IC terminal study084,Mainboard,metal,1,0.01718729200658772,0.7199999999999989,0.1999999999999993,0.120000000000001,Schematic internal layout
GBA-0134,CPULead2_9,GBA-0134 · Separate leaded IC terminal study085,Mainboard,metal,1,0.01718729200658772,0.7199999999999989,0.1999999999999993,0.120000000000001,Schematic internal layout
GBA-0135,CPULead2_10,GBA-0135 · Separate leaded IC terminal study086,Mainboard,metal,1,0.01718729200658772,0.7199999999999989,0.1999999999999993,0.120000000000001,Schematic internal layout
GBA-0136,CPULead2_11,GBA-0136 · Separate leaded IC terminal study087,Mainboard,metal,1,0.01718729200658772,0.7199999999999989,0.1999999999999993,0.120000000000001,Schematic internal layout
GBA-0137,CPULead2_12,GBA-0137 · Separate leaded IC terminal study088,Mainboard,metal,1,0.01718729200658772,0.7199999999999989,0.1999999999999993,0.120000000000001,Schematic internal layout
GBA-0138,CPULead2_13,GBA-0138 · Separate leaded IC terminal study089,Mainboard,metal,1,0.01718729200658772,0.7199999999999989,0.1999999999999993,0.120000000000001,Schematic internal layout
GBA-0139,CPULead2_14,GBA-0139 · Separate leaded IC terminal study090,Mainboard,metal,1,0.01718729200658772,0.7199999999999989,0.1999999999999993,0.120000000000001,Schematic internal layout
GBA-0140,CPULead2_15,GBA-0140 · Separate leaded IC terminal study091,Mainboard,metal,1,0.01718729200658772,0.7199999999999989,0.1999999999999993,0.120000000000001,Schematic internal layout
GBA-0141,CPULead2_16,GBA-0141 · Separate leaded IC terminal study092,Mainboard,metal,1,0.01718729200658772,0.7199999999999989,0.1999999999999993,0.120000000000001,Schematic internal layout
GBA-0142,CPULead2_17,GBA-0142 · Separate leaded IC terminal study093,Mainboard,metal,1,0.01718729200658772,0.7199999999999989,0.1999999999999993,0.120000000000001,Schematic internal layout
GBA-0143,CPULead2_18,GBA-0143 · Separate leaded IC terminal study094,Mainboard,metal,1,0.01718729200658772,0.7199999999999989,0.1999999999999993,0.120000000000001,Schematic internal layout
GBA-0144,CPULead2_19,GBA-0144 · Separate leaded IC terminal study095,Mainboard,metal,1,0.01718729200658772,0.7199999999999989,0.1999999999999993,0.120000000000001,Schematic internal layout
GBA-0145,CPULead2_20,GBA-0145 · Separate leaded IC terminal study096,Mainboard,metal,1,0.017187292006587813,0.7199999999999989,0.20000000000000284,0.120000000000001,Schematic internal layout
GBA-0146,CPULead2_21,GBA-0146 · Separate leaded IC terminal study097,Mainboard,metal,1,0.017187292006587813,0.7199999999999989,0.20000000000000284,0.120000000000001,Schematic internal layout
GBA-0147,CPULead2_22,GBA-0147 · Separate leaded IC terminal study098,Mainboard,metal,1,0.017187292006587813,0.7199999999999989,0.20000000000000284,0.120000000000001,Schematic internal layout
GBA-0148,CPULead2_23,GBA-0148 · Separate leaded IC terminal study099,Mainboard,metal,1,0.017187292006587813,0.7199999999999989,0.20000000000000284,0.120000000000001,Schematic internal layout
GBA-0149,CPULead2_24,GBA-0149 · Separate leaded IC terminal study100,Mainboard,metal,1,0.017187292006587813,0.7199999999999989,0.20000000000000284,0.120000000000001,Schematic internal layout
GBA-0150,CPULead2_25,GBA-0150 · Separate leaded IC terminal study101,Mainboard,metal,1,0.017187292006587813,0.7199999999999989,0.20000000000000284,0.120000000000001,Schematic internal layout
GBA-0151,CPULead3_0,GBA-0151 · Separate leaded IC terminal study102,Mainboard,metal,1,0.01718729200658772,0.7199999999999989,0.20000000000000107,0.120000000000001,Schematic internal layout
GBA-0152,CPULead3_1,GBA-0152 · Separate leaded IC terminal study103,Mainboard,metal,1,0.01718729200658772,0.7199999999999989,0.20000000000000107,0.120000000000001,Schematic internal layout
GBA-0153,CPULead3_2,GBA-0153 · Separate leaded IC terminal study104,Mainboard,metal,1,0.01718729200658772,0.7199999999999989,0.20000000000000107,0.120000000000001,Schematic internal layout
GBA-0154,CPULead3_3,GBA-0154 · Separate leaded IC terminal study105,Mainboard,metal,1,0.01718729200658772,0.7199999999999989,0.20000000000000107,0.120000000000001,Schematic internal layout
GBA-0155,CPULead3_4,GBA-0155 · Separate leaded IC terminal study106,Mainboard,metal,1,0.017187292006587716,0.7199999999999989,0.20000000000000107,0.120000000000001,Schematic internal layout
GBA-0156,CPULead3_5,GBA-0156 · Separate leaded IC terminal study107,Mainboard,metal,1,0.017187292006587716,0.7199999999999989,0.20000000000000107,0.120000000000001,Schematic internal layout
GBA-0157,CPULead3_6,GBA-0157 · Separate leaded IC terminal study108,Mainboard,metal,1,0.01718729200658772,0.7199999999999989,0.1999999999999993,0.120000000000001,Schematic internal layout
GBA-0158,CPULead3_7,GBA-0158 · Separate leaded IC terminal study109,Mainboard,metal,1,0.01718729200658772,0.7199999999999989,0.1999999999999993,0.120000000000001,Schematic internal layout
GBA-0159,CPULead3_8,GBA-0159 · Separate leaded IC terminal study110,Mainboard,metal,1,0.01718729200658772,0.7199999999999989,0.1999999999999993,0.120000000000001,Schematic internal layout
GBA-0160,CPULead3_9,GBA-0160 · Separate leaded IC terminal study111,Mainboard,metal,1,0.01718729200658772,0.7199999999999989,0.1999999999999993,0.120000000000001,Schematic internal layout
GBA-0161,CPULead3_10,GBA-0161 · Separate leaded IC terminal study112,Mainboard,metal,1,0.01718729200658772,0.7199999999999989,0.1999999999999993,0.120000000000001,Schematic internal layout
GBA-0162,CPULead3_11,GBA-0162 · Separate leaded IC terminal study113,Mainboard,metal,1,0.01718729200658772,0.7199999999999989,0.1999999999999993,0.120000000000001,Schematic internal layout
GBA-0163,CPULead3_12,GBA-0163 · Separate leaded IC terminal study114,Mainboard,metal,1,0.01718729200658772,0.7199999999999989,0.1999999999999993,0.120000000000001,Schematic internal layout
GBA-0164,CPULead3_13,GBA-0164 · Separate leaded IC terminal study115,Mainboard,metal,1,0.01718729200658772,0.7199999999999989,0.1999999999999993,0.120000000000001,Schematic internal layout
GBA-0165,CPULead3_14,GBA-0165 · Separate leaded IC terminal study116,Mainboard,metal,1,0.01718729200658772,0.7199999999999989,0.1999999999999993,0.120000000000001,Schematic internal layout
GBA-0166,CPULead3_15,GBA-0166 · Separate leaded IC terminal study117,Mainboard,metal,1,0.01718729200658772,0.7199999999999989,0.1999999999999993,0.120000000000001,Schematic internal layout
GBA-0167,CPULead3_16,GBA-0167 · Separate leaded IC terminal study118,Mainboard,metal,1,0.01718729200658772,0.7199999999999989,0.1999999999999993,0.120000000000001,Schematic internal layout
GBA-0168,CPULead3_17,GBA-0168 · Separate leaded IC terminal study119,Mainboard,metal,1,0.01718729200658772,0.7199999999999989,0.1999999999999993,0.120000000000001,Schematic internal layout
GBA-0169,CPULead3_18,GBA-0169 · Separate leaded IC terminal study120,Mainboard,metal,1,0.01718729200658772,0.7199999999999989,0.1999999999999993,0.120000000000001,Schematic internal layout
GBA-0170,CPULead3_19,GBA-0170 · Separate leaded IC terminal study121,Mainboard,metal,1,0.01718729200658772,0.7199999999999989,0.1999999999999993,0.120000000000001,Schematic internal layout
GBA-0171,CPULead3_20,GBA-0171 · Separate leaded IC terminal study122,Mainboard,metal,1,0.017187292006587813,0.7199999999999989,0.20000000000000284,0.120000000000001,Schematic internal layout
GBA-0172,CPULead3_21,GBA-0172 · Separate leaded IC terminal study123,Mainboard,metal,1,0.017187292006587813,0.7199999999999989,0.20000000000000284,0.120000000000001,Schematic internal layout
GBA-0173,CPULead3_22,GBA-0173 · Separate leaded IC terminal study124,Mainboard,metal,1,0.017187292006587813,0.7199999999999989,0.20000000000000284,0.120000000000001,Schematic internal layout
GBA-0174,CPULead3_23,GBA-0174 · Separate leaded IC terminal study125,Mainboard,metal,1,0.017187292006587813,0.7199999999999989,0.20000000000000284,0.120000000000001,Schematic internal layout
GBA-0175,CPULead3_24,GBA-0175 · Separate leaded IC terminal study126,Mainboard,metal,1,0.017187292006587813,0.7199999999999989,0.20000000000000284,0.120000000000001,Schematic internal layout
GBA-0176,CPULead3_25,GBA-0176 · Separate leaded IC terminal study127,Mainboard,metal,1,0.017187292006587813,0.7199999999999989,0.20000000000000284,0.120000000000001,Schematic internal layout
GBA-0177,ExternalRAMLead2_0,GBA-0177 · Separate leaded IC terminal study128,Mainboard,metal,1,0.017187292006587716,0.7199999999999989,0.20000000000000107,0.120000000000001,Schematic internal layout
GBA-0178,ExternalRAMLead2_1,GBA-0178 · Separate leaded IC terminal study129,Mainboard,metal,1,0.017187292006587716,0.7199999999999989,0.20000000000000107,0.120000000000001,Schematic internal layout
GBA-0179,ExternalRAMLead2_2,GBA-0179 · Separate leaded IC terminal study130,Mainboard,metal,1,0.01718729200658772,0.7199999999999989,0.20000000000000107,0.120000000000001,Schematic internal layout
GBA-0180,ExternalRAMLead2_3,GBA-0180 · Separate leaded IC terminal study131,Mainboard,metal,1,0.01718729200658772,0.7199999999999989,0.1999999999999993,0.120000000000001,Schematic internal layout
GBA-0181,ExternalRAMLead2_4,GBA-0181 · Separate leaded IC terminal study132,Mainboard,metal,1,0.01718729200658772,0.7199999999999989,0.1999999999999993,0.120000000000001,Schematic internal layout
GBA-0182,ExternalRAMLead2_5,GBA-0182 · Separate leaded IC terminal study133,Mainboard,metal,1,0.01718729200658772,0.7199999999999989,0.1999999999999993,0.120000000000001,Schematic internal layout
GBA-0183,ExternalRAMLead2_6,GBA-0183 · Separate leaded IC terminal study134,Mainboard,metal,1,0.017187292006587716,0.7199999999999989,0.1999999999999993,0.120000000000001,Schematic internal layout
GBA-0184,ExternalRAMLead2_7,GBA-0184 · Separate leaded IC terminal study135,Mainboard,metal,1,0.01718729200658772,0.7199999999999989,0.1999999999999993,0.120000000000001,Schematic internal layout
GBA-0185,ExternalRAMLead2_8,GBA-0185 · Separate leaded IC terminal study136,Mainboard,metal,1,0.01718729200658772,0.7199999999999989,0.1999999999999993,0.120000000000001,Schematic internal layout
GBA-0186,ExternalRAMLead2_9,GBA-0186 · Separate leaded IC terminal study137,Mainboard,metal,1,0.01718729200658772,0.7199999999999989,0.1999999999999993,0.120000000000001,Schematic internal layout
GBA-0187,ExternalRAMLead2_10,GBA-0187 · Separate leaded IC terminal study138,Mainboard,metal,1,0.01718729200658772,0.7199999999999989,0.1999999999999993,0.120000000000001,Schematic internal layout
GBA-0188,ExternalRAMLead2_11,GBA-0188 · Separate leaded IC terminal study139,Mainboard,metal,1,0.01718729200658772,0.7199999999999989,0.1999999999999993,0.120000000000001,Schematic internal layout
GBA-0189,ExternalRAMLead2_12,GBA-0189 · Separate leaded IC terminal study140,Mainboard,metal,1,0.017187292006587716,0.7199999999999989,0.1999999999999993,0.120000000000001,Schematic internal layout
GBA-0190,ExternalRAMLead2_13,GBA-0190 · Separate leaded IC terminal study141,Mainboard,metal,1,0.01718729200658772,0.7199999999999989,0.1999999999999993,0.120000000000001,Schematic internal layout
GBA-0191,ExternalRAMLead2_14,GBA-0191 · Separate leaded IC terminal study142,Mainboard,metal,1,0.01718729200658772,0.7199999999999989,0.1999999999999993,0.120000000000001,Schematic internal layout
GBA-0192,ExternalRAMLead2_15,GBA-0192 · Separate leaded IC terminal study143,Mainboard,metal,1,0.01718729200658772,0.7199999999999989,0.1999999999999993,0.120000000000001,Schematic internal layout
GBA-0193,ExternalRAMLead2_16,GBA-0193 · Separate leaded IC terminal study144,Mainboard,metal,1,0.01718729200658772,0.7199999999999989,0.1999999999999993,0.120000000000001,Schematic internal layout
GBA-0194,ExternalRAMLead2_17,GBA-0194 · Separate leaded IC terminal study145,Mainboard,metal,1,0.01718729200658772,0.7199999999999989,0.1999999999999993,0.120000000000001,Schematic internal layout
GBA-0195,ExternalRAMLead2_18,GBA-0195 · Separate leaded IC terminal study146,Mainboard,metal,1,0.01718729200658772,0.7199999999999989,0.1999999999999993,0.120000000000001,Schematic internal layout
GBA-0196,ExternalRAMLead2_19,GBA-0196 · Separate leaded IC terminal study147,Mainboard,metal,1,0.01718729200658772,0.7199999999999989,0.1999999999999993,0.120000000000001,Schematic internal layout
GBA-0197,ExternalRAMLead2_20,GBA-0197 · Separate leaded IC terminal study148,Mainboard,metal,1,0.01718729200658772,0.7199999999999989,0.1999999999999993,0.120000000000001,Schematic internal layout
GBA-0198,ExternalRAMLead2_21,GBA-0198 · Separate leaded IC terminal study149,Mainboard,metal,1,0.01718729200658781,0.7199999999999989,0.20000000000000284,0.120000000000001,Schematic internal layout
GBA-0199,ExternalRAMLead2_22,GBA-0199 · Separate leaded IC terminal study150,Mainboard,metal,1,0.01718729200658781,0.7199999999999989,0.20000000000000284,0.120000000000001,Schematic internal layout
GBA-0200,ExternalRAMLead2_23,GBA-0200 · Separate leaded IC terminal study151,Mainboard,metal,1,0.017187292006587813,0.7199999999999989,0.20000000000000284,0.120000000000001,Schematic internal layout
GBA-0201,ExternalRAMLead3_0,GBA-0201 · Separate leaded IC terminal study152,Mainboard,metal,1,0.017187292006587716,0.7199999999999989,0.20000000000000107,0.120000000000001,Schematic internal layout
GBA-0202,ExternalRAMLead3_1,GBA-0202 · Separate leaded IC terminal study153,Mainboard,metal,1,0.017187292006587716,0.7199999999999989,0.20000000000000107,0.120000000000001,Schematic internal layout
GBA-0203,ExternalRAMLead3_2,GBA-0203 · Separate leaded IC terminal study154,Mainboard,metal,1,0.017187292006587716,0.7199999999999989,0.20000000000000107,0.120000000000001,Schematic internal layout
GBA-0204,ExternalRAMLead3_3,GBA-0204 · Separate leaded IC terminal study155,Mainboard,metal,1,0.01718729200658772,0.7199999999999989,0.1999999999999993,0.120000000000001,Schematic internal layout
GBA-0205,ExternalRAMLead3_4,GBA-0205 · Separate leaded IC terminal study156,Mainboard,metal,1,0.017187292006587716,0.7199999999999989,0.1999999999999993,0.120000000000001,Schematic internal layout
GBA-0206,ExternalRAMLead3_5,GBA-0206 · Separate leaded IC terminal study157,Mainboard,metal,1,0.01718729200658772,0.7199999999999989,0.1999999999999993,0.120000000000001,Schematic internal layout
GBA-0207,ExternalRAMLead3_6,GBA-0207 · Separate leaded IC terminal study158,Mainboard,metal,1,0.017187292006587716,0.7199999999999989,0.1999999999999993,0.120000000000001,Schematic internal layout
GBA-0208,ExternalRAMLead3_7,GBA-0208 · Separate leaded IC terminal study159,Mainboard,metal,1,0.01718729200658772,0.7199999999999989,0.1999999999999993,0.120000000000001,Schematic internal layout
GBA-0209,ExternalRAMLead3_8,GBA-0209 · Separate leaded IC terminal study160,Mainboard,metal,1,0.01718729200658772,0.7199999999999989,0.1999999999999993,0.120000000000001,Schematic internal layout
GBA-0210,ExternalRAMLead3_9,GBA-0210 · Separate leaded IC terminal study161,Mainboard,metal,1,0.017187292006587716,0.7199999999999989,0.1999999999999993,0.120000000000001,Schematic internal layout
GBA-0211,ExternalRAMLead3_10,GBA-0211 · Separate leaded IC terminal study162,Mainboard,metal,1,0.017187292006587716,0.7199999999999989,0.1999999999999993,0.120000000000001,Schematic internal layout
GBA-0212,ExternalRAMLead3_11,GBA-0212 · Separate leaded IC terminal study163,Mainboard,metal,1,0.017187292006587716,0.7199999999999989,0.1999999999999993,0.120000000000001,Schematic internal layout
GBA-0213,ExternalRAMLead3_12,GBA-0213 · Separate leaded IC terminal study164,Mainboard,metal,1,0.017187292006587716,0.7199999999999989,0.1999999999999993,0.120000000000001,Schematic internal layout
GBA-0214,ExternalRAMLead3_13,GBA-0214 · Separate leaded IC terminal study165,Mainboard,metal,1,0.01718729200658772,0.7199999999999989,0.1999999999999993,0.120000000000001,Schematic internal layout
GBA-0215,ExternalRAMLead3_14,GBA-0215 · Separate leaded IC terminal study166,Mainboard,metal,1,0.017187292006587716,0.7199999999999989,0.1999999999999993,0.120000000000001,Schematic internal layout
GBA-0216,ExternalRAMLead3_15,GBA-0216 · Separate leaded IC terminal study167,Mainboard,metal,1,0.01718729200658772,0.7199999999999989,0.1999999999999993,0.120000000000001,Schematic internal layout
GBA-0217,ExternalRAMLead3_16,GBA-0217 · Separate leaded IC terminal study168,Mainboard,metal,1,0.01718729200658772,0.7199999999999989,0.1999999999999993,0.120000000000001,Schematic internal layout
GBA-0218,ExternalRAMLead3_17,GBA-0218 · Separate leaded IC terminal study169,Mainboard,metal,1,0.017187292006587716,0.7199999999999989,0.1999999999999993,0.120000000000001,Schematic internal layout
GBA-0219,ExternalRAMLead3_18,GBA-0219 · Separate leaded IC terminal study170,Mainboard,metal,1,0.017187292006587723,0.7199999999999989,0.1999999999999993,0.120000000000001,Schematic internal layout
GBA-0220,ExternalRAMLead3_19,GBA-0220 · Separate leaded IC terminal study171,Mainboard,metal,1,0.017187292006587716,0.7199999999999989,0.1999999999999993,0.120000000000001,Schematic internal layout
GBA-0221,ExternalRAMLead3_20,GBA-0221 · Separate leaded IC terminal study172,Mainboard,metal,1,0.017187292006587723,0.7199999999999989,0.1999999999999993,0.120000000000001,Schematic internal layout
GBA-0222,ExternalRAMLead3_21,GBA-0222 · Separate leaded IC terminal study173,Mainboard,metal,1,0.017187292006587813,0.7199999999999989,0.20000000000000284,0.120000000000001,Schematic internal layout
GBA-0223,ExternalRAMLead3_22,GBA-0223 · Separate leaded IC terminal study174,Mainboard,metal,1,0.017187292006587813,0.7199999999999989,0.20000000000000284,0.120000000000001,Schematic internal layout
GBA-0224,ExternalRAMLead3_23,GBA-0224 · Separate leaded IC terminal study175,Mainboard,metal,1,0.017187292006587813,0.7199999999999989,0.20000000000000284,0.120000000000001,Schematic internal layout
GBA-0225,CPUCode,GBA-0225 · CPU AGB,Mainboard,white,6,0.09615907624361068,10.09140120671141,1.754094159731542,0.01800020000000302,Published envelope; approximate local detail
GBA-0226,BoardCode,GBA-0226 · AGB-CPU-02 / CAD,Mainboard,white,14,0.11886686961056064,17.207315536241612,1.5570470798657752,0.01800020000000302,Published envelope; approximate local detail
GBA-0227,FrontPowerIC,GBA-0227 · Separate early-board IC package study,Mainboard,black,1,55.96566370614359,7.0,8.0,1.0,Schematic internal layout
GBA-0228,FrontPowerICLead-1_0,GBA-0228 · Independent package solder lead,Mainboard,metal,1,0.0233072920065878,0.6500000000000057,0.3000000000000007,0.120000000000001,Schematic internal layout
GBA-0229,FrontPowerICLead-1_1,GBA-0229 · Independent package solder lead001,Mainboard,metal,1,0.023307292006587762,0.6500000000000057,0.3000000000000025,0.120000000000001,Schematic internal layout
GBA-0230,FrontPowerICLead-1_2,GBA-0230 · Independent package solder lead002,Mainboard,metal,1,0.023307292006587717,0.6500000000000057,0.30000000000000426,0.120000000000001,Schematic internal layout
GBA-0231,FrontPowerICLead-1_3,GBA-0231 · Independent package solder lead003,Mainboard,metal,1,0.023307292006587717,0.6500000000000057,0.30000000000000426,0.120000000000001,Schematic internal layout
GBA-0232,FrontPowerICLead-1_4,GBA-0232 · Independent package solder lead004,Mainboard,metal,1,0.023307292006587717,0.6500000000000057,0.30000000000000426,0.120000000000001,Schematic internal layout
GBA-0233,FrontPowerICLead-1_5,GBA-0233 · Independent package solder lead005,Mainboard,metal,1,0.023307292006587717,0.6500000000000057,0.30000000000000426,0.120000000000001,Schematic internal layout
GBA-0234,FrontPowerICLead-1_6,GBA-0234 · Independent package solder lead006,Mainboard,metal,1,0.023307292006587717,0.6500000000000057,0.30000000000000426,0.120000000000001,Schematic internal layout
GBA-0235,FrontPowerICLead-1_7,GBA-0235 · Independent package solder lead007,Mainboard,metal,1,0.02330729200658772,0.6500000000000057,0.30000000000000426,0.120000000000001,Schematic internal layout
GBA-0236,FrontPowerICLead1_0,GBA-0236 · Independent package solder lead008,Mainboard,metal,1,0.023307292006587765,0.6500000000000057,0.3000000000000007,0.120000000000001,Schematic internal layout
GBA-0237,FrontPowerICLead1_1,GBA-0237 · Independent package solder lead009,Mainboard,metal,1,0.023307292006587727,0.6500000000000057,0.3000000000000025,0.120000000000001,Schematic internal layout
GBA-0238,FrontPowerICLead1_2,GBA-0238 · Independent package solder lead010,Mainboard,metal,1,0.023307292006587686,0.6500000000000057,0.30000000000000426,0.120000000000001,Schematic internal layout
GBA-0239,FrontPowerICLead1_3,GBA-0239 · Independent package solder lead011,Mainboard,metal,1,0.023307292006587682,0.6500000000000057,0.30000000000000426,0.120000000000001,Schematic internal layout
GBA-0240,FrontPowerICLead1_4,GBA-0240 · Independent package solder lead012,Mainboard,metal,1,0.023307292006587686,0.6500000000000057,0.30000000000000426,0.120000000000001,Schematic internal layout
GBA-0241,FrontPowerICLead1_5,GBA-0241 · Independent package solder lead013,Mainboard,metal,1,0.023307292006587686,0.6500000000000057,0.30000000000000426,0.120000000000001,Schematic internal layout
GBA-0242,FrontPowerICLead1_6,GBA-0242 · Independent package solder lead014,Mainboard,metal,1,0.023307292006587682,0.6500000000000057,0.30000000000000426,0.120000000000001,Schematic internal layout
GBA-0243,FrontPowerICLead1_7,GBA-0243 · Independent package solder lead015,Mainboard,metal,1,0.023307292006587682,0.6500000000000057,0.30000000000000426,0.120000000000001,Schematic internal layout
GBA-0244,RearPowerIC,GBA-0244 · Separate early-board IC package study001,Mainboard,black,1,29.96566370614358,6.0,5.0,1.0,Schematic internal layout
GBA-0245,RearPowerICLead-1_0,GBA-0245 · Independent package solder lead016,Mainboard,metal,1,0.02330729200658772,0.6500000000000057,0.3000000000000007,0.11999999999999922,Schematic internal layout
GBA-0246,RearPowerICLead-1_1,GBA-0246 · Independent package solder lead017,Mainboard,metal,1,0.02330729200658772,0.6500000000000057,0.3000000000000007,0.11999999999999922,Schematic internal layout
GBA-0247,RearPowerICLead-1_2,GBA-0247 · Independent package solder lead018,Mainboard,metal,1,0.023307292006587717,0.6500000000000057,0.3000000000000007,0.11999999999999922,Schematic internal layout
GBA-0248,RearPowerICLead-1_3,GBA-0248 · Independent package solder lead019,Mainboard,metal,1,0.023307292006587717,0.6500000000000057,0.3000000000000007,0.11999999999999922,Schematic internal layout
GBA-0249,RearPowerICLead-1_4,GBA-0249 · Independent package solder lead020,Mainboard,metal,1,0.023307292006587717,0.6500000000000057,0.3000000000000007,0.11999999999999922,Schematic internal layout
GBA-0250,RearPowerICLead-1_5,GBA-0250 · Independent package solder lead021,Mainboard,metal,1,0.023307292006587717,0.6500000000000057,0.3000000000000007,0.11999999999999922,Schematic internal layout
GBA-0251,RearPowerICLead-1_6,GBA-0251 · Independent package solder lead022,Mainboard,metal,1,0.023307292006587717,0.6500000000000057,0.3000000000000007,0.11999999999999922,Schematic internal layout
GBA-0252,RearPowerICLead-1_7,GBA-0252 · Independent package solder lead023,Mainboard,metal,1,0.023307292006587717,0.6500000000000057,0.3000000000000007,0.11999999999999922,Schematic internal layout
GBA-0253,RearPowerICLead1_0,GBA-0253 · Independent package solder lead024,Mainboard,metal,1,0.023307292006587713,0.6500000000000057,0.3000000000000007,0.11999999999999922,Schematic internal layout
GBA-0254,RearPowerICLead1_1,GBA-0254 · Independent package solder lead025,Mainboard,metal,1,0.023307292006587717,0.6500000000000057,0.3000000000000007,0.11999999999999922,Schematic internal layout
GBA-0255,RearPowerICLead1_2,GBA-0255 · Independent package solder lead026,Mainboard,metal,1,0.023307292006587717,0.6500000000000057,0.3000000000000007,0.11999999999999922,Schematic internal layout
GBA-0256,RearPowerICLead1_3,GBA-0256 · Independent package solder lead027,Mainboard,metal,1,0.023307292006587717,0.6500000000000057,0.3000000000000007,0.11999999999999922,Schematic internal layout
GBA-0257,RearPowerICLead1_4,GBA-0257 · Independent package solder lead028,Mainboard,metal,1,0.02330729200658772,0.6500000000000057,0.3000000000000007,0.11999999999999922,Schematic internal layout
GBA-0258,RearPowerICLead1_5,GBA-0258 · Independent package solder lead029,Mainboard,metal,1,0.02330729200658772,0.6500000000000057,0.3000000000000007,0.11999999999999922,Schematic internal layout
GBA-0259,RearPowerICLead1_6,GBA-0259 · Independent package solder lead030,Mainboard,metal,1,0.023307292006587717,0.6500000000000057,0.3000000000000007,0.11999999999999922,Schematic internal layout
GBA-0260,RearPowerICLead1_7,GBA-0260 · Independent package solder lead031,Mainboard,metal,1,0.023307292006587717,0.6500000000000057,0.3000000000000007,0.11999999999999922,Schematic internal layout
GBA-0261,AudioAmplifier,GBA-0261 · Separate early-board IC package study002,Mainboard,black,1,55.96566370614359,7.0,8.0,1.0,Schematic internal layout
GBA-0262,AudioAmplifierLead-1_0,GBA-0262 · Independent package solder lead032,Mainboard,metal,1,0.02330729200658772,0.6500000000000057,0.3000000000000007,0.11999999999999922,Schematic internal layout
GBA-0263,AudioAmplifierLead-1_1,GBA-0263 · Independent package solder lead033,Mainboard,metal,1,0.023307292006587717,0.6500000000000057,0.3000000000000007,0.11999999999999922,Schematic internal layout
GBA-0264,AudioAmplifierLead-1_2,GBA-0264 · Independent package solder lead034,Mainboard,metal,1,0.02330729200658772,0.6500000000000057,0.3000000000000007,0.11999999999999922,Schematic internal layout
GBA-0265,AudioAmplifierLead-1_3,GBA-0265 · Independent package solder lead035,Mainboard,metal,1,0.02330729200658772,0.6500000000000057,0.3000000000000007,0.11999999999999922,Schematic internal layout
GBA-0266,AudioAmplifierLead-1_4,GBA-0266 · Independent package solder lead036,Mainboard,metal,1,0.0233072920065877,0.6500000000000057,0.2999999999999998,0.11999999999999922,Schematic internal layout
GBA-0267,AudioAmplifierLead-1_5,GBA-0267 · Independent package solder lead037,Mainboard,metal,1,0.0233072920065877,0.6500000000000057,0.2999999999999998,0.11999999999999922,Schematic internal layout
GBA-0268,AudioAmplifierLead-1_6,GBA-0268 · Independent package solder lead038,Mainboard,metal,1,0.0233072920065877,0.6500000000000057,0.30000000000000004,0.11999999999999922,Schematic internal layout
GBA-0269,AudioAmplifierLead-1_7,GBA-0269 · Independent package solder lead039,Mainboard,metal,1,0.0233072920065877,0.6500000000000057,0.30000000000000027,0.11999999999999922,Schematic internal layout
GBA-0270,AudioAmplifierLead1_0,GBA-0270 · Independent package solder lead040,Mainboard,metal,1,0.02330729200658772,0.6500000000000057,0.3000000000000007,0.11999999999999922,Schematic internal layout
GBA-0271,AudioAmplifierLead1_1,GBA-0271 · Independent package solder lead041,Mainboard,metal,1,0.02330729200658772,0.6500000000000057,0.3000000000000007,0.11999999999999922,Schematic internal layout
GBA-0272,AudioAmplifierLead1_2,GBA-0272 · Independent package solder lead042,Mainboard,metal,1,0.02330729200658772,0.6500000000000057,0.3000000000000007,0.11999999999999922,Schematic internal layout
GBA-0273,AudioAmplifierLead1_3,GBA-0273 · Independent package solder lead043,Mainboard,metal,1,0.023307292006587724,0.6500000000000057,0.3000000000000007,0.11999999999999922,Schematic internal layout
GBA-0274,AudioAmplifierLead1_4,GBA-0274 · Independent package solder lead044,Mainboard,metal,1,0.023307292006587703,0.6500000000000057,0.2999999999999998,0.11999999999999922,Schematic internal layout
GBA-0275,AudioAmplifierLead1_5,GBA-0275 · Independent package solder lead045,Mainboard,metal,1,0.0233072920065877,0.6500000000000057,0.2999999999999998,0.11999999999999922,Schematic internal layout
GBA-0276,AudioAmplifierLead1_6,GBA-0276 · Independent package solder lead046,Mainboard,metal,1,0.0233072920065877,0.6500000000000057,0.30000000000000004,0.11999999999999922,Schematic internal layout
GBA-0277,AudioAmplifierLead1_7,GBA-0277 · Independent package solder lead047,Mainboard,metal,1,0.023307292006587703,0.6500000000000057,0.30000000000000027,0.11999999999999922,Schematic internal layout
GBA-0278,CrystalCan,GBA-0278 · Independent early-board crystal metal can,Mainboard,metal,1,49.82315026321234,4.800000000000004,10.0,1.0500000000000007,Schematic internal layout
GBA-0279,Electrolytic0,GBA-0279 · Separate rear-board electrolytic envelope,Mainboard,black,1,264.05086253422206,8.200000000000003,8.2,5.0,Schematic internal layout
GBA-0280,CapEnd0,GBA-0280 · Independent aluminum capacitor end,Mainboard,metal,1,5.5879508529401525,7.700000000000003,7.699999999999999,0.11999999999999922,Schematic internal layout
GBA-0281,Electrolytic1,GBA-0281 · Separate rear-board electrolytic envelope001,Mainboard,black,1,93.30530181161683,6.0,6.0,3.3000000000000007,Schematic internal layout
GBA-0282,CapEnd1,GBA-0282 · Independent aluminum capacitor end001,Mainboard,metal,1,2.8509953331327305,5.5,5.5,0.11999999999999922,Schematic internal layout
GBA-0283,Electrolytic2,GBA-0283 · Separate rear-board electrolytic envelope002,Mainboard,black,1,62.83185307179586,5.0,5.0,3.1999999999999993,Schematic internal layout
GBA-0284,CapEnd2,GBA-0284 · Independent aluminum capacitor end002,Mainboard,metal,1,1.9085175370557952,4.5,4.5,0.11999999999999922,Schematic internal layout
GBA-0285,Electrolytic3,GBA-0285 · Separate rear-board electrolytic envelope003,Mainboard,black,1,62.83185307179586,5.0,5.0,3.1999999999999993,Schematic internal layout
GBA-0286,CapEnd3,GBA-0286 · Independent aluminum capacitor end003,Mainboard,metal,1,1.9085175370557952,4.5,4.5,0.11999999999999922,Schematic internal layout
GBA-0287,PowerInductor,GBA-0287 · Independent early power inductor envelope,Mainboard,black,1,123.1504320207199,7.0,7.0,3.1999999999999993,Schematic internal layout
GBA-0288,FrontPassive0,GBA-0288 · Independent ceramic/resistor envelope,Mainboard,black,1,0.44580247719318994,1.4000000000000057,0.8000000000000007,0.3999999999999986,Schematic internal layout
GBA-0289,FrontPassiveEnd0_0,GBA-0289 · Separate passive terminal,Mainboard,metal,1,0.04784548667764598,0.29999999999999716,0.8000000000000003,0.1999999999999993,Schematic internal layout
GBA-0290,FrontPassiveEnd0_1,GBA-0290 · Separate passive terminal001,Mainboard,metal,1,0.04784548667764598,0.29999999999999716,0.8000000000000003,0.1999999999999993,Schematic internal layout
GBA-0291,FrontPassive1,GBA-0291 · Independent ceramic/resistor envelope001,Mainboard,tan,1,0.44580247719318994,1.4000000000000057,0.8000000000000007,0.3999999999999986,Schematic internal layout
GBA-0292,FrontPassiveEnd1_0,GBA-0292 · Separate passive terminal002,Mainboard,metal,1,0.04784548667764598,0.29999999999999716,0.8000000000000007,0.1999999999999993,Schematic internal layout
GBA-0293,FrontPassiveEnd1_1,GBA-0293 · Separate passive terminal003,Mainboard,metal,1,0.04784548667764599,0.29999999999999716,0.8000000000000007,0.1999999999999993,Schematic internal layout
GBA-0294,FrontPassive2,GBA-0294 · Independent ceramic/resistor envelope002,Mainboard,tan,1,0.44580247719318994,1.4000000000000057,0.8000000000000007,0.3999999999999986,Schematic internal layout
GBA-0295,FrontPassiveEnd2_0,GBA-0295 · Separate passive terminal004,Mainboard,metal,1,0.047845486677645994,0.29999999999999716,0.8000000000000007,0.1999999999999993,Schematic internal layout
GBA-0296,FrontPassiveEnd2_1,GBA-0296 · Separate passive terminal005,Mainboard,metal,1,0.04784548667764597,0.29999999999999716,0.8000000000000007,0.1999999999999993,Schematic internal layout
GBA-0297,FrontPassive3,GBA-0297 · Independent ceramic/resistor envelope003,Mainboard,black,1,0.4458024771931896,1.4000000000000057,0.7999999999999989,0.3999999999999986,Schematic internal layout
GBA-0298,FrontPassiveEnd3_0,GBA-0298 · Separate passive terminal006,Mainboard,metal,1,0.04784548667764597,0.29999999999999716,0.8000000000000025,0.1999999999999993,Schematic internal layout
GBA-0299,FrontPassiveEnd3_1,GBA-0299 · Separate passive terminal007,Mainboard,metal,1,0.047845486677645946,0.29999999999999716,0.8000000000000025,0.1999999999999993,Schematic internal layout
GBA-0300,FrontPassive4,GBA-0300 · Independent ceramic/resistor envelope004,Mainboard,tan,1,0.44580247719318933,1.4000000000000057,0.7999999999999972,0.3999999999999986,Schematic internal layout
GBA-0301,FrontPassiveEnd4_0,GBA-0301 · Separate passive terminal008,Mainboard,metal,1,0.04784548667764594,0.29999999999999716,0.8000000000000043,0.1999999999999993,Schematic internal layout
GBA-0302,FrontPassiveEnd4_1,GBA-0302 · Separate passive terminal009,Mainboard,metal,1,0.047845486677645925,0.29999999999999716,0.8000000000000043,0.1999999999999993,Schematic internal layout
GBA-0303,FrontPassive5,GBA-0303 · Independent ceramic/resistor envelope005,Mainboard,tan,1,0.44580247719318933,1.4000000000000057,0.7999999999999972,0.3999999999999986,Schematic internal layout
GBA-0304,FrontPassiveEnd5_0,GBA-0304 · Separate passive terminal010,Mainboard,metal,1,0.04784548667764593,0.29999999999999716,0.8000000000000043,0.1999999999999993,Schematic internal layout
GBA-0305,FrontPassiveEnd5_1,GBA-0305 · Separate passive terminal011,Mainboard,metal,1,0.04784548667764592,0.29999999999999716,0.8000000000000043,0.1999999999999993,Schematic internal layout
GBA-0306,FrontPassive6,GBA-0306 · Independent ceramic/resistor envelope006,Mainboard,black,1,0.4458024771931892,1.3999999999999986,0.8000000000000005,0.3999999999999986,Schematic internal layout
GBA-0307,FrontPassiveEnd6_0,GBA-0307 · Separate passive terminal012,Mainboard,metal,1,0.04784548667764596,0.30000000000000426,0.8,0.1999999999999993,Schematic internal layout
GBA-0308,FrontPassiveEnd6_1,GBA-0308 · Separate passive terminal013,Mainboard,metal,1,0.04784548667764596,0.30000000000000426,0.8,0.1999999999999993,Schematic internal layout
GBA-0309,FrontPassive7,GBA-0309 · Independent ceramic/resistor envelope007,Mainboard,tan,1,0.44580247719318916,1.3999999999999986,0.8000000000000005,0.3999999999999986,Schematic internal layout
GBA-0310,FrontPassiveEnd7_0,GBA-0310 · Separate passive terminal014,Mainboard,metal,1,0.04784548667764596,0.30000000000000426,0.8,0.1999999999999993,Schematic internal layout
GBA-0311,FrontPassiveEnd7_1,GBA-0311 · Separate passive terminal015,Mainboard,metal,1,0.04784548667764597,0.30000000000000426,0.8,0.1999999999999993,Schematic internal layout
GBA-0312,FrontPassive8,GBA-0312 · Independent ceramic/resistor envelope008,Mainboard,tan,1,0.44580247719318916,1.3999999999999986,0.8000000000000005,0.3999999999999986,Schematic internal layout
GBA-0313,FrontPassiveEnd8_0,GBA-0313 · Separate passive terminal016,Mainboard,metal,1,0.04784548667764615,0.3000000000000007,0.8,0.1999999999999993,Schematic internal layout
GBA-0314,FrontPassiveEnd8_1,GBA-0314 · Separate passive terminal017,Mainboard,metal,1,0.04784548667764613,0.3000000000000007,0.8,0.1999999999999993,Schematic internal layout
GBA-0315,FrontPassive9,GBA-0315 · Independent ceramic/resistor envelope009,Mainboard,black,1,0.4458024771931892,1.3999999999999995,0.8000000000000005,0.3999999999999986,Schematic internal layout
GBA-0316,FrontPassiveEnd9_0,GBA-0316 · Separate passive terminal018,Mainboard,metal,1,0.04784548667764613,0.3000000000000007,0.8,0.1999999999999993,Schematic internal layout
GBA-0317,FrontPassiveEnd9_1,GBA-0317 · Separate passive terminal019,Mainboard,metal,1,0.04784548667764615,0.3000000000000007,0.8,0.1999999999999993,Schematic internal layout
GBA-0318,FrontPassive10,GBA-0318 · Independent ceramic/resistor envelope010,Mainboard,tan,1,0.44580247719318933,1.4000000000000004,0.8000000000000005,0.3999999999999986,Schematic internal layout
GBA-0319,FrontPassiveEnd10_0,GBA-0319 · Separate passive terminal020,Mainboard,metal,1,0.0478454866776461,0.2999999999999998,0.8,0.1999999999999993,Schematic internal layout
GBA-0320,FrontPassiveEnd10_1,GBA-0320 · Separate passive terminal021,Mainboard,metal,1,0.0478454866776461,0.30000000000000004,0.8,0.1999999999999993,Schematic internal layout
GBA-0321,FrontPassive11,GBA-0321 · Independent ceramic/resistor envelope011,Mainboard,tan,1,0.44580247719318933,1.4000000000000004,0.8000000000000005,0.3999999999999986,Schematic internal layout
GBA-0322,FrontPassiveEnd11_0,GBA-0322 · Separate passive terminal022,Mainboard,metal,1,0.04784548667764609,0.30000000000000016,0.8,0.1999999999999993,Schematic internal layout
GBA-0323,FrontPassiveEnd11_1,GBA-0323 · Separate passive terminal023,Mainboard,metal,1,0.04784548667764609,0.2999999999999998,0.8,0.1999999999999993,Schematic internal layout
GBA-0324,FrontPassive12,GBA-0324 · Independent ceramic/resistor envelope012,Mainboard,black,1,0.4458024771931893,1.4000000000000004,0.8000000000000005,0.3999999999999986,Schematic internal layout
GBA-0325,FrontPassiveEnd12_0,GBA-0325 · Separate passive terminal024,Mainboard,metal,1,0.04784548667764613,0.3000000000000007,0.8,0.1999999999999993,Schematic internal layout
GBA-0326,FrontPassiveEnd12_1,GBA-0326 · Separate passive terminal025,Mainboard,metal,1,0.04784548667764615,0.3000000000000007,0.8,0.1999999999999993,Schematic internal layout
GBA-0327,FrontPassive13,GBA-0327 · Independent ceramic/resistor envelope013,Mainboard,tan,1,0.44580247719318916,1.3999999999999986,0.8000000000000005,0.3999999999999986,Schematic internal layout
GBA-0328,FrontPassiveEnd13_0,GBA-0328 · Separate passive terminal026,Mainboard,metal,1,0.04784548667764615,0.3000000000000007,0.8,0.1999999999999993,Schematic internal layout
GBA-0329,FrontPassiveEnd13_1,GBA-0329 · Separate passive terminal027,Mainboard,metal,1,0.04784548667764613,0.3000000000000007,0.8,0.1999999999999993,Schematic internal layout
GBA-0330,FrontPassive14,GBA-0330 · Independent ceramic/resistor envelope014,Mainboard,tan,1,0.44580247719318916,1.3999999999999986,0.8000000000000005,0.3999999999999986,Schematic internal layout
GBA-0331,FrontPassiveEnd14_0,GBA-0331 · Separate passive terminal028,Mainboard,metal,1,0.04784548667764606,0.3000000000000025,0.8,0.1999999999999993,Schematic internal layout
GBA-0332,FrontPassiveEnd14_1,GBA-0332 · Separate passive terminal029,Mainboard,metal,1,0.04784548667764597,0.30000000000000426,0.8,0.1999999999999993,Schematic internal layout
GBA-0333,FrontPassive15,GBA-0333 · Independent ceramic/resistor envelope015,Mainboard,black,1,0.44580247719318916,1.3999999999999986,0.8000000000000005,0.3999999999999986,Schematic internal layout
GBA-0334,FrontPassiveEnd15_0,GBA-0334 · Separate passive terminal030,Mainboard,metal,1,0.04784548667764596,0.30000000000000426,0.8,0.1999999999999993,Schematic internal layout
GBA-0335,FrontPassiveEnd15_1,GBA-0335 · Separate passive terminal031,Mainboard,metal,1,0.04784548667764596,0.30000000000000426,0.8,0.1999999999999993,Schematic internal layout
GBA-0336,FrontPassive16,GBA-0336 · Independent ceramic/resistor envelope016,Mainboard,tan,1,0.4458024771931893,1.3999999999999986,0.8000000000000005,0.3999999999999986,Schematic internal layout
GBA-0337,FrontPassiveEnd16_0,GBA-0337 · Separate passive terminal032,Mainboard,metal,1,0.04784548667764596,0.30000000000000426,0.8,0.1999999999999993,Schematic internal layout
GBA-0338,FrontPassiveEnd16_1,GBA-0338 · Separate passive terminal033,Mainboard,metal,1,0.04784548667764595,0.30000000000000426,0.8,0.1999999999999993,Schematic internal layout
GBA-0339,FrontPassive17,GBA-0339 · Independent ceramic/resistor envelope017,Mainboard,tan,1,0.44580247719318994,1.4000000000000057,0.8000000000000007,0.3999999999999986,Schematic internal layout
GBA-0340,FrontPassiveEnd17_0,GBA-0340 · Separate passive terminal034,Mainboard,metal,1,0.047845486677645974,0.29999999999999716,0.8000000000000003,0.1999999999999993,Schematic internal layout
GBA-0341,FrontPassiveEnd17_1,GBA-0341 · Separate passive terminal035,Mainboard,metal,1,0.04784548667764598,0.29999999999999716,0.8000000000000003,0.1999999999999993,Schematic internal layout
GBA-0342,FrontPassive18,GBA-0342 · Independent ceramic/resistor envelope018,Mainboard,black,1,0.44580247719318994,1.4000000000000057,0.8000000000000007,0.3999999999999986,Schematic internal layout
GBA-0343,FrontPassiveEnd18_0,GBA-0343 · Separate passive terminal036,Mainboard,metal,1,0.04784548667764598,0.29999999999999716,0.8000000000000007,0.1999999999999993,Schematic internal layout
GBA-0344,FrontPassiveEnd18_1,GBA-0344 · Separate passive terminal037,Mainboard,metal,1,0.04784548667764599,0.29999999999999716,0.8000000000000007,0.1999999999999993,Schematic internal layout
GBA-0345,FrontPassive19,GBA-0345 · Independent ceramic/resistor envelope019,Mainboard,tan,1,0.44580247719318994,1.4000000000000057,0.8000000000000007,0.3999999999999986,Schematic internal layout
GBA-0346,FrontPassiveEnd19_0,GBA-0346 · Separate passive terminal038,Mainboard,metal,1,0.04784548667764599,0.29999999999999716,0.8000000000000007,0.1999999999999993,Schematic internal layout
GBA-0347,FrontPassiveEnd19_1,GBA-0347 · Separate passive terminal039,Mainboard,metal,1,0.04784548667764597,0.29999999999999716,0.8000000000000007,0.1999999999999993,Schematic internal layout
GBA-0348,FrontPassive20,GBA-0348 · Independent ceramic/resistor envelope020,Mainboard,tan,1,0.4458024771931896,1.4000000000000057,0.7999999999999989,0.3999999999999986,Schematic internal layout
GBA-0349,FrontPassiveEnd20_0,GBA-0349 · Separate passive terminal040,Mainboard,metal,1,0.04784548667764596,0.29999999999999716,0.8000000000000025,0.1999999999999993,Schematic internal layout
GBA-0350,FrontPassiveEnd20_1,GBA-0350 · Separate passive terminal041,Mainboard,metal,1,0.047845486677645946,0.29999999999999716,0.8000000000000025,0.1999999999999993,Schematic internal layout
GBA-0351,FrontPassive21,GBA-0351 · Independent ceramic/resistor envelope021,Mainboard,black,1,0.44580247719318933,1.4000000000000057,0.7999999999999972,0.3999999999999986,Schematic internal layout
GBA-0352,FrontPassiveEnd21_0,GBA-0352 · Separate passive terminal042,Mainboard,metal,1,0.04784548667764593,0.29999999999999716,0.8000000000000043,0.1999999999999993,Schematic internal layout
GBA-0353,FrontPassiveEnd21_1,GBA-0353 · Separate passive terminal043,Mainboard,metal,1,0.047845486677645925,0.29999999999999716,0.8000000000000043,0.1999999999999993,Schematic internal layout
GBA-0354,FrontPassive22,GBA-0354 · Independent ceramic/resistor envelope022,Mainboard,tan,1,0.44580247719318933,1.4000000000000057,0.7999999999999972,0.3999999999999986,Schematic internal layout
GBA-0355,FrontPassiveEnd22_0,GBA-0355 · Separate passive terminal044,Mainboard,metal,1,0.047845486677645925,0.29999999999999716,0.8000000000000043,0.1999999999999993,Schematic internal layout
GBA-0356,FrontPassiveEnd22_1,GBA-0356 · Separate passive terminal045,Mainboard,metal,1,0.04784548667764592,0.29999999999999716,0.8000000000000043,0.1999999999999993,Schematic internal layout
GBA-0357,RearPassive0,GBA-0357 · Separate rear-board passive envelope,Mainboard,black,1,0.672253096491487,1.5,0.8999999999999986,0.5,Schematic internal layout
GBA-0358,RearPassive1,GBA-0358 · Separate rear-board passive envelope001,Mainboard,tan,1,0.672253096491487,1.5,0.8999999999999986,0.5,Schematic internal layout
GBA-0359,RearPassive2,GBA-0359 · Separate rear-board passive envelope002,Mainboard,black,1,0.672253096491487,1.5,0.8999999999999986,0.5,Schematic internal layout
GBA-0360,RearPassive3,GBA-0360 · Separate rear-board passive envelope003,Mainboard,tan,1,0.6722530964914873,1.5,0.9,0.5,Schematic internal layout
GBA-0361,RearPassive4,GBA-0361 · Separate rear-board passive envelope004,Mainboard,black,1,0.6722530964914873,1.5,0.9000000000000004,0.5,Schematic internal layout
GBA-0362,RearPassive5,GBA-0362 · Separate rear-board passive envelope005,Mainboard,tan,1,0.6722530964914869,1.5,0.8999999999999986,0.5,Schematic internal layout
GBA-0363,RearPassive6,GBA-0363 · Separate rear-board passive envelope006,Mainboard,black,1,0.6722530964914871,1.5,0.8999999999999995,0.5,Schematic internal layout
GBA-0364,RearPassive7,GBA-0364 · Separate rear-board passive envelope007,Mainboard,tan,1,0.6722530964914869,1.5,0.8999999999999986,0.5,Schematic internal layout
GBA-0365,RearPassive8,GBA-0365 · Separate rear-board passive envelope008,Mainboard,black,1,0.672253096491487,1.5,0.8999999999999986,0.5,Schematic internal layout
GBA-0366,RearPassive9,GBA-0366 · Separate rear-board passive envelope009,Mainboard,tan,1,0.672253096491487,1.5,0.8999999999999986,0.5,Schematic internal layout
GBA-0367,RearPassive10,GBA-0367 · Separate rear-board passive envelope010,Mainboard,black,1,0.672253096491487,1.5,0.8999999999999986,0.5,Schematic internal layout
GBA-0368,RearPassive11,GBA-0368 · Separate rear-board passive envelope011,Mainboard,tan,1,0.6722530964914869,1.5,0.8999999999999986,0.5,Schematic internal layout
GBA-0369,RearPassive12,GBA-0369 · Separate rear-board passive envelope012,Mainboard,black,1,0.6722530964914871,1.5,0.8999999999999986,0.5,Schematic internal layout
GBA-0370,RearPassive13,GBA-0370 · Separate rear-board passive envelope013,Mainboard,tan,1,0.6722530964914873,1.5,0.9000000000000004,0.5,Schematic internal layout
GBA-0371,RearPassive14,GBA-0371 · Separate rear-board passive envelope014,Mainboard,black,1,0.6722530964914869,1.5,0.8999999999999986,0.5,Schematic internal layout
GBA-0372,DPadMembrane,GBA-0372 · Independent original control silicone membrane,ControlsInternal,silicone,1,154.212929383089,22.599999999999994,22.6,0.5500000000000007,Schematic internal layout
GBA-0373,DPadMembraneDome0,GBA-0373 · Separate hollow rubber contact dome study,ControlsInternal,silicone,1,22.93992410092311,6.0,6.0,3.3500000000000014,Schematic internal layout
GBA-0374,DPadMembraneCarbon0,GBA-0374 · Independent conductive carbon pill,ControlsInternal,black,1,1.4137166941154047,3.0,3.0,0.1999999999999993,Schematic internal layout
GBA-0375,DPadMembraneContact0_0,GBA-0375 · Independent split gold switch contact,Mainboard,gold,1,0.27152170870594416,2.1799999999999997,4.593734863920641,0.03500000000000014,Schematic internal layout
GBA-0376,DPadMembraneContact0_1,GBA-0376 · Independent split gold switch contact001,Mainboard,gold,1,0.27152170870594394,2.1799999999999997,4.593734863920641,0.03500000000000014,Schematic internal layout
GBA-0377,DPadMembraneDome1,GBA-0377 · Separate hollow rubber contact dome study001,ControlsInternal,silicone,1,22.93992410092311,6.0,6.0,3.3500000000000014,Schematic internal layout
GBA-0378,DPadMembraneCarbon1,GBA-0378 · Independent conductive carbon pill001,ControlsInternal,black,1,1.413716694115405,3.0,3.0,0.1999999999999993,Schematic internal layout
GBA-0379,DPadMembraneContact1_0,GBA-0379 · Independent split gold switch contact002,Mainboard,gold,1,0.2715217087059443,2.1799999999999997,4.593734863920642,0.03500000000000014,Schematic internal layout
GBA-0380,DPadMembraneContact1_1,GBA-0380 · Independent split gold switch contact003,Mainboard,gold,1,0.27152170870594394,2.1799999999999997,4.593734863920642,0.03500000000000014,Schematic internal layout
GBA-0381,DPadMembraneDome2,GBA-0381 · Separate hollow rubber contact dome study002,ControlsInternal,silicone,1,22.93992410092311,6.0,6.0,3.3500000000000014,Schematic internal layout
GBA-0382,DPadMembraneCarbon2,GBA-0382 · Independent conductive carbon pill002,ControlsInternal,black,1,1.413716694115405,3.0,3.0,0.1999999999999993,Schematic internal layout
GBA-0383,DPadMembraneContact2_0,GBA-0383 · Independent split gold switch contact004,Mainboard,gold,1,0.27152170870594416,2.1799999999999997,4.593734863920641,0.03500000000000014,Schematic internal layout
GBA-0384,DPadMembraneContact2_1,GBA-0384 · Independent split gold switch contact005,Mainboard,gold,1,0.27152170870594394,2.1799999999999997,4.593734863920641,0.03500000000000014,Schematic internal layout
GBA-0385,DPadMembraneDome3,GBA-0385 · Separate hollow rubber contact dome study003,ControlsInternal,silicone,1,22.93992410092311,6.0,6.0,3.3500000000000014,Schematic internal layout
GBA-0386,DPadMembraneCarbon3,GBA-0386 · Independent conductive carbon pill003,ControlsInternal,black,1,1.413716694115405,3.0,3.0,0.1999999999999993,Schematic internal layout
GBA-0387,DPadMembraneContact3_0,GBA-0387 · Independent split gold switch contact006,Mainboard,gold,1,0.27152170870594416,2.1799999999999997,4.593734863920642,0.03500000000000014,Schematic internal layout
GBA-0388,DPadMembraneContact3_1,GBA-0388 · Independent split gold switch contact007,Mainboard,gold,1,0.27152170870594394,2.1799999999999997,4.593734863920642,0.03500000000000014,Schematic internal layout
GBA-0389,ABMembrane,GBA-0389 · Independent original control silicone membrane001,ControlsInternal,silicone,1,147.64253885413268,27.0,22.0,0.5500000000000007,Schematic internal layout
GBA-0390,ABMembraneDome0,GBA-0390 · Separate hollow rubber contact dome study004,ControlsInternal,silicone,1,25.469874726067886,6.0,6.0,3.8500000000000014,Schematic internal layout
GBA-0391,ABMembraneCarbon0,GBA-0391 · Independent conductive carbon pill004,ControlsInternal,black,1,1.4137166941154047,3.0,3.0,0.1999999999999993,Schematic internal layout
GBA-0392,ABMembraneContact0_0,GBA-0392 · Independent split gold switch contact008,Mainboard,gold,1,0.27152170870594416,2.1799999999999997,4.593734863920641,0.03500000000000014,Schematic internal layout
GBA-0393,ABMembraneContact0_1,GBA-0393 · Independent split gold switch contact009,Mainboard,gold,1,0.27152170870594394,2.1799999999999997,4.593734863920641,0.03500000000000014,Schematic internal layout
GBA-0394,ABMembraneDome1,GBA-0394 · Separate hollow rubber contact dome study005,ControlsInternal,silicone,1,25.46987472606788,6.0,6.0,3.8500000000000014,Schematic internal layout
GBA-0395,ABMembraneCarbon1,GBA-0395 · Independent conductive carbon pill005,ControlsInternal,black,1,1.4137166941154051,3.0,3.0,0.1999999999999993,Schematic internal layout
GBA-0396,ABMembraneContact1_0,GBA-0396 · Independent split gold switch contact010,Mainboard,gold,1,0.2715217087059443,2.1799999999999997,4.593734863920642,0.03500000000000014,Schematic internal layout
GBA-0397,ABMembraneContact1_1,GBA-0397 · Independent split gold switch contact011,Mainboard,gold,1,0.27152170870594394,2.1799999999999997,4.593734863920642,0.03500000000000014,Schematic internal layout
GBA-0398,StartSelectMembrane,GBA-0398 · Independent original control silicone membrane002,ControlsInternal,silicone,1,50.26610769417178,11.0,14.5,0.5500000000000007,Schematic internal layout
GBA-0399,StartSelectMembraneDome0,GBA-0399 · Separate hollow rubber contact dome study006,ControlsInternal,silicone,1,22.93992410092312,6.0,6.0,3.3500000000000014,Schematic internal layout
GBA-0400,StartSelectMembraneCarbon0,GBA-0400 · Independent conductive carbon pill006,ControlsInternal,black,1,1.4137166941154047,3.0,3.0,0.1999999999999993,Schematic internal layout
GBA-0401,StartSelectMembraneContact0_0,GBA-0401 · Independent split gold switch contact012,Mainboard,gold,1,0.27152170870594433,2.1799999999999997,4.593734863920645,0.03500000000000014,Schematic internal layout
GBA-0402,StartSelectMembraneContact0_1,GBA-0402 · Independent split gold switch contact013,Mainboard,gold,1,0.271521708705944,2.1799999999999997,4.593734863920645,0.03500000000000014,Schematic internal layout
GBA-0403,StartSelectMembraneDome1,GBA-0403 · Separate hollow rubber contact dome study007,ControlsInternal,silicone,1,22.93992410092312,6.0,6.0,3.3500000000000014,Schematic internal layout
GBA-0404,StartSelectMembraneCarbon1,GBA-0404 · Independent conductive carbon pill007,ControlsInternal,black,1,1.4137166941154047,3.0,3.0,0.1999999999999993,Schematic internal layout
GBA-0405,StartSelectMembraneContact1_0,GBA-0405 · Independent split gold switch contact014,Mainboard,gold,1,0.27152170870594433,2.1799999999999997,4.593734863920645,0.03500000000000014,Schematic internal layout
GBA-0406,StartSelectMembraneContact1_1,GBA-0406 · Independent split gold switch contact015,Mainboard,gold,1,0.271521708705944,2.1799999999999997,4.593734863920645,0.03500000000000014,Schematic internal layout
GBA-0407,SpeakerMagnet,GBA-0407 · Independent original mono-speaker magnet,Audio,metal,1,104.95432737112779,9.599999999999994,9.600000000000001,1.4499999999999993,Schematic internal layout
GBA-0408,SpeakerBasket,GBA-0408 · Separate tapered mono-speaker basket,Audio,metal,1,41.23765180437931,20.200000000000003,20.200000000000003,2.450000000000003,Schematic internal layout
GBA-0409,SpeakerRim,GBA-0409 · Independent speaker mounting rim,Audio,black,1,12.246320862774468,20.799999999999997,20.799999999999997,0.3500000000000014,Schematic internal layout
GBA-0410,SpeakerDiaphragm,GBA-0410 · Separate thin conical mono diaphragm,Audio,black,1,1.8684489188890474,18.200000000000003,18.200000000000003,0.7372881355933281,Schematic internal layout
GBA-0411,SpeakerDustCap,GBA-0411 · Independent central diaphragm cap,Audio,agbgray,1,4.675946505603048,6.099999999999994,6.100000000000001,0.16000000000000014,Schematic internal layout
GBA-0412,SpeakerSolder0,GBA-0412 · Separate speaker wire solder pad,Mainboard,metal,1,0.2852530964914852,1.8000000000000114,2.0,0.0799999999999983,Schematic internal layout
GBA-0413,SpeakerWire0,GBA-0413 · Separate insulated wire routing study,Audio,red,1,0.6779293529634094,4.439999999999998,0.4399999999999977,1.5899999999999963,Schematic internal layout
GBA-0414,SpeakerSolder1,GBA-0414 · Separate speaker wire solder pad001,Mainboard,metal,1,0.2852530964914853,1.8000000000000114,2.0,0.0799999999999983,Schematic internal layout
GBA-0415,SpeakerWire1,GBA-0415 · Separate insulated wire routing study001,Audio,black,1,0.67792935296341,4.439999999999998,0.4399999999999977,1.5899999999999963,Schematic internal layout
GBA-0416,ShoulderSwitchL,GBA-0416 · Independent original shoulder tactile switch,ControlsInternal,black,1,43.06093800988154,6.0,4.0,1.8000000000000007,Schematic internal layout
GBA-0417,ShoulderSwitchPlungerL,GBA-0417 · Separate shoulder switch plunger,ControlsInternal,agbgray,1,2.470862622048371,2.200000000000003,2.200000000000003,0.6499999999999986,Schematic internal layout
GBA-0418,ShoulderActuatorL,GBA-0418 · Independent shoulder actuator tab,ControlsInternal,agbgray,1,3.1379822971502613,3.0,3.0,0.3500000000000014,Schematic internal layout
GBA-0419,ShoulderSwitchTerminalL0,GBA-0419 · Independent tactile switch terminal,Mainboard,metal,1,0.05014247779607697,0.5999999999999943,0.7000000000000028,0.120000000000001,Schematic internal layout
GBA-0420,ShoulderSwitchTerminalL1,GBA-0420 · Independent tactile switch terminal001,Mainboard,metal,1,0.05014247779607697,0.5999999999999943,0.7000000000000028,0.120000000000001,Schematic internal layout
GBA-0421,ShoulderSwitchTerminalL2,GBA-0421 · Independent tactile switch terminal002,Mainboard,metal,1,0.05014247779607699,0.5999999999999943,0.7000000000000028,0.120000000000001,Schematic internal layout
GBA-0422,ShoulderSwitchTerminalL3,GBA-0422 · Independent tactile switch terminal003,Mainboard,metal,1,0.05014247779607699,0.5999999999999943,0.7000000000000028,0.120000000000001,Schematic internal layout
GBA-0423,ShoulderPivotL,GBA-0423 · Independent shoulder pivot pin,ControlsInternal,metal,1,10.814932709982868,17.0,0.9000000000000057,0.8999999999999986,Schematic internal layout
GBA-0424,ShoulderPivotSeatL0,GBA-0424 · Separate shoulder pivot bearing study,ControlsInternal,indigo,1,0.8906415172927069,0.6000000000000014,1.7000000000000028,1.7000000000000028,Schematic internal layout
GBA-0425,ShoulderPivotSeatL1,GBA-0425 · Separate shoulder pivot bearing study001,ControlsInternal,indigo,1,0.8906415172927069,0.6000000000000014,1.7000000000000028,1.7000000000000028,Schematic internal layout
GBA-0426,ShoulderReturnSpringL,GBA-0426 · Separate insulated wire routing study002,ControlsInternal,metal,1,0.3283738894030394,2.6000000000000014,1.8000000000000007,1.8000000000000043,Schematic internal layout
GBA-0427,ShoulderSwitchR,GBA-0427 · Independent original shoulder tactile switch001,ControlsInternal,black,1,43.06093800988154,6.0,4.0,1.8000000000000007,Schematic internal layout
GBA-0428,ShoulderSwitchPlungerR,GBA-0428 · Separate shoulder switch plunger001,ControlsInternal,agbgray,1,2.470862622048371,2.200000000000003,2.200000000000003,0.6499999999999986,Schematic internal layout
GBA-0429,ShoulderActuatorR,GBA-0429 · Independent shoulder actuator tab001,ControlsInternal,agbgray,1,3.1379822971502613,3.0,3.0,0.3500000000000014,Schematic internal layout
GBA-0430,ShoulderSwitchTerminalR0,GBA-0430 · Independent tactile switch terminal004,Mainboard,metal,1,0.05014247779607697,0.5999999999999943,0.7000000000000028,0.120000000000001,Schematic internal layout
GBA-0431,ShoulderSwitchTerminalR1,GBA-0431 · Independent tactile switch terminal005,Mainboard,metal,1,0.05014247779607697,0.5999999999999943,0.7000000000000028,0.120000000000001,Schematic internal layout
GBA-0432,ShoulderSwitchTerminalR2,GBA-0432 · Independent tactile switch terminal006,Mainboard,metal,1,0.05014247779607698,0.5999999999999943,0.7000000000000028,0.120000000000001,Schematic internal layout
GBA-0433,ShoulderSwitchTerminalR3,GBA-0433 · Independent tactile switch terminal007,Mainboard,metal,1,0.05014247779607699,0.5999999999999943,0.7000000000000028,0.120000000000001,Schematic internal layout
GBA-0434,ShoulderPivotR,GBA-0434 · Independent shoulder pivot pin001,ControlsInternal,metal,1,10.814932709982868,17.0,0.9000000000000057,0.8999999999999986,Schematic internal layout
GBA-0435,ShoulderPivotSeatR0,GBA-0435 · Separate shoulder pivot bearing study002,ControlsInternal,indigo,1,0.8906415172927069,0.6000000000000014,1.7000000000000028,1.7000000000000028,Schematic internal layout
GBA-0436,ShoulderPivotSeatR1,GBA-0436 · Separate shoulder pivot bearing study003,ControlsInternal,indigo,1,0.8906415172927069,0.6000000000000014,1.7000000000000028,1.7000000000000028,Schematic internal layout
GBA-0437,ShoulderReturnSpringR,GBA-0437 · Separate insulated wire routing study003,ControlsInternal,metal,1,0.32837387697351544,2.6000000000000014,1.8000000000000007,1.8000000000000043,Schematic internal layout
GBA-0438,LCD40Connector,GBA-0438 · Original early-board 40-position LCD connector study,DisplayInterconnect,white,1,164.94908180031922,23.0,4.5,1.8000000000000007,Schematic internal layout
GBA-0439,LCD40Latch,GBA-0439 · Separate original LCD connector locking bar,DisplayInterconnect,agbgray,1,15.716402827632852,22.000000000000004,0.6499999999999986,1.0999999999999996,Schematic internal layout
GBA-0440,LCD40Contact0,GBA-0440 · Independent early 40-pin LCD solder terminal,DisplayInterconnect,metal,1,0.03161561944901913,0.21999999999999886,1.2000000000000028,0.11999999999999922,Schematic internal layout
GBA-0441,LCD40Contact1,GBA-0441 · Independent early 40-pin LCD solder terminal001,DisplayInterconnect,metal,1,0.03161561944901913,0.21999999999999886,1.2000000000000028,0.11999999999999922,Schematic internal layout
GBA-0442,LCD40Contact2,GBA-0442 · Independent early 40-pin LCD solder terminal002,DisplayInterconnect,metal,1,0.03161561944901913,0.21999999999999886,1.2000000000000028,0.11999999999999922,Schematic internal layout
GBA-0443,LCD40Contact3,GBA-0443 · Independent early 40-pin LCD solder terminal003,DisplayInterconnect,metal,1,0.03161561944901913,0.21999999999999886,1.2000000000000028,0.11999999999999922,Schematic internal layout
GBA-0444,LCD40Contact4,GBA-0444 · Independent early 40-pin LCD solder terminal004,DisplayInterconnect,metal,1,0.03161561944901913,0.21999999999999886,1.2000000000000028,0.11999999999999922,Schematic internal layout
GBA-0445,LCD40Contact5,GBA-0445 · Independent early 40-pin LCD solder terminal005,DisplayInterconnect,metal,1,0.03161561944901913,0.21999999999999886,1.2000000000000028,0.11999999999999922,Schematic internal layout
GBA-0446,LCD40Contact6,GBA-0446 · Independent early 40-pin LCD solder terminal006,DisplayInterconnect,metal,1,0.03161561944901913,0.21999999999999886,1.2000000000000028,0.11999999999999922,Schematic internal layout
GBA-0447,LCD40Contact7,GBA-0447 · Independent early 40-pin LCD solder terminal007,DisplayInterconnect,metal,1,0.03161561944901913,0.21999999999999886,1.2000000000000028,0.11999999999999922,Schematic internal layout
GBA-0448,LCD40Contact8,GBA-0448 · Independent early 40-pin LCD solder terminal008,DisplayInterconnect,metal,1,0.03161561944901913,0.21999999999999886,1.2000000000000028,0.11999999999999922,Schematic internal layout
GBA-0449,LCD40Contact9,GBA-0449 · Independent early 40-pin LCD solder terminal009,DisplayInterconnect,metal,1,0.031615619449019125,0.21999999999999886,1.2000000000000028,0.11999999999999922,Schematic internal layout
GBA-0450,LCD40Contact10,GBA-0450 · Independent early 40-pin LCD solder terminal010,DisplayInterconnect,metal,1,0.031615619449019125,0.21999999999999886,1.2000000000000028,0.11999999999999922,Schematic internal layout
GBA-0451,LCD40Contact11,GBA-0451 · Independent early 40-pin LCD solder terminal011,DisplayInterconnect,metal,1,0.031615619449019125,0.21999999999999886,1.2000000000000028,0.11999999999999922,Schematic internal layout
GBA-0452,LCD40Contact12,GBA-0452 · Independent early 40-pin LCD solder terminal012,DisplayInterconnect,metal,1,0.03161561944901913,0.21999999999999886,1.2000000000000028,0.11999999999999922,Schematic internal layout
GBA-0453,LCD40Contact13,GBA-0453 · Independent early 40-pin LCD solder terminal013,DisplayInterconnect,metal,1,0.03161561944901913,0.21999999999999886,1.2000000000000028,0.11999999999999922,Schematic internal layout
GBA-0454,LCD40Contact14,GBA-0454 · Independent early 40-pin LCD solder terminal014,DisplayInterconnect,metal,1,0.03161561944901913,0.21999999999999886,1.2000000000000028,0.11999999999999922,Schematic internal layout
GBA-0455,LCD40Contact15,GBA-0455 · Independent early 40-pin LCD solder terminal015,DisplayInterconnect,metal,1,0.03161561944901913,0.21999999999999886,1.2000000000000028,0.11999999999999922,Schematic internal layout
GBA-0456,LCD40Contact16,GBA-0456 · Independent early 40-pin LCD solder terminal016,DisplayInterconnect,metal,1,0.03161561944901913,0.21999999999999886,1.2000000000000028,0.11999999999999922,Schematic internal layout
GBA-0457,LCD40Contact17,GBA-0457 · Independent early 40-pin LCD solder terminal017,DisplayInterconnect,metal,1,0.03161561944901913,0.21999999999999886,1.2000000000000028,0.11999999999999922,Schematic internal layout
GBA-0458,LCD40Contact18,GBA-0458 · Independent early 40-pin LCD solder terminal018,DisplayInterconnect,metal,1,0.03161561944901913,0.21999999999999886,1.2000000000000028,0.11999999999999922,Schematic internal layout
GBA-0459,LCD40Contact19,GBA-0459 · Independent early 40-pin LCD solder terminal019,DisplayInterconnect,metal,1,0.03161561944901913,0.21999999999999886,1.2000000000000028,0.11999999999999922,Schematic internal layout
GBA-0460,LCD40Contact20,GBA-0460 · Independent early 40-pin LCD solder terminal020,DisplayInterconnect,metal,1,0.03161561944901913,0.21999999999999886,1.2000000000000028,0.11999999999999922,Schematic internal layout
GBA-0461,LCD40Contact21,GBA-0461 · Independent early 40-pin LCD solder terminal021,DisplayInterconnect,metal,1,0.03161561944901913,0.21999999999999886,1.2000000000000028,0.11999999999999922,Schematic internal layout
GBA-0462,LCD40Contact22,GBA-0462 · Independent early 40-pin LCD solder terminal022,DisplayInterconnect,metal,1,0.03161561944901913,0.21999999999999886,1.2000000000000028,0.11999999999999922,Schematic internal layout
GBA-0463,LCD40Contact23,GBA-0463 · Independent early 40-pin LCD solder terminal023,DisplayInterconnect,metal,1,0.03161561944901913,0.21999999999999886,1.2000000000000028,0.11999999999999922,Schematic internal layout
GBA-0464,LCD40Contact24,GBA-0464 · Independent early 40-pin LCD solder terminal024,DisplayInterconnect,metal,1,0.031615619449019125,0.22000000000000242,1.2000000000000028,0.11999999999999922,Schematic internal layout
GBA-0465,LCD40Contact25,GBA-0465 · Independent early 40-pin LCD solder terminal025,DisplayInterconnect,metal,1,0.031615619449019125,0.22000000000000242,1.2000000000000028,0.11999999999999922,Schematic internal layout
GBA-0466,LCD40Contact26,GBA-0466 · Independent early 40-pin LCD solder terminal026,DisplayInterconnect,metal,1,0.03161561944901913,0.22000000000000242,1.2000000000000028,0.11999999999999922,Schematic internal layout
GBA-0467,LCD40Contact27,GBA-0467 · Independent early 40-pin LCD solder terminal027,DisplayInterconnect,metal,1,0.03161561944901913,0.22000000000000242,1.2000000000000028,0.11999999999999922,Schematic internal layout
GBA-0468,LCD40Contact28,GBA-0468 · Independent early 40-pin LCD solder terminal028,DisplayInterconnect,metal,1,0.03161561944901913,0.22000000000000242,1.2000000000000028,0.11999999999999922,Schematic internal layout
GBA-0469,LCD40Contact29,GBA-0469 · Independent early 40-pin LCD solder terminal029,DisplayInterconnect,metal,1,0.03161561944901913,0.22000000000000242,1.2000000000000028,0.11999999999999922,Schematic internal layout
GBA-0470,LCD40Contact30,GBA-0470 · Independent early 40-pin LCD solder terminal030,DisplayInterconnect,metal,1,0.031615619449019125,0.22000000000000242,1.2000000000000028,0.11999999999999922,Schematic internal layout
GBA-0471,LCD40Contact31,GBA-0471 · Independent early 40-pin LCD solder terminal031,DisplayInterconnect,metal,1,0.03161561944901913,0.22000000000000242,1.2000000000000028,0.11999999999999922,Schematic internal layout
GBA-0472,LCD40Contact32,GBA-0472 · Independent early 40-pin LCD solder terminal032,DisplayInterconnect,metal,1,0.03161561944901913,0.22000000000000242,1.2000000000000028,0.11999999999999922,Schematic internal layout
GBA-0473,LCD40Contact33,GBA-0473 · Independent early 40-pin LCD solder terminal033,DisplayInterconnect,metal,1,0.03161561944901913,0.22000000000000242,1.2000000000000028,0.11999999999999922,Schematic internal layout
GBA-0474,LCD40Contact34,GBA-0474 · Independent early 40-pin LCD solder terminal034,DisplayInterconnect,metal,1,0.03161561944901913,0.22000000000000242,1.2000000000000028,0.11999999999999922,Schematic internal layout
GBA-0475,LCD40Contact35,GBA-0475 · Independent early 40-pin LCD solder terminal035,DisplayInterconnect,metal,1,0.03161561944901913,0.22000000000000242,1.2000000000000028,0.11999999999999922,Schematic internal layout
GBA-0476,LCD40Contact36,GBA-0476 · Independent early 40-pin LCD solder terminal036,DisplayInterconnect,metal,1,0.03161561944901914,0.22000000000000242,1.2000000000000028,0.11999999999999922,Schematic internal layout
GBA-0477,LCD40Contact37,GBA-0477 · Independent early 40-pin LCD solder terminal037,DisplayInterconnect,metal,1,0.03161561944901914,0.22000000000000242,1.2000000000000028,0.11999999999999922,Schematic internal layout
GBA-0478,LCD40Contact38,GBA-0478 · Independent early 40-pin LCD solder terminal038,DisplayInterconnect,metal,1,0.03161561944901914,0.22000000000000242,1.2000000000000028,0.11999999999999922,Schematic internal layout
GBA-0479,LCD40Contact39,GBA-0479 · Independent early 40-pin LCD solder terminal039,DisplayInterconnect,metal,1,0.03161561944901914,0.22000000000000242,1.2000000000000028,0.11999999999999922,Schematic internal layout
GBA-0480,LCDFoldedRibbon,GBA-0480 · Separate original reflective LCD folded flex study,DisplayInterconnect,copper,1,39.599999999999795,20.0,5.449999999999999,3.3999999999999986,Schematic internal layout
GBA-0481,LCDRibbonTrace0,GBA-0481 · Separate schematic flex conductor,DisplayInterconnect,gold,1,0.008547102875205945,0.14999999999999858,3.8000000000000007,0.015000000000000568,Schematic internal layout
GBA-0482,LCDRibbonTrace1,GBA-0482 · Separate schematic flex conductor001,DisplayInterconnect,gold,1,0.008547102875205945,0.14999999999999858,3.8000000000000007,0.015000000000000568,Schematic internal layout
GBA-0483,LCDRibbonTrace2,GBA-0483 · Separate schematic flex conductor002,DisplayInterconnect,gold,1,0.008547102875205947,0.14999999999999858,3.8000000000000007,0.015000000000000568,Schematic internal layout
GBA-0484,LCDRibbonTrace3,GBA-0484 · Separate schematic flex conductor003,DisplayInterconnect,gold,1,0.008547102875205947,0.14999999999999858,3.8000000000000007,0.015000000000000568,Schematic internal layout
GBA-0485,LCDRibbonTrace4,GBA-0485 · Separate schematic flex conductor004,DisplayInterconnect,gold,1,0.008547102875205947,0.14999999999999858,3.8000000000000007,0.015000000000000568,Schematic internal layout
GBA-0486,LCDRibbonTrace5,GBA-0486 · Separate schematic flex conductor005,DisplayInterconnect,gold,1,0.008547102875205945,0.14999999999999858,3.8000000000000007,0.015000000000000568,Schematic internal layout
GBA-0487,LCDRibbonTrace6,GBA-0487 · Separate schematic flex conductor006,DisplayInterconnect,gold,1,0.008547102875205945,0.14999999999999858,3.8000000000000007,0.015000000000000568,Schematic internal layout
GBA-0488,LCDRibbonTrace7,GBA-0488 · Separate schematic flex conductor007,DisplayInterconnect,gold,1,0.008547102875205945,0.14999999999999858,3.8000000000000007,0.015000000000000568,Schematic internal layout
GBA-0489,LCDRibbonTrace8,GBA-0489 · Separate schematic flex conductor008,DisplayInterconnect,gold,1,0.008547102875205945,0.14999999999999858,3.8000000000000007,0.015000000000000568,Schematic internal layout
GBA-0490,LCDRibbonTrace9,GBA-0490 · Separate schematic flex conductor009,DisplayInterconnect,gold,1,0.008547102875205945,0.14999999999999858,3.8000000000000007,0.015000000000000568,Schematic internal layout
GBA-0491,LCDRibbonTrace10,GBA-0491 · Separate schematic flex conductor010,DisplayInterconnect,gold,1,0.008547102875205945,0.14999999999999858,3.8000000000000007,0.015000000000000568,Schematic internal layout
GBA-0492,LCDRibbonTrace11,GBA-0492 · Separate schematic flex conductor011,DisplayInterconnect,gold,1,0.008547102875205947,0.14999999999999858,3.8000000000000007,0.015000000000000568,Schematic internal layout
GBA-0493,LCDRibbonTrace12,GBA-0493 · Separate schematic flex conductor012,DisplayInterconnect,gold,1,0.008547102875205945,0.14999999999999858,3.8000000000000007,0.015000000000000568,Schematic internal layout
GBA-0494,LCDRibbonTrace13,GBA-0494 · Separate schematic flex conductor013,DisplayInterconnect,gold,1,0.008547102875205945,0.14999999999999858,3.8000000000000007,0.015000000000000568,Schematic internal layout
GBA-0495,LCDRibbonTrace14,GBA-0495 · Separate schematic flex conductor014,DisplayInterconnect,gold,1,0.008547102875205945,0.14999999999999858,3.8000000000000007,0.015000000000000568,Schematic internal layout
GBA-0496,LCDRibbonTrace15,GBA-0496 · Separate schematic flex conductor015,DisplayInterconnect,gold,1,0.008547102875205945,0.14999999999999858,3.8000000000000007,0.015000000000000568,Schematic internal layout
GBA-0497,LCDRibbonTrace16,GBA-0497 · Separate schematic flex conductor016,DisplayInterconnect,gold,1,0.008547102875205945,0.14999999999999858,3.8000000000000007,0.015000000000000568,Schematic internal layout
GBA-0498,LCDRibbonTrace17,GBA-0498 · Separate schematic flex conductor017,DisplayInterconnect,gold,1,0.008547102875205945,0.14999999999999858,3.8000000000000007,0.015000000000000568,Schematic internal layout
GBA-0499,LCDRibbonTrace18,GBA-0499 · Separate schematic flex conductor018,DisplayInterconnect,gold,1,0.008547102875205945,0.14999999999999858,3.8000000000000007,0.015000000000000568,Schematic internal layout
GBA-0500,LCDRibbonTrace19,GBA-0500 · Separate schematic flex conductor019,DisplayInterconnect,gold,1,0.008547102875205945,0.14999999999999858,3.8000000000000007,0.015000000000000568,Schematic internal layout
GBA-0501,LCDRibbonTrace20,GBA-0501 · Separate schematic flex conductor020,DisplayInterconnect,gold,1,0.008547102875205945,0.14999999999999858,3.8000000000000007,0.015000000000000568,Schematic internal layout
GBA-0502,LCDRibbonTrace21,GBA-0502 · Separate schematic flex conductor021,DisplayInterconnect,gold,1,0.008547102875205945,0.14999999999999858,3.8000000000000007,0.015000000000000568,Schematic internal layout
GBA-0503,LCDRibbonTrace22,GBA-0503 · Separate schematic flex conductor022,DisplayInterconnect,gold,1,0.008547102875205945,0.14999999999999858,3.8000000000000007,0.015000000000000568,Schematic internal layout
GBA-0504,LCDRibbonTrace23,GBA-0504 · Separate schematic flex conductor023,DisplayInterconnect,gold,1,0.008547102875205945,0.14999999999999858,3.8000000000000007,0.015000000000000568,Schematic internal layout
GBA-0505,LCDRibbonTrace24,GBA-0505 · Separate schematic flex conductor024,DisplayInterconnect,gold,1,0.008547102875205943,0.15000000000000213,3.8000000000000007,0.015000000000000568,Schematic internal layout
GBA-0506,LCDRibbonTrace25,GBA-0506 · Separate schematic flex conductor025,DisplayInterconnect,gold,1,0.008547102875205943,0.15000000000000213,3.8000000000000007,0.015000000000000568,Schematic internal layout
GBA-0507,LCDRibbonTrace26,GBA-0507 · Separate schematic flex conductor026,DisplayInterconnect,gold,1,0.008547102875205945,0.15000000000000213,3.8000000000000007,0.015000000000000568,Schematic internal layout
GBA-0508,LCDRibbonTrace27,GBA-0508 · Separate schematic flex conductor027,DisplayInterconnect,gold,1,0.008547102875205945,0.15000000000000213,3.8000000000000007,0.015000000000000568,Schematic internal layout
GBA-0509,LCDRibbonTrace28,GBA-0509 · Separate schematic flex conductor028,DisplayInterconnect,gold,1,0.008547102875205943,0.15000000000000213,3.8000000000000007,0.015000000000000568,Schematic internal layout
GBA-0510,LCDRibbonTrace29,GBA-0510 · Separate schematic flex conductor029,DisplayInterconnect,gold,1,0.008547102875205945,0.15000000000000213,3.8000000000000007,0.015000000000000568,Schematic internal layout
GBA-0511,LCDRibbonTrace30,GBA-0511 · Separate schematic flex conductor030,DisplayInterconnect,gold,1,0.008547102875205943,0.15000000000000213,3.8000000000000007,0.015000000000000568,Schematic internal layout
GBA-0512,LCDRibbonTrace31,GBA-0512 · Separate schematic flex conductor031,DisplayInterconnect,gold,1,0.008547102875205945,0.15000000000000213,3.8000000000000007,0.015000000000000568,Schematic internal layout
GBA-0513,LCDRibbonTrace32,GBA-0513 · Separate schematic flex conductor032,DisplayInterconnect,gold,1,0.008547102875205945,0.15000000000000213,3.8000000000000007,0.015000000000000568,Schematic internal layout
GBA-0514,LCDRibbonTrace33,GBA-0514 · Separate schematic flex conductor033,DisplayInterconnect,gold,1,0.008547102875205945,0.15000000000000213,3.8000000000000007,0.015000000000000568,Schematic internal layout
GBA-0515,LCDRibbonTrace34,GBA-0515 · Separate schematic flex conductor034,DisplayInterconnect,gold,1,0.008547102875205945,0.15000000000000213,3.8000000000000007,0.015000000000000568,Schematic internal layout
GBA-0516,LCDRibbonTrace35,GBA-0516 · Separate schematic flex conductor035,DisplayInterconnect,gold,1,0.008547102875205945,0.15000000000000213,3.8000000000000007,0.015000000000000568,Schematic internal layout
GBA-0517,LCDRibbonTrace36,GBA-0517 · Separate schematic flex conductor036,DisplayInterconnect,gold,1,0.008547102875205945,0.15000000000000213,3.8000000000000007,0.015000000000000568,Schematic internal layout
GBA-0518,LCDRibbonTrace37,GBA-0518 · Separate schematic flex conductor037,DisplayInterconnect,gold,1,0.008547102875205945,0.15000000000000213,3.8000000000000007,0.015000000000000568,Schematic internal layout
GBA-0519,LCDRibbonTrace38,GBA-0519 · Separate schematic flex conductor038,DisplayInterconnect,gold,1,0.008547102875205945,0.15000000000000213,3.8000000000000007,0.015000000000000568,Schematic internal layout
GBA-0520,LCDRibbonTrace39,GBA-0520 · Separate schematic flex conductor039,DisplayInterconnect,gold,1,0.008547102875205943,0.15000000000000213,3.8000000000000007,0.015000000000000568,Schematic internal layout
GBA-0521,EXTShield,GBA-0521 · Separate original six-contact EXT metal receptacle,Ports,metal,1,98.33512598966382,14.0,9.0,5.0,Schematic internal layout
GBA-0522,EXTTongue,GBA-0522 · Independent EXT dielectric tongue,Ports,black,1,49.922743338823075,10.0,5.0,1.0,Schematic internal layout
GBA-0523,EXTContact0_0,GBA-0523 · Independent original EXT contact,Ports,gold,1,0.2177407431579565,0.6500000000000004,2.799999999999997,0.11999999999999922,Schematic internal layout
GBA-0524,EXTContact0_1,GBA-0524 · Independent original EXT contact001,Ports,gold,1,0.21774074315795647,0.6500000000000004,2.799999999999997,0.11999999999999922,Schematic internal layout
GBA-0525,EXTContact0_2,GBA-0525 · Independent original EXT contact002,Ports,gold,1,0.2177407431579563,0.6499999999999986,2.799999999999997,0.11999999999999922,Schematic internal layout
GBA-0526,EXTContact1_0,GBA-0526 · Independent original EXT contact003,Ports,gold,1,0.21774074315795644,0.6500000000000004,2.799999999999997,0.11999999999999922,Schematic internal layout
GBA-0527,EXTContact1_1,GBA-0527 · Independent original EXT contact004,Ports,gold,1,0.21774074315795647,0.6500000000000004,2.799999999999997,0.11999999999999922,Schematic internal layout
GBA-0528,EXTContact1_2,GBA-0528 · Independent original EXT contact005,Ports,gold,1,0.2177407431579563,0.6499999999999986,2.799999999999997,0.11999999999999922,Schematic internal layout
GBA-0529,GamePakSocket,GBA-0529 · Independent original 32-contact Game Pak socket,CartridgeInterface,black,1,2334.9183710966686,58.0,8.0,6.199999999999999,Schematic internal layout
GBA-0530,GamePakContact0,GBA-0530 · Independent Game Pak spring contact study,CartridgeInterface,gold,1,0.4523484420889343,0.7000000000000028,3.6000000000000014,0.17999999999999972,Schematic internal layout
GBA-0531,GamePakSolder0,GBA-0531 · Independent Game Pak board solder terminal,Mainboard,metal,1,0.11454074315795659,0.7999999999999972,1.1999999999999993,0.11999999999999922,Schematic internal layout
GBA-0532,GamePakContact1,GBA-0532 · Independent Game Pak spring contact study001,CartridgeInterface,gold,1,0.4523484420889343,0.7000000000000028,3.6000000000000014,0.17999999999999972,Schematic internal layout
GBA-0533,GamePakSolder1,GBA-0533 · Independent Game Pak board solder terminal001,Mainboard,metal,1,0.11454074315795658,0.7999999999999972,1.1999999999999993,0.11999999999999922,Schematic internal layout
GBA-0534,GamePakContact2,GBA-0534 · Independent Game Pak spring contact study002,CartridgeInterface,gold,1,0.45234844208893427,0.7000000000000028,3.6000000000000014,0.17999999999999972,Schematic internal layout
GBA-0535,GamePakSolder2,GBA-0535 · Independent Game Pak board solder terminal002,Mainboard,metal,1,0.11454074315795658,0.7999999999999972,1.1999999999999993,0.11999999999999922,Schematic internal layout
GBA-0536,GamePakContact3,GBA-0536 · Independent Game Pak spring contact study003,CartridgeInterface,gold,1,0.45234844208893427,0.7000000000000028,3.6000000000000014,0.17999999999999972,Schematic internal layout
GBA-0537,GamePakSolder3,GBA-0537 · Independent Game Pak board solder terminal003,Mainboard,metal,1,0.11454074315795659,0.7999999999999972,1.1999999999999993,0.11999999999999922,Schematic internal layout
GBA-0538,GamePakContact4,GBA-0538 · Independent Game Pak spring contact study004,CartridgeInterface,gold,1,0.45234844208893427,0.7000000000000028,3.6000000000000014,0.17999999999999972,Schematic internal layout
GBA-0539,GamePakSolder4,GBA-0539 · Independent Game Pak board solder terminal004,Mainboard,metal,1,0.11454074315795659,0.7999999999999972,1.1999999999999993,0.11999999999999922,Schematic internal layout
GBA-0540,GamePakContact5,GBA-0540 · Independent Game Pak spring contact study005,CartridgeInterface,gold,1,0.4523484420889343,0.7000000000000028,3.6000000000000014,0.17999999999999972,Schematic internal layout
GBA-0541,GamePakSolder5,GBA-0541 · Independent Game Pak board solder terminal005,Mainboard,metal,1,0.11454074315795656,0.7999999999999972,1.1999999999999993,0.11999999999999922,Schematic internal layout
GBA-0542,GamePakContact6,GBA-0542 · Independent Game Pak spring contact study006,CartridgeInterface,gold,1,0.45234844208893354,0.6999999999999993,3.6000000000000014,0.17999999999999972,Schematic internal layout
GBA-0543,GamePakSolder6,GBA-0543 · Independent Game Pak board solder terminal006,Mainboard,metal,1,0.11454074315795673,0.8000000000000007,1.1999999999999993,0.11999999999999922,Schematic internal layout
GBA-0544,GamePakContact7,GBA-0544 · Independent Game Pak spring contact study007,CartridgeInterface,gold,1,0.45234844208893354,0.6999999999999993,3.6000000000000014,0.17999999999999972,Schematic internal layout
GBA-0545,GamePakSolder7,GBA-0545 · Independent Game Pak board solder terminal007,Mainboard,metal,1,0.11454074315795673,0.8000000000000007,1.1999999999999993,0.11999999999999922,Schematic internal layout
GBA-0546,GamePakContact8,GBA-0546 · Independent Game Pak spring contact study008,CartridgeInterface,gold,1,0.4523484420889336,0.6999999999999993,3.6000000000000014,0.17999999999999972,Schematic internal layout
GBA-0547,GamePakSolder8,GBA-0547 · Independent Game Pak board solder terminal008,Mainboard,metal,1,0.11454074315795672,0.8000000000000007,1.1999999999999993,0.11999999999999922,Schematic internal layout
GBA-0548,GamePakContact9,GBA-0548 · Independent Game Pak spring contact study009,CartridgeInterface,gold,1,0.4523484420889336,0.6999999999999993,3.6000000000000014,0.17999999999999972,Schematic internal layout
GBA-0549,GamePakSolder9,GBA-0549 · Independent Game Pak board solder terminal009,Mainboard,metal,1,0.11454074315795673,0.8000000000000007,1.1999999999999993,0.11999999999999922,Schematic internal layout
GBA-0550,GamePakContact10,GBA-0550 · Independent Game Pak spring contact study010,CartridgeInterface,gold,1,0.45234844208893354,0.6999999999999993,3.6000000000000014,0.17999999999999972,Schematic internal layout
GBA-0551,GamePakSolder10,GBA-0551 · Independent Game Pak board solder terminal010,Mainboard,metal,1,0.11454074315795673,0.8000000000000007,1.1999999999999993,0.11999999999999922,Schematic internal layout
GBA-0552,GamePakContact11,GBA-0552 · Independent Game Pak spring contact study011,CartridgeInterface,gold,1,0.4523484420889336,0.6999999999999993,3.6000000000000014,0.17999999999999972,Schematic internal layout
GBA-0553,GamePakSolder11,GBA-0553 · Independent Game Pak board solder terminal011,Mainboard,metal,1,0.11454074315795672,0.8000000000000007,1.1999999999999993,0.11999999999999922,Schematic internal layout
GBA-0554,GamePakContact12,GBA-0554 · Independent Game Pak spring contact study012,CartridgeInterface,gold,1,0.45234844208893354,0.6999999999999993,3.6000000000000014,0.17999999999999972,Schematic internal layout
GBA-0555,GamePakSolder12,GBA-0555 · Independent Game Pak board solder terminal012,Mainboard,metal,1,0.11454074315795672,0.8000000000000007,1.1999999999999993,0.11999999999999922,Schematic internal layout
GBA-0556,GamePakContact13,GBA-0556 · Independent Game Pak spring contact study013,CartridgeInterface,gold,1,0.45234844208893366,0.6999999999999997,3.6000000000000014,0.17999999999999972,Schematic internal layout
GBA-0557,GamePakSolder13,GBA-0557 · Independent Game Pak board solder terminal013,Mainboard,metal,1,0.1145407431579567,0.8000000000000007,1.1999999999999993,0.11999999999999922,Schematic internal layout
GBA-0558,GamePakContact14,GBA-0558 · Independent Game Pak spring contact study014,CartridgeInterface,gold,1,0.4523484420889337,0.7000000000000002,3.6000000000000014,0.17999999999999972,Schematic internal layout
GBA-0559,GamePakSolder14,GBA-0559 · Independent Game Pak board solder terminal014,Mainboard,metal,1,0.11454074315795668,0.8000000000000007,1.1999999999999993,0.11999999999999922,Schematic internal layout
GBA-0560,GamePakContact15,GBA-0560 · Independent Game Pak spring contact study015,CartridgeInterface,gold,1,0.45234844208893366,0.7000000000000001,3.6000000000000014,0.17999999999999972,Schematic internal layout
GBA-0561,GamePakSolder15,GBA-0561 · Independent Game Pak board solder terminal015,Mainboard,metal,1,0.11454074315795668,0.8000000000000003,1.1999999999999993,0.11999999999999922,Schematic internal layout
GBA-0562,GamePakContact16,GBA-0562 · Independent Game Pak spring contact study016,CartridgeInterface,gold,1,0.45234844208893366,0.7000000000000001,3.6000000000000014,0.17999999999999972,Schematic internal layout
GBA-0563,GamePakSolder16,GBA-0563 · Independent Game Pak board solder terminal016,Mainboard,metal,1,0.1145407431579567,0.8000000000000003,1.1999999999999993,0.11999999999999922,Schematic internal layout
GBA-0564,GamePakContact17,GBA-0564 · Independent Game Pak spring contact study017,CartridgeInterface,gold,1,0.4523484420889337,0.7000000000000002,3.6000000000000014,0.17999999999999972,Schematic internal layout
GBA-0565,GamePakSolder17,GBA-0565 · Independent Game Pak board solder terminal017,Mainboard,metal,1,0.11454074315795669,0.8000000000000007,1.1999999999999993,0.11999999999999922,Schematic internal layout
GBA-0566,GamePakContact18,GBA-0566 · Independent Game Pak spring contact study018,CartridgeInterface,gold,1,0.45234844208893366,0.6999999999999997,3.6000000000000014,0.17999999999999972,Schematic internal layout
GBA-0567,GamePakSolder18,GBA-0567 · Independent Game Pak board solder terminal018,Mainboard,metal,1,0.1145407431579567,0.8000000000000007,1.1999999999999993,0.11999999999999922,Schematic internal layout
GBA-0568,GamePakContact19,GBA-0568 · Independent Game Pak spring contact study019,CartridgeInterface,gold,1,0.45234844208893354,0.6999999999999993,3.6000000000000014,0.17999999999999972,Schematic internal layout
GBA-0569,GamePakSolder19,GBA-0569 · Independent Game Pak board solder terminal019,Mainboard,metal,1,0.11454074315795672,0.8000000000000007,1.1999999999999993,0.11999999999999922,Schematic internal layout
GBA-0570,GamePakContact20,GBA-0570 · Independent Game Pak spring contact study020,CartridgeInterface,gold,1,0.45234844208893354,0.6999999999999993,3.6000000000000014,0.17999999999999972,Schematic internal layout
GBA-0571,GamePakSolder20,GBA-0571 · Independent Game Pak board solder terminal020,Mainboard,metal,1,0.11454074315795672,0.8000000000000007,1.1999999999999993,0.11999999999999922,Schematic internal layout
GBA-0572,GamePakContact21,GBA-0572 · Independent Game Pak spring contact study021,CartridgeInterface,gold,1,0.45234844208893354,0.6999999999999993,3.6000000000000014,0.17999999999999972,Schematic internal layout
GBA-0573,GamePakSolder21,GBA-0573 · Independent Game Pak board solder terminal021,Mainboard,metal,1,0.11454074315795672,0.8000000000000007,1.1999999999999993,0.11999999999999922,Schematic internal layout
GBA-0574,GamePakContact22,GBA-0574 · Independent Game Pak spring contact study022,CartridgeInterface,gold,1,0.4523484420889336,0.6999999999999993,3.6000000000000014,0.17999999999999972,Schematic internal layout
GBA-0575,GamePakSolder22,GBA-0575 · Independent Game Pak board solder terminal022,Mainboard,metal,1,0.11454074315795673,0.8000000000000007,1.1999999999999993,0.11999999999999922,Schematic internal layout
GBA-0576,GamePakContact23,GBA-0576 · Independent Game Pak spring contact study023,CartridgeInterface,gold,1,0.4523484420889336,0.6999999999999993,3.6000000000000014,0.17999999999999972,Schematic internal layout
GBA-0577,GamePakSolder23,GBA-0577 · Independent Game Pak board solder terminal023,Mainboard,metal,1,0.1145407431579567,0.8000000000000007,1.1999999999999993,0.11999999999999922,Schematic internal layout
GBA-0578,GamePakContact24,GBA-0578 · Independent Game Pak spring contact study024,CartridgeInterface,gold,1,0.45234844208893354,0.6999999999999993,3.6000000000000014,0.17999999999999972,Schematic internal layout
GBA-0579,GamePakSolder24,GBA-0579 · Independent Game Pak board solder terminal024,Mainboard,metal,1,0.11454074315795673,0.8000000000000007,1.1999999999999993,0.11999999999999922,Schematic internal layout
GBA-0580,GamePakContact25,GBA-0580 · Independent Game Pak spring contact study025,CartridgeInterface,gold,1,0.4523484420889335,0.6999999999999993,3.6000000000000014,0.17999999999999972,Schematic internal layout
GBA-0581,GamePakSolder25,GBA-0581 · Independent Game Pak board solder terminal025,Mainboard,metal,1,0.11454074315795673,0.8000000000000007,1.1999999999999993,0.11999999999999922,Schematic internal layout
GBA-0582,GamePakContact26,GBA-0582 · Independent Game Pak spring contact study026,CartridgeInterface,gold,1,0.4523484420889342,0.7000000000000028,3.6000000000000014,0.17999999999999972,Schematic internal layout
GBA-0583,GamePakSolder26,GBA-0583 · Independent Game Pak board solder terminal026,Mainboard,metal,1,0.11454074315795658,0.7999999999999972,1.1999999999999993,0.11999999999999922,Schematic internal layout
GBA-0584,GamePakContact27,GBA-0584 · Independent Game Pak spring contact study027,CartridgeInterface,gold,1,0.4523484420889343,0.7000000000000028,3.6000000000000014,0.17999999999999972,Schematic internal layout
GBA-0585,GamePakSolder27,GBA-0585 · Independent Game Pak board solder terminal027,Mainboard,metal,1,0.11454074315795658,0.7999999999999972,1.1999999999999993,0.11999999999999922,Schematic internal layout
GBA-0586,GamePakContact28,GBA-0586 · Independent Game Pak spring contact study028,CartridgeInterface,gold,1,0.4523484420889343,0.7000000000000028,3.6000000000000014,0.17999999999999972,Schematic internal layout
GBA-0587,GamePakSolder28,GBA-0587 · Independent Game Pak board solder terminal028,Mainboard,metal,1,0.11454074315795658,0.7999999999999972,1.1999999999999993,0.11999999999999922,Schematic internal layout
GBA-0588,GamePakContact29,GBA-0588 · Independent Game Pak spring contact study029,CartridgeInterface,gold,1,0.45234844208893427,0.7000000000000028,3.6000000000000014,0.17999999999999972,Schematic internal layout
GBA-0589,GamePakSolder29,GBA-0589 · Independent Game Pak board solder terminal029,Mainboard,metal,1,0.11454074315795659,0.7999999999999972,1.1999999999999993,0.11999999999999922,Schematic internal layout
GBA-0590,GamePakContact30,GBA-0590 · Independent Game Pak spring contact study030,CartridgeInterface,gold,1,0.45234844208893427,0.7000000000000028,3.6000000000000014,0.17999999999999972,Schematic internal layout
GBA-0591,GamePakSolder30,GBA-0591 · Independent Game Pak board solder terminal030,Mainboard,metal,1,0.11454074315795656,0.7999999999999972,1.1999999999999993,0.11999999999999922,Schematic internal layout
GBA-0592,GamePakContact31,GBA-0592 · Independent Game Pak spring contact study031,CartridgeInterface,gold,1,0.4523484420889342,0.7000000000000028,3.6000000000000014,0.17999999999999972,Schematic internal layout
GBA-0593,GamePakSolder31,GBA-0593 · Independent Game Pak board solder terminal031,Mainboard,metal,1,0.11454074315795659,0.7999999999999972,1.1999999999999993,0.11999999999999922,Schematic internal layout
GBA-0594,GamePakGuideL,GBA-0594 · Separate rear cartridge guide rail study,CartridgeInterface,indigo,1,118.45234502470397,1.2000000000000028,22.0,4.5,Schematic internal layout
GBA-0595,GamePakGuideR,GBA-0595 · Separate rear cartridge guide rail study001,CartridgeInterface,indigo,1,118.45234502470397,1.2000000000000028,22.0,4.5,Schematic internal layout
GBA-0596,PowerSwitchBody,GBA-0596 · Independent original slide power switch,Ports,metal,1,159.45061929829745,8.0,5.0,4.0,Schematic internal layout
GBA-0597,PowerSlider,GBA-0597 · Separate original underside power actuator,Controls,agbgray,1,53.38194671058466,6.0,4.5,2.0,Published envelope; approximate local detail
GBA-0598,PowerSwitchTerminal0,GBA-0598 · Independent power switch terminal,Ports,metal,1,0.23715876080051812,0.7000000000000028,1.7000000000000028,0.1999999999999993,Schematic internal layout
GBA-0599,PowerSwitchTerminal1,GBA-0599 · Independent power switch terminal001,Ports,metal,1,0.23715876080051812,0.7000000000000028,1.7000000000000028,0.1999999999999993,Schematic internal layout
GBA-0600,PowerSwitchTerminal2,GBA-0600 · Independent power switch terminal002,Ports,metal,1,0.23715876080051812,0.7000000000000028,1.7000000000000028,0.1999999999999993,Schematic internal layout
GBA-0601,PowerSwitchTerminal3,GBA-0601 · Independent power switch terminal003,Ports,metal,1,0.23715876080051812,0.7000000000000028,1.7000000000000028,0.1999999999999993,Schematic internal layout
GBA-0602,PowerSliderGrip0,GBA-0602 · Separate slider grip ridge,Controls,black,1,0.3587381412007788,0.4000000000000057,3.0,0.3000000000000007,Published envelope; approximate local detail
GBA-0603,PowerSliderGrip1,GBA-0603 · Separate slider grip ridge001,Controls,black,1,0.3587381412007788,0.4000000000000057,3.0,0.3000000000000007,Published envelope; approximate local detail
GBA-0604,PowerSliderGrip2,GBA-0604 · Separate slider grip ridge002,Controls,black,1,0.3587381412007788,0.4000000000000057,3.0,0.3000000000000007,Published envelope; approximate local detail
GBA-0605,HeadphoneBody,GBA-0605 · Separate original stereo headphone connector body,Ports,black,1,405.0679057748467,8.0,9.0,7.0,Schematic internal layout
GBA-0606,HeadphoneLip,GBA-0606 · Independent headphone socket circular mouth,Ports,black,1,22.43097154663112,6.5,1.0,6.5,Schematic internal layout
GBA-0607,HeadphoneContact0,GBA-0607 · Independent internal headphone spring contact study,Ports,metal,1,0.7103926387929946,3.5,0.4499999999999993,3.5,Schematic internal layout
GBA-0608,HeadphoneContact1,GBA-0608 · Independent internal headphone spring contact study001,Ports,metal,1,0.7103926387929946,3.5,0.4499999999999993,3.5,Schematic internal layout
GBA-0609,HeadphoneContact2,GBA-0609 · Independent internal headphone spring contact study002,Ports,metal,1,0.7103926387929778,3.5,0.45000000000000284,3.5,Schematic internal layout
GBA-0610,VolumePotentiometer,GBA-0610 · Independent analog volume potentiometer body,Ports,metal,1,69.06393797973719,9.0,7.0,1.0999999999999996,Schematic internal layout
GBA-0611,VolumeSpindle,GBA-0611 · Separate volume wheel spindle,Ports,metal,1,3.4557519189487733,2.0,2.0,1.1000000000000005,Schematic internal layout
GBA-0612,VolumeWheel,GBA-0612 · Independent original knurled volume wheel,Controls,black,1,115.24168366069146,10.389504761904831,10.389504761904828,1.4000000000000004,Published envelope; approximate local detail
GBA-0613,VolumeResistiveTrack,GBA-0613 · Independent schematic carbon volume track,Ports,agbgray,1,1.8252653317356797,9.0,9.0,0.09999999999999964,Schematic internal layout
GBA-0614,VolumeTerminal0,GBA-0614 · Separate analog volume terminal,Ports,metal,1,0.12567809724509588,0.5999999999999943,1.3999999999999986,0.15000000000000036,Schematic internal layout
GBA-0615,VolumeTerminal1,GBA-0615 · Separate analog volume terminal001,Ports,metal,1,0.12567809724509582,0.5999999999999943,1.3999999999999986,0.15000000000000036,Schematic internal layout
GBA-0616,VolumeTerminal2,GBA-0616 · Separate analog volume terminal002,Ports,metal,1,0.12567809724509585,0.5999999999999943,1.3999999999999986,0.15000000000000036,Schematic internal layout
GBA-0617,VolumeTerminal3,GBA-0617 · Separate analog volume terminal003,Ports,metal,1,0.12567809724509585,0.5999999999999943,1.3999999999999986,0.15000000000000036,Schematic internal layout
GBA-0618,VolumeTerminal4,GBA-0618 · Separate analog volume terminal004,Ports,metal,1,0.12567809724509588,0.5999999999999943,1.3999999999999986,0.15000000000000036,Schematic internal layout
GBA-0619,AANegativePlate0,GBA-0619 · Independent AA negative spring backing plate,BatteryContacts,metal,1,6.461458401317537,0.17999999999999972,6.0,6.0,Schematic internal layout
GBA-0620,AANegativeSpring0,GBA-0620 · Separate insulated wire routing study004,BatteryContacts,metal,1,0.5828200569740155,0.8099999999999952,5.509999999999998,5.260000000000001,Schematic internal layout
GBA-0621,AAPositivePlate0,GBA-0621 · Independent opposite AA positive leaf contact,BatteryContacts,metal,1,5.381458401317536,0.17999999999999972,5.0,6.0,Schematic internal layout
GBA-0622,AANegativePlate1,GBA-0622 · Independent AA negative spring backing plate001,BatteryContacts,metal,1,6.461458401317536,0.17999999999999972,6.0,6.0,Schematic internal layout
GBA-0623,AANegativeSpring1,GBA-0623 · Separate insulated wire routing study005,BatteryContacts,metal,1,0.5828200337053642,0.8099999999999952,5.510000000000001,5.260000000000001,Schematic internal layout
GBA-0624,AAPositivePlate1,GBA-0624 · Independent opposite AA positive leaf contact001,BatteryContacts,metal,1,5.381458401317536,0.17999999999999972,5.0,6.0,Schematic internal layout
GBA-0625,BoardBoss0,GBA-0625 · Separate hollow mainboard fixing boss study,Fixings,indigo,1,32.79822730347744,4.200000000000003,4.200000000000003,2.9000000000000004,Schematic internal layout
GBA-0626,BoardScrew0,GBA-0626 · Cross-head fastener,Fixings,metal,1,5.599988889228171,2.4000000000000057,2.3999999999999986,3.83,Schematic internal layout
GBA-0627,BoardBoss1,GBA-0627 · Separate hollow mainboard fixing boss study001,Fixings,indigo,1,32.79822730347744,4.200000000000003,4.200000000000003,2.9000000000000004,Schematic internal layout
GBA-0628,BoardScrew1,GBA-0628 · Cross-head fastener001,Fixings,metal,1,5.599988889228171,2.4000000000000057,2.3999999999999986,3.83,Schematic internal layout
GBA-0629,BoardBoss2,GBA-0629 · Separate hollow mainboard fixing boss study002,Fixings,indigo,1,32.79822730347744,4.200000000000003,4.200000000000003,2.9000000000000004,Schematic internal layout
GBA-0630,BoardScrew2,GBA-0630 · Cross-head fastener002,Fixings,metal,1,5.599988889228169,2.4000000000000057,2.3999999999999986,3.83,Schematic internal layout
GBA-0631,CaseTriWing0,GBA-0631 · Independent original rear tri-wing screw study,Fixings,metal,1,14.518773582492388,3.0999999999999943,3.1000000000000014,7.3999999999999995,Schematic internal layout
GBA-0632,CaseTriWing1,GBA-0632 · Independent original rear tri-wing screw study001,Fixings,metal,1,14.518773582492386,3.0999999999999943,3.1000000000000014,7.3999999999999995,Schematic internal layout
GBA-0633,CaseTriWing2,GBA-0633 · Independent original rear tri-wing screw study002,Fixings,metal,1,14.518773582492388,3.0999999999999943,3.1000000000000014,7.3999999999999995,Schematic internal layout
GBA-0634,CaseTriWing3,GBA-0634 · Independent original rear tri-wing screw study003,Fixings,metal,1,14.518773582492383,3.0999999999999943,3.1000000000000014,7.3999999999999995,Schematic internal layout
GBA-0635,CaseTriWing4,GBA-0635 · Independent original rear tri-wing screw study004,Fixings,metal,1,14.518773582492383,3.099999999999998,3.099999999999998,7.3999999999999995,Schematic internal layout
GBA-0636,CaseTriWing5,GBA-0636 · Independent original rear tri-wing screw study005,Fixings,metal,1,14.518773582492386,3.099999999999998,3.099999999999998,7.3999999999999995,Schematic internal layout
GBA-0637,BatteryBayScrew,GBA-0637 · Cross-head fastener003,Fixings,metal,1,4.875376783329327,2.3,2.299999999999999,3.33,Schematic internal layout
GBA-0638,WristStrapBar,GBA-0638 · Independent wrist-strap retaining cross-bar,Body,indigo,1,6.927211801165495,4.5,1.3999999999999986,1.4000000000000004,Published envelope; approximate local detail
GBA-0639,RearModelLabel,GBA-0639 · Separate rear regulatory study label,Markings,agbgray,1,33.56635043202073,42.0,10.0,0.07999999999999999,Published envelope; approximate local detail
GBA-0640,BatteryPolarity0,GBA-0640 · +  AA  -,Battery,agbink,4,0.042694861799581124,8.610553691275166,1.6912751677852356,0.018000000000000016,Published envelope; approximate local detail
GBA-0641,BatteryPolarity1,GBA-0641 · -  AA  +,Battery,agbink,4,0.04269486179958106,8.610478187919462,1.6912751677852356,0.018000000000000016,Published envelope; approximate local detail
GBA-0642,SideInsertL,GBA-0642 · Independent original grey side trim study,Body,agbgray,1,131.43179693090698,7.052665999708097,40.00000020000001,1.4000002000000045,Published envelope; approximate local detail
GBA-0643,SideInsertR,GBA-0643 · Independent original grey side trim study001,Body,agbgray,1,131.4318101295911,7.052665999708083,40.00000020000001,1.4000002000000045,Published envelope; approximate local detail
GBA-0644,LCDRearFoam,GBA-0644 · Independent reflective LCD rear support foam frame,Display,rubber,1,72.6000000000015,72.0,52.0,0.1999999999999993,Schematic internal layout
GBA-0645,PowerLEDEmitter,GBA-0645 · Separate board-mounted status emitter,Mainboard,led,1,1.3384115008234632,1.5,1.5,0.6000000000000014,Schematic internal layout
GBA-0646,PowerLEDOpticalStem,GBA-0646 · Separate status light guide extension,Display,white,1,4.711996281302996,1.2999999999999972,1.2999999999999972,3.5500000000000007,Schematic internal layout
GBA-0647,StudyCartBack,GBA-0647 · Editable optional blank Game Pak rear shell001,Accessories,black,1,1629.7750081581048,60.0,34.0,0.8,Published envelope; approximate local detail
GBA-0648,StudyCartWall,GBA-0648 · Independent optional Game Pak perimeter wall001,Accessories,black,1,1208.732031306066,60.0,34.0,5.9,Published envelope; approximate local detail
GBA-0649,StudyCartFront,GBA-0649 · Editable optional blank Game Pak front shell001,Accessories,black,1,1392.1887426756477,60.0,34.0,0.7999999999999998,Published envelope; approximate local detail
GBA-0650,StudyCartPCB,GBA-0650 · Separate early AGB-E06-inspired study cartridge board,Accessories,pcb,1,1240.1074574655588,54.0,29.0,0.7999999999999998,Schematic internal layout
GBA-0651,StudyCartEdge0,GBA-0651 · Independent Game Pak gold edge contact,Accessories,gold,1,0.13980771675440432,1.0,4.0,0.03500000000000014,Schematic internal layout
GBA-0652,StudyCartEdge1,GBA-0652 · Independent Game Pak gold edge contact001,Accessories,gold,1,0.13980771675440432,1.0,4.0,0.03500000000000014,Schematic internal layout
GBA-0653,StudyCartEdge2,GBA-0653 · Independent Game Pak gold edge contact002,Accessories,gold,1,0.13980771675440432,1.0,4.0,0.03500000000000014,Schematic internal layout
GBA-0654,StudyCartEdge3,GBA-0654 · Independent Game Pak gold edge contact003,Accessories,gold,1,0.13980771675440432,1.0,4.0,0.03500000000000014,Schematic internal layout
GBA-0655,StudyCartEdge4,GBA-0655 · Independent Game Pak gold edge contact004,Accessories,gold,1,0.13980771675440432,1.0,4.0,0.03500000000000014,Schematic internal layout
GBA-0656,StudyCartEdge5,GBA-0656 · Independent Game Pak gold edge contact005,Accessories,gold,1,0.13980771675440432,1.0,4.0,0.03500000000000014,Schematic internal layout
GBA-0657,StudyCartEdge6,GBA-0657 · Independent Game Pak gold edge contact006,Accessories,gold,1,0.13980771675440432,1.0,4.0,0.03500000000000014,Schematic internal layout
GBA-0658,StudyCartEdge7,GBA-0658 · Independent Game Pak gold edge contact007,Accessories,gold,1,0.13980771675440432,1.0,4.0,0.03500000000000014,Schematic internal layout
GBA-0659,StudyCartEdge8,GBA-0659 · Independent Game Pak gold edge contact008,Accessories,gold,1,0.13980771675440432,1.0,4.0,0.03500000000000014,Schematic internal layout
GBA-0660,StudyCartEdge9,GBA-0660 · Independent Game Pak gold edge contact009,Accessories,gold,1,0.13980771675440432,1.0,4.0,0.03500000000000014,Schematic internal layout
GBA-0661,StudyCartEdge10,GBA-0661 · Independent Game Pak gold edge contact010,Accessories,gold,1,0.13980771675440432,1.0,4.0,0.03500000000000014,Schematic internal layout
GBA-0662,StudyCartEdge11,GBA-0662 · Independent Game Pak gold edge contact011,Accessories,gold,1,0.13980771675440432,1.0,4.0,0.03500000000000014,Schematic internal layout
GBA-0663,StudyCartEdge12,GBA-0663 · Independent Game Pak gold edge contact012,Accessories,gold,1,0.1398077167544043,1.0,4.0,0.03500000000000014,Schematic internal layout
GBA-0664,StudyCartEdge13,GBA-0664 · Independent Game Pak gold edge contact013,Accessories,gold,1,0.13980771675440432,1.0,4.0,0.03500000000000014,Schematic internal layout
GBA-0665,StudyCartEdge14,GBA-0665 · Independent Game Pak gold edge contact014,Accessories,gold,1,0.13980771675440434,1.0,4.0,0.03500000000000014,Schematic internal layout
GBA-0666,StudyCartEdge15,GBA-0666 · Independent Game Pak gold edge contact015,Accessories,gold,1,0.13980771675440432,1.0,4.0,0.03500000000000014,Schematic internal layout
GBA-0667,StudyCartEdge16,GBA-0667 · Independent Game Pak gold edge contact016,Accessories,gold,1,0.13980771675440432,1.0,4.0,0.03500000000000014,Schematic internal layout
GBA-0668,StudyCartEdge17,GBA-0668 · Independent Game Pak gold edge contact017,Accessories,gold,1,0.13980771675440432,1.0,4.0,0.03500000000000014,Schematic internal layout
GBA-0669,StudyCartEdge18,GBA-0669 · Independent Game Pak gold edge contact018,Accessories,gold,1,0.13980771675440432,1.0,4.0,0.03500000000000014,Schematic internal layout
GBA-0670,StudyCartEdge19,GBA-0670 · Independent Game Pak gold edge contact019,Accessories,gold,1,0.13980771675440432,1.0,4.0,0.03500000000000014,Schematic internal layout
GBA-0671,StudyCartEdge20,GBA-0671 · Independent Game Pak gold edge contact020,Accessories,gold,1,0.13980771675440432,1.0,4.0,0.03500000000000014,Schematic internal layout
GBA-0672,StudyCartEdge21,GBA-0672 · Independent Game Pak gold edge contact021,Accessories,gold,1,0.13980771675440432,1.0,4.0,0.03500000000000014,Schematic internal layout
GBA-0673,StudyCartEdge22,GBA-0673 · Independent Game Pak gold edge contact022,Accessories,gold,1,0.13980771675440432,1.0,4.0,0.03500000000000014,Schematic internal layout
GBA-0674,StudyCartEdge23,GBA-0674 · Independent Game Pak gold edge contact023,Accessories,gold,1,0.13980771675440432,1.0,4.0,0.03500000000000014,Schematic internal layout
GBA-0675,StudyCartEdge24,GBA-0675 · Independent Game Pak gold edge contact024,Accessories,gold,1,0.13980771675440432,1.0,4.0,0.03500000000000014,Schematic internal layout
GBA-0676,StudyCartEdge25,GBA-0676 · Independent Game Pak gold edge contact025,Accessories,gold,1,0.13980771675440432,1.0,4.0,0.03500000000000014,Schematic internal layout
GBA-0677,StudyCartEdge26,GBA-0677 · Independent Game Pak gold edge contact026,Accessories,gold,1,0.13980771675440432,1.0,4.0,0.03500000000000014,Schematic internal layout
GBA-0678,StudyCartEdge27,GBA-0678 · Independent Game Pak gold edge contact027,Accessories,gold,1,0.1398077167544043,1.0,4.0,0.03500000000000014,Schematic internal layout
GBA-0679,StudyCartEdge28,GBA-0679 · Independent Game Pak gold edge contact028,Accessories,gold,1,0.13980771675440432,1.0,4.0,0.03500000000000014,Schematic internal layout
GBA-0680,StudyCartEdge29,GBA-0680 · Independent Game Pak gold edge contact029,Accessories,gold,1,0.1398077167544043,1.0,4.0,0.03500000000000014,Schematic internal layout
GBA-0681,StudyCartEdge30,GBA-0681 · Independent Game Pak gold edge contact030,Accessories,gold,1,0.1398077167544043,1.0,4.0,0.03500000000000014,Schematic internal layout
GBA-0682,StudyCartEdge31,GBA-0682 · Independent Game Pak gold edge contact031,Accessories,gold,1,0.1398077167544043,1.0,4.0,0.03500000000000014,Schematic internal layout
GBA-0683,StudyCartRAM,GBA-0683 · Independent nonfunctional RAM package envelope,Accessories,black,1,202.4570796326795,9.0,18.0,1.25,Schematic internal layout
GBA-0684,StudyCartRAMLead-1_0,GBA-0684 · Independent cartridge package terminal,Accessories,metal,1,0.02687381412007772,0.75,0.3000000000000007,0.1200000000000001,Schematic internal layout
GBA-0685,StudyCartRAMLead-1_1,GBA-0685 · Independent cartridge package terminal001,Accessories,metal,1,0.02687381412007772,0.75,0.3000000000000007,0.1200000000000001,Schematic internal layout
GBA-0686,StudyCartRAMLead-1_2,GBA-0686 · Independent cartridge package terminal002,Accessories,metal,1,0.0268738141200777,0.75,0.3000000000000007,0.1200000000000001,Schematic internal layout
GBA-0687,StudyCartRAMLead-1_3,GBA-0687 · Independent cartridge package terminal003,Accessories,metal,1,0.026873814120077697,0.75,0.3000000000000007,0.1200000000000001,Schematic internal layout
GBA-0688,StudyCartRAMLead-1_4,GBA-0688 · Independent cartridge package terminal004,Accessories,metal,1,0.0268738141200777,0.75,0.29999999999999993,0.1200000000000001,Schematic internal layout
GBA-0689,StudyCartRAMLead-1_5,GBA-0689 · Independent cartridge package terminal005,Accessories,metal,1,0.026873814120077704,0.75,0.30000000000000004,0.1200000000000001,Schematic internal layout
GBA-0690,StudyCartRAMLead-1_6,GBA-0690 · Independent cartridge package terminal006,Accessories,metal,1,0.0268738141200777,0.75,0.2999999999999998,0.1200000000000001,Schematic internal layout
GBA-0691,StudyCartRAMLead-1_7,GBA-0691 · Independent cartridge package terminal007,Accessories,metal,1,0.0268738141200777,0.75,0.2999999999999998,0.1200000000000001,Schematic internal layout
GBA-0692,StudyCartRAMLead-1_8,GBA-0692 · Independent cartridge package terminal008,Accessories,metal,1,0.0268738141200777,0.75,0.3000000000000007,0.1200000000000001,Schematic internal layout
GBA-0693,StudyCartRAMLead-1_9,GBA-0693 · Independent cartridge package terminal009,Accessories,metal,1,0.026873814120077725,0.75,0.3000000000000007,0.1200000000000001,Schematic internal layout
GBA-0694,StudyCartRAMLead-1_10,GBA-0694 · Independent cartridge package terminal010,Accessories,metal,1,0.02687381412007772,0.75,0.3000000000000007,0.1200000000000001,Schematic internal layout
GBA-0695,StudyCartRAMLead-1_11,GBA-0695 · Independent cartridge package terminal011,Accessories,metal,1,0.02687381412007772,0.75,0.3000000000000007,0.1200000000000001,Schematic internal layout
GBA-0696,StudyCartRAMLead-1_12,GBA-0696 · Independent cartridge package terminal012,Accessories,metal,1,0.02687381412007772,0.75,0.3000000000000007,0.1200000000000001,Schematic internal layout
GBA-0697,StudyCartRAMLead-1_13,GBA-0697 · Independent cartridge package terminal013,Accessories,metal,1,0.02687381412007772,0.75,0.3000000000000007,0.1200000000000001,Schematic internal layout
GBA-0698,StudyCartRAMLead1_0,GBA-0698 · Independent cartridge package terminal014,Accessories,metal,1,0.02687381412007772,0.75,0.3000000000000007,0.1200000000000001,Schematic internal layout
GBA-0699,StudyCartRAMLead1_1,GBA-0699 · Independent cartridge package terminal015,Accessories,metal,1,0.02687381412007772,0.75,0.3000000000000007,0.1200000000000001,Schematic internal layout
GBA-0700,StudyCartRAMLead1_2,GBA-0700 · Independent cartridge package terminal016,Accessories,metal,1,0.0268738141200777,0.75,0.3000000000000007,0.1200000000000001,Schematic internal layout
GBA-0701,StudyCartRAMLead1_3,GBA-0701 · Independent cartridge package terminal017,Accessories,metal,1,0.026873814120077697,0.75,0.3000000000000007,0.1200000000000001,Schematic internal layout
GBA-0702,StudyCartRAMLead1_4,GBA-0702 · Independent cartridge package terminal018,Accessories,metal,1,0.0268738141200777,0.75,0.29999999999999993,0.1200000000000001,Schematic internal layout
GBA-0703,StudyCartRAMLead1_5,GBA-0703 · Independent cartridge package terminal019,Accessories,metal,1,0.026873814120077704,0.75,0.30000000000000004,0.1200000000000001,Schematic internal layout
GBA-0704,StudyCartRAMLead1_6,GBA-0704 · Independent cartridge package terminal020,Accessories,metal,1,0.0268738141200777,0.75,0.2999999999999998,0.1200000000000001,Schematic internal layout
GBA-0705,StudyCartRAMLead1_7,GBA-0705 · Independent cartridge package terminal021,Accessories,metal,1,0.0268738141200777,0.75,0.2999999999999998,0.1200000000000001,Schematic internal layout
GBA-0706,StudyCartRAMLead1_8,GBA-0706 · Independent cartridge package terminal022,Accessories,metal,1,0.0268738141200777,0.75,0.3000000000000007,0.1200000000000001,Schematic internal layout
GBA-0707,StudyCartRAMLead1_9,GBA-0707 · Independent cartridge package terminal023,Accessories,metal,1,0.026873814120077725,0.75,0.3000000000000007,0.1200000000000001,Schematic internal layout
GBA-0708,StudyCartRAMLead1_10,GBA-0708 · Independent cartridge package terminal024,Accessories,metal,1,0.02687381412007772,0.75,0.3000000000000007,0.1200000000000001,Schematic internal layout
GBA-0709,StudyCartRAMLead1_11,GBA-0709 · Independent cartridge package terminal025,Accessories,metal,1,0.02687381412007772,0.75,0.3000000000000007,0.1200000000000001,Schematic internal layout
GBA-0710,StudyCartRAMLead1_12,GBA-0710 · Independent cartridge package terminal026,Accessories,metal,1,0.02687381412007772,0.75,0.3000000000000007,0.1200000000000001,Schematic internal layout
GBA-0711,StudyCartRAMLead1_13,GBA-0711 · Independent cartridge package terminal027,Accessories,metal,1,0.02687381412007772,0.75,0.3000000000000007,0.1200000000000001,Schematic internal layout
GBA-0712,StudyCartROM,GBA-0712 · Independent nonfunctional ROM package envelope,Accessories,black,1,261.20707963267955,11.0,19.0,1.25,Schematic internal layout
GBA-0713,StudyCartROMLead-1_0,GBA-0713 · Independent cartridge package terminal028,Accessories,metal,1,0.02687381412007773,0.75,0.3000000000000007,0.1200000000000001,Schematic internal layout
GBA-0714,StudyCartROMLead-1_1,GBA-0714 · Independent cartridge package terminal029,Accessories,metal,1,0.026873814120077725,0.75,0.3000000000000007,0.1200000000000001,Schematic internal layout
GBA-0715,StudyCartROMLead-1_2,GBA-0715 · Independent cartridge package terminal030,Accessories,metal,1,0.02687381412007772,0.75,0.3000000000000007,0.1200000000000001,Schematic internal layout
GBA-0716,StudyCartROMLead-1_3,GBA-0716 · Independent cartridge package terminal031,Accessories,metal,1,0.02687381412007771,0.75,0.3000000000000007,0.1200000000000001,Schematic internal layout
GBA-0717,StudyCartROMLead-1_4,GBA-0717 · Independent cartridge package terminal032,Accessories,metal,1,0.0268738141200777,0.75,0.3000000000000007,0.1200000000000001,Schematic internal layout
GBA-0718,StudyCartROMLead-1_5,GBA-0718 · Independent cartridge package terminal033,Accessories,metal,1,0.026873814120077697,0.75,0.3000000000000007,0.1200000000000001,Schematic internal layout
GBA-0719,StudyCartROMLead-1_6,GBA-0719 · Independent cartridge package terminal034,Accessories,metal,1,0.0268738141200777,0.75,0.2999999999999998,0.1200000000000001,Schematic internal layout
GBA-0720,StudyCartROMLead-1_7,GBA-0720 · Independent cartridge package terminal035,Accessories,metal,1,0.0268738141200777,0.75,0.29999999999999993,0.1200000000000001,Schematic internal layout
GBA-0721,StudyCartROMLead-1_8,GBA-0721 · Independent cartridge package terminal036,Accessories,metal,1,0.026873814120077704,0.75,0.3,0.1200000000000001,Schematic internal layout
GBA-0722,StudyCartROMLead-1_9,GBA-0722 · Independent cartridge package terminal037,Accessories,metal,1,0.026873814120077704,0.75,0.30000000000000004,0.1200000000000001,Schematic internal layout
GBA-0723,StudyCartROMLead-1_10,GBA-0723 · Independent cartridge package terminal038,Accessories,metal,1,0.0268738141200777,0.75,0.2999999999999998,0.1200000000000001,Schematic internal layout
GBA-0724,StudyCartROMLead-1_11,GBA-0724 · Independent cartridge package terminal039,Accessories,metal,1,0.026873814120077697,0.75,0.3000000000000007,0.1200000000000001,Schematic internal layout
GBA-0725,StudyCartROMLead-1_12,GBA-0725 · Independent cartridge package terminal040,Accessories,metal,1,0.026873814120077697,0.75,0.3000000000000007,0.1200000000000001,Schematic internal layout
GBA-0726,StudyCartROMLead-1_13,GBA-0726 · Independent cartridge package terminal041,Accessories,metal,1,0.02687381412007771,0.75,0.3000000000000007,0.1200000000000001,Schematic internal layout
GBA-0727,StudyCartROMLead-1_14,GBA-0727 · Independent cartridge package terminal042,Accessories,metal,1,0.02687381412007772,0.75,0.3000000000000007,0.1200000000000001,Schematic internal layout
GBA-0728,StudyCartROMLead-1_15,GBA-0728 · Independent cartridge package terminal043,Accessories,metal,1,0.02687381412007772,0.75,0.3000000000000007,0.1200000000000001,Schematic internal layout
GBA-0729,StudyCartROMLead-1_16,GBA-0729 · Independent cartridge package terminal044,Accessories,metal,1,0.02687381412007772,0.75,0.3000000000000007,0.1200000000000001,Schematic internal layout
GBA-0730,StudyCartROMLead-1_17,GBA-0730 · Independent cartridge package terminal045,Accessories,metal,1,0.026873814120077725,0.75,0.3000000000000007,0.1200000000000001,Schematic internal layout
GBA-0731,StudyCartROMLead-1_18,GBA-0731 · Independent cartridge package terminal046,Accessories,metal,1,0.026873814120077725,0.75,0.3000000000000007,0.1200000000000001,Schematic internal layout
GBA-0732,StudyCartROMLead-1_19,GBA-0732 · Independent cartridge package terminal047,Accessories,metal,1,0.02687381412007772,0.75,0.3000000000000007,0.1200000000000001,Schematic internal layout
GBA-0733,StudyCartROMLead-1_20,GBA-0733 · Independent cartridge package terminal048,Accessories,metal,1,0.026873814120077718,0.75,0.3000000000000007,0.1200000000000001,Schematic internal layout
GBA-0734,StudyCartROMLead-1_21,GBA-0734 · Independent cartridge package terminal049,Accessories,metal,1,0.026873814120077718,0.75,0.3000000000000007,0.1200000000000001,Schematic internal layout
GBA-0735,StudyCartROMLead1_0,GBA-0735 · Independent cartridge package terminal050,Accessories,metal,1,0.026873814120077718,0.75,0.3000000000000007,0.1200000000000001,Schematic internal layout
GBA-0736,StudyCartROMLead1_1,GBA-0736 · Independent cartridge package terminal051,Accessories,metal,1,0.02687381412007772,0.75,0.3000000000000007,0.1200000000000001,Schematic internal layout
GBA-0737,StudyCartROMLead1_2,GBA-0737 · Independent cartridge package terminal052,Accessories,metal,1,0.026873814120077718,0.75,0.3000000000000007,0.1200000000000001,Schematic internal layout
GBA-0738,StudyCartROMLead1_3,GBA-0738 · Independent cartridge package terminal053,Accessories,metal,1,0.026873814120077708,0.75,0.3000000000000007,0.1200000000000001,Schematic internal layout
GBA-0739,StudyCartROMLead1_4,GBA-0739 · Independent cartridge package terminal054,Accessories,metal,1,0.026873814120077697,0.75,0.3000000000000007,0.1200000000000001,Schematic internal layout
GBA-0740,StudyCartROMLead1_5,GBA-0740 · Independent cartridge package terminal055,Accessories,metal,1,0.026873814120077697,0.75,0.3000000000000007,0.1200000000000001,Schematic internal layout
GBA-0741,StudyCartROMLead1_6,GBA-0741 · Independent cartridge package terminal056,Accessories,metal,1,0.026873814120077694,0.75,0.2999999999999998,0.1200000000000001,Schematic internal layout
GBA-0742,StudyCartROMLead1_7,GBA-0742 · Independent cartridge package terminal057,Accessories,metal,1,0.0268738141200777,0.75,0.29999999999999993,0.1200000000000001,Schematic internal layout
GBA-0743,StudyCartROMLead1_8,GBA-0743 · Independent cartridge package terminal058,Accessories,metal,1,0.026873814120077697,0.75,0.3,0.1200000000000001,Schematic internal layout
GBA-0744,StudyCartROMLead1_9,GBA-0744 · Independent cartridge package terminal059,Accessories,metal,1,0.0268738141200777,0.75,0.30000000000000004,0.1200000000000001,Schematic internal layout
GBA-0745,StudyCartROMLead1_10,GBA-0745 · Independent cartridge package terminal060,Accessories,metal,1,0.026873814120077694,0.75,0.2999999999999998,0.1200000000000001,Schematic internal layout
GBA-0746,StudyCartROMLead1_11,GBA-0746 · Independent cartridge package terminal061,Accessories,metal,1,0.026873814120077694,0.75,0.3000000000000007,0.1200000000000001,Schematic internal layout
GBA-0747,StudyCartROMLead1_12,GBA-0747 · Independent cartridge package terminal062,Accessories,metal,1,0.026873814120077697,0.75,0.3000000000000007,0.1200000000000001,Schematic internal layout
GBA-0748,StudyCartROMLead1_13,GBA-0748 · Independent cartridge package terminal063,Accessories,metal,1,0.026873814120077708,0.75,0.3000000000000007,0.1200000000000001,Schematic internal layout
GBA-0749,StudyCartROMLead1_14,GBA-0749 · Independent cartridge package terminal064,Accessories,metal,1,0.026873814120077714,0.75,0.3000000000000007,0.1200000000000001,Schematic internal layout
GBA-0750,StudyCartROMLead1_15,GBA-0750 · Independent cartridge package terminal065,Accessories,metal,1,0.02687381412007772,0.75,0.3000000000000007,0.1200000000000001,Schematic internal layout
GBA-0751,StudyCartROMLead1_16,GBA-0751 · Independent cartridge package terminal066,Accessories,metal,1,0.026873814120077718,0.75,0.3000000000000007,0.1200000000000001,Schematic internal layout
GBA-0752,StudyCartROMLead1_17,GBA-0752 · Independent cartridge package terminal067,Accessories,metal,1,0.02687381412007772,0.75,0.3000000000000007,0.1200000000000001,Schematic internal layout
GBA-0753,StudyCartROMLead1_18,GBA-0753 · Independent cartridge package terminal068,Accessories,metal,1,0.02687381412007772,0.75,0.3000000000000007,0.1200000000000001,Schematic internal layout
GBA-0754,StudyCartROMLead1_19,GBA-0754 · Independent cartridge package terminal069,Accessories,metal,1,0.026873814120077714,0.75,0.3000000000000007,0.1200000000000001,Schematic internal layout
GBA-0755,StudyCartROMLead1_20,GBA-0755 · Independent cartridge package terminal070,Accessories,metal,1,0.026873814120077714,0.75,0.3000000000000007,0.1200000000000001,Schematic internal layout
GBA-0756,StudyCartROMLead1_21,GBA-0756 · Independent cartridge package terminal071,Accessories,metal,1,0.026873814120077718,0.75,0.3000000000000007,0.1200000000000001,Schematic internal layout
GBA-0757,StudyCartSupervisor,GBA-0757 · Independent nonfunctional Supervisor package envelope,Accessories,black,1,24.957079632679488,5.0,4.0,1.25,Schematic internal layout
GBA-0758,StudyCartSupervisorLead-1_0,GBA-0758 · Independent cartridge package terminal072,Accessories,metal,1,0.02687381412007772,0.75,0.3000000000000007,0.1200000000000001,Schematic internal layout
GBA-0759,StudyCartSupervisorLead-1_1,GBA-0759 · Independent cartridge package terminal073,Accessories,metal,1,0.02687381412007772,0.75,0.3000000000000007,0.1200000000000001,Schematic internal layout
GBA-0760,StudyCartSupervisorLead-1_2,GBA-0760 · Independent cartridge package terminal074,Accessories,metal,1,0.02687381412007772,0.75,0.3000000000000007,0.1200000000000001,Schematic internal layout
GBA-0761,StudyCartSupervisorLead-1_3,GBA-0761 · Independent cartridge package terminal075,Accessories,metal,1,0.02687381412007772,0.75,0.3000000000000007,0.1200000000000001,Schematic internal layout
GBA-0762,StudyCartSupervisorLead1_0,GBA-0762 · Independent cartridge package terminal076,Accessories,metal,1,0.02687381412007772,0.75,0.3000000000000007,0.1200000000000001,Schematic internal layout
GBA-0763,StudyCartSupervisorLead1_1,GBA-0763 · Independent cartridge package terminal077,Accessories,metal,1,0.02687381412007772,0.75,0.3000000000000007,0.1200000000000001,Schematic internal layout
GBA-0764,StudyCartSupervisorLead1_2,GBA-0764 · Independent cartridge package terminal078,Accessories,metal,1,0.02687381412007772,0.75,0.3000000000000007,0.1200000000000001,Schematic internal layout
GBA-0765,StudyCartSupervisorLead1_3,GBA-0765 · Independent cartridge package terminal079,Accessories,metal,1,0.02687381412007772,0.75,0.3000000000000007,0.1200000000000001,Schematic internal layout
GBA-0766,StudyCartPassive0,GBA-0766 · Independent cartridge passive study,Accessories,tan,1,0.38231752160103494,1.1999999999999886,0.8,0.3999999999999999,Schematic internal layout
GBA-0767,StudyCartPassive1,GBA-0767 · Independent cartridge passive study001,Accessories,tan,1,0.38231752160103505,1.1999999999999886,0.8000000000000007,0.3999999999999999,Schematic internal layout
GBA-0768,StudyCartPassive2,GBA-0768 · Independent cartridge passive study002,Accessories,tan,1,0.3823175216010351,1.1999999999999886,0.8000000000000007,0.3999999999999999,Schematic internal layout
GBA-0769,StudyCartPassive3,GBA-0769 · Independent cartridge passive study003,Accessories,tan,1,0.38231752160103505,1.1999999999999886,0.8000000000000007,0.3999999999999999,Schematic internal layout
GBA-0770,StudyCartBatteryPad0,GBA-0770 · Separate depopulated battery solder pad,Accessories,metal,1,0.7138194671058469,3.0,3.0,0.08000000000000007,Schematic internal layout
GBA-0771,StudyCartBatteryPad1,GBA-0771 · Separate depopulated battery solder pad001,Accessories,metal,1,0.7138194671058468,3.0,3.0,0.08000000000000007,Schematic internal layout
GBA-0772,StudyCartLabel,GBA-0772 · Independent blank study label,Accessories,agbgray,1,72.14111147369357,43.0,21.0,0.08000000000000007,Published envelope; approximate local detail
GBA-0773,StudyCartTitle,GBA-0773 · GAME PAK,Accessories,white,7,0.26424692550982953,17.786589865100666,2.6311411395973154,0.018000200000000355,Published envelope; approximate local detail
GBA-0774,StudyCartNotice,GBA-0774 · NO GAME DATA,Accessories,white,10,0.11840505049348451,14.68294882550336,1.4617451664429528,0.018000200000000355,Published envelope; approximate local detail
GBA-0775,StudyCartTop,GBA-0775 · ADVANCE / STUDY,Accessories,white,13,0.16964000316858202,19.91346057046981,1.8255034557046983,0.018000200000000355,Published envelope; approximate local detail
GBA-0776,StudyCartCR1616,GBA-0776 · Separate removed cartridge backup-cell envelope,Accessories,metal,1,321.6990877275948,16.0,16.0,1.6,Schematic internal layout
GBA-0777,StudyCartBatteryCode,GBA-0777 · CR1616,Accessories,black,6,0.03824962697541765,5.90239952885905,1.1693961731543645,0.018000199999999467,Published envelope; approximate local detail
GBA-0778,RearModelCode,GBA-0778 · AGB-001 / CAD STUDY,Markings,black,16,0.19852777088637644,24.399635067114094,1.8255034557046983,0.018000200000000008,Published envelope; approximate local detail
GBA-0779,RearSerialBoundary,GBA-0779 · NOT A SERIAL NUMBER,Markings,black,16,0.09577449446607823,16.314190536241615,1.0719465087248352,0.018000200000000008,Published envelope; approximate local detail
