Part number,Part ID,Label,Assembly,Material,Solid count,Volume mm3,X mm,Y mm,Z mm,Fidelity
N64-0001,LowerHousing,N64-0001 · Rounded lower enclosure with corner pods011,Body,n64grey,1,121495.8012514862,260.0,190.0,24.000000000000018,Published envelope; approximate photographic exterior detail
N64-0002,UpperHousing,N64-0002 · Original transverse arched upper enclosure014,Body,n64grey,1,113993.67515732885,260.0,190.0,68.80000020011116,Published envelope; approximate photographic exterior detail
N64-0003,Foot0,N64-0003 · Corner support foot004,Body,rubber,1,1343.668602718315,32.0,32.0,1.7,Published envelope; approximate photographic exterior detail
N64-0004,Foot1,N64-0004 · Corner support foot005,Body,rubber,1,1343.668602718315,32.0,32.0,1.7,Published envelope; approximate photographic exterior detail
N64-0005,Foot2,N64-0005 · Corner support foot006,Body,rubber,1,1343.668602718315,32.0,32.0,1.7,Published envelope; approximate photographic exterior detail
N64-0006,Foot3,N64-0006 · Corner support foot007,Body,rubber,1,1343.668602718315,32.0,32.0,1.7,Published envelope; approximate photographic exterior detail
N64-0007,PortCup1,N64-0007 · Controller 1 grey socket body001,Ports,portgrey,1,2196.0408464366087,27.0,17.75,27.0,Published envelope; approximate photographic exterior detail
N64-0008,PortInsert1,N64-0008 · Three-position connector insert,Ports,portgrey,1,839.7745065947017,19.716417910447774,4.299999999999997,13.400000000000002,Schematic internal layout
N64-0009,PortContact1_0,N64-0009 · Three-wire controller socket contact012,Ports,gold,1,21.9269332384867,2.8000000000000114,21.64000010000001,18.599999999999998,Published envelope; approximate photographic exterior detail
N64-0010,PortContact1_1,N64-0010 · Three-wire controller socket contact013,Ports,gold,1,21.926933238487575,2.8000000000000114,21.64000010000001,18.599999999999998,Published envelope; approximate photographic exterior detail
N64-0011,PortContact1_2,N64-0011 · Three-wire controller socket contact014,Ports,gold,1,21.92693323848757,2.8000000000000114,21.64000010000001,18.599999999999998,Published envelope; approximate photographic exterior detail
N64-0012,PortDot1_0,N64-0012 · Controller index dot,Ports,portgrey,1,0.0760265422168726,1.0999999999999943,0.0799999999999983,1.1000000000000014,Published envelope; approximate photographic exterior detail
N64-0013,PortCup2,N64-0013 · Controller 2 grey socket body001,Ports,portgrey,1,2196.0408464366087,27.0,17.75,27.0,Published envelope; approximate photographic exterior detail
N64-0014,PortInsert2,N64-0014 · Three-position connector insert001,Ports,portgrey,1,839.7745065947017,19.71641791044776,4.299999999999997,13.400000000000002,Schematic internal layout
N64-0015,PortContact2_0,N64-0015 · Three-wire controller socket contact015,Ports,gold,1,21.926933238487642,2.799999999999997,21.64000010000001,18.599999999999998,Published envelope; approximate photographic exterior detail
N64-0016,PortContact2_1,N64-0016 · Three-wire controller socket contact016,Ports,gold,1,21.926933238487635,2.799999999999997,21.64000010000001,18.599999999999998,Published envelope; approximate photographic exterior detail
N64-0017,PortContact2_2,N64-0017 · Three-wire controller socket contact017,Ports,gold,1,21.92693323848764,2.799999999999997,21.64000010000001,18.599999999999998,Published envelope; approximate photographic exterior detail
N64-0018,PortDot2_0,N64-0018 · Controller index dot001,Ports,portgrey,1,0.0760265422168725,1.0999999999999943,0.0799999999999983,1.1000000000000014,Published envelope; approximate photographic exterior detail
N64-0019,PortDot2_1,N64-0019 · Controller index dot002,Ports,portgrey,1,0.0760265422168725,1.0999999999999943,0.0799999999999983,1.1000000000000014,Published envelope; approximate photographic exterior detail
N64-0020,PortCup3,N64-0020 · Controller 3 grey socket body001,Ports,portgrey,1,2196.0408464366087,27.0,17.75,27.0,Published envelope; approximate photographic exterior detail
N64-0021,PortInsert3,N64-0021 · Three-position connector insert002,Ports,portgrey,1,839.7745065947017,19.71641791044776,4.299999999999997,13.400000000000002,Schematic internal layout
N64-0022,PortContact3_0,N64-0022 · Three-wire controller socket contact018,Ports,gold,1,21.926933238487443,2.799999999999997,21.64000010000001,18.599999999999998,Published envelope; approximate photographic exterior detail
N64-0023,PortContact3_1,N64-0023 · Three-wire controller socket contact019,Ports,gold,1,21.92693323848744,2.799999999999997,21.64000010000001,18.599999999999998,Published envelope; approximate photographic exterior detail
N64-0024,PortContact3_2,N64-0024 · Three-wire controller socket contact020,Ports,gold,1,21.92693323848744,2.799999999999997,21.64000010000001,18.599999999999998,Published envelope; approximate photographic exterior detail
N64-0025,PortDot3_0,N64-0025 · Controller index dot003,Ports,portgrey,1,0.0760265422168725,1.0999999999999943,0.0799999999999983,1.1000000000000014,Published envelope; approximate photographic exterior detail
N64-0026,PortDot3_1,N64-0026 · Controller index dot004,Ports,portgrey,1,0.0760265422168725,1.0999999999999943,0.0799999999999983,1.1000000000000014,Published envelope; approximate photographic exterior detail
N64-0027,PortDot3_2,N64-0027 · Controller index dot005,Ports,portgrey,1,0.0760265422168725,1.0999999999999943,0.0799999999999983,1.1000000000000014,Published envelope; approximate photographic exterior detail
N64-0028,PortCup4,N64-0028 · Controller 4 grey socket body001,Ports,portgrey,1,2196.0408464366087,27.0,17.75,27.0,Published envelope; approximate photographic exterior detail
N64-0029,PortInsert4,N64-0029 · Three-position connector insert003,Ports,portgrey,1,839.7745065947017,19.716417910447774,4.299999999999997,13.400000000000002,Schematic internal layout
N64-0030,PortContact4_0,N64-0030 · Three-wire controller socket contact021,Ports,gold,1,21.92693323848757,2.8000000000000114,21.64000010000001,18.599999999999998,Published envelope; approximate photographic exterior detail
N64-0031,PortContact4_1,N64-0031 · Three-wire controller socket contact022,Ports,gold,1,21.926933238487575,2.8000000000000114,21.64000010000001,18.599999999999998,Published envelope; approximate photographic exterior detail
N64-0032,PortContact4_2,N64-0032 · Three-wire controller socket contact023,Ports,gold,1,21.92693323848757,2.8000000000000114,21.64000010000001,18.599999999999998,Published envelope; approximate photographic exterior detail
N64-0033,PortDot4_0,N64-0033 · Controller index dot006,Ports,portgrey,1,0.0760265422168726,1.0999999999999943,0.0799999999999983,1.1000000000000014,Published envelope; approximate photographic exterior detail
N64-0034,PortDot4_1,N64-0034 · Controller index dot007,Ports,portgrey,1,0.0760265422168726,1.0999999999999943,0.0799999999999983,1.1000000000000014,Published envelope; approximate photographic exterior detail
N64-0035,PortDot4_2,N64-0035 · Controller index dot008,Ports,portgrey,1,0.0760265422168726,1.0999999999999943,0.0799999999999983,1.1000000000000014,Published envelope; approximate photographic exterior detail
N64-0036,PortDot4_3,N64-0036 · Controller index dot009,Ports,portgrey,1,0.0760265422168726,1.0999999999999943,0.0799999999999983,1.1000000000000014,Published envelope; approximate photographic exterior detail
N64-0037,FrontBadge,N64-0037 · Central black front badge,Body,black,1,769.0938009881562,58.0,0.45000000000000284,30.0,Published envelope; approximate photographic exterior detail
N64-0038,Nintendo64Title,N64-0038 · NINTENDO 64,Body,white,10,0.6792331279971463,32.30500419463088,0.01800019999998881,3.605637783892618,Published envelope; approximate photographic exterior detail
N64-0039,ColourMark0,N64-0039 · N64 colour study mark,Body,ngreen,1,10.00000000000052,20.0,0.04000000000000625,18.0,Published envelope; approximate photographic exterior detail
N64-0040,ColourMark1,N64-0040 · N64 colour study mark001,Body,nblue,1,2.88000000000015,4.0,0.04000000000000625,21.0,Published envelope; approximate photographic exterior detail
N64-0041,ColourMark2,N64-0041 · N64 colour study mark002,Body,nyellow,1,0.6000000000000312,9.0,0.04000000000000625,3.0,Published envelope; approximate photographic exterior detail
N64-0042,PowerLens,N64-0042 · Small front power indicator,Controls,red,1,8.88194671058465,7.6,0.5,2.5,Published envelope; approximate photographic exterior detail
N64-0043,CartridgeDeck,N64-0043 · D-shaped curved top cartridge insert002,Body,n64grey,1,16218.239368999151,146.00000020000024,106.00000020000002,10.400000200000008,Published envelope; approximate photographic exterior detail
N64-0044,DustFlap0,N64-0044 · Opposed grey cartridge dust door,CardReader,portgrey,1,1372.0396447372325,122.0,9.400000000000006,1.2000000000000028,Published envelope; approximate photographic exterior detail
N64-0045,FlapMark0_-1,N64-0045 · Cartridge door moulding line,CardReader,n64grey,1,0.04914634954085274,0.23999999999999488,8.200000000000003,0.025000000000005684,Published envelope; approximate photographic exterior detail
N64-0046,FlapMark0_1,N64-0046 · Cartridge door moulding line001,CardReader,n64grey,1,0.04914634954085274,0.23999999999999488,8.200000000000003,0.025000000000005684,Published envelope; approximate photographic exterior detail
N64-0047,DustFlap1,N64-0047 · Opposed grey cartridge dust door001,CardReader,portgrey,1,1372.0396447372325,122.0,9.400000000000006,1.2000000000000028,Published envelope; approximate photographic exterior detail
N64-0048,FlapMark1_-1,N64-0048 · Cartridge door moulding line002,CardReader,n64grey,1,0.04914634954085274,0.23999999999999488,8.200000000000003,0.025000000000005684,Published envelope; approximate photographic exterior detail
N64-0049,FlapMark1_1,N64-0049 · Cartridge door moulding line003,CardReader,n64grey,1,0.04914634954085274,0.23999999999999488,8.200000000000003,0.025000000000005684,Published envelope; approximate photographic exterior detail
N64-0050,TopNintendo,N64-0050 · Nintendo,Body,black,9,0.2913644219215424,17.545688019463086,3.095839126174482,0.01800019999998881,Published envelope; approximate photographic exterior detail
N64-0051,MemoryCover,N64-0051 · Curved memory expansion cover001,Body,n64grey,1,4818.941136036975,66.20000020000003,43.200000200000005,3.5427327001122677,Published envelope; approximate photographic exterior detail
N64-0052,MemoryTitle,N64-0052 · MEMORY EXPANSION,Body,black,15,0.2752154994432823,25.120008389261745,1.8515438241610553,0.01800019999998881,Published envelope; approximate photographic exterior detail
N64-0053,MemoryDot0,N64-0053 · Memory-cover finger index,Body,black,1,0.04523893421169535,1.1999999999999993,1.2000000000000028,0.04000000000000625,Published envelope; approximate photographic exterior detail
N64-0054,MemoryDot1,N64-0054 · Memory-cover finger index001,Body,black,1,0.04523893421169536,1.2000000000000002,1.2000000000000028,0.04000000000000625,Published envelope; approximate photographic exterior detail
N64-0055,MemoryDot2,N64-0055 · Memory-cover finger index002,Body,black,1,0.04523893421169535,1.2000000000000006,1.2000000000000028,0.04000000000000625,Published envelope; approximate photographic exterior detail
N64-0056,MemoryDot3,N64-0056 · Memory-cover finger index003,Body,black,1,0.04523893421169535,1.1999999999999993,1.2000000000000028,0.04000000000000625,Published envelope; approximate photographic exterior detail
N64-0057,PowerWell,N64-0057 · Power recessed switch surround,Controls,black,1,658.4849350939937,18.400000000000006,39.400000000000006,1.0,Published envelope; approximate photographic exterior detail
N64-0058,PowerButton,N64-0058 · Power control cap,Controls,n64grey,1,1495.5276479870204,15.300000000000011,31.0,3.5,Published envelope; approximate photographic exterior detail
N64-0059,PowerTitle,N64-0059 · POWER,Controls,black,5,0.1349699500052098,10.144085770469786,2.143892817449654,0.01800020000000302,Published envelope; approximate photographic exterior detail
N64-0060,ResetWell,N64-0060 · Reset recessed switch surround,Controls,black,1,658.4849350939937,18.400000000000006,39.400000000000006,1.0,Published envelope; approximate photographic exterior detail
N64-0061,ResetButton,N64-0061 · Reset control cap,Controls,n64grey,1,1495.5276479870201,15.300000000000011,31.0,3.5,Published envelope; approximate photographic exterior detail
N64-0062,ResetTitle,N64-0062 · RESET,Controls,black,5,0.11214906792303989,8.814765200671147,2.143892817449654,0.01800020000000302,Published envelope; approximate photographic exterior detail
N64-0063,PowerGrip,N64-0063 · Power slider raised grip,Controls,n64grey,1,92.3371669411541,13.0,3.700000000000003,2.0,Published envelope; approximate photographic exterior detail
N64-0064,PSULower,N64-0064 · Removable NUS-002 power module lower shell002,Power,black,1,11057.494754267314,61.800000000000004,39.800000000000004,21.0,Published envelope; approximate photographic exterior detail
N64-0065,PSUUpper,N64-0065 · Removable NUS-002 power module upper shell002,Power,black,1,12491.349599151003,61.80000010000003,39.8000002,25.00000020000004,Published envelope; approximate photographic exterior detail
N64-0066,PSURelease,N64-0066 · Power module release latch,Power,n64grey,1,153.98102592124337,13.0,10.0,1.2000000000000028,Published envelope; approximate photographic exterior detail
N64-0067,MultiOutHousing,N64-0067 · Nintendo Multi Out insulated housing,Ports,black,1,853.9597651604339,26.0,9.0,10.0,Published envelope; approximate photographic exterior detail
N64-0068,MultiOutTongue,N64-0068 · Multi Out contact tongue,Ports,black,1,155.63393797973725,21.800000000000004,6.5,1.1000000000000014,Schematic internal layout
N64-0069,MultiOutContact0_0,N64-0069 · Multi Out contact,Ports,gold,1,0.8114506192983029,1.4000000000000057,5.800000000000011,0.10000000000000142,Schematic internal layout
N64-0070,MultiOutContact0_1,N64-0070 · Multi Out contact001,Ports,gold,1,0.8114506192983029,1.4000000000000057,5.800000000000011,0.10000000000000142,Schematic internal layout
N64-0071,MultiOutContact0_2,N64-0071 · Multi Out contact002,Ports,gold,1,0.8114506192983029,1.4000000000000057,5.800000000000011,0.10000000000000142,Schematic internal layout
N64-0072,MultiOutContact0_3,N64-0072 · Multi Out contact003,Ports,gold,1,0.8114506192983029,1.4000000000000057,5.800000000000011,0.10000000000000142,Schematic internal layout
N64-0073,MultiOutContact0_4,N64-0073 · Multi Out contact004,Ports,gold,1,0.8114506192983029,1.4000000000000057,5.800000000000011,0.10000000000000142,Schematic internal layout
N64-0074,MultiOutContact0_5,N64-0074 · Multi Out contact005,Ports,gold,1,0.8114506192983029,1.4000000000000057,5.800000000000011,0.10000000000000142,Schematic internal layout
N64-0075,MultiOutContact1_0,N64-0075 · Multi Out contact006,Ports,gold,1,0.8114506192983029,1.4000000000000057,5.800000000000011,0.10000000000000142,Schematic internal layout
N64-0076,MultiOutContact1_1,N64-0076 · Multi Out contact007,Ports,gold,1,0.8114506192983029,1.4000000000000057,5.800000000000011,0.10000000000000142,Schematic internal layout
N64-0077,MultiOutContact1_2,N64-0077 · Multi Out contact008,Ports,gold,1,0.8114506192983029,1.4000000000000057,5.800000000000011,0.10000000000000142,Schematic internal layout
N64-0078,MultiOutContact1_3,N64-0078 · Multi Out contact009,Ports,gold,1,0.8114506192983029,1.4000000000000057,5.800000000000011,0.10000000000000142,Schematic internal layout
N64-0079,MultiOutContact1_4,N64-0079 · Multi Out contact010,Ports,gold,1,0.8114506192983029,1.4000000000000057,5.800000000000011,0.10000000000000142,Schematic internal layout
N64-0080,MultiOutContact1_5,N64-0080 · Multi Out contact011,Ports,gold,1,0.8114506192983029,1.4000000000000057,5.800000000000011,0.10000000000000142,Schematic internal layout
N64-0081,MultiOutTitle,N64-0081 · MULTI OUT,Body,portgrey,8,0.18115679080119784,15.624563758389272,0.01800019999998881,2.241342481879201,Published envelope; approximate photographic exterior detail
N64-0082,PowerSocket,N64-0082 · Six-position power connector body001,Ports,black,1,2111.235410522582,24.0,8.0,12.0,Schematic internal layout
N64-0083,PowerContact0_0,N64-0083 · Detachable PSU socket contact,Ports,gold,1,11.026990214100156,1.8000000000000114,7.799999999999997,1.7999999999999972,Schematic internal layout
N64-0084,PowerContact0_1,N64-0084 · Detachable PSU socket contact001,Ports,gold,1,11.02699021410016,1.8000000000000114,7.799999999999997,1.7999999999999972,Schematic internal layout
N64-0085,PowerContact0_2,N64-0085 · Detachable PSU socket contact002,Ports,gold,1,11.026990214100156,1.8000000000000114,7.799999999999997,1.7999999999999972,Schematic internal layout
N64-0086,PowerContact1_0,N64-0086 · Detachable PSU socket contact003,Ports,gold,1,11.026990214100156,1.8000000000000114,7.799999999999997,1.7999999999999972,Schematic internal layout
N64-0087,PowerContact1_1,N64-0087 · Detachable PSU socket contact004,Ports,gold,1,11.02699021410016,1.8000000000000114,7.799999999999997,1.7999999999999972,Schematic internal layout
N64-0088,PowerContact1_2,N64-0088 · Detachable PSU socket contact005,Ports,gold,1,11.026990214100156,1.8000000000000114,7.799999999999997,1.7999999999999972,Schematic internal layout
N64-0089,MainPCB,N64-0089 · NUS-CPU-04 reference mainboard study003,Mainboard,pcb,1,37109.753276293195,167.0,146.0,1.5999999999999996,Schematic internal layout
N64-0090,CPU,N64-0090 · CPU-NUS QFP package,Mainboard,black,1,2690.4154335088083,31.0,31.0,2.8000000000000007,Schematic internal layout
N64-0091,CPUMark,N64-0091 · CPU-NUS,Mainboard,white,7,0.11811073812131359,11.323574025503355,1.9489934885906042,0.018000199999999467,Published envelope; approximate photographic exterior detail
N64-0092,CPULeads0,N64-0092 · QFP terminal bank 1,Mainboard,metal,30,3.6960000000000144,29.28,2.0,0.22000000000000064,Schematic internal layout
N64-0093,CPULeads1,N64-0093 · QFP terminal bank 2,Mainboard,metal,30,3.6960000000000144,2.000000000000007,29.28,0.22000000000000064,Schematic internal layout
N64-0094,CPULeads2,N64-0094 · QFP terminal bank 3,Mainboard,metal,30,3.6960000000000126,29.28,2.000000000000007,0.22000000000000064,Schematic internal layout
N64-0095,CPULeads3,N64-0095 · QFP terminal bank 4,Mainboard,metal,30,3.696000000000007,2.000000000000007,29.279999999999998,0.22000000000000064,Schematic internal layout
N64-0096,RCP,N64-0096 · RCP-NUS QFP package,Mainboard,black,1,3628.415433508808,36.0,36.0,2.8000000000000007,Schematic internal layout
N64-0097,RCPMark,N64-0097 · RCP-NUS,Mainboard,white,7,0.12064028534750838,10.936157918120804,1.9489934885906024,0.018000199999999467,Published envelope; approximate photographic exterior detail
N64-0098,RCPLeads0,N64-0098 · QFP terminal bank 001,Mainboard,metal,40,4.928000000000019,34.28,2.0,0.22000000000000064,Schematic internal layout
N64-0099,RCPLeads1,N64-0099 · QFP terminal bank 002,Mainboard,metal,40,4.928000000000012,2.000000000000007,34.28,0.22000000000000064,Schematic internal layout
N64-0100,RCPLeads2,N64-0100 · QFP terminal bank 003,Mainboard,metal,40,4.928000000000012,34.28,2.000000000000007,0.22000000000000064,Schematic internal layout
N64-0101,RCPLeads3,N64-0101 · QFP terminal bank 004,Mainboard,metal,40,4.928000000000017,2.000000000000007,34.28,0.22000000000000064,Schematic internal layout
N64-0102,RDRAM0,N64-0102 · RDRAM18 low-profile package,Mainboard,black,1,455.21072118011665,23.0,11.0,1.8000000000000007,Schematic internal layout
N64-0103,RDRAM0Mark,N64-0103 · RDRAM18,Mainboard,white,6,0.10791778276592719,10.457709931543622,1.656644495302018,0.018000199999999467,Published envelope; approximate photographic exterior detail
N64-0104,RDRAM0Leads-1,N64-0104 · SOP lead bank,Mainboard,metal,16,1.2543999999999944,21.28,1.3999999999999986,0.1999999999999993,Schematic internal layout
N64-0105,RDRAM0Leads1,N64-0105 · SOP lead bank001,Mainboard,metal,16,1.2543999999999937,21.28,1.3999999999999986,0.1999999999999993,Schematic internal layout
N64-0106,RDRAM1,N64-0106 · RDRAM18 low-profile package001,Mainboard,black,1,455.21072118011665,23.0,11.0,1.8000000000000007,Schematic internal layout
N64-0107,RDRAM1Mark,N64-0107 · RDRAM001,Mainboard,white,6,0.10791778276592719,10.457709931543622,1.656644495302018,0.018000199999999467,Published envelope; approximate photographic exterior detail
N64-0108,RDRAM1Leads-1,N64-0108 · SOP lead bank002,Mainboard,metal,16,1.2543999999999944,21.28,1.3999999999999986,0.1999999999999993,Schematic internal layout
N64-0109,RDRAM1Leads1,N64-0109 · SOP lead bank003,Mainboard,metal,16,1.254399999999994,21.28,1.3999999999999986,0.1999999999999993,Schematic internal layout
N64-0110,VideoDAC,N64-0110 · VDC-NUS low-profile package,Mainboard,black,1,336.4107211801165,11.0,17.0,1.8000000000000007,Schematic internal layout
N64-0111,VideoDACMark,N64-0111 · VDC-NUS,Mainboard,white,7,0.08749612290682042,9.995629294630866,1.6566444953020127,0.018000199999999467,Published envelope; approximate photographic exterior detail
N64-0112,VideoDACLeads-1,N64-0112 · SOP lead bank004,Mainboard,metal,12,0.9408000000000006,9.280000000000001,1.4000000000000004,0.1999999999999993,Schematic internal layout
N64-0113,VideoDACLeads1,N64-0113 · SOP lead bank005,Mainboard,metal,12,0.9407999999999999,9.280000000000001,1.3999999999999986,0.1999999999999993,Schematic internal layout
N64-0114,VideoAmp,N64-0114 · VIDEO AMP low-profile package,Mainboard,black,1,158.21072118011656,8.0,11.0,1.8000000000000007,Schematic internal layout
N64-0115,VideoAmpMark,N64-0115 · VIDEO AMP,Mainboard,white,8,0.04796695551934455,8.009834179045491,1.0827742492170067,0.018000199999999467,Published envelope; approximate photographic exterior detail
N64-0116,VideoAmpLeads-1,N64-0116 · SOP lead bank006,Mainboard,metal,7,0.5488000000000002,6.280000000000001,1.4000000000000004,0.1999999999999993,Schematic internal layout
N64-0117,VideoAmpLeads1,N64-0117 · SOP lead bank007,Mainboard,metal,7,0.5487999999999996,6.280000000000001,1.3999999999999986,0.1999999999999993,Schematic internal layout
N64-0118,AudioDAC,N64-0118 · AUDIO DAC low-profile package,Mainboard,black,1,194.2107211801166,9.0,12.0,1.8000000000000007,Schematic internal layout
N64-0119,AudioDACMark,N64-0119 · AUDIO DAC,Mainboard,white,8,0.05908441586312177,9.091914948993285,1.2181210053691283,0.018000199999999467,Published envelope; approximate photographic exterior detail
N64-0120,AudioDACLeads-1,N64-0120 · SOP lead bank008,Mainboard,metal,8,0.6272000000000004,7.280000000000001,1.4000000000000004,0.1999999999999993,Schematic internal layout
N64-0121,AudioDACLeads1,N64-0121 · SOP lead bank009,Mainboard,metal,8,0.6272000000000002,7.280000000000001,1.4,0.1999999999999993,Schematic internal layout
N64-0122,PIF,N64-0122 · PIF-NUS low-profile package,Mainboard,black,1,316.6107211801167,16.0,11.0,1.8000000000000007,Schematic internal layout
N64-0123,PIFMark,N64-0123 · PIF-NUS,Mainboard,white,7,0.0764222985846824,8.30996244832216,1.656644495302018,0.018000199999999467,Published envelope; approximate photographic exterior detail
N64-0124,PIFLeads-1,N64-0124 · SOP lead bank010,Mainboard,metal,14,1.0976,14.280000000000001,1.3999999999999986,0.1999999999999993,Schematic internal layout
N64-0125,PIFLeads1,N64-0125 · SOP lead bank011,Mainboard,metal,14,1.0976,14.280000000000001,1.3999999999999986,0.1999999999999993,Schematic internal layout
N64-0126,ClockBuffer,N64-0126 · CLOCK low-profile package,Mainboard,black,1,86.21072118011658,8.0,6.0,1.8000000000000007,Schematic internal layout
N64-0127,ClockBufferMark,N64-0127 · CLOCK,Mainboard,white,5,0.06274349977624616,7.283259328187917,1.6566444953020127,0.018000199999999467,Published envelope; approximate photographic exterior detail
N64-0128,ClockBufferLeads-1,N64-0128 · SOP lead bank012,Mainboard,metal,4,0.31359999999999977,6.280000000000001,1.3999999999999986,0.1999999999999993,Schematic internal layout
N64-0129,ClockBufferLeads1,N64-0129 · SOP lead bank013,Mainboard,metal,4,0.3136000000000002,6.280000000000001,1.4000000000000004,0.1999999999999993,Schematic internal layout
N64-0130,CICLogic,N64-0130 · LOGIC low-profile package,Mainboard,black,1,88.01072118011656,7.0,7.0,1.8000000000000007,Schematic internal layout
N64-0131,CICLogicMark,N64-0131 · LOGIC,Mainboard,white,5,0.05854557325521719,6.407659495973149,1.656644495302018,0.018000199999999467,Published envelope; approximate photographic exterior detail
N64-0132,CICLogicLeads-1,N64-0132 · SOP lead bank014,Mainboard,metal,8,0.6271999999999995,5.280000000000001,1.3999999999999986,0.1999999999999993,Schematic internal layout
N64-0133,CICLogicLeads1,N64-0133 · SOP lead bank015,Mainboard,metal,8,0.6271999999999994,5.280000000000001,1.3999999999999986,0.1999999999999993,Schematic internal layout
N64-0134,BoardRevision,N64-0134 · NUS-CPU-04 / STUDY,Mainboard,white,16,0.334797869153632,30.588649328859063,2.4697987577181237,0.018000199999999467,Published envelope; approximate photographic exterior detail
N64-0135,GamePakSocket,N64-0135 · Game Pak connector housing001,CardReader,black,1,6292.741432242747,83.0,10.0,13.000000000000002,Schematic internal layout
N64-0136,GamePakContact-1_0,N64-0136 · Edge-connector leaf contact,CardReader,gold,1,1.0080000000000013,0.7000000000000028,1.6300000000000026,8.0,Schematic internal layout
N64-0137,GamePakContact-1_1,N64-0137 · Edge-connector leaf contact001,CardReader,gold,1,1.0079999999999996,0.6999999999999993,1.6300000000000026,8.0,Schematic internal layout
N64-0138,GamePakContact-1_2,N64-0138 · Edge-connector leaf contact002,CardReader,gold,1,1.0079999999999996,0.6999999999999993,1.6300000000000026,8.0,Schematic internal layout
N64-0139,GamePakContact-1_3,N64-0139 · Edge-connector leaf contact003,CardReader,gold,1,1.0079999999999996,0.6999999999999993,1.6300000000000026,8.0,Schematic internal layout
N64-0140,GamePakContact-1_4,N64-0140 · Edge-connector leaf contact004,CardReader,gold,1,1.0079999999999996,0.6999999999999993,1.6300000000000026,8.0,Schematic internal layout
N64-0141,GamePakContact-1_5,N64-0141 · Edge-connector leaf contact005,CardReader,gold,1,1.0079999999999996,0.6999999999999993,1.6300000000000026,8.0,Schematic internal layout
N64-0142,GamePakContact-1_6,N64-0142 · Edge-connector leaf contact006,CardReader,gold,1,1.0079999999999996,0.6999999999999993,1.6300000000000026,8.0,Schematic internal layout
N64-0143,GamePakContact-1_7,N64-0143 · Edge-connector leaf contact007,CardReader,gold,1,1.0079999999999993,0.6999999999999993,1.6300000000000026,8.0,Schematic internal layout
N64-0144,GamePakContact-1_8,N64-0144 · Edge-connector leaf contact008,CardReader,gold,1,1.0079999999999996,0.6999999999999993,1.6300000000000026,8.0,Schematic internal layout
N64-0145,GamePakContact-1_9,N64-0145 · Edge-connector leaf contact009,CardReader,gold,1,1.0079999999999993,0.6999999999999993,1.6300000000000026,8.0,Schematic internal layout
N64-0146,GamePakContact-1_10,N64-0146 · Edge-connector leaf contact010,CardReader,gold,1,1.008,0.7000000000000002,1.6300000000000026,8.0,Schematic internal layout
N64-0147,GamePakContact-1_11,N64-0147 · Edge-connector leaf contact011,CardReader,gold,1,1.0079999999999996,0.6999999999999997,1.6300000000000026,8.0,Schematic internal layout
N64-0148,GamePakContact-1_12,N64-0148 · Edge-connector leaf contact012,CardReader,gold,1,1.008,0.7,1.6300000000000026,8.0,Schematic internal layout
N64-0149,GamePakContact-1_13,N64-0149 · Edge-connector leaf contact013,CardReader,gold,1,1.0079999999999998,0.6999999999999997,1.6300000000000026,8.0,Schematic internal layout
N64-0150,GamePakContact-1_14,N64-0150 · Edge-connector leaf contact014,CardReader,gold,1,1.0079999999999998,0.7000000000000002,1.6300000000000026,8.0,Schematic internal layout
N64-0151,GamePakContact-1_15,N64-0151 · Edge-connector leaf contact015,CardReader,gold,1,1.0079999999999996,0.6999999999999993,1.6300000000000026,8.0,Schematic internal layout
N64-0152,GamePakContact-1_16,N64-0152 · Edge-connector leaf contact016,CardReader,gold,1,1.0079999999999993,0.6999999999999993,1.6300000000000026,8.0,Schematic internal layout
N64-0153,GamePakContact-1_17,N64-0153 · Edge-connector leaf contact017,CardReader,gold,1,1.0079999999999993,0.6999999999999993,1.6300000000000026,8.0,Schematic internal layout
N64-0154,GamePakContact-1_18,N64-0154 · Edge-connector leaf contact018,CardReader,gold,1,1.0079999999999998,0.6999999999999993,1.6300000000000026,8.0,Schematic internal layout
N64-0155,GamePakContact-1_19,N64-0155 · Edge-connector leaf contact019,CardReader,gold,1,1.0079999999999993,0.6999999999999993,1.6300000000000026,8.0,Schematic internal layout
N64-0156,GamePakContact-1_20,N64-0156 · Edge-connector leaf contact020,CardReader,gold,1,1.0079999999999993,0.6999999999999993,1.6300000000000026,8.0,Schematic internal layout
N64-0157,GamePakContact-1_21,N64-0157 · Edge-connector leaf contact021,CardReader,gold,1,1.0079999999999996,0.6999999999999993,1.6300000000000026,8.0,Schematic internal layout
N64-0158,GamePakContact-1_22,N64-0158 · Edge-connector leaf contact022,CardReader,gold,1,1.0079999999999996,0.6999999999999993,1.6300000000000026,8.0,Schematic internal layout
N64-0159,GamePakContact-1_23,N64-0159 · Edge-connector leaf contact023,CardReader,gold,1,1.0079999999999998,0.6999999999999993,1.6300000000000026,8.0,Schematic internal layout
N64-0160,GamePakContact-1_24,N64-0160 · Edge-connector leaf contact024,CardReader,gold,1,1.0080000000000011,0.7000000000000028,1.6300000000000026,8.0,Schematic internal layout
N64-0161,GamePakContact1_0,N64-0161 · Edge-connector leaf contact025,CardReader,gold,1,1.0080000000000016,0.7000000000000028,1.6300000000000026,8.0,Schematic internal layout
N64-0162,GamePakContact1_1,N64-0162 · Edge-connector leaf contact026,CardReader,gold,1,1.008,0.6999999999999993,1.6300000000000026,8.0,Schematic internal layout
N64-0163,GamePakContact1_2,N64-0163 · Edge-connector leaf contact027,CardReader,gold,1,1.0079999999999996,0.6999999999999993,1.6300000000000026,8.0,Schematic internal layout
N64-0164,GamePakContact1_3,N64-0164 · Edge-connector leaf contact028,CardReader,gold,1,1.0079999999999996,0.6999999999999993,1.6300000000000026,8.0,Schematic internal layout
N64-0165,GamePakContact1_4,N64-0165 · Edge-connector leaf contact029,CardReader,gold,1,1.0079999999999996,0.6999999999999993,1.6300000000000026,8.0,Schematic internal layout
N64-0166,GamePakContact1_5,N64-0166 · Edge-connector leaf contact030,CardReader,gold,1,1.0079999999999996,0.6999999999999993,1.6300000000000026,8.0,Schematic internal layout
N64-0167,GamePakContact1_6,N64-0167 · Edge-connector leaf contact031,CardReader,gold,1,1.0079999999999996,0.6999999999999993,1.6300000000000026,8.0,Schematic internal layout
N64-0168,GamePakContact1_7,N64-0168 · Edge-connector leaf contact032,CardReader,gold,1,1.0079999999999991,0.6999999999999993,1.6300000000000026,8.0,Schematic internal layout
N64-0169,GamePakContact1_8,N64-0169 · Edge-connector leaf contact033,CardReader,gold,1,1.0079999999999996,0.6999999999999993,1.6300000000000026,8.0,Schematic internal layout
N64-0170,GamePakContact1_9,N64-0170 · Edge-connector leaf contact034,CardReader,gold,1,1.0079999999999993,0.6999999999999993,1.6300000000000026,8.0,Schematic internal layout
N64-0171,GamePakContact1_10,N64-0171 · Edge-connector leaf contact035,CardReader,gold,1,1.008,0.7000000000000002,1.6300000000000026,8.0,Schematic internal layout
N64-0172,GamePakContact1_11,N64-0172 · Edge-connector leaf contact036,CardReader,gold,1,1.0079999999999993,0.6999999999999997,1.6300000000000026,8.0,Schematic internal layout
N64-0173,GamePakContact1_12,N64-0173 · Edge-connector leaf contact037,CardReader,gold,1,1.0079999999999996,0.7,1.6300000000000026,8.0,Schematic internal layout
N64-0174,GamePakContact1_13,N64-0174 · Edge-connector leaf contact038,CardReader,gold,1,1.0079999999999996,0.6999999999999997,1.6300000000000026,8.0,Schematic internal layout
N64-0175,GamePakContact1_14,N64-0175 · Edge-connector leaf contact039,CardReader,gold,1,1.0079999999999996,0.7000000000000002,1.6300000000000026,8.0,Schematic internal layout
N64-0176,GamePakContact1_15,N64-0176 · Edge-connector leaf contact040,CardReader,gold,1,1.0079999999999996,0.6999999999999993,1.6300000000000026,8.0,Schematic internal layout
N64-0177,GamePakContact1_16,N64-0177 · Edge-connector leaf contact041,CardReader,gold,1,1.0079999999999996,0.6999999999999993,1.6300000000000026,8.0,Schematic internal layout
N64-0178,GamePakContact1_17,N64-0178 · Edge-connector leaf contact042,CardReader,gold,1,1.0079999999999996,0.6999999999999993,1.6300000000000026,8.0,Schematic internal layout
N64-0179,GamePakContact1_18,N64-0179 · Edge-connector leaf contact043,CardReader,gold,1,1.0079999999999996,0.6999999999999993,1.6300000000000026,8.0,Schematic internal layout
N64-0180,GamePakContact1_19,N64-0180 · Edge-connector leaf contact044,CardReader,gold,1,1.0079999999999996,0.6999999999999993,1.6300000000000026,8.0,Schematic internal layout
N64-0181,GamePakContact1_20,N64-0181 · Edge-connector leaf contact045,CardReader,gold,1,1.0079999999999996,0.6999999999999993,1.6300000000000026,8.0,Schematic internal layout
N64-0182,GamePakContact1_21,N64-0182 · Edge-connector leaf contact046,CardReader,gold,1,1.008,0.6999999999999993,1.6300000000000026,8.0,Schematic internal layout
N64-0183,GamePakContact1_22,N64-0183 · Edge-connector leaf contact047,CardReader,gold,1,1.008,0.6999999999999993,1.6300000000000026,8.0,Schematic internal layout
N64-0184,GamePakContact1_23,N64-0184 · Edge-connector leaf contact048,CardReader,gold,1,1.0079999999999996,0.6999999999999993,1.6300000000000026,8.0,Schematic internal layout
N64-0185,GamePakContact1_24,N64-0185 · Edge-connector leaf contact049,CardReader,gold,1,1.0080000000000016,0.7000000000000028,1.6300000000000026,8.0,Schematic internal layout
N64-0186,GamePakMount,N64-0186 · Cartridge connector mounting plate002,CardReader,metal,1,1023.3720008440414,106.0,14.0,0.6999999999999993,Schematic internal layout
N64-0187,GamePakGuide,N64-0187 · Upper cartridge guide beneath the shutters,CardReader,black,1,3169.5114857512885,125.0,24.0,10.0,Schematic internal layout
N64-0188,MemorySocket,N64-0188 · 36-position memory expansion connector001,Memory,black,1,3701.626861597141,48.0,10.0,13.000000000000002,Schematic internal layout
N64-0189,MemoryContact-1_0,N64-0189 · Edge-connector leaf contact050,Memory,gold,1,1.0079999999999993,0.6999999999999993,1.6300000000000026,8.0,Schematic internal layout
N64-0190,MemoryContact-1_1,N64-0190 · Edge-connector leaf contact051,Memory,gold,1,1.0079999999999996,0.6999999999999993,1.6300000000000026,8.0,Schematic internal layout
N64-0191,MemoryContact-1_2,N64-0191 · Edge-connector leaf contact052,Memory,gold,1,1.0079999999999993,0.6999999999999993,1.6300000000000026,8.0,Schematic internal layout
N64-0192,MemoryContact-1_3,N64-0192 · Edge-connector leaf contact053,Memory,gold,1,1.0079999999999996,0.6999999999999993,1.6300000000000026,8.0,Schematic internal layout
N64-0193,MemoryContact-1_4,N64-0193 · Edge-connector leaf contact054,Memory,gold,1,1.0079999999999996,0.6999999999999993,1.6300000000000026,8.0,Schematic internal layout
N64-0194,MemoryContact-1_5,N64-0194 · Edge-connector leaf contact055,Memory,gold,1,1.008,0.7000000000000002,1.6300000000000026,8.0,Schematic internal layout
N64-0195,MemoryContact-1_6,N64-0195 · Edge-connector leaf contact056,Memory,gold,1,1.008,0.7000000000000002,1.6300000000000026,8.0,Schematic internal layout
N64-0196,MemoryContact-1_7,N64-0196 · Edge-connector leaf contact057,Memory,gold,1,1.0079999999999996,0.6999999999999997,1.6300000000000026,8.0,Schematic internal layout
N64-0197,MemoryContact-1_8,N64-0197 · Edge-connector leaf contact058,Memory,gold,1,1.0079999999999996,0.7,1.6300000000000026,8.0,Schematic internal layout
N64-0198,MemoryContact-1_9,N64-0198 · Edge-connector leaf contact059,Memory,gold,1,1.0079999999999996,0.7000000000000001,1.6300000000000026,8.0,Schematic internal layout
N64-0199,MemoryContact-1_10,N64-0199 · Edge-connector leaf contact060,Memory,gold,1,1.0079999999999996,0.6999999999999997,1.6300000000000026,8.0,Schematic internal layout
N64-0200,MemoryContact-1_11,N64-0200 · Edge-connector leaf contact061,Memory,gold,1,1.0079999999999998,0.7000000000000002,1.6300000000000026,8.0,Schematic internal layout
N64-0201,MemoryContact-1_12,N64-0201 · Edge-connector leaf contact062,Memory,gold,1,1.0079999999999998,0.6999999999999993,1.6300000000000026,8.0,Schematic internal layout
N64-0202,MemoryContact-1_13,N64-0202 · Edge-connector leaf contact063,Memory,gold,1,1.0079999999999996,0.6999999999999993,1.6300000000000026,8.0,Schematic internal layout
N64-0203,MemoryContact-1_14,N64-0203 · Edge-connector leaf contact064,Memory,gold,1,1.0079999999999996,0.6999999999999993,1.6300000000000026,8.0,Schematic internal layout
N64-0204,MemoryContact-1_15,N64-0204 · Edge-connector leaf contact065,Memory,gold,1,1.0079999999999993,0.6999999999999993,1.6300000000000026,8.0,Schematic internal layout
N64-0205,MemoryContact-1_16,N64-0205 · Edge-connector leaf contact066,Memory,gold,1,1.0079999999999996,0.6999999999999993,1.6300000000000026,8.0,Schematic internal layout
N64-0206,MemoryContact-1_17,N64-0206 · Edge-connector leaf contact067,Memory,gold,1,1.0079999999999993,0.6999999999999993,1.6300000000000026,8.0,Schematic internal layout
N64-0207,MemoryContact1_0,N64-0207 · Edge-connector leaf contact068,Memory,gold,1,1.0079999999999996,0.6999999999999993,1.6300000000000026,8.0,Schematic internal layout
N64-0208,MemoryContact1_1,N64-0208 · Edge-connector leaf contact069,Memory,gold,1,1.0079999999999996,0.6999999999999993,1.6300000000000026,8.0,Schematic internal layout
N64-0209,MemoryContact1_2,N64-0209 · Edge-connector leaf contact070,Memory,gold,1,1.0079999999999996,0.6999999999999993,1.6300000000000026,8.0,Schematic internal layout
N64-0210,MemoryContact1_3,N64-0210 · Edge-connector leaf contact071,Memory,gold,1,1.008,0.6999999999999993,1.6300000000000026,8.0,Schematic internal layout
N64-0211,MemoryContact1_4,N64-0211 · Edge-connector leaf contact072,Memory,gold,1,1.008,0.6999999999999993,1.6300000000000026,8.0,Schematic internal layout
N64-0212,MemoryContact1_5,N64-0212 · Edge-connector leaf contact073,Memory,gold,1,1.008,0.7000000000000002,1.6300000000000026,8.0,Schematic internal layout
N64-0213,MemoryContact1_6,N64-0213 · Edge-connector leaf contact074,Memory,gold,1,1.008,0.7000000000000002,1.6300000000000026,8.0,Schematic internal layout
N64-0214,MemoryContact1_7,N64-0214 · Edge-connector leaf contact075,Memory,gold,1,1.0079999999999993,0.6999999999999997,1.6300000000000026,8.0,Schematic internal layout
N64-0215,MemoryContact1_8,N64-0215 · Edge-connector leaf contact076,Memory,gold,1,1.0079999999999993,0.7,1.6300000000000026,8.0,Schematic internal layout
N64-0216,MemoryContact1_9,N64-0216 · Edge-connector leaf contact077,Memory,gold,1,1.0079999999999998,0.7000000000000001,1.6300000000000026,8.0,Schematic internal layout
N64-0217,MemoryContact1_10,N64-0217 · Edge-connector leaf contact078,Memory,gold,1,1.0079999999999998,0.6999999999999997,1.6300000000000026,8.0,Schematic internal layout
N64-0218,MemoryContact1_11,N64-0218 · Edge-connector leaf contact079,Memory,gold,1,1.0079999999999996,0.7000000000000002,1.6300000000000026,8.0,Schematic internal layout
N64-0219,MemoryContact1_12,N64-0219 · Edge-connector leaf contact080,Memory,gold,1,1.0079999999999996,0.6999999999999993,1.6300000000000026,8.0,Schematic internal layout
N64-0220,MemoryContact1_13,N64-0220 · Edge-connector leaf contact081,Memory,gold,1,1.008,0.6999999999999993,1.6300000000000026,8.0,Schematic internal layout
N64-0221,MemoryContact1_14,N64-0221 · Edge-connector leaf contact082,Memory,gold,1,1.008,0.6999999999999993,1.6300000000000026,8.0,Schematic internal layout
N64-0222,MemoryContact1_15,N64-0222 · Edge-connector leaf contact083,Memory,gold,1,1.0079999999999996,0.6999999999999993,1.6300000000000026,8.0,Schematic internal layout
N64-0223,MemoryContact1_16,N64-0223 · Edge-connector leaf contact084,Memory,gold,1,1.0079999999999996,0.6999999999999993,1.6300000000000026,8.0,Schematic internal layout
N64-0224,MemoryContact1_17,N64-0224 · Edge-connector leaf contact085,Memory,gold,1,1.0079999999999996,0.6999999999999993,1.6300000000000026,8.0,Schematic internal layout
N64-0225,JumperPCB,N64-0225 · Original terminator PCB,Memory,pcb,1,1209.1364600329396,42.0,1.2000000000000028,24.0,Schematic internal layout
N64-0226,JumperShell,N64-0226 · Original black Jumper Pak shell,Memory,black,1,4331.471021618719,46.0,10.0,24.0,Published envelope; approximate photographic exterior detail
N64-0227,JumperLid,N64-0227 · Jumper Pak upper cap,Memory,black,1,515.3625122371575,45.5,9.5,1.2000000000000028,Published envelope; approximate photographic exterior detail
N64-0228,JumperFinger-1_0,N64-0228 · Terminator PCB edge contact,Memory,gold,1,0.5716137166941385,1.2999999999999972,0.05500000000000682,8.0,Schematic internal layout
N64-0229,JumperFinger-1_1,N64-0229 · Terminator PCB edge contact001,Memory,gold,1,0.5716137166941384,1.2999999999999972,0.05500000000000682,8.0,Schematic internal layout
N64-0230,JumperFinger-1_2,N64-0230 · Terminator PCB edge contact002,Memory,gold,1,0.5716137166941387,1.3000000000000007,0.05500000000000682,8.0,Schematic internal layout
N64-0231,JumperFinger-1_3,N64-0231 · Terminator PCB edge contact003,Memory,gold,1,0.5716137166941389,1.3000000000000007,0.05500000000000682,8.0,Schematic internal layout
N64-0232,JumperFinger-1_4,N64-0232 · Terminator PCB edge contact004,Memory,gold,1,0.5716137166941389,1.3000000000000007,0.05500000000000682,8.0,Schematic internal layout
N64-0233,JumperFinger-1_5,N64-0233 · Terminator PCB edge contact005,Memory,gold,1,0.5716137166941387,1.3000000000000007,0.05500000000000682,8.0,Schematic internal layout
N64-0234,JumperFinger-1_6,N64-0234 · Terminator PCB edge contact006,Memory,gold,1,0.5716137166941389,1.3000000000000007,0.05500000000000682,8.0,Schematic internal layout
N64-0235,JumperFinger-1_7,N64-0235 · Terminator PCB edge contact007,Memory,gold,1,0.5716137166941387,1.3000000000000003,0.05500000000000682,8.0,Schematic internal layout
N64-0236,JumperFinger-1_8,N64-0236 · Terminator PCB edge contact008,Memory,gold,1,0.5716137166941387,1.3000000000000003,0.05500000000000682,8.0,Schematic internal layout
N64-0237,JumperFinger-1_9,N64-0237 · Terminator PCB edge contact009,Memory,gold,1,0.5716137166941386,1.3000000000000003,0.05500000000000682,8.0,Schematic internal layout
N64-0238,JumperFinger-1_10,N64-0238 · Terminator PCB edge contact010,Memory,gold,1,0.5716137166941389,1.3000000000000003,0.05500000000000682,8.0,Schematic internal layout
N64-0239,JumperFinger-1_11,N64-0239 · Terminator PCB edge contact011,Memory,gold,1,0.5716137166941389,1.3000000000000007,0.05500000000000682,8.0,Schematic internal layout
N64-0240,JumperFinger-1_12,N64-0240 · Terminator PCB edge contact012,Memory,gold,1,0.5716137166941387,1.3000000000000007,0.05500000000000682,8.0,Schematic internal layout
N64-0241,JumperFinger-1_13,N64-0241 · Terminator PCB edge contact013,Memory,gold,1,0.5716137166941389,1.3000000000000007,0.05500000000000682,8.0,Schematic internal layout
N64-0242,JumperFinger-1_14,N64-0242 · Terminator PCB edge contact014,Memory,gold,1,0.5716137166941389,1.3000000000000007,0.05500000000000682,8.0,Schematic internal layout
N64-0243,JumperFinger-1_15,N64-0243 · Terminator PCB edge contact015,Memory,gold,1,0.5716137166941387,1.3000000000000007,0.05500000000000682,8.0,Schematic internal layout
N64-0244,JumperFinger-1_16,N64-0244 · Terminator PCB edge contact016,Memory,gold,1,0.5716137166941384,1.2999999999999972,0.05500000000000682,8.0,Schematic internal layout
N64-0245,JumperFinger-1_17,N64-0245 · Terminator PCB edge contact017,Memory,gold,1,0.5716137166941384,1.2999999999999972,0.05500000000000682,8.0,Schematic internal layout
N64-0246,JumperFinger1_0,N64-0246 · Terminator PCB edge contact018,Memory,gold,1,0.5716137166941384,1.2999999999999972,0.05500000000000682,8.0,Schematic internal layout
N64-0247,JumperFinger1_1,N64-0247 · Terminator PCB edge contact019,Memory,gold,1,0.5716137166941385,1.2999999999999972,0.05500000000000682,8.0,Schematic internal layout
N64-0248,JumperFinger1_2,N64-0248 · Terminator PCB edge contact020,Memory,gold,1,0.5716137166941387,1.3000000000000007,0.05500000000000682,8.0,Schematic internal layout
N64-0249,JumperFinger1_3,N64-0249 · Terminator PCB edge contact021,Memory,gold,1,0.5716137166941389,1.3000000000000007,0.05500000000000682,8.0,Schematic internal layout
N64-0250,JumperFinger1_4,N64-0250 · Terminator PCB edge contact022,Memory,gold,1,0.5716137166941389,1.3000000000000007,0.05500000000000682,8.0,Schematic internal layout
N64-0251,JumperFinger1_5,N64-0251 · Terminator PCB edge contact023,Memory,gold,1,0.5716137166941389,1.3000000000000007,0.05500000000000682,8.0,Schematic internal layout
N64-0252,JumperFinger1_6,N64-0252 · Terminator PCB edge contact024,Memory,gold,1,0.5716137166941389,1.3000000000000007,0.05500000000000682,8.0,Schematic internal layout
N64-0253,JumperFinger1_7,N64-0253 · Terminator PCB edge contact025,Memory,gold,1,0.5716137166941387,1.3000000000000003,0.05500000000000682,8.0,Schematic internal layout
N64-0254,JumperFinger1_8,N64-0254 · Terminator PCB edge contact026,Memory,gold,1,0.5716137166941389,1.3000000000000003,0.05500000000000682,8.0,Schematic internal layout
N64-0255,JumperFinger1_9,N64-0255 · Terminator PCB edge contact027,Memory,gold,1,0.5716137166941389,1.3000000000000003,0.05500000000000682,8.0,Schematic internal layout
N64-0256,JumperFinger1_10,N64-0256 · Terminator PCB edge contact028,Memory,gold,1,0.5716137166941387,1.3000000000000003,0.05500000000000682,8.0,Schematic internal layout
N64-0257,JumperFinger1_11,N64-0257 · Terminator PCB edge contact029,Memory,gold,1,0.5716137166941389,1.3000000000000007,0.05500000000000682,8.0,Schematic internal layout
N64-0258,JumperFinger1_12,N64-0258 · Terminator PCB edge contact030,Memory,gold,1,0.5716137166941387,1.3000000000000007,0.05500000000000682,8.0,Schematic internal layout
N64-0259,JumperFinger1_13,N64-0259 · Terminator PCB edge contact031,Memory,gold,1,0.5716137166941389,1.3000000000000007,0.05500000000000682,8.0,Schematic internal layout
N64-0260,JumperFinger1_14,N64-0260 · Terminator PCB edge contact032,Memory,gold,1,0.5716137166941389,1.3000000000000007,0.05500000000000682,8.0,Schematic internal layout
N64-0261,JumperFinger1_15,N64-0261 · Terminator PCB edge contact033,Memory,gold,1,0.5716137166941387,1.3000000000000007,0.05500000000000682,8.0,Schematic internal layout
N64-0262,JumperFinger1_16,N64-0262 · Terminator PCB edge contact034,Memory,gold,1,0.5716137166941384,1.2999999999999972,0.05500000000000682,8.0,Schematic internal layout
N64-0263,JumperFinger1_17,N64-0263 · Terminator PCB edge contact035,Memory,gold,1,0.5716137166941384,1.2999999999999972,0.05500000000000682,8.0,Schematic internal layout
N64-0264,JumperResistor0,N64-0264 · Terminator resistor network,Memory,black,1,23.922743338823082,6.0,1.0,4.0,Schematic internal layout
N64-0265,JumperResistor1,N64-0265 · Terminator resistor network001,Memory,black,1,23.922743338823086,6.000000000000001,1.0,4.0,Schematic internal layout
N64-0266,JumperResistor2,N64-0266 · Terminator resistor network002,Memory,black,1,23.922743338823086,6.000000000000001,1.0,4.0,Schematic internal layout
N64-0267,JumperResistor3,N64-0267 · Terminator resistor network003,Memory,black,1,23.92274333882308,6.0,1.0,4.0,Schematic internal layout
N64-0268,JumperTitle,N64-0268 · JUMPER PAK,Memory,n64grey,9,0.1747147510388067,15.68691285167785,2.3946310724832216,0.01800020000000302,Published envelope; approximate photographic exterior detail
N64-0269,Electrolytic0,N64-0269 · Low-profile electrolytic capacitor,Mainboard,black,1,153.24060645680296,5.800000000000011,5.799999999999997,5.799999999999999,Schematic internal layout
N64-0270,ElectrolyticTop0,N64-0270 · Aluminium capacitor top,Mainboard,metal,1,1.7649467527867335,5.300000000000011,5.299999999999997,0.0799999999999983,Schematic internal layout
N64-0271,ElectrolyticTerminal0_-1,N64-0271 · Capacitor terminal,Mainboard,metal,1,0.3574247779607699,1.0,1.2000000000000028,0.3000000000000007,Schematic internal layout
N64-0272,ElectrolyticTerminal0_1,N64-0272 · Capacitor terminal001,Mainboard,metal,1,0.35742477796076993,1.0,1.2000000000000028,0.3000000000000007,Schematic internal layout
N64-0273,Electrolytic1,N64-0273 · Low-profile electrolytic capacitor001,Mainboard,black,1,153.24060645680294,5.799999999999997,5.799999999999997,5.799999999999999,Schematic internal layout
N64-0274,ElectrolyticTop1,N64-0274 · Aluminium capacitor top001,Mainboard,metal,1,1.7649467527867335,5.299999999999997,5.299999999999997,0.0799999999999983,Schematic internal layout
N64-0275,ElectrolyticTerminal1_-1,N64-0275 · Capacitor terminal002,Mainboard,metal,1,0.35742477796076993,1.0,1.2000000000000028,0.3000000000000007,Schematic internal layout
N64-0276,ElectrolyticTerminal1_1,N64-0276 · Capacitor terminal003,Mainboard,metal,1,0.3574247779607699,1.0,1.2000000000000028,0.3000000000000007,Schematic internal layout
N64-0277,Electrolytic2,N64-0277 · Low-profile electrolytic capacitor002,Mainboard,black,1,153.2406064568029,5.799999999999997,5.799999999999997,5.799999999999999,Schematic internal layout
N64-0278,ElectrolyticTop2,N64-0278 · Aluminium capacitor top002,Mainboard,metal,1,1.7649467527867337,5.299999999999997,5.299999999999997,0.0799999999999983,Schematic internal layout
N64-0279,ElectrolyticTerminal2_-1,N64-0279 · Capacitor terminal004,Mainboard,metal,1,0.3574247779607698,1.0,1.2000000000000028,0.3000000000000007,Schematic internal layout
N64-0280,ElectrolyticTerminal2_1,N64-0280 · Capacitor terminal005,Mainboard,metal,1,0.3574247779607698,1.0,1.2000000000000028,0.3000000000000007,Schematic internal layout
N64-0281,Electrolytic3,N64-0281 · Low-profile electrolytic capacitor003,Mainboard,black,1,153.2406064568029,5.799999999999997,5.799999999999997,5.799999999999999,Schematic internal layout
N64-0282,ElectrolyticTop3,N64-0282 · Aluminium capacitor top003,Mainboard,metal,1,1.7649467527867335,5.299999999999997,5.299999999999997,0.0799999999999983,Schematic internal layout
N64-0283,ElectrolyticTerminal3_-1,N64-0283 · Capacitor terminal006,Mainboard,metal,1,0.3574247779607699,1.0,1.2000000000000028,0.3000000000000007,Schematic internal layout
N64-0284,ElectrolyticTerminal3_1,N64-0284 · Capacitor terminal007,Mainboard,metal,1,0.3574247779607699,1.0,1.2000000000000028,0.3000000000000007,Schematic internal layout
N64-0285,Electrolytic4,N64-0285 · Low-profile electrolytic capacitor004,Mainboard,black,1,153.2406064568029,5.799999999999997,5.799999999999997,5.799999999999999,Schematic internal layout
N64-0286,ElectrolyticTop4,N64-0286 · Aluminium capacitor top004,Mainboard,metal,1,1.7649467527867333,5.299999999999997,5.299999999999997,0.0799999999999983,Schematic internal layout
N64-0287,ElectrolyticTerminal4_-1,N64-0287 · Capacitor terminal008,Mainboard,metal,1,0.35742477796076993,1.0,1.2000000000000028,0.3000000000000007,Schematic internal layout
N64-0288,ElectrolyticTerminal4_1,N64-0288 · Capacitor terminal009,Mainboard,metal,1,0.3574247779607699,1.0,1.2000000000000028,0.3000000000000007,Schematic internal layout
N64-0289,Electrolytic5,N64-0289 · Low-profile electrolytic capacitor005,Mainboard,black,1,153.24060645680296,5.800000000000011,5.799999999999997,5.799999999999999,Schematic internal layout
N64-0290,ElectrolyticTop5,N64-0290 · Aluminium capacitor top005,Mainboard,metal,1,1.7649467527867333,5.300000000000011,5.299999999999997,0.0799999999999983,Schematic internal layout
N64-0291,ElectrolyticTerminal5_-1,N64-0291 · Capacitor terminal010,Mainboard,metal,1,0.3574247779607698,1.0,1.2000000000000028,0.3000000000000007,Schematic internal layout
N64-0292,ElectrolyticTerminal5_1,N64-0292 · Capacitor terminal011,Mainboard,metal,1,0.3574247779607699,1.0,1.2000000000000028,0.3000000000000007,Schematic internal layout
N64-0293,Electrolytic6,N64-0293 · Low-profile electrolytic capacitor006,Mainboard,black,1,153.24060645680296,5.800000000000011,5.800000000000001,5.799999999999999,Schematic internal layout
N64-0294,ElectrolyticTop6,N64-0294 · Aluminium capacitor top006,Mainboard,metal,1,1.764946752786733,5.300000000000011,5.300000000000001,0.0799999999999983,Schematic internal layout
N64-0295,ElectrolyticTerminal6_-1,N64-0295 · Capacitor terminal012,Mainboard,metal,1,0.3574247779607696,1.0,1.1999999999999993,0.3000000000000007,Schematic internal layout
N64-0296,ElectrolyticTerminal6_1,N64-0296 · Capacitor terminal013,Mainboard,metal,1,0.3574247779607696,1.0,1.1999999999999993,0.3000000000000007,Schematic internal layout
N64-0297,Electrolytic7,N64-0297 · Low-profile electrolytic capacitor007,Mainboard,black,1,153.24060645680296,5.800000000000011,5.800000000000001,5.799999999999999,Schematic internal layout
N64-0298,ElectrolyticTop7,N64-0298 · Aluminium capacitor top007,Mainboard,metal,1,1.764946752786733,5.300000000000011,5.300000000000001,0.0799999999999983,Schematic internal layout
N64-0299,ElectrolyticTerminal7_-1,N64-0299 · Capacitor terminal014,Mainboard,metal,1,0.3574247779607696,1.0,1.1999999999999993,0.3000000000000007,Schematic internal layout
N64-0300,ElectrolyticTerminal7_1,N64-0300 · Capacitor terminal015,Mainboard,metal,1,0.35742477796076966,1.0,1.1999999999999993,0.3000000000000007,Schematic internal layout
N64-0301,Electrolytic8,N64-0301 · Low-profile electrolytic capacitor008,Mainboard,black,1,153.24060645680296,5.800000000000011,5.799999999999997,5.799999999999999,Schematic internal layout
N64-0302,ElectrolyticTop8,N64-0302 · Aluminium capacitor top008,Mainboard,metal,1,1.7649467527867333,5.300000000000011,5.299999999999997,0.0799999999999983,Schematic internal layout
N64-0303,ElectrolyticTerminal8_-1,N64-0303 · Capacitor terminal016,Mainboard,metal,1,0.3574247779607699,1.0,1.2000000000000028,0.3000000000000007,Schematic internal layout
N64-0304,ElectrolyticTerminal8_1,N64-0304 · Capacitor terminal017,Mainboard,metal,1,0.35742477796076993,1.0,1.2000000000000028,0.3000000000000007,Schematic internal layout
N64-0305,Electrolytic9,N64-0305 · Low-profile electrolytic capacitor009,Mainboard,black,1,153.2406064568029,5.799999999999997,5.799999999999997,5.799999999999999,Schematic internal layout
N64-0306,ElectrolyticTop9,N64-0306 · Aluminium capacitor top009,Mainboard,metal,1,1.7649467527867333,5.299999999999997,5.299999999999997,0.0799999999999983,Schematic internal layout
N64-0307,ElectrolyticTerminal9_-1,N64-0307 · Capacitor terminal018,Mainboard,metal,1,0.3574247779607699,1.0,1.2000000000000028,0.3000000000000007,Schematic internal layout
N64-0308,ElectrolyticTerminal9_1,N64-0308 · Capacitor terminal019,Mainboard,metal,1,0.3574247779607699,1.0,1.2000000000000028,0.3000000000000007,Schematic internal layout
N64-0309,Electrolytic10,N64-0309 · Low-profile electrolytic capacitor010,Mainboard,black,1,153.24060645680296,5.800000000000011,5.799999999999997,5.799999999999999,Schematic internal layout
N64-0310,ElectrolyticTop10,N64-0310 · Aluminium capacitor top010,Mainboard,metal,1,1.7649467527867335,5.300000000000011,5.299999999999997,0.0799999999999983,Schematic internal layout
N64-0311,ElectrolyticTerminal10_-1,N64-0311 · Capacitor terminal020,Mainboard,metal,1,0.3574247779607699,1.0,1.2000000000000028,0.3000000000000007,Schematic internal layout
N64-0312,ElectrolyticTerminal10_1,N64-0312 · Capacitor terminal021,Mainboard,metal,1,0.35742477796076993,1.0,1.2000000000000028,0.3000000000000007,Schematic internal layout
N64-0313,Electrolytic11,N64-0313 · Low-profile electrolytic capacitor011,Mainboard,black,1,153.24060645680296,5.800000000000011,5.799999999999997,5.799999999999999,Schematic internal layout
N64-0314,ElectrolyticTop11,N64-0314 · Aluminium capacitor top011,Mainboard,metal,1,1.7649467527867335,5.300000000000011,5.299999999999997,0.0799999999999983,Schematic internal layout
N64-0315,ElectrolyticTerminal11_-1,N64-0315 · Capacitor terminal022,Mainboard,metal,1,0.35742477796076993,1.0,1.2000000000000028,0.3000000000000007,Schematic internal layout
N64-0316,ElectrolyticTerminal11_1,N64-0316 · Capacitor terminal023,Mainboard,metal,1,0.3574247779607699,1.0,1.2000000000000028,0.3000000000000007,Schematic internal layout
N64-0317,Electrolytic12,N64-0317 · Low-profile electrolytic capacitor012,Mainboard,black,1,153.24060645680294,5.799999999999997,5.799999999999997,5.799999999999999,Schematic internal layout
N64-0318,ElectrolyticTop12,N64-0318 · Aluminium capacitor top012,Mainboard,metal,1,1.7649467527867335,5.299999999999997,5.299999999999997,0.0799999999999983,Schematic internal layout
N64-0319,ElectrolyticTerminal12_-1,N64-0319 · Capacitor terminal024,Mainboard,metal,1,0.35742477796076993,1.0,1.2000000000000028,0.3000000000000007,Schematic internal layout
N64-0320,ElectrolyticTerminal12_1,N64-0320 · Capacitor terminal025,Mainboard,metal,1,0.3574247779607699,1.0,1.2000000000000028,0.3000000000000007,Schematic internal layout
N64-0321,Electrolytic13,N64-0321 · Low-profile electrolytic capacitor013,Mainboard,black,1,153.24060645680294,5.799999999999997,5.799999999999997,5.799999999999999,Schematic internal layout
N64-0322,ElectrolyticTop13,N64-0322 · Aluminium capacitor top013,Mainboard,metal,1,1.7649467527867335,5.299999999999997,5.299999999999997,0.0799999999999983,Schematic internal layout
N64-0323,ElectrolyticTerminal13_-1,N64-0323 · Capacitor terminal026,Mainboard,metal,1,0.35742477796076993,1.0,1.2000000000000028,0.3000000000000007,Schematic internal layout
N64-0324,ElectrolyticTerminal13_1,N64-0324 · Capacitor terminal027,Mainboard,metal,1,0.35742477796076993,1.0,1.2000000000000028,0.3000000000000007,Schematic internal layout
N64-0325,Electrolytic14,N64-0325 · Low-profile electrolytic capacitor014,Mainboard,black,1,153.24060645680294,5.799999999999997,5.799999999999997,5.799999999999999,Schematic internal layout
N64-0326,ElectrolyticTop14,N64-0326 · Aluminium capacitor top014,Mainboard,metal,1,1.7649467527867335,5.299999999999997,5.299999999999997,0.0799999999999983,Schematic internal layout
N64-0327,ElectrolyticTerminal14_-1,N64-0327 · Capacitor terminal028,Mainboard,metal,1,0.35742477796076993,1.0,1.2000000000000028,0.3000000000000007,Schematic internal layout
N64-0328,ElectrolyticTerminal14_1,N64-0328 · Capacitor terminal029,Mainboard,metal,1,0.3574247779607699,1.0,1.2000000000000028,0.3000000000000007,Schematic internal layout
N64-0329,Electrolytic15,N64-0329 · Low-profile electrolytic capacitor015,Mainboard,black,1,153.24060645680296,5.800000000000011,5.799999999999997,5.799999999999999,Schematic internal layout
N64-0330,ElectrolyticTop15,N64-0330 · Aluminium capacitor top015,Mainboard,metal,1,1.7649467527867335,5.300000000000011,5.299999999999997,0.0799999999999983,Schematic internal layout
N64-0331,ElectrolyticTerminal15_-1,N64-0331 · Capacitor terminal030,Mainboard,metal,1,0.3574247779607699,1.0,1.2000000000000028,0.3000000000000007,Schematic internal layout
N64-0332,ElectrolyticTerminal15_1,N64-0332 · Capacitor terminal031,Mainboard,metal,1,0.35742477796076993,1.0,1.2000000000000028,0.3000000000000007,Schematic internal layout
N64-0333,Electrolytic16,N64-0333 · Low-profile electrolytic capacitor016,Mainboard,black,1,153.24060645680296,5.800000000000011,5.800000000000001,5.799999999999999,Schematic internal layout
N64-0334,ElectrolyticTop16,N64-0334 · Aluminium capacitor top016,Mainboard,metal,1,1.764946752786733,5.300000000000011,5.300000000000001,0.0799999999999983,Schematic internal layout
N64-0335,ElectrolyticTerminal16_-1,N64-0335 · Capacitor terminal032,Mainboard,metal,1,0.35742477796076955,1.0,1.1999999999999993,0.3000000000000007,Schematic internal layout
N64-0336,ElectrolyticTerminal16_1,N64-0336 · Capacitor terminal033,Mainboard,metal,1,0.3574247779607696,1.0,1.1999999999999993,0.3000000000000007,Schematic internal layout
N64-0337,Electrolytic17,N64-0337 · Low-profile electrolytic capacitor017,Mainboard,black,1,153.24060645680296,5.800000000000011,5.800000000000001,5.799999999999999,Schematic internal layout
N64-0338,ElectrolyticTop17,N64-0338 · Aluminium capacitor top017,Mainboard,metal,1,1.7649467527867333,5.300000000000011,5.300000000000001,0.0799999999999983,Schematic internal layout
N64-0339,ElectrolyticTerminal17_-1,N64-0339 · Capacitor terminal034,Mainboard,metal,1,0.3574247779607696,1.0,1.1999999999999993,0.3000000000000007,Schematic internal layout
N64-0340,ElectrolyticTerminal17_1,N64-0340 · Capacitor terminal035,Mainboard,metal,1,0.35742477796076955,1.0,1.1999999999999993,0.3000000000000007,Schematic internal layout
N64-0341,Electrolytic18,N64-0341 · Low-profile electrolytic capacitor018,Mainboard,black,1,153.2406064568029,5.799999999999997,5.799999999999997,5.799999999999999,Schematic internal layout
N64-0342,ElectrolyticTop18,N64-0342 · Aluminium capacitor top018,Mainboard,metal,1,1.7649467527867337,5.299999999999997,5.299999999999997,0.0799999999999983,Schematic internal layout
N64-0343,ElectrolyticTerminal18_-1,N64-0343 · Capacitor terminal036,Mainboard,metal,1,0.3574247779607699,1.0,1.2000000000000028,0.3000000000000007,Schematic internal layout
N64-0344,ElectrolyticTerminal18_1,N64-0344 · Capacitor terminal037,Mainboard,metal,1,0.35742477796076944,1.0000000000000036,1.2000000000000028,0.3000000000000007,Schematic internal layout
N64-0345,Crystal0,N64-0345 · Metal clock crystal can,Mainboard,metal,1,121.50395278872907,5.200000000000003,12.0,2.0999999999999996,Schematic internal layout
N64-0346,Crystal1,N64-0346 · Metal clock crystal can001,Mainboard,metal,1,121.50395278872908,5.200000000000003,12.0,2.0999999999999996,Schematic internal layout
N64-0347,Filter0_0,N64-0347 · Discrete filter component,Mainboard,thermal,1,1.319845041091968,1.9000000000000057,1.0,0.6999999999999993,Schematic internal layout
N64-0348,Filter0_1,N64-0348 · Discrete filter component001,Mainboard,thermal,1,1.319845041091968,1.9000000000000057,1.0,0.6999999999999993,Schematic internal layout
N64-0349,Filter0_2,N64-0349 · Discrete filter component002,Mainboard,thermal,1,1.3198450410919678,1.9000000000000057,1.0,0.6999999999999993,Schematic internal layout
N64-0350,Filter0_3,N64-0350 · Discrete filter component003,Mainboard,thermal,1,1.3198450410919678,1.9000000000000057,1.0,0.6999999999999993,Schematic internal layout
N64-0351,Filter0_4,N64-0351 · Discrete filter component004,Mainboard,thermal,1,1.319845041091968,1.9000000000000057,1.0,0.6999999999999993,Schematic internal layout
N64-0352,Filter0_5,N64-0352 · Discrete filter component005,Mainboard,thermal,1,1.319845041091968,1.9000000000000057,1.0,0.6999999999999993,Schematic internal layout
N64-0353,Filter0_6,N64-0353 · Discrete filter component006,Mainboard,thermal,1,1.3198450410919678,1.9000000000000057,1.0,0.6999999999999993,Schematic internal layout
N64-0354,Filter0_7,N64-0354 · Discrete filter component007,Mainboard,thermal,1,1.3198450410919678,1.9000000000000057,1.0,0.6999999999999993,Schematic internal layout
N64-0355,Filter1_0,N64-0355 · Discrete filter component008,Mainboard,thermal,1,1.3198450410919678,1.9000000000000057,1.0,0.6999999999999993,Schematic internal layout
N64-0356,Filter1_1,N64-0356 · Discrete filter component009,Mainboard,thermal,1,1.3198450410919675,1.9000000000000057,1.0,0.6999999999999993,Schematic internal layout
N64-0357,Filter1_2,N64-0357 · Discrete filter component010,Mainboard,thermal,1,1.3198450410919664,1.8999999999999986,1.0,0.6999999999999993,Schematic internal layout
N64-0358,Filter1_3,N64-0358 · Discrete filter component011,Mainboard,thermal,1,1.3198450410919678,1.9000000000000057,1.0,0.6999999999999993,Schematic internal layout
N64-0359,Filter1_4,N64-0359 · Discrete filter component012,Mainboard,thermal,1,1.3198450410919678,1.9000000000000057,1.0,0.6999999999999993,Schematic internal layout
N64-0360,Filter1_5,N64-0360 · Discrete filter component013,Mainboard,thermal,1,1.3198450410919675,1.9000000000000057,1.0,0.6999999999999993,Schematic internal layout
N64-0361,Filter1_6,N64-0361 · Discrete filter component014,Mainboard,thermal,1,1.3198450410919664,1.8999999999999986,1.0,0.6999999999999993,Schematic internal layout
N64-0362,Filter1_7,N64-0362 · Discrete filter component015,Mainboard,thermal,1,1.3198450410919678,1.9000000000000057,1.0,0.6999999999999993,Schematic internal layout
N64-0363,Filter1_8,N64-0363 · Discrete filter component016,Mainboard,thermal,1,1.3198450410919678,1.9000000000000057,1.0,0.6999999999999993,Schematic internal layout
N64-0364,Filter1_9,N64-0364 · Discrete filter component017,Mainboard,thermal,1,1.3198450410919675,1.9000000000000057,1.0,0.6999999999999993,Schematic internal layout
N64-0365,Filter2_0,N64-0365 · Discrete filter component018,Mainboard,thermal,1,1.3198450410919667,1.8999999999999986,1.0,0.6999999999999993,Schematic internal layout
N64-0366,Filter2_1,N64-0366 · Discrete filter component019,Mainboard,thermal,1,1.3198450410919678,1.9000000000000057,1.0,0.6999999999999993,Schematic internal layout
N64-0367,Filter2_2,N64-0367 · Discrete filter component020,Mainboard,thermal,1,1.319845041091968,1.9000000000000057,1.0,0.6999999999999993,Schematic internal layout
N64-0368,Filter2_3,N64-0368 · Discrete filter component021,Mainboard,thermal,1,1.3198450410919678,1.9000000000000057,1.0,0.6999999999999993,Schematic internal layout
N64-0369,Filter2_4,N64-0369 · Discrete filter component022,Mainboard,thermal,1,1.3198450410919667,1.8999999999999986,1.0,0.6999999999999993,Schematic internal layout
N64-0370,Filter2_5,N64-0370 · Discrete filter component023,Mainboard,thermal,1,1.3198450410919678,1.9000000000000057,1.0,0.6999999999999993,Schematic internal layout
N64-0371,Filter2_6,N64-0371 · Discrete filter component024,Mainboard,thermal,1,1.319845041091968,1.9000000000000057,1.0,0.6999999999999993,Schematic internal layout
N64-0372,Filter2_7,N64-0372 · Discrete filter component025,Mainboard,thermal,1,1.3198450410919678,1.9000000000000057,1.0,0.6999999999999993,Schematic internal layout
N64-0373,Filter3_0,N64-0373 · Discrete filter component026,Mainboard,thermal,1,1.319845041091968,1.9000000000000057,1.0,0.6999999999999993,Schematic internal layout
N64-0374,Filter3_1,N64-0374 · Discrete filter component027,Mainboard,thermal,1,1.319845041091968,1.9000000000000057,1.0,0.6999999999999993,Schematic internal layout
N64-0375,Filter3_2,N64-0375 · Discrete filter component028,Mainboard,thermal,1,1.3198450410919678,1.9000000000000057,1.0,0.6999999999999993,Schematic internal layout
N64-0376,Filter3_3,N64-0376 · Discrete filter component029,Mainboard,thermal,1,1.3198450410919678,1.9000000000000057,1.0,0.6999999999999993,Schematic internal layout
N64-0377,Filter3_4,N64-0377 · Discrete filter component030,Mainboard,thermal,1,1.319845041091968,1.9000000000000057,1.0,0.6999999999999993,Schematic internal layout
N64-0378,Filter3_5,N64-0378 · Discrete filter component031,Mainboard,thermal,1,1.319845041091968,1.9000000000000057,1.0,0.6999999999999993,Schematic internal layout
N64-0379,Filter3_6,N64-0379 · Discrete filter component032,Mainboard,thermal,1,1.3198450410919678,1.9000000000000057,1.0,0.6999999999999993,Schematic internal layout
N64-0380,Filter3_7,N64-0380 · Discrete filter component033,Mainboard,thermal,1,1.3198450410919678,1.9000000000000057,1.0,0.6999999999999993,Schematic internal layout
N64-0381,Filter4_0,N64-0381 · Discrete filter component034,Mainboard,thermal,1,1.319845041091968,1.9000000000000057,1.0,0.6999999999999993,Schematic internal layout
N64-0382,Filter4_1,N64-0382 · Discrete filter component035,Mainboard,thermal,1,1.319845041091968,1.9000000000000057,1.0,0.6999999999999993,Schematic internal layout
N64-0383,Filter4_2,N64-0383 · Discrete filter component036,Mainboard,thermal,1,1.3198450410919678,1.9000000000000057,1.0,0.6999999999999993,Schematic internal layout
N64-0384,Filter4_3,N64-0384 · Discrete filter component037,Mainboard,thermal,1,1.3198450410919678,1.9000000000000057,1.0,0.6999999999999993,Schematic internal layout
N64-0385,Filter4_4,N64-0385 · Discrete filter component038,Mainboard,thermal,1,1.319845041091968,1.9000000000000057,1.0,0.6999999999999993,Schematic internal layout
N64-0386,Filter4_5,N64-0386 · Discrete filter component039,Mainboard,thermal,1,1.319845041091968,1.9000000000000057,1.0,0.6999999999999993,Schematic internal layout
N64-0387,Filter4_6,N64-0387 · Discrete filter component040,Mainboard,thermal,1,1.3198450410919678,1.9000000000000057,1.0,0.6999999999999993,Schematic internal layout
N64-0388,Filter4_7,N64-0388 · Discrete filter component041,Mainboard,thermal,1,1.3198450410919678,1.9000000000000057,1.0,0.6999999999999993,Schematic internal layout
N64-0389,LowerShield,N64-0389 · Lower motherboard metal shield002,Shield,metal,1,16090.058822139163,178.0,146.0,0.6500000000000004,Schematic internal layout
N64-0390,MainShield,N64-0390 · Upper shield with cartridge and memory openings002,Shield,metal,1,12435.503996207322,178.0,120.0,0.6999999999999993,Schematic internal layout
N64-0391,CPUThermalPad,N64-0391 · Chip thermal interface,Shield,thermal,1,92.4082743338822,30.400000000000002,30.4,0.09999999999999964,Schematic internal layout
N64-0392,CPUHeatBlock,N64-0392 · Separate aluminium chip heat block003,Shield,metal,1,8434.142827504098,31.0,31.0,8.8,Schematic internal layout
N64-0393,CPUTopThermal,N64-0393 · Shield thermal interface003,Shield,thermal,1,183.4546682524333,30.400000000000002,30.4,0.1999999999999993,Schematic internal layout
N64-0394,RCPThermalPad,N64-0394 · Chip thermal interface001,Shield,thermal,1,125.30827433388214,35.4,35.4,0.09999999999999964,Schematic internal layout
N64-0395,RCPHeatBlock,N64-0395 · Separate aluminium chip heat block004,Shield,metal,1,11382.142827504098,36.0,36.0,8.8,Schematic internal layout
N64-0396,RCPTopThermal,N64-0396 · Shield thermal interface004,Shield,thermal,1,249.25466825243313,35.4,35.4,0.1999999999999993,Schematic internal layout
N64-0397,RAMThermalPad,N64-0397 · Chip thermal interface002,Shield,thermal,1,80.64827433388221,28.4,28.400000000000002,0.09999999999999964,Schematic internal layout
N64-0398,RAMHeatBlock,N64-0398 · Separate aluminium chip heat block005,Shield,metal,1,8212.005333556233,29.0,29.0,9.8,Schematic internal layout
N64-0399,RAMTopThermal,N64-0399 · Shield thermal interface005,Shield,thermal,1,159.48070811398958,28.4,28.400000000000002,0.1999999999999993,Schematic internal layout
N64-0400,HeatCrossbar,N64-0400 · Bent transverse heatsink crossbar002,Shield,metal,1,12882.061138671812,160.0,84.0,7.850000000000001,Schematic internal layout
N64-0401,HeatScrew0,N64-0401 · Cross-head fastener,Shield,metal,1,7.587312611429411,2.799999999999997,2.8000000000000007,5.030000000000001,Schematic internal layout
N64-0402,HeatScrew1,N64-0402 · Cross-head fastener001,Shield,metal,1,7.587312611429409,2.799999999999997,2.8000000000000007,5.030000000000001,Schematic internal layout
N64-0403,HeatScrew2,N64-0403 · Cross-head fastener002,Shield,metal,1,7.587312611429407,2.799999999999997,2.8000000000000007,5.030000000000001,Schematic internal layout
N64-0404,HeatScrew3,N64-0404 · Cross-head fastener003,Shield,metal,1,7.58731261142941,2.8000000000000003,2.8000000000000003,5.030000000000001,Schematic internal layout
N64-0405,HeatScrew4,N64-0405 · Cross-head fastener004,Shield,metal,1,7.58731261142941,2.799999999999999,2.8000000000000003,5.030000000000001,Schematic internal layout
N64-0406,HeatScrew5,N64-0406 · Cross-head fastener005,Shield,metal,1,7.587312611429415,2.8000000000000007,2.799999999999997,5.030000000000001,Schematic internal layout
N64-0407,HeatScrew6,N64-0407 · Cross-head fastener006,Shield,metal,1,7.587312611429408,2.8000000000000003,2.799999999999997,5.030000000000001,Schematic internal layout
N64-0408,HeatScrew7,N64-0408 · Cross-head fastener007,Shield,metal,1,7.587312611429408,2.799999999999999,2.799999999999997,5.030000000000001,Schematic internal layout
N64-0409,HeatScrew8,N64-0409 · Cross-head fastener008,Shield,metal,1,7.587312611429411,2.8000000000000003,2.799999999999997,5.030000000000001,Schematic internal layout
N64-0410,HeatScrew9,N64-0410 · Cross-head fastener009,Shield,metal,1,7.587312611429411,2.799999999999999,2.799999999999997,5.030000000000001,Schematic internal layout
N64-0411,PSUBoard,N64-0411 · NUS-002 power-board study,Power,pcb,1,1747.404220743023,53.0,30.0,1.0999999999999996,Schematic internal layout
N64-0412,PSUTransformerCore,N64-0412 · Transformer magnetic core,Power,metal,1,2417.2169875011105,22.0,19.0,19.0,Schematic internal layout
N64-0413,PSUTransformerBobbin,N64-0413 · Transformer insulating bobbin,Power,white,1,877.6103085940956,17.6,14.599999999999994,18.0,Schematic internal layout
N64-0414,PSUTransformerWinding,N64-0414 · Transformer winding envelope,Power,copper,1,1735.8269023027378,15.599999999999994,12.599999999999994,16.0,Schematic internal layout
N64-0415,PSUCap0,N64-0415 · Power-board capacitor,Power,black,1,461.8141200776996,7.0,7.0,12.000000000000002,Schematic internal layout
N64-0416,PSUCapTop0,N64-0416 · Power capacitor top,Power,metal,1,2.654645792283356,6.5,6.5,0.0799999999999983,Schematic internal layout
N64-0417,PSUCap1,N64-0417 · Power-board capacitor001,Power,black,1,342.1194399759284,6.599999999999994,6.599999999999994,10.000000000000002,Schematic internal layout
N64-0418,PSUCapTop1,N64-0418 · Power capacitor top001,Power,metal,1,2.337973252801507,6.099999999999994,6.099999999999994,0.0799999999999983,Schematic internal layout
N64-0419,PSUCap2,N64-0419 · Power-board capacitor002,Power,black,1,254.46900494077323,6.0,6.0,9.000000000000002,Schematic internal layout
N64-0420,PSUCapTop2,N64-0420 · Power capacitor top002,Power,metal,1,1.9006635554218114,5.5,5.5,0.0799999999999983,Schematic internal layout
N64-0421,PSUCap3,N64-0421 · Power-board capacitor003,Power,black,1,461.8141200776996,7.0,7.0,12.000000000000002,Schematic internal layout
N64-0422,PSUCapTop3,N64-0422 · Power capacitor top003,Power,metal,1,2.654645792283356,6.5,6.5,0.0799999999999983,Schematic internal layout
N64-0423,PSUControl,N64-0423 · Power-controller package study,Power,black,1,122.3068583470577,7.0,7.0,2.5,Schematic internal layout
N64-0424,CaseScrew0,N64-0424 · Cross-head fastener010,Internal,metal,1,24.989001393568497,3.5999999999999943,3.5999999999999943,18.33,Schematic internal layout
N64-0425,CaseScrew1,N64-0425 · Cross-head fastener011,Internal,metal,1,24.989001393568497,3.5999999999999943,3.5999999999999943,18.33,Schematic internal layout
N64-0426,CaseScrew2,N64-0426 · Cross-head fastener012,Internal,metal,1,24.989001393568497,3.5999999999999943,3.5999999999999943,18.33,Schematic internal layout
N64-0427,CaseScrew3,N64-0427 · Cross-head fastener013,Internal,metal,1,24.989001393568497,3.5999999999999943,3.5999999999999943,18.33,Schematic internal layout
N64-0428,CaseScrew4,N64-0428 · Cross-head fastener014,Internal,metal,1,24.98900139356851,3.6,3.5999999999999943,18.33,Schematic internal layout
N64-0429,CaseScrew5,N64-0429 · Cross-head fastener015,Internal,metal,1,24.98900139356851,3.6,3.5999999999999943,18.33,Schematic internal layout
N64-0430,BoardBoss0,N64-0430 · Mainboard support standoff,Internal,n64grey,1,77.76619914879838,5.199999999999989,5.200000000000003,4.1000000000000005,Schematic internal layout
N64-0431,BoardScrew0,N64-0431 · Cross-head fastener016,Internal,metal,1,6.357658070539467,2.6999999999999886,2.700000000000003,4.13,Schematic internal layout
N64-0432,BoardBoss1,N64-0432 · Mainboard support standoff001,Internal,n64grey,1,77.76619914879838,5.199999999999989,5.200000000000003,4.1000000000000005,Schematic internal layout
N64-0433,BoardScrew1,N64-0433 · Cross-head fastener017,Internal,metal,1,6.357658070539467,2.6999999999999886,2.700000000000003,4.13,Schematic internal layout
N64-0434,BoardBoss2,N64-0434 · Mainboard support standoff002,Internal,n64grey,1,77.76619914879836,5.200000000000003,5.199999999999996,4.1000000000000005,Schematic internal layout
N64-0435,BoardScrew2,N64-0435 · Cross-head fastener018,Internal,metal,1,6.357658070539473,2.700000000000003,2.6999999999999957,4.13,Schematic internal layout
N64-0436,BoardBoss3,N64-0436 · Mainboard support standoff003,Internal,n64grey,1,77.76619914879838,5.199999999999989,5.200000000000003,4.1000000000000005,Schematic internal layout
N64-0437,BoardScrew3,N64-0437 · Cross-head fastener019,Internal,metal,1,6.357658070539467,2.6999999999999886,2.700000000000003,4.13,Schematic internal layout
N64-0438,BoardBoss4,N64-0438 · Mainboard support standoff004,Internal,n64grey,1,77.76619914879839,5.199999999999989,5.199999999999999,4.1000000000000005,Schematic internal layout
N64-0439,BoardScrew4,N64-0439 · Cross-head fastener020,Internal,metal,1,6.357658070539471,2.6999999999999886,2.6999999999999997,4.13,Schematic internal layout
N64-0440,BoardBoss5,N64-0440 · Mainboard support standoff005,Internal,n64grey,1,77.76619914879838,5.199999999999989,5.200000000000003,4.1000000000000005,Schematic internal layout
N64-0441,BoardScrew5,N64-0441 · Cross-head fastener021,Internal,metal,1,6.357658070539469,2.6999999999999886,2.700000000000003,4.13,Schematic internal layout
N64-0442,PadBack,N64-0442 · Original three-prong controller rear shell004,Controller,padgrey,1,48555.92268976141,160.0000002,158.95550174562354,14.600000206495647,Published envelope; approximate photographic exterior detail
N64-0443,PadFront,N64-0443 · Original three-prong controller front shell014,Controller,padgrey,1,52663.40103491872,160.0000002,158.97287542603982,27.500000200000002,Published envelope; approximate photographic exterior detail
N64-0444,PadDPad,N64-0444 · Black directional cross001,Controller,n64grey,1,1283.1781433491392,26.0,26.0,7.700000000000003,Published envelope; approximate photographic exterior detail
N64-0445,PadStart,N64-0445 · Start controller button001,Controller,red,1,532.6319016749205,13.4,13.399999999999977,7.799999999999997,Published envelope; approximate photographic exterior detail
N64-0446,PadA,N64-0446 · A controller button001,Controller,nblue,1,593.3274717422753,14.200000000000003,14.199999999999989,7.799999999999997,Published envelope; approximate photographic exterior detail
N64-0447,PadAMark,N64-0447 · A,Controller,padgrey,1,0.06257935595806571,3.098657718120812,3.382550335570471,0.018000000000000682,Published envelope; approximate photographic exterior detail
N64-0448,PadB,N64-0448 · B controller button001,Controller,ngreen,1,593.3274717422753,14.200000000000003,14.199999999999989,7.799999999999997,Published envelope; approximate photographic exterior detail
N64-0449,PadBMark,N64-0449 · B,Controller,padgrey,1,0.07882207074765869,2.398741810738258,3.3825505355704593,0.01800020000000302,Published envelope; approximate photographic exterior detail
N64-0450,PadCUp,N64-0450 · CUp controller button001,Controller,nyellow,1,371.6566941049796,11.0,11.0,7.799999999999997,Published envelope; approximate photographic exterior detail
N64-0451,PadCRight,N64-0451 · CRight controller button001,Controller,nyellow,1,371.6566941049795,11.0,11.0,7.799999999999997,Published envelope; approximate photographic exterior detail
N64-0452,PadCDown,N64-0452 · CDown controller button001,Controller,nyellow,1,371.6566941049796,11.0,11.0,7.799999999999997,Published envelope; approximate photographic exterior detail
N64-0453,PadCLeft,N64-0453 · CLeft controller button001,Controller,nyellow,1,371.6566941049796,11.0,11.0,7.799999999999997,Published envelope; approximate photographic exterior detail
N64-0454,PadStartMark,N64-0454 · START,Controller,padgrey,5,0.055724609855412555,6.232349093288592,1.5591948308724568,0.01800020000000302,Published envelope; approximate photographic exterior detail
N64-0455,PadNintendo,N64-0455 · Nintendo001,Controller,n64grey,9,0.29136442192154266,17.545688019463086,3.0958391261744964,0.01800020000000302,Published envelope; approximate photographic exterior detail
N64-0456,StickGuide,N64-0456 · Octagonal original stick guide,Controller,n64grey,1,513.5938185064592,28.640265507849893,28.640265507849904,2.0,Published envelope; approximate photographic exterior detail
N64-0457,StickShaft,N64-0457 · Control-stick shaft001,Controller,padgrey,1,1020.5124019234339,12.8,7.600000000000023,33.5,Published envelope; approximate photographic exterior detail
N64-0458,StickCap,N64-0458 · Concentric textured thumb cap001,Controller,padgrey,1,918.1524441601924,16.8,16.799999999999955,4.200000000000003,Published envelope; approximate photographic exterior detail
N64-0459,PadL,N64-0459 · Original L shoulder key,Controller,padgrey,1,901.0044493015489,30.0,6.0,5.199999999999999,Published envelope; approximate photographic exterior detail
N64-0460,PadR,N64-0460 · Original R shoulder key,Controller,padgrey,1,901.0044493015488,30.0,6.0,5.199999999999999,Published envelope; approximate photographic exterior detail
N64-0461,PadPCB,N64-0461 · Original controller phenolic PCB study001,Controller,copper,1,7546.018511628995,136.0,62.0,1.2000000000000064,Schematic internal layout
N64-0462,PadContactDUp,N64-0462 · Printed carbon button contact,Controller,black,1,1.145110522233485,5.400000000000006,5.399999999999977,0.05000000000000071,Schematic internal layout
N64-0463,PadRubberDUp,N64-0463 · Silicone button dome,Controller,white,1,79.28737605225606,9.400000000000006,9.399999999999977,4.300000000000001,Schematic internal layout
N64-0464,PadPillDUp,N64-0464 · Conductive carbon pill,Controller,black,1,1.2063715789784757,3.200000000000003,3.1999999999999886,0.14999999999999858,Schematic internal layout
N64-0465,PadContactDRight,N64-0465 · Printed carbon button contact001,Controller,black,1,1.145110522233485,5.400000000000006,5.399999999999977,0.05000000000000071,Schematic internal layout
N64-0466,PadRubberDRight,N64-0466 · Silicone button dome001,Controller,white,1,79.28737605225608,9.400000000000006,9.399999999999977,4.300000000000001,Schematic internal layout
N64-0467,PadPillDRight,N64-0467 · Conductive carbon pill001,Controller,black,1,1.2063715789784757,3.200000000000003,3.1999999999999886,0.14999999999999858,Schematic internal layout
N64-0468,PadContactDDown,N64-0468 · Printed carbon button contact002,Controller,black,1,1.145110522233485,5.400000000000006,5.399999999999977,0.05000000000000071,Schematic internal layout
N64-0469,PadRubberDDown,N64-0469 · Silicone button dome002,Controller,white,1,79.28737605225606,9.400000000000006,9.399999999999977,4.300000000000001,Schematic internal layout
N64-0470,PadPillDDown,N64-0470 · Conductive carbon pill002,Controller,black,1,1.2063715789784757,3.200000000000003,3.1999999999999886,0.14999999999999858,Schematic internal layout
N64-0471,PadContactDLeft,N64-0471 · Printed carbon button contact003,Controller,black,1,1.145110522233485,5.400000000000006,5.399999999999977,0.05000000000000071,Schematic internal layout
N64-0472,PadRubberDLeft,N64-0472 · Silicone button dome003,Controller,white,1,79.28737605225606,9.400000000000006,9.399999999999977,4.300000000000001,Schematic internal layout
N64-0473,PadPillDLeft,N64-0473 · Conductive carbon pill003,Controller,black,1,1.2063715789784757,3.200000000000003,3.1999999999999886,0.14999999999999858,Schematic internal layout
N64-0474,PadContactStart,N64-0474 · Printed carbon button contact004,Controller,black,1,1.145110522233485,5.4,5.399999999999977,0.05000000000000071,Schematic internal layout
N64-0475,PadRubberStart,N64-0475 · Silicone button dome004,Controller,white,1,79.28737605225605,9.4,9.399999999999977,4.300000000000001,Schematic internal layout
N64-0476,PadPillStart,N64-0476 · Conductive carbon pill004,Controller,black,1,1.2063715789784755,3.2,3.1999999999999886,0.14999999999999858,Schematic internal layout
N64-0477,PadContactA,N64-0477 · Printed carbon button contact005,Controller,black,1,1.145110522233485,5.400000000000006,5.399999999999977,0.05000000000000071,Schematic internal layout
N64-0478,PadRubberA,N64-0478 · Silicone button dome005,Controller,white,1,79.28737605225606,9.400000000000006,9.399999999999977,4.300000000000001,Schematic internal layout
N64-0479,PadPillA,N64-0479 · Conductive carbon pill005,Controller,black,1,1.2063715789784757,3.200000000000003,3.1999999999999886,0.14999999999999858,Schematic internal layout
N64-0480,PadContactB,N64-0480 · Printed carbon button contact006,Controller,black,1,1.145110522233485,5.400000000000002,5.399999999999977,0.05000000000000071,Schematic internal layout
N64-0481,PadRubberB,N64-0481 · Silicone button dome006,Controller,white,1,79.28737605225606,9.400000000000002,9.399999999999977,4.300000000000001,Schematic internal layout
N64-0482,PadPillB,N64-0482 · Conductive carbon pill006,Controller,black,1,1.2063715789784757,3.200000000000003,3.1999999999999886,0.14999999999999858,Schematic internal layout
N64-0483,PadContactCUp,N64-0483 · Printed carbon button contact007,Controller,black,1,1.145110522233485,5.400000000000006,5.399999999999977,0.05000000000000071,Schematic internal layout
N64-0484,PadRubberCUp,N64-0484 · Silicone button dome007,Controller,white,1,79.28737605225608,9.400000000000006,9.399999999999977,4.300000000000001,Schematic internal layout
N64-0485,PadPillCUp,N64-0485 · Conductive carbon pill007,Controller,black,1,1.2063715789784757,3.200000000000003,3.1999999999999886,0.14999999999999858,Schematic internal layout
N64-0486,PadContactCRight,N64-0486 · Printed carbon button contact008,Controller,black,1,1.145110522233485,5.400000000000006,5.399999999999977,0.05000000000000071,Schematic internal layout
N64-0487,PadRubberCRight,N64-0487 · Silicone button dome008,Controller,white,1,79.28737605225614,9.400000000000006,9.399999999999977,4.300000000000001,Schematic internal layout
N64-0488,PadPillCRight,N64-0488 · Conductive carbon pill008,Controller,black,1,1.206371578978475,3.1999999999999957,3.1999999999999886,0.14999999999999858,Schematic internal layout
N64-0489,PadContactCDown,N64-0489 · Printed carbon button contact009,Controller,black,1,1.145110522233485,5.400000000000006,5.399999999999977,0.05000000000000071,Schematic internal layout
N64-0490,PadRubberCDown,N64-0490 · Silicone button dome009,Controller,white,1,79.28737605225608,9.400000000000006,9.399999999999977,4.300000000000001,Schematic internal layout
N64-0491,PadPillCDown,N64-0491 · Conductive carbon pill009,Controller,black,1,1.2063715789784757,3.200000000000003,3.1999999999999886,0.14999999999999858,Schematic internal layout
N64-0492,PadContactCLeft,N64-0492 · Printed carbon button contact010,Controller,black,1,1.145110522233485,5.400000000000006,5.399999999999977,0.05000000000000071,Schematic internal layout
N64-0493,PadRubberCLeft,N64-0493 · Silicone button dome010,Controller,white,1,79.28737605225606,9.400000000000006,9.399999999999977,4.300000000000001,Schematic internal layout
N64-0494,PadPillCLeft,N64-0494 · Conductive carbon pill010,Controller,black,1,1.2063715789784757,3.200000000000003,3.1999999999999886,0.14999999999999858,Schematic internal layout
N64-0495,PadLogic,N64-0495 · Controller logic package study,Controller,black,1,249.24290254389336,12.0,8.0,2.6000000000000014,Schematic internal layout
N64-0496,PadLogicLead-1_0,N64-0496 · Controller ASIC terminal,Controller,metal,1,0.08357079632679458,0.34999999999999964,1.2000000000000455,0.1999999999999993,Schematic internal layout
N64-0497,PadLogicLead-1_1,N64-0497 · Controller ASIC terminal001,Controller,metal,1,0.08357079632679458,0.34999999999999964,1.2000000000000455,0.1999999999999993,Schematic internal layout
N64-0498,PadLogicLead-1_2,N64-0498 · Controller ASIC terminal002,Controller,metal,1,0.08357079632679457,0.34999999999999964,1.2000000000000455,0.1999999999999993,Schematic internal layout
N64-0499,PadLogicLead-1_3,N64-0499 · Controller ASIC terminal003,Controller,metal,1,0.08357079632679462,0.3500000000000001,1.2000000000000455,0.1999999999999993,Schematic internal layout
N64-0500,PadLogicLead-1_4,N64-0500 · Controller ASIC terminal004,Controller,metal,1,0.08357079632679461,0.35000000000000003,1.2000000000000455,0.1999999999999993,Schematic internal layout
N64-0501,PadLogicLead-1_5,N64-0501 · Controller ASIC terminal005,Controller,metal,1,0.0835707963267946,0.34999999999999987,1.2000000000000455,0.1999999999999993,Schematic internal layout
N64-0502,PadLogicLead-1_6,N64-0502 · Controller ASIC terminal006,Controller,metal,1,0.08357079632679455,0.34999999999999964,1.2000000000000455,0.1999999999999993,Schematic internal layout
N64-0503,PadLogicLead-1_7,N64-0503 · Controller ASIC terminal007,Controller,metal,1,0.08357079632679458,0.34999999999999964,1.2000000000000455,0.1999999999999993,Schematic internal layout
N64-0504,PadLogicLead1_0,N64-0504 · Controller ASIC terminal008,Controller,metal,1,0.08357079632679457,0.34999999999999964,1.2000000000000455,0.1999999999999993,Schematic internal layout
N64-0505,PadLogicLead1_1,N64-0505 · Controller ASIC terminal009,Controller,metal,1,0.08357079632679458,0.34999999999999964,1.2000000000000455,0.1999999999999993,Schematic internal layout
N64-0506,PadLogicLead1_2,N64-0506 · Controller ASIC terminal010,Controller,metal,1,0.08357079632679457,0.34999999999999964,1.2000000000000455,0.1999999999999993,Schematic internal layout
N64-0507,PadLogicLead1_3,N64-0507 · Controller ASIC terminal011,Controller,metal,1,0.08357079632679462,0.3500000000000001,1.2000000000000455,0.1999999999999993,Schematic internal layout
N64-0508,PadLogicLead1_4,N64-0508 · Controller ASIC terminal012,Controller,metal,1,0.08357079632679461,0.35000000000000003,1.2000000000000455,0.1999999999999993,Schematic internal layout
N64-0509,PadLogicLead1_5,N64-0509 · Controller ASIC terminal013,Controller,metal,1,0.0835707963267946,0.34999999999999987,1.2000000000000455,0.1999999999999993,Schematic internal layout
N64-0510,PadLogicLead1_6,N64-0510 · Controller ASIC terminal014,Controller,metal,1,0.08357079632679455,0.34999999999999964,1.2000000000000455,0.1999999999999993,Schematic internal layout
N64-0511,PadLogicLead1_7,N64-0511 · Controller ASIC terminal015,Controller,metal,1,0.08357079632679458,0.34999999999999964,1.2000000000000455,0.1999999999999993,Schematic internal layout
N64-0512,PadCap0,N64-0512 · Controller capacitor,Controller,black,1,98.17477042468097,5.0,5.0,5.0,Schematic internal layout
N64-0513,PadCapTop0,N64-0513 · Controller capacitor metal top,Controller,metal,1,1.2164246754699595,4.399999999999999,4.399999999999977,0.0799999999999983,Schematic internal layout
N64-0514,PadCap1,N64-0514 · Controller capacitor001,Controller,black,1,98.17477042468097,5.0,5.0,5.0,Schematic internal layout
N64-0515,PadCapTop1,N64-0515 · Controller capacitor metal top001,Controller,metal,1,1.2164246754699595,4.399999999999999,4.399999999999977,0.0799999999999983,Schematic internal layout
N64-0516,PadArrowCUp,N64-0516 · C-button directional marking,Controller,n64grey,1,0.11899999999999761,3.4000000000000057,2.8000000000000114,0.02499999999999858,Published envelope; approximate photographic exterior detail
N64-0517,PadArrowCRight,N64-0517 · C-button directional marking001,Controller,n64grey,1,0.11899999999999777,2.799999999999997,3.4000000000000057,0.02499999999999858,Published envelope; approximate photographic exterior detail
N64-0518,PadArrowCDown,N64-0518 · C-button directional marking002,Controller,n64grey,1,0.11899999999999761,3.4000000000000057,2.8000000000000114,0.02499999999999858,Published envelope; approximate photographic exterior detail
N64-0519,PadArrowCLeft,N64-0519 · C-button directional marking003,Controller,n64grey,1,0.11899999999999783,2.799999999999997,3.4000000000000057,0.02499999999999858,Published envelope; approximate photographic exterior detail
N64-0520,StickHousing,N64-0520 · Octagonal optical stick module housing007,Controller,black,1,4964.777964713475,41.0,38.80000000000001,24.800000100000005,Published envelope; approximate photographic exterior detail
N64-0521,StickSpringSeat,N64-0521 · Spring lower locating seat,Controller,black,1,245.0442269800037,16.0,16.0,1.9999999999999991,Schematic internal layout
N64-0522,StickSpring,N64-0522 · Original stick centering spring,Controller,metal,1,135.77163778511758,13.900039401858233,13.900021479002987,12.898576396028558,Schematic internal layout
N64-0523,StickWasher,N64-0523 · White centering washer,Controller,white,1,147.6234387921844,16.4,16.399999999999977,1.0,Schematic internal layout
N64-0524,StickYokeX,N64-0524 · Outer tilt support with transverse pivots,Controller,black,1,396.9979467665911,27.6000002,20.40000023005277,2.6000002000000038,Schematic internal layout
N64-0525,StickYokeY,N64-0525 · Inner tilt support with shaft bearings,Controller,black,1,129.60487980087177,12.6000002,18.60000020000004,2.0000002000003825,Schematic internal layout
N64-0526,EncoderWheel0,N64-0526 · Slotted optical wheel with rim teeth,Controller,black,1,83.12891238348172,1.2000000000000028,11.200000000000045,11.200000000000001,Schematic internal layout
N64-0527,EncoderAxle0,N64-0527 · Optical wheel axle,Controller,metal,1,8.22940195607852,6.200000000000001,1.2999999999999545,1.2999999999999972,Schematic internal layout
N64-0528,EncoderWheel1,N64-0528 · Slotted optical wheel with rim teeth001,Controller,black,1,83.12891238348143,11.2,1.200000000000017,11.200000000000001,Schematic internal layout
N64-0529,EncoderAxle1,N64-0529 · Optical wheel axle001,Controller,metal,1,8.229401956078462,1.3,6.199999999999989,1.2999999999999972,Schematic internal layout
N64-0530,EncoderXSensor-1,N64-0530 · X-axis optical emitter / receiver,Controller,black,1,4.331327412287207,1.0,2.2000000000000455,2.0,Schematic internal layout
N64-0531,EncoderYSensor-1,N64-0531 · Y-axis optical emitter / receiver,Controller,black,1,4.331327412287185,2.200000000000001,1.0,2.0,Schematic internal layout
N64-0532,EncoderXSensor1,N64-0532 · X-axis optical emitter / receiver001,Controller,black,1,4.331327412287207,1.0,2.2000000000000455,2.0,Schematic internal layout
N64-0533,EncoderYSensor1,N64-0533 · Y-axis optical emitter / receiver001,Controller,black,1,4.331327412287185,2.200000000000001,1.0,2.0,Schematic internal layout
N64-0534,StickModuleScrew0,N64-0534 · Cross-head fastener022,Controller,metal,1,5.237700424416201,2.3999999999999986,2.3999999999999773,3.530000000000001,Schematic internal layout
N64-0535,StickModuleScrew1,N64-0535 · Cross-head fastener023,Controller,metal,1,5.237700424416201,2.3999999999999986,2.3999999999999773,3.530000000000001,Schematic internal layout
N64-0536,StickModuleScrew2,N64-0536 · Cross-head fastener024,Controller,metal,1,5.237700424416202,2.4,2.3999999999999773,3.530000000000001,Schematic internal layout
N64-0537,PadZ,N64-0537 · Back-side Z trigger001,Controller,n64grey,1,399.7322077316779,10.8,16.80000000000001,6.0,Published envelope; approximate photographic exterior detail
N64-0538,ZPCB,N64-0538 · Separate Z-trigger PCB,Controller,copper,1,176.36049543863803,13.0,17.0,0.8000000000000007,Schematic internal layout
N64-0539,ZRubber,N64-0539 · Z-trigger silicone contact dome,Controller,white,1,27.947370303416196,7.0,7.0,1.9000000000000004,Schematic internal layout
N64-0540,ZContact,N64-0540 · Z-trigger printed carbon contact,Controller,black,1,0.6927211801165527,4.2,4.199999999999989,0.05000000000000071,Schematic internal layout
N64-0541,ZPill,N64-0541 · Z-trigger moving carbon pill,Controller,black,1,0.5428672105403172,2.4,2.3999999999999773,0.1200000000000001,Schematic internal layout
N64-0542,PadAccessoryShield,N64-0542 · 32-position accessory-port metal housing,Controller,metal,1,788.5265283724991,33.2,10.0,9.200000000000003,Schematic internal layout
N64-0543,PadAccessoryBack,N64-0543 · Accessory connector insulator,Controller,black,1,631.9879644737231,31.0,3.0,6.799999999999999,Schematic internal layout
N64-0544,PadAccessoryTongue,N64-0544 · Accessory contact support rails,Controller,black,2,193.47161944901958,28.8,5.600000000000023,2.580000000000002,Schematic internal layout
N64-0545,PadAccessoryContact-1_0,N64-0545 · Controller Pak connector contact,Controller,gold,1,0.33255277868423383,0.8000000000000007,5.199999999999989,0.08000000000000007,Schematic internal layout
N64-0546,PadAccessoryContact-1_1,N64-0546 · Controller Pak connector contact001,Controller,gold,1,0.3325527786842339,0.8000000000000007,5.199999999999989,0.08000000000000007,Schematic internal layout
N64-0547,PadAccessoryContact-1_2,N64-0547 · Controller Pak connector contact002,Controller,gold,1,0.33255277868423383,0.8000000000000007,5.199999999999989,0.08000000000000007,Schematic internal layout
N64-0548,PadAccessoryContact-1_3,N64-0548 · Controller Pak connector contact003,Controller,gold,1,0.3325527786842337,0.7999999999999998,5.199999999999989,0.08000000000000007,Schematic internal layout
N64-0549,PadAccessoryContact-1_4,N64-0549 · Controller Pak connector contact004,Controller,gold,1,0.33255277868423383,0.8000000000000007,5.199999999999989,0.08000000000000007,Schematic internal layout
N64-0550,PadAccessoryContact-1_5,N64-0550 · Controller Pak connector contact005,Controller,gold,1,0.3325527786842338,0.8000000000000003,5.199999999999989,0.08000000000000007,Schematic internal layout
N64-0551,PadAccessoryContact-1_6,N64-0551 · Controller Pak connector contact006,Controller,gold,1,0.3325527786842337,0.7999999999999998,5.199999999999989,0.08000000000000007,Schematic internal layout
N64-0552,PadAccessoryContact-1_7,N64-0552 · Controller Pak connector contact007,Controller,gold,1,0.3325527786842337,0.8,5.199999999999989,0.08000000000000007,Schematic internal layout
N64-0553,PadAccessoryContact-1_8,N64-0553 · Controller Pak connector contact008,Controller,gold,1,0.3325527786842337,0.8,5.199999999999989,0.08000000000000007,Schematic internal layout
N64-0554,PadAccessoryContact-1_9,N64-0554 · Controller Pak connector contact009,Controller,gold,1,0.3325527786842337,0.7999999999999998,5.199999999999989,0.08000000000000007,Schematic internal layout
N64-0555,PadAccessoryContact-1_10,N64-0555 · Controller Pak connector contact010,Controller,gold,1,0.3325527786842338,0.8000000000000003,5.199999999999989,0.08000000000000007,Schematic internal layout
N64-0556,PadAccessoryContact-1_11,N64-0556 · Controller Pak connector contact011,Controller,gold,1,0.33255277868423383,0.8000000000000007,5.199999999999989,0.08000000000000007,Schematic internal layout
N64-0557,PadAccessoryContact-1_12,N64-0557 · Controller Pak connector contact012,Controller,gold,1,0.3325527786842337,0.7999999999999998,5.199999999999989,0.08000000000000007,Schematic internal layout
N64-0558,PadAccessoryContact-1_13,N64-0558 · Controller Pak connector contact013,Controller,gold,1,0.3325527786842339,0.8000000000000007,5.199999999999989,0.08000000000000007,Schematic internal layout
N64-0559,PadAccessoryContact-1_14,N64-0559 · Controller Pak connector contact014,Controller,gold,1,0.3325527786842339,0.8000000000000007,5.199999999999989,0.08000000000000007,Schematic internal layout
N64-0560,PadAccessoryContact-1_15,N64-0560 · Controller Pak connector contact015,Controller,gold,1,0.33255277868423383,0.8000000000000007,5.199999999999989,0.08000000000000007,Schematic internal layout
N64-0561,PadAccessoryContact1_0,N64-0561 · Controller Pak connector contact016,Controller,gold,1,0.3325527786842314,0.8000000000000007,5.199999999999989,0.0799999999999983,Schematic internal layout
N64-0562,PadAccessoryContact1_1,N64-0562 · Controller Pak connector contact017,Controller,gold,1,0.3325527786842314,0.8000000000000007,5.199999999999989,0.0799999999999983,Schematic internal layout
N64-0563,PadAccessoryContact1_2,N64-0563 · Controller Pak connector contact018,Controller,gold,1,0.33255277868423133,0.8000000000000007,5.199999999999989,0.0799999999999983,Schematic internal layout
N64-0564,PadAccessoryContact1_3,N64-0564 · Controller Pak connector contact019,Controller,gold,1,0.3325527786842312,0.7999999999999998,5.199999999999989,0.0799999999999983,Schematic internal layout
N64-0565,PadAccessoryContact1_4,N64-0565 · Controller Pak connector contact020,Controller,gold,1,0.33255277868423133,0.8000000000000007,5.199999999999989,0.0799999999999983,Schematic internal layout
N64-0566,PadAccessoryContact1_5,N64-0566 · Controller Pak connector contact021,Controller,gold,1,0.3325527786842313,0.8000000000000003,5.199999999999989,0.0799999999999983,Schematic internal layout
N64-0567,PadAccessoryContact1_6,N64-0567 · Controller Pak connector contact022,Controller,gold,1,0.3325527786842312,0.7999999999999998,5.199999999999989,0.0799999999999983,Schematic internal layout
N64-0568,PadAccessoryContact1_7,N64-0568 · Controller Pak connector contact023,Controller,gold,1,0.3325527786842313,0.8,5.199999999999989,0.0799999999999983,Schematic internal layout
N64-0569,PadAccessoryContact1_8,N64-0569 · Controller Pak connector contact024,Controller,gold,1,0.3325527786842313,0.8,5.199999999999989,0.0799999999999983,Schematic internal layout
N64-0570,PadAccessoryContact1_9,N64-0570 · Controller Pak connector contact025,Controller,gold,1,0.3325527786842313,0.7999999999999998,5.199999999999989,0.0799999999999983,Schematic internal layout
N64-0571,PadAccessoryContact1_10,N64-0571 · Controller Pak connector contact026,Controller,gold,1,0.3325527786842313,0.8000000000000003,5.199999999999989,0.0799999999999983,Schematic internal layout
N64-0572,PadAccessoryContact1_11,N64-0572 · Controller Pak connector contact027,Controller,gold,1,0.3325527786842314,0.8000000000000007,5.199999999999989,0.0799999999999983,Schematic internal layout
N64-0573,PadAccessoryContact1_12,N64-0573 · Controller Pak connector contact028,Controller,gold,1,0.3325527786842313,0.7999999999999998,5.199999999999989,0.0799999999999983,Schematic internal layout
N64-0574,PadAccessoryContact1_13,N64-0574 · Controller Pak connector contact029,Controller,gold,1,0.33255277868423144,0.8000000000000007,5.199999999999989,0.0799999999999983,Schematic internal layout
N64-0575,PadAccessoryContact1_14,N64-0575 · Controller Pak connector contact030,Controller,gold,1,0.3325527786842314,0.8000000000000007,5.199999999999989,0.0799999999999983,Schematic internal layout
N64-0576,PadAccessoryContact1_15,N64-0576 · Controller Pak connector contact031,Controller,gold,1,0.3325527786842314,0.8000000000000007,5.199999999999989,0.0799999999999983,Schematic internal layout
N64-0577,PadCaseScrew0,N64-0577 · Cross-head fastener025,Controller,metal,1,21.063821419275268,3.3000000000000043,3.3000000000000114,15.530000000000001,Schematic internal layout
N64-0578,PadCaseScrew1,N64-0578 · Cross-head fastener026,Controller,metal,1,21.063821419275264,3.3000000000000043,3.3000000000000114,15.530000000000001,Schematic internal layout
N64-0579,PadCaseScrew2,N64-0579 · Cross-head fastener027,Controller,metal,1,21.063821419275342,3.3000000000000043,3.2999999999999545,15.530000000000001,Schematic internal layout
N64-0580,PadCaseScrew3,N64-0580 · Cross-head fastener028,Controller,metal,1,21.06382141927534,3.3000000000000043,3.2999999999999545,15.530000000000001,Schematic internal layout
N64-0581,PadCaseScrew4,N64-0581 · Cross-head fastener029,Controller,metal,1,21.06382141927527,3.299999999999997,3.3000000000000114,15.530000000000001,Schematic internal layout
N64-0582,PadCaseScrew5,N64-0582 · Cross-head fastener030,Controller,metal,1,21.06382141927527,3.299999999999997,3.3000000000000114,15.530000000000001,Schematic internal layout
N64-0583,PadCaseScrew6,N64-0583 · Cross-head fastener031,Controller,metal,1,21.06382141927534,3.299999999999999,3.2999999999999545,15.530000000000001,Schematic internal layout
N64-0584,PadCaseScrew7,N64-0584 · Cross-head fastener032,Controller,metal,1,21.06382141927534,3.299999999999999,3.2999999999999545,15.530000000000001,Schematic internal layout
N64-0585,PadCaseScrew8,N64-0585 · Cross-head fastener033,Controller,metal,1,21.063821419275346,3.3,3.2999999999999545,15.530000000000001,Schematic internal layout
N64-0586,PadCaseScrew9,N64-0586 · Cross-head fastener034,Controller,metal,1,20.12461973339447,2.700000000000003,2.6999999999999886,15.530000000000001,Schematic internal layout
N64-0587,PadCaseScrew10,N64-0587 · Cross-head fastener035,Controller,metal,1,20.12461973339447,2.700000000000003,2.6999999999999886,15.530000000000001,Schematic internal layout
N64-0588,PadCable,N64-0588 · Three-wire controller cable study,Controller,black,1,2362.2030560043113,211.6000001,77.99798253054045,17.700000200000005,Published envelope; approximate photographic exterior detail
N64-0589,PadGrommet,N64-0589 · Controller cable flex relief,Controller,black,1,108.85618544688637,5.2,11.0,5.200000000000003,Published envelope; approximate photographic exterior detail
N64-0590,PadMainWire0,N64-0590 · JoyBus cable conductor,Controller,red,1,2.7451391364451267,0.40000020000000003,20.214002160981778,6.414327539253115,Schematic internal layout
N64-0591,PadMainWire1,N64-0591 · JoyBus cable conductor001,Controller,white,1,2.7451391364451267,0.40000020000000003,20.214002160981778,6.414327539253115,Schematic internal layout
N64-0592,PadMainWire2,N64-0592 · JoyBus cable conductor002,Controller,black,1,2.7451391364451285,0.40000020000000003,20.214002160981778,6.414327539253115,Schematic internal layout
N64-0593,PadPlugBody,N64-0593 · Original controller plug grip,Controller,padgrey,1,9418.760800517997,20.0,27.0,19.0,Published envelope; approximate photographic exterior detail
N64-0594,PadPlugPin0,N64-0594 · Controller plug contact,Controller,metal,1,17.011724219188757,6.0,1.8999999999999773,1.8999999999999986,Published envelope; approximate photographic exterior detail
N64-0595,PadPlugPin1,N64-0595 · Controller plug contact001,Controller,metal,1,17.011724219188757,6.0,1.8999999999999773,1.8999999999999986,Published envelope; approximate photographic exterior detail
N64-0596,PadPlugPin2,N64-0596 · Controller plug contact002,Controller,metal,1,17.011724219188757,6.0,1.8999999999999773,1.8999999999999986,Published envelope; approximate photographic exterior detail
N64-0597,PadPlugNose,N64-0597 · Keyed three-position controller plug nose,Controller,padgrey,1,1146.700973151613,5.5,19.716417910447774,13.4,Published envelope; approximate photographic exterior detail
N64-0598,PadPlugRelief,N64-0598 · Controller plug cable relief,Controller,black,1,310.0961388603365,11.0,9.0,9.0,Published envelope; approximate photographic exterior detail
N64-0599,EncoderPCB,N64-0599 · Optical encoder circuit board study,Controller,copper,1,223.31327412287288,20.0,0.8000000000000114,14.0,Schematic internal layout
N64-0600,EncoderHeader,N64-0600 · Stick module six-way connector,Controller,nblue,1,33.29097335529272,7.0,1.2000000000000455,4.0,Schematic internal layout
N64-0601,PadEncoderHeader,N64-0601 · Main PCB six-way stick connector,Controller,nblue,1,119.76823001646925,10.0,4.0,3.0,Schematic internal layout
N64-0602,EncoderWire0,N64-0602 · Optical module harness conductor,Controller,portgrey,1,5.43114619123618,17.32000020000001,46.24652131461022,7.42000020000004,Schematic internal layout
N64-0603,EncoderWire1,N64-0603 · Optical module harness conductor001,Controller,portgrey,1,5.503528485975047,17.32000020000001,46.69652131461021,7.420000199999983,Schematic internal layout
N64-0604,EncoderWire2,N64-0604 · Optical module harness conductor002,Controller,portgrey,1,5.575910780713597,17.32000020000001,47.1465213146102,7.42000020000004,Schematic internal layout
N64-0605,EncoderWire3,N64-0605 · Optical module harness conductor003,Controller,portgrey,1,5.6482930754523135,17.32000020000001,47.59652131461024,7.42000020000004,Schematic internal layout
N64-0606,EncoderWire4,N64-0606 · Optical module harness conductor004,Controller,portgrey,1,5.720675370191185,17.32000020000001,48.04652131461023,7.420000199999983,Schematic internal layout
N64-0607,EncoderWire5,N64-0607 · Optical module harness conductor005,Controller,portgrey,1,5.793057664929731,17.32000020000001,48.49652131461022,7.42000020000004,Schematic internal layout
N64-0608,CartBack,N64-0608 · Blank Game Pak rear shell003,Accessories,padgrey,1,16870.778331154095,116.00406463627328,74.00203241813662,7.000000200000003,Published envelope; approximate photographic exterior detail
N64-0609,CartFront,N64-0609 · Blank Game Pak bowed-top front shell002,Accessories,padgrey,1,17852.946130886885,116.00406463627328,74.00203241813662,12.500000100000001,Published envelope; approximate photographic exterior detail
N64-0610,CartPCB,N64-0610 · Blank Game Pak PCB002,Accessories,pcb,1,5153.522389522981,86.0,50.0,1.1999999999999993,Schematic internal layout
N64-0611,CartContact-1_0,N64-0611 · Game Pak edge contact,Accessories,gold,1,0.8970849555921498,1.6999999999999886,8.8,0.05999999999999961,Schematic internal layout
N64-0612,CartContact-1_1,N64-0612 · Game Pak edge contact001,Accessories,gold,1,0.8970849555921501,1.6999999999999886,8.8,0.05999999999999961,Schematic internal layout
N64-0613,CartContact-1_2,N64-0613 · Game Pak edge contact002,Accessories,gold,1,0.8970849555921501,1.6999999999999886,8.8,0.05999999999999961,Schematic internal layout
N64-0614,CartContact-1_3,N64-0614 · Game Pak edge contact003,Accessories,gold,1,0.8970849555921498,1.6999999999999886,8.8,0.05999999999999961,Schematic internal layout
N64-0615,CartContact-1_4,N64-0615 · Game Pak edge contact004,Accessories,gold,1,0.89708495559215,1.6999999999999886,8.8,0.05999999999999961,Schematic internal layout
N64-0616,CartContact-1_5,N64-0616 · Game Pak edge contact005,Accessories,gold,1,0.8970849555921498,1.6999999999999886,8.8,0.05999999999999961,Schematic internal layout
N64-0617,CartContact-1_6,N64-0617 · Game Pak edge contact006,Accessories,gold,1,0.8970849555921501,1.6999999999999886,8.8,0.05999999999999961,Schematic internal layout
N64-0618,CartContact-1_7,N64-0618 · Game Pak edge contact007,Accessories,gold,1,0.8970849555921498,1.6999999999999886,8.8,0.05999999999999961,Schematic internal layout
N64-0619,CartContact-1_8,N64-0619 · Game Pak edge contact008,Accessories,gold,1,0.8970849555921501,1.6999999999999886,8.8,0.05999999999999961,Schematic internal layout
N64-0620,CartContact-1_9,N64-0620 · Game Pak edge contact009,Accessories,gold,1,0.8970849555921501,1.6999999999999886,8.8,0.05999999999999961,Schematic internal layout
N64-0621,CartContact-1_10,N64-0621 · Game Pak edge contact010,Accessories,gold,1,0.8970849555921501,1.6999999999999886,8.8,0.05999999999999961,Schematic internal layout
N64-0622,CartContact-1_11,N64-0622 · Game Pak edge contact011,Accessories,gold,1,0.8970849555921501,1.6999999999999886,8.8,0.05999999999999961,Schematic internal layout
N64-0623,CartContact-1_12,N64-0623 · Game Pak edge contact012,Accessories,gold,1,0.8970849555921498,1.6999999999999886,8.8,0.05999999999999961,Schematic internal layout
N64-0624,CartContact-1_13,N64-0624 · Game Pak edge contact013,Accessories,gold,1,0.8970849555921501,1.6999999999999886,8.8,0.05999999999999961,Schematic internal layout
N64-0625,CartContact-1_14,N64-0625 · Game Pak edge contact014,Accessories,gold,1,0.89708495559215,1.6999999999999886,8.8,0.05999999999999961,Schematic internal layout
N64-0626,CartContact-1_15,N64-0626 · Game Pak edge contact015,Accessories,gold,1,0.8970849555921498,1.6999999999999886,8.8,0.05999999999999961,Schematic internal layout
N64-0627,CartContact-1_16,N64-0627 · Game Pak edge contact016,Accessories,gold,1,0.8970849555921501,1.6999999999999886,8.8,0.05999999999999961,Schematic internal layout
N64-0628,CartContact-1_17,N64-0628 · Game Pak edge contact017,Accessories,gold,1,0.8970849555921498,1.6999999999999886,8.8,0.05999999999999961,Schematic internal layout
N64-0629,CartContact-1_18,N64-0629 · Game Pak edge contact018,Accessories,gold,1,0.8970849555921501,1.6999999999999886,8.8,0.05999999999999961,Schematic internal layout
N64-0630,CartContact-1_19,N64-0630 · Game Pak edge contact019,Accessories,gold,1,0.8970849555921501,1.6999999999999886,8.8,0.05999999999999961,Schematic internal layout
N64-0631,CartContact-1_20,N64-0631 · Game Pak edge contact020,Accessories,gold,1,0.8970849555921597,1.7000000000000455,8.8,0.05999999999999961,Schematic internal layout
N64-0632,CartContact-1_21,N64-0632 · Game Pak edge contact021,Accessories,gold,1,0.8970849555921597,1.7000000000000455,8.8,0.05999999999999961,Schematic internal layout
N64-0633,CartContact-1_22,N64-0633 · Game Pak edge contact022,Accessories,gold,1,0.8970849555921598,1.7000000000000455,8.8,0.05999999999999961,Schematic internal layout
N64-0634,CartContact-1_23,N64-0634 · Game Pak edge contact023,Accessories,gold,1,0.8970849555921598,1.7000000000000455,8.8,0.05999999999999961,Schematic internal layout
N64-0635,CartContact-1_24,N64-0635 · Game Pak edge contact024,Accessories,gold,1,0.8970849555921597,1.7000000000000455,8.8,0.05999999999999961,Schematic internal layout
N64-0636,CartContact1_0,N64-0636 · Game Pak edge contact025,Accessories,gold,1,0.8970849555921545,1.6999999999999886,8.8,0.0600000000000005,Schematic internal layout
N64-0637,CartContact1_1,N64-0637 · Game Pak edge contact026,Accessories,gold,1,0.8970849555921544,1.6999999999999886,8.8,0.0600000000000005,Schematic internal layout
N64-0638,CartContact1_2,N64-0638 · Game Pak edge contact027,Accessories,gold,1,0.8970849555921545,1.6999999999999886,8.8,0.0600000000000005,Schematic internal layout
N64-0639,CartContact1_3,N64-0639 · Game Pak edge contact028,Accessories,gold,1,0.8970849555921544,1.6999999999999886,8.8,0.0600000000000005,Schematic internal layout
N64-0640,CartContact1_4,N64-0640 · Game Pak edge contact029,Accessories,gold,1,0.8970849555921544,1.6999999999999886,8.8,0.0600000000000005,Schematic internal layout
N64-0641,CartContact1_5,N64-0641 · Game Pak edge contact030,Accessories,gold,1,0.8970849555921544,1.6999999999999886,8.8,0.0600000000000005,Schematic internal layout
N64-0642,CartContact1_6,N64-0642 · Game Pak edge contact031,Accessories,gold,1,0.8970849555921544,1.6999999999999886,8.8,0.0600000000000005,Schematic internal layout
N64-0643,CartContact1_7,N64-0643 · Game Pak edge contact032,Accessories,gold,1,0.8970849555921545,1.6999999999999886,8.8,0.0600000000000005,Schematic internal layout
N64-0644,CartContact1_8,N64-0644 · Game Pak edge contact033,Accessories,gold,1,0.8970849555921545,1.6999999999999886,8.8,0.0600000000000005,Schematic internal layout
N64-0645,CartContact1_9,N64-0645 · Game Pak edge contact034,Accessories,gold,1,0.8970849555921544,1.6999999999999886,8.8,0.0600000000000005,Schematic internal layout
N64-0646,CartContact1_10,N64-0646 · Game Pak edge contact035,Accessories,gold,1,0.8970849555921545,1.6999999999999886,8.8,0.0600000000000005,Schematic internal layout
N64-0647,CartContact1_11,N64-0647 · Game Pak edge contact036,Accessories,gold,1,0.8970849555921544,1.6999999999999886,8.8,0.0600000000000005,Schematic internal layout
N64-0648,CartContact1_12,N64-0648 · Game Pak edge contact037,Accessories,gold,1,0.8970849555921545,1.6999999999999886,8.8,0.0600000000000005,Schematic internal layout
N64-0649,CartContact1_13,N64-0649 · Game Pak edge contact038,Accessories,gold,1,0.8970849555921545,1.6999999999999886,8.8,0.0600000000000005,Schematic internal layout
N64-0650,CartContact1_14,N64-0650 · Game Pak edge contact039,Accessories,gold,1,0.8970849555921544,1.6999999999999886,8.8,0.0600000000000005,Schematic internal layout
N64-0651,CartContact1_15,N64-0651 · Game Pak edge contact040,Accessories,gold,1,0.8970849555921544,1.6999999999999886,8.8,0.0600000000000005,Schematic internal layout
N64-0652,CartContact1_16,N64-0652 · Game Pak edge contact041,Accessories,gold,1,0.8970849555921544,1.6999999999999886,8.8,0.0600000000000005,Schematic internal layout
N64-0653,CartContact1_17,N64-0653 · Game Pak edge contact042,Accessories,gold,1,0.8970849555921545,1.6999999999999886,8.8,0.0600000000000005,Schematic internal layout
N64-0654,CartContact1_18,N64-0654 · Game Pak edge contact043,Accessories,gold,1,0.8970849555921545,1.6999999999999886,8.8,0.0600000000000005,Schematic internal layout
N64-0655,CartContact1_19,N64-0655 · Game Pak edge contact044,Accessories,gold,1,0.8970849555921545,1.6999999999999886,8.8,0.0600000000000005,Schematic internal layout
N64-0656,CartContact1_20,N64-0656 · Game Pak edge contact045,Accessories,gold,1,0.8970849555921642,1.7000000000000455,8.8,0.0600000000000005,Schematic internal layout
N64-0657,CartContact1_21,N64-0657 · Game Pak edge contact046,Accessories,gold,1,0.8970849555921642,1.7000000000000455,8.8,0.0600000000000005,Schematic internal layout
N64-0658,CartContact1_22,N64-0658 · Game Pak edge contact047,Accessories,gold,1,0.8970849555921643,1.7000000000000455,8.8,0.0600000000000005,Schematic internal layout
N64-0659,CartContact1_23,N64-0659 · Game Pak edge contact048,Accessories,gold,1,0.8970849555921643,1.7000000000000455,8.8,0.0600000000000005,Schematic internal layout
N64-0660,CartContact1_24,N64-0660 · Game Pak edge contact049,Accessories,gold,1,0.8970849555921642,1.7000000000000455,8.8,0.0600000000000005,Schematic internal layout
N64-0661,CartROM,N64-0661 · Unprogrammed Game Pak ROM study,Accessories,black,1,1043.5879644737229,29.0,12.0,3.0,Schematic internal layout
N64-0662,CartLowerShield,N64-0662 · Cartridge lower metal shield003,Accessories,metal,1,1979.628529774473,94.00000000000057,47.0,0.4500000000000002,Schematic internal layout
N64-0663,CartUpperShield,N64-0663 · Cartridge upper metal shield003,Accessories,metal,1,1979.6285297744714,94.00000000000057,47.0,0.4499999999999993,Schematic internal layout
N64-0664,CartLabel,N64-0664 · Original N64 study label,Accessories,nblue,1,330.7707963267926,92.0,45.0,0.0799999999999983,Published envelope; approximate photographic exterior detail
N64-0665,CartTitle,N64-0665 · N64 STUDY,Accessories,white,8,1.4410963726142867,44.307634228187936,6.041879394630875,0.01800020000000302,Published envelope; approximate photographic exterior detail
N64-0666,CartNote,N64-0666 · BLANK GAME PAK,Accessories,white,12,0.48007395646086265,31.53840614026845,2.7285908040268474,0.01800020000000302,Published envelope; approximate photographic exterior detail
N64-0667,CartScrew0,N64-0667 · Cross-head fastener036,Accessories,metal,1,15.821504829734744,3.1999999999999886,3.200000000000003,11.33,Schematic internal layout
N64-0668,CartScrew1,N64-0668 · Cross-head fastener037,Accessories,metal,1,15.821504829734797,3.2000000000000455,3.200000000000003,11.33,Schematic internal layout
N64-0669,MemPakBack,N64-0669 · Controller Pak lower shell004,Accessories,padgrey,1,9548.96278422499,56.0,61.0,11.0,Published envelope; approximate photographic exterior detail
N64-0670,MemPakFront,N64-0670 · Controller Pak upper shell003,Accessories,padgrey,1,9146.423098853176,56.0,61.0,17.8,Published envelope; approximate photographic exterior detail
N64-0671,MemPakPCB,N64-0671 · Controller Pak circuit board study002,Accessories,pcb,1,2304.2731623795416,45.0,55.0,1.0,Schematic internal layout
N64-0672,MemPakContact-1_0,N64-0672 · Controller Pak edge contact,Accessories,gold,1,0.35984548667764965,0.8000000000000114,9.0,0.05000000000000071,Schematic internal layout
N64-0673,MemPakContact-1_1,N64-0673 · Controller Pak edge contact001,Accessories,gold,1,0.35984548667764965,0.8000000000000114,9.0,0.05000000000000071,Schematic internal layout
N64-0674,MemPakContact-1_2,N64-0674 · Controller Pak edge contact002,Accessories,gold,1,0.35984548667764965,0.8000000000000114,9.0,0.05000000000000071,Schematic internal layout
N64-0675,MemPakContact-1_3,N64-0675 · Controller Pak edge contact003,Accessories,gold,1,0.35984548667764965,0.8000000000000114,9.0,0.05000000000000071,Schematic internal layout
N64-0676,MemPakContact-1_4,N64-0676 · Controller Pak edge contact004,Accessories,gold,1,0.3598454866776496,0.8000000000000114,9.0,0.05000000000000071,Schematic internal layout
N64-0677,MemPakContact-1_5,N64-0677 · Controller Pak edge contact005,Accessories,gold,1,0.35984548667764965,0.8000000000000114,9.0,0.05000000000000071,Schematic internal layout
N64-0678,MemPakContact-1_6,N64-0678 · Controller Pak edge contact006,Accessories,gold,1,0.3598454866776496,0.8000000000000114,9.0,0.05000000000000071,Schematic internal layout
N64-0679,MemPakContact-1_7,N64-0679 · Controller Pak edge contact007,Accessories,gold,1,0.3598454866776496,0.8000000000000114,9.0,0.05000000000000071,Schematic internal layout
N64-0680,MemPakContact-1_8,N64-0680 · Controller Pak edge contact008,Accessories,gold,1,0.35984548667764965,0.8000000000000114,9.0,0.05000000000000071,Schematic internal layout
N64-0681,MemPakContact-1_9,N64-0681 · Controller Pak edge contact009,Accessories,gold,1,0.3598454866776496,0.8000000000000114,9.0,0.05000000000000071,Schematic internal layout
N64-0682,MemPakContact-1_10,N64-0682 · Controller Pak edge contact010,Accessories,gold,1,0.35984548667764965,0.8000000000000114,9.0,0.05000000000000071,Schematic internal layout
N64-0683,MemPakContact-1_11,N64-0683 · Controller Pak edge contact011,Accessories,gold,1,0.3598454866776496,0.8000000000000114,9.0,0.05000000000000071,Schematic internal layout
N64-0684,MemPakContact-1_12,N64-0684 · Controller Pak edge contact012,Accessories,gold,1,0.3598454866776496,0.8000000000000114,9.0,0.05000000000000071,Schematic internal layout
N64-0685,MemPakContact-1_13,N64-0685 · Controller Pak edge contact013,Accessories,gold,1,0.3598454866776496,0.8000000000000114,9.0,0.05000000000000071,Schematic internal layout
N64-0686,MemPakContact-1_14,N64-0686 · Controller Pak edge contact014,Accessories,gold,1,0.3598454866776496,0.8000000000000114,9.0,0.05000000000000071,Schematic internal layout
N64-0687,MemPakContact-1_15,N64-0687 · Controller Pak edge contact015,Accessories,gold,1,0.3598454866776496,0.8000000000000114,9.0,0.05000000000000071,Schematic internal layout
N64-0688,MemPakContact1_0,N64-0688 · Controller Pak edge contact016,Accessories,gold,1,0.35984548667764965,0.8000000000000114,9.0,0.05000000000000071,Schematic internal layout
N64-0689,MemPakContact1_1,N64-0689 · Controller Pak edge contact017,Accessories,gold,1,0.3598454866776496,0.8000000000000114,9.0,0.05000000000000071,Schematic internal layout
N64-0690,MemPakContact1_2,N64-0690 · Controller Pak edge contact018,Accessories,gold,1,0.35984548667764965,0.8000000000000114,9.0,0.05000000000000071,Schematic internal layout
N64-0691,MemPakContact1_3,N64-0691 · Controller Pak edge contact019,Accessories,gold,1,0.35984548667764965,0.8000000000000114,9.0,0.05000000000000071,Schematic internal layout
N64-0692,MemPakContact1_4,N64-0692 · Controller Pak edge contact020,Accessories,gold,1,0.3598454866776496,0.8000000000000114,9.0,0.05000000000000071,Schematic internal layout
N64-0693,MemPakContact1_5,N64-0693 · Controller Pak edge contact021,Accessories,gold,1,0.35984548667764965,0.8000000000000114,9.0,0.05000000000000071,Schematic internal layout
N64-0694,MemPakContact1_6,N64-0694 · Controller Pak edge contact022,Accessories,gold,1,0.3598454866776496,0.8000000000000114,9.0,0.05000000000000071,Schematic internal layout
N64-0695,MemPakContact1_7,N64-0695 · Controller Pak edge contact023,Accessories,gold,1,0.3598454866776496,0.8000000000000114,9.0,0.05000000000000071,Schematic internal layout
N64-0696,MemPakContact1_8,N64-0696 · Controller Pak edge contact024,Accessories,gold,1,0.35984548667764965,0.8000000000000114,9.0,0.05000000000000071,Schematic internal layout
N64-0697,MemPakContact1_9,N64-0697 · Controller Pak edge contact025,Accessories,gold,1,0.3598454866776496,0.8000000000000114,9.0,0.05000000000000071,Schematic internal layout
N64-0698,MemPakContact1_10,N64-0698 · Controller Pak edge contact026,Accessories,gold,1,0.35984548667764965,0.8000000000000114,9.0,0.05000000000000071,Schematic internal layout
N64-0699,MemPakContact1_11,N64-0699 · Controller Pak edge contact027,Accessories,gold,1,0.3598454866776496,0.8000000000000114,9.0,0.05000000000000071,Schematic internal layout
N64-0700,MemPakContact1_12,N64-0700 · Controller Pak edge contact028,Accessories,gold,1,0.3598454866776496,0.8000000000000114,9.0,0.05000000000000071,Schematic internal layout
N64-0701,MemPakContact1_13,N64-0701 · Controller Pak edge contact029,Accessories,gold,1,0.3598454866776496,0.8000000000000114,9.0,0.05000000000000071,Schematic internal layout
N64-0702,MemPakContact1_14,N64-0702 · Controller Pak edge contact030,Accessories,gold,1,0.3598454866776496,0.8000000000000114,9.0,0.05000000000000071,Schematic internal layout
N64-0703,MemPakContact1_15,N64-0703 · Controller Pak edge contact031,Accessories,gold,1,0.3598454866776496,0.8000000000000114,9.0,0.05000000000000071,Schematic internal layout
N64-0704,MemPakSRAM,N64-0704 · Battery-backed SRAM package study,Accessories,black,1,582.9160817701747,18.0,12.0,2.6999999999999993,Schematic internal layout
N64-0705,MemPakBattery,N64-0705 · Coin-cell backup battery study,Accessories,metal,1,1005.3096491487339,20.0,20.0,3.1999999999999993,Schematic internal layout
N64-0706,MemPakHolder,N64-0706 · Coin-cell locating holder,Accessories,black,1,163.9440126275831,22.0,22.0,3.500000000000001,Schematic internal layout
N64-0707,MemPakClip,N64-0707 · Backup battery contact clip,Accessories,metal,1,10.33841150082347,23.0,3.0,0.15000000000000036,Schematic internal layout
N64-0708,MemPakLabel,N64-0708 · Controller Pak study label,Accessories,n64grey,1,117.44548667764535,42.0,35.0,0.0799999999999983,Published envelope; approximate photographic exterior detail
N64-0709,MemPakTitle,N64-0709 · CONTROLLER PAK,Accessories,white,13,0.4768364711617777,32.208573925503345,2.7285908040268225,0.01800020000000302,Published envelope; approximate photographic exterior detail
N64-0710,MemPakNote,N64-0710 · 32 KiB / STUDY,Accessories,white,12,0.25864388391514276,22.927751777852336,2.6351677852348985,0.01800020000000302,Published envelope; approximate photographic exterior detail
N64-0711,MemPakScrew0,N64-0711 · Cross-head fastener038,Accessories,metal,1,19.444389477854486,3.1999999999999886,3.1999999999999886,14.329999999999998,Schematic internal layout
N64-0712,MemPakScrew1,N64-0712 · Cross-head fastener039,Accessories,metal,1,19.44438947785455,3.200000000000017,3.1999999999999886,14.329999999999998,Schematic internal layout
N64-0713,CartBoardScrew0,N64-0713 · Cross-head fastener040,Accessories,metal,1,11.275841504615784,2.3999999999999773,2.400000000000002,8.53,Schematic internal layout
N64-0714,CartBoardScrew1,N64-0714 · Cross-head fastener041,Accessories,metal,1,11.27584150461582,2.3999999999999773,2.400000000000002,8.53,Schematic internal layout
N64-0715,ACLead,N64-0715 · NUS-002 AC cable study,Accessories,black,1,1994.4165526060467,189.55000009999998,67.41428430122644,10.1000002,Published envelope; approximate photographic exterior detail
N64-0716,ACGrommet,N64-0716 · Power-module cable relief,Accessories,black,1,114.51105222334799,5.400000000000006,9.0,5.399999999999999,Published envelope; approximate photographic exterior detail
N64-0717,ACPlug,N64-0717 · Japanese two-blade AC plug body,Accessories,black,1,7062.37157897848,23.999999999999986,22.0,14.0,Published envelope; approximate photographic exterior detail
N64-0718,ACBlade0,N64-0718 · Flat AC plug blade,Accessories,metal,1,134.40000000000055,16.0,1.4000000000000057,6.0,Published envelope; approximate photographic exterior detail
N64-0719,ACBlade1,N64-0719 · Flat AC plug blade001,Accessories,metal,1,134.40000000000055,16.0,1.4000000000000057,6.0,Published envelope; approximate photographic exterior detail
N64-0720,VideoLead,N64-0720 · Stereo Multi Out cable study,Accessories,black,1,1302.5027572426584,94.39667302673809,60.55899871096841,3.000000199999999,Published envelope; approximate photographic exterior detail
N64-0721,VideoPlugGrip,N64-0721 · Nintendo Multi Out plug grip,Accessories,black,1,6565.486677646162,20.0,28.0,12.0,Published envelope; approximate photographic exterior detail
N64-0722,VideoPlugNose,N64-0722 · Keyed Multi Out plug channel,Accessories,black,1,541.761006289156,7.0,22.0,8.0,Published envelope; approximate photographic exterior detail
N64-0723,VideoPlugContact-1_0,N64-0723 · Multi Out cable contact,Accessories,gold,1,1.200000000000017,6.0,0.8000000000000114,0.25,Published envelope; approximate photographic exterior detail
N64-0724,VideoPlugContact-1_1,N64-0724 · Multi Out cable contact001,Accessories,gold,1,1.200000000000017,6.0,0.8000000000000114,0.25,Published envelope; approximate photographic exterior detail
N64-0725,VideoPlugContact-1_2,N64-0725 · Multi Out cable contact002,Accessories,gold,1,1.200000000000017,6.0,0.8000000000000114,0.25,Published envelope; approximate photographic exterior detail
N64-0726,VideoPlugContact-1_3,N64-0726 · Multi Out cable contact003,Accessories,gold,1,1.200000000000017,6.0,0.8000000000000114,0.25,Published envelope; approximate photographic exterior detail
N64-0727,VideoPlugContact-1_4,N64-0727 · Multi Out cable contact004,Accessories,gold,1,1.200000000000017,6.0,0.8000000000000114,0.25,Published envelope; approximate photographic exterior detail
N64-0728,VideoPlugContact-1_5,N64-0728 · Multi Out cable contact005,Accessories,gold,1,1.200000000000017,6.0,0.8000000000000114,0.25,Published envelope; approximate photographic exterior detail
N64-0729,VideoPlugContact1_0,N64-0729 · Multi Out cable contact006,Accessories,gold,1,1.200000000000017,6.0,0.8000000000000114,0.25,Published envelope; approximate photographic exterior detail
N64-0730,VideoPlugContact1_1,N64-0730 · Multi Out cable contact007,Accessories,gold,1,1.200000000000017,6.0,0.8000000000000114,0.25,Published envelope; approximate photographic exterior detail
N64-0731,VideoPlugContact1_2,N64-0731 · Multi Out cable contact008,Accessories,gold,1,1.200000000000017,6.0,0.8000000000000114,0.25,Published envelope; approximate photographic exterior detail
N64-0732,VideoPlugContact1_3,N64-0732 · Multi Out cable contact009,Accessories,gold,1,1.200000000000017,6.0,0.8000000000000114,0.25,Published envelope; approximate photographic exterior detail
N64-0733,VideoPlugContact1_4,N64-0733 · Multi Out cable contact010,Accessories,gold,1,1.200000000000017,6.0,0.8000000000000114,0.25,Published envelope; approximate photographic exterior detail
N64-0734,VideoPlugContact1_5,N64-0734 · Multi Out cable contact011,Accessories,gold,1,1.200000000000017,6.0,0.8000000000000114,0.25,Published envelope; approximate photographic exterior detail
N64-0735,VideoSplit,N64-0735 · Stereo audio/video cable splitter001,Accessories,black,1,768.2318644652333,12.000000200000045,10.000000199999988,8.0000002,Published envelope; approximate photographic exterior detail
N64-0736,RCABranch0,N64-0736 · Separated stereo AV branch,Accessories,black,1,70.14971587607191,28.24684190361495,12.57307154403145,1.700000199999998,Published envelope; approximate photographic exterior detail
N64-0737,RCAGrip0,N64-0737 · Colour-coded RCA plug grip,Accessories,white,1,703.7167544041133,14.0,8.0,8.0,Published envelope; approximate photographic exterior detail
N64-0738,RCAShield0,N64-0738 · RCA outer contact,Accessories,metal,1,77.84866595595506,7.0,6.5,6.5,Published envelope; approximate photographic exterior detail
N64-0739,RCAPin0,N64-0739 · RCA centre contact,Accessories,metal,1,38.45309407993912,8.5,2.3999999999999773,2.3999999999999986,Published envelope; approximate photographic exterior detail
N64-0740,RCABranch1,N64-0740 · Separated stereo AV branch001,Accessories,black,1,63.16412398441951,27.847677628979,2.698661895826177,1.700000199999998,Published envelope; approximate photographic exterior detail
N64-0741,RCAGrip1,N64-0741 · Colour-coded RCA plug grip001,Accessories,nyellow,1,703.7167544041133,14.0,8.0,8.0,Published envelope; approximate photographic exterior detail
N64-0742,RCAShield1,N64-0742 · RCA outer contact001,Accessories,metal,1,77.84866595595506,7.0,6.5,6.5,Published envelope; approximate photographic exterior detail
N64-0743,RCAPin1,N64-0743 · RCA centre contact001,Accessories,metal,1,38.45309407993912,8.5,2.3999999999999773,2.3999999999999986,Published envelope; approximate photographic exterior detail
N64-0744,RCABranch2,N64-0744 · Separated stereo AV branch002,Accessories,black,1,72.66417301793123,28.301320707567527,14.536423838053992,1.700000199999998,Published envelope; approximate photographic exterior detail
N64-0745,RCAGrip2,N64-0745 · Colour-coded RCA plug grip002,Accessories,red,1,703.7167544041133,14.0,8.0,8.0,Published envelope; approximate photographic exterior detail
N64-0746,RCAShield2,N64-0746 · RCA outer contact002,Accessories,metal,1,77.84866595595506,7.0,6.5,6.5,Published envelope; approximate photographic exterior detail
N64-0747,RCAPin2,N64-0747 · RCA centre contact002,Accessories,metal,1,38.45309407993912,8.5,2.3999999999999773,2.3999999999999986,Published envelope; approximate photographic exterior detail
