Part number,Part ID,Label,Assembly,Material,Solid count,Volume mm3,X mm,Y mm,Z mm,Fidelity
SFC-0001,BottomShell,SFC-0001 · Editable Japanese lower enclosure011,Body,sfcgray,1,118607.99546939677,200.0000001,242.0000001,27.000000200000002,Japanese original curved grey enclosure; published envelope and approximate local details
SFC-0002,UpperShell,SFC-0002 · UpperShell007,Body,sfcgray,1,136604.2879711647,200.0000002,242.00000020000002,43.30000020008953,Japanese original curved grey enclosure; published envelope and approximate local details
SFC-0003,TopPanel,SFC-0003 · Separate dark-grey original top trim004,Body,sfcface,1,29463.576523669977,170.0,160.0,1.3499999999999943,Japanese original curved grey enclosure; published envelope and approximate local details
SFC-0004,FrontTopPanel,SFC-0004 · Separate front white nameplate panel001,Body,sfcgray,1,5607.37318440285,157.0,36.0,1.0,Japanese original curved grey enclosure; published envelope and approximate local details
SFC-0005,RearTopPanel,SFC-0005 · Separate rear white top panel,Body,sfcgray,1,2977.634954084936,157.0,19.0,1.0,Japanese original curved grey enclosure; published envelope and approximate local details
SFC-0006,Foot0,SFC-0006 · Original underside support foot,Body,rubber,1,149.22565104551518,10.0,10.0,1.9,Japanese original curved grey enclosure; published envelope and approximate local details
SFC-0007,Foot1,SFC-0007 · Original underside support foot001,Body,rubber,1,149.22565104551518,10.0,10.0,1.9,Japanese original curved grey enclosure; published envelope and approximate local details
SFC-0008,Foot2,SFC-0008 · Original underside support foot002,Body,rubber,1,149.22565104551518,10.0,10.0,1.9,Japanese original curved grey enclosure; published envelope and approximate local details
SFC-0009,Foot3,SFC-0009 · Original underside support foot003,Body,rubber,1,149.22565104551518,10.0,10.0,1.9,Japanese original curved grey enclosure; published envelope and approximate local details
SFC-0010,CartridgeFlap,SFC-0010 · Original single grey cartridge flap,CartridgeInterface,sfcbutton,1,2664.9267475370043,126.8,17.800000000000008,1.2000000000000028,Japanese original curved grey enclosure; published envelope and approximate local details
SFC-0011,FlapRidge0,SFC-0011 · Raised flap finger ridge,CartridgeInterface,sfcbutton,1,0.9743555261116862,1.0,11.0,0.09000000000000341,Japanese original curved grey enclosure; published envelope and approximate local details
SFC-0012,FlapRidge1,SFC-0012 · Raised flap finger ridge001,CartridgeInterface,sfcbutton,1,0.9743555261116862,1.0,11.0,0.09000000000000341,Japanese original curved grey enclosure; published envelope and approximate local details
SFC-0013,PowerCap,SFC-0013 · Power original top key,Controls,sfcbutton,1,2004.8102592124324,25.0,27.000000000000004,3.0,Japanese original curved grey enclosure; published envelope and approximate local details
SFC-0014,PowerMark,SFC-0014 · POWER,Controls,white,5,0.17428970816788475,11.527370166442957,2.4362418107382524,0.01800019999998881,Japanese original curved grey enclosure; published envelope and approximate local details
SFC-0015,ResetCap,SFC-0015 · Reset original top key,Controls,sfcbutton,1,2004.8102592124326,25.0,27.000000000000004,3.0,Japanese original curved grey enclosure; published envelope and approximate local details
SFC-0016,ResetMark,SFC-0016 · RESET,Controls,white,5,0.1448205939088841,10.016778623489941,2.4362418107382524,0.01800019999998881,Japanese original curved grey enclosure; published envelope and approximate local details
SFC-0017,EjectCap,SFC-0017 · Eject original top key,Controls,sfcface,1,4254.810259212432,57.0,25.000000000000004,3.0,Japanese original curved grey enclosure; published envelope and approximate local details
SFC-0018,EjectMark,SFC-0018 · EJECT,Controls,white,5,0.12610729414682012,8.929530201342281,3.0335572469798677,0.01800019999998881,Japanese original curved grey enclosure; published envelope and approximate local details
SFC-0019,PowerRidge,SFC-0019 · Original raised POWER sliding grip,Controls,sfcbutton,1,6.503750407905319,21.0,3.5,0.09000000000000341,Japanese original curved grey enclosure; published envelope and approximate local details
SFC-0020,PowerOnMark,SFC-0020 · ON,Body,white,2,0.04683788794705239,3.5597316436241613,1.9489934885906024,0.01800019999998881,Japanese original curved grey enclosure; published envelope and approximate local details
SFC-0021,PowerOffMark,SFC-0021 · OFF,Body,white,3,0.051650424966781516,4.699328959060395,1.9489934885906024,0.01800019999998881,Japanese original curved grey enclosure; published envelope and approximate local details
SFC-0022,NintendoWord,SFC-0022 · Nintendo,Body,sfcink,9,0.7579719612943349,28.299496744295297,4.993288790604012,0.01800019999998881,Japanese original curved grey enclosure; published envelope and approximate local details
SFC-0023,SuperFamicomWord,SFC-0023 · SUPER FAMICOM,Body,sfcink,12,0.5613641111479079,32.45325513355704,3.020939797315421,0.01800019999998881,Japanese original curved grey enclosure; published envelope and approximate local details
SFC-0024,PowerLens,SFC-0024 · Original red power-indicator lens,Controls,sfcred,1,31.052477193189883,9.5,3.5,1.0,Japanese original curved grey enclosure; published envelope and approximate local details
SFC-0025,PowerLampMark,SFC-0025 · POWER001,Body,sfcink,5,0.07138906446556552,7.377516978523488,1.559194830872471,0.01800019999998881,Japanese original curved grey enclosure; published envelope and approximate local details
SFC-0026,FourColorMark0,SFC-0026 · Original four-color symbol lobe,Body,sfcgreen,1,1.1607433267653322,5.5814511531014475,3.848200968466756,0.0799999999999983,Japanese original curved grey enclosure; published envelope and approximate local details
SFC-0027,FourColorMark1,SFC-0027 · Original four-color symbol lobe001,Body,sfcred,1,1.1607433267653322,5.581451153101455,3.848200968466756,0.0799999999999983,Japanese original curved grey enclosure; published envelope and approximate local details
SFC-0028,FourColorMark2,SFC-0028 · Original four-color symbol lobe002,Body,sfcblue,1,1.1607433267653324,5.581451153101455,3.848200968466756,0.0799999999999983,Japanese original curved grey enclosure; published envelope and approximate local details
SFC-0029,FourColorMark3,SFC-0029 · Original four-color symbol lobe003,Body,sfcyellow,1,1.1607433267653322,5.581451153101455,3.848200968466756,0.0799999999999983,Japanese original curved grey enclosure; published envelope and approximate local details
SFC-0030,RearPortPanel,SFC-0030 · Inset original rear interface panel004,Ports,sfcgray,1,6076.506905920063,157.0,1.5000000000000142,29.000000000000004,Japanese original curved grey enclosure; published envelope and approximate local details
SFC-0031,AVBody,SFC-0031 · Original twelve-contact MULTI OUT socket001,Ports,black,1,2070.3026862512183,27.400000000000002,12.000000000000014,10.400000000000006,Japanese original curved grey enclosure; published envelope and approximate local details
SFC-0032,AVContact0,SFC-0032 · MULTI OUT schematic contact,Ports,gold,1,2.277037157897849,1.0999999999999979,6.0,0.3500000000000014,Schematic internal layout
SFC-0033,AVContact1,SFC-0033 · MULTI OUT schematic contact001,Ports,gold,1,2.277037157897848,1.0999999999999943,6.0,0.3500000000000014,Schematic internal layout
SFC-0034,AVContact2,SFC-0034 · MULTI OUT schematic contact002,Ports,gold,1,2.277037157897848,1.0999999999999943,6.0,0.3500000000000014,Schematic internal layout
SFC-0035,AVContact3,SFC-0035 · MULTI OUT schematic contact003,Ports,gold,1,2.277037157897848,1.0999999999999943,6.0,0.3500000000000014,Schematic internal layout
SFC-0036,AVContact4,SFC-0036 · MULTI OUT schematic contact004,Ports,gold,1,2.2770371578978477,1.0999999999999943,6.0,0.3500000000000014,Schematic internal layout
SFC-0037,AVContact5,SFC-0037 · MULTI OUT schematic contact005,Ports,gold,1,2.277037157897848,1.0999999999999943,6.0,0.3500000000000014,Schematic internal layout
SFC-0038,AVContact6,SFC-0038 · MULTI OUT schematic contact006,Ports,gold,1,2.277037157897849,1.0999999999999979,6.0,0.3500000000000014,Schematic internal layout
SFC-0039,AVContact7,SFC-0039 · MULTI OUT schematic contact007,Ports,gold,1,2.277037157897848,1.0999999999999943,6.0,0.3500000000000014,Schematic internal layout
SFC-0040,AVContact8,SFC-0040 · MULTI OUT schematic contact008,Ports,gold,1,2.277037157897848,1.0999999999999943,6.0,0.3500000000000014,Schematic internal layout
SFC-0041,AVContact9,SFC-0041 · MULTI OUT schematic contact009,Ports,gold,1,2.277037157897848,1.0999999999999943,6.0,0.3500000000000014,Schematic internal layout
SFC-0042,AVContact10,SFC-0042 · MULTI OUT schematic contact010,Ports,gold,1,2.2770371578978477,1.0999999999999943,6.0,0.3500000000000014,Schematic internal layout
SFC-0043,AVContact11,SFC-0043 · MULTI OUT schematic contact011,Ports,gold,1,2.277037157897848,1.0999999999999943,6.0,0.3500000000000014,Schematic internal layout
SFC-0044,RFSocket,SFC-0044 · Original RF coaxial outer sleeve,Ports,metal,1,238.9888071402096,8.5,9.0,8.5,Japanese original curved grey enclosure; published envelope and approximate local details
SFC-0045,RFInsulator,SFC-0045 · RF coaxial dielectric,Ports,white,1,148.20463343309848,6.100000000000001,6.0,6.099999999999998,Japanese original curved grey enclosure; published envelope and approximate local details
SFC-0046,RFContact,SFC-0046 · RF center receptacle,Ports,gold,1,13.351768777756618,2.1999999999999993,5.0,2.200000000000003,Japanese original curved grey enclosure; published envelope and approximate local details
SFC-0047,ChannelSwitch,SFC-0047 · Original CH1 / CH2 switch body,Ports,black,1,397.91504320207196,6.600000000000005,8.0,7.6000000000000085,Japanese original curved grey enclosure; published envelope and approximate local details
SFC-0048,ChannelSlider,SFC-0048 · Channel selector slider,Ports,sfcbutton,1,14.93904416669131,2.0,1.9000000000000057,4.0,Japanese original curved grey enclosure; published envelope and approximate local details
SFC-0049,DCSocket,SFC-0049 · Original external adapter barrel socket,Ports,black,1,180.95573684677203,7.400000000000006,9.0,7.400000000000002,Japanese original curved grey enclosure; published envelope and approximate local details
SFC-0050,DCCenter,SFC-0050 · DC receptacle center contact,Ports,metal,1,14.074335088082279,1.5999999999999943,7.0,1.6000000000000014,Japanese original curved grey enclosure; published envelope and approximate local details
SFC-0051,RearMarkAV,SFC-0051 · MULTI OUT,Ports,sfcink,8,0.13698056015213433,13.58657718120805,0.01800019999998881,1.948993488590606,Japanese original curved grey enclosure; published envelope and approximate local details
SFC-0052,RearMarkRF,SFC-0052 · RF OUT,Ports,sfcink,5,0.09176025932812824,9.339597415436241,0.01800019999998881,1.948993488590606,Japanese original curved grey enclosure; published envelope and approximate local details
SFC-0053,RearMarkCH,SFC-0053 · CH1  CH2,Ports,sfcink,6,0.1040143399438663,11.991359260402692,0.01800019999998881,1.948993488590606,Japanese original curved grey enclosure; published envelope and approximate local details
SFC-0054,RearMarkDC,SFC-0054 · DC IN,Ports,sfcink,4,0.07255846312525432,6.791107482550338,0.01800019999998881,1.948993488590606,Japanese original curved grey enclosure; published envelope and approximate local details
SFC-0055,FrontPortPanel,SFC-0055 · Original front two-controller panel002,FrontPanel,sfcgray,1,2778.5729469326043,164.0,1.1000000000000085,20.0,Japanese original curved grey enclosure; published envelope and approximate local details
SFC-0056,ControllerSocket1,SFC-0056 · Original seven-contact controller socket001,FrontPanel,black,1,2795.9994819859958,38.2,9.0,9.200000000000006,Japanese original curved grey enclosure; published envelope and approximate local details
SFC-0057,ControllerContact1_0,SFC-0057 · Controller individual contact sleeve,FrontPanel,gold,1,7.422012644105894,1.7000000000000028,5.0,1.7000000000000028,Japanese original curved grey enclosure; published envelope and approximate local details
SFC-0058,ControllerContact1_1,SFC-0058 · Controller individual contact sleeve001,FrontPanel,gold,1,7.422012644105894,1.7000000000000028,5.0,1.7000000000000028,Japanese original curved grey enclosure; published envelope and approximate local details
SFC-0059,ControllerContact1_2,SFC-0059 · Controller individual contact sleeve002,FrontPanel,gold,1,7.422012644105894,1.7000000000000028,5.0,1.7000000000000028,Japanese original curved grey enclosure; published envelope and approximate local details
SFC-0060,ControllerContact1_3,SFC-0060 · Controller individual contact sleeve003,FrontPanel,gold,1,7.422012644105894,1.7000000000000028,5.0,1.7000000000000028,Japanese original curved grey enclosure; published envelope and approximate local details
SFC-0061,ControllerContact1_4,SFC-0061 · Controller individual contact sleeve004,FrontPanel,gold,1,7.422012644105894,1.7000000000000028,5.0,1.7000000000000028,Japanese original curved grey enclosure; published envelope and approximate local details
SFC-0062,ControllerContact1_5,SFC-0062 · Controller individual contact sleeve005,FrontPanel,gold,1,7.422012644105894,1.7000000000000028,5.0,1.7000000000000028,Japanese original curved grey enclosure; published envelope and approximate local details
SFC-0063,ControllerContact1_6,SFC-0063 · Controller individual contact sleeve006,FrontPanel,gold,1,7.422012644105882,1.7000000000000028,5.0,1.7000000000000028,Japanese original curved grey enclosure; published envelope and approximate local details
SFC-0064,ControllerNumber1,SFC-0064 · 1,FrontPanel,sfcink,1,0.030607317237962582,1.6780620805369182,0.018000000000000682,2.8187919463087248,Japanese original curved grey enclosure; published envelope and approximate local details
SFC-0065,ControllerSocket2,SFC-0065 · Original seven-contact controller socket003,FrontPanel,black,1,2795.999481985996,38.2,9.0,9.200000000000006,Japanese original curved grey enclosure; published envelope and approximate local details
SFC-0066,ControllerContact2_0,SFC-0066 · Controller individual contact sleeve007,FrontPanel,gold,1,7.422012644105882,1.7000000000000028,5.0,1.7000000000000028,Japanese original curved grey enclosure; published envelope and approximate local details
SFC-0067,ControllerContact2_1,SFC-0067 · Controller individual contact sleeve008,FrontPanel,gold,1,7.422012644105894,1.7000000000000028,5.0,1.7000000000000028,Japanese original curved grey enclosure; published envelope and approximate local details
SFC-0068,ControllerContact2_2,SFC-0068 · Controller individual contact sleeve009,FrontPanel,gold,1,7.422012644105894,1.7000000000000028,5.0,1.7000000000000028,Japanese original curved grey enclosure; published envelope and approximate local details
SFC-0069,ControllerContact2_3,SFC-0069 · Controller individual contact sleeve010,FrontPanel,gold,1,7.422012644105894,1.7000000000000028,5.0,1.7000000000000028,Japanese original curved grey enclosure; published envelope and approximate local details
SFC-0070,ControllerContact2_4,SFC-0070 · Controller individual contact sleeve011,FrontPanel,gold,1,7.422012644105894,1.7000000000000028,5.0,1.7000000000000028,Japanese original curved grey enclosure; published envelope and approximate local details
SFC-0071,ControllerContact2_5,SFC-0071 · Controller individual contact sleeve012,FrontPanel,gold,1,7.422012644105894,1.7000000000000028,5.0,1.7000000000000028,Japanese original curved grey enclosure; published envelope and approximate local details
SFC-0072,ControllerContact2_6,SFC-0072 · Controller individual contact sleeve013,FrontPanel,gold,1,7.422012644105894,1.7000000000000028,5.0,1.7000000000000028,Japanese original curved grey enclosure; published envelope and approximate local details
SFC-0073,ControllerNumber2,SFC-0073 · 2,FrontPanel,sfcink,1,0.03627439992321619,1.7894297302013484,0.01800019999998881,2.8671142939597303,Japanese original curved grey enclosure; published envelope and approximate local details
SFC-0074,ExpansionCover,SFC-0074 · Removable underside expansion-port cover,Body,sfcgray,1,2269.9674219443914,53.2,25.199999999999996,1.7000000000000002,Japanese original curved grey enclosure; published envelope and approximate local details
SFC-0075,ExpansionCoverTab0,SFC-0075 · Expansion cover retaining tab,Body,sfcgray,1,25.00771675440411,6.0,3.0,1.3999999999999995,Japanese original curved grey enclosure; published envelope and approximate local details
SFC-0076,ExpansionCoverTab1,SFC-0076 · Expansion cover retaining tab001,Body,sfcgray,1,25.00771675440411,6.0,3.0,1.3999999999999995,Japanese original curved grey enclosure; published envelope and approximate local details
SFC-0077,ExpansionSocket,SFC-0077 · Original 28-contact expansion socket body001,Ports,black,1,1641.3629726318281,43.0,10.0,6.000000000000001,Schematic internal layout
SFC-0078,ExpansionContact0,SFC-0078 · Expansion socket individual contact,Ports,gold,1,0.9773814120077811,1.1000000000000014,0.30000000000001137,3.0,Schematic internal layout
SFC-0079,ExpansionContact1,SFC-0079 · Expansion socket individual contact001,Ports,gold,1,0.9773814120077811,1.1000000000000014,0.30000000000001137,3.0,Schematic internal layout
SFC-0080,ExpansionContact2,SFC-0080 · Expansion socket individual contact002,Ports,gold,1,0.9773814120077812,1.1000000000000014,0.30000000000001137,3.0,Schematic internal layout
SFC-0081,ExpansionContact3,SFC-0081 · Expansion socket individual contact003,Ports,gold,1,0.9773814120077812,1.1000000000000014,0.30000000000001137,3.0,Schematic internal layout
SFC-0082,ExpansionContact4,SFC-0082 · Expansion socket individual contact004,Ports,gold,1,0.977381412007781,1.1000000000000014,0.30000000000001137,3.0,Schematic internal layout
SFC-0083,ExpansionContact5,SFC-0083 · Expansion socket individual contact005,Ports,gold,1,0.977381412007781,1.1000000000000005,0.30000000000001137,3.0,Schematic internal layout
SFC-0084,ExpansionContact6,SFC-0084 · Expansion socket individual contact006,Ports,gold,1,0.9773814120077811,1.1,0.30000000000001137,3.0,Schematic internal layout
SFC-0085,ExpansionContact7,SFC-0085 · Expansion socket individual contact007,Ports,gold,1,0.9773814120077811,1.1,0.30000000000001137,3.0,Schematic internal layout
SFC-0086,ExpansionContact8,SFC-0086 · Expansion socket individual contact008,Ports,gold,1,0.9773814120077808,1.1000000000000005,0.30000000000001137,3.0,Schematic internal layout
SFC-0087,ExpansionContact9,SFC-0087 · Expansion socket individual contact009,Ports,gold,1,0.9773814120077808,1.1000000000000014,0.30000000000001137,3.0,Schematic internal layout
SFC-0088,ExpansionContact10,SFC-0088 · Expansion socket individual contact010,Ports,gold,1,0.9773814120077811,1.1000000000000014,0.30000000000001137,3.0,Schematic internal layout
SFC-0089,ExpansionContact11,SFC-0089 · Expansion socket individual contact011,Ports,gold,1,0.9773814120077811,1.1000000000000014,0.30000000000001137,3.0,Schematic internal layout
SFC-0090,ExpansionContact12,SFC-0090 · Expansion socket individual contact012,Ports,gold,1,0.9773814120077811,1.1000000000000014,0.30000000000001137,3.0,Schematic internal layout
SFC-0091,ExpansionContact13,SFC-0091 · Expansion socket individual contact013,Ports,gold,1,0.9773814120077812,1.1000000000000014,0.30000000000001137,3.0,Schematic internal layout
SFC-0092,ExpansionContact14,SFC-0092 · Expansion socket individual contact014,Ports,gold,1,0.9773814120077812,1.1000000000000014,0.30000000000001137,3.0,Schematic internal layout
SFC-0093,ExpansionContact15,SFC-0093 · Expansion socket individual contact015,Ports,gold,1,0.9773814120077813,1.1000000000000014,0.30000000000001137,3.0,Schematic internal layout
SFC-0094,ExpansionContact16,SFC-0094 · Expansion socket individual contact016,Ports,gold,1,0.9773814120077813,1.1000000000000014,0.30000000000001137,3.0,Schematic internal layout
SFC-0095,ExpansionContact17,SFC-0095 · Expansion socket individual contact017,Ports,gold,1,0.9773814120077813,1.1000000000000014,0.30000000000001137,3.0,Schematic internal layout
SFC-0096,ExpansionContact18,SFC-0096 · Expansion socket individual contact018,Ports,gold,1,0.9773814120077811,1.1000000000000014,0.30000000000001137,3.0,Schematic internal layout
SFC-0097,ExpansionContact19,SFC-0097 · Expansion socket individual contact019,Ports,gold,1,0.977381412007781,1.1000000000000005,0.30000000000001137,3.0,Schematic internal layout
SFC-0098,ExpansionContact20,SFC-0098 · Expansion socket individual contact020,Ports,gold,1,0.9773814120077811,1.1,0.30000000000001137,3.0,Schematic internal layout
SFC-0099,ExpansionContact21,SFC-0099 · Expansion socket individual contact021,Ports,gold,1,0.9773814120077811,1.1,0.30000000000001137,3.0,Schematic internal layout
SFC-0100,ExpansionContact22,SFC-0100 · Expansion socket individual contact022,Ports,gold,1,0.977381412007781,1.1000000000000005,0.30000000000001137,3.0,Schematic internal layout
SFC-0101,ExpansionContact23,SFC-0101 · Expansion socket individual contact023,Ports,gold,1,0.977381412007781,1.1000000000000014,0.30000000000001137,3.0,Schematic internal layout
SFC-0102,ExpansionContact24,SFC-0102 · Expansion socket individual contact024,Ports,gold,1,0.9773814120077812,1.1000000000000014,0.30000000000001137,3.0,Schematic internal layout
SFC-0103,ExpansionContact25,SFC-0103 · Expansion socket individual contact025,Ports,gold,1,0.9773814120077813,1.1000000000000014,0.30000000000001137,3.0,Schematic internal layout
SFC-0104,ExpansionContact26,SFC-0104 · Expansion socket individual contact026,Ports,gold,1,0.9773814120077813,1.1000000000000014,0.30000000000001137,3.0,Schematic internal layout
SFC-0105,ExpansionContact27,SFC-0105 · Expansion socket individual contact027,Ports,gold,1,0.9773814120077813,1.1000000000000014,0.30000000000001137,3.0,Schematic internal layout
SFC-0106,MainPCB,SFC-0106 · Early SHVC-CPU-01 shaped motherboard004,Mainboard,pcb,1,50570.918998624904,174.00000000000009,192.0,1.6000000000000014,Schematic internal layout
SFC-0107,MainMountPad0,SFC-0107 · Plated mainboard fixing annulus,Mainboard,metal,1,0.9970236985248908,7.400000000000006,7.400000000000006,0.03500000000000014,Schematic internal layout
SFC-0108,MainMountPad1,SFC-0108 · Plated mainboard fixing annulus001,Mainboard,metal,1,0.9970236985248908,7.400000000000006,7.400000000000006,0.03500000000000014,Schematic internal layout
SFC-0109,MainMountPad2,SFC-0109 · Plated mainboard fixing annulus002,Mainboard,metal,1,0.9970236985248908,7.400000000000006,7.400000000000006,0.03500000000000014,Schematic internal layout
SFC-0110,MainMountPad3,SFC-0110 · Plated mainboard fixing annulus003,Mainboard,metal,1,0.9970236985248908,7.400000000000006,7.400000000000006,0.03500000000000014,Schematic internal layout
SFC-0111,MainMountPad4,SFC-0111 · Plated mainboard fixing annulus004,Mainboard,metal,1,0.9970236985248908,7.400000000000006,7.400000000000006,0.03500000000000014,Schematic internal layout
SFC-0112,MainMountPad5,SFC-0112 · Plated mainboard fixing annulus005,Mainboard,metal,1,0.9970236985248908,7.400000000000006,7.400000000000006,0.03500000000000014,Schematic internal layout
SFC-0113,MainPCBMark,SFC-0113 · SHVC-CPU-01,Mainboard,white,11,0.36910739585914365,25.646602448993285,2.923490132885888,0.01800020000000302,Japanese original curved grey enclosure; published envelope and approximate local details
SFC-0114,MainPCBDate,SFC-0114 · Nintendo 1990,Mainboard,white,13,0.3047507382501994,23.331585670469806,2.4966444953020073,0.01800020000000302,Japanese original curved grey enclosure; published envelope and approximate local details
SFC-0115,SCPU,SFC-0115 · S-CPU A,Mainboard,black,1,1241.7896902001294,23.0,27.0,2.0,Schematic internal layout
SFC-0116,SCPULead0_0,SFC-0116 · Individual schematic IC lead,Mainboard,metal,1,0.16599911485751212,1.6999999999999957,0.3499999999999943,0.28000000000000114,Schematic internal layout
SFC-0117,SCPULead0_1,SFC-0117 · Individual schematic IC lead001,Mainboard,metal,1,0.1659991148575121,1.6999999999999957,0.3499999999999943,0.28000000000000114,Schematic internal layout
SFC-0118,SCPULead0_2,SFC-0118 · Individual schematic IC lead002,Mainboard,metal,1,0.1659991148575121,1.6999999999999957,0.3499999999999943,0.28000000000000114,Schematic internal layout
SFC-0119,SCPULead0_3,SFC-0119 · Individual schematic IC lead003,Mainboard,metal,1,0.16599911485751212,1.6999999999999957,0.3499999999999943,0.28000000000000114,Schematic internal layout
SFC-0120,SCPULead0_4,SFC-0120 · Individual schematic IC lead004,Mainboard,metal,1,0.16599911485751212,1.6999999999999957,0.3499999999999943,0.28000000000000114,Schematic internal layout
SFC-0121,SCPULead0_5,SFC-0121 · Individual schematic IC lead005,Mainboard,metal,1,0.1659991148575121,1.6999999999999957,0.3499999999999943,0.28000000000000114,Schematic internal layout
SFC-0122,SCPULead0_6,SFC-0122 · Individual schematic IC lead006,Mainboard,metal,1,0.16599911485751212,1.6999999999999957,0.3499999999999943,0.28000000000000114,Schematic internal layout
SFC-0123,SCPULead0_7,SFC-0123 · Individual schematic IC lead007,Mainboard,metal,1,0.16599911485751215,1.6999999999999957,0.3499999999999943,0.28000000000000114,Schematic internal layout
SFC-0124,SCPULead0_8,SFC-0124 · Individual schematic IC lead008,Mainboard,metal,1,0.1659991148575121,1.6999999999999957,0.3499999999999943,0.28000000000000114,Schematic internal layout
SFC-0125,SCPULead0_9,SFC-0125 · Individual schematic IC lead009,Mainboard,metal,1,0.16599911485751212,1.6999999999999957,0.3499999999999943,0.28000000000000114,Schematic internal layout
SFC-0126,SCPULead0_10,SFC-0126 · Individual schematic IC lead010,Mainboard,metal,1,0.16599911485751215,1.6999999999999957,0.3499999999999943,0.28000000000000114,Schematic internal layout
SFC-0127,SCPULead0_11,SFC-0127 · Individual schematic IC lead011,Mainboard,metal,1,0.1659991148575121,1.6999999999999957,0.3499999999999943,0.28000000000000114,Schematic internal layout
SFC-0128,SCPULead0_12,SFC-0128 · Individual schematic IC lead012,Mainboard,metal,1,0.16599911485751212,1.6999999999999957,0.3499999999999943,0.28000000000000114,Schematic internal layout
SFC-0129,SCPULead0_13,SFC-0129 · Individual schematic IC lead013,Mainboard,metal,1,0.16599911485751215,1.6999999999999957,0.3499999999999943,0.28000000000000114,Schematic internal layout
SFC-0130,SCPULead0_14,SFC-0130 · Individual schematic IC lead014,Mainboard,metal,1,0.16599911485751215,1.6999999999999957,0.3499999999999943,0.28000000000000114,Schematic internal layout
SFC-0131,SCPULead0_15,SFC-0131 · Individual schematic IC lead015,Mainboard,metal,1,0.16599911485751212,1.6999999999999957,0.3499999999999943,0.28000000000000114,Schematic internal layout
SFC-0132,SCPULead0_16,SFC-0132 · Individual schematic IC lead016,Mainboard,metal,1,0.16599911485751212,1.6999999999999957,0.3499999999999943,0.28000000000000114,Schematic internal layout
SFC-0133,SCPULead0_17,SFC-0133 · Individual schematic IC lead017,Mainboard,metal,1,0.1659991148575121,1.6999999999999957,0.3499999999999943,0.28000000000000114,Schematic internal layout
SFC-0134,SCPULead0_18,SFC-0134 · Individual schematic IC lead018,Mainboard,metal,1,0.16599911485751212,1.6999999999999957,0.3499999999999943,0.28000000000000114,Schematic internal layout
SFC-0135,SCPULead0_19,SFC-0135 · Individual schematic IC lead019,Mainboard,metal,1,0.16599911485751212,1.6999999999999957,0.3499999999999943,0.28000000000000114,Schematic internal layout
SFC-0136,SCPULead0_20,SFC-0136 · Individual schematic IC lead020,Mainboard,metal,1,0.16599911485751212,1.6999999999999957,0.3499999999999943,0.28000000000000114,Schematic internal layout
SFC-0137,SCPULead0_21,SFC-0137 · Individual schematic IC lead021,Mainboard,metal,1,0.16599911485751212,1.6999999999999957,0.3499999999999943,0.28000000000000114,Schematic internal layout
SFC-0138,SCPULead0_22,SFC-0138 · Individual schematic IC lead022,Mainboard,metal,1,0.16599911485751212,1.6999999999999957,0.3499999999999943,0.28000000000000114,Schematic internal layout
SFC-0139,SCPULead0_23,SFC-0139 · Individual schematic IC lead023,Mainboard,metal,1,0.16599911485751212,1.6999999999999957,0.3499999999999943,0.28000000000000114,Schematic internal layout
SFC-0140,SCPULead0_24,SFC-0140 · Individual schematic IC lead024,Mainboard,metal,1,0.16599911485751212,1.6999999999999957,0.3499999999999943,0.28000000000000114,Schematic internal layout
SFC-0141,SCPULead1_0,SFC-0141 · Individual schematic IC lead025,Mainboard,metal,1,0.16599911485751231,1.7000000000000028,0.3499999999999943,0.28000000000000114,Schematic internal layout
SFC-0142,SCPULead1_1,SFC-0142 · Individual schematic IC lead026,Mainboard,metal,1,0.1659991148575123,1.7000000000000028,0.3499999999999943,0.28000000000000114,Schematic internal layout
SFC-0143,SCPULead1_2,SFC-0143 · Individual schematic IC lead027,Mainboard,metal,1,0.16599911485751231,1.7000000000000028,0.3499999999999943,0.28000000000000114,Schematic internal layout
SFC-0144,SCPULead1_3,SFC-0144 · Individual schematic IC lead028,Mainboard,metal,1,0.16599911485751231,1.7000000000000028,0.3499999999999943,0.28000000000000114,Schematic internal layout
SFC-0145,SCPULead1_4,SFC-0145 · Individual schematic IC lead029,Mainboard,metal,1,0.1659991148575123,1.7000000000000028,0.3499999999999943,0.28000000000000114,Schematic internal layout
SFC-0146,SCPULead1_5,SFC-0146 · Individual schematic IC lead030,Mainboard,metal,1,0.16599911485751231,1.7000000000000028,0.3499999999999943,0.28000000000000114,Schematic internal layout
SFC-0147,SCPULead1_6,SFC-0147 · Individual schematic IC lead031,Mainboard,metal,1,0.16599911485751231,1.7000000000000028,0.3499999999999943,0.28000000000000114,Schematic internal layout
SFC-0148,SCPULead1_7,SFC-0148 · Individual schematic IC lead032,Mainboard,metal,1,0.16599911485751231,1.7000000000000028,0.3499999999999943,0.28000000000000114,Schematic internal layout
SFC-0149,SCPULead1_8,SFC-0149 · Individual schematic IC lead033,Mainboard,metal,1,0.16599911485751231,1.7000000000000028,0.3499999999999943,0.28000000000000114,Schematic internal layout
SFC-0150,SCPULead1_9,SFC-0150 · Individual schematic IC lead034,Mainboard,metal,1,0.16599911485751231,1.7000000000000028,0.3499999999999943,0.28000000000000114,Schematic internal layout
SFC-0151,SCPULead1_10,SFC-0151 · Individual schematic IC lead035,Mainboard,metal,1,0.16599911485751231,1.7000000000000028,0.3499999999999943,0.28000000000000114,Schematic internal layout
SFC-0152,SCPULead1_11,SFC-0152 · Individual schematic IC lead036,Mainboard,metal,1,0.16599911485751231,1.7000000000000028,0.3499999999999943,0.28000000000000114,Schematic internal layout
SFC-0153,SCPULead1_12,SFC-0153 · Individual schematic IC lead037,Mainboard,metal,1,0.16599911485751231,1.7000000000000028,0.3499999999999943,0.28000000000000114,Schematic internal layout
SFC-0154,SCPULead1_13,SFC-0154 · Individual schematic IC lead038,Mainboard,metal,1,0.16599911485751231,1.7000000000000028,0.3499999999999943,0.28000000000000114,Schematic internal layout
SFC-0155,SCPULead1_14,SFC-0155 · Individual schematic IC lead039,Mainboard,metal,1,0.16599911485751231,1.7000000000000028,0.3499999999999943,0.28000000000000114,Schematic internal layout
SFC-0156,SCPULead1_15,SFC-0156 · Individual schematic IC lead040,Mainboard,metal,1,0.16599911485751231,1.7000000000000028,0.3499999999999943,0.28000000000000114,Schematic internal layout
SFC-0157,SCPULead1_16,SFC-0157 · Individual schematic IC lead041,Mainboard,metal,1,0.1659991148575123,1.7000000000000028,0.3499999999999943,0.28000000000000114,Schematic internal layout
SFC-0158,SCPULead1_17,SFC-0158 · Individual schematic IC lead042,Mainboard,metal,1,0.16599911485751226,1.7000000000000028,0.3499999999999943,0.28000000000000114,Schematic internal layout
SFC-0159,SCPULead1_18,SFC-0159 · Individual schematic IC lead043,Mainboard,metal,1,0.16599911485751231,1.7000000000000028,0.3499999999999943,0.28000000000000114,Schematic internal layout
SFC-0160,SCPULead1_19,SFC-0160 · Individual schematic IC lead044,Mainboard,metal,1,0.16599911485751231,1.7000000000000028,0.3499999999999943,0.28000000000000114,Schematic internal layout
SFC-0161,SCPULead1_20,SFC-0161 · Individual schematic IC lead045,Mainboard,metal,1,0.16599911485751231,1.7000000000000028,0.3499999999999943,0.28000000000000114,Schematic internal layout
SFC-0162,SCPULead1_21,SFC-0162 · Individual schematic IC lead046,Mainboard,metal,1,0.16599911485751231,1.7000000000000028,0.3499999999999943,0.28000000000000114,Schematic internal layout
SFC-0163,SCPULead1_22,SFC-0163 · Individual schematic IC lead047,Mainboard,metal,1,0.1659991148575123,1.7000000000000028,0.3499999999999943,0.28000000000000114,Schematic internal layout
SFC-0164,SCPULead1_23,SFC-0164 · Individual schematic IC lead048,Mainboard,metal,1,0.1659991148575123,1.7000000000000028,0.3499999999999943,0.28000000000000114,Schematic internal layout
SFC-0165,SCPULead1_24,SFC-0165 · Individual schematic IC lead049,Mainboard,metal,1,0.16599911485751231,1.7000000000000028,0.3499999999999943,0.28000000000000114,Schematic internal layout
SFC-0166,SCPULead2_0,SFC-0166 · Individual schematic IC lead050,Mainboard,metal,1,0.16599911485751212,0.3499999999999943,1.6999999999999957,0.28000000000000114,Schematic internal layout
SFC-0167,SCPULead2_1,SFC-0167 · Individual schematic IC lead051,Mainboard,metal,1,0.16599911485751212,0.3499999999999943,1.6999999999999957,0.28000000000000114,Schematic internal layout
SFC-0168,SCPULead2_2,SFC-0168 · Individual schematic IC lead052,Mainboard,metal,1,0.16599911485751212,0.3499999999999943,1.6999999999999957,0.28000000000000114,Schematic internal layout
SFC-0169,SCPULead2_3,SFC-0169 · Individual schematic IC lead053,Mainboard,metal,1,0.16599911485751212,0.3499999999999943,1.6999999999999957,0.28000000000000114,Schematic internal layout
SFC-0170,SCPULead2_4,SFC-0170 · Individual schematic IC lead054,Mainboard,metal,1,0.16599911485751212,0.3499999999999943,1.6999999999999957,0.28000000000000114,Schematic internal layout
SFC-0171,SCPULead2_5,SFC-0171 · Individual schematic IC lead055,Mainboard,metal,1,0.16599911485751212,0.3499999999999943,1.6999999999999957,0.28000000000000114,Schematic internal layout
SFC-0172,SCPULead2_6,SFC-0172 · Individual schematic IC lead056,Mainboard,metal,1,0.16599911485751212,0.3499999999999943,1.6999999999999957,0.28000000000000114,Schematic internal layout
SFC-0173,SCPULead2_7,SFC-0173 · Individual schematic IC lead057,Mainboard,metal,1,0.16599911485751212,0.3499999999999943,1.6999999999999957,0.28000000000000114,Schematic internal layout
SFC-0174,SCPULead2_8,SFC-0174 · Individual schematic IC lead058,Mainboard,metal,1,0.16599911485751212,0.3499999999999943,1.6999999999999957,0.28000000000000114,Schematic internal layout
SFC-0175,SCPULead2_9,SFC-0175 · Individual schematic IC lead059,Mainboard,metal,1,0.16599911485751212,0.3499999999999943,1.6999999999999957,0.28000000000000114,Schematic internal layout
SFC-0176,SCPULead2_10,SFC-0176 · Individual schematic IC lead060,Mainboard,metal,1,0.16599911485751212,0.3499999999999943,1.6999999999999957,0.28000000000000114,Schematic internal layout
SFC-0177,SCPULead2_11,SFC-0177 · Individual schematic IC lead061,Mainboard,metal,1,0.16599911485751212,0.3499999999999943,1.6999999999999957,0.28000000000000114,Schematic internal layout
SFC-0178,SCPULead2_12,SFC-0178 · Individual schematic IC lead062,Mainboard,metal,1,0.16599911485751212,0.3499999999999943,1.6999999999999957,0.28000000000000114,Schematic internal layout
SFC-0179,SCPULead2_13,SFC-0179 · Individual schematic IC lead063,Mainboard,metal,1,0.16599911485751212,0.3499999999999943,1.6999999999999957,0.28000000000000114,Schematic internal layout
SFC-0180,SCPULead2_14,SFC-0180 · Individual schematic IC lead064,Mainboard,metal,1,0.16599911485751212,0.3499999999999943,1.6999999999999957,0.28000000000000114,Schematic internal layout
SFC-0181,SCPULead2_15,SFC-0181 · Individual schematic IC lead065,Mainboard,metal,1,0.16599911485751212,0.3499999999999943,1.6999999999999957,0.28000000000000114,Schematic internal layout
SFC-0182,SCPULead2_16,SFC-0182 · Individual schematic IC lead066,Mainboard,metal,1,0.16599911485751212,0.3499999999999943,1.6999999999999957,0.28000000000000114,Schematic internal layout
SFC-0183,SCPULead2_17,SFC-0183 · Individual schematic IC lead067,Mainboard,metal,1,0.16599911485751212,0.3499999999999943,1.6999999999999957,0.28000000000000114,Schematic internal layout
SFC-0184,SCPULead2_18,SFC-0184 · Individual schematic IC lead068,Mainboard,metal,1,0.16599911485751212,0.3499999999999943,1.6999999999999957,0.28000000000000114,Schematic internal layout
SFC-0185,SCPULead2_19,SFC-0185 · Individual schematic IC lead069,Mainboard,metal,1,0.16599911485751212,0.3499999999999943,1.6999999999999957,0.28000000000000114,Schematic internal layout
SFC-0186,SCPULead2_20,SFC-0186 · Individual schematic IC lead070,Mainboard,metal,1,0.16599911485751212,0.3499999999999943,1.6999999999999957,0.28000000000000114,Schematic internal layout
SFC-0187,SCPULead2_21,SFC-0187 · Individual schematic IC lead071,Mainboard,metal,1,0.16599911485751212,0.3499999999999943,1.6999999999999957,0.28000000000000114,Schematic internal layout
SFC-0188,SCPULead2_22,SFC-0188 · Individual schematic IC lead072,Mainboard,metal,1,0.16599911485751212,0.3499999999999943,1.6999999999999957,0.28000000000000114,Schematic internal layout
SFC-0189,SCPULead2_23,SFC-0189 · Individual schematic IC lead073,Mainboard,metal,1,0.16599911485751212,0.3499999999999943,1.6999999999999957,0.28000000000000114,Schematic internal layout
SFC-0190,SCPULead2_24,SFC-0190 · Individual schematic IC lead074,Mainboard,metal,1,0.16599911485751212,0.3499999999999943,1.6999999999999957,0.28000000000000114,Schematic internal layout
SFC-0191,SCPULead3_0,SFC-0191 · Individual schematic IC lead075,Mainboard,metal,1,0.1659991148575123,0.3499999999999943,1.7000000000000028,0.28000000000000114,Schematic internal layout
SFC-0192,SCPULead3_1,SFC-0192 · Individual schematic IC lead076,Mainboard,metal,1,0.1659991148575123,0.3499999999999943,1.7000000000000028,0.28000000000000114,Schematic internal layout
SFC-0193,SCPULead3_2,SFC-0193 · Individual schematic IC lead077,Mainboard,metal,1,0.1659991148575123,0.3499999999999943,1.7000000000000028,0.28000000000000114,Schematic internal layout
SFC-0194,SCPULead3_3,SFC-0194 · Individual schematic IC lead078,Mainboard,metal,1,0.1659991148575123,0.3499999999999943,1.7000000000000028,0.28000000000000114,Schematic internal layout
SFC-0195,SCPULead3_4,SFC-0195 · Individual schematic IC lead079,Mainboard,metal,1,0.1659991148575123,0.3499999999999943,1.7000000000000028,0.28000000000000114,Schematic internal layout
SFC-0196,SCPULead3_5,SFC-0196 · Individual schematic IC lead080,Mainboard,metal,1,0.1659991148575123,0.3499999999999943,1.7000000000000028,0.28000000000000114,Schematic internal layout
SFC-0197,SCPULead3_6,SFC-0197 · Individual schematic IC lead081,Mainboard,metal,1,0.1659991148575123,0.3499999999999943,1.7000000000000028,0.28000000000000114,Schematic internal layout
SFC-0198,SCPULead3_7,SFC-0198 · Individual schematic IC lead082,Mainboard,metal,1,0.1659991148575123,0.3499999999999943,1.7000000000000028,0.28000000000000114,Schematic internal layout
SFC-0199,SCPULead3_8,SFC-0199 · Individual schematic IC lead083,Mainboard,metal,1,0.1659991148575123,0.3499999999999943,1.7000000000000028,0.28000000000000114,Schematic internal layout
SFC-0200,SCPULead3_9,SFC-0200 · Individual schematic IC lead084,Mainboard,metal,1,0.1659991148575123,0.3499999999999943,1.7000000000000028,0.28000000000000114,Schematic internal layout
SFC-0201,SCPULead3_10,SFC-0201 · Individual schematic IC lead085,Mainboard,metal,1,0.1659991148575123,0.3499999999999943,1.7000000000000028,0.28000000000000114,Schematic internal layout
SFC-0202,SCPULead3_11,SFC-0202 · Individual schematic IC lead086,Mainboard,metal,1,0.1659991148575123,0.3499999999999943,1.7000000000000028,0.28000000000000114,Schematic internal layout
SFC-0203,SCPULead3_12,SFC-0203 · Individual schematic IC lead087,Mainboard,metal,1,0.1659991148575123,0.3499999999999943,1.7000000000000028,0.28000000000000114,Schematic internal layout
SFC-0204,SCPULead3_13,SFC-0204 · Individual schematic IC lead088,Mainboard,metal,1,0.1659991148575123,0.3499999999999943,1.7000000000000028,0.28000000000000114,Schematic internal layout
SFC-0205,SCPULead3_14,SFC-0205 · Individual schematic IC lead089,Mainboard,metal,1,0.1659991148575123,0.3499999999999943,1.7000000000000028,0.28000000000000114,Schematic internal layout
SFC-0206,SCPULead3_15,SFC-0206 · Individual schematic IC lead090,Mainboard,metal,1,0.1659991148575123,0.3499999999999943,1.7000000000000028,0.28000000000000114,Schematic internal layout
SFC-0207,SCPULead3_16,SFC-0207 · Individual schematic IC lead091,Mainboard,metal,1,0.1659991148575123,0.3499999999999943,1.7000000000000028,0.28000000000000114,Schematic internal layout
SFC-0208,SCPULead3_17,SFC-0208 · Individual schematic IC lead092,Mainboard,metal,1,0.1659991148575123,0.3499999999999943,1.7000000000000028,0.28000000000000114,Schematic internal layout
SFC-0209,SCPULead3_18,SFC-0209 · Individual schematic IC lead093,Mainboard,metal,1,0.1659991148575123,0.3499999999999943,1.7000000000000028,0.28000000000000114,Schematic internal layout
SFC-0210,SCPULead3_19,SFC-0210 · Individual schematic IC lead094,Mainboard,metal,1,0.1659991148575123,0.3499999999999943,1.7000000000000028,0.28000000000000114,Schematic internal layout
SFC-0211,SCPULead3_20,SFC-0211 · Individual schematic IC lead095,Mainboard,metal,1,0.1659991148575123,0.3499999999999943,1.7000000000000028,0.28000000000000114,Schematic internal layout
SFC-0212,SCPULead3_21,SFC-0212 · Individual schematic IC lead096,Mainboard,metal,1,0.1659991148575123,0.3499999999999943,1.7000000000000028,0.28000000000000114,Schematic internal layout
SFC-0213,SCPULead3_22,SFC-0213 · Individual schematic IC lead097,Mainboard,metal,1,0.1659991148575123,0.3499999999999943,1.7000000000000028,0.28000000000000114,Schematic internal layout
SFC-0214,SCPULead3_23,SFC-0214 · Individual schematic IC lead098,Mainboard,metal,1,0.1659991148575123,0.3499999999999943,1.7000000000000028,0.28000000000000114,Schematic internal layout
SFC-0215,SCPULead3_24,SFC-0215 · Individual schematic IC lead099,Mainboard,metal,1,0.1659991148575123,0.3499999999999943,1.7000000000000028,0.28000000000000114,Schematic internal layout
SFC-0216,SCPUMark,SFC-0216 · S-CPU A001,Mainboard,white,6,0.06767879690269522,8.665365032885909,1.656644495302018,0.01800020000000302,Japanese original curved grey enclosure; published envelope and approximate local details
SFC-0217,SCPUDot,SFC-0217 · IC orientation index,Mainboard,white,1,0.019006635554218106,1.0999999999999943,1.0999999999999943,0.019999999999999574,Schematic internal layout
SFC-0218,PPU1,SFC-0218 · S-PPU1,Mainboard,black,1,1295.7896902001294,24.0,27.0,2.0,Schematic internal layout
SFC-0219,PPU1Lead0_0,SFC-0219 · Individual schematic IC lead100,Mainboard,metal,1,0.1659991148575122,1.700000000000001,0.3499999999999943,0.28000000000000114,Schematic internal layout
SFC-0220,PPU1Lead0_1,SFC-0220 · Individual schematic IC lead101,Mainboard,metal,1,0.16599911485751223,1.700000000000001,0.3499999999999943,0.28000000000000114,Schematic internal layout
SFC-0221,PPU1Lead0_2,SFC-0221 · Individual schematic IC lead102,Mainboard,metal,1,0.16599911485751223,1.700000000000001,0.3499999999999943,0.28000000000000114,Schematic internal layout
SFC-0222,PPU1Lead0_3,SFC-0222 · Individual schematic IC lead103,Mainboard,metal,1,0.1659991148575122,1.700000000000001,0.3499999999999943,0.28000000000000114,Schematic internal layout
SFC-0223,PPU1Lead0_4,SFC-0223 · Individual schematic IC lead104,Mainboard,metal,1,0.16599911485751218,1.700000000000001,0.3499999999999943,0.28000000000000114,Schematic internal layout
SFC-0224,PPU1Lead0_5,SFC-0224 · Individual schematic IC lead105,Mainboard,metal,1,0.16599911485751223,1.700000000000001,0.3499999999999943,0.28000000000000114,Schematic internal layout
SFC-0225,PPU1Lead0_6,SFC-0225 · Individual schematic IC lead106,Mainboard,metal,1,0.1659991148575122,1.700000000000001,0.3499999999999943,0.28000000000000114,Schematic internal layout
SFC-0226,PPU1Lead0_7,SFC-0226 · Individual schematic IC lead107,Mainboard,metal,1,0.16599911485751223,1.700000000000001,0.3499999999999943,0.28000000000000114,Schematic internal layout
SFC-0227,PPU1Lead0_8,SFC-0227 · Individual schematic IC lead108,Mainboard,metal,1,0.16599911485751223,1.700000000000001,0.3499999999999943,0.28000000000000114,Schematic internal layout
SFC-0228,PPU1Lead0_9,SFC-0228 · Individual schematic IC lead109,Mainboard,metal,1,0.1659991148575122,1.700000000000001,0.3499999999999943,0.28000000000000114,Schematic internal layout
SFC-0229,PPU1Lead0_10,SFC-0229 · Individual schematic IC lead110,Mainboard,metal,1,0.1659991148575122,1.700000000000001,0.3499999999999943,0.28000000000000114,Schematic internal layout
SFC-0230,PPU1Lead0_11,SFC-0230 · Individual schematic IC lead111,Mainboard,metal,1,0.16599911485751223,1.700000000000001,0.3499999999999943,0.28000000000000114,Schematic internal layout
SFC-0231,PPU1Lead0_12,SFC-0231 · Individual schematic IC lead112,Mainboard,metal,1,0.16599911485751218,1.700000000000001,0.3499999999999943,0.28000000000000114,Schematic internal layout
SFC-0232,PPU1Lead0_13,SFC-0232 · Individual schematic IC lead113,Mainboard,metal,1,0.1659991148575122,1.700000000000001,0.3499999999999943,0.28000000000000114,Schematic internal layout
SFC-0233,PPU1Lead0_14,SFC-0233 · Individual schematic IC lead114,Mainboard,metal,1,0.16599911485751223,1.700000000000001,0.3499999999999943,0.28000000000000114,Schematic internal layout
SFC-0234,PPU1Lead0_15,SFC-0234 · Individual schematic IC lead115,Mainboard,metal,1,0.16599911485751218,1.700000000000001,0.3499999999999943,0.28000000000000114,Schematic internal layout
SFC-0235,PPU1Lead0_16,SFC-0235 · Individual schematic IC lead116,Mainboard,metal,1,0.16599911485751218,1.700000000000001,0.3499999999999943,0.28000000000000114,Schematic internal layout
SFC-0236,PPU1Lead0_17,SFC-0236 · Individual schematic IC lead117,Mainboard,metal,1,0.1659991148575122,1.700000000000001,0.3499999999999943,0.28000000000000114,Schematic internal layout
SFC-0237,PPU1Lead0_18,SFC-0237 · Individual schematic IC lead118,Mainboard,metal,1,0.16599911485751218,1.700000000000001,0.3499999999999943,0.28000000000000114,Schematic internal layout
SFC-0238,PPU1Lead0_19,SFC-0238 · Individual schematic IC lead119,Mainboard,metal,1,0.16599911485751218,1.700000000000001,0.3499999999999943,0.28000000000000114,Schematic internal layout
SFC-0239,PPU1Lead0_20,SFC-0239 · Individual schematic IC lead120,Mainboard,metal,1,0.16599911485751218,1.700000000000001,0.3499999999999943,0.28000000000000114,Schematic internal layout
SFC-0240,PPU1Lead0_21,SFC-0240 · Individual schematic IC lead121,Mainboard,metal,1,0.1659991148575122,1.700000000000001,0.3499999999999943,0.28000000000000114,Schematic internal layout
SFC-0241,PPU1Lead0_22,SFC-0241 · Individual schematic IC lead122,Mainboard,metal,1,0.1659991148575122,1.700000000000001,0.3499999999999943,0.28000000000000114,Schematic internal layout
SFC-0242,PPU1Lead0_23,SFC-0242 · Individual schematic IC lead123,Mainboard,metal,1,0.16599911485751218,1.700000000000001,0.3499999999999943,0.28000000000000114,Schematic internal layout
SFC-0243,PPU1Lead0_24,SFC-0243 · Individual schematic IC lead124,Mainboard,metal,1,0.16599911485751218,1.700000000000001,0.3499999999999943,0.28000000000000114,Schematic internal layout
SFC-0244,PPU1Lead1_0,SFC-0244 · Individual schematic IC lead125,Mainboard,metal,1,0.16599911485751226,1.7000000000000028,0.3499999999999943,0.28000000000000114,Schematic internal layout
SFC-0245,PPU1Lead1_1,SFC-0245 · Individual schematic IC lead126,Mainboard,metal,1,0.16599911485751226,1.7000000000000028,0.3499999999999943,0.28000000000000114,Schematic internal layout
SFC-0246,PPU1Lead1_2,SFC-0246 · Individual schematic IC lead127,Mainboard,metal,1,0.16599911485751226,1.7000000000000028,0.3499999999999943,0.28000000000000114,Schematic internal layout
SFC-0247,PPU1Lead1_3,SFC-0247 · Individual schematic IC lead128,Mainboard,metal,1,0.1659991148575123,1.7000000000000028,0.3499999999999943,0.28000000000000114,Schematic internal layout
SFC-0248,PPU1Lead1_4,SFC-0248 · Individual schematic IC lead129,Mainboard,metal,1,0.16599911485751223,1.7000000000000028,0.3499999999999943,0.28000000000000114,Schematic internal layout
SFC-0249,PPU1Lead1_5,SFC-0249 · Individual schematic IC lead130,Mainboard,metal,1,0.16599911485751226,1.7000000000000028,0.3499999999999943,0.28000000000000114,Schematic internal layout
SFC-0250,PPU1Lead1_6,SFC-0250 · Individual schematic IC lead131,Mainboard,metal,1,0.1659991148575123,1.7000000000000028,0.3499999999999943,0.28000000000000114,Schematic internal layout
SFC-0251,PPU1Lead1_7,SFC-0251 · Individual schematic IC lead132,Mainboard,metal,1,0.16599911485751226,1.7000000000000028,0.3499999999999943,0.28000000000000114,Schematic internal layout
SFC-0252,PPU1Lead1_8,SFC-0252 · Individual schematic IC lead133,Mainboard,metal,1,0.16599911485751226,1.7000000000000028,0.3499999999999943,0.28000000000000114,Schematic internal layout
SFC-0253,PPU1Lead1_9,SFC-0253 · Individual schematic IC lead134,Mainboard,metal,1,0.1659991148575123,1.7000000000000028,0.3499999999999943,0.28000000000000114,Schematic internal layout
SFC-0254,PPU1Lead1_10,SFC-0254 · Individual schematic IC lead135,Mainboard,metal,1,0.1659991148575123,1.7000000000000028,0.3499999999999943,0.28000000000000114,Schematic internal layout
SFC-0255,PPU1Lead1_11,SFC-0255 · Individual schematic IC lead136,Mainboard,metal,1,0.16599911485751226,1.7000000000000028,0.3499999999999943,0.28000000000000114,Schematic internal layout
SFC-0256,PPU1Lead1_12,SFC-0256 · Individual schematic IC lead137,Mainboard,metal,1,0.1659991148575123,1.7000000000000028,0.3499999999999943,0.28000000000000114,Schematic internal layout
SFC-0257,PPU1Lead1_13,SFC-0257 · Individual schematic IC lead138,Mainboard,metal,1,0.16599911485751231,1.7000000000000028,0.3499999999999943,0.28000000000000114,Schematic internal layout
SFC-0258,PPU1Lead1_14,SFC-0258 · Individual schematic IC lead139,Mainboard,metal,1,0.16599911485751226,1.7000000000000028,0.3499999999999943,0.28000000000000114,Schematic internal layout
SFC-0259,PPU1Lead1_15,SFC-0259 · Individual schematic IC lead140,Mainboard,metal,1,0.1659991148575123,1.7000000000000028,0.3499999999999943,0.28000000000000114,Schematic internal layout
SFC-0260,PPU1Lead1_16,SFC-0260 · Individual schematic IC lead141,Mainboard,metal,1,0.1659991148575123,1.7000000000000028,0.3499999999999943,0.28000000000000114,Schematic internal layout
SFC-0261,PPU1Lead1_17,SFC-0261 · Individual schematic IC lead142,Mainboard,metal,1,0.16599911485751231,1.7000000000000028,0.3499999999999943,0.28000000000000114,Schematic internal layout
SFC-0262,PPU1Lead1_18,SFC-0262 · Individual schematic IC lead143,Mainboard,metal,1,0.1659991148575123,1.7000000000000028,0.3499999999999943,0.28000000000000114,Schematic internal layout
SFC-0263,PPU1Lead1_19,SFC-0263 · Individual schematic IC lead144,Mainboard,metal,1,0.16599911485751223,1.7000000000000028,0.3499999999999943,0.28000000000000114,Schematic internal layout
SFC-0264,PPU1Lead1_20,SFC-0264 · Individual schematic IC lead145,Mainboard,metal,1,0.16599911485751226,1.7000000000000028,0.3499999999999943,0.28000000000000114,Schematic internal layout
SFC-0265,PPU1Lead1_21,SFC-0265 · Individual schematic IC lead146,Mainboard,metal,1,0.1659991148575123,1.7000000000000028,0.3499999999999943,0.28000000000000114,Schematic internal layout
SFC-0266,PPU1Lead1_22,SFC-0266 · Individual schematic IC lead147,Mainboard,metal,1,0.16599911485751226,1.7000000000000028,0.3499999999999943,0.28000000000000114,Schematic internal layout
SFC-0267,PPU1Lead1_23,SFC-0267 · Individual schematic IC lead148,Mainboard,metal,1,0.1659991148575123,1.7000000000000028,0.3499999999999943,0.28000000000000114,Schematic internal layout
SFC-0268,PPU1Lead1_24,SFC-0268 · Individual schematic IC lead149,Mainboard,metal,1,0.1659991148575123,1.7000000000000028,0.3499999999999943,0.28000000000000114,Schematic internal layout
SFC-0269,PPU1Lead2_0,SFC-0269 · Individual schematic IC lead150,Mainboard,metal,1,0.16599911485751273,0.34999999999999964,1.6999999999999886,0.28000000000000114,Schematic internal layout
SFC-0270,PPU1Lead2_1,SFC-0270 · Individual schematic IC lead151,Mainboard,metal,1,0.16599911485751276,0.34999999999999964,1.6999999999999886,0.28000000000000114,Schematic internal layout
SFC-0271,PPU1Lead2_2,SFC-0271 · Individual schematic IC lead152,Mainboard,metal,1,0.16599911485751273,0.34999999999999964,1.6999999999999886,0.28000000000000114,Schematic internal layout
SFC-0272,PPU1Lead2_3,SFC-0272 · Individual schematic IC lead153,Mainboard,metal,1,0.16599911485751273,0.34999999999999964,1.6999999999999886,0.28000000000000114,Schematic internal layout
SFC-0273,PPU1Lead2_4,SFC-0273 · Individual schematic IC lead154,Mainboard,metal,1,0.16599911485751273,0.34999999999999964,1.6999999999999886,0.28000000000000114,Schematic internal layout
SFC-0274,PPU1Lead2_5,SFC-0274 · Individual schematic IC lead155,Mainboard,metal,1,0.16599911485751281,0.3500000000000001,1.6999999999999886,0.28000000000000114,Schematic internal layout
SFC-0275,PPU1Lead2_6,SFC-0275 · Individual schematic IC lead156,Mainboard,metal,1,0.1659991148575128,0.35000000000000003,1.6999999999999886,0.28000000000000114,Schematic internal layout
SFC-0276,PPU1Lead2_7,SFC-0276 · Individual schematic IC lead157,Mainboard,metal,1,0.16599911485751281,0.35000000000000003,1.6999999999999886,0.28000000000000114,Schematic internal layout
SFC-0277,PPU1Lead2_8,SFC-0277 · Individual schematic IC lead158,Mainboard,metal,1,0.16599911485751281,0.3500000000000001,1.6999999999999886,0.28000000000000114,Schematic internal layout
SFC-0278,PPU1Lead2_9,SFC-0278 · Individual schematic IC lead159,Mainboard,metal,1,0.16599911485751273,0.34999999999999964,1.6999999999999886,0.28000000000000114,Schematic internal layout
SFC-0279,PPU1Lead2_10,SFC-0279 · Individual schematic IC lead160,Mainboard,metal,1,0.16599911485751273,0.34999999999999964,1.6999999999999886,0.28000000000000114,Schematic internal layout
SFC-0280,PPU1Lead2_11,SFC-0280 · Individual schematic IC lead161,Mainboard,metal,1,0.16599911485751273,0.34999999999999964,1.6999999999999886,0.28000000000000114,Schematic internal layout
SFC-0281,PPU1Lead2_12,SFC-0281 · Individual schematic IC lead162,Mainboard,metal,1,0.16599911485751276,0.34999999999999964,1.6999999999999886,0.28000000000000114,Schematic internal layout
SFC-0282,PPU1Lead2_13,SFC-0282 · Individual schematic IC lead163,Mainboard,metal,1,0.16599911485751273,0.34999999999999964,1.6999999999999886,0.28000000000000114,Schematic internal layout
SFC-0283,PPU1Lead2_14,SFC-0283 · Individual schematic IC lead164,Mainboard,metal,1,0.16599911485751276,0.34999999999999964,1.6999999999999886,0.28000000000000114,Schematic internal layout
SFC-0284,PPU1Lead2_15,SFC-0284 · Individual schematic IC lead165,Mainboard,metal,1,0.16599911485751273,0.34999999999999964,1.6999999999999886,0.28000000000000114,Schematic internal layout
SFC-0285,PPU1Lead2_16,SFC-0285 · Individual schematic IC lead166,Mainboard,metal,1,0.165999114857513,0.3500000000000014,1.6999999999999886,0.28000000000000114,Schematic internal layout
SFC-0286,PPU1Lead2_17,SFC-0286 · Individual schematic IC lead167,Mainboard,metal,1,0.16599911485751304,0.3500000000000014,1.6999999999999886,0.28000000000000114,Schematic internal layout
SFC-0287,PPU1Lead2_18,SFC-0287 · Individual schematic IC lead168,Mainboard,metal,1,0.165999114857513,0.3500000000000014,1.6999999999999886,0.28000000000000114,Schematic internal layout
SFC-0288,PPU1Lead2_19,SFC-0288 · Individual schematic IC lead169,Mainboard,metal,1,0.165999114857513,0.3500000000000014,1.6999999999999886,0.28000000000000114,Schematic internal layout
SFC-0289,PPU1Lead2_20,SFC-0289 · Individual schematic IC lead170,Mainboard,metal,1,0.165999114857513,0.3500000000000014,1.6999999999999886,0.28000000000000114,Schematic internal layout
SFC-0290,PPU1Lead2_21,SFC-0290 · Individual schematic IC lead171,Mainboard,metal,1,0.165999114857513,0.3500000000000014,1.6999999999999886,0.28000000000000114,Schematic internal layout
SFC-0291,PPU1Lead2_22,SFC-0291 · Individual schematic IC lead172,Mainboard,metal,1,0.165999114857513,0.3500000000000014,1.6999999999999886,0.28000000000000114,Schematic internal layout
SFC-0292,PPU1Lead2_23,SFC-0292 · Individual schematic IC lead173,Mainboard,metal,1,0.165999114857513,0.3500000000000014,1.6999999999999886,0.28000000000000114,Schematic internal layout
SFC-0293,PPU1Lead2_24,SFC-0293 · Individual schematic IC lead174,Mainboard,metal,1,0.165999114857513,0.3500000000000014,1.6999999999999886,0.28000000000000114,Schematic internal layout
SFC-0294,PPU1Lead3_0,SFC-0294 · Individual schematic IC lead175,Mainboard,metal,1,0.16599911485751306,0.34999999999999964,1.7000000000000028,0.28000000000000114,Schematic internal layout
SFC-0295,PPU1Lead3_1,SFC-0295 · Individual schematic IC lead176,Mainboard,metal,1,0.16599911485751312,0.34999999999999964,1.7000000000000028,0.28000000000000114,Schematic internal layout
SFC-0296,PPU1Lead3_2,SFC-0296 · Individual schematic IC lead177,Mainboard,metal,1,0.16599911485751306,0.34999999999999964,1.7000000000000028,0.28000000000000114,Schematic internal layout
SFC-0297,PPU1Lead3_3,SFC-0297 · Individual schematic IC lead178,Mainboard,metal,1,0.1659991148575131,0.34999999999999964,1.7000000000000028,0.28000000000000114,Schematic internal layout
SFC-0298,PPU1Lead3_4,SFC-0298 · Individual schematic IC lead179,Mainboard,metal,1,0.16599911485751312,0.34999999999999964,1.7000000000000028,0.28000000000000114,Schematic internal layout
SFC-0299,PPU1Lead3_5,SFC-0299 · Individual schematic IC lead180,Mainboard,metal,1,0.16599911485751317,0.3500000000000001,1.7000000000000028,0.28000000000000114,Schematic internal layout
SFC-0300,PPU1Lead3_6,SFC-0300 · Individual schematic IC lead181,Mainboard,metal,1,0.16599911485751317,0.35000000000000003,1.7000000000000028,0.28000000000000114,Schematic internal layout
SFC-0301,PPU1Lead3_7,SFC-0301 · Individual schematic IC lead182,Mainboard,metal,1,0.1659991148575132,0.35000000000000003,1.7000000000000028,0.28000000000000114,Schematic internal layout
SFC-0302,PPU1Lead3_8,SFC-0302 · Individual schematic IC lead183,Mainboard,metal,1,0.1659991148575132,0.3500000000000001,1.7000000000000028,0.28000000000000114,Schematic internal layout
SFC-0303,PPU1Lead3_9,SFC-0303 · Individual schematic IC lead184,Mainboard,metal,1,0.1659991148575131,0.34999999999999964,1.7000000000000028,0.28000000000000114,Schematic internal layout
SFC-0304,PPU1Lead3_10,SFC-0304 · Individual schematic IC lead185,Mainboard,metal,1,0.16599911485751315,0.34999999999999964,1.7000000000000028,0.28000000000000114,Schematic internal layout
SFC-0305,PPU1Lead3_11,SFC-0305 · Individual schematic IC lead186,Mainboard,metal,1,0.1659991148575131,0.34999999999999964,1.7000000000000028,0.28000000000000114,Schematic internal layout
SFC-0306,PPU1Lead3_12,SFC-0306 · Individual schematic IC lead187,Mainboard,metal,1,0.16599911485751312,0.34999999999999964,1.7000000000000028,0.28000000000000114,Schematic internal layout
SFC-0307,PPU1Lead3_13,SFC-0307 · Individual schematic IC lead188,Mainboard,metal,1,0.16599911485751312,0.34999999999999964,1.7000000000000028,0.28000000000000114,Schematic internal layout
SFC-0308,PPU1Lead3_14,SFC-0308 · Individual schematic IC lead189,Mainboard,metal,1,0.1659991148575131,0.34999999999999964,1.7000000000000028,0.28000000000000114,Schematic internal layout
SFC-0309,PPU1Lead3_15,SFC-0309 · Individual schematic IC lead190,Mainboard,metal,1,0.16599911485751312,0.34999999999999964,1.7000000000000028,0.28000000000000114,Schematic internal layout
SFC-0310,PPU1Lead3_16,SFC-0310 · Individual schematic IC lead191,Mainboard,metal,1,0.1659991148575134,0.3500000000000014,1.7000000000000028,0.28000000000000114,Schematic internal layout
SFC-0311,PPU1Lead3_17,SFC-0311 · Individual schematic IC lead192,Mainboard,metal,1,0.1659991148575134,0.3500000000000014,1.7000000000000028,0.28000000000000114,Schematic internal layout
SFC-0312,PPU1Lead3_18,SFC-0312 · Individual schematic IC lead193,Mainboard,metal,1,0.16599911485751334,0.3500000000000014,1.7000000000000028,0.28000000000000114,Schematic internal layout
SFC-0313,PPU1Lead3_19,SFC-0313 · Individual schematic IC lead194,Mainboard,metal,1,0.16599911485751334,0.3500000000000014,1.7000000000000028,0.28000000000000114,Schematic internal layout
SFC-0314,PPU1Lead3_20,SFC-0314 · Individual schematic IC lead195,Mainboard,metal,1,0.1659991148575134,0.3500000000000014,1.7000000000000028,0.28000000000000114,Schematic internal layout
SFC-0315,PPU1Lead3_21,SFC-0315 · Individual schematic IC lead196,Mainboard,metal,1,0.1659991148575134,0.3500000000000014,1.7000000000000028,0.28000000000000114,Schematic internal layout
SFC-0316,PPU1Lead3_22,SFC-0316 · Individual schematic IC lead197,Mainboard,metal,1,0.16599911485751334,0.3500000000000014,1.7000000000000028,0.28000000000000114,Schematic internal layout
SFC-0317,PPU1Lead3_23,SFC-0317 · Individual schematic IC lead198,Mainboard,metal,1,0.1659991148575134,0.3500000000000014,1.7000000000000028,0.28000000000000114,Schematic internal layout
SFC-0318,PPU1Lead3_24,SFC-0318 · Individual schematic IC lead199,Mainboard,metal,1,0.1659991148575134,0.3500000000000014,1.7000000000000028,0.28000000000000114,Schematic internal layout
SFC-0319,PPU1Mark,SFC-0319 · S-PPU001,Mainboard,white,6,0.06462300466095001,7.468376777852349,1.656644495302018,0.01800020000000302,Japanese original curved grey enclosure; published envelope and approximate local details
SFC-0320,PPU1Dot,SFC-0320 · IC orientation index001,Mainboard,white,1,0.01900663555421813,1.0999999999999996,1.0999999999999943,0.019999999999999574,Schematic internal layout
SFC-0321,PPU2,SFC-0321 · S-PPU2,Mainboard,black,1,1149.7896902001294,23.0,25.0,2.0,Schematic internal layout
SFC-0322,PPU2Lead0_0,SFC-0322 · Individual schematic IC lead200,Mainboard,metal,1,0.16599911485751326,1.700000000000001,0.3500000000000014,0.28000000000000114,Schematic internal layout
SFC-0323,PPU2Lead0_1,SFC-0323 · Individual schematic IC lead201,Mainboard,metal,1,0.16599911485751326,1.700000000000001,0.3500000000000014,0.28000000000000114,Schematic internal layout
SFC-0324,PPU2Lead0_2,SFC-0324 · Individual schematic IC lead202,Mainboard,metal,1,0.16599911485751326,1.700000000000001,0.3500000000000014,0.28000000000000114,Schematic internal layout
SFC-0325,PPU2Lead0_3,SFC-0325 · Individual schematic IC lead203,Mainboard,metal,1,0.16599911485751326,1.700000000000001,0.3500000000000014,0.28000000000000114,Schematic internal layout
SFC-0326,PPU2Lead0_4,SFC-0326 · Individual schematic IC lead204,Mainboard,metal,1,0.16599911485751329,1.700000000000001,0.3500000000000014,0.28000000000000114,Schematic internal layout
SFC-0327,PPU2Lead0_5,SFC-0327 · Individual schematic IC lead205,Mainboard,metal,1,0.16599911485751329,1.700000000000001,0.3500000000000014,0.28000000000000114,Schematic internal layout
SFC-0328,PPU2Lead0_6,SFC-0328 · Individual schematic IC lead206,Mainboard,metal,1,0.16599911485751326,1.700000000000001,0.3500000000000014,0.28000000000000114,Schematic internal layout
SFC-0329,PPU2Lead0_7,SFC-0329 · Individual schematic IC lead207,Mainboard,metal,1,0.16599911485751326,1.700000000000001,0.3500000000000014,0.28000000000000114,Schematic internal layout
SFC-0330,PPU2Lead0_8,SFC-0330 · Individual schematic IC lead208,Mainboard,metal,1,0.16599911485751326,1.700000000000001,0.3500000000000014,0.28000000000000114,Schematic internal layout
SFC-0331,PPU2Lead0_9,SFC-0331 · Individual schematic IC lead209,Mainboard,metal,1,0.16599911485751326,1.700000000000001,0.3500000000000014,0.28000000000000114,Schematic internal layout
SFC-0332,PPU2Lead0_10,SFC-0332 · Individual schematic IC lead210,Mainboard,metal,1,0.16599911485751326,1.700000000000001,0.3500000000000014,0.28000000000000114,Schematic internal layout
SFC-0333,PPU2Lead0_11,SFC-0333 · Individual schematic IC lead211,Mainboard,metal,1,0.16599911485751329,1.700000000000001,0.3500000000000014,0.28000000000000114,Schematic internal layout
SFC-0334,PPU2Lead0_12,SFC-0334 · Individual schematic IC lead212,Mainboard,metal,1,0.16599911485751326,1.700000000000001,0.3500000000000014,0.28000000000000114,Schematic internal layout
SFC-0335,PPU2Lead0_13,SFC-0335 · Individual schematic IC lead213,Mainboard,metal,1,0.16599911485751326,1.700000000000001,0.3500000000000014,0.28000000000000114,Schematic internal layout
SFC-0336,PPU2Lead0_14,SFC-0336 · Individual schematic IC lead214,Mainboard,metal,1,0.16599911485751329,1.700000000000001,0.3500000000000014,0.28000000000000114,Schematic internal layout
SFC-0337,PPU2Lead0_15,SFC-0337 · Individual schematic IC lead215,Mainboard,metal,1,0.16599911485751326,1.700000000000001,0.3500000000000014,0.28000000000000114,Schematic internal layout
SFC-0338,PPU2Lead0_16,SFC-0338 · Individual schematic IC lead216,Mainboard,metal,1,0.16599911485751326,1.700000000000001,0.3500000000000014,0.28000000000000114,Schematic internal layout
SFC-0339,PPU2Lead0_17,SFC-0339 · Individual schematic IC lead217,Mainboard,metal,1,0.16599911485751326,1.700000000000001,0.3500000000000014,0.28000000000000114,Schematic internal layout
SFC-0340,PPU2Lead0_18,SFC-0340 · Individual schematic IC lead218,Mainboard,metal,1,0.165999114857513,1.700000000000001,0.34999999999999964,0.28000000000000114,Schematic internal layout
SFC-0341,PPU2Lead0_19,SFC-0341 · Individual schematic IC lead219,Mainboard,metal,1,0.16599911485751298,1.700000000000001,0.34999999999999964,0.28000000000000114,Schematic internal layout
SFC-0342,PPU2Lead0_20,SFC-0342 · Individual schematic IC lead220,Mainboard,metal,1,0.165999114857513,1.700000000000001,0.34999999999999964,0.28000000000000114,Schematic internal layout
SFC-0343,PPU2Lead0_21,SFC-0343 · Individual schematic IC lead221,Mainboard,metal,1,0.16599911485751298,1.700000000000001,0.34999999999999964,0.28000000000000114,Schematic internal layout
SFC-0344,PPU2Lead0_22,SFC-0344 · Individual schematic IC lead222,Mainboard,metal,1,0.16599911485751304,1.700000000000001,0.34999999999999964,0.28000000000000114,Schematic internal layout
SFC-0345,PPU2Lead0_23,SFC-0345 · Individual schematic IC lead223,Mainboard,metal,1,0.165999114857513,1.700000000000001,0.34999999999999964,0.28000000000000114,Schematic internal layout
SFC-0346,PPU2Lead0_24,SFC-0346 · Individual schematic IC lead224,Mainboard,metal,1,0.16599911485751306,1.700000000000001,0.3500000000000001,0.28000000000000114,Schematic internal layout
SFC-0347,PPU2Lead1_0,SFC-0347 · Individual schematic IC lead225,Mainboard,metal,1,0.16599911485751337,1.7000000000000028,0.3500000000000014,0.28000000000000114,Schematic internal layout
SFC-0348,PPU2Lead1_1,SFC-0348 · Individual schematic IC lead226,Mainboard,metal,1,0.16599911485751334,1.7000000000000028,0.3500000000000014,0.28000000000000114,Schematic internal layout
SFC-0349,PPU2Lead1_2,SFC-0349 · Individual schematic IC lead227,Mainboard,metal,1,0.16599911485751334,1.7000000000000028,0.3500000000000014,0.28000000000000114,Schematic internal layout
SFC-0350,PPU2Lead1_3,SFC-0350 · Individual schematic IC lead228,Mainboard,metal,1,0.16599911485751337,1.7000000000000028,0.3500000000000014,0.28000000000000114,Schematic internal layout
SFC-0351,PPU2Lead1_4,SFC-0351 · Individual schematic IC lead229,Mainboard,metal,1,0.16599911485751337,1.7000000000000028,0.3500000000000014,0.28000000000000114,Schematic internal layout
SFC-0352,PPU2Lead1_5,SFC-0352 · Individual schematic IC lead230,Mainboard,metal,1,0.16599911485751334,1.7000000000000028,0.3500000000000014,0.28000000000000114,Schematic internal layout
SFC-0353,PPU2Lead1_6,SFC-0353 · Individual schematic IC lead231,Mainboard,metal,1,0.16599911485751337,1.7000000000000028,0.3500000000000014,0.28000000000000114,Schematic internal layout
SFC-0354,PPU2Lead1_7,SFC-0354 · Individual schematic IC lead232,Mainboard,metal,1,0.16599911485751337,1.7000000000000028,0.3500000000000014,0.28000000000000114,Schematic internal layout
SFC-0355,PPU2Lead1_8,SFC-0355 · Individual schematic IC lead233,Mainboard,metal,1,0.16599911485751337,1.7000000000000028,0.3500000000000014,0.28000000000000114,Schematic internal layout
SFC-0356,PPU2Lead1_9,SFC-0356 · Individual schematic IC lead234,Mainboard,metal,1,0.16599911485751337,1.7000000000000028,0.3500000000000014,0.28000000000000114,Schematic internal layout
SFC-0357,PPU2Lead1_10,SFC-0357 · Individual schematic IC lead235,Mainboard,metal,1,0.16599911485751337,1.7000000000000028,0.3500000000000014,0.28000000000000114,Schematic internal layout
SFC-0358,PPU2Lead1_11,SFC-0358 · Individual schematic IC lead236,Mainboard,metal,1,0.16599911485751337,1.7000000000000028,0.3500000000000014,0.28000000000000114,Schematic internal layout
SFC-0359,PPU2Lead1_12,SFC-0359 · Individual schematic IC lead237,Mainboard,metal,1,0.16599911485751337,1.7000000000000028,0.3500000000000014,0.28000000000000114,Schematic internal layout
SFC-0360,PPU2Lead1_13,SFC-0360 · Individual schematic IC lead238,Mainboard,metal,1,0.16599911485751337,1.7000000000000028,0.3500000000000014,0.28000000000000114,Schematic internal layout
SFC-0361,PPU2Lead1_14,SFC-0361 · Individual schematic IC lead239,Mainboard,metal,1,0.16599911485751334,1.7000000000000028,0.3500000000000014,0.28000000000000114,Schematic internal layout
SFC-0362,PPU2Lead1_15,SFC-0362 · Individual schematic IC lead240,Mainboard,metal,1,0.16599911485751337,1.7000000000000028,0.3500000000000014,0.28000000000000114,Schematic internal layout
SFC-0363,PPU2Lead1_16,SFC-0363 · Individual schematic IC lead241,Mainboard,metal,1,0.16599911485751337,1.7000000000000028,0.3500000000000014,0.28000000000000114,Schematic internal layout
SFC-0364,PPU2Lead1_17,SFC-0364 · Individual schematic IC lead242,Mainboard,metal,1,0.16599911485751334,1.7000000000000028,0.3500000000000014,0.28000000000000114,Schematic internal layout
SFC-0365,PPU2Lead1_18,SFC-0365 · Individual schematic IC lead243,Mainboard,metal,1,0.1659991148575131,1.7000000000000028,0.34999999999999964,0.28000000000000114,Schematic internal layout
SFC-0366,PPU2Lead1_19,SFC-0366 · Individual schematic IC lead244,Mainboard,metal,1,0.1659991148575131,1.7000000000000028,0.34999999999999964,0.28000000000000114,Schematic internal layout
SFC-0367,PPU2Lead1_20,SFC-0367 · Individual schematic IC lead245,Mainboard,metal,1,0.1659991148575131,1.7000000000000028,0.34999999999999964,0.28000000000000114,Schematic internal layout
SFC-0368,PPU2Lead1_21,SFC-0368 · Individual schematic IC lead246,Mainboard,metal,1,0.1659991148575131,1.7000000000000028,0.34999999999999964,0.28000000000000114,Schematic internal layout
SFC-0369,PPU2Lead1_22,SFC-0369 · Individual schematic IC lead247,Mainboard,metal,1,0.1659991148575131,1.7000000000000028,0.34999999999999964,0.28000000000000114,Schematic internal layout
SFC-0370,PPU2Lead1_23,SFC-0370 · Individual schematic IC lead248,Mainboard,metal,1,0.1659991148575131,1.7000000000000028,0.34999999999999964,0.28000000000000114,Schematic internal layout
SFC-0371,PPU2Lead1_24,SFC-0371 · Individual schematic IC lead249,Mainboard,metal,1,0.16599911485751315,1.7000000000000028,0.3500000000000001,0.28000000000000114,Schematic internal layout
SFC-0372,PPU2Lead2_0,SFC-0372 · Individual schematic IC lead250,Mainboard,metal,1,0.16599911485751306,0.34999999999999964,1.7000000000000028,0.28000000000000114,Schematic internal layout
SFC-0373,PPU2Lead2_1,SFC-0373 · Individual schematic IC lead251,Mainboard,metal,1,0.1659991148575131,0.34999999999999964,1.7000000000000028,0.28000000000000114,Schematic internal layout
SFC-0374,PPU2Lead2_2,SFC-0374 · Individual schematic IC lead252,Mainboard,metal,1,0.16599911485751306,0.34999999999999964,1.7000000000000028,0.28000000000000114,Schematic internal layout
SFC-0375,PPU2Lead2_3,SFC-0375 · Individual schematic IC lead253,Mainboard,metal,1,0.1659991148575131,0.34999999999999964,1.7000000000000028,0.28000000000000114,Schematic internal layout
SFC-0376,PPU2Lead2_4,SFC-0376 · Individual schematic IC lead254,Mainboard,metal,1,0.1659991148575131,0.34999999999999987,1.7000000000000028,0.28000000000000114,Schematic internal layout
SFC-0377,PPU2Lead2_5,SFC-0377 · Individual schematic IC lead255,Mainboard,metal,1,0.16599911485751315,0.3500000000000001,1.7000000000000028,0.28000000000000114,Schematic internal layout
SFC-0378,PPU2Lead2_6,SFC-0378 · Individual schematic IC lead256,Mainboard,metal,1,0.16599911485751312,0.35,1.7000000000000028,0.28000000000000114,Schematic internal layout
SFC-0379,PPU2Lead2_7,SFC-0379 · Individual schematic IC lead257,Mainboard,metal,1,0.16599911485751312,0.35000000000000003,1.7000000000000028,0.28000000000000114,Schematic internal layout
SFC-0380,PPU2Lead2_8,SFC-0380 · Individual schematic IC lead258,Mainboard,metal,1,0.16599911485751315,0.3500000000000001,1.7000000000000028,0.28000000000000114,Schematic internal layout
SFC-0381,PPU2Lead2_9,SFC-0381 · Individual schematic IC lead259,Mainboard,metal,1,0.1659991148575131,0.34999999999999964,1.7000000000000028,0.28000000000000114,Schematic internal layout
SFC-0382,PPU2Lead2_10,SFC-0382 · Individual schematic IC lead260,Mainboard,metal,1,0.1659991148575131,0.34999999999999964,1.7000000000000028,0.28000000000000114,Schematic internal layout
SFC-0383,PPU2Lead2_11,SFC-0383 · Individual schematic IC lead261,Mainboard,metal,1,0.1659991148575131,0.34999999999999964,1.7000000000000028,0.28000000000000114,Schematic internal layout
SFC-0384,PPU2Lead2_12,SFC-0384 · Individual schematic IC lead262,Mainboard,metal,1,0.1659991148575131,0.34999999999999964,1.7000000000000028,0.28000000000000114,Schematic internal layout
SFC-0385,PPU2Lead2_13,SFC-0385 · Individual schematic IC lead263,Mainboard,metal,1,0.1659991148575131,0.34999999999999964,1.7000000000000028,0.28000000000000114,Schematic internal layout
SFC-0386,PPU2Lead2_14,SFC-0386 · Individual schematic IC lead264,Mainboard,metal,1,0.16599911485751306,0.34999999999999964,1.7000000000000028,0.28000000000000114,Schematic internal layout
SFC-0387,PPU2Lead2_15,SFC-0387 · Individual schematic IC lead265,Mainboard,metal,1,0.16599911485751306,0.34999999999999964,1.7000000000000028,0.28000000000000114,Schematic internal layout
SFC-0388,PPU2Lead2_16,SFC-0388 · Individual schematic IC lead266,Mainboard,metal,1,0.16599911485751337,0.3500000000000014,1.7000000000000028,0.28000000000000114,Schematic internal layout
SFC-0389,PPU2Lead2_17,SFC-0389 · Individual schematic IC lead267,Mainboard,metal,1,0.16599911485751334,0.3500000000000014,1.7000000000000028,0.28000000000000114,Schematic internal layout
SFC-0390,PPU2Lead2_18,SFC-0390 · Individual schematic IC lead268,Mainboard,metal,1,0.16599911485751334,0.3500000000000014,1.7000000000000028,0.28000000000000114,Schematic internal layout
SFC-0391,PPU2Lead2_19,SFC-0391 · Individual schematic IC lead269,Mainboard,metal,1,0.16599911485751334,0.3500000000000014,1.7000000000000028,0.28000000000000114,Schematic internal layout
SFC-0392,PPU2Lead2_20,SFC-0392 · Individual schematic IC lead270,Mainboard,metal,1,0.16599911485751334,0.3500000000000014,1.7000000000000028,0.28000000000000114,Schematic internal layout
SFC-0393,PPU2Lead2_21,SFC-0393 · Individual schematic IC lead271,Mainboard,metal,1,0.16599911485751334,0.3500000000000014,1.7000000000000028,0.28000000000000114,Schematic internal layout
SFC-0394,PPU2Lead2_22,SFC-0394 · Individual schematic IC lead272,Mainboard,metal,1,0.16599911485751337,0.3500000000000014,1.7000000000000028,0.28000000000000114,Schematic internal layout
SFC-0395,PPU2Lead2_23,SFC-0395 · Individual schematic IC lead273,Mainboard,metal,1,0.16599911485751337,0.3500000000000014,1.7000000000000028,0.28000000000000114,Schematic internal layout
SFC-0396,PPU2Lead2_24,SFC-0396 · Individual schematic IC lead274,Mainboard,metal,1,0.16599911485751337,0.3500000000000014,1.7000000000000028,0.28000000000000114,Schematic internal layout
SFC-0397,PPU2Lead3_0,SFC-0397 · Individual schematic IC lead275,Mainboard,metal,1,0.16599911485751306,0.34999999999999964,1.7000000000000002,0.28000000000000114,Schematic internal layout
SFC-0398,PPU2Lead3_1,SFC-0398 · Individual schematic IC lead276,Mainboard,metal,1,0.165999114857513,0.34999999999999964,1.7000000000000002,0.28000000000000114,Schematic internal layout
SFC-0399,PPU2Lead3_2,SFC-0399 · Individual schematic IC lead277,Mainboard,metal,1,0.165999114857513,0.34999999999999964,1.7000000000000002,0.28000000000000114,Schematic internal layout
SFC-0400,PPU2Lead3_3,SFC-0400 · Individual schematic IC lead278,Mainboard,metal,1,0.16599911485751304,0.34999999999999964,1.7000000000000002,0.28000000000000114,Schematic internal layout
SFC-0401,PPU2Lead3_4,SFC-0401 · Individual schematic IC lead279,Mainboard,metal,1,0.16599911485751304,0.34999999999999987,1.7000000000000002,0.28000000000000114,Schematic internal layout
SFC-0402,PPU2Lead3_5,SFC-0402 · Individual schematic IC lead280,Mainboard,metal,1,0.16599911485751312,0.3500000000000001,1.7000000000000002,0.28000000000000114,Schematic internal layout
SFC-0403,PPU2Lead3_6,SFC-0403 · Individual schematic IC lead281,Mainboard,metal,1,0.1659991148575131,0.35,1.7000000000000002,0.28000000000000114,Schematic internal layout
SFC-0404,PPU2Lead3_7,SFC-0404 · Individual schematic IC lead282,Mainboard,metal,1,0.1659991148575131,0.35000000000000003,1.7000000000000002,0.28000000000000114,Schematic internal layout
SFC-0405,PPU2Lead3_8,SFC-0405 · Individual schematic IC lead283,Mainboard,metal,1,0.16599911485751306,0.3500000000000001,1.7000000000000002,0.28000000000000114,Schematic internal layout
SFC-0406,PPU2Lead3_9,SFC-0406 · Individual schematic IC lead284,Mainboard,metal,1,0.16599911485751304,0.34999999999999964,1.7000000000000002,0.28000000000000114,Schematic internal layout
SFC-0407,PPU2Lead3_10,SFC-0407 · Individual schematic IC lead285,Mainboard,metal,1,0.16599911485751304,0.34999999999999964,1.7000000000000002,0.28000000000000114,Schematic internal layout
SFC-0408,PPU2Lead3_11,SFC-0408 · Individual schematic IC lead286,Mainboard,metal,1,0.165999114857513,0.34999999999999964,1.7000000000000002,0.28000000000000114,Schematic internal layout
SFC-0409,PPU2Lead3_12,SFC-0409 · Individual schematic IC lead287,Mainboard,metal,1,0.165999114857513,0.34999999999999964,1.7000000000000002,0.28000000000000114,Schematic internal layout
SFC-0410,PPU2Lead3_13,SFC-0410 · Individual schematic IC lead288,Mainboard,metal,1,0.16599911485751304,0.34999999999999964,1.7000000000000002,0.28000000000000114,Schematic internal layout
SFC-0411,PPU2Lead3_14,SFC-0411 · Individual schematic IC lead289,Mainboard,metal,1,0.16599911485751306,0.34999999999999964,1.7000000000000002,0.28000000000000114,Schematic internal layout
SFC-0412,PPU2Lead3_15,SFC-0412 · Individual schematic IC lead290,Mainboard,metal,1,0.16599911485751306,0.34999999999999964,1.7000000000000002,0.28000000000000114,Schematic internal layout
SFC-0413,PPU2Lead3_16,SFC-0413 · Individual schematic IC lead291,Mainboard,metal,1,0.1659991148575133,0.3500000000000014,1.7000000000000002,0.28000000000000114,Schematic internal layout
SFC-0414,PPU2Lead3_17,SFC-0414 · Individual schematic IC lead292,Mainboard,metal,1,0.16599911485751329,0.3500000000000014,1.7000000000000002,0.28000000000000114,Schematic internal layout
SFC-0415,PPU2Lead3_18,SFC-0415 · Individual schematic IC lead293,Mainboard,metal,1,0.16599911485751329,0.3500000000000014,1.7000000000000002,0.28000000000000114,Schematic internal layout
SFC-0416,PPU2Lead3_19,SFC-0416 · Individual schematic IC lead294,Mainboard,metal,1,0.16599911485751329,0.3500000000000014,1.7000000000000002,0.28000000000000114,Schematic internal layout
SFC-0417,PPU2Lead3_20,SFC-0417 · Individual schematic IC lead295,Mainboard,metal,1,0.16599911485751329,0.3500000000000014,1.7000000000000002,0.28000000000000114,Schematic internal layout
SFC-0418,PPU2Lead3_21,SFC-0418 · Individual schematic IC lead296,Mainboard,metal,1,0.16599911485751329,0.3500000000000014,1.7000000000000002,0.28000000000000114,Schematic internal layout
SFC-0419,PPU2Lead3_22,SFC-0419 · Individual schematic IC lead297,Mainboard,metal,1,0.1659991148575133,0.3500000000000014,1.7000000000000002,0.28000000000000114,Schematic internal layout
SFC-0420,PPU2Lead3_23,SFC-0420 · Individual schematic IC lead298,Mainboard,metal,1,0.1659991148575133,0.3500000000000014,1.7000000000000002,0.28000000000000114,Schematic internal layout
SFC-0421,PPU2Lead3_24,SFC-0421 · Individual schematic IC lead299,Mainboard,metal,1,0.1659991148575133,0.3500000000000014,1.7000000000000002,0.28000000000000114,Schematic internal layout
SFC-0422,PPU2Mark,SFC-0422 · S-PPU002,Mainboard,white,6,0.06644276787877036,7.451262783892616,1.6566444953020127,0.01800020000000302,Japanese original curved grey enclosure; published envelope and approximate local details
SFC-0423,PPU2Dot,SFC-0423 · IC orientation index002,Mainboard,white,1,0.019006635554218106,1.0999999999999996,1.1000000000000014,0.019999999999999574,Schematic internal layout
SFC-0424,WRAM,SFC-0424 · WRAM,Mainboard,black,1,753.7896902001296,29.0,13.0,2.0,Schematic internal layout
SFC-0425,WRAMLead0_0,SFC-0425 · Individual schematic IC lead300,Mainboard,metal,1,0.08939286485751267,1.6999999999999886,0.18906249999999858,0.28000000000000114,Schematic internal layout
SFC-0426,WRAMLead0_1,SFC-0426 · Individual schematic IC lead301,Mainboard,metal,1,0.08939286485751267,1.6999999999999886,0.18906249999999858,0.28000000000000114,Schematic internal layout
SFC-0427,WRAMLead0_2,SFC-0427 · Individual schematic IC lead302,Mainboard,metal,1,0.08939286485751269,1.6999999999999886,0.18906250000000213,0.28000000000000114,Schematic internal layout
SFC-0428,WRAMLead0_3,SFC-0428 · Individual schematic IC lead303,Mainboard,metal,1,0.08939286485751267,1.6999999999999886,0.18906250000000213,0.28000000000000114,Schematic internal layout
SFC-0429,WRAMLead0_4,SFC-0429 · Individual schematic IC lead304,Mainboard,metal,1,0.08939286485751269,1.6999999999999886,0.18906250000000213,0.28000000000000114,Schematic internal layout
SFC-0430,WRAMLead0_5,SFC-0430 · Individual schematic IC lead305,Mainboard,metal,1,0.08939286485751267,1.6999999999999886,0.18906250000000213,0.28000000000000114,Schematic internal layout
SFC-0431,WRAMLead0_6,SFC-0431 · Individual schematic IC lead306,Mainboard,metal,1,0.08939286485751269,1.6999999999999886,0.18906250000000213,0.28000000000000114,Schematic internal layout
SFC-0432,WRAMLead0_7,SFC-0432 · Individual schematic IC lead307,Mainboard,metal,1,0.08939286485751267,1.6999999999999886,0.18906250000000213,0.28000000000000114,Schematic internal layout
SFC-0433,WRAMLead0_8,SFC-0433 · Individual schematic IC lead308,Mainboard,metal,1,0.08939286485751267,1.6999999999999886,0.18906250000000213,0.28000000000000114,Schematic internal layout
SFC-0434,WRAMLead0_9,SFC-0434 · Individual schematic IC lead309,Mainboard,metal,1,0.08939286485751269,1.6999999999999886,0.18906250000000213,0.28000000000000114,Schematic internal layout
SFC-0435,WRAMLead0_10,SFC-0435 · Individual schematic IC lead310,Mainboard,metal,1,0.08939286485751269,1.6999999999999886,0.18906250000000213,0.28000000000000114,Schematic internal layout
SFC-0436,WRAMLead0_11,SFC-0436 · Individual schematic IC lead311,Mainboard,metal,1,0.08939286485751267,1.6999999999999886,0.18906250000000213,0.28000000000000114,Schematic internal layout
SFC-0437,WRAMLead0_12,SFC-0437 · Individual schematic IC lead312,Mainboard,metal,1,0.08939286485751269,1.6999999999999886,0.18906250000000213,0.28000000000000114,Schematic internal layout
SFC-0438,WRAMLead0_13,SFC-0438 · Individual schematic IC lead313,Mainboard,metal,1,0.08939286485751267,1.6999999999999886,0.18906250000000213,0.28000000000000114,Schematic internal layout
SFC-0439,WRAMLead0_14,SFC-0439 · Individual schematic IC lead314,Mainboard,metal,1,0.08939286485751267,1.6999999999999886,0.18906250000000213,0.28000000000000114,Schematic internal layout
SFC-0440,WRAMLead0_15,SFC-0440 · Individual schematic IC lead315,Mainboard,metal,1,0.0893928648575127,1.6999999999999886,0.18906250000000213,0.28000000000000114,Schematic internal layout
SFC-0441,WRAMLead0_16,SFC-0441 · Individual schematic IC lead316,Mainboard,metal,1,0.08939286485751269,1.6999999999999886,0.18906250000000213,0.28000000000000114,Schematic internal layout
SFC-0442,WRAMLead0_17,SFC-0442 · Individual schematic IC lead317,Mainboard,metal,1,0.08939286485751267,1.6999999999999886,0.18906250000000213,0.28000000000000114,Schematic internal layout
SFC-0443,WRAMLead0_18,SFC-0443 · Individual schematic IC lead318,Mainboard,metal,1,0.08939286485751269,1.6999999999999886,0.18906250000000213,0.28000000000000114,Schematic internal layout
SFC-0444,WRAMLead0_19,SFC-0444 · Individual schematic IC lead319,Mainboard,metal,1,0.08939286485751267,1.6999999999999886,0.18906250000000213,0.28000000000000114,Schematic internal layout
SFC-0445,WRAMLead0_20,SFC-0445 · Individual schematic IC lead320,Mainboard,metal,1,0.08939286485751269,1.6999999999999886,0.18906250000000213,0.28000000000000114,Schematic internal layout
SFC-0446,WRAMLead0_21,SFC-0446 · Individual schematic IC lead321,Mainboard,metal,1,0.0893928648575127,1.6999999999999886,0.18906250000000213,0.28000000000000114,Schematic internal layout
SFC-0447,WRAMLead0_22,SFC-0447 · Individual schematic IC lead322,Mainboard,metal,1,0.0893928648575127,1.6999999999999886,0.18906250000000213,0.28000000000000114,Schematic internal layout
SFC-0448,WRAMLead0_23,SFC-0448 · Individual schematic IC lead323,Mainboard,metal,1,0.0893928648575127,1.6999999999999886,0.18906250000000213,0.28000000000000114,Schematic internal layout
SFC-0449,WRAMLead0_24,SFC-0449 · Individual schematic IC lead324,Mainboard,metal,1,0.08939286485751281,1.6999999999999886,0.18906250000000124,0.28000000000000114,Schematic internal layout
SFC-0450,WRAMLead0_25,SFC-0450 · Individual schematic IC lead325,Mainboard,metal,1,0.08939286485751294,1.6999999999999886,0.18906250000000036,0.28000000000000114,Schematic internal layout
SFC-0451,WRAMLead0_26,SFC-0451 · Individual schematic IC lead326,Mainboard,metal,1,0.08939286485751295,1.6999999999999886,0.18906250000000036,0.28000000000000114,Schematic internal layout
SFC-0452,WRAMLead0_27,SFC-0452 · Individual schematic IC lead327,Mainboard,metal,1,0.08939286485751294,1.6999999999999886,0.18906250000000036,0.28000000000000114,Schematic internal layout
SFC-0453,WRAMLead0_28,SFC-0453 · Individual schematic IC lead328,Mainboard,metal,1,0.08939286485751294,1.6999999999999886,0.18906250000000036,0.28000000000000114,Schematic internal layout
SFC-0454,WRAMLead0_29,SFC-0454 · Individual schematic IC lead329,Mainboard,metal,1,0.08939286485751294,1.6999999999999886,0.18906250000000036,0.28000000000000114,Schematic internal layout
SFC-0455,WRAMLead0_30,SFC-0455 · Individual schematic IC lead330,Mainboard,metal,1,0.08939286485751294,1.6999999999999886,0.18906250000000036,0.28000000000000114,Schematic internal layout
SFC-0456,WRAMLead0_31,SFC-0456 · Individual schematic IC lead331,Mainboard,metal,1,0.08939286485751295,1.6999999999999886,0.18906250000000036,0.28000000000000114,Schematic internal layout
SFC-0457,WRAMLead1_0,SFC-0457 · Individual schematic IC lead332,Mainboard,metal,1,0.08939286485751281,1.7000000000000028,0.18906249999999858,0.28000000000000114,Schematic internal layout
SFC-0458,WRAMLead1_1,SFC-0458 · Individual schematic IC lead333,Mainboard,metal,1,0.08939286485751281,1.7000000000000028,0.18906249999999858,0.28000000000000114,Schematic internal layout
SFC-0459,WRAMLead1_2,SFC-0459 · Individual schematic IC lead334,Mainboard,metal,1,0.08939286485751283,1.7000000000000028,0.18906250000000213,0.28000000000000114,Schematic internal layout
SFC-0460,WRAMLead1_3,SFC-0460 · Individual schematic IC lead335,Mainboard,metal,1,0.08939286485751283,1.7000000000000028,0.18906250000000213,0.28000000000000114,Schematic internal layout
SFC-0461,WRAMLead1_4,SFC-0461 · Individual schematic IC lead336,Mainboard,metal,1,0.08939286485751284,1.7000000000000028,0.18906250000000213,0.28000000000000114,Schematic internal layout
SFC-0462,WRAMLead1_5,SFC-0462 · Individual schematic IC lead337,Mainboard,metal,1,0.08939286485751284,1.7000000000000028,0.18906250000000213,0.28000000000000114,Schematic internal layout
SFC-0463,WRAMLead1_6,SFC-0463 · Individual schematic IC lead338,Mainboard,metal,1,0.08939286485751283,1.7000000000000028,0.18906250000000213,0.28000000000000114,Schematic internal layout
SFC-0464,WRAMLead1_7,SFC-0464 · Individual schematic IC lead339,Mainboard,metal,1,0.08939286485751283,1.7000000000000028,0.18906250000000213,0.28000000000000114,Schematic internal layout
SFC-0465,WRAMLead1_8,SFC-0465 · Individual schematic IC lead340,Mainboard,metal,1,0.08939286485751284,1.7000000000000028,0.18906250000000213,0.28000000000000114,Schematic internal layout
SFC-0466,WRAMLead1_9,SFC-0466 · Individual schematic IC lead341,Mainboard,metal,1,0.08939286485751284,1.7000000000000028,0.18906250000000213,0.28000000000000114,Schematic internal layout
SFC-0467,WRAMLead1_10,SFC-0467 · Individual schematic IC lead342,Mainboard,metal,1,0.08939286485751284,1.7000000000000028,0.18906250000000213,0.28000000000000114,Schematic internal layout
SFC-0468,WRAMLead1_11,SFC-0468 · Individual schematic IC lead343,Mainboard,metal,1,0.08939286485751284,1.7000000000000028,0.18906250000000213,0.28000000000000114,Schematic internal layout
SFC-0469,WRAMLead1_12,SFC-0469 · Individual schematic IC lead344,Mainboard,metal,1,0.08939286485751283,1.7000000000000028,0.18906250000000213,0.28000000000000114,Schematic internal layout
SFC-0470,WRAMLead1_13,SFC-0470 · Individual schematic IC lead345,Mainboard,metal,1,0.08939286485751283,1.7000000000000028,0.18906250000000213,0.28000000000000114,Schematic internal layout
SFC-0471,WRAMLead1_14,SFC-0471 · Individual schematic IC lead346,Mainboard,metal,1,0.08939286485751283,1.7000000000000028,0.18906250000000213,0.28000000000000114,Schematic internal layout
SFC-0472,WRAMLead1_15,SFC-0472 · Individual schematic IC lead347,Mainboard,metal,1,0.08939286485751283,1.7000000000000028,0.18906250000000213,0.28000000000000114,Schematic internal layout
SFC-0473,WRAMLead1_16,SFC-0473 · Individual schematic IC lead348,Mainboard,metal,1,0.08939286485751284,1.7000000000000028,0.18906250000000213,0.28000000000000114,Schematic internal layout
SFC-0474,WRAMLead1_17,SFC-0474 · Individual schematic IC lead349,Mainboard,metal,1,0.08939286485751284,1.7000000000000028,0.18906250000000213,0.28000000000000114,Schematic internal layout
SFC-0475,WRAMLead1_18,SFC-0475 · Individual schematic IC lead350,Mainboard,metal,1,0.08939286485751283,1.7000000000000028,0.18906250000000213,0.28000000000000114,Schematic internal layout
SFC-0476,WRAMLead1_19,SFC-0476 · Individual schematic IC lead351,Mainboard,metal,1,0.08939286485751284,1.7000000000000028,0.18906250000000213,0.28000000000000114,Schematic internal layout
SFC-0477,WRAMLead1_20,SFC-0477 · Individual schematic IC lead352,Mainboard,metal,1,0.08939286485751283,1.7000000000000028,0.18906250000000213,0.28000000000000114,Schematic internal layout
SFC-0478,WRAMLead1_21,SFC-0478 · Individual schematic IC lead353,Mainboard,metal,1,0.08939286485751283,1.7000000000000028,0.18906250000000213,0.28000000000000114,Schematic internal layout
SFC-0479,WRAMLead1_22,SFC-0479 · Individual schematic IC lead354,Mainboard,metal,1,0.08939286485751283,1.7000000000000028,0.18906250000000213,0.28000000000000114,Schematic internal layout
SFC-0480,WRAMLead1_23,SFC-0480 · Individual schematic IC lead355,Mainboard,metal,1,0.08939286485751283,1.7000000000000028,0.18906250000000213,0.28000000000000114,Schematic internal layout
SFC-0481,WRAMLead1_24,SFC-0481 · Individual schematic IC lead356,Mainboard,metal,1,0.08939286485751297,1.7000000000000028,0.18906250000000124,0.28000000000000114,Schematic internal layout
SFC-0482,WRAMLead1_25,SFC-0482 · Individual schematic IC lead357,Mainboard,metal,1,0.08939286485751308,1.7000000000000028,0.18906250000000036,0.28000000000000114,Schematic internal layout
SFC-0483,WRAMLead1_26,SFC-0483 · Individual schematic IC lead358,Mainboard,metal,1,0.08939286485751309,1.7000000000000028,0.18906250000000036,0.28000000000000114,Schematic internal layout
SFC-0484,WRAMLead1_27,SFC-0484 · Individual schematic IC lead359,Mainboard,metal,1,0.08939286485751309,1.7000000000000028,0.18906250000000036,0.28000000000000114,Schematic internal layout
SFC-0485,WRAMLead1_28,SFC-0485 · Individual schematic IC lead360,Mainboard,metal,1,0.08939286485751309,1.7000000000000028,0.18906250000000036,0.28000000000000114,Schematic internal layout
SFC-0486,WRAMLead1_29,SFC-0486 · Individual schematic IC lead361,Mainboard,metal,1,0.08939286485751309,1.7000000000000028,0.18906250000000036,0.28000000000000114,Schematic internal layout
SFC-0487,WRAMLead1_30,SFC-0487 · Individual schematic IC lead362,Mainboard,metal,1,0.08939286485751309,1.7000000000000028,0.18906250000000036,0.28000000000000114,Schematic internal layout
SFC-0488,WRAMLead1_31,SFC-0488 · Individual schematic IC lead363,Mainboard,metal,1,0.08939286485751309,1.7000000000000028,0.18906250000000036,0.28000000000000114,Schematic internal layout
SFC-0489,WRAMDot,SFC-0489 · IC orientation index003,Mainboard,white,1,0.0190066355542181,1.0999999999999943,1.1000000000000014,0.019999999999999574,Schematic internal layout
SFC-0490,VRAM0,SFC-0490 · VRAM,Mainboard,black,1,749.7896902001295,15.0,25.0,2.0,Schematic internal layout
SFC-0491,VRAM0Lead0_0,SFC-0491 · Individual schematic IC lead364,Mainboard,metal,1,0.1659991148575123,1.7000000000000028,0.3499999999999943,0.28000000000000114,Schematic internal layout
SFC-0492,VRAM0Lead0_1,SFC-0492 · Individual schematic IC lead365,Mainboard,metal,1,0.1659991148575123,1.7000000000000028,0.3499999999999943,0.28000000000000114,Schematic internal layout
SFC-0493,VRAM0Lead0_2,SFC-0493 · Individual schematic IC lead366,Mainboard,metal,1,0.16599911485751234,1.7000000000000028,0.3499999999999943,0.28000000000000114,Schematic internal layout
SFC-0494,VRAM0Lead0_3,SFC-0494 · Individual schematic IC lead367,Mainboard,metal,1,0.1659991148575123,1.7000000000000028,0.3499999999999943,0.28000000000000114,Schematic internal layout
SFC-0495,VRAM0Lead0_4,SFC-0495 · Individual schematic IC lead368,Mainboard,metal,1,0.16599911485751231,1.7000000000000028,0.3499999999999943,0.28000000000000114,Schematic internal layout
SFC-0496,VRAM0Lead0_5,SFC-0496 · Individual schematic IC lead369,Mainboard,metal,1,0.1659991148575123,1.7000000000000028,0.3499999999999943,0.28000000000000114,Schematic internal layout
SFC-0497,VRAM0Lead0_6,SFC-0497 · Individual schematic IC lead370,Mainboard,metal,1,0.1659991148575123,1.7000000000000028,0.3499999999999943,0.28000000000000114,Schematic internal layout
SFC-0498,VRAM0Lead0_7,SFC-0498 · Individual schematic IC lead371,Mainboard,metal,1,0.1659991148575123,1.7000000000000028,0.3499999999999943,0.28000000000000114,Schematic internal layout
SFC-0499,VRAM0Lead0_8,SFC-0499 · Individual schematic IC lead372,Mainboard,metal,1,0.1659991148575123,1.7000000000000028,0.3499999999999943,0.28000000000000114,Schematic internal layout
SFC-0500,VRAM0Lead0_9,SFC-0500 · Individual schematic IC lead373,Mainboard,metal,1,0.1659991148575123,1.7000000000000028,0.3499999999999943,0.28000000000000114,Schematic internal layout
SFC-0501,VRAM0Lead0_10,SFC-0501 · Individual schematic IC lead374,Mainboard,metal,1,0.1659991148575123,1.7000000000000028,0.3499999999999943,0.28000000000000114,Schematic internal layout
SFC-0502,VRAM0Lead0_11,SFC-0502 · Individual schematic IC lead375,Mainboard,metal,1,0.16599911485751231,1.7000000000000028,0.3499999999999943,0.28000000000000114,Schematic internal layout
SFC-0503,VRAM0Lead0_12,SFC-0503 · Individual schematic IC lead376,Mainboard,metal,1,0.1659991148575123,1.7000000000000028,0.3499999999999943,0.28000000000000114,Schematic internal layout
SFC-0504,VRAM0Lead0_13,SFC-0504 · Individual schematic IC lead377,Mainboard,metal,1,0.1659991148575123,1.7000000000000028,0.3499999999999943,0.28000000000000114,Schematic internal layout
SFC-0505,VRAM0Lead1_0,SFC-0505 · Individual schematic IC lead378,Mainboard,metal,1,0.16599911485751231,1.7000000000000028,0.3499999999999943,0.28000000000000114,Schematic internal layout
SFC-0506,VRAM0Lead1_1,SFC-0506 · Individual schematic IC lead379,Mainboard,metal,1,0.16599911485751231,1.7000000000000028,0.3499999999999943,0.28000000000000114,Schematic internal layout
SFC-0507,VRAM0Lead1_2,SFC-0507 · Individual schematic IC lead380,Mainboard,metal,1,0.16599911485751231,1.7000000000000028,0.3499999999999943,0.28000000000000114,Schematic internal layout
SFC-0508,VRAM0Lead1_3,SFC-0508 · Individual schematic IC lead381,Mainboard,metal,1,0.1659991148575123,1.7000000000000028,0.3499999999999943,0.28000000000000114,Schematic internal layout
SFC-0509,VRAM0Lead1_4,SFC-0509 · Individual schematic IC lead382,Mainboard,metal,1,0.1659991148575123,1.7000000000000028,0.3499999999999943,0.28000000000000114,Schematic internal layout
SFC-0510,VRAM0Lead1_5,SFC-0510 · Individual schematic IC lead383,Mainboard,metal,1,0.1659991148575123,1.7000000000000028,0.3499999999999943,0.28000000000000114,Schematic internal layout
SFC-0511,VRAM0Lead1_6,SFC-0511 · Individual schematic IC lead384,Mainboard,metal,1,0.16599911485751231,1.7000000000000028,0.3499999999999943,0.28000000000000114,Schematic internal layout
SFC-0512,VRAM0Lead1_7,SFC-0512 · Individual schematic IC lead385,Mainboard,metal,1,0.16599911485751231,1.7000000000000028,0.3499999999999943,0.28000000000000114,Schematic internal layout
SFC-0513,VRAM0Lead1_8,SFC-0513 · Individual schematic IC lead386,Mainboard,metal,1,0.1659991148575123,1.7000000000000028,0.3499999999999943,0.28000000000000114,Schematic internal layout
SFC-0514,VRAM0Lead1_9,SFC-0514 · Individual schematic IC lead387,Mainboard,metal,1,0.16599911485751231,1.7000000000000028,0.3499999999999943,0.28000000000000114,Schematic internal layout
SFC-0515,VRAM0Lead1_10,SFC-0515 · Individual schematic IC lead388,Mainboard,metal,1,0.16599911485751226,1.7000000000000028,0.3499999999999943,0.28000000000000114,Schematic internal layout
SFC-0516,VRAM0Lead1_11,SFC-0516 · Individual schematic IC lead389,Mainboard,metal,1,0.16599911485751231,1.7000000000000028,0.3499999999999943,0.28000000000000114,Schematic internal layout
SFC-0517,VRAM0Lead1_12,SFC-0517 · Individual schematic IC lead390,Mainboard,metal,1,0.1659991148575123,1.7000000000000028,0.3499999999999943,0.28000000000000114,Schematic internal layout
SFC-0518,VRAM0Lead1_13,SFC-0518 · Individual schematic IC lead391,Mainboard,metal,1,0.16599911485751231,1.7000000000000028,0.3499999999999943,0.28000000000000114,Schematic internal layout
SFC-0519,VRAM0Dot,SFC-0519 · IC orientation index004,Mainboard,white,1,0.019006635554218106,1.0999999999999943,1.0999999999999943,0.019999999999999574,Schematic internal layout
SFC-0520,VRAM1,SFC-0520 · VRAM002,Mainboard,black,1,749.7896902001295,15.0,25.0,2.0,Schematic internal layout
SFC-0521,VRAM1Lead0_0,SFC-0521 · Individual schematic IC lead392,Mainboard,metal,1,0.16599911485751337,1.7000000000000028,0.3500000000000014,0.28000000000000114,Schematic internal layout
SFC-0522,VRAM1Lead0_1,SFC-0522 · Individual schematic IC lead393,Mainboard,metal,1,0.16599911485751337,1.7000000000000028,0.3500000000000014,0.28000000000000114,Schematic internal layout
SFC-0523,VRAM1Lead0_2,SFC-0523 · Individual schematic IC lead394,Mainboard,metal,1,0.16599911485751337,1.7000000000000028,0.3500000000000014,0.28000000000000114,Schematic internal layout
SFC-0524,VRAM1Lead0_3,SFC-0524 · Individual schematic IC lead395,Mainboard,metal,1,0.16599911485751337,1.7000000000000028,0.3500000000000014,0.28000000000000114,Schematic internal layout
SFC-0525,VRAM1Lead0_4,SFC-0525 · Individual schematic IC lead396,Mainboard,metal,1,0.16599911485751337,1.7000000000000028,0.3500000000000014,0.28000000000000114,Schematic internal layout
SFC-0526,VRAM1Lead0_5,SFC-0526 · Individual schematic IC lead397,Mainboard,metal,1,0.16599911485751337,1.7000000000000028,0.3500000000000014,0.28000000000000114,Schematic internal layout
SFC-0527,VRAM1Lead0_6,SFC-0527 · Individual schematic IC lead398,Mainboard,metal,1,0.1659991148575134,1.7000000000000028,0.3500000000000014,0.28000000000000114,Schematic internal layout
SFC-0528,VRAM1Lead0_7,SFC-0528 · Individual schematic IC lead399,Mainboard,metal,1,0.1659991148575134,1.7000000000000028,0.3500000000000014,0.28000000000000114,Schematic internal layout
SFC-0529,VRAM1Lead0_8,SFC-0529 · Individual schematic IC lead400,Mainboard,metal,1,0.16599911485751337,1.7000000000000028,0.3500000000000014,0.28000000000000114,Schematic internal layout
SFC-0530,VRAM1Lead0_9,SFC-0530 · Individual schematic IC lead401,Mainboard,metal,1,0.16599911485751315,1.7000000000000028,0.34999999999999964,0.28000000000000114,Schematic internal layout
SFC-0531,VRAM1Lead0_10,SFC-0531 · Individual schematic IC lead402,Mainboard,metal,1,0.16599911485751315,1.7000000000000028,0.34999999999999964,0.28000000000000114,Schematic internal layout
SFC-0532,VRAM1Lead0_11,SFC-0532 · Individual schematic IC lead403,Mainboard,metal,1,0.16599911485751312,1.7000000000000028,0.34999999999999964,0.28000000000000114,Schematic internal layout
SFC-0533,VRAM1Lead0_12,SFC-0533 · Individual schematic IC lead404,Mainboard,metal,1,0.1659991148575131,1.7000000000000028,0.34999999999999964,0.28000000000000114,Schematic internal layout
SFC-0534,VRAM1Lead0_13,SFC-0534 · Individual schematic IC lead405,Mainboard,metal,1,0.16599911485751317,1.7000000000000028,0.35000000000000003,0.28000000000000114,Schematic internal layout
SFC-0535,VRAM1Lead1_0,SFC-0535 · Individual schematic IC lead406,Mainboard,metal,1,0.1659991148575134,1.7000000000000028,0.3500000000000014,0.28000000000000114,Schematic internal layout
SFC-0536,VRAM1Lead1_1,SFC-0536 · Individual schematic IC lead407,Mainboard,metal,1,0.16599911485751337,1.7000000000000028,0.3500000000000014,0.28000000000000114,Schematic internal layout
SFC-0537,VRAM1Lead1_2,SFC-0537 · Individual schematic IC lead408,Mainboard,metal,1,0.1659991148575134,1.7000000000000028,0.3500000000000014,0.28000000000000114,Schematic internal layout
SFC-0538,VRAM1Lead1_3,SFC-0538 · Individual schematic IC lead409,Mainboard,metal,1,0.1659991148575134,1.7000000000000028,0.3500000000000014,0.28000000000000114,Schematic internal layout
SFC-0539,VRAM1Lead1_4,SFC-0539 · Individual schematic IC lead410,Mainboard,metal,1,0.1659991148575134,1.7000000000000028,0.3500000000000014,0.28000000000000114,Schematic internal layout
SFC-0540,VRAM1Lead1_5,SFC-0540 · Individual schematic IC lead411,Mainboard,metal,1,0.1659991148575134,1.7000000000000028,0.3500000000000014,0.28000000000000114,Schematic internal layout
SFC-0541,VRAM1Lead1_6,SFC-0541 · Individual schematic IC lead412,Mainboard,metal,1,0.16599911485751334,1.7000000000000028,0.3500000000000014,0.28000000000000114,Schematic internal layout
SFC-0542,VRAM1Lead1_7,SFC-0542 · Individual schematic IC lead413,Mainboard,metal,1,0.16599911485751334,1.7000000000000028,0.3500000000000014,0.28000000000000114,Schematic internal layout
SFC-0543,VRAM1Lead1_8,SFC-0543 · Individual schematic IC lead414,Mainboard,metal,1,0.1659991148575134,1.7000000000000028,0.3500000000000014,0.28000000000000114,Schematic internal layout
SFC-0544,VRAM1Lead1_9,SFC-0544 · Individual schematic IC lead415,Mainboard,metal,1,0.1659991148575131,1.7000000000000028,0.34999999999999964,0.28000000000000114,Schematic internal layout
SFC-0545,VRAM1Lead1_10,SFC-0545 · Individual schematic IC lead416,Mainboard,metal,1,0.1659991148575131,1.7000000000000028,0.34999999999999964,0.28000000000000114,Schematic internal layout
SFC-0546,VRAM1Lead1_11,SFC-0546 · Individual schematic IC lead417,Mainboard,metal,1,0.16599911485751312,1.7000000000000028,0.34999999999999964,0.28000000000000114,Schematic internal layout
SFC-0547,VRAM1Lead1_12,SFC-0547 · Individual schematic IC lead418,Mainboard,metal,1,0.16599911485751312,1.7000000000000028,0.34999999999999964,0.28000000000000114,Schematic internal layout
SFC-0548,VRAM1Lead1_13,SFC-0548 · Individual schematic IC lead419,Mainboard,metal,1,0.16599911485751317,1.7000000000000028,0.35000000000000003,0.28000000000000114,Schematic internal layout
SFC-0549,VRAM1Dot,SFC-0549 · IC orientation index005,Mainboard,white,1,0.019006635554218096,1.0999999999999943,1.1000000000000014,0.019999999999999574,Schematic internal layout
SFC-0550,Encoder,SFC-0550 · S-ENC,Mainboard,black,1,503.7896902001295,12.0,21.0,2.0,Schematic internal layout
SFC-0551,EncoderLead0_0,SFC-0551 · Individual schematic IC lead420,Mainboard,metal,1,0.1659991148575123,1.7000000000000028,0.3499999999999943,0.28000000000000114,Schematic internal layout
SFC-0552,EncoderLead0_1,SFC-0552 · Individual schematic IC lead421,Mainboard,metal,1,0.1659991148575123,1.7000000000000028,0.3499999999999943,0.28000000000000114,Schematic internal layout
SFC-0553,EncoderLead0_2,SFC-0553 · Individual schematic IC lead422,Mainboard,metal,1,0.16599911485751231,1.7000000000000028,0.3499999999999943,0.28000000000000114,Schematic internal layout
SFC-0554,EncoderLead0_3,SFC-0554 · Individual schematic IC lead423,Mainboard,metal,1,0.16599911485751231,1.7000000000000028,0.3499999999999943,0.28000000000000114,Schematic internal layout
SFC-0555,EncoderLead0_4,SFC-0555 · Individual schematic IC lead424,Mainboard,metal,1,0.1659991148575123,1.7000000000000028,0.3499999999999943,0.28000000000000114,Schematic internal layout
SFC-0556,EncoderLead0_5,SFC-0556 · Individual schematic IC lead425,Mainboard,metal,1,0.1659991148575123,1.7000000000000028,0.3499999999999943,0.28000000000000114,Schematic internal layout
SFC-0557,EncoderLead0_6,SFC-0557 · Individual schematic IC lead426,Mainboard,metal,1,0.1659991148575123,1.7000000000000028,0.3499999999999943,0.28000000000000114,Schematic internal layout
SFC-0558,EncoderLead0_7,SFC-0558 · Individual schematic IC lead427,Mainboard,metal,1,0.1659991148575123,1.7000000000000028,0.3499999999999943,0.28000000000000114,Schematic internal layout
SFC-0559,EncoderLead0_8,SFC-0559 · Individual schematic IC lead428,Mainboard,metal,1,0.16599911485751231,1.7000000000000028,0.3499999999999943,0.28000000000000114,Schematic internal layout
SFC-0560,EncoderLead0_9,SFC-0560 · Individual schematic IC lead429,Mainboard,metal,1,0.16599911485751231,1.7000000000000028,0.3499999999999943,0.28000000000000114,Schematic internal layout
SFC-0561,EncoderLead0_10,SFC-0561 · Individual schematic IC lead430,Mainboard,metal,1,0.1659991148575123,1.7000000000000028,0.3499999999999943,0.28000000000000114,Schematic internal layout
SFC-0562,EncoderLead0_11,SFC-0562 · Individual schematic IC lead431,Mainboard,metal,1,0.16599911485751231,1.7000000000000028,0.3499999999999943,0.28000000000000114,Schematic internal layout
SFC-0563,EncoderLead1_0,SFC-0563 · Individual schematic IC lead432,Mainboard,metal,1,0.1659991148575123,1.7000000000000028,0.3499999999999943,0.28000000000000114,Schematic internal layout
SFC-0564,EncoderLead1_1,SFC-0564 · Individual schematic IC lead433,Mainboard,metal,1,0.16599911485751231,1.7000000000000028,0.3499999999999943,0.28000000000000114,Schematic internal layout
SFC-0565,EncoderLead1_2,SFC-0565 · Individual schematic IC lead434,Mainboard,metal,1,0.1659991148575123,1.7000000000000028,0.3499999999999943,0.28000000000000114,Schematic internal layout
SFC-0566,EncoderLead1_3,SFC-0566 · Individual schematic IC lead435,Mainboard,metal,1,0.16599911485751226,1.7000000000000028,0.3499999999999943,0.28000000000000114,Schematic internal layout
SFC-0567,EncoderLead1_4,SFC-0567 · Individual schematic IC lead436,Mainboard,metal,1,0.1659991148575123,1.7000000000000028,0.3499999999999943,0.28000000000000114,Schematic internal layout
SFC-0568,EncoderLead1_5,SFC-0568 · Individual schematic IC lead437,Mainboard,metal,1,0.16599911485751226,1.7000000000000028,0.3499999999999943,0.28000000000000114,Schematic internal layout
SFC-0569,EncoderLead1_6,SFC-0569 · Individual schematic IC lead438,Mainboard,metal,1,0.1659991148575123,1.7000000000000028,0.3499999999999943,0.28000000000000114,Schematic internal layout
SFC-0570,EncoderLead1_7,SFC-0570 · Individual schematic IC lead439,Mainboard,metal,1,0.1659991148575123,1.7000000000000028,0.3499999999999943,0.28000000000000114,Schematic internal layout
SFC-0571,EncoderLead1_8,SFC-0571 · Individual schematic IC lead440,Mainboard,metal,1,0.1659991148575123,1.7000000000000028,0.3499999999999943,0.28000000000000114,Schematic internal layout
SFC-0572,EncoderLead1_9,SFC-0572 · Individual schematic IC lead441,Mainboard,metal,1,0.1659991148575123,1.7000000000000028,0.3499999999999943,0.28000000000000114,Schematic internal layout
SFC-0573,EncoderLead1_10,SFC-0573 · Individual schematic IC lead442,Mainboard,metal,1,0.1659991148575123,1.7000000000000028,0.3499999999999943,0.28000000000000114,Schematic internal layout
SFC-0574,EncoderLead1_11,SFC-0574 · Individual schematic IC lead443,Mainboard,metal,1,0.16599911485751226,1.7000000000000028,0.3499999999999943,0.28000000000000114,Schematic internal layout
SFC-0575,EncoderMark,SFC-0575 · S-ENC001,Mainboard,white,5,0.058640194082703184,6.469127716778523,1.656644495302018,0.01800020000000302,Japanese original curved grey enclosure; published envelope and approximate local details
SFC-0576,EncoderDot,SFC-0576 · IC orientation index006,Mainboard,white,1,0.01900663555421812,1.1000000000000014,1.0999999999999943,0.019999999999999574,Schematic internal layout
SFC-0577,Clock,SFC-0577 · CLOCK,Mainboard,black,1,95.7896902001295,6.0,8.0,2.0,Schematic internal layout
SFC-0578,ClockLead0_0,SFC-0578 · Individual schematic IC lead444,Mainboard,metal,1,0.1659991148575123,1.7000000000000028,0.3499999999999943,0.28000000000000114,Schematic internal layout
SFC-0579,ClockLead0_1,SFC-0579 · Individual schematic IC lead445,Mainboard,metal,1,0.1659991148575123,1.7000000000000028,0.3499999999999943,0.28000000000000114,Schematic internal layout
SFC-0580,ClockLead0_2,SFC-0580 · Individual schematic IC lead446,Mainboard,metal,1,0.1659991148575123,1.7000000000000028,0.3499999999999943,0.28000000000000114,Schematic internal layout
SFC-0581,ClockLead0_3,SFC-0581 · Individual schematic IC lead447,Mainboard,metal,1,0.1659991148575123,1.7000000000000028,0.3499999999999943,0.28000000000000114,Schematic internal layout
SFC-0582,ClockLead0_4,SFC-0582 · Individual schematic IC lead448,Mainboard,metal,1,0.1659991148575123,1.7000000000000028,0.3499999999999943,0.28000000000000114,Schematic internal layout
SFC-0583,ClockLead0_5,SFC-0583 · Individual schematic IC lead449,Mainboard,metal,1,0.1659991148575123,1.7000000000000028,0.3499999999999943,0.28000000000000114,Schematic internal layout
SFC-0584,ClockLead0_6,SFC-0584 · Individual schematic IC lead450,Mainboard,metal,1,0.1659991148575123,1.7000000000000028,0.3499999999999943,0.28000000000000114,Schematic internal layout
SFC-0585,ClockLead1_0,SFC-0585 · Individual schematic IC lead451,Mainboard,metal,1,0.16599911485751226,1.7000000000000028,0.3499999999999943,0.28000000000000114,Schematic internal layout
SFC-0586,ClockLead1_1,SFC-0586 · Individual schematic IC lead452,Mainboard,metal,1,0.16599911485751226,1.7000000000000028,0.3499999999999943,0.28000000000000114,Schematic internal layout
SFC-0587,ClockLead1_2,SFC-0587 · Individual schematic IC lead453,Mainboard,metal,1,0.1659991148575123,1.7000000000000028,0.3499999999999943,0.28000000000000114,Schematic internal layout
SFC-0588,ClockLead1_3,SFC-0588 · Individual schematic IC lead454,Mainboard,metal,1,0.1659991148575123,1.7000000000000028,0.3499999999999943,0.28000000000000114,Schematic internal layout
SFC-0589,ClockLead1_4,SFC-0589 · Individual schematic IC lead455,Mainboard,metal,1,0.1659991148575123,1.7000000000000028,0.3499999999999943,0.28000000000000114,Schematic internal layout
SFC-0590,ClockLead1_5,SFC-0590 · Individual schematic IC lead456,Mainboard,metal,1,0.1659991148575123,1.7000000000000028,0.3499999999999943,0.28000000000000114,Schematic internal layout
SFC-0591,ClockLead1_6,SFC-0591 · Individual schematic IC lead457,Mainboard,metal,1,0.1659991148575123,1.7000000000000028,0.3499999999999943,0.28000000000000114,Schematic internal layout
SFC-0592,ClockMark,SFC-0592 · CLOCK001,Mainboard,white,5,0.06274349977624606,7.283259328187917,1.656644495302018,0.01800020000000302,Japanese original curved grey enclosure; published envelope and approximate local details
SFC-0593,ClockDot,SFC-0593 · IC orientation index007,Mainboard,white,1,0.01900663555421812,1.1000000000000014,1.0999999999999943,0.019999999999999574,Schematic internal layout
SFC-0594,CIC,SFC-0594 · CIC,Mainboard,black,1,119.7896902001295,6.0,10.0,2.0,Schematic internal layout
SFC-0595,CICLead0_0,SFC-0595 · Individual schematic IC lead458,Mainboard,metal,1,0.1659991148575119,1.6999999999999886,0.3499999999999943,0.28000000000000114,Schematic internal layout
SFC-0596,CICLead0_1,SFC-0596 · Individual schematic IC lead459,Mainboard,metal,1,0.16599911485751193,1.6999999999999886,0.3499999999999943,0.28000000000000114,Schematic internal layout
SFC-0597,CICLead0_2,SFC-0597 · Individual schematic IC lead460,Mainboard,metal,1,0.16599911485751193,1.6999999999999886,0.3499999999999943,0.28000000000000114,Schematic internal layout
SFC-0598,CICLead0_3,SFC-0598 · Individual schematic IC lead461,Mainboard,metal,1,0.16599911485751193,1.6999999999999886,0.3499999999999943,0.28000000000000114,Schematic internal layout
SFC-0599,CICLead0_4,SFC-0599 · Individual schematic IC lead462,Mainboard,metal,1,0.16599911485751193,1.6999999999999886,0.3499999999999943,0.28000000000000114,Schematic internal layout
SFC-0600,CICLead0_5,SFC-0600 · Individual schematic IC lead463,Mainboard,metal,1,0.16599911485751198,1.6999999999999886,0.3499999999999943,0.28000000000000114,Schematic internal layout
SFC-0601,CICLead0_6,SFC-0601 · Individual schematic IC lead464,Mainboard,metal,1,0.16599911485751248,1.6999999999999886,0.34999999999999787,0.28000000000000114,Schematic internal layout
SFC-0602,CICLead0_7,SFC-0602 · Individual schematic IC lead465,Mainboard,metal,1,0.165999114857513,1.6999999999999886,0.3500000000000014,0.28000000000000114,Schematic internal layout
SFC-0603,CICLead1_0,SFC-0603 · Individual schematic IC lead466,Mainboard,metal,1,0.16599911485751193,1.6999999999999886,0.3499999999999943,0.28000000000000114,Schematic internal layout
SFC-0604,CICLead1_1,SFC-0604 · Individual schematic IC lead467,Mainboard,metal,1,0.16599911485751195,1.6999999999999886,0.3499999999999943,0.28000000000000114,Schematic internal layout
SFC-0605,CICLead1_2,SFC-0605 · Individual schematic IC lead468,Mainboard,metal,1,0.16599911485751195,1.6999999999999886,0.3499999999999943,0.28000000000000114,Schematic internal layout
SFC-0606,CICLead1_3,SFC-0606 · Individual schematic IC lead469,Mainboard,metal,1,0.1659991148575119,1.6999999999999886,0.3499999999999943,0.28000000000000114,Schematic internal layout
SFC-0607,CICLead1_4,SFC-0607 · Individual schematic IC lead470,Mainboard,metal,1,0.16599911485751193,1.6999999999999886,0.3499999999999943,0.28000000000000114,Schematic internal layout
SFC-0608,CICLead1_5,SFC-0608 · Individual schematic IC lead471,Mainboard,metal,1,0.16599911485751193,1.6999999999999886,0.3499999999999943,0.28000000000000114,Schematic internal layout
SFC-0609,CICLead1_6,SFC-0609 · Individual schematic IC lead472,Mainboard,metal,1,0.16599911485751248,1.6999999999999886,0.34999999999999787,0.28000000000000114,Schematic internal layout
SFC-0610,CICLead1_7,SFC-0610 · Individual schematic IC lead473,Mainboard,metal,1,0.165999114857513,1.6999999999999886,0.3500000000000014,0.28000000000000114,Schematic internal layout
SFC-0611,CICMark,SFC-0611 · CIC001,Mainboard,white,3,0.02987757743756652,3.4647485221476444,1.656644495302018,0.01800020000000302,Japanese original curved grey enclosure; published envelope and approximate local details
SFC-0612,CICDot,SFC-0612 · IC orientation index008,Mainboard,white,1,0.01900663555421814,1.0999999999999943,1.0999999999999943,0.019999999999999574,Schematic internal layout
SFC-0613,MainCrystal,SFC-0613 · Original metal timing crystal,Mainboard,metal,1,282.59534848028954,7.0,13.0,3.3000000000000007,Schematic internal layout
SFC-0614,ClockTrimmer,SFC-0614 · Original clock adjustment trimmer,Mainboard,sfcred,1,74.07292006587699,5.0,5.0,3.0,Schematic internal layout
SFC-0615,ClockTrimmerSlot,SFC-0615 · Trimmer adjustment insert,Mainboard,metal,1,1.767145867644259,3.0,3.0,0.25,Schematic internal layout
SFC-0616,WRAMMark,SFC-0616 · W R A M,Mainboard,white,4,0.0716821069373293,8.887135067114102,1.5973156362416088,0.01800020000000302,Japanese original curved grey enclosure; published envelope and approximate local details
SFC-0617,VRAM0Mark,SFC-0617 · V R A M,Mainboard,white,4,0.062119781447785356,8.271883389261745,1.5973156362416105,0.01800020000000302,Japanese original curved grey enclosure; published envelope and approximate local details
SFC-0618,VRAM1Mark,SFC-0618 · V R A M001,Mainboard,white,4,0.06211978144778537,8.271883389261745,1.5973156362416088,0.01800020000000302,Japanese original curved grey enclosure; published envelope and approximate local details
SFC-0619,MainPassive0,SFC-0619 · Photo-guided small passive package,Mainboard,white,1,1.7845703952996799,2.3000000000000114,1.1999999999999886,0.6499999999999986,Schematic internal layout
SFC-0620,MainPassiveEnd0_0,SFC-0620 · Separate passive termination,Mainboard,metal,1,0.2053518578948922,0.5999999999999943,1.1500000000000057,0.3000000000000007,Schematic internal layout
SFC-0621,MainPassiveEnd0_1,SFC-0621 · Separate passive termination001,Mainboard,metal,1,0.20535185789489221,0.5999999999999943,1.1500000000000057,0.3000000000000007,Schematic internal layout
SFC-0622,MainPassive1,SFC-0622 · Photo-guided small passive package001,Mainboard,black,1,1.784570395299686,2.3000000000000114,1.2000000000000028,0.6499999999999986,Schematic internal layout
SFC-0623,MainPassiveEnd1_0,SFC-0623 · Separate passive termination002,Mainboard,metal,1,0.20535185789489227,0.5999999999999943,1.1500000000000057,0.3000000000000007,Schematic internal layout
SFC-0624,MainPassiveEnd1_1,SFC-0624 · Separate passive termination003,Mainboard,metal,1,0.20535185789489227,0.5999999999999943,1.1500000000000057,0.3000000000000007,Schematic internal layout
SFC-0625,MainPassive2,SFC-0625 · Photo-guided small passive package002,Mainboard,black,1,1.7845703952996859,2.3000000000000114,1.2000000000000028,0.6499999999999986,Schematic internal layout
SFC-0626,MainPassiveEnd2_0,SFC-0626 · Separate passive termination004,Mainboard,metal,1,0.20535185789489227,0.5999999999999943,1.1500000000000057,0.3000000000000007,Schematic internal layout
SFC-0627,MainPassiveEnd2_1,SFC-0627 · Separate passive termination005,Mainboard,metal,1,0.20535185789489227,0.5999999999999943,1.1500000000000057,0.3000000000000007,Schematic internal layout
SFC-0628,MainPassive3,SFC-0628 · Photo-guided small passive package003,Mainboard,white,1,1.784570395299686,2.3000000000000114,1.2000000000000028,0.6499999999999986,Schematic internal layout
SFC-0629,MainPassiveEnd3_0,SFC-0629 · Separate passive termination006,Mainboard,metal,1,0.20535185789489224,0.5999999999999943,1.1500000000000057,0.3000000000000007,Schematic internal layout
SFC-0630,MainPassiveEnd3_1,SFC-0630 · Separate passive termination007,Mainboard,metal,1,0.20535185789489224,0.5999999999999943,1.1500000000000057,0.3000000000000007,Schematic internal layout
SFC-0631,MainPassive4,SFC-0631 · Photo-guided small passive package004,Mainboard,black,1,1.7845703952996859,2.3000000000000114,1.2000000000000028,0.6499999999999986,Schematic internal layout
SFC-0632,MainPassiveEnd4_0,SFC-0632 · Separate passive termination008,Mainboard,metal,1,0.20535185789489196,0.5999999999999943,1.1499999999999986,0.3000000000000007,Schematic internal layout
SFC-0633,MainPassiveEnd4_1,SFC-0633 · Separate passive termination009,Mainboard,metal,1,0.20535185789489196,0.5999999999999943,1.1499999999999986,0.3000000000000007,Schematic internal layout
SFC-0634,MainPassive5,SFC-0634 · Photo-guided small passive package005,Mainboard,black,1,1.784570395299683,2.3000000000000114,1.2000000000000028,0.6499999999999986,Schematic internal layout
SFC-0635,MainPassiveEnd5_0,SFC-0635 · Separate passive termination010,Mainboard,metal,1,0.20535185789489196,0.5999999999999943,1.1499999999999986,0.3000000000000007,Schematic internal layout
SFC-0636,MainPassiveEnd5_1,SFC-0636 · Separate passive termination011,Mainboard,metal,1,0.20535185789489194,0.5999999999999943,1.1499999999999986,0.3000000000000007,Schematic internal layout
SFC-0637,MainPassive6,SFC-0637 · Photo-guided small passive package006,Mainboard,white,1,1.784570395299683,2.3000000000000114,1.2000000000000028,0.6499999999999986,Schematic internal layout
SFC-0638,MainPassiveEnd6_0,SFC-0638 · Separate passive termination012,Mainboard,metal,1,0.20535185789489196,0.5999999999999943,1.1499999999999986,0.3000000000000007,Schematic internal layout
SFC-0639,MainPassiveEnd6_1,SFC-0639 · Separate passive termination013,Mainboard,metal,1,0.2053518578948919,0.5999999999999943,1.1499999999999986,0.3000000000000007,Schematic internal layout
SFC-0640,MainPassive7,SFC-0640 · Photo-guided small passive package007,Mainboard,black,1,1.784570395299683,2.3000000000000114,1.2000000000000028,0.6499999999999986,Schematic internal layout
SFC-0641,MainPassiveEnd7_0,SFC-0641 · Separate passive termination014,Mainboard,metal,1,0.20535185789489196,0.5999999999999943,1.1499999999999986,0.3000000000000007,Schematic internal layout
SFC-0642,MainPassiveEnd7_1,SFC-0642 · Separate passive termination015,Mainboard,metal,1,0.20535185789489194,0.5999999999999943,1.1499999999999986,0.3000000000000007,Schematic internal layout
SFC-0643,MainPassive8,SFC-0643 · Photo-guided small passive package008,Mainboard,black,1,1.7845703952996834,2.3000000000000114,1.2000000000000028,0.6499999999999986,Schematic internal layout
SFC-0644,MainPassiveEnd8_0,SFC-0644 · Separate passive termination016,Mainboard,metal,1,0.20535185789489196,0.5999999999999943,1.1499999999999986,0.3000000000000007,Schematic internal layout
SFC-0645,MainPassiveEnd8_1,SFC-0645 · Separate passive termination017,Mainboard,metal,1,0.20535185789489194,0.5999999999999943,1.1499999999999986,0.3000000000000007,Schematic internal layout
SFC-0646,MainPassive9,SFC-0646 · Photo-guided small passive package009,Mainboard,white,1,1.7845703952996832,2.299999999999997,1.2000000000000028,0.6499999999999986,Schematic internal layout
SFC-0647,MainPassiveEnd9_0,SFC-0647 · Separate passive termination018,Mainboard,metal,1,0.20535185789489258,0.6000000000000014,1.1499999999999986,0.3000000000000007,Schematic internal layout
SFC-0648,MainPassiveEnd9_1,SFC-0648 · Separate passive termination019,Mainboard,metal,1,0.20535185789489263,0.6000000000000014,1.1499999999999986,0.3000000000000007,Schematic internal layout
SFC-0649,MainPassive10,SFC-0649 · Photo-guided small passive package010,Mainboard,black,1,1.7845703952996825,2.299999999999997,1.2000000000000028,0.6499999999999986,Schematic internal layout
SFC-0650,MainPassiveEnd10_0,SFC-0650 · Separate passive termination020,Mainboard,metal,1,0.20535185789489263,0.6000000000000014,1.1499999999999986,0.3000000000000007,Schematic internal layout
SFC-0651,MainPassiveEnd10_1,SFC-0651 · Separate passive termination021,Mainboard,metal,1,0.20535185789489258,0.6000000000000014,1.1499999999999986,0.3000000000000007,Schematic internal layout
SFC-0652,MainPassive11,SFC-0652 · Photo-guided small passive package011,Mainboard,black,1,1.7845703952996816,2.299999999999997,1.1999999999999993,0.6499999999999986,Schematic internal layout
SFC-0653,MainPassiveEnd11_0,SFC-0653 · Separate passive termination022,Mainboard,metal,1,0.2053518578948927,0.6000000000000014,1.1500000000000004,0.3000000000000007,Schematic internal layout
SFC-0654,MainPassiveEnd11_1,SFC-0654 · Separate passive termination023,Mainboard,metal,1,0.2053518578948927,0.6000000000000014,1.1500000000000004,0.3000000000000007,Schematic internal layout
SFC-0655,MainPassive12,SFC-0655 · Photo-guided small passive package012,Mainboard,white,1,1.784570395299685,2.3000000000000114,1.2000000000000002,0.6499999999999986,Schematic internal layout
SFC-0656,MainPassiveEnd12_0,SFC-0656 · Separate passive termination024,Mainboard,metal,1,0.20535185789489202,0.5999999999999943,1.1500000000000004,0.3000000000000007,Schematic internal layout
SFC-0657,MainPassiveEnd12_1,SFC-0657 · Separate passive termination025,Mainboard,metal,1,0.20535185789489202,0.5999999999999943,1.1500000000000004,0.3000000000000007,Schematic internal layout
SFC-0658,MainPassive13,SFC-0658 · Photo-guided small passive package013,Mainboard,black,1,1.784570395299682,2.3000000000000114,1.2000000000000002,0.6499999999999986,Schematic internal layout
SFC-0659,MainPassiveEnd13_0,SFC-0659 · Separate passive termination026,Mainboard,metal,1,0.205351857894892,0.5999999999999943,1.1500000000000004,0.3000000000000007,Schematic internal layout
SFC-0660,MainPassiveEnd13_1,SFC-0660 · Separate passive termination027,Mainboard,metal,1,0.20535185789489202,0.5999999999999943,1.1500000000000004,0.3000000000000007,Schematic internal layout
SFC-0661,MainPassive14,SFC-0661 · Photo-guided small passive package014,Mainboard,black,1,1.7845703952996819,2.3000000000000114,1.2000000000000002,0.6499999999999986,Schematic internal layout
SFC-0662,MainPassiveEnd14_0,SFC-0662 · Separate passive termination028,Mainboard,metal,1,0.20535185789489202,0.5999999999999943,1.1500000000000004,0.3000000000000007,Schematic internal layout
SFC-0663,MainPassiveEnd14_1,SFC-0663 · Separate passive termination029,Mainboard,metal,1,0.205351857894892,0.5999999999999943,1.1500000000000004,0.3000000000000007,Schematic internal layout
SFC-0664,MainPassive15,SFC-0664 · Photo-guided small passive package015,Mainboard,white,1,1.7845703952996819,2.3000000000000114,1.2000000000000002,0.6499999999999986,Schematic internal layout
SFC-0665,MainPassiveEnd15_0,SFC-0665 · Separate passive termination030,Mainboard,metal,1,0.20535185789489202,0.5999999999999943,1.1500000000000004,0.3000000000000007,Schematic internal layout
SFC-0666,MainPassiveEnd15_1,SFC-0666 · Separate passive termination031,Mainboard,metal,1,0.20535185789489202,0.5999999999999943,1.1500000000000004,0.3000000000000007,Schematic internal layout
SFC-0667,MainPassive16,SFC-0667 · Photo-guided small passive package016,Mainboard,black,1,1.7845703952996819,2.3000000000000043,1.2000000000000002,0.6499999999999986,Schematic internal layout
SFC-0668,MainPassiveEnd16_0,SFC-0668 · Separate passive termination032,Mainboard,metal,1,0.20535185789489202,0.5999999999999943,1.1500000000000004,0.3000000000000007,Schematic internal layout
SFC-0669,MainPassiveEnd16_1,SFC-0669 · Separate passive termination033,Mainboard,metal,1,0.2053518578948927,0.6000000000000014,1.1500000000000004,0.3000000000000007,Schematic internal layout
SFC-0670,MainPassive17,SFC-0670 · Photo-guided small passive package017,Mainboard,black,1,1.7845703952996823,2.3000000000000007,1.1999999999999997,0.6499999999999986,Schematic internal layout
SFC-0671,MainPassiveEnd17_0,SFC-0671 · Separate passive termination034,Mainboard,metal,1,0.2053518578948927,0.6000000000000014,1.1500000000000004,0.3000000000000007,Schematic internal layout
SFC-0672,MainPassiveEnd17_1,SFC-0672 · Separate passive termination035,Mainboard,metal,1,0.2053518578948927,0.6000000000000014,1.1500000000000004,0.3000000000000007,Schematic internal layout
SFC-0673,MainPassive18,SFC-0673 · Photo-guided small passive package018,Mainboard,white,1,1.7845703952996825,2.3000000000000003,1.1999999999999997,0.6499999999999986,Schematic internal layout
SFC-0674,MainPassiveEnd18_0,SFC-0674 · Separate passive termination036,Mainboard,metal,1,0.20535185789489252,0.5999999999999996,1.1500000000000004,0.3000000000000007,Schematic internal layout
SFC-0675,MainPassiveEnd18_1,SFC-0675 · Separate passive termination037,Mainboard,metal,1,0.2053518578948925,0.6000000000000005,1.1500000000000004,0.3000000000000007,Schematic internal layout
SFC-0676,MainPassive19,SFC-0676 · Photo-guided small passive package019,Mainboard,black,1,1.7845703952996823,2.3000000000000003,1.1999999999999997,0.6499999999999986,Schematic internal layout
SFC-0677,MainPassiveEnd19_0,SFC-0677 · Separate passive termination038,Mainboard,metal,1,0.20535185789489255,0.6000000000000001,1.1500000000000004,0.3000000000000007,Schematic internal layout
SFC-0678,MainPassiveEnd19_1,SFC-0678 · Separate passive termination039,Mainboard,metal,1,0.2053518578948925,0.5999999999999996,1.1500000000000004,0.3000000000000007,Schematic internal layout
SFC-0679,MainPassive20,SFC-0679 · Photo-guided small passive package020,Mainboard,black,1,1.7845703952996823,2.3000000000000007,1.1999999999999997,0.6499999999999986,Schematic internal layout
SFC-0680,MainPassiveEnd20_0,SFC-0680 · Separate passive termination040,Mainboard,metal,1,0.2053518578948927,0.6000000000000014,1.1500000000000004,0.3000000000000007,Schematic internal layout
SFC-0681,MainPassiveEnd20_1,SFC-0681 · Separate passive termination041,Mainboard,metal,1,0.20535185789489271,0.6000000000000014,1.1500000000000004,0.3000000000000007,Schematic internal layout
SFC-0682,MainPassive21,SFC-0682 · Photo-guided small passive package021,Mainboard,white,1,1.7845703952996819,2.299999999999997,1.1999999999999997,0.6499999999999986,Schematic internal layout
SFC-0683,MainPassiveEnd21_0,SFC-0683 · Separate passive termination042,Mainboard,metal,1,0.20535185789489263,0.6000000000000014,1.1500000000000004,0.3000000000000007,Schematic internal layout
SFC-0684,MainPassiveEnd21_1,SFC-0684 · Separate passive termination043,Mainboard,metal,1,0.2053518578948927,0.6000000000000014,1.1500000000000004,0.3000000000000007,Schematic internal layout
SFC-0685,MainPassive22,SFC-0685 · Photo-guided small passive package022,Mainboard,black,1,1.7845703952996816,2.3000000000000043,1.1999999999999997,0.6499999999999986,Schematic internal layout
SFC-0686,MainPassiveEnd22_0,SFC-0686 · Separate passive termination044,Mainboard,metal,1,0.20535185789489266,0.6000000000000014,1.1500000000000004,0.3000000000000007,Schematic internal layout
SFC-0687,MainPassiveEnd22_1,SFC-0687 · Separate passive termination045,Mainboard,metal,1,0.20535185789489202,0.5999999999999943,1.1500000000000004,0.3000000000000007,Schematic internal layout
SFC-0688,MainPassive23,SFC-0688 · Photo-guided small passive package023,Mainboard,black,1,1.7845703952996816,2.3000000000000114,1.1999999999999997,0.6499999999999986,Schematic internal layout
SFC-0689,MainPassiveEnd23_0,SFC-0689 · Separate passive termination046,Mainboard,metal,1,0.20535185789489202,0.5999999999999943,1.1500000000000004,0.3000000000000007,Schematic internal layout
SFC-0690,MainPassiveEnd23_1,SFC-0690 · Separate passive termination047,Mainboard,metal,1,0.205351857894892,0.5999999999999943,1.1500000000000004,0.3000000000000007,Schematic internal layout
SFC-0691,MainPassive24,SFC-0691 · Photo-guided small passive package024,Mainboard,white,1,1.7845703952996816,2.3000000000000114,1.1999999999999997,0.6499999999999986,Schematic internal layout
SFC-0692,MainPassiveEnd24_0,SFC-0692 · Separate passive termination048,Mainboard,metal,1,0.20535185789489202,0.5999999999999943,1.1500000000000004,0.3000000000000007,Schematic internal layout
SFC-0693,MainPassiveEnd24_1,SFC-0693 · Separate passive termination049,Mainboard,metal,1,0.205351857894892,0.5999999999999943,1.1500000000000004,0.3000000000000007,Schematic internal layout
SFC-0694,MainPassive25,SFC-0694 · Photo-guided small passive package025,Mainboard,black,1,1.7845703952996816,2.3000000000000114,1.1999999999999997,0.6499999999999986,Schematic internal layout
SFC-0695,MainPassiveEnd25_0,SFC-0695 · Separate passive termination050,Mainboard,metal,1,0.20535185789489202,0.5999999999999943,1.1500000000000004,0.3000000000000007,Schematic internal layout
SFC-0696,MainPassiveEnd25_1,SFC-0696 · Separate passive termination051,Mainboard,metal,1,0.205351857894892,0.5999999999999943,1.1500000000000004,0.3000000000000007,Schematic internal layout
SFC-0697,MainPassive26,SFC-0697 · Photo-guided small passive package026,Mainboard,black,1,1.7845703952996845,2.3000000000000114,1.1999999999999997,0.6499999999999986,Schematic internal layout
SFC-0698,MainPassiveEnd26_0,SFC-0698 · Separate passive termination052,Mainboard,metal,1,0.20535185789489202,0.5999999999999943,1.1500000000000004,0.3000000000000007,Schematic internal layout
SFC-0699,MainPassiveEnd26_1,SFC-0699 · Separate passive termination053,Mainboard,metal,1,0.205351857894892,0.5999999999999943,1.1500000000000004,0.3000000000000007,Schematic internal layout
SFC-0700,MainPassive27,SFC-0700 · Photo-guided small passive package027,Mainboard,white,1,1.7845703952996848,2.3000000000000114,1.1999999999999997,0.6499999999999986,Schematic internal layout
SFC-0701,MainPassiveEnd27_0,SFC-0701 · Separate passive termination054,Mainboard,metal,1,0.205351857894892,0.5999999999999943,1.1500000000000004,0.3000000000000007,Schematic internal layout
SFC-0702,MainPassiveEnd27_1,SFC-0702 · Separate passive termination055,Mainboard,metal,1,0.205351857894892,0.5999999999999943,1.1500000000000004,0.3000000000000007,Schematic internal layout
SFC-0703,MainPassive28,SFC-0703 · Photo-guided small passive package028,Mainboard,black,1,1.784570395299677,2.299999999999997,1.1999999999999886,0.6499999999999986,Schematic internal layout
SFC-0704,MainPassiveEnd28_0,SFC-0704 · Separate passive termination056,Mainboard,metal,1,0.20535185789489285,0.6000000000000014,1.1500000000000057,0.3000000000000007,Schematic internal layout
SFC-0705,MainPassiveEnd28_1,SFC-0705 · Separate passive termination057,Mainboard,metal,1,0.20535185789489285,0.6000000000000014,1.1500000000000057,0.3000000000000007,Schematic internal layout
SFC-0706,MainPassive29,SFC-0706 · Photo-guided small passive package029,Mainboard,black,1,1.784570395299683,2.299999999999997,1.2000000000000028,0.6499999999999986,Schematic internal layout
SFC-0707,MainPassiveEnd29_0,SFC-0707 · Separate passive termination058,Mainboard,metal,1,0.2053518578948929,0.6000000000000014,1.1500000000000057,0.3000000000000007,Schematic internal layout
SFC-0708,MainPassiveEnd29_1,SFC-0708 · Separate passive termination059,Mainboard,metal,1,0.2053518578948929,0.6000000000000014,1.1500000000000057,0.3000000000000007,Schematic internal layout
SFC-0709,MainPassive30,SFC-0709 · Photo-guided small passive package030,Mainboard,white,1,1.7845703952996832,2.299999999999997,1.2000000000000028,0.6499999999999986,Schematic internal layout
SFC-0710,MainPassiveEnd30_0,SFC-0710 · Separate passive termination060,Mainboard,metal,1,0.2053518578948929,0.6000000000000014,1.1500000000000057,0.3000000000000007,Schematic internal layout
SFC-0711,MainPassiveEnd30_1,SFC-0711 · Separate passive termination061,Mainboard,metal,1,0.2053518578948929,0.6000000000000014,1.1500000000000057,0.3000000000000007,Schematic internal layout
SFC-0712,MainPassive31,SFC-0712 · Photo-guided small passive package031,Mainboard,black,1,1.7845703952996832,2.299999999999997,1.2000000000000028,0.6499999999999986,Schematic internal layout
SFC-0713,MainPassiveEnd31_0,SFC-0713 · Separate passive termination062,Mainboard,metal,1,0.20535185789489258,0.6000000000000014,1.1499999999999986,0.3000000000000007,Schematic internal layout
SFC-0714,MainPassiveEnd31_1,SFC-0714 · Separate passive termination063,Mainboard,metal,1,0.2053518578948926,0.6000000000000014,1.1499999999999986,0.3000000000000007,Schematic internal layout
SFC-0715,MainPassive32,SFC-0715 · Photo-guided small passive package032,Mainboard,black,1,1.7845703952996832,2.299999999999997,1.2000000000000028,0.6499999999999986,Schematic internal layout
SFC-0716,MainPassiveEnd32_0,SFC-0716 · Separate passive termination064,Mainboard,metal,1,0.2053518578948926,0.6000000000000014,1.1499999999999986,0.3000000000000007,Schematic internal layout
SFC-0717,MainPassiveEnd32_1,SFC-0717 · Separate passive termination065,Mainboard,metal,1,0.20535185789489263,0.6000000000000014,1.1499999999999986,0.3000000000000007,Schematic internal layout
SFC-0718,MainPassive33,SFC-0718 · Photo-guided small passive package033,Mainboard,white,1,1.7845703952996859,2.3000000000000114,1.2000000000000028,0.6499999999999986,Schematic internal layout
SFC-0719,MainPassiveEnd33_0,SFC-0719 · Separate passive termination066,Mainboard,metal,1,0.20535185789489224,0.5999999999999943,1.1500000000000057,0.3000000000000007,Schematic internal layout
SFC-0720,MainPassiveEnd33_1,SFC-0720 · Separate passive termination067,Mainboard,metal,1,0.20535185789489224,0.5999999999999943,1.1500000000000057,0.3000000000000007,Schematic internal layout
SFC-0721,MainPassive34,SFC-0721 · Photo-guided small passive package034,Mainboard,black,1,1.7845703952996859,2.3000000000000114,1.2000000000000028,0.6499999999999986,Schematic internal layout
SFC-0722,MainPassiveEnd34_0,SFC-0722 · Separate passive termination068,Mainboard,metal,1,0.20535185789489224,0.5999999999999943,1.1500000000000057,0.3000000000000007,Schematic internal layout
SFC-0723,MainPassiveEnd34_1,SFC-0723 · Separate passive termination069,Mainboard,metal,1,0.20535185789489227,0.5999999999999943,1.1500000000000057,0.3000000000000007,Schematic internal layout
SFC-0724,MainPassive35,SFC-0724 · Photo-guided small passive package035,Mainboard,black,1,1.7845703952996845,2.3000000000000114,1.2000000000000028,0.6499999999999986,Schematic internal layout
SFC-0725,MainPassiveEnd35_0,SFC-0725 · Separate passive termination070,Mainboard,metal,1,0.2053518578948919,0.5999999999999943,1.1499999999999986,0.3000000000000007,Schematic internal layout
SFC-0726,MainPassiveEnd35_1,SFC-0726 · Separate passive termination071,Mainboard,metal,1,0.20535185789489188,0.5999999999999943,1.1499999999999986,0.3000000000000007,Schematic internal layout
SFC-0727,MainPassive36,SFC-0727 · Photo-guided small passive package036,Mainboard,white,1,1.7845703952996845,2.3000000000000114,1.2000000000000028,0.6499999999999986,Schematic internal layout
SFC-0728,MainPassiveEnd36_0,SFC-0728 · Separate passive termination072,Mainboard,metal,1,0.20535185789489224,0.5999999999999943,1.1500000000000057,0.3000000000000007,Schematic internal layout
SFC-0729,MainPassiveEnd36_1,SFC-0729 · Separate passive termination073,Mainboard,metal,1,0.20535185789489221,0.5999999999999943,1.1500000000000057,0.3000000000000007,Schematic internal layout
SFC-0730,MainPassive37,SFC-0730 · Photo-guided small passive package037,Mainboard,black,1,1.7845703952996832,2.3000000000000114,1.2000000000000028,0.6499999999999986,Schematic internal layout
SFC-0731,MainPassiveEnd37_0,SFC-0731 · Separate passive termination074,Mainboard,metal,1,0.2053518578948922,0.5999999999999943,1.1500000000000057,0.3000000000000007,Schematic internal layout
SFC-0732,MainPassiveEnd37_1,SFC-0732 · Separate passive termination075,Mainboard,metal,1,0.20535185789489224,0.5999999999999943,1.1500000000000057,0.3000000000000007,Schematic internal layout
SFC-0733,MainPassive38,SFC-0733 · Photo-guided small passive package038,Mainboard,black,1,1.7845703952996828,2.3000000000000114,1.2000000000000028,0.6499999999999986,Schematic internal layout
SFC-0734,MainPassiveEnd38_0,SFC-0734 · Separate passive termination076,Mainboard,metal,1,0.2053518578948922,0.5999999999999943,1.1500000000000057,0.3000000000000007,Schematic internal layout
SFC-0735,MainPassiveEnd38_1,SFC-0735 · Separate passive termination077,Mainboard,metal,1,0.20535185789489227,0.5999999999999943,1.1500000000000057,0.3000000000000007,Schematic internal layout
SFC-0736,MainPassive39,SFC-0736 · Photo-guided small passive package039,Mainboard,white,1,1.784570395299684,2.3000000000000007,1.2000000000000028,0.6499999999999986,Schematic internal layout
SFC-0737,MainPassiveEnd39_0,SFC-0737 · Separate passive termination078,Mainboard,metal,1,0.2053518578948929,0.6000000000000014,1.1500000000000057,0.3000000000000007,Schematic internal layout
SFC-0738,MainPassiveEnd39_1,SFC-0738 · Separate passive termination079,Mainboard,metal,1,0.20535185789489296,0.6000000000000014,1.1500000000000057,0.3000000000000007,Schematic internal layout
SFC-0739,MainPassive40,SFC-0739 · Photo-guided small passive package040,Mainboard,black,1,1.7845703952996834,2.3000000000000003,1.2000000000000028,0.6499999999999986,Schematic internal layout
SFC-0740,MainPassiveEnd40_0,SFC-0740 · Separate passive termination080,Mainboard,metal,1,0.20535185789489277,0.5999999999999996,1.1500000000000057,0.3000000000000007,Schematic internal layout
SFC-0741,MainPassiveEnd40_1,SFC-0741 · Separate passive termination081,Mainboard,metal,1,0.20535185789489274,0.6000000000000005,1.1500000000000057,0.3000000000000007,Schematic internal layout
SFC-0742,MainPassive41,SFC-0742 · Photo-guided small passive package041,Mainboard,black,1,1.784570395299684,2.3000000000000003,1.2000000000000028,0.6499999999999986,Schematic internal layout
SFC-0743,MainPassiveEnd41_0,SFC-0743 · Separate passive termination082,Mainboard,metal,1,0.20535185789489277,0.6000000000000005,1.1500000000000057,0.3000000000000007,Schematic internal layout
SFC-0744,MainPassiveEnd41_1,SFC-0744 · Separate passive termination083,Mainboard,metal,1,0.20535185789489274,0.5999999999999996,1.1500000000000057,0.3000000000000007,Schematic internal layout
SFC-0745,MainPassive42,SFC-0745 · Photo-guided small passive package042,Mainboard,white,1,1.7845703952996836,2.299999999999999,1.2000000000000028,0.6499999999999986,Schematic internal layout
SFC-0746,MainPassiveEnd42_0,SFC-0746 · Separate passive termination084,Mainboard,metal,1,0.2053518578948929,0.6000000000000014,1.1500000000000057,0.3000000000000007,Schematic internal layout
SFC-0747,MainPassiveEnd42_1,SFC-0747 · Separate passive termination085,Mainboard,metal,1,0.20535185789489288,0.6000000000000014,1.1500000000000057,0.3000000000000007,Schematic internal layout
SFC-0748,MainPassive43,SFC-0748 · Photo-guided small passive package043,Mainboard,black,1,1.7845703952996832,2.299999999999997,1.2000000000000028,0.6499999999999986,Schematic internal layout
SFC-0749,MainPassiveEnd43_0,SFC-0749 · Separate passive termination086,Mainboard,metal,1,0.2053518578948929,0.6000000000000014,1.1500000000000057,0.3000000000000007,Schematic internal layout
SFC-0750,MainPassiveEnd43_1,SFC-0750 · Separate passive termination087,Mainboard,metal,1,0.2053518578948929,0.6000000000000014,1.1500000000000057,0.3000000000000007,Schematic internal layout
SFC-0751,MainPassive44,SFC-0751 · Photo-guided small passive package044,Mainboard,black,1,1.7845703952996765,2.3000000000000114,1.1999999999999886,0.6499999999999986,Schematic internal layout
SFC-0752,MainPassiveEnd44_0,SFC-0752 · Separate passive termination088,Mainboard,metal,1,0.2053518578948922,0.5999999999999943,1.1500000000000057,0.3000000000000007,Schematic internal layout
SFC-0753,MainPassiveEnd44_1,SFC-0753 · Separate passive termination089,Mainboard,metal,1,0.2053518578948922,0.5999999999999943,1.1500000000000057,0.3000000000000007,Schematic internal layout
SFC-0754,MainPassive45,SFC-0754 · Photo-guided small passive package045,Mainboard,white,1,1.784570395299677,2.3000000000000114,1.1999999999999886,0.6499999999999986,Schematic internal layout
SFC-0755,MainPassiveEnd45_0,SFC-0755 · Separate passive termination090,Mainboard,metal,1,0.2053518578948922,0.5999999999999943,1.1500000000000057,0.3000000000000007,Schematic internal layout
SFC-0756,MainPassiveEnd45_1,SFC-0756 · Separate passive termination091,Mainboard,metal,1,0.20535185789489216,0.5999999999999943,1.1500000000000057,0.3000000000000007,Schematic internal layout
SFC-0757,MainPassive46,SFC-0757 · Photo-guided small passive package046,Mainboard,black,1,1.784570395299677,2.3000000000000114,1.1999999999999886,0.6499999999999986,Schematic internal layout
SFC-0758,MainPassiveEnd46_0,SFC-0758 · Separate passive termination092,Mainboard,metal,1,0.2053518578948922,0.5999999999999943,1.1500000000000057,0.3000000000000007,Schematic internal layout
SFC-0759,MainPassiveEnd46_1,SFC-0759 · Separate passive termination093,Mainboard,metal,1,0.20535185789489216,0.5999999999999943,1.1500000000000057,0.3000000000000007,Schematic internal layout
SFC-0760,MainPassive47,SFC-0760 · Photo-guided small passive package047,Mainboard,black,1,1.7845703952996768,2.299999999999997,1.1999999999999886,0.6499999999999986,Schematic internal layout
SFC-0761,MainPassiveEnd47_0,SFC-0761 · Separate passive termination094,Mainboard,metal,1,0.20535185789489288,0.6000000000000014,1.1500000000000057,0.3000000000000007,Schematic internal layout
SFC-0762,MainPassiveEnd47_1,SFC-0762 · Separate passive termination095,Mainboard,metal,1,0.20535185789489283,0.6000000000000014,1.1500000000000057,0.3000000000000007,Schematic internal layout
SFC-0763,MainPassive48,SFC-0763 · Photo-guided small passive package048,Mainboard,white,1,1.784570395299677,2.299999999999997,1.1999999999999886,0.6499999999999986,Schematic internal layout
SFC-0764,MainPassiveEnd48_0,SFC-0764 · Separate passive termination096,Mainboard,metal,1,0.20535185789489288,0.6000000000000014,1.1500000000000057,0.3000000000000007,Schematic internal layout
SFC-0765,MainPassiveEnd48_1,SFC-0765 · Separate passive termination097,Mainboard,metal,1,0.20535185789489288,0.6000000000000014,1.1500000000000057,0.3000000000000007,Schematic internal layout
SFC-0766,MainPassive49,SFC-0766 · Photo-guided small passive package049,Mainboard,black,1,1.7845703952996776,2.3000000000000003,1.1999999999999886,0.6499999999999986,Schematic internal layout
SFC-0767,MainPassiveEnd49_0,SFC-0767 · Separate passive termination098,Mainboard,metal,1,0.20535185789489274,0.6000000000000005,1.1500000000000057,0.3000000000000007,Schematic internal layout
SFC-0768,MainPassiveEnd49_1,SFC-0768 · Separate passive termination099,Mainboard,metal,1,0.20535185789489271,0.5999999999999996,1.1500000000000057,0.3000000000000007,Schematic internal layout
SFC-0769,MainCap0,SFC-0769 · Original electrolytic capacitor envelope,Mainboard,black,1,254.21767752848604,6.800000000000011,6.799999999999997,7.0,Schematic internal layout
SFC-0770,MainCapTop0,SFC-0770 · Separate capacitor metal top,Mainboard,metal,1,3.9819686884250727,6.5,6.5,0.120000000000001,Schematic internal layout
SFC-0771,MainCapLead0_0,SFC-0771 · Capacitor solder lead,Mainboard,metal,1,0.08482300164692447,0.5999999999999943,0.5999999999999943,0.3000000000000007,Schematic internal layout
SFC-0772,MainCapLead0_1,SFC-0772 · Capacitor solder lead001,Mainboard,metal,1,0.08482300164692445,0.5999999999999943,0.5999999999999943,0.3000000000000007,Schematic internal layout
SFC-0773,MainCap1,SFC-0773 · Original electrolytic capacitor envelope001,Mainboard,black,1,254.21767752848592,6.800000000000011,6.800000000000011,7.0,Schematic internal layout
SFC-0774,MainCapTop1,SFC-0774 · Separate capacitor metal top001,Mainboard,metal,1,3.981968688425074,6.5,6.5,0.120000000000001,Schematic internal layout
SFC-0775,MainCapLead1_0,SFC-0775 · Capacitor solder lead002,Mainboard,metal,1,0.0848230016469245,0.5999999999999943,0.5999999999999943,0.3000000000000007,Schematic internal layout
SFC-0776,MainCapLead1_1,SFC-0776 · Capacitor solder lead003,Mainboard,metal,1,0.0848230016469245,0.5999999999999943,0.5999999999999943,0.3000000000000007,Schematic internal layout
SFC-0777,MainCap2,SFC-0777 · Original electrolytic capacitor envelope002,Mainboard,blue,1,3078.760800517997,14.0,14.0,20.0,Schematic internal layout
SFC-0778,MainCapTop2,SFC-0778 · Separate capacitor metal top002,Mainboard,metal,1,17.68936575456792,13.700000000000003,13.699999999999989,0.11999999999999744,Schematic internal layout
SFC-0779,MainCapLead2_0,SFC-0779 · Capacitor solder lead004,Mainboard,metal,1,0.0848230016469246,0.5999999999999943,0.5999999999999943,0.3000000000000007,Schematic internal layout
SFC-0780,MainCapLead2_1,SFC-0780 · Capacitor solder lead005,Mainboard,metal,1,0.08482300164692459,0.5999999999999943,0.5999999999999943,0.3000000000000007,Schematic internal layout
SFC-0781,MainCap3,SFC-0781 · Original electrolytic capacitor envelope003,Mainboard,black,1,254.21767752848598,6.799999999999999,6.800000000000011,7.0,Schematic internal layout
SFC-0782,MainCapTop3,SFC-0782 · Separate capacitor metal top003,Mainboard,metal,1,3.981968688425075,6.5,6.5,0.120000000000001,Schematic internal layout
SFC-0783,MainCapLead3_0,SFC-0783 · Capacitor solder lead006,Mainboard,metal,1,0.08482300164692463,0.6000000000000014,0.5999999999999943,0.3000000000000007,Schematic internal layout
SFC-0784,MainCapLead3_1,SFC-0784 · Capacitor solder lead007,Mainboard,metal,1,0.08482300164692465,0.6000000000000014,0.5999999999999943,0.3000000000000007,Schematic internal layout
SFC-0785,MainCap4,SFC-0785 · Original electrolytic capacitor envelope004,Mainboard,black,1,254.21767752848598,6.800000000000001,6.800000000000011,7.0,Schematic internal layout
SFC-0786,MainCapTop4,SFC-0786 · Separate capacitor metal top004,Mainboard,metal,1,3.981968688425075,6.5,6.5,0.120000000000001,Schematic internal layout
SFC-0787,MainCapLead4_0,SFC-0787 · Capacitor solder lead008,Mainboard,metal,1,0.08482300164692462,0.5999999999999996,0.5999999999999943,0.3000000000000007,Schematic internal layout
SFC-0788,MainCapLead4_1,SFC-0788 · Capacitor solder lead009,Mainboard,metal,1,0.08482300164692463,0.5999999999999996,0.5999999999999943,0.3000000000000007,Schematic internal layout
SFC-0789,MainCap5,SFC-0789 · Original electrolytic capacitor envelope005,Mainboard,black,1,254.21767752848604,6.799999999999999,6.800000000000004,7.0,Schematic internal layout
SFC-0790,MainCapTop5,SFC-0790 · Separate capacitor metal top005,Mainboard,metal,1,3.981968688425074,6.5,6.5,0.120000000000001,Schematic internal layout
SFC-0791,MainCapLead5_0,SFC-0791 · Capacitor solder lead010,Mainboard,metal,1,0.0848230016469246,0.6000000000000014,0.5999999999999943,0.3000000000000007,Schematic internal layout
SFC-0792,MainCapLead5_1,SFC-0792 · Capacitor solder lead011,Mainboard,metal,1,0.0848230016469246,0.6000000000000014,0.5999999999999943,0.3000000000000007,Schematic internal layout
SFC-0793,MainCap6,SFC-0793 · Original electrolytic capacitor envelope006,Mainboard,black,1,254.21767752848604,6.800000000000001,6.800000000000004,7.0,Schematic internal layout
SFC-0794,MainCapTop6,SFC-0794 · Separate capacitor metal top006,Mainboard,metal,1,3.981968688425074,6.5,6.5,0.120000000000001,Schematic internal layout
SFC-0795,MainCapLead6_0,SFC-0795 · Capacitor solder lead012,Mainboard,metal,1,0.0848230016469246,0.5999999999999996,0.5999999999999943,0.3000000000000007,Schematic internal layout
SFC-0796,MainCapLead6_1,SFC-0796 · Capacitor solder lead013,Mainboard,metal,1,0.0848230016469246,0.5999999999999996,0.5999999999999943,0.3000000000000007,Schematic internal layout
SFC-0797,MainCap7,SFC-0797 · Original electrolytic capacitor envelope007,Mainboard,black,1,169.6460032938488,6.0,6.0,6.0,Schematic internal layout
SFC-0798,MainCapTop7,SFC-0798 · Separate capacitor metal top007,Mainboard,metal,1,3.06211035945398,5.699999999999989,5.699999999999996,0.120000000000001,Schematic internal layout
SFC-0799,MainCapLead7_0,SFC-0799 · Capacitor solder lead014,Mainboard,metal,1,0.08482300164692445,0.5999999999999943,0.5999999999999943,0.3000000000000007,Schematic internal layout
SFC-0800,MainCapLead7_1,SFC-0800 · Capacitor solder lead015,Mainboard,metal,1,0.08482300164692447,0.5999999999999943,0.5999999999999943,0.3000000000000007,Schematic internal layout
SFC-0801,MainCap8,SFC-0801 · Original electrolytic capacitor envelope008,Mainboard,black,1,169.6460032938488,6.0,6.0,6.0,Schematic internal layout
SFC-0802,MainCapTop8,SFC-0802 · Separate capacitor metal top008,Mainboard,metal,1,3.062110359453981,5.699999999999989,5.699999999999999,0.120000000000001,Schematic internal layout
SFC-0803,MainCapLead8_0,SFC-0803 · Capacitor solder lead016,Mainboard,metal,1,0.08482300164692434,0.5999999999999943,0.5999999999999996,0.3000000000000007,Schematic internal layout
SFC-0804,MainCapLead8_1,SFC-0804 · Capacitor solder lead017,Mainboard,metal,1,0.08482300164692433,0.5999999999999943,0.5999999999999996,0.3000000000000007,Schematic internal layout
SFC-0805,MainBackPassive0,SFC-0805 · Independent underside passive envelope,Mainboard,white,1,1.8412014138164357,2.4000000000000057,1.4000000000000057,0.5500000000000007,Schematic internal layout
SFC-0806,MainBackPad0_0,SFC-0806 · Underside termination,Mainboard,metal,1,0.1423819467105853,0.5500000000000114,1.3000000000000114,0.1999999999999993,Schematic internal layout
SFC-0807,MainBackPad0_1,SFC-0807 · Underside termination001,Mainboard,metal,1,0.1423819467105853,0.5500000000000114,1.3000000000000114,0.1999999999999993,Schematic internal layout
SFC-0808,MainBackPassive1,SFC-0808 · Independent underside passive envelope001,Mainboard,white,1,1.8412014138164357,2.4000000000000057,1.4000000000000057,0.5500000000000007,Schematic internal layout
SFC-0809,MainBackPad1_0,SFC-0809 · Underside termination002,Mainboard,metal,1,0.1423819467105853,0.5500000000000114,1.3000000000000114,0.1999999999999993,Schematic internal layout
SFC-0810,MainBackPad1_1,SFC-0810 · Underside termination003,Mainboard,metal,1,0.1423819467105853,0.5500000000000114,1.3000000000000114,0.1999999999999993,Schematic internal layout
SFC-0811,MainBackPassive2,SFC-0811 · Independent underside passive envelope002,Mainboard,white,1,1.8412014138164348,2.400000000000002,1.4000000000000057,0.5500000000000007,Schematic internal layout
SFC-0812,MainBackPad2_0,SFC-0812 · Underside termination004,Mainboard,metal,1,0.14238194671058424,0.5500000000000114,1.3000000000000114,0.1999999999999993,Schematic internal layout
SFC-0813,MainBackPad2_1,SFC-0813 · Underside termination005,Mainboard,metal,1,0.14238194671058418,0.5499999999999972,1.3000000000000114,0.1999999999999993,Schematic internal layout
SFC-0814,MainBackPassive3,SFC-0814 · Independent underside passive envelope003,Mainboard,white,1,1.8412014138164317,2.3999999999999986,1.4000000000000004,0.5500000000000007,Schematic internal layout
SFC-0815,MainBackPad3_0,SFC-0815 · Underside termination006,Mainboard,metal,1,0.1423819467105843,0.5499999999999972,1.3000000000000007,0.1999999999999993,Schematic internal layout
SFC-0816,MainBackPad3_1,SFC-0816 · Underside termination007,Mainboard,metal,1,0.1423819467105843,0.5499999999999972,1.3000000000000007,0.1999999999999993,Schematic internal layout
SFC-0817,MainBackPassive4,SFC-0817 · Independent underside passive envelope004,Mainboard,white,1,1.8412014138164337,2.3999999999999986,1.4000000000000057,0.5500000000000007,Schematic internal layout
SFC-0818,MainBackPad4_0,SFC-0818 · Underside termination008,Mainboard,metal,1,0.1423819467105842,0.5499999999999972,1.3000000000000114,0.1999999999999993,Schematic internal layout
SFC-0819,MainBackPad4_1,SFC-0819 · Underside termination009,Mainboard,metal,1,0.1423819467105842,0.5499999999999972,1.3000000000000114,0.1999999999999993,Schematic internal layout
SFC-0820,MainBackPassive5,SFC-0820 · Independent underside passive envelope005,Mainboard,white,1,1.841201413816432,2.3999999999999986,1.4000000000000004,0.5500000000000007,Schematic internal layout
SFC-0821,MainBackPad5_0,SFC-0821 · Underside termination010,Mainboard,metal,1,0.1423819467105843,0.5499999999999972,1.3000000000000007,0.1999999999999993,Schematic internal layout
SFC-0822,MainBackPad5_1,SFC-0822 · Underside termination011,Mainboard,metal,1,0.14238194671058432,0.5499999999999972,1.3000000000000007,0.1999999999999993,Schematic internal layout
SFC-0823,MainBackPassive6,SFC-0823 · Independent underside passive envelope006,Mainboard,white,1,1.8412014138164352,2.4000000000000057,1.4000000000000057,0.5500000000000007,Schematic internal layout
SFC-0824,MainBackPad6_0,SFC-0824 · Underside termination012,Mainboard,metal,1,0.1423819467105842,0.5500000000000114,1.3000000000000114,0.1999999999999993,Schematic internal layout
SFC-0825,MainBackPad6_1,SFC-0825 · Underside termination013,Mainboard,metal,1,0.1423819467105853,0.5500000000000114,1.3000000000000114,0.1999999999999993,Schematic internal layout
SFC-0826,MainBackPassive7,SFC-0826 · Independent underside passive envelope007,Mainboard,white,1,1.841201413816433,2.4000000000000057,1.3999999999999995,0.5500000000000007,Schematic internal layout
SFC-0827,MainBackPad7_0,SFC-0827 · Underside termination014,Mainboard,metal,1,0.14238194671058538,0.5500000000000114,1.3000000000000007,0.1999999999999993,Schematic internal layout
SFC-0828,MainBackPad7_1,SFC-0828 · Underside termination015,Mainboard,metal,1,0.14238194671058538,0.5500000000000114,1.3000000000000007,0.1999999999999993,Schematic internal layout
SFC-0829,MainBackPassive8,SFC-0829 · Independent underside passive envelope008,Mainboard,white,1,1.8412014138164352,2.4000000000000057,1.4000000000000057,0.5500000000000007,Schematic internal layout
SFC-0830,MainBackPad8_0,SFC-0830 · Underside termination016,Mainboard,metal,1,0.14238194671058424,0.5500000000000114,1.3000000000000114,0.1999999999999993,Schematic internal layout
SFC-0831,MainBackPad8_1,SFC-0831 · Underside termination017,Mainboard,metal,1,0.14238194671058418,0.5500000000000114,1.3000000000000114,0.1999999999999993,Schematic internal layout
SFC-0832,MainBackPassive9,SFC-0832 · Independent underside passive envelope009,Mainboard,white,1,1.8412014138164337,2.3999999999999986,1.4000000000000057,0.5500000000000007,Schematic internal layout
SFC-0833,MainBackPad9_0,SFC-0833 · Underside termination018,Mainboard,metal,1,0.14238194671058488,0.5500000000000007,1.3000000000000114,0.1999999999999993,Schematic internal layout
SFC-0834,MainBackPad9_1,SFC-0834 · Underside termination019,Mainboard,metal,1,0.14238194671058488,0.5500000000000007,1.3000000000000114,0.1999999999999993,Schematic internal layout
SFC-0835,MainBackPassive10,SFC-0835 · Independent underside passive envelope010,Mainboard,white,1,1.8412014138164352,2.4000000000000057,1.4000000000000057,0.5500000000000007,Schematic internal layout
SFC-0836,MainBackPad10_0,SFC-0836 · Underside termination020,Mainboard,metal,1,0.1423819467105846,0.5500000000000114,1.3000000000000114,0.1999999999999993,Schematic internal layout
SFC-0837,MainBackPad10_1,SFC-0837 · Underside termination021,Mainboard,metal,1,0.1423819467105846,0.5500000000000114,1.3000000000000114,0.1999999999999993,Schematic internal layout
SFC-0838,MainBackPassive11,SFC-0838 · Independent underside passive envelope011,Mainboard,white,1,1.8412014138164352,2.4000000000000057,1.4000000000000057,0.5500000000000007,Schematic internal layout
SFC-0839,MainBackPad11_0,SFC-0839 · Underside termination022,Mainboard,metal,1,0.14238194671058418,0.5500000000000114,1.3000000000000114,0.1999999999999993,Schematic internal layout
SFC-0840,MainBackPad11_1,SFC-0840 · Underside termination023,Mainboard,metal,1,0.1423819467105853,0.5500000000000114,1.3000000000000114,0.1999999999999993,Schematic internal layout
SFC-0841,CartLowerSocket,SFC-0841 · Original motherboard 62P cartridge receptacle001,CartridgeInterface,black,1,9528.176618032232,126.0,13.0,9.600000000000001,Schematic internal layout
SFC-0842,CartUpperConnector,SFC-0842 · Original removable 62P upper connector001,CartridgeInterface,black,1,15103.32455577082,124.5,11.8,15.999999999999996,Schematic internal layout
SFC-0843,CartUpperContact0,SFC-0843 · Individual upper 62P spring-contact envelope,CartridgeInterface,gold,1,5.753679270182079,1.2999999999999972,0.3500000000000014,12.8,Schematic internal layout
SFC-0844,CartLowerContact0,SFC-0844 · Individual lower 62P mating-contact envelope,CartridgeInterface,gold,1,3.506148305267205,1.2999999999999972,0.3500000000000014,7.800000000000001,Schematic internal layout
SFC-0845,CartUpperContact1,SFC-0845 · Individual upper 62P spring-contact envelope001,CartridgeInterface,gold,1,5.753679270182079,1.2999999999999972,0.3500000000000014,12.8,Schematic internal layout
SFC-0846,CartLowerContact1,SFC-0846 · Individual lower 62P mating-contact envelope001,CartridgeInterface,gold,1,3.5061483052672053,1.2999999999999972,0.3500000000000014,7.800000000000001,Schematic internal layout
SFC-0847,CartUpperContact2,SFC-0847 · Individual upper 62P spring-contact envelope002,CartridgeInterface,gold,1,5.753679270182079,1.2999999999999972,0.3500000000000014,12.8,Schematic internal layout
SFC-0848,CartLowerContact2,SFC-0848 · Individual lower 62P mating-contact envelope002,CartridgeInterface,gold,1,3.506148305267205,1.2999999999999972,0.3500000000000014,7.800000000000001,Schematic internal layout
SFC-0849,CartUpperContact3,SFC-0849 · Individual upper 62P spring-contact envelope003,CartridgeInterface,gold,1,5.753679270182081,1.2999999999999972,0.3500000000000014,12.8,Schematic internal layout
SFC-0850,CartLowerContact3,SFC-0850 · Individual lower 62P mating-contact envelope003,CartridgeInterface,gold,1,3.5061483052672053,1.2999999999999972,0.3500000000000014,7.800000000000001,Schematic internal layout
SFC-0851,CartUpperContact4,SFC-0851 · Individual upper 62P spring-contact envelope004,CartridgeInterface,gold,1,5.75367927018208,1.2999999999999972,0.3500000000000014,12.8,Schematic internal layout
SFC-0852,CartLowerContact4,SFC-0852 · Individual lower 62P mating-contact envelope004,CartridgeInterface,gold,1,3.5061483052672044,1.2999999999999972,0.3500000000000014,7.800000000000001,Schematic internal layout
SFC-0853,CartUpperContact5,SFC-0853 · Individual upper 62P spring-contact envelope005,CartridgeInterface,gold,1,5.753679270182081,1.2999999999999972,0.3500000000000014,12.8,Schematic internal layout
SFC-0854,CartLowerContact5,SFC-0854 · Individual lower 62P mating-contact envelope005,CartridgeInterface,gold,1,3.506148305267205,1.2999999999999972,0.3500000000000014,7.800000000000001,Schematic internal layout
SFC-0855,CartUpperContact6,SFC-0855 · Individual upper 62P spring-contact envelope006,CartridgeInterface,gold,1,5.753679270182081,1.2999999999999972,0.3500000000000014,12.8,Schematic internal layout
SFC-0856,CartLowerContact6,SFC-0856 · Individual lower 62P mating-contact envelope006,CartridgeInterface,gold,1,3.506148305267205,1.2999999999999972,0.3500000000000014,7.800000000000001,Schematic internal layout
SFC-0857,CartUpperContact7,SFC-0857 · Individual upper 62P spring-contact envelope007,CartridgeInterface,gold,1,5.753679270182081,1.2999999999999972,0.3500000000000014,12.8,Schematic internal layout
SFC-0858,CartLowerContact7,SFC-0858 · Individual lower 62P mating-contact envelope007,CartridgeInterface,gold,1,3.506148305267205,1.2999999999999972,0.3500000000000014,7.800000000000001,Schematic internal layout
SFC-0859,CartUpperContact8,SFC-0859 · Individual upper 62P spring-contact envelope008,CartridgeInterface,gold,1,5.753679270182081,1.2999999999999972,0.3500000000000014,12.8,Schematic internal layout
SFC-0860,CartLowerContact8,SFC-0860 · Individual lower 62P mating-contact envelope008,CartridgeInterface,gold,1,3.506148305267206,1.2999999999999972,0.3500000000000014,7.800000000000001,Schematic internal layout
SFC-0861,CartUpperContact9,SFC-0861 · Individual upper 62P spring-contact envelope009,CartridgeInterface,gold,1,5.753679270182081,1.2999999999999972,0.3500000000000014,12.8,Schematic internal layout
SFC-0862,CartLowerContact9,SFC-0862 · Individual lower 62P mating-contact envelope009,CartridgeInterface,gold,1,3.5061483052672053,1.2999999999999972,0.3500000000000014,7.800000000000001,Schematic internal layout
SFC-0863,CartUpperContact10,SFC-0863 · Individual upper 62P spring-contact envelope010,CartridgeInterface,gold,1,5.753679270182081,1.2999999999999972,0.3500000000000014,12.8,Schematic internal layout
SFC-0864,CartLowerContact10,SFC-0864 · Individual lower 62P mating-contact envelope010,CartridgeInterface,gold,1,3.506148305267206,1.2999999999999972,0.3500000000000014,7.800000000000001,Schematic internal layout
SFC-0865,CartUpperContact11,SFC-0865 · Individual upper 62P spring-contact envelope011,CartridgeInterface,gold,1,5.753679270182084,1.3000000000000007,0.3500000000000014,12.8,Schematic internal layout
SFC-0866,CartLowerContact11,SFC-0866 · Individual lower 62P mating-contact envelope011,CartridgeInterface,gold,1,3.506148305267208,1.3000000000000007,0.3500000000000014,7.800000000000001,Schematic internal layout
SFC-0867,CartUpperContact12,SFC-0867 · Individual upper 62P spring-contact envelope012,CartridgeInterface,gold,1,5.753679270182084,1.3000000000000007,0.3500000000000014,12.8,Schematic internal layout
SFC-0868,CartLowerContact12,SFC-0868 · Individual lower 62P mating-contact envelope012,CartridgeInterface,gold,1,3.5061483052672076,1.3000000000000007,0.3500000000000014,7.800000000000001,Schematic internal layout
SFC-0869,CartUpperContact13,SFC-0869 · Individual upper 62P spring-contact envelope013,CartridgeInterface,gold,1,5.753679270182084,1.3000000000000007,0.3500000000000014,12.8,Schematic internal layout
SFC-0870,CartLowerContact13,SFC-0870 · Individual lower 62P mating-contact envelope013,CartridgeInterface,gold,1,3.5061483052672076,1.3000000000000007,0.3500000000000014,7.800000000000001,Schematic internal layout
SFC-0871,CartUpperContact14,SFC-0871 · Individual upper 62P spring-contact envelope014,CartridgeInterface,gold,1,5.753679270182085,1.3000000000000007,0.3500000000000014,12.8,Schematic internal layout
SFC-0872,CartLowerContact14,SFC-0872 · Individual lower 62P mating-contact envelope014,CartridgeInterface,gold,1,3.5061483052672076,1.3000000000000007,0.3500000000000014,7.800000000000001,Schematic internal layout
SFC-0873,CartUpperContact15,SFC-0873 · Individual upper 62P spring-contact envelope015,CartridgeInterface,gold,1,5.753679270182083,1.3000000000000003,0.3500000000000014,12.8,Schematic internal layout
SFC-0874,CartLowerContact15,SFC-0874 · Individual lower 62P mating-contact envelope015,CartridgeInterface,gold,1,3.506148305267207,1.3000000000000003,0.3500000000000014,7.800000000000001,Schematic internal layout
SFC-0875,CartUpperContact16,SFC-0875 · Individual upper 62P spring-contact envelope016,CartridgeInterface,gold,1,5.753679270182084,1.3000000000000005,0.3500000000000014,12.8,Schematic internal layout
SFC-0876,CartLowerContact16,SFC-0876 · Individual lower 62P mating-contact envelope016,CartridgeInterface,gold,1,3.5061483052672076,1.3000000000000005,0.3500000000000014,7.800000000000001,Schematic internal layout
SFC-0877,CartUpperContact17,SFC-0877 · Individual upper 62P spring-contact envelope017,CartridgeInterface,gold,1,5.753679270182084,1.3000000000000007,0.3500000000000014,12.8,Schematic internal layout
SFC-0878,CartLowerContact17,SFC-0878 · Individual lower 62P mating-contact envelope017,CartridgeInterface,gold,1,3.5061483052672076,1.3000000000000007,0.3500000000000014,7.800000000000001,Schematic internal layout
SFC-0879,CartUpperContact18,SFC-0879 · Individual upper 62P spring-contact envelope018,CartridgeInterface,gold,1,5.753679270182084,1.3000000000000007,0.3500000000000014,12.8,Schematic internal layout
SFC-0880,CartLowerContact18,SFC-0880 · Individual lower 62P mating-contact envelope018,CartridgeInterface,gold,1,3.506148305267208,1.3000000000000007,0.3500000000000014,7.800000000000001,Schematic internal layout
SFC-0881,CartUpperContact19,SFC-0881 · Individual upper 62P spring-contact envelope019,CartridgeInterface,gold,1,5.753679270182084,1.3000000000000007,0.3500000000000014,12.8,Schematic internal layout
SFC-0882,CartLowerContact19,SFC-0882 · Individual lower 62P mating-contact envelope019,CartridgeInterface,gold,1,3.5061483052672076,1.3000000000000007,0.3500000000000014,7.800000000000001,Schematic internal layout
SFC-0883,CartUpperContact20,SFC-0883 · Individual upper 62P spring-contact envelope020,CartridgeInterface,gold,1,5.753679270182083,1.299999999999999,0.3500000000000014,12.8,Schematic internal layout
SFC-0884,CartLowerContact20,SFC-0884 · Individual lower 62P mating-contact envelope020,CartridgeInterface,gold,1,3.5061483052672067,1.299999999999999,0.3500000000000014,7.800000000000001,Schematic internal layout
SFC-0885,CartUpperContact21,SFC-0885 · Individual upper 62P spring-contact envelope021,CartridgeInterface,gold,1,5.753679270182081,1.2999999999999972,0.3500000000000014,12.8,Schematic internal layout
SFC-0886,CartLowerContact21,SFC-0886 · Individual lower 62P mating-contact envelope021,CartridgeInterface,gold,1,3.506148305267206,1.2999999999999972,0.3500000000000014,7.800000000000001,Schematic internal layout
SFC-0887,CartUpperContact22,SFC-0887 · Individual upper 62P spring-contact envelope022,CartridgeInterface,gold,1,5.753679270182081,1.2999999999999972,0.3500000000000014,12.8,Schematic internal layout
SFC-0888,CartLowerContact22,SFC-0888 · Individual lower 62P mating-contact envelope022,CartridgeInterface,gold,1,3.5061483052672053,1.2999999999999972,0.3500000000000014,7.800000000000001,Schematic internal layout
SFC-0889,CartUpperContact23,SFC-0889 · Individual upper 62P spring-contact envelope023,CartridgeInterface,gold,1,5.75367927018208,1.2999999999999972,0.3500000000000014,12.8,Schematic internal layout
SFC-0890,CartLowerContact23,SFC-0890 · Individual lower 62P mating-contact envelope023,CartridgeInterface,gold,1,3.506148305267206,1.2999999999999972,0.3500000000000014,7.800000000000001,Schematic internal layout
SFC-0891,CartUpperContact24,SFC-0891 · Individual upper 62P spring-contact envelope024,CartridgeInterface,gold,1,5.75367927018208,1.2999999999999972,0.3500000000000014,12.8,Schematic internal layout
SFC-0892,CartLowerContact24,SFC-0892 · Individual lower 62P mating-contact envelope024,CartridgeInterface,gold,1,3.5061483052672053,1.2999999999999972,0.3500000000000014,7.800000000000001,Schematic internal layout
SFC-0893,CartUpperContact25,SFC-0893 · Individual upper 62P spring-contact envelope025,CartridgeInterface,gold,1,5.75367927018208,1.2999999999999972,0.3500000000000014,12.8,Schematic internal layout
SFC-0894,CartLowerContact25,SFC-0894 · Individual lower 62P mating-contact envelope025,CartridgeInterface,gold,1,3.5061483052672044,1.2999999999999972,0.3500000000000014,7.800000000000001,Schematic internal layout
SFC-0895,CartUpperContact26,SFC-0895 · Individual upper 62P spring-contact envelope026,CartridgeInterface,gold,1,5.753679270182081,1.2999999999999972,0.3500000000000014,12.8,Schematic internal layout
SFC-0896,CartLowerContact26,SFC-0896 · Individual lower 62P mating-contact envelope026,CartridgeInterface,gold,1,3.506148305267205,1.2999999999999972,0.3500000000000014,7.800000000000001,Schematic internal layout
SFC-0897,CartUpperContact27,SFC-0897 · Individual upper 62P spring-contact envelope027,CartridgeInterface,gold,1,5.753679270182081,1.2999999999999972,0.3500000000000014,12.8,Schematic internal layout
SFC-0898,CartLowerContact27,SFC-0898 · Individual lower 62P mating-contact envelope027,CartridgeInterface,gold,1,3.506148305267205,1.2999999999999972,0.3500000000000014,7.800000000000001,Schematic internal layout
SFC-0899,CartUpperContact28,SFC-0899 · Individual upper 62P spring-contact envelope028,CartridgeInterface,gold,1,5.75367927018208,1.2999999999999972,0.3500000000000014,12.8,Schematic internal layout
SFC-0900,CartLowerContact28,SFC-0900 · Individual lower 62P mating-contact envelope028,CartridgeInterface,gold,1,3.506148305267205,1.2999999999999972,0.3500000000000014,7.800000000000001,Schematic internal layout
SFC-0901,CartUpperContact29,SFC-0901 · Individual upper 62P spring-contact envelope029,CartridgeInterface,gold,1,5.75367927018208,1.2999999999999972,0.3500000000000014,12.8,Schematic internal layout
SFC-0902,CartLowerContact29,SFC-0902 · Individual lower 62P mating-contact envelope029,CartridgeInterface,gold,1,3.506148305267205,1.2999999999999972,0.3500000000000014,7.800000000000001,Schematic internal layout
SFC-0903,CartUpperContact30,SFC-0903 · Individual upper 62P spring-contact envelope030,CartridgeInterface,gold,1,5.753679270182079,1.2999999999999972,0.3500000000000014,12.8,Schematic internal layout
SFC-0904,CartLowerContact30,SFC-0904 · Individual lower 62P mating-contact envelope030,CartridgeInterface,gold,1,3.506148305267205,1.2999999999999972,0.3500000000000014,7.800000000000001,Schematic internal layout
SFC-0905,CartUpperContact31,SFC-0905 · Individual upper 62P spring-contact envelope031,CartridgeInterface,gold,1,5.75367927018208,1.2999999999999972,0.3500000000000014,12.8,Schematic internal layout
SFC-0906,CartLowerContact31,SFC-0906 · Individual lower 62P mating-contact envelope031,CartridgeInterface,gold,1,3.5061483052672044,1.2999999999999972,0.3500000000000014,7.800000000000001,Schematic internal layout
SFC-0907,CartUpperContact32,SFC-0907 · Individual upper 62P spring-contact envelope032,CartridgeInterface,gold,1,5.753679270182081,1.2999999999999972,0.3500000000000014,12.8,Schematic internal layout
SFC-0908,CartLowerContact32,SFC-0908 · Individual lower 62P mating-contact envelope032,CartridgeInterface,gold,1,3.506148305267205,1.2999999999999972,0.3500000000000014,7.800000000000001,Schematic internal layout
SFC-0909,CartUpperContact33,SFC-0909 · Individual upper 62P spring-contact envelope033,CartridgeInterface,gold,1,5.753679270182081,1.2999999999999972,0.3500000000000014,12.8,Schematic internal layout
SFC-0910,CartLowerContact33,SFC-0910 · Individual lower 62P mating-contact envelope033,CartridgeInterface,gold,1,3.5061483052672053,1.2999999999999972,0.3500000000000014,7.800000000000001,Schematic internal layout
SFC-0911,CartUpperContact34,SFC-0911 · Individual upper 62P spring-contact envelope034,CartridgeInterface,gold,1,5.753679270182081,1.2999999999999972,0.3500000000000014,12.8,Schematic internal layout
SFC-0912,CartLowerContact34,SFC-0912 · Individual lower 62P mating-contact envelope034,CartridgeInterface,gold,1,3.5061483052672053,1.2999999999999972,0.3500000000000014,7.800000000000001,Schematic internal layout
SFC-0913,CartUpperContact35,SFC-0913 · Individual upper 62P spring-contact envelope035,CartridgeInterface,gold,1,5.753679270182082,1.2999999999999972,0.3500000000000014,12.8,Schematic internal layout
SFC-0914,CartLowerContact35,SFC-0914 · Individual lower 62P mating-contact envelope035,CartridgeInterface,gold,1,3.5061483052672053,1.2999999999999972,0.3500000000000014,7.800000000000001,Schematic internal layout
SFC-0915,CartUpperContact36,SFC-0915 · Individual upper 62P spring-contact envelope036,CartridgeInterface,gold,1,5.75367927018208,1.2999999999999972,0.3500000000000014,12.8,Schematic internal layout
SFC-0916,CartLowerContact36,SFC-0916 · Individual lower 62P mating-contact envelope036,CartridgeInterface,gold,1,3.5061483052672053,1.2999999999999972,0.3500000000000014,7.800000000000001,Schematic internal layout
SFC-0917,CartUpperContact37,SFC-0917 · Individual upper 62P spring-contact envelope037,CartridgeInterface,gold,1,5.753679270182081,1.2999999999999972,0.3500000000000014,12.8,Schematic internal layout
SFC-0918,CartLowerContact37,SFC-0918 · Individual lower 62P mating-contact envelope037,CartridgeInterface,gold,1,3.5061483052672053,1.2999999999999972,0.3500000000000014,7.800000000000001,Schematic internal layout
SFC-0919,CartUpperContact38,SFC-0919 · Individual upper 62P spring-contact envelope038,CartridgeInterface,gold,1,5.753679270182081,1.2999999999999972,0.3500000000000014,12.8,Schematic internal layout
SFC-0920,CartLowerContact38,SFC-0920 · Individual lower 62P mating-contact envelope038,CartridgeInterface,gold,1,3.5061483052672053,1.2999999999999972,0.3500000000000014,7.800000000000001,Schematic internal layout
SFC-0921,CartUpperContact39,SFC-0921 · Individual upper 62P spring-contact envelope039,CartridgeInterface,gold,1,5.753679270182082,1.2999999999999972,0.3500000000000014,12.8,Schematic internal layout
SFC-0922,CartLowerContact39,SFC-0922 · Individual lower 62P mating-contact envelope039,CartridgeInterface,gold,1,3.5061483052672053,1.2999999999999972,0.3500000000000014,7.800000000000001,Schematic internal layout
SFC-0923,CartUpperContact40,SFC-0923 · Individual upper 62P spring-contact envelope040,CartridgeInterface,gold,1,5.753679270182081,1.2999999999999972,0.3500000000000014,12.8,Schematic internal layout
SFC-0924,CartLowerContact40,SFC-0924 · Individual lower 62P mating-contact envelope040,CartridgeInterface,gold,1,3.506148305267206,1.2999999999999972,0.3500000000000014,7.800000000000001,Schematic internal layout
SFC-0925,CartUpperContact41,SFC-0925 · Individual upper 62P spring-contact envelope041,CartridgeInterface,gold,1,5.753679270182082,1.2999999999999972,0.3500000000000014,12.8,Schematic internal layout
SFC-0926,CartLowerContact41,SFC-0926 · Individual lower 62P mating-contact envelope041,CartridgeInterface,gold,1,3.5061483052672053,1.2999999999999972,0.3500000000000014,7.800000000000001,Schematic internal layout
SFC-0927,CartUpperContact42,SFC-0927 · Individual upper 62P spring-contact envelope042,CartridgeInterface,gold,1,5.753679270182085,1.3000000000000007,0.3500000000000014,12.8,Schematic internal layout
SFC-0928,CartLowerContact42,SFC-0928 · Individual lower 62P mating-contact envelope042,CartridgeInterface,gold,1,3.5061483052672076,1.3000000000000007,0.3500000000000014,7.800000000000001,Schematic internal layout
SFC-0929,CartUpperContact43,SFC-0929 · Individual upper 62P spring-contact envelope043,CartridgeInterface,gold,1,5.753679270182085,1.3000000000000007,0.3500000000000014,12.8,Schematic internal layout
SFC-0930,CartLowerContact43,SFC-0930 · Individual lower 62P mating-contact envelope043,CartridgeInterface,gold,1,3.506148305267208,1.3000000000000007,0.3500000000000014,7.800000000000001,Schematic internal layout
SFC-0931,CartUpperContact44,SFC-0931 · Individual upper 62P spring-contact envelope044,CartridgeInterface,gold,1,5.753679270182084,1.3000000000000007,0.3500000000000014,12.8,Schematic internal layout
SFC-0932,CartLowerContact44,SFC-0932 · Individual lower 62P mating-contact envelope044,CartridgeInterface,gold,1,3.506148305267208,1.3000000000000007,0.3500000000000014,7.800000000000001,Schematic internal layout
SFC-0933,CartUpperContact45,SFC-0933 · Individual upper 62P spring-contact envelope045,CartridgeInterface,gold,1,5.753679270182085,1.3000000000000007,0.3500000000000014,12.8,Schematic internal layout
SFC-0934,CartLowerContact45,SFC-0934 · Individual lower 62P mating-contact envelope045,CartridgeInterface,gold,1,3.506148305267207,1.3000000000000007,0.3500000000000014,7.800000000000001,Schematic internal layout
SFC-0935,CartUpperContact46,SFC-0935 · Individual upper 62P spring-contact envelope046,CartridgeInterface,gold,1,5.753679270182084,1.3000000000000003,0.3500000000000014,12.8,Schematic internal layout
SFC-0936,CartLowerContact46,SFC-0936 · Individual lower 62P mating-contact envelope046,CartridgeInterface,gold,1,3.5061483052672067,1.3000000000000003,0.3500000000000014,7.800000000000001,Schematic internal layout
SFC-0937,CartUpperContact47,SFC-0937 · Individual upper 62P spring-contact envelope047,CartridgeInterface,gold,1,5.753679270182084,1.3000000000000005,0.3500000000000014,12.8,Schematic internal layout
SFC-0938,CartLowerContact47,SFC-0938 · Individual lower 62P mating-contact envelope047,CartridgeInterface,gold,1,3.506148305267207,1.3000000000000005,0.3500000000000014,7.800000000000001,Schematic internal layout
SFC-0939,CartUpperContact48,SFC-0939 · Individual upper 62P spring-contact envelope048,CartridgeInterface,gold,1,5.753679270182086,1.3000000000000007,0.3500000000000014,12.8,Schematic internal layout
SFC-0940,CartLowerContact48,SFC-0940 · Individual lower 62P mating-contact envelope048,CartridgeInterface,gold,1,3.5061483052672076,1.3000000000000007,0.3500000000000014,7.800000000000001,Schematic internal layout
SFC-0941,CartUpperContact49,SFC-0941 · Individual upper 62P spring-contact envelope049,CartridgeInterface,gold,1,5.753679270182085,1.3000000000000007,0.3500000000000014,12.8,Schematic internal layout
SFC-0942,CartLowerContact49,SFC-0942 · Individual lower 62P mating-contact envelope049,CartridgeInterface,gold,1,3.506148305267208,1.3000000000000007,0.3500000000000014,7.800000000000001,Schematic internal layout
SFC-0943,CartUpperContact50,SFC-0943 · Individual upper 62P spring-contact envelope050,CartridgeInterface,gold,1,5.753679270182085,1.3000000000000007,0.3500000000000014,12.8,Schematic internal layout
SFC-0944,CartLowerContact50,SFC-0944 · Individual lower 62P mating-contact envelope050,CartridgeInterface,gold,1,3.5061483052672076,1.3000000000000007,0.3500000000000014,7.800000000000001,Schematic internal layout
SFC-0945,CartUpperContact51,SFC-0945 · Individual upper 62P spring-contact envelope051,CartridgeInterface,gold,1,5.753679270182084,1.299999999999999,0.3500000000000014,12.8,Schematic internal layout
SFC-0946,CartLowerContact51,SFC-0946 · Individual lower 62P mating-contact envelope051,CartridgeInterface,gold,1,3.5061483052672062,1.299999999999999,0.3500000000000014,7.800000000000001,Schematic internal layout
SFC-0947,CartUpperContact52,SFC-0947 · Individual upper 62P spring-contact envelope052,CartridgeInterface,gold,1,5.753679270182082,1.2999999999999972,0.3500000000000014,12.8,Schematic internal layout
SFC-0948,CartLowerContact52,SFC-0948 · Individual lower 62P mating-contact envelope052,CartridgeInterface,gold,1,3.5061483052672053,1.2999999999999972,0.3500000000000014,7.800000000000001,Schematic internal layout
SFC-0949,CartUpperContact53,SFC-0949 · Individual upper 62P spring-contact envelope053,CartridgeInterface,gold,1,5.753679270182081,1.2999999999999972,0.3500000000000014,12.8,Schematic internal layout
SFC-0950,CartLowerContact53,SFC-0950 · Individual lower 62P mating-contact envelope053,CartridgeInterface,gold,1,3.506148305267206,1.2999999999999972,0.3500000000000014,7.800000000000001,Schematic internal layout
SFC-0951,CartUpperContact54,SFC-0951 · Individual upper 62P spring-contact envelope054,CartridgeInterface,gold,1,5.753679270182081,1.2999999999999972,0.3500000000000014,12.8,Schematic internal layout
SFC-0952,CartLowerContact54,SFC-0952 · Individual lower 62P mating-contact envelope054,CartridgeInterface,gold,1,3.5061483052672053,1.2999999999999972,0.3500000000000014,7.800000000000001,Schematic internal layout
SFC-0953,CartUpperContact55,SFC-0953 · Individual upper 62P spring-contact envelope055,CartridgeInterface,gold,1,5.753679270182082,1.2999999999999972,0.3500000000000014,12.8,Schematic internal layout
SFC-0954,CartLowerContact55,SFC-0954 · Individual lower 62P mating-contact envelope055,CartridgeInterface,gold,1,3.506148305267206,1.2999999999999972,0.3500000000000014,7.800000000000001,Schematic internal layout
SFC-0955,CartUpperContact56,SFC-0955 · Individual upper 62P spring-contact envelope056,CartridgeInterface,gold,1,5.753679270182082,1.2999999999999972,0.3500000000000014,12.8,Schematic internal layout
SFC-0956,CartLowerContact56,SFC-0956 · Individual lower 62P mating-contact envelope056,CartridgeInterface,gold,1,3.5061483052672053,1.2999999999999972,0.3500000000000014,7.800000000000001,Schematic internal layout
SFC-0957,CartUpperContact57,SFC-0957 · Individual upper 62P spring-contact envelope057,CartridgeInterface,gold,1,5.75367927018208,1.2999999999999972,0.3500000000000014,12.8,Schematic internal layout
SFC-0958,CartLowerContact57,SFC-0958 · Individual lower 62P mating-contact envelope057,CartridgeInterface,gold,1,3.5061483052672053,1.2999999999999972,0.3500000000000014,7.800000000000001,Schematic internal layout
SFC-0959,CartUpperContact58,SFC-0959 · Individual upper 62P spring-contact envelope058,CartridgeInterface,gold,1,5.75367927018208,1.2999999999999972,0.3500000000000014,12.8,Schematic internal layout
SFC-0960,CartLowerContact58,SFC-0960 · Individual lower 62P mating-contact envelope058,CartridgeInterface,gold,1,3.5061483052672053,1.2999999999999972,0.3500000000000014,7.800000000000001,Schematic internal layout
SFC-0961,CartUpperContact59,SFC-0961 · Individual upper 62P spring-contact envelope059,CartridgeInterface,gold,1,5.753679270182081,1.2999999999999972,0.3500000000000014,12.8,Schematic internal layout
SFC-0962,CartLowerContact59,SFC-0962 · Individual lower 62P mating-contact envelope059,CartridgeInterface,gold,1,3.5061483052672053,1.2999999999999972,0.3500000000000014,7.800000000000001,Schematic internal layout
SFC-0963,CartUpperContact60,SFC-0963 · Individual upper 62P spring-contact envelope060,CartridgeInterface,gold,1,5.753679270182081,1.2999999999999972,0.3500000000000014,12.8,Schematic internal layout
SFC-0964,CartLowerContact60,SFC-0964 · Individual lower 62P mating-contact envelope060,CartridgeInterface,gold,1,3.506148305267205,1.2999999999999972,0.3500000000000014,7.800000000000001,Schematic internal layout
SFC-0965,CartUpperContact61,SFC-0965 · Individual upper 62P spring-contact envelope061,CartridgeInterface,gold,1,5.753679270182081,1.2999999999999972,0.3500000000000014,12.8,Schematic internal layout
SFC-0966,CartLowerContact61,SFC-0966 · Individual lower 62P mating-contact envelope061,CartridgeInterface,gold,1,3.506148305267205,1.2999999999999972,0.3500000000000014,7.800000000000001,Schematic internal layout
SFC-0967,CartConnectorEar0,SFC-0967 · Connector mounting ear001,CartridgeInterface,black,1,118.06757585507066,4.500000000000007,13.0,2.1999999999999993,Schematic internal layout
SFC-0968,CartConnectorEar1,SFC-0968 · Connector mounting ear003,CartridgeInterface,black,1,118.06757585507066,4.500000000000007,13.0,2.1999999999999993,Schematic internal layout
SFC-0969,SoundPCB,SFC-0969 · Original discrete SHVC-SOUND board,SoundModule,pcb,1,6938.506192982977,70.0,62.0,1.6000000000000014,Schematic internal layout
SFC-0970,SoundShieldFrame,SFC-0970 · Separate original sound-module shield frame,SoundModule,metal,1,2179.505905155438,72.0,64.0,13.600000000000001,Schematic internal layout
SFC-0971,SoundShieldLid,SFC-0971 · Removable original sound-module shield lid,SoundModule,metal,1,2532.511503837893,72.0,64.0,0.5499999999999972,Schematic internal layout
SFC-0972,SoundLidMark,SFC-0972 · SHVC-SOUND,SoundModule,sfcink,10,0.4108174169607415,25.80893476375839,2.923490132885888,0.01800020000000302,Japanese original curved grey enclosure; published envelope and approximate local details
SFC-0973,SoundSMP,SFC-0973 · S-SMP,SoundModule,black,1,647.7896902001294,18.0,18.0,2.0,Schematic internal layout
SFC-0974,SoundSMPLead0_0,SFC-0974 · Individual schematic IC lead474,SoundModule,metal,1,0.1659991148575123,1.7000000000000028,0.3499999999999943,0.28000000000000114,Schematic internal layout
SFC-0975,SoundSMPLead0_1,SFC-0975 · Individual schematic IC lead475,SoundModule,metal,1,0.1659991148575123,1.7000000000000028,0.3499999999999943,0.28000000000000114,Schematic internal layout
SFC-0976,SoundSMPLead0_2,SFC-0976 · Individual schematic IC lead476,SoundModule,metal,1,0.1659991148575123,1.7000000000000028,0.3499999999999943,0.28000000000000114,Schematic internal layout
SFC-0977,SoundSMPLead0_3,SFC-0977 · Individual schematic IC lead477,SoundModule,metal,1,0.1659991148575123,1.7000000000000028,0.3499999999999943,0.28000000000000114,Schematic internal layout
SFC-0978,SoundSMPLead0_4,SFC-0978 · Individual schematic IC lead478,SoundModule,metal,1,0.1659991148575123,1.7000000000000028,0.3499999999999943,0.28000000000000114,Schematic internal layout
SFC-0979,SoundSMPLead0_5,SFC-0979 · Individual schematic IC lead479,SoundModule,metal,1,0.1659991148575123,1.7000000000000028,0.3499999999999943,0.28000000000000114,Schematic internal layout
SFC-0980,SoundSMPLead0_6,SFC-0980 · Individual schematic IC lead480,SoundModule,metal,1,0.1659991148575123,1.7000000000000028,0.3499999999999943,0.28000000000000114,Schematic internal layout
SFC-0981,SoundSMPLead0_7,SFC-0981 · Individual schematic IC lead481,SoundModule,metal,1,0.1659991148575123,1.7000000000000028,0.3499999999999943,0.28000000000000114,Schematic internal layout
SFC-0982,SoundSMPLead0_8,SFC-0982 · Individual schematic IC lead482,SoundModule,metal,1,0.1659991148575123,1.7000000000000028,0.3499999999999943,0.28000000000000114,Schematic internal layout
SFC-0983,SoundSMPLead0_9,SFC-0983 · Individual schematic IC lead483,SoundModule,metal,1,0.1659991148575123,1.7000000000000028,0.3499999999999943,0.28000000000000114,Schematic internal layout
SFC-0984,SoundSMPLead0_10,SFC-0984 · Individual schematic IC lead484,SoundModule,metal,1,0.1659991148575123,1.7000000000000028,0.3499999999999943,0.28000000000000114,Schematic internal layout
SFC-0985,SoundSMPLead0_11,SFC-0985 · Individual schematic IC lead485,SoundModule,metal,1,0.1659991148575123,1.7000000000000028,0.3499999999999943,0.28000000000000114,Schematic internal layout
SFC-0986,SoundSMPLead0_12,SFC-0986 · Individual schematic IC lead486,SoundModule,metal,1,0.1659991148575123,1.7000000000000028,0.3499999999999943,0.28000000000000114,Schematic internal layout
SFC-0987,SoundSMPLead0_13,SFC-0987 · Individual schematic IC lead487,SoundModule,metal,1,0.1659991148575123,1.7000000000000028,0.3499999999999943,0.28000000000000114,Schematic internal layout
SFC-0988,SoundSMPLead0_14,SFC-0988 · Individual schematic IC lead488,SoundModule,metal,1,0.1659991148575123,1.7000000000000028,0.3499999999999943,0.28000000000000114,Schematic internal layout
SFC-0989,SoundSMPLead0_15,SFC-0989 · Individual schematic IC lead489,SoundModule,metal,1,0.1659991148575123,1.7000000000000028,0.3499999999999943,0.28000000000000114,Schematic internal layout
SFC-0990,SoundSMPLead1_0,SFC-0990 · Individual schematic IC lead490,SoundModule,metal,1,0.16599911485751231,1.7000000000000028,0.3499999999999943,0.28000000000000114,Schematic internal layout
SFC-0991,SoundSMPLead1_1,SFC-0991 · Individual schematic IC lead491,SoundModule,metal,1,0.16599911485751231,1.7000000000000028,0.3499999999999943,0.28000000000000114,Schematic internal layout
SFC-0992,SoundSMPLead1_2,SFC-0992 · Individual schematic IC lead492,SoundModule,metal,1,0.16599911485751231,1.7000000000000028,0.3499999999999943,0.28000000000000114,Schematic internal layout
SFC-0993,SoundSMPLead1_3,SFC-0993 · Individual schematic IC lead493,SoundModule,metal,1,0.1659991148575123,1.7000000000000028,0.3499999999999943,0.28000000000000114,Schematic internal layout
SFC-0994,SoundSMPLead1_4,SFC-0994 · Individual schematic IC lead494,SoundModule,metal,1,0.16599911485751231,1.7000000000000028,0.3499999999999943,0.28000000000000114,Schematic internal layout
SFC-0995,SoundSMPLead1_5,SFC-0995 · Individual schematic IC lead495,SoundModule,metal,1,0.16599911485751231,1.7000000000000028,0.3499999999999943,0.28000000000000114,Schematic internal layout
SFC-0996,SoundSMPLead1_6,SFC-0996 · Individual schematic IC lead496,SoundModule,metal,1,0.16599911485751231,1.7000000000000028,0.3499999999999943,0.28000000000000114,Schematic internal layout
SFC-0997,SoundSMPLead1_7,SFC-0997 · Individual schematic IC lead497,SoundModule,metal,1,0.16599911485751231,1.7000000000000028,0.3499999999999943,0.28000000000000114,Schematic internal layout
SFC-0998,SoundSMPLead1_8,SFC-0998 · Individual schematic IC lead498,SoundModule,metal,1,0.16599911485751231,1.7000000000000028,0.3499999999999943,0.28000000000000114,Schematic internal layout
SFC-0999,SoundSMPLead1_9,SFC-0999 · Individual schematic IC lead499,SoundModule,metal,1,0.16599911485751231,1.7000000000000028,0.3499999999999943,0.28000000000000114,Schematic internal layout
SFC-1000,SoundSMPLead1_10,SFC-1000 · Individual schematic IC lead500,SoundModule,metal,1,0.16599911485751231,1.7000000000000028,0.3499999999999943,0.28000000000000114,Schematic internal layout
SFC-1001,SoundSMPLead1_11,SFC-1001 · Individual schematic IC lead501,SoundModule,metal,1,0.16599911485751231,1.7000000000000028,0.3499999999999943,0.28000000000000114,Schematic internal layout
SFC-1002,SoundSMPLead1_12,SFC-1002 · Individual schematic IC lead502,SoundModule,metal,1,0.16599911485751231,1.7000000000000028,0.3499999999999943,0.28000000000000114,Schematic internal layout
SFC-1003,SoundSMPLead1_13,SFC-1003 · Individual schematic IC lead503,SoundModule,metal,1,0.16599911485751231,1.7000000000000028,0.3499999999999943,0.28000000000000114,Schematic internal layout
SFC-1004,SoundSMPLead1_14,SFC-1004 · Individual schematic IC lead504,SoundModule,metal,1,0.16599911485751231,1.7000000000000028,0.3499999999999943,0.28000000000000114,Schematic internal layout
SFC-1005,SoundSMPLead1_15,SFC-1005 · Individual schematic IC lead505,SoundModule,metal,1,0.16599911485751231,1.7000000000000028,0.3499999999999943,0.28000000000000114,Schematic internal layout
SFC-1006,SoundSMPLead2_0,SFC-1006 · Individual schematic IC lead506,SoundModule,metal,1,0.16599911485751298,0.3500000000000014,1.6999999999999886,0.28000000000000114,Schematic internal layout
SFC-1007,SoundSMPLead2_1,SFC-1007 · Individual schematic IC lead507,SoundModule,metal,1,0.165999114857513,0.3500000000000014,1.6999999999999886,0.28000000000000114,Schematic internal layout
SFC-1008,SoundSMPLead2_2,SFC-1008 · Individual schematic IC lead508,SoundModule,metal,1,0.165999114857513,0.3500000000000014,1.6999999999999886,0.28000000000000114,Schematic internal layout
SFC-1009,SoundSMPLead2_3,SFC-1009 · Individual schematic IC lead509,SoundModule,metal,1,0.16599911485751298,0.3500000000000014,1.6999999999999886,0.28000000000000114,Schematic internal layout
SFC-1010,SoundSMPLead2_4,SFC-1010 · Individual schematic IC lead510,SoundModule,metal,1,0.165999114857513,0.3500000000000014,1.6999999999999886,0.28000000000000114,Schematic internal layout
SFC-1011,SoundSMPLead2_5,SFC-1011 · Individual schematic IC lead511,SoundModule,metal,1,0.165999114857513,0.3500000000000014,1.6999999999999886,0.28000000000000114,Schematic internal layout
SFC-1012,SoundSMPLead2_6,SFC-1012 · Individual schematic IC lead512,SoundModule,metal,1,0.165999114857513,0.3500000000000014,1.6999999999999886,0.28000000000000114,Schematic internal layout
SFC-1013,SoundSMPLead2_7,SFC-1013 · Individual schematic IC lead513,SoundModule,metal,1,0.165999114857513,0.3500000000000014,1.6999999999999886,0.28000000000000114,Schematic internal layout
SFC-1014,SoundSMPLead2_8,SFC-1014 · Individual schematic IC lead514,SoundModule,metal,1,0.16599911485751298,0.3500000000000014,1.6999999999999886,0.28000000000000114,Schematic internal layout
SFC-1015,SoundSMPLead2_9,SFC-1015 · Individual schematic IC lead515,SoundModule,metal,1,0.16599911485751193,0.3499999999999943,1.6999999999999886,0.28000000000000114,Schematic internal layout
SFC-1016,SoundSMPLead2_10,SFC-1016 · Individual schematic IC lead516,SoundModule,metal,1,0.16599911485751195,0.3499999999999943,1.6999999999999886,0.28000000000000114,Schematic internal layout
SFC-1017,SoundSMPLead2_11,SFC-1017 · Individual schematic IC lead517,SoundModule,metal,1,0.16599911485751195,0.3499999999999943,1.6999999999999886,0.28000000000000114,Schematic internal layout
SFC-1018,SoundSMPLead2_12,SFC-1018 · Individual schematic IC lead518,SoundModule,metal,1,0.16599911485751195,0.3499999999999943,1.6999999999999886,0.28000000000000114,Schematic internal layout
SFC-1019,SoundSMPLead2_13,SFC-1019 · Individual schematic IC lead519,SoundModule,metal,1,0.16599911485751195,0.3499999999999943,1.6999999999999886,0.28000000000000114,Schematic internal layout
SFC-1020,SoundSMPLead2_14,SFC-1020 · Individual schematic IC lead520,SoundModule,metal,1,0.16599911485751195,0.3499999999999943,1.6999999999999886,0.28000000000000114,Schematic internal layout
SFC-1021,SoundSMPLead2_15,SFC-1021 · Individual schematic IC lead521,SoundModule,metal,1,0.16599911485751195,0.3499999999999943,1.6999999999999886,0.28000000000000114,Schematic internal layout
SFC-1022,SoundSMPLead3_0,SFC-1022 · Individual schematic IC lead522,SoundModule,metal,1,0.165999114857513,0.3500000000000014,1.6999999999999886,0.28000000000000114,Schematic internal layout
SFC-1023,SoundSMPLead3_1,SFC-1023 · Individual schematic IC lead523,SoundModule,metal,1,0.16599911485751298,0.3500000000000014,1.6999999999999886,0.28000000000000114,Schematic internal layout
SFC-1024,SoundSMPLead3_2,SFC-1024 · Individual schematic IC lead524,SoundModule,metal,1,0.165999114857513,0.3500000000000014,1.6999999999999886,0.28000000000000114,Schematic internal layout
SFC-1025,SoundSMPLead3_3,SFC-1025 · Individual schematic IC lead525,SoundModule,metal,1,0.16599911485751298,0.3500000000000014,1.6999999999999886,0.28000000000000114,Schematic internal layout
SFC-1026,SoundSMPLead3_4,SFC-1026 · Individual schematic IC lead526,SoundModule,metal,1,0.165999114857513,0.3500000000000014,1.6999999999999886,0.28000000000000114,Schematic internal layout
SFC-1027,SoundSMPLead3_5,SFC-1027 · Individual schematic IC lead527,SoundModule,metal,1,0.16599911485751298,0.3500000000000014,1.6999999999999886,0.28000000000000114,Schematic internal layout
SFC-1028,SoundSMPLead3_6,SFC-1028 · Individual schematic IC lead528,SoundModule,metal,1,0.165999114857513,0.3500000000000014,1.6999999999999886,0.28000000000000114,Schematic internal layout
SFC-1029,SoundSMPLead3_7,SFC-1029 · Individual schematic IC lead529,SoundModule,metal,1,0.16599911485751304,0.3500000000000014,1.6999999999999886,0.28000000000000114,Schematic internal layout
SFC-1030,SoundSMPLead3_8,SFC-1030 · Individual schematic IC lead530,SoundModule,metal,1,0.16599911485751298,0.3500000000000014,1.6999999999999886,0.28000000000000114,Schematic internal layout
SFC-1031,SoundSMPLead3_9,SFC-1031 · Individual schematic IC lead531,SoundModule,metal,1,0.16599911485751193,0.3499999999999943,1.6999999999999886,0.28000000000000114,Schematic internal layout
SFC-1032,SoundSMPLead3_10,SFC-1032 · Individual schematic IC lead532,SoundModule,metal,1,0.16599911485751195,0.3499999999999943,1.6999999999999886,0.28000000000000114,Schematic internal layout
SFC-1033,SoundSMPLead3_11,SFC-1033 · Individual schematic IC lead533,SoundModule,metal,1,0.16599911485751198,0.3499999999999943,1.6999999999999886,0.28000000000000114,Schematic internal layout
SFC-1034,SoundSMPLead3_12,SFC-1034 · Individual schematic IC lead534,SoundModule,metal,1,0.16599911485751195,0.3499999999999943,1.6999999999999886,0.28000000000000114,Schematic internal layout
SFC-1035,SoundSMPLead3_13,SFC-1035 · Individual schematic IC lead535,SoundModule,metal,1,0.16599911485751195,0.3499999999999943,1.6999999999999886,0.28000000000000114,Schematic internal layout
SFC-1036,SoundSMPLead3_14,SFC-1036 · Individual schematic IC lead536,SoundModule,metal,1,0.16599911485751195,0.3499999999999943,1.6999999999999886,0.28000000000000114,Schematic internal layout
SFC-1037,SoundSMPLead3_15,SFC-1037 · Individual schematic IC lead537,SoundModule,metal,1,0.1659991148575119,0.3499999999999943,1.6999999999999886,0.28000000000000114,Schematic internal layout
SFC-1038,SoundSMPMark,SFC-1038 · S-SMP001,SoundModule,white,5,0.06144742798614162,6.564538790604026,1.6566444953019897,0.01800020000000302,Japanese original curved grey enclosure; published envelope and approximate local details
SFC-1039,SoundSMPDot,SFC-1039 · IC orientation index009,SoundModule,white,1,0.019006635554219276,1.1000000000000014,1.0999999999999943,0.020000000000003126,Schematic internal layout
SFC-1040,SoundDSP,SFC-1040 · S-DSP,SoundModule,black,1,647.7896902001293,18.0,18.0,2.0,Schematic internal layout
SFC-1041,SoundDSPLead0_0,SFC-1041 · Individual schematic IC lead538,SoundModule,metal,1,0.1659991148575123,1.7000000000000028,0.3499999999999943,0.28000000000000114,Schematic internal layout
SFC-1042,SoundDSPLead0_1,SFC-1042 · Individual schematic IC lead539,SoundModule,metal,1,0.16599911485751231,1.7000000000000028,0.3499999999999943,0.28000000000000114,Schematic internal layout
SFC-1043,SoundDSPLead0_2,SFC-1043 · Individual schematic IC lead540,SoundModule,metal,1,0.16599911485751231,1.7000000000000028,0.3499999999999943,0.28000000000000114,Schematic internal layout
SFC-1044,SoundDSPLead0_3,SFC-1044 · Individual schematic IC lead541,SoundModule,metal,1,0.1659991148575123,1.7000000000000028,0.3499999999999943,0.28000000000000114,Schematic internal layout
SFC-1045,SoundDSPLead0_4,SFC-1045 · Individual schematic IC lead542,SoundModule,metal,1,0.16599911485751231,1.7000000000000028,0.3499999999999943,0.28000000000000114,Schematic internal layout
SFC-1046,SoundDSPLead0_5,SFC-1046 · Individual schematic IC lead543,SoundModule,metal,1,0.16599911485751231,1.7000000000000028,0.3499999999999943,0.28000000000000114,Schematic internal layout
SFC-1047,SoundDSPLead0_6,SFC-1047 · Individual schematic IC lead544,SoundModule,metal,1,0.1659991148575123,1.7000000000000028,0.3499999999999943,0.28000000000000114,Schematic internal layout
SFC-1048,SoundDSPLead0_7,SFC-1048 · Individual schematic IC lead545,SoundModule,metal,1,0.16599911485751231,1.7000000000000028,0.3499999999999943,0.28000000000000114,Schematic internal layout
SFC-1049,SoundDSPLead0_8,SFC-1049 · Individual schematic IC lead546,SoundModule,metal,1,0.16599911485751231,1.7000000000000028,0.3499999999999943,0.28000000000000114,Schematic internal layout
SFC-1050,SoundDSPLead0_9,SFC-1050 · Individual schematic IC lead547,SoundModule,metal,1,0.16599911485751231,1.7000000000000028,0.3499999999999943,0.28000000000000114,Schematic internal layout
SFC-1051,SoundDSPLead0_10,SFC-1051 · Individual schematic IC lead548,SoundModule,metal,1,0.16599911485751231,1.7000000000000028,0.3499999999999943,0.28000000000000114,Schematic internal layout
SFC-1052,SoundDSPLead0_11,SFC-1052 · Individual schematic IC lead549,SoundModule,metal,1,0.16599911485751231,1.7000000000000028,0.3499999999999943,0.28000000000000114,Schematic internal layout
SFC-1053,SoundDSPLead0_12,SFC-1053 · Individual schematic IC lead550,SoundModule,metal,1,0.1659991148575123,1.7000000000000028,0.3499999999999943,0.28000000000000114,Schematic internal layout
SFC-1054,SoundDSPLead0_13,SFC-1054 · Individual schematic IC lead551,SoundModule,metal,1,0.1659991148575123,1.7000000000000028,0.3499999999999943,0.28000000000000114,Schematic internal layout
SFC-1055,SoundDSPLead0_14,SFC-1055 · Individual schematic IC lead552,SoundModule,metal,1,0.1659991148575123,1.7000000000000028,0.3499999999999943,0.28000000000000114,Schematic internal layout
SFC-1056,SoundDSPLead0_15,SFC-1056 · Individual schematic IC lead553,SoundModule,metal,1,0.16599911485751231,1.7000000000000028,0.3499999999999943,0.28000000000000114,Schematic internal layout
SFC-1057,SoundDSPLead0_16,SFC-1057 · Individual schematic IC lead554,SoundModule,metal,1,0.16599911485751231,1.7000000000000028,0.3499999999999943,0.28000000000000114,Schematic internal layout
SFC-1058,SoundDSPLead0_17,SFC-1058 · Individual schematic IC lead555,SoundModule,metal,1,0.16599911485751231,1.7000000000000028,0.3499999999999943,0.28000000000000114,Schematic internal layout
SFC-1059,SoundDSPLead0_18,SFC-1059 · Individual schematic IC lead556,SoundModule,metal,1,0.16599911485751231,1.7000000000000028,0.3499999999999943,0.28000000000000114,Schematic internal layout
SFC-1060,SoundDSPLead0_19,SFC-1060 · Individual schematic IC lead557,SoundModule,metal,1,0.1659991148575123,1.7000000000000028,0.3499999999999943,0.28000000000000114,Schematic internal layout
SFC-1061,SoundDSPLead1_0,SFC-1061 · Individual schematic IC lead558,SoundModule,metal,1,0.16599911485751195,1.6999999999999886,0.3499999999999943,0.28000000000000114,Schematic internal layout
SFC-1062,SoundDSPLead1_1,SFC-1062 · Individual schematic IC lead559,SoundModule,metal,1,0.16599911485751193,1.6999999999999886,0.3499999999999943,0.28000000000000114,Schematic internal layout
SFC-1063,SoundDSPLead1_2,SFC-1063 · Individual schematic IC lead560,SoundModule,metal,1,0.16599911485751195,1.6999999999999886,0.3499999999999943,0.28000000000000114,Schematic internal layout
SFC-1064,SoundDSPLead1_3,SFC-1064 · Individual schematic IC lead561,SoundModule,metal,1,0.16599911485751195,1.6999999999999886,0.3499999999999943,0.28000000000000114,Schematic internal layout
SFC-1065,SoundDSPLead1_4,SFC-1065 · Individual schematic IC lead562,SoundModule,metal,1,0.16599911485751195,1.6999999999999886,0.3499999999999943,0.28000000000000114,Schematic internal layout
SFC-1066,SoundDSPLead1_5,SFC-1066 · Individual schematic IC lead563,SoundModule,metal,1,0.16599911485751195,1.6999999999999886,0.3499999999999943,0.28000000000000114,Schematic internal layout
SFC-1067,SoundDSPLead1_6,SFC-1067 · Individual schematic IC lead564,SoundModule,metal,1,0.16599911485751195,1.6999999999999886,0.3499999999999943,0.28000000000000114,Schematic internal layout
SFC-1068,SoundDSPLead1_7,SFC-1068 · Individual schematic IC lead565,SoundModule,metal,1,0.16599911485751193,1.6999999999999886,0.3499999999999943,0.28000000000000114,Schematic internal layout
SFC-1069,SoundDSPLead1_8,SFC-1069 · Individual schematic IC lead566,SoundModule,metal,1,0.16599911485751195,1.6999999999999886,0.3499999999999943,0.28000000000000114,Schematic internal layout
SFC-1070,SoundDSPLead1_9,SFC-1070 · Individual schematic IC lead567,SoundModule,metal,1,0.16599911485751193,1.6999999999999886,0.3499999999999943,0.28000000000000114,Schematic internal layout
SFC-1071,SoundDSPLead1_10,SFC-1071 · Individual schematic IC lead568,SoundModule,metal,1,0.16599911485751193,1.6999999999999886,0.3499999999999943,0.28000000000000114,Schematic internal layout
SFC-1072,SoundDSPLead1_11,SFC-1072 · Individual schematic IC lead569,SoundModule,metal,1,0.16599911485751193,1.6999999999999886,0.3499999999999943,0.28000000000000114,Schematic internal layout
SFC-1073,SoundDSPLead1_12,SFC-1073 · Individual schematic IC lead570,SoundModule,metal,1,0.16599911485751195,1.6999999999999886,0.3499999999999943,0.28000000000000114,Schematic internal layout
SFC-1074,SoundDSPLead1_13,SFC-1074 · Individual schematic IC lead571,SoundModule,metal,1,0.16599911485751195,1.6999999999999886,0.3499999999999943,0.28000000000000114,Schematic internal layout
SFC-1075,SoundDSPLead1_14,SFC-1075 · Individual schematic IC lead572,SoundModule,metal,1,0.16599911485751195,1.6999999999999886,0.3499999999999943,0.28000000000000114,Schematic internal layout
SFC-1076,SoundDSPLead1_15,SFC-1076 · Individual schematic IC lead573,SoundModule,metal,1,0.16599911485751195,1.6999999999999886,0.3499999999999943,0.28000000000000114,Schematic internal layout
SFC-1077,SoundDSPLead1_16,SFC-1077 · Individual schematic IC lead574,SoundModule,metal,1,0.16599911485751195,1.6999999999999886,0.3499999999999943,0.28000000000000114,Schematic internal layout
SFC-1078,SoundDSPLead1_17,SFC-1078 · Individual schematic IC lead575,SoundModule,metal,1,0.16599911485751193,1.6999999999999886,0.3499999999999943,0.28000000000000114,Schematic internal layout
SFC-1079,SoundDSPLead1_18,SFC-1079 · Individual schematic IC lead576,SoundModule,metal,1,0.16599911485751193,1.6999999999999886,0.3499999999999943,0.28000000000000114,Schematic internal layout
SFC-1080,SoundDSPLead1_19,SFC-1080 · Individual schematic IC lead577,SoundModule,metal,1,0.16599911485751195,1.6999999999999886,0.3499999999999943,0.28000000000000114,Schematic internal layout
SFC-1081,SoundDSPLead2_0,SFC-1081 · Individual schematic IC lead578,SoundModule,metal,1,0.16599911485751195,0.3499999999999943,1.6999999999999886,0.28000000000000114,Schematic internal layout
SFC-1082,SoundDSPLead2_1,SFC-1082 · Individual schematic IC lead579,SoundModule,metal,1,0.1659991148575119,0.3499999999999943,1.6999999999999886,0.28000000000000114,Schematic internal layout
SFC-1083,SoundDSPLead2_2,SFC-1083 · Individual schematic IC lead580,SoundModule,metal,1,0.16599911485751195,0.3499999999999943,1.6999999999999886,0.28000000000000114,Schematic internal layout
SFC-1084,SoundDSPLead2_3,SFC-1084 · Individual schematic IC lead581,SoundModule,metal,1,0.16599911485751193,0.3499999999999943,1.6999999999999886,0.28000000000000114,Schematic internal layout
SFC-1085,SoundDSPLead2_4,SFC-1085 · Individual schematic IC lead582,SoundModule,metal,1,0.16599911485751195,0.3499999999999943,1.6999999999999886,0.28000000000000114,Schematic internal layout
SFC-1086,SoundDSPLead2_5,SFC-1086 · Individual schematic IC lead583,SoundModule,metal,1,0.16599911485751195,0.3499999999999943,1.6999999999999886,0.28000000000000114,Schematic internal layout
SFC-1087,SoundDSPLead2_6,SFC-1087 · Individual schematic IC lead584,SoundModule,metal,1,0.16599911485751193,0.3499999999999943,1.6999999999999886,0.28000000000000114,Schematic internal layout
SFC-1088,SoundDSPLead2_7,SFC-1088 · Individual schematic IC lead585,SoundModule,metal,1,0.16599911485751195,0.3499999999999943,1.6999999999999886,0.28000000000000114,Schematic internal layout
SFC-1089,SoundDSPLead2_8,SFC-1089 · Individual schematic IC lead586,SoundModule,metal,1,0.16599911485751195,0.3499999999999943,1.6999999999999886,0.28000000000000114,Schematic internal layout
SFC-1090,SoundDSPLead2_9,SFC-1090 · Individual schematic IC lead587,SoundModule,metal,1,0.16599911485751195,0.3499999999999943,1.6999999999999886,0.28000000000000114,Schematic internal layout
SFC-1091,SoundDSPLead2_10,SFC-1091 · Individual schematic IC lead588,SoundModule,metal,1,0.16599911485751195,0.3499999999999943,1.6999999999999886,0.28000000000000114,Schematic internal layout
SFC-1092,SoundDSPLead2_11,SFC-1092 · Individual schematic IC lead589,SoundModule,metal,1,0.16599911485751195,0.3499999999999943,1.6999999999999886,0.28000000000000114,Schematic internal layout
SFC-1093,SoundDSPLead2_12,SFC-1093 · Individual schematic IC lead590,SoundModule,metal,1,0.16599911485751195,0.3499999999999943,1.6999999999999886,0.28000000000000114,Schematic internal layout
SFC-1094,SoundDSPLead2_13,SFC-1094 · Individual schematic IC lead591,SoundModule,metal,1,0.16599911485751193,0.3499999999999943,1.6999999999999886,0.28000000000000114,Schematic internal layout
SFC-1095,SoundDSPLead2_14,SFC-1095 · Individual schematic IC lead592,SoundModule,metal,1,0.16599911485751193,0.3499999999999943,1.6999999999999886,0.28000000000000114,Schematic internal layout
SFC-1096,SoundDSPLead2_15,SFC-1096 · Individual schematic IC lead593,SoundModule,metal,1,0.16599911485751193,0.3499999999999943,1.6999999999999886,0.28000000000000114,Schematic internal layout
SFC-1097,SoundDSPLead2_16,SFC-1097 · Individual schematic IC lead594,SoundModule,metal,1,0.16599911485751195,0.3499999999999943,1.6999999999999886,0.28000000000000114,Schematic internal layout
SFC-1098,SoundDSPLead2_17,SFC-1098 · Individual schematic IC lead595,SoundModule,metal,1,0.16599911485751195,0.3499999999999943,1.6999999999999886,0.28000000000000114,Schematic internal layout
SFC-1099,SoundDSPLead2_18,SFC-1099 · Individual schematic IC lead596,SoundModule,metal,1,0.16599911485751195,0.3499999999999943,1.6999999999999886,0.28000000000000114,Schematic internal layout
SFC-1100,SoundDSPLead2_19,SFC-1100 · Individual schematic IC lead597,SoundModule,metal,1,0.16599911485751195,0.3499999999999943,1.6999999999999886,0.28000000000000114,Schematic internal layout
SFC-1101,SoundDSPLead3_0,SFC-1101 · Individual schematic IC lead598,SoundModule,metal,1,0.16599911485751195,0.3499999999999943,1.6999999999999886,0.28000000000000114,Schematic internal layout
SFC-1102,SoundDSPLead3_1,SFC-1102 · Individual schematic IC lead599,SoundModule,metal,1,0.1659991148575119,0.3499999999999943,1.6999999999999886,0.28000000000000114,Schematic internal layout
SFC-1103,SoundDSPLead3_2,SFC-1103 · Individual schematic IC lead600,SoundModule,metal,1,0.16599911485751195,0.3499999999999943,1.6999999999999886,0.28000000000000114,Schematic internal layout
SFC-1104,SoundDSPLead3_3,SFC-1104 · Individual schematic IC lead601,SoundModule,metal,1,0.16599911485751193,0.3499999999999943,1.6999999999999886,0.28000000000000114,Schematic internal layout
SFC-1105,SoundDSPLead3_4,SFC-1105 · Individual schematic IC lead602,SoundModule,metal,1,0.16599911485751193,0.3499999999999943,1.6999999999999886,0.28000000000000114,Schematic internal layout
SFC-1106,SoundDSPLead3_5,SFC-1106 · Individual schematic IC lead603,SoundModule,metal,1,0.16599911485751195,0.3499999999999943,1.6999999999999886,0.28000000000000114,Schematic internal layout
SFC-1107,SoundDSPLead3_6,SFC-1107 · Individual schematic IC lead604,SoundModule,metal,1,0.16599911485751193,0.3499999999999943,1.6999999999999886,0.28000000000000114,Schematic internal layout
SFC-1108,SoundDSPLead3_7,SFC-1108 · Individual schematic IC lead605,SoundModule,metal,1,0.1659991148575119,0.3499999999999943,1.6999999999999886,0.28000000000000114,Schematic internal layout
SFC-1109,SoundDSPLead3_8,SFC-1109 · Individual schematic IC lead606,SoundModule,metal,1,0.16599911485751193,0.3499999999999943,1.6999999999999886,0.28000000000000114,Schematic internal layout
SFC-1110,SoundDSPLead3_9,SFC-1110 · Individual schematic IC lead607,SoundModule,metal,1,0.16599911485751195,0.3499999999999943,1.6999999999999886,0.28000000000000114,Schematic internal layout
SFC-1111,SoundDSPLead3_10,SFC-1111 · Individual schematic IC lead608,SoundModule,metal,1,0.16599911485751195,0.3499999999999943,1.6999999999999886,0.28000000000000114,Schematic internal layout
SFC-1112,SoundDSPLead3_11,SFC-1112 · Individual schematic IC lead609,SoundModule,metal,1,0.16599911485751193,0.3499999999999943,1.6999999999999886,0.28000000000000114,Schematic internal layout
SFC-1113,SoundDSPLead3_12,SFC-1113 · Individual schematic IC lead610,SoundModule,metal,1,0.16599911485751195,0.3499999999999943,1.6999999999999886,0.28000000000000114,Schematic internal layout
SFC-1114,SoundDSPLead3_13,SFC-1114 · Individual schematic IC lead611,SoundModule,metal,1,0.16599911485751193,0.3499999999999943,1.6999999999999886,0.28000000000000114,Schematic internal layout
SFC-1115,SoundDSPLead3_14,SFC-1115 · Individual schematic IC lead612,SoundModule,metal,1,0.1659991148575119,0.3499999999999943,1.6999999999999886,0.28000000000000114,Schematic internal layout
SFC-1116,SoundDSPLead3_15,SFC-1116 · Individual schematic IC lead613,SoundModule,metal,1,0.1659991148575119,0.3499999999999943,1.6999999999999886,0.28000000000000114,Schematic internal layout
SFC-1117,SoundDSPLead3_16,SFC-1117 · Individual schematic IC lead614,SoundModule,metal,1,0.1659991148575119,0.3499999999999943,1.6999999999999886,0.28000000000000114,Schematic internal layout
SFC-1118,SoundDSPLead3_17,SFC-1118 · Individual schematic IC lead615,SoundModule,metal,1,0.16599911485751195,0.3499999999999943,1.6999999999999886,0.28000000000000114,Schematic internal layout
SFC-1119,SoundDSPLead3_18,SFC-1119 · Individual schematic IC lead616,SoundModule,metal,1,0.1659991148575119,0.3499999999999943,1.6999999999999886,0.28000000000000114,Schematic internal layout
SFC-1120,SoundDSPLead3_19,SFC-1120 · Individual schematic IC lead617,SoundModule,metal,1,0.16599911485751193,0.3499999999999943,1.6999999999999886,0.28000000000000114,Schematic internal layout
SFC-1121,SoundDSPMark,SFC-1121 · S-DSP001,SoundModule,white,5,0.05795627272110567,6.36373342147651,1.6566444953019897,0.01800020000000302,Japanese original curved grey enclosure; published envelope and approximate local details
SFC-1122,SoundDSPDot,SFC-1122 · IC orientation index010,SoundModule,white,1,0.01900663555421926,1.0999999999999943,1.0999999999999943,0.020000000000003126,Schematic internal layout
SFC-1123,SoundRAM0,SFC-1123 · RAM 0,SoundModule,black,1,275.21072118011637,17.0,9.0,1.7999999999999972,Schematic internal layout
SFC-1124,SoundRAM0Lead0_0,SFC-1124 · Individual schematic IC lead618,SoundModule,metal,1,0.13029911485751391,1.7000000000000028,0.2750000000000057,0.28000000000000114,Schematic internal layout
SFC-1125,SoundRAM0Lead0_1,SFC-1125 · Individual schematic IC lead619,SoundModule,metal,1,0.13029911485751391,1.7000000000000028,0.2750000000000057,0.28000000000000114,Schematic internal layout
SFC-1126,SoundRAM0Lead0_2,SFC-1126 · Individual schematic IC lead620,SoundModule,metal,1,0.13029911485751391,1.7000000000000028,0.2750000000000057,0.28000000000000114,Schematic internal layout
SFC-1127,SoundRAM0Lead0_3,SFC-1127 · Individual schematic IC lead621,SoundModule,metal,1,0.13029911485751391,1.7000000000000028,0.2750000000000057,0.28000000000000114,Schematic internal layout
SFC-1128,SoundRAM0Lead0_4,SFC-1128 · Individual schematic IC lead622,SoundModule,metal,1,0.13029911485751391,1.7000000000000028,0.2750000000000057,0.28000000000000114,Schematic internal layout
SFC-1129,SoundRAM0Lead0_5,SFC-1129 · Individual schematic IC lead623,SoundModule,metal,1,0.13029911485751391,1.7000000000000028,0.2750000000000057,0.28000000000000114,Schematic internal layout
SFC-1130,SoundRAM0Lead0_6,SFC-1130 · Individual schematic IC lead624,SoundModule,metal,1,0.13029911485751394,1.7000000000000028,0.2750000000000057,0.28000000000000114,Schematic internal layout
SFC-1131,SoundRAM0Lead0_7,SFC-1131 · Individual schematic IC lead625,SoundModule,metal,1,0.13029911485751394,1.7000000000000028,0.2750000000000057,0.28000000000000114,Schematic internal layout
SFC-1132,SoundRAM0Lead0_8,SFC-1132 · Individual schematic IC lead626,SoundModule,metal,1,0.13029911485751391,1.7000000000000028,0.2750000000000057,0.28000000000000114,Schematic internal layout
SFC-1133,SoundRAM0Lead0_9,SFC-1133 · Individual schematic IC lead627,SoundModule,metal,1,0.13029911485751394,1.7000000000000028,0.2750000000000057,0.28000000000000114,Schematic internal layout
SFC-1134,SoundRAM0Lead0_10,SFC-1134 · Individual schematic IC lead628,SoundModule,metal,1,0.13029911485751391,1.7000000000000028,0.2750000000000057,0.28000000000000114,Schematic internal layout
SFC-1135,SoundRAM0Lead0_11,SFC-1135 · Individual schematic IC lead629,SoundModule,metal,1,0.13029911485751391,1.7000000000000028,0.2750000000000057,0.28000000000000114,Schematic internal layout
SFC-1136,SoundRAM0Lead0_12,SFC-1136 · Individual schematic IC lead630,SoundModule,metal,1,0.13029911485751394,1.7000000000000028,0.2750000000000057,0.28000000000000114,Schematic internal layout
SFC-1137,SoundRAM0Lead0_13,SFC-1137 · Individual schematic IC lead631,SoundModule,metal,1,0.13029911485751391,1.7000000000000028,0.2750000000000057,0.28000000000000114,Schematic internal layout
SFC-1138,SoundRAM0Lead1_0,SFC-1138 · Individual schematic IC lead632,SoundModule,metal,1,0.13029911485751394,1.7000000000000028,0.2750000000000057,0.28000000000000114,Schematic internal layout
SFC-1139,SoundRAM0Lead1_1,SFC-1139 · Individual schematic IC lead633,SoundModule,metal,1,0.13029911485751394,1.7000000000000028,0.2750000000000057,0.28000000000000114,Schematic internal layout
SFC-1140,SoundRAM0Lead1_2,SFC-1140 · Individual schematic IC lead634,SoundModule,metal,1,0.13029911485751394,1.7000000000000028,0.2750000000000057,0.28000000000000114,Schematic internal layout
SFC-1141,SoundRAM0Lead1_3,SFC-1141 · Individual schematic IC lead635,SoundModule,metal,1,0.13029911485751394,1.7000000000000028,0.2750000000000057,0.28000000000000114,Schematic internal layout
SFC-1142,SoundRAM0Lead1_4,SFC-1142 · Individual schematic IC lead636,SoundModule,metal,1,0.13029911485751394,1.7000000000000028,0.2750000000000057,0.28000000000000114,Schematic internal layout
SFC-1143,SoundRAM0Lead1_5,SFC-1143 · Individual schematic IC lead637,SoundModule,metal,1,0.13029911485751394,1.7000000000000028,0.2750000000000057,0.28000000000000114,Schematic internal layout
SFC-1144,SoundRAM0Lead1_6,SFC-1144 · Individual schematic IC lead638,SoundModule,metal,1,0.13029911485751397,1.7000000000000028,0.2750000000000057,0.28000000000000114,Schematic internal layout
SFC-1145,SoundRAM0Lead1_7,SFC-1145 · Individual schematic IC lead639,SoundModule,metal,1,0.13029911485751397,1.7000000000000028,0.2750000000000057,0.28000000000000114,Schematic internal layout
SFC-1146,SoundRAM0Lead1_8,SFC-1146 · Individual schematic IC lead640,SoundModule,metal,1,0.13029911485751394,1.7000000000000028,0.2750000000000057,0.28000000000000114,Schematic internal layout
SFC-1147,SoundRAM0Lead1_9,SFC-1147 · Individual schematic IC lead641,SoundModule,metal,1,0.13029911485751397,1.7000000000000028,0.2750000000000057,0.28000000000000114,Schematic internal layout
SFC-1148,SoundRAM0Lead1_10,SFC-1148 · Individual schematic IC lead642,SoundModule,metal,1,0.13029911485751394,1.7000000000000028,0.2750000000000057,0.28000000000000114,Schematic internal layout
SFC-1149,SoundRAM0Lead1_11,SFC-1149 · Individual schematic IC lead643,SoundModule,metal,1,0.13029911485751394,1.7000000000000028,0.2750000000000057,0.28000000000000114,Schematic internal layout
SFC-1150,SoundRAM0Lead1_12,SFC-1150 · Individual schematic IC lead644,SoundModule,metal,1,0.13029911485751397,1.7000000000000028,0.2750000000000057,0.28000000000000114,Schematic internal layout
SFC-1151,SoundRAM0Lead1_13,SFC-1151 · Individual schematic IC lead645,SoundModule,metal,1,0.13029911485751394,1.7000000000000028,0.2750000000000057,0.28000000000000114,Schematic internal layout
SFC-1152,SoundRAM0Mark,SFC-1152 · R A M   0,SoundModule,white,4,0.06386149221663798,9.435142817449666,1.656644495302018,0.01800020000000302,Japanese original curved grey enclosure; published envelope and approximate local details
SFC-1153,SoundRAM0Dot,SFC-1153 · IC orientation index011,SoundModule,white,1,0.019006635554219244,1.1000000000000014,1.0999999999999943,0.020000000000003126,Schematic internal layout
SFC-1154,SoundRAM1,SFC-1154 · RAM 1,SoundModule,black,1,275.21072118011637,17.0,9.0,1.7999999999999972,Schematic internal layout
SFC-1155,SoundRAM1Lead0_0,SFC-1155 · Individual schematic IC lead646,SoundModule,metal,1,0.13029911485751394,1.7000000000000028,0.2750000000000057,0.28000000000000114,Schematic internal layout
SFC-1156,SoundRAM1Lead0_1,SFC-1156 · Individual schematic IC lead647,SoundModule,metal,1,0.13029911485751397,1.7000000000000028,0.2750000000000057,0.28000000000000114,Schematic internal layout
SFC-1157,SoundRAM1Lead0_2,SFC-1157 · Individual schematic IC lead648,SoundModule,metal,1,0.13029911485751394,1.7000000000000028,0.2750000000000057,0.28000000000000114,Schematic internal layout
SFC-1158,SoundRAM1Lead0_3,SFC-1158 · Individual schematic IC lead649,SoundModule,metal,1,0.13029911485751394,1.7000000000000028,0.2750000000000057,0.28000000000000114,Schematic internal layout
SFC-1159,SoundRAM1Lead0_4,SFC-1159 · Individual schematic IC lead650,SoundModule,metal,1,0.13029911485751397,1.7000000000000028,0.2750000000000057,0.28000000000000114,Schematic internal layout
SFC-1160,SoundRAM1Lead0_5,SFC-1160 · Individual schematic IC lead651,SoundModule,metal,1,0.13029911485751394,1.7000000000000028,0.2750000000000057,0.28000000000000114,Schematic internal layout
SFC-1161,SoundRAM1Lead0_6,SFC-1161 · Individual schematic IC lead652,SoundModule,metal,1,0.130299114857514,1.7000000000000028,0.2750000000000057,0.28000000000000114,Schematic internal layout
SFC-1162,SoundRAM1Lead0_7,SFC-1162 · Individual schematic IC lead653,SoundModule,metal,1,0.130299114857514,1.7000000000000028,0.2750000000000057,0.28000000000000114,Schematic internal layout
SFC-1163,SoundRAM1Lead0_8,SFC-1163 · Individual schematic IC lead654,SoundModule,metal,1,0.13029911485751394,1.7000000000000028,0.2750000000000057,0.28000000000000114,Schematic internal layout
SFC-1164,SoundRAM1Lead0_9,SFC-1164 · Individual schematic IC lead655,SoundModule,metal,1,0.130299114857514,1.7000000000000028,0.2750000000000057,0.28000000000000114,Schematic internal layout
SFC-1165,SoundRAM1Lead0_10,SFC-1165 · Individual schematic IC lead656,SoundModule,metal,1,0.13029911485751394,1.7000000000000028,0.2750000000000057,0.28000000000000114,Schematic internal layout
SFC-1166,SoundRAM1Lead0_11,SFC-1166 · Individual schematic IC lead657,SoundModule,metal,1,0.13029911485751394,1.7000000000000028,0.2750000000000057,0.28000000000000114,Schematic internal layout
SFC-1167,SoundRAM1Lead0_12,SFC-1167 · Individual schematic IC lead658,SoundModule,metal,1,0.13029911485751397,1.7000000000000028,0.2750000000000057,0.28000000000000114,Schematic internal layout
SFC-1168,SoundRAM1Lead0_13,SFC-1168 · Individual schematic IC lead659,SoundModule,metal,1,0.13029911485751394,1.7000000000000028,0.2750000000000057,0.28000000000000114,Schematic internal layout
SFC-1169,SoundRAM1Lead1_0,SFC-1169 · Individual schematic IC lead660,SoundModule,metal,1,0.1302991148575137,1.6999999999999886,0.2750000000000057,0.28000000000000114,Schematic internal layout
SFC-1170,SoundRAM1Lead1_1,SFC-1170 · Individual schematic IC lead661,SoundModule,metal,1,0.1302991148575137,1.6999999999999886,0.2750000000000057,0.28000000000000114,Schematic internal layout
SFC-1171,SoundRAM1Lead1_2,SFC-1171 · Individual schematic IC lead662,SoundModule,metal,1,0.1302991148575137,1.6999999999999886,0.2750000000000057,0.28000000000000114,Schematic internal layout
SFC-1172,SoundRAM1Lead1_3,SFC-1172 · Individual schematic IC lead663,SoundModule,metal,1,0.1302991148575137,1.6999999999999886,0.2750000000000057,0.28000000000000114,Schematic internal layout
SFC-1173,SoundRAM1Lead1_4,SFC-1173 · Individual schematic IC lead664,SoundModule,metal,1,0.1302991148575137,1.6999999999999886,0.2750000000000057,0.28000000000000114,Schematic internal layout
SFC-1174,SoundRAM1Lead1_5,SFC-1174 · Individual schematic IC lead665,SoundModule,metal,1,0.1302991148575137,1.6999999999999886,0.2750000000000057,0.28000000000000114,Schematic internal layout
SFC-1175,SoundRAM1Lead1_6,SFC-1175 · Individual schematic IC lead666,SoundModule,metal,1,0.1302991148575137,1.6999999999999886,0.2750000000000057,0.28000000000000114,Schematic internal layout
SFC-1176,SoundRAM1Lead1_7,SFC-1176 · Individual schematic IC lead667,SoundModule,metal,1,0.1302991148575137,1.6999999999999886,0.2750000000000057,0.28000000000000114,Schematic internal layout
SFC-1177,SoundRAM1Lead1_8,SFC-1177 · Individual schematic IC lead668,SoundModule,metal,1,0.1302991148575137,1.6999999999999886,0.2750000000000057,0.28000000000000114,Schematic internal layout
SFC-1178,SoundRAM1Lead1_9,SFC-1178 · Individual schematic IC lead669,SoundModule,metal,1,0.1302991148575137,1.6999999999999886,0.2750000000000057,0.28000000000000114,Schematic internal layout
SFC-1179,SoundRAM1Lead1_10,SFC-1179 · Individual schematic IC lead670,SoundModule,metal,1,0.1302991148575137,1.6999999999999886,0.2750000000000057,0.28000000000000114,Schematic internal layout
SFC-1180,SoundRAM1Lead1_11,SFC-1180 · Individual schematic IC lead671,SoundModule,metal,1,0.1302991148575137,1.6999999999999886,0.2750000000000057,0.28000000000000114,Schematic internal layout
SFC-1181,SoundRAM1Lead1_12,SFC-1181 · Individual schematic IC lead672,SoundModule,metal,1,0.13029911485751372,1.6999999999999886,0.2750000000000057,0.28000000000000114,Schematic internal layout
SFC-1182,SoundRAM1Lead1_13,SFC-1182 · Individual schematic IC lead673,SoundModule,metal,1,0.1302991148575137,1.6999999999999886,0.2750000000000057,0.28000000000000114,Schematic internal layout
SFC-1183,SoundRAM1Mark,SFC-1183 · R A M   1,SoundModule,white,4,0.05965123897600405,9.37845228120807,1.5973156362416105,0.01800020000000302,Japanese original curved grey enclosure; published envelope and approximate local details
SFC-1184,SoundRAM1Dot,SFC-1184 · IC orientation index012,SoundModule,white,1,0.01900663555421923,1.0999999999999943,1.0999999999999943,0.020000000000003126,Schematic internal layout
SFC-1185,SoundDAC,SFC-1185 · DAC,SoundModule,black,1,71.84226765009714,8.0,6.0,1.5,Schematic internal layout
SFC-1186,SoundDACLead0_0,SFC-1186 · Individual schematic IC lead674,SoundModule,metal,1,0.13029911485751397,1.7000000000000028,0.2750000000000057,0.28000000000000114,Schematic internal layout
SFC-1187,SoundDACLead0_1,SFC-1187 · Individual schematic IC lead675,SoundModule,metal,1,0.13029911485751397,1.7000000000000028,0.2750000000000057,0.28000000000000114,Schematic internal layout
SFC-1188,SoundDACLead0_2,SFC-1188 · Individual schematic IC lead676,SoundModule,metal,1,0.13029911485751397,1.7000000000000028,0.2750000000000057,0.28000000000000114,Schematic internal layout
SFC-1189,SoundDACLead0_3,SFC-1189 · Individual schematic IC lead677,SoundModule,metal,1,0.13029911485751397,1.7000000000000028,0.2750000000000057,0.28000000000000114,Schematic internal layout
SFC-1190,SoundDACLead0_4,SFC-1190 · Individual schematic IC lead678,SoundModule,metal,1,0.13029911485751394,1.7000000000000028,0.2750000000000057,0.28000000000000114,Schematic internal layout
SFC-1191,SoundDACLead0_5,SFC-1191 · Individual schematic IC lead679,SoundModule,metal,1,0.13029911485751397,1.7000000000000028,0.2750000000000057,0.28000000000000114,Schematic internal layout
SFC-1192,SoundDACLead0_6,SFC-1192 · Individual schematic IC lead680,SoundModule,metal,1,0.13029911485751397,1.7000000000000028,0.2750000000000057,0.28000000000000114,Schematic internal layout
SFC-1193,SoundDACLead0_7,SFC-1193 · Individual schematic IC lead681,SoundModule,metal,1,0.13029911485751397,1.7000000000000028,0.2750000000000057,0.28000000000000114,Schematic internal layout
SFC-1194,SoundDACLead1_0,SFC-1194 · Individual schematic IC lead682,SoundModule,metal,1,0.13029911485751394,1.7000000000000028,0.2750000000000057,0.28000000000000114,Schematic internal layout
SFC-1195,SoundDACLead1_1,SFC-1195 · Individual schematic IC lead683,SoundModule,metal,1,0.13029911485751397,1.7000000000000028,0.2750000000000057,0.28000000000000114,Schematic internal layout
SFC-1196,SoundDACLead1_2,SFC-1196 · Individual schematic IC lead684,SoundModule,metal,1,0.13029911485751397,1.7000000000000028,0.2750000000000057,0.28000000000000114,Schematic internal layout
SFC-1197,SoundDACLead1_3,SFC-1197 · Individual schematic IC lead685,SoundModule,metal,1,0.13029911485751397,1.7000000000000028,0.2750000000000057,0.28000000000000114,Schematic internal layout
SFC-1198,SoundDACLead1_4,SFC-1198 · Individual schematic IC lead686,SoundModule,metal,1,0.13029911485751397,1.7000000000000028,0.2750000000000057,0.28000000000000114,Schematic internal layout
SFC-1199,SoundDACLead1_5,SFC-1199 · Individual schematic IC lead687,SoundModule,metal,1,0.13029911485751394,1.7000000000000028,0.2750000000000057,0.28000000000000114,Schematic internal layout
SFC-1200,SoundDACLead1_6,SFC-1200 · Individual schematic IC lead688,SoundModule,metal,1,0.13029911485751397,1.7000000000000028,0.2750000000000057,0.28000000000000114,Schematic internal layout
SFC-1201,SoundDACLead1_7,SFC-1201 · Individual schematic IC lead689,SoundModule,metal,1,0.13029911485751394,1.7000000000000028,0.2750000000000057,0.28000000000000114,Schematic internal layout
SFC-1202,SoundDACMark,SFC-1202 · DAC001,SoundModule,white,3,0.04244591870184322,4.308330736912751,1.6566444953019897,0.01800020000000302,Japanese original curved grey enclosure; published envelope and approximate local details
SFC-1203,SoundDACDot,SFC-1203 · IC orientation index013,SoundModule,white,1,0.01900663555421926,1.0999999999999943,1.0999999999999943,0.020000000000003126,Schematic internal layout
SFC-1204,SoundAmp,SFC-1204 · AMP,SoundModule,black,1,44.84226765009712,5.0,6.0,1.5,Schematic internal layout
SFC-1205,SoundAmpLead0_0,SFC-1205 · Individual schematic IC lead690,SoundModule,metal,1,0.16599911485751195,1.6999999999999886,0.3499999999999943,0.28000000000000114,Schematic internal layout
SFC-1206,SoundAmpLead0_1,SFC-1206 · Individual schematic IC lead691,SoundModule,metal,1,0.16599911485751195,1.6999999999999886,0.3499999999999943,0.28000000000000114,Schematic internal layout
SFC-1207,SoundAmpLead0_2,SFC-1207 · Individual schematic IC lead692,SoundModule,metal,1,0.16599911485751198,1.6999999999999886,0.3499999999999943,0.28000000000000114,Schematic internal layout
SFC-1208,SoundAmpLead0_3,SFC-1208 · Individual schematic IC lead693,SoundModule,metal,1,0.16599911485751195,1.6999999999999886,0.3499999999999943,0.28000000000000114,Schematic internal layout
SFC-1209,SoundAmpLead1_0,SFC-1209 · Individual schematic IC lead694,SoundModule,metal,1,0.16599911485751195,1.6999999999999886,0.3499999999999943,0.28000000000000114,Schematic internal layout
SFC-1210,SoundAmpLead1_1,SFC-1210 · Individual schematic IC lead695,SoundModule,metal,1,0.16599911485751195,1.6999999999999886,0.3499999999999943,0.28000000000000114,Schematic internal layout
SFC-1211,SoundAmpLead1_2,SFC-1211 · Individual schematic IC lead696,SoundModule,metal,1,0.16599911485751193,1.6999999999999886,0.3499999999999943,0.28000000000000114,Schematic internal layout
SFC-1212,SoundAmpLead1_3,SFC-1212 · Individual schematic IC lead697,SoundModule,metal,1,0.16599911485751195,1.6999999999999886,0.3499999999999943,0.28000000000000114,Schematic internal layout
SFC-1213,SoundAmpMark,SFC-1213 · A M P,SoundModule,white,3,0.04700774216504947,6.011824764429534,1.5973156362416034,0.01800020000000302,Japanese original curved grey enclosure; published envelope and approximate local details
SFC-1214,SoundAmpDot,SFC-1214 · IC orientation index014,SoundModule,white,1,0.019006635554219296,1.0999999999999943,1.0999999999999943,0.020000000000003126,Schematic internal layout
SFC-1215,SoundCrystal,SFC-1215 · Separate sound clock resonator,SoundModule,blue,1,85.64787475370025,10.0,3.0,3.0,Schematic internal layout
SFC-1216,SoundCap0,SFC-1216 · Sound board electrolytic capacitor,SoundModule,black,1,117.80972450961724,5.0,5.0,6.0,Schematic internal layout
SFC-1217,SoundCapTop0,SFC-1217 · Sound capacitor metal top,SoundModule,metal,1,1.994283016498786,4.600000000000001,4.599999999999994,0.11999999999999744,Schematic internal layout
SFC-1218,SoundCap1,SFC-1218 · Sound board electrolytic capacitor001,SoundModule,black,1,117.80972450961725,5.0,5.0,6.0,Schematic internal layout
SFC-1219,SoundCapTop1,SFC-1219 · Sound capacitor metal top001,SoundModule,metal,1,1.9942830164987861,4.599999999999994,4.599999999999994,0.11999999999999744,Schematic internal layout
SFC-1220,SoundPassive0,SFC-1220 · Separate sound-board passive,SoundModule,black,1,1.6109911485751285,2.1000000000000014,1.1000000000000085,0.7000000000000028,Schematic internal layout
SFC-1221,SoundPassiveEnd0_0,SFC-1221 · Sound-board passive termination,SoundModule,metal,1,0.12446349540849365,0.5,1.0,0.25,Schematic internal layout
SFC-1222,SoundPassiveEnd0_1,SFC-1222 · Sound-board passive termination001,SoundModule,metal,1,0.12446349540849362,0.5,1.0,0.25,Schematic internal layout
SFC-1223,SoundPassive1,SFC-1223 · Separate sound-board passive001,SoundModule,white,1,1.6109911485751285,2.1000000000000014,1.1000000000000085,0.7000000000000028,Schematic internal layout
SFC-1224,SoundPassiveEnd1_0,SFC-1224 · Sound-board passive termination002,SoundModule,metal,1,0.12446349540849361,0.5,1.0,0.25,Schematic internal layout
SFC-1225,SoundPassiveEnd1_1,SFC-1225 · Sound-board passive termination003,SoundModule,metal,1,0.12446349540849362,0.5,1.0,0.25,Schematic internal layout
SFC-1226,SoundPassive2,SFC-1226 · Separate sound-board passive002,SoundModule,black,1,1.6109911485751278,2.1000000000000085,1.1000000000000085,0.7000000000000028,Schematic internal layout
SFC-1227,SoundPassiveEnd2_0,SFC-1227 · Sound-board passive termination004,SoundModule,metal,1,0.12446349540849362,0.5,1.0,0.25,Schematic internal layout
SFC-1228,SoundPassiveEnd2_1,SFC-1228 · Sound-board passive termination005,SoundModule,metal,1,0.1244634954084936,0.5,1.0,0.25,Schematic internal layout
SFC-1229,SoundPassive3,SFC-1229 · Separate sound-board passive003,SoundModule,white,1,1.610991148575127,2.1000000000000085,1.1000000000000085,0.7000000000000028,Schematic internal layout
SFC-1230,SoundPassiveEnd3_0,SFC-1230 · Sound-board passive termination006,SoundModule,metal,1,0.12446349540849362,0.5,1.0,0.25,Schematic internal layout
SFC-1231,SoundPassiveEnd3_1,SFC-1231 · Sound-board passive termination007,SoundModule,metal,1,0.1244634954084936,0.5,1.0,0.25,Schematic internal layout
SFC-1232,SoundPassive4,SFC-1232 · Separate sound-board passive004,SoundModule,black,1,1.610991148575127,2.1000000000000085,1.1000000000000085,0.7000000000000028,Schematic internal layout
SFC-1233,SoundPassiveEnd4_0,SFC-1233 · Sound-board passive termination008,SoundModule,metal,1,0.12446349540849361,0.5,1.0,0.25,Schematic internal layout
SFC-1234,SoundPassiveEnd4_1,SFC-1234 · Sound-board passive termination009,SoundModule,metal,1,0.12446349540849362,0.5,1.0,0.25,Schematic internal layout
SFC-1235,SoundPassive5,SFC-1235 · Separate sound-board passive005,SoundModule,white,1,1.610991148575127,2.1000000000000085,1.1000000000000085,0.7000000000000028,Schematic internal layout
SFC-1236,SoundPassiveEnd5_0,SFC-1236 · Sound-board passive termination010,SoundModule,metal,1,0.12446349540849362,0.5,1.0,0.25,Schematic internal layout
SFC-1237,SoundPassiveEnd5_1,SFC-1237 · Sound-board passive termination011,SoundModule,metal,1,0.12446349540849362,0.5,1.0,0.25,Schematic internal layout
SFC-1238,SoundPassive6,SFC-1238 · Separate sound-board passive006,SoundModule,black,1,1.610991148575127,2.1000000000000085,1.1000000000000085,0.7000000000000028,Schematic internal layout
SFC-1239,SoundPassiveEnd6_0,SFC-1239 · Sound-board passive termination012,SoundModule,metal,1,0.12446349540849362,0.5,1.0,0.25,Schematic internal layout
SFC-1240,SoundPassiveEnd6_1,SFC-1240 · Sound-board passive termination013,SoundModule,metal,1,0.12446349540849362,0.5,1.0,0.25,Schematic internal layout
SFC-1241,SoundPassive7,SFC-1241 · Separate sound-board passive007,SoundModule,white,1,1.6109911485751272,2.0999999999999943,1.1000000000000085,0.7000000000000028,Schematic internal layout
SFC-1242,SoundPassiveEnd7_0,SFC-1242 · Sound-board passive termination014,SoundModule,metal,1,0.1244634954084936,0.5,1.0,0.25,Schematic internal layout
SFC-1243,SoundPassiveEnd7_1,SFC-1243 · Sound-board passive termination015,SoundModule,metal,1,0.12446349540849358,0.5,1.0,0.25,Schematic internal layout
SFC-1244,SoundPassive8,SFC-1244 · Separate sound-board passive008,SoundModule,black,1,1.6109911485751272,2.0999999999999943,1.1000000000000085,0.7000000000000028,Schematic internal layout
SFC-1245,SoundPassiveEnd8_0,SFC-1245 · Sound-board passive termination016,SoundModule,metal,1,0.1244634954084936,0.5,1.0,0.25,Schematic internal layout
SFC-1246,SoundPassiveEnd8_1,SFC-1246 · Sound-board passive termination017,SoundModule,metal,1,0.12446349540849357,0.5,1.0,0.25,Schematic internal layout
SFC-1247,SoundPassive9,SFC-1247 · Separate sound-board passive009,SoundModule,white,1,1.6109911485751287,2.1000000000000014,1.0999999999999943,0.7000000000000028,Schematic internal layout
SFC-1248,SoundPassiveEnd9_0,SFC-1248 · Sound-board passive termination018,SoundModule,metal,1,0.12446349540849361,0.5,1.0,0.25,Schematic internal layout
SFC-1249,SoundPassiveEnd9_1,SFC-1249 · Sound-board passive termination019,SoundModule,metal,1,0.12446349540849361,0.5,1.0,0.25,Schematic internal layout
SFC-1250,SoundPassive10,SFC-1250 · Separate sound-board passive010,SoundModule,black,1,1.6109911485751285,2.1000000000000014,1.0999999999999943,0.7000000000000028,Schematic internal layout
SFC-1251,SoundPassiveEnd10_0,SFC-1251 · Sound-board passive termination020,SoundModule,metal,1,0.12446349540849361,0.5,1.0,0.25,Schematic internal layout
SFC-1252,SoundPassiveEnd10_1,SFC-1252 · Sound-board passive termination021,SoundModule,metal,1,0.12446349540849361,0.5,1.0,0.25,Schematic internal layout
SFC-1253,SoundPassive11,SFC-1253 · Separate sound-board passive011,SoundModule,white,1,1.6109911485751278,2.1000000000000085,1.0999999999999943,0.7000000000000028,Schematic internal layout
SFC-1254,SoundPassiveEnd11_0,SFC-1254 · Sound-board passive termination022,SoundModule,metal,1,0.1244634954084936,0.5,1.0,0.25,Schematic internal layout
SFC-1255,SoundPassiveEnd11_1,SFC-1255 · Sound-board passive termination023,SoundModule,metal,1,0.12446349540849358,0.5,1.0,0.25,Schematic internal layout
SFC-1256,SoundPassive12,SFC-1256 · Separate sound-board passive012,SoundModule,black,1,1.6109911485751272,2.1000000000000014,1.0999999999999943,0.7000000000000028,Schematic internal layout
SFC-1257,SoundPassiveEnd12_0,SFC-1257 · Sound-board passive termination024,SoundModule,metal,1,0.1244634954084936,0.5,1.0,0.25,Schematic internal layout
SFC-1258,SoundPassiveEnd12_1,SFC-1258 · Sound-board passive termination025,SoundModule,metal,1,0.12446349540849355,0.5,1.0,0.25,Schematic internal layout
SFC-1259,SoundPassive13,SFC-1259 · Separate sound-board passive013,SoundModule,white,1,1.6109911485751272,2.0999999999999943,1.0999999999999943,0.7000000000000028,Schematic internal layout
SFC-1260,SoundPassiveEnd13_0,SFC-1260 · Sound-board passive termination026,SoundModule,metal,1,0.12446349540849357,0.5,1.0,0.25,Schematic internal layout
SFC-1261,SoundPassiveEnd13_1,SFC-1261 · Sound-board passive termination027,SoundModule,metal,1,0.12446349540849355,0.5,1.0,0.25,Schematic internal layout
SFC-1262,SoundBoardSocket,SFC-1262 · Motherboard sound-module connector001,SoundModule,black,1,2210.234159747666,32.0,6.0,11.600000000000001,Schematic internal layout
SFC-1263,SoundModulePlug,SFC-1263 · Sound-module underside mating connector,SoundModule,black,1,851.426990816987,31.0,5.5,4.9999999999999964,Schematic internal layout
SFC-1264,SoundConnectorPin0,SFC-1264 · Sound-module individual interface pin,SoundModule,gold,1,0.2827433388230816,0.5999999999999943,0.5999999999999943,1.0,Schematic internal layout
SFC-1265,SoundConnectorPin1,SFC-1265 · Sound-module individual interface pin001,SoundModule,gold,1,0.2827433388230816,0.5999999999999943,0.5999999999999943,1.0,Schematic internal layout
SFC-1266,SoundConnectorPin2,SFC-1266 · Sound-module individual interface pin002,SoundModule,gold,1,0.2827433388230816,0.5999999999999943,0.5999999999999943,1.0,Schematic internal layout
SFC-1267,SoundConnectorPin3,SFC-1267 · Sound-module individual interface pin003,SoundModule,gold,1,0.2827433388230816,0.5999999999999943,0.5999999999999943,1.0,Schematic internal layout
SFC-1268,SoundConnectorPin4,SFC-1268 · Sound-module individual interface pin004,SoundModule,gold,1,0.2827433388230816,0.5999999999999943,0.5999999999999943,1.0,Schematic internal layout
SFC-1269,SoundConnectorPin5,SFC-1269 · Sound-module individual interface pin005,SoundModule,gold,1,0.2827433388230816,0.5999999999999943,0.5999999999999943,1.0,Schematic internal layout
SFC-1270,SoundConnectorPin6,SFC-1270 · Sound-module individual interface pin006,SoundModule,gold,1,0.2827433388230816,0.5999999999999943,0.5999999999999943,1.0,Schematic internal layout
SFC-1271,SoundConnectorPin7,SFC-1271 · Sound-module individual interface pin007,SoundModule,gold,1,0.2827433388230816,0.5999999999999943,0.5999999999999943,1.0,Schematic internal layout
SFC-1272,SoundConnectorPin8,SFC-1272 · Sound-module individual interface pin008,SoundModule,gold,1,0.2827433388230816,0.5999999999999943,0.5999999999999943,1.0,Schematic internal layout
SFC-1273,SoundConnectorPin9,SFC-1273 · Sound-module individual interface pin009,SoundModule,gold,1,0.2827433388230816,0.5999999999999943,0.5999999999999943,1.0,Schematic internal layout
SFC-1274,SoundConnectorPin10,SFC-1274 · Sound-module individual interface pin010,SoundModule,gold,1,0.2827433388230816,0.5999999999999943,0.5999999999999943,1.0,Schematic internal layout
SFC-1275,SoundConnectorPin11,SFC-1275 · Sound-module individual interface pin011,SoundModule,gold,1,0.2827433388230816,0.5999999999999943,0.5999999999999943,1.0,Schematic internal layout
SFC-1276,SoundConnectorPin12,SFC-1276 · Sound-module individual interface pin012,SoundModule,gold,1,0.2827433388230816,0.5999999999999943,0.5999999999999943,1.0,Schematic internal layout
SFC-1277,SoundConnectorPin13,SFC-1277 · Sound-module individual interface pin013,SoundModule,gold,1,0.2827433388230816,0.5999999999999943,0.5999999999999943,1.0,Schematic internal layout
SFC-1278,SoundConnectorPin14,SFC-1278 · Sound-module individual interface pin014,SoundModule,gold,1,0.2827433388230816,0.5999999999999943,0.5999999999999943,1.0,Schematic internal layout
SFC-1279,SoundConnectorPin15,SFC-1279 · Sound-module individual interface pin015,SoundModule,gold,1,0.2827433388230816,0.5999999999999943,0.5999999999999943,1.0,Schematic internal layout
SFC-1280,SoundConnectorPin16,SFC-1280 · Sound-module individual interface pin016,SoundModule,gold,1,0.2827433388230816,0.5999999999999943,0.5999999999999943,1.0,Schematic internal layout
SFC-1281,SoundConnectorPin17,SFC-1281 · Sound-module individual interface pin017,SoundModule,gold,1,0.2827433388230816,0.5999999999999943,0.5999999999999943,1.0,Schematic internal layout
SFC-1282,SoundConnectorPin18,SFC-1282 · Sound-module individual interface pin018,SoundModule,gold,1,0.2827433388230816,0.5999999999999943,0.5999999999999943,1.0,Schematic internal layout
SFC-1283,SoundConnectorPin19,SFC-1283 · Sound-module individual interface pin019,SoundModule,gold,1,0.2827433388230816,0.5999999999999943,0.5999999999999943,1.0,Schematic internal layout
SFC-1284,SoundConnectorPin20,SFC-1284 · Sound-module individual interface pin020,SoundModule,gold,1,0.2827433388230816,0.5999999999999943,0.5999999999999943,1.0,Schematic internal layout
SFC-1285,SoundConnectorPin21,SFC-1285 · Sound-module individual interface pin021,SoundModule,gold,1,0.2827433388230816,0.5999999999999943,0.5999999999999943,1.0,Schematic internal layout
SFC-1286,SoundConnectorPin22,SFC-1286 · Sound-module individual interface pin022,SoundModule,gold,1,0.2827433388230816,0.5999999999999943,0.5999999999999943,1.0,Schematic internal layout
SFC-1287,SoundConnectorPin23,SFC-1287 · Sound-module individual interface pin023,SoundModule,gold,1,0.2827433388230816,0.5999999999999943,0.5999999999999943,1.0,Schematic internal layout
SFC-1288,RFCan,SFC-1288 · Original separate RF modulator metal enclosure,RF,metal,1,1816.3429342116938,34.0,26.0,19.0,Schematic internal layout
SFC-1289,RFLid,SFC-1289 · Separate RF modulator lid,RF,metal,1,441.57079632679495,34.0,26.0,0.5,Schematic internal layout
SFC-1290,RFPCB,SFC-1290 · RF modulator internal board,RF,pcb,1,740.1126548245744,31.5,23.5,1.0,Schematic internal layout
SFC-1291,RFIC,SFC-1291 · RF,RF,black,1,67.03175216010362,7.0,6.0,1.6000000000000014,Schematic internal layout
SFC-1292,RFICLead0_0,SFC-1292 · Individual schematic IC lead698,RF,metal,1,0.16599911485751226,1.7000000000000028,0.3499999999999943,0.28000000000000114,Schematic internal layout
SFC-1293,RFICLead0_1,SFC-1293 · Individual schematic IC lead699,RF,metal,1,0.1659991148575123,1.7000000000000028,0.3499999999999943,0.28000000000000114,Schematic internal layout
SFC-1294,RFICLead0_2,SFC-1294 · Individual schematic IC lead700,RF,metal,1,0.1659991148575123,1.7000000000000028,0.3499999999999943,0.28000000000000114,Schematic internal layout
SFC-1295,RFICLead0_3,SFC-1295 · Individual schematic IC lead701,RF,metal,1,0.1659991148575123,1.7000000000000028,0.3499999999999943,0.28000000000000114,Schematic internal layout
SFC-1296,RFICLead1_0,SFC-1296 · Individual schematic IC lead702,RF,metal,1,0.16599911485751218,1.7000000000000028,0.3499999999999943,0.28000000000000114,Schematic internal layout
SFC-1297,RFICLead1_1,SFC-1297 · Individual schematic IC lead703,RF,metal,1,0.1659991148575122,1.7000000000000028,0.3499999999999943,0.28000000000000114,Schematic internal layout
SFC-1298,RFICLead1_2,SFC-1298 · Individual schematic IC lead704,RF,metal,1,0.16599911485751223,1.7000000000000028,0.3499999999999943,0.28000000000000114,Schematic internal layout
SFC-1299,RFICLead1_3,SFC-1299 · Individual schematic IC lead705,RF,metal,1,0.16599911485751223,1.7000000000000028,0.3499999999999943,0.28000000000000114,Schematic internal layout
SFC-1300,RFICMark,SFC-1300 · RF001,RF,white,2,0.026317079758267165,2.4420386906040292,1.5973156362416034,0.01800020000000302,Japanese original curved grey enclosure; published envelope and approximate local details
SFC-1301,RFICDot,SFC-1301 · IC orientation index015,RF,white,1,0.01900663555421815,1.1000000000000014,1.0999999999999943,0.019999999999999574,Schematic internal layout
SFC-1302,RFPassive0,SFC-1302 · RF internal passive envelope,RF,white,1,2.294111147369348,2.3999999999999986,1.200000000000017,0.8000000000000007,Schematic internal layout
SFC-1303,RFPassive1,SFC-1303 · RF internal passive envelope001,RF,white,1,2.2941111473693483,2.3999999999999986,1.200000000000017,0.8000000000000007,Schematic internal layout
SFC-1304,RFPassive2,SFC-1304 · RF internal passive envelope002,RF,white,1,2.2941111473693483,2.3999999999999986,1.200000000000017,0.8000000000000007,Schematic internal layout
SFC-1305,RFPassive3,SFC-1305 · RF internal passive envelope003,RF,white,1,2.2941111473693487,2.4000000000000004,1.200000000000017,0.8000000000000007,Schematic internal layout
SFC-1306,RFPassive4,SFC-1306 · RF internal passive envelope004,RF,white,1,2.294111147369348,2.3999999999999986,1.200000000000017,0.8000000000000007,Schematic internal layout
SFC-1307,RFPassive5,SFC-1307 · RF internal passive envelope005,RF,white,1,2.2941111473693483,2.3999999999999986,1.200000000000017,0.8000000000000007,Schematic internal layout
SFC-1308,RFPassive6,SFC-1308 · RF internal passive envelope006,RF,white,1,2.2941111473693483,2.3999999999999986,1.200000000000017,0.8000000000000007,Schematic internal layout
SFC-1309,RFPassive7,SFC-1309 · RF internal passive envelope007,RF,white,1,2.294111147369349,2.4000000000000004,1.200000000000017,0.8000000000000007,Schematic internal layout
SFC-1310,RFCoil,SFC-1310 · RF modulator inductor envelope,RF,copper,1,90.477868423386,4.800000000000001,4.800000000000011,5.0,Schematic internal layout
SFC-1311,RFCanMark,SFC-1311 · RF MODULATOR,RF,sfcink,11,0.21822254787932147,20.341359260402687,1.9489934885905882,0.01800020000000302,Japanese original curved grey enclosure; published envelope and approximate local details
SFC-1312,CapacitorShield,SFC-1312 · Original capacitor and regulator shield wall,Power,metal,1,3037.9048622548125,47.0,56.0,25.0,Schematic internal layout
SFC-1313,RegulatorSink,SFC-1313 · Original rear vertical regulator heatsink,Power,metal,1,769.9321234376396,29.0,1.4000000000000057,19.0,Schematic internal layout
SFC-1314,RegulatorBody,SFC-1314 · Original voltage regulator package,Power,black,1,286.06858347057704,8.0,4.0,9.0,Schematic internal layout
SFC-1315,RegulatorTab,SFC-1315 · Separate regulator metal tab,Power,metal,1,68.62654824574366,7.0,1.0,10.0,Schematic internal layout
SFC-1316,RegulatorLead0,SFC-1316 · Voltage regulator individual lead,Power,metal,1,0.3918550880620819,0.5499999999999972,1.0999999999999943,0.6499999999999986,Schematic internal layout
SFC-1317,RegulatorLead1,SFC-1317 · Voltage regulator individual lead001,Power,metal,1,0.3918550880620819,0.5499999999999972,1.0999999999999943,0.6499999999999986,Schematic internal layout
SFC-1318,RegulatorLead2,SFC-1318 · Voltage regulator individual lead002,Power,metal,1,0.3918550880620819,0.5499999999999972,1.0999999999999943,0.6499999999999986,Schematic internal layout
SFC-1319,PowerFuse,SFC-1319 · Original input fuse envelope,Power,white,1,72.85398163397448,3.0,10.0,2.5,Schematic internal layout
SFC-1320,PowerFuseEnd0,SFC-1320 · Input fuse end terminal,Power,metal,1,12.774584013175415,3.0,1.8000000000000114,2.3999999999999986,Schematic internal layout
SFC-1321,PowerFuseEnd1,SFC-1321 · Input fuse end terminal001,Power,metal,1,12.774584013175414,3.0,1.8000000000000114,2.3999999999999986,Schematic internal layout
SFC-1322,InputDiode,SFC-1322 · Original DC input rectifier diode,Power,black,1,32.52787595947438,5.0,3.0,2.1999999999999993,Schematic internal layout
SFC-1323,InputDiodeLead0,SFC-1323 · Input diode lead,Power,metal,1,0.3606371669411514,1.8000000000000114,0.44999999999998863,0.4499999999999993,Schematic internal layout
SFC-1324,InputDiodeLead1,SFC-1324 · Input diode lead001,Power,metal,1,0.3606371669411509,1.7999999999999972,0.44999999999998863,0.4499999999999993,Schematic internal layout
SFC-1325,FrontPCB,SFC-1325 · Original removable two-controller board002,FrontPanel,pcb,1,3152.6867258771276,142.0,14.0,1.5999999999999996,Schematic internal layout
SFC-1326,FrontSocketTail0_0,SFC-1326 · Controller socket solder tail,FrontPanel,metal,1,0.4445729200658761,0.5500000000000114,2.700000000000017,0.3000000000000007,Schematic internal layout
SFC-1327,FrontSocketTail0_1,SFC-1327 · Controller socket solder tail001,FrontPanel,metal,1,0.4445729200658762,0.5500000000000114,2.700000000000017,0.3000000000000007,Schematic internal layout
SFC-1328,FrontSocketTail0_2,SFC-1328 · Controller socket solder tail002,FrontPanel,metal,1,0.4445729200658762,0.5500000000000114,2.700000000000017,0.3000000000000007,Schematic internal layout
SFC-1329,FrontSocketTail0_3,SFC-1329 · Controller socket solder tail003,FrontPanel,metal,1,0.4445729200658762,0.5500000000000114,2.700000000000017,0.3000000000000007,Schematic internal layout
SFC-1330,FrontSocketTail0_4,SFC-1330 · Controller socket solder tail004,FrontPanel,metal,1,0.4445729200658762,0.5500000000000114,2.700000000000017,0.3000000000000007,Schematic internal layout
SFC-1331,FrontSocketTail0_5,SFC-1331 · Controller socket solder tail005,FrontPanel,metal,1,0.4445729200658762,0.5500000000000114,2.700000000000017,0.3000000000000007,Schematic internal layout
SFC-1332,FrontSocketTail0_6,SFC-1332 · Controller socket solder tail006,FrontPanel,metal,1,0.4445729200658762,0.5499999999999972,2.700000000000017,0.3000000000000007,Schematic internal layout
SFC-1333,FrontSocketTail1_0,SFC-1333 · Controller socket solder tail007,FrontPanel,metal,1,0.4445729200658762,0.5499999999999972,2.700000000000017,0.3000000000000007,Schematic internal layout
SFC-1334,FrontSocketTail1_1,SFC-1334 · Controller socket solder tail008,FrontPanel,metal,1,0.4445729200658762,0.5500000000000114,2.700000000000017,0.3000000000000007,Schematic internal layout
SFC-1335,FrontSocketTail1_2,SFC-1335 · Controller socket solder tail009,FrontPanel,metal,1,0.4445729200658762,0.5500000000000114,2.700000000000017,0.3000000000000007,Schematic internal layout
SFC-1336,FrontSocketTail1_3,SFC-1336 · Controller socket solder tail010,FrontPanel,metal,1,0.4445729200658762,0.5500000000000114,2.700000000000017,0.3000000000000007,Schematic internal layout
SFC-1337,FrontSocketTail1_4,SFC-1337 · Controller socket solder tail011,FrontPanel,metal,1,0.4445729200658761,0.5500000000000114,2.700000000000017,0.3000000000000007,Schematic internal layout
SFC-1338,FrontSocketTail1_5,SFC-1338 · Controller socket solder tail012,FrontPanel,metal,1,0.4445729200658762,0.5500000000000114,2.700000000000017,0.3000000000000007,Schematic internal layout
SFC-1339,FrontSocketTail1_6,SFC-1339 · Controller socket solder tail013,FrontPanel,metal,1,0.4445729200658762,0.5500000000000114,2.700000000000017,0.3000000000000007,Schematic internal layout
SFC-1340,FrontFerriteFoam,SFC-1340 · Original ferrite-core adhesive foam,Wiring,rubber,1,202.22831853071793,23.0,11.0,0.7999999999999998,Schematic internal layout
SFC-1341,FrontRibbonFerrite,SFC-1341 · Original rectangular ferrite core under front board,Wiring,black,1,588.6008851424873,22.0,10.0,4.999999999999999,Schematic internal layout
SFC-1342,FrontRibbon,SFC-1342 · Original folded front-board flat ribbon study,Wiring,white,1,119.60000000000065,13.0,27.0,15.899999999999999,Schematic internal layout
SFC-1343,MainRibbonHeader,SFC-1343 · Mainboard front ribbon receptacle,Wiring,white,1,305.03429173528855,17.0,4.0,4.5,Schematic internal layout
SFC-1344,MainRibbonContact0,SFC-1344 · Individual ribbon exposed contact,Wiring,gold,1,0.08439269908169908,0.6500000000000004,2.5999999999999943,0.05000000000000071,Schematic internal layout
SFC-1345,MainRibbonContact1,SFC-1345 · Individual ribbon exposed contact001,Wiring,gold,1,0.0843926990816991,0.6500000000000004,2.5999999999999943,0.05000000000000071,Schematic internal layout
SFC-1346,MainRibbonContact2,SFC-1346 · Individual ribbon exposed contact002,Wiring,gold,1,0.0843926990816991,0.6500000000000004,2.5999999999999943,0.05000000000000071,Schematic internal layout
SFC-1347,MainRibbonContact3,SFC-1347 · Individual ribbon exposed contact003,Wiring,gold,1,0.08439269908169908,0.6500000000000004,2.5999999999999943,0.05000000000000071,Schematic internal layout
SFC-1348,MainRibbonContact4,SFC-1348 · Individual ribbon exposed contact004,Wiring,gold,1,0.08439269908169907,0.65,2.5999999999999943,0.05000000000000071,Schematic internal layout
SFC-1349,MainRibbonContact5,SFC-1349 · Individual ribbon exposed contact005,Wiring,gold,1,0.08439269908169905,0.65,2.5999999999999943,0.05000000000000071,Schematic internal layout
SFC-1350,MainRibbonContact6,SFC-1350 · Individual ribbon exposed contact006,Wiring,gold,1,0.08439269908169907,0.65,2.5999999999999943,0.05000000000000071,Schematic internal layout
SFC-1351,MainRibbonContact7,SFC-1351 · Individual ribbon exposed contact007,Wiring,gold,1,0.08439269908169908,0.6500000000000004,2.5999999999999943,0.05000000000000071,Schematic internal layout
SFC-1352,MainRibbonContact8,SFC-1352 · Individual ribbon exposed contact008,Wiring,gold,1,0.0843926990816991,0.6500000000000004,2.5999999999999943,0.05000000000000071,Schematic internal layout
SFC-1353,MainRibbonContact9,SFC-1353 · Individual ribbon exposed contact009,Wiring,gold,1,0.08439269908169911,0.6500000000000004,2.5999999999999943,0.05000000000000071,Schematic internal layout
SFC-1354,MainRibbonContact10,SFC-1354 · Individual ribbon exposed contact010,Wiring,gold,1,0.08439269908169908,0.6500000000000004,2.5999999999999943,0.05000000000000071,Schematic internal layout
SFC-1355,PowerSwitchBody,SFC-1355 · Original separate slide power switch,Power,black,1,1131.2187601976311,14.0,9.0,9.0,Schematic internal layout
SFC-1356,PowerSwitchSlider,SFC-1356 · Power slide switch actuator,Power,sfcgray,1,84.27035375555137,5.0,5.0,3.4000000000000057,Schematic internal layout
SFC-1357,PowerWireHeader,SFC-1357 · Polarized original two-wire motherboard header,Wiring,white,1,139.14159265358978,7.0,5.0,4.0,Schematic internal layout
SFC-1358,PowerWire0,SFC-1358 · Original red/black power-switch harness,Wiring,red,1,119.38742197825107,34.10000019999999,82.85000010000002,39.00322315830968,Schematic internal layout
SFC-1359,PowerWire1,SFC-1359 · Original red/black power-switch harness001,Wiring,black,1,119.3874219782511,34.10000019999999,82.85000010000002,39.00322315830968,Schematic internal layout
SFC-1360,EjectRocker,SFC-1360 · Original molded white cartridge eject rocker,EjectMechanism,white,1,8322.373743851333,130.0,73.4,6.899999999999999,Schematic internal layout
SFC-1361,EjectPivot,SFC-1361 · Original long steel eject pivot rod,EjectMechanism,metal,1,539.7884497397985,142.0,2.1999999999999993,2.200000000000003,Schematic internal layout
SFC-1362,EjectStem,SFC-1362 · Original top eject-key actuator stem,EjectMechanism,sfcface,1,2797.115038378975,16.0,8.0,22.0,Schematic internal layout
SFC-1363,EjectSpring,SFC-1363 · Eject return torsion-coil study,EjectMechanism,metal,1,13.131694488127016,5.537943161970418,4.54002123058968,4.540025287715942,Schematic internal layout
SFC-1364,EjectBearing0,SFC-1364 · Independent pivot support envelope001,EjectMechanism,sfcgray,1,141.8015053451152,4.0,7.0,6.0,Schematic internal layout
SFC-1365,EjectBearing1,SFC-1365 · Independent pivot support envelope003,EjectMechanism,sfcgray,1,141.8015053451152,4.0,7.0,6.0,Schematic internal layout
SFC-1366,CartridgeLock,SFC-1366 · Original power-linked cartridge retaining slider study,EjectMechanism,white,1,719.0342917352859,18.0,58.0,2.5,Schematic internal layout
SFC-1367,ResetStem,SFC-1367 · Original reset-key downward actuator,Controls,sfcbutton,1,962.9479608564009,5.0,5.0,38.99999999999999,Schematic internal layout
SFC-1368,ResetSwitch,SFC-1368 · Original reset switch envelope,Controls,black,1,195.14159265358978,7.0,7.0,4.0,Schematic internal layout
SFC-1369,FlapPivot,SFC-1369 · Cartridge flap pivot-pin study,CartridgeInterface,metal,1,167.24268491385263,126.0,1.2999999999999972,1.3000000000000114,Schematic internal layout
SFC-1370,FlapSpring,SFC-1370 · Cartridge flap torsion-coil study,CartridgeInterface,metal,1,4.2850193153489435,3.7980068446987687,3.100064140862411,3.099999170450559,Schematic internal layout
SFC-1371,BottomShield,SFC-1371 · Original full motherboard lower shield002,Shielding,metal,1,18129.820506680506,180.0,204.0,0.5,Schematic internal layout
SFC-1372,FrontShield,SFC-1372 · Original front mainboard metal shield001,Shielding,metal,1,8544.854866776468,163.0,88.0,0.6000000000000014,Schematic internal layout
SFC-1373,FrontShieldWall0,SFC-1373 · Front shield side skirt,Shielding,metal,1,196.0473805208358,0.5999999999999943,86.0,3.8000000000000007,Schematic internal layout
SFC-1374,FrontShieldWall1,SFC-1374 · Front shield side skirt001,Shielding,metal,1,196.0473805208358,0.5999999999999943,86.0,3.8000000000000007,Schematic internal layout
SFC-1375,MainboardTower0,SFC-1375 · Original lower-shell motherboard support tower,Fixings,sfcgray,1,378.1692156758712,7.599999999999994,7.599999999999994,10.0,Schematic internal layout
SFC-1376,MainboardStandoff0,SFC-1376 · Mainboard spacing collar,Fixings,sfcgray,1,62.077870834934345,7.199999999999989,7.199999999999989,1.8999999999999986,Schematic internal layout
SFC-1377,MainboardScrew0,SFC-1377 · Cross-head fastener,Fixings,metal,1,15.138684520894271,5.0,5.0,7.530000000000001,Schematic internal layout
SFC-1378,MainboardTower1,SFC-1378 · Original lower-shell motherboard support tower001,Fixings,sfcgray,1,378.1692156758712,7.599999999999994,7.599999999999994,10.0,Schematic internal layout
SFC-1379,MainboardStandoff1,SFC-1379 · Mainboard spacing collar001,Fixings,sfcgray,1,62.077870834934345,7.199999999999989,7.199999999999989,1.8999999999999986,Schematic internal layout
SFC-1380,MainboardScrew1,SFC-1380 · Cross-head fastener001,Fixings,metal,1,15.13868452089427,5.0,5.0,7.530000000000001,Schematic internal layout
SFC-1381,MainboardTower2,SFC-1381 · Original lower-shell motherboard support tower002,Fixings,sfcgray,1,378.16921567587116,7.599999999999994,7.599999999999994,10.0,Schematic internal layout
SFC-1382,MainboardStandoff2,SFC-1382 · Mainboard spacing collar002,Fixings,sfcgray,1,62.077870834934295,7.199999999999989,7.200000000000003,1.8999999999999986,Schematic internal layout
SFC-1383,MainboardScrew2,SFC-1383 · Cross-head fastener002,Fixings,metal,1,15.138684520894277,5.0,5.0,7.530000000000001,Schematic internal layout
SFC-1384,MainboardTower3,SFC-1384 · Original lower-shell motherboard support tower003,Fixings,sfcgray,1,378.16921567587116,7.599999999999994,7.599999999999994,10.0,Schematic internal layout
SFC-1385,MainboardStandoff3,SFC-1385 · Mainboard spacing collar003,Fixings,sfcgray,1,62.077870834934295,7.199999999999989,7.200000000000003,1.8999999999999986,Schematic internal layout
SFC-1386,MainboardScrew3,SFC-1386 · Cross-head fastener003,Fixings,metal,1,15.138684520894277,5.0,5.0,7.530000000000001,Schematic internal layout
SFC-1387,MainboardTower4,SFC-1387 · Original lower-shell motherboard support tower004,Fixings,sfcgray,1,378.1692156758712,7.599999999999994,7.599999999999994,10.0,Schematic internal layout
SFC-1388,MainboardStandoff4,SFC-1388 · Mainboard spacing collar004,Fixings,sfcgray,1,62.077870834934345,7.199999999999989,7.199999999999989,1.8999999999999986,Schematic internal layout
SFC-1389,MainboardScrew4,SFC-1389 · Cross-head fastener004,Fixings,metal,1,15.138684520894266,5.0,5.0,7.530000000000001,Schematic internal layout
SFC-1390,MainboardTower5,SFC-1390 · Original lower-shell motherboard support tower005,Fixings,sfcgray,1,378.1692156758712,7.599999999999994,7.599999999999994,10.0,Schematic internal layout
SFC-1391,MainboardStandoff5,SFC-1391 · Mainboard spacing collar005,Fixings,sfcgray,1,62.077870834934345,7.199999999999989,7.199999999999989,1.8999999999999986,Schematic internal layout
SFC-1392,MainboardScrew5,SFC-1392 · Cross-head fastener005,Fixings,metal,1,15.138684520894266,5.0,5.0,7.530000000000001,Schematic internal layout
SFC-1393,CaseTower0,SFC-1393 · Case screw support tower,Fixings,sfcgray,1,1017.9152896712628,8.199999999999989,8.199999999999989,23.0,Schematic internal layout
SFC-1394,CaseGamebit0,SFC-1394 · Original six-lobe gamebit case fastener study,Fixings,metal,1,141.1671957565162,5.449107142857713,5.599999999999994,27.55,Schematic internal layout
SFC-1395,CaseTower1,SFC-1395 · Case screw support tower001,Fixings,sfcgray,1,1017.915289671263,8.199999999999989,8.199999999999989,23.0,Schematic internal layout
SFC-1396,CaseGamebit1,SFC-1396 · Original six-lobe gamebit case fastener study001,Fixings,metal,1,141.16719575656458,5.449107142857713,5.599999999999994,27.55,Schematic internal layout
SFC-1397,CaseTower2,SFC-1397 · Case screw support tower002,Fixings,sfcgray,1,1017.9152896712625,8.199999999999989,8.2,23.0,Schematic internal layout
SFC-1398,CaseGamebit2,SFC-1398 · Original six-lobe gamebit case fastener study002,Fixings,metal,1,141.16719575654483,5.4491071428571445,5.6,27.55,Schematic internal layout
SFC-1399,CaseTower3,SFC-1399 · Case screw support tower003,Fixings,sfcgray,1,1017.9152896712625,8.199999999999989,8.2,23.0,Schematic internal layout
SFC-1400,CaseGamebit3,SFC-1400 · Original six-lobe gamebit case fastener study003,Fixings,metal,1,141.1671957565448,5.4491071428571445,5.6,27.55,Schematic internal layout
SFC-1401,CaseTower4,SFC-1401 · Case screw support tower004,Fixings,sfcgray,1,1017.9152896712628,8.199999999999989,8.199999999999989,23.0,Schematic internal layout
SFC-1402,CaseGamebit4,SFC-1402 · Original six-lobe gamebit case fastener study004,Fixings,metal,1,141.16719575653855,5.4491071428571445,5.599999999999994,27.55,Schematic internal layout
SFC-1403,CaseTower5,SFC-1403 · Case screw support tower005,Fixings,sfcgray,1,1017.9152896712628,8.199999999999989,8.199999999999989,23.0,Schematic internal layout
SFC-1404,CaseGamebit5,SFC-1404 · Original six-lobe gamebit case fastener study005,Fixings,metal,1,141.16719575654668,5.4491071428571445,5.599999999999994,27.55,Schematic internal layout
SFC-1405,BottomLabel,SFC-1405 · Original underside model-label study,Body,white,1,57.56566370614361,60.0,24.0,0.040000000000000036,Japanese original curved grey enclosure; published envelope and approximate local details
SFC-1406,BottomModelMark,SFC-1406 · SHVC-001,Body,sfcink,8,0.5100982548646454,25.143120905369127,3.8979867771811882,0.018000200000000133,Japanese original curved grey enclosure; published envelope and approximate local details
SFC-1407,Pad1Bottom,SFC-1407 · Pad1BottomBody007,Controller1,sfcgray,1,15439.40867800066,144.0000002,58.00000019999999,10.500000199999999,Japanese original curved grey enclosure; published envelope and approximate local details
SFC-1408,Pad1Top,SFC-1408 · Pad1TopBody013,Controller1,sfcgray,1,12852.863532470275,144.0000002,58.00000019999999,10.300000200000001,Japanese original curved grey enclosure; published envelope and approximate local details
SFC-1409,Pad1ABXYPanel,SFC-1409 · Original dark circular four-button inset panel004,Controller1,sfcface,1,1020.1191169177557,50.0,50.0,0.6499999999999986,Japanese original curved grey enclosure; published envelope and approximate local details
SFC-1410,Pad1DpadRing,SFC-1410 · Original D-pad circular recess surround,Controller1,sfcgray,1,20.809909737379655,38.0,38.0,0.14999999999999858,Japanese original curved grey enclosure; published envelope and approximate local details
SFC-1411,Pad1NintendoMark,SFC-1411 · Nintendo001,Controller1,sfcink,9,0.27286990606595996,16.979698086577173,2.995973354362434,0.01800020000000302,Japanese original curved grey enclosure; published envelope and approximate local details
SFC-1412,Pad1SFCMark,SFC-1412 · SUPER FAMICOM001,Controller1,sfcink,12,0.2108766328037401,19.890704797986572,1.8515438241610696,0.01800020000000302,Japanese original curved grey enclosure; published envelope and approximate local details
SFC-1413,Pad1A,SFC-1413 · Original convex colored A cap,Controller1,sfcred,1,739.612555024034,10.6000002,10.60000020000001,10.399999999999999,Japanese original curved grey enclosure; published envelope and approximate local details
SFC-1414,Pad1B,SFC-1414 · Original convex colored B cap,Controller1,sfcyellow,1,739.612555024034,10.600000199999997,10.60000020000001,10.399999999999999,Japanese original curved grey enclosure; published envelope and approximate local details
SFC-1415,Pad1X,SFC-1415 · Original convex colored X cap,Controller1,sfcblue,1,739.612555024034,10.600000199999997,10.60000020000001,10.399999999999999,Japanese original curved grey enclosure; published envelope and approximate local details
SFC-1416,Pad1Y,SFC-1416 · Original convex colored Y cap,Controller1,sfcgreen,1,739.612555024034,10.60000019999999,10.60000020000001,10.399999999999999,Japanese original curved grey enclosure; published envelope and approximate local details
SFC-1417,Pad1AMark,SFC-1417 · A,Controller1,white,1,0.032641701101583896,2.2379194630872483,2.44295302013424,0.018000000000000682,Japanese original curved grey enclosure; published envelope and approximate local details
SFC-1418,Pad1BMark,SFC-1418 · B,Controller1,white,1,0.041113981346772646,1.7324246966443013,2.4429532201342283,0.01800020000000302,Japanese original curved grey enclosure; published envelope and approximate local details
SFC-1419,Pad1XMark,SFC-1419 · X,Controller1,white,1,0.02981607790576763,2.090687919463093,2.44295302013424,0.018000000000000682,Japanese original curved grey enclosure; published envelope and approximate local details
SFC-1420,Pad1YMark,SFC-1420 · Y,Controller1,white,1,0.02229460121588021,2.0596057046980007,2.44295302013424,0.018000000000000682,Japanese original curved grey enclosure; published envelope and approximate local details
SFC-1421,Pad1Dpad,SFC-1421 · Original pivoted cross direction key,Controller1,sfcbutton,1,1362.3814545985467,23.0,23.0,11.5,Japanese original curved grey enclosure; published envelope and approximate local details
SFC-1422,Pad1DpadArrow0,SFC-1422 · Subtle direction arrow,Controller1,sfcface,1,0.12749999999999792,3.4000000000000057,3.0,0.02499999999999858,Japanese original curved grey enclosure; published envelope and approximate local details
SFC-1423,Pad1DpadArrow1,SFC-1423 · Subtle direction arrow001,Controller1,sfcface,1,0.12749999999999792,3.000000000000014,3.4000000000000057,0.02499999999999858,Japanese original curved grey enclosure; published envelope and approximate local details
SFC-1424,Pad1DpadArrow2,SFC-1424 · Subtle direction arrow002,Controller1,sfcface,1,0.12749999999999792,3.4000000000000057,3.0,0.02499999999999858,Japanese original curved grey enclosure; published envelope and approximate local details
SFC-1425,Pad1DpadArrow3,SFC-1425 · Subtle direction arrow003,Controller1,sfcface,1,0.12749999999999792,3.0,3.4000000000000057,0.02499999999999858,Japanese original curved grey enclosure; published envelope and approximate local details
SFC-1426,Pad1Select,SFC-1426 · Original diagonal Select key,Controller1,sfcbutton,1,175.4356063170963,9.830987595794198,11.74647733771019,2.8000000000000007,Japanese original curved grey enclosure; published envelope and approximate local details
SFC-1427,Pad1SelectStem,SFC-1427 · Independent key actuator,Controller1,sfcbutton,1,129.70367712849523,3.5,5.0,8.2,Schematic internal layout
SFC-1428,Pad1SelectMark,SFC-1428 · SELECT,Controller1,sfcink,6,0.07184666273663558,8.105092381879189,1.6566444953020039,0.01800020000000302,Japanese original curved grey enclosure; published envelope and approximate local details
SFC-1429,Pad1Start,SFC-1429 · Original diagonal Start key,Controller1,sfcbutton,1,175.4356063170963,9.830987595794198,11.74647733771019,2.8000000000000007,Japanese original curved grey enclosure; published envelope and approximate local details
SFC-1430,Pad1StartStem,SFC-1430 · Independent key actuator001,Controller1,sfcbutton,1,129.70367712849523,3.5,5.0,8.2,Schematic internal layout
SFC-1431,Pad1StartMark,SFC-1431 · START,Controller1,sfcink,5,0.06290786034458698,6.621870905369121,1.6566444953020039,0.01800020000000302,Japanese original curved grey enclosure; published envelope and approximate local details
SFC-1432,Pad1DpadMembrane,SFC-1432 · Original Dpad rubber contact membrane,Controller1,rubber,1,1081.61811789034,31.0,31.0,3.0500000000000007,Schematic internal layout
SFC-1433,Pad1DpadCarbon0,SFC-1433 · Independent conductive rubber contact,Controller1,black,1,2.3561944901923386,5.0,5.0,0.11999999999999922,Schematic internal layout
SFC-1434,Pad1DpadCarbon1,SFC-1434 · Independent conductive rubber contact001,Controller1,black,1,2.3561944901923386,5.0,5.0,0.11999999999999922,Schematic internal layout
SFC-1435,Pad1DpadCarbon2,SFC-1435 · Independent conductive rubber contact002,Controller1,black,1,2.3561944901923386,5.0,5.0,0.11999999999999922,Schematic internal layout
SFC-1436,Pad1DpadCarbon3,SFC-1436 · Independent conductive rubber contact003,Controller1,black,1,2.3561944901923386,5.0,5.0,0.11999999999999922,Schematic internal layout
SFC-1437,Pad1ABXYMembrane,SFC-1437 · Original ABXY rubber contact membrane001,Controller1,rubber,1,1620.4650151699072,40.0,39.992155904302365,3.0500000000000007,Schematic internal layout
SFC-1438,Pad1ABXYCarbon0,SFC-1438 · Independent conductive rubber contact004,Controller1,black,1,2.3561944901923386,5.0,5.0,0.11999999999999922,Schematic internal layout
SFC-1439,Pad1ABXYCarbon1,SFC-1439 · Independent conductive rubber contact005,Controller1,black,1,2.3561944901923386,5.0,5.0,0.11999999999999922,Schematic internal layout
SFC-1440,Pad1ABXYCarbon2,SFC-1440 · Independent conductive rubber contact006,Controller1,black,1,2.3561944901923386,5.0,5.0,0.11999999999999922,Schematic internal layout
SFC-1441,Pad1ABXYCarbon3,SFC-1441 · Independent conductive rubber contact007,Controller1,black,1,2.3561944901923373,5.0,5.0,0.11999999999999922,Schematic internal layout
SFC-1442,Pad1StartSelectMembrane,SFC-1442 · Original shared Start/Select rubber membrane,Controller1,rubber,1,342.40176727053887,29.0,11.0,1.0999999999999996,Schematic internal layout
SFC-1443,Pad1MenuDome0,SFC-1443 · Start/Select rubber dome,Controller1,rubber,1,41.22397880040527,5.400000000000006,5.399999999999977,1.8000000000000007,Schematic internal layout
SFC-1444,Pad1MenuCarbon0,SFC-1444 · Start/Select conductive contact,Controller1,black,1,1.8246370132049492,4.400000000000006,4.399999999999977,0.11999999999999922,Schematic internal layout
SFC-1445,Pad1MenuDome1,SFC-1445 · Start/Select rubber dome001,Controller1,rubber,1,41.22397880040527,5.400000000000006,5.399999999999977,1.8000000000000007,Schematic internal layout
SFC-1446,Pad1MenuCarbon1,SFC-1446 · Start/Select conductive contact001,Controller1,black,1,1.8246370132049488,4.400000000000006,4.399999999999977,0.11999999999999922,Schematic internal layout
SFC-1447,Pad1PCB,SFC-1447 · Original 1992-era dual-shift-register controller PCB001,Controller1,pcb,1,5819.2406587866835,132.0,40.0,1.1999999999999993,Schematic internal layout
SFC-1448,Pad1CarbonTrace0_0,SFC-1448 · Schematic interleaved carbon contact finger,Controller1,black,1,0.0242793982236863,0.44999999999998863,3.6000000000000227,0.015000000000000568,Schematic internal layout
SFC-1449,Pad1CarbonTrace0_1,SFC-1449 · Schematic interleaved carbon contact finger001,Controller1,black,1,0.0242793982236863,0.44999999999998863,3.6000000000000227,0.015000000000000568,Schematic internal layout
SFC-1450,Pad1CarbonTrace0_2,SFC-1450 · Schematic interleaved carbon contact finger002,Controller1,black,1,0.0242793982236863,0.44999999999998863,3.6000000000000227,0.015000000000000568,Schematic internal layout
SFC-1451,Pad1CarbonTrace0_3,SFC-1451 · Schematic interleaved carbon contact finger003,Controller1,black,1,0.0242793982236863,0.44999999999998863,3.6000000000000227,0.015000000000000568,Schematic internal layout
SFC-1452,Pad1CarbonTrace0_4,SFC-1452 · Schematic interleaved carbon contact finger004,Controller1,black,1,0.024279398223686303,0.44999999999998863,3.6000000000000227,0.015000000000000568,Schematic internal layout
SFC-1453,Pad1CarbonTrace1_0,SFC-1453 · Schematic interleaved carbon contact finger005,Controller1,black,1,0.024279398223686306,0.44999999999998863,3.6000000000000227,0.015000000000000568,Schematic internal layout
SFC-1454,Pad1CarbonTrace1_1,SFC-1454 · Schematic interleaved carbon contact finger006,Controller1,black,1,0.024279398223686306,0.45000000000001705,3.6000000000000227,0.015000000000000568,Schematic internal layout
SFC-1455,Pad1CarbonTrace1_2,SFC-1455 · Schematic interleaved carbon contact finger007,Controller1,black,1,0.02427939822368631,0.45000000000001705,3.6000000000000227,0.015000000000000568,Schematic internal layout
SFC-1456,Pad1CarbonTrace1_3,SFC-1456 · Schematic interleaved carbon contact finger008,Controller1,black,1,0.024279398223686306,0.45000000000001705,3.6000000000000227,0.015000000000000568,Schematic internal layout
SFC-1457,Pad1CarbonTrace1_4,SFC-1457 · Schematic interleaved carbon contact finger009,Controller1,black,1,0.02427939822368631,0.45000000000001705,3.6000000000000227,0.015000000000000568,Schematic internal layout
SFC-1458,Pad1CarbonTrace2_0,SFC-1458 · Schematic interleaved carbon contact finger010,Controller1,black,1,0.024279398223686306,0.44999999999998863,3.6000000000000227,0.015000000000000568,Schematic internal layout
SFC-1459,Pad1CarbonTrace2_1,SFC-1459 · Schematic interleaved carbon contact finger011,Controller1,black,1,0.024279398223686306,0.44999999999998863,3.6000000000000227,0.015000000000000568,Schematic internal layout
SFC-1460,Pad1CarbonTrace2_2,SFC-1460 · Schematic interleaved carbon contact finger012,Controller1,black,1,0.024279398223686303,0.44999999999998863,3.6000000000000227,0.015000000000000568,Schematic internal layout
SFC-1461,Pad1CarbonTrace2_3,SFC-1461 · Schematic interleaved carbon contact finger013,Controller1,black,1,0.024279398223686303,0.44999999999998863,3.6000000000000227,0.015000000000000568,Schematic internal layout
SFC-1462,Pad1CarbonTrace2_4,SFC-1462 · Schematic interleaved carbon contact finger014,Controller1,black,1,0.024279398223686303,0.44999999999998863,3.6000000000000227,0.015000000000000568,Schematic internal layout
SFC-1463,Pad1CarbonTrace3_0,SFC-1463 · Schematic interleaved carbon contact finger015,Controller1,black,1,0.024279398223686303,0.44999999999998863,3.6000000000000227,0.015000000000000568,Schematic internal layout
SFC-1464,Pad1CarbonTrace3_1,SFC-1464 · Schematic interleaved carbon contact finger016,Controller1,black,1,0.024279398223686303,0.44999999999998863,3.6000000000000227,0.015000000000000568,Schematic internal layout
SFC-1465,Pad1CarbonTrace3_2,SFC-1465 · Schematic interleaved carbon contact finger017,Controller1,black,1,0.024279398223686303,0.44999999999998863,3.6000000000000227,0.015000000000000568,Schematic internal layout
SFC-1466,Pad1CarbonTrace3_3,SFC-1466 · Schematic interleaved carbon contact finger018,Controller1,black,1,0.024279398223686303,0.44999999999998863,3.6000000000000227,0.015000000000000568,Schematic internal layout
SFC-1467,Pad1CarbonTrace3_4,SFC-1467 · Schematic interleaved carbon contact finger019,Controller1,black,1,0.024279398223686306,0.44999999999998863,3.6000000000000227,0.015000000000000568,Schematic internal layout
SFC-1468,Pad1CarbonTrace4_0,SFC-1468 · Schematic interleaved carbon contact finger020,Controller1,black,1,0.024279398223686556,0.45000000000000284,3.6000000000000227,0.015000000000000568,Schematic internal layout
SFC-1469,Pad1CarbonTrace4_1,SFC-1469 · Schematic interleaved carbon contact finger021,Controller1,black,1,0.02427939822368656,0.45000000000000284,3.6000000000000227,0.015000000000000568,Schematic internal layout
SFC-1470,Pad1CarbonTrace4_2,SFC-1470 · Schematic interleaved carbon contact finger022,Controller1,black,1,0.024279398223686553,0.45000000000000284,3.6000000000000227,0.015000000000000568,Schematic internal layout
SFC-1471,Pad1CarbonTrace4_3,SFC-1471 · Schematic interleaved carbon contact finger023,Controller1,black,1,0.02427939822368656,0.45000000000000284,3.6000000000000227,0.015000000000000568,Schematic internal layout
SFC-1472,Pad1CarbonTrace4_4,SFC-1472 · Schematic interleaved carbon contact finger024,Controller1,black,1,0.02427939822368656,0.45000000000000284,3.6000000000000227,0.015000000000000568,Schematic internal layout
SFC-1473,Pad1CarbonTrace5_0,SFC-1473 · Schematic interleaved carbon contact finger025,Controller1,black,1,0.024279398223686553,0.45000000000000284,3.6000000000000227,0.015000000000000568,Schematic internal layout
SFC-1474,Pad1CarbonTrace5_1,SFC-1474 · Schematic interleaved carbon contact finger026,Controller1,black,1,0.024279398223686553,0.45000000000000284,3.6000000000000227,0.015000000000000568,Schematic internal layout
SFC-1475,Pad1CarbonTrace5_2,SFC-1475 · Schematic interleaved carbon contact finger027,Controller1,black,1,0.024279398223686553,0.45000000000000284,3.6000000000000227,0.015000000000000568,Schematic internal layout
SFC-1476,Pad1CarbonTrace5_3,SFC-1476 · Schematic interleaved carbon contact finger028,Controller1,black,1,0.02427939822368655,0.45000000000000284,3.6000000000000227,0.015000000000000568,Schematic internal layout
SFC-1477,Pad1CarbonTrace5_4,SFC-1477 · Schematic interleaved carbon contact finger029,Controller1,black,1,0.02427939822368655,0.45000000000000284,3.6000000000000227,0.015000000000000568,Schematic internal layout
SFC-1478,Pad1CarbonTrace6_0,SFC-1478 · Schematic interleaved carbon contact finger030,Controller1,black,1,0.024279398223686553,0.45000000000000284,3.6000000000000227,0.015000000000000568,Schematic internal layout
SFC-1479,Pad1CarbonTrace6_1,SFC-1479 · Schematic interleaved carbon contact finger031,Controller1,black,1,0.024279398223686553,0.45000000000000284,3.6000000000000227,0.015000000000000568,Schematic internal layout
SFC-1480,Pad1CarbonTrace6_2,SFC-1480 · Schematic interleaved carbon contact finger032,Controller1,black,1,0.024279398223686553,0.45000000000000284,3.6000000000000227,0.015000000000000568,Schematic internal layout
SFC-1481,Pad1CarbonTrace6_3,SFC-1481 · Schematic interleaved carbon contact finger033,Controller1,black,1,0.02427939822368655,0.45000000000000284,3.6000000000000227,0.015000000000000568,Schematic internal layout
SFC-1482,Pad1CarbonTrace6_4,SFC-1482 · Schematic interleaved carbon contact finger034,Controller1,black,1,0.02427939822368655,0.45000000000000284,3.6000000000000227,0.015000000000000568,Schematic internal layout
SFC-1483,Pad1CarbonTrace7_0,SFC-1483 · Schematic interleaved carbon contact finger035,Controller1,black,1,0.02427939822368656,0.45000000000000284,3.6000000000000227,0.015000000000000568,Schematic internal layout
SFC-1484,Pad1CarbonTrace7_1,SFC-1484 · Schematic interleaved carbon contact finger036,Controller1,black,1,0.024279398223686556,0.45000000000000284,3.6000000000000227,0.015000000000000568,Schematic internal layout
SFC-1485,Pad1CarbonTrace7_2,SFC-1485 · Schematic interleaved carbon contact finger037,Controller1,black,1,0.024279398223686553,0.45000000000000284,3.6000000000000227,0.015000000000000568,Schematic internal layout
SFC-1486,Pad1CarbonTrace7_3,SFC-1486 · Schematic interleaved carbon contact finger038,Controller1,black,1,0.024279398223686556,0.45000000000000284,3.6000000000000227,0.015000000000000568,Schematic internal layout
SFC-1487,Pad1CarbonTrace7_4,SFC-1487 · Schematic interleaved carbon contact finger039,Controller1,black,1,0.024279398223686556,0.45000000000000284,3.6000000000000227,0.015000000000000568,Schematic internal layout
SFC-1488,Pad1CarbonTrace8_0,SFC-1488 · Schematic interleaved carbon contact finger040,Controller1,black,1,0.024279398223686306,0.45000000000001705,3.6000000000000227,0.015000000000000568,Schematic internal layout
SFC-1489,Pad1CarbonTrace8_1,SFC-1489 · Schematic interleaved carbon contact finger041,Controller1,black,1,0.024279398223686313,0.45000000000001705,3.6000000000000227,0.015000000000000568,Schematic internal layout
SFC-1490,Pad1CarbonTrace8_2,SFC-1490 · Schematic interleaved carbon contact finger042,Controller1,black,1,0.024279398223686306,0.45000000000001705,3.6000000000000227,0.015000000000000568,Schematic internal layout
SFC-1491,Pad1CarbonTrace8_3,SFC-1491 · Schematic interleaved carbon contact finger043,Controller1,black,1,0.024279398223686313,0.45000000000001705,3.6000000000000227,0.015000000000000568,Schematic internal layout
SFC-1492,Pad1CarbonTrace8_4,SFC-1492 · Schematic interleaved carbon contact finger044,Controller1,black,1,0.024279398223686306,0.45000000000001705,3.6000000000000227,0.015000000000000568,Schematic internal layout
SFC-1493,Pad1CarbonTrace9_0,SFC-1493 · Schematic interleaved carbon contact finger045,Controller1,black,1,0.02427939822368631,0.45000000000001705,3.6000000000000227,0.015000000000000568,Schematic internal layout
SFC-1494,Pad1CarbonTrace9_1,SFC-1494 · Schematic interleaved carbon contact finger046,Controller1,black,1,0.02427939822368631,0.45000000000001705,3.6000000000000227,0.015000000000000568,Schematic internal layout
SFC-1495,Pad1CarbonTrace9_2,SFC-1495 · Schematic interleaved carbon contact finger047,Controller1,black,1,0.024279398223686306,0.45000000000001705,3.6000000000000227,0.015000000000000568,Schematic internal layout
SFC-1496,Pad1CarbonTrace9_3,SFC-1496 · Schematic interleaved carbon contact finger048,Controller1,black,1,0.02427939822368631,0.45000000000001705,3.6000000000000227,0.015000000000000568,Schematic internal layout
SFC-1497,Pad1CarbonTrace9_4,SFC-1497 · Schematic interleaved carbon contact finger049,Controller1,black,1,0.024279398223686306,0.45000000000001705,3.6000000000000227,0.015000000000000568,Schematic internal layout
SFC-1498,Pad1ShiftIC0,SFC-1498 · 4021,Controller1,black,1,125.81072118011656,7.0,10.0,1.8000000000000007,Schematic internal layout
SFC-1499,Pad1ShiftIC0Lead0_0,SFC-1499 · Individual schematic IC lead706,Controller1,metal,1,0.16599911485751606,1.6999999999999886,0.35000000000002274,0.28000000000000025,Schematic internal layout
SFC-1500,Pad1ShiftIC0Lead0_1,SFC-1500 · Individual schematic IC lead707,Controller1,metal,1,0.16599911485751603,1.6999999999999886,0.35000000000002274,0.28000000000000025,Schematic internal layout
SFC-1501,Pad1ShiftIC0Lead0_2,SFC-1501 · Individual schematic IC lead708,Controller1,metal,1,0.16599911485751603,1.6999999999999886,0.35000000000002274,0.28000000000000025,Schematic internal layout
SFC-1502,Pad1ShiftIC0Lead0_3,SFC-1502 · Individual schematic IC lead709,Controller1,metal,1,0.16599911485751606,1.6999999999999886,0.35000000000002274,0.28000000000000025,Schematic internal layout
SFC-1503,Pad1ShiftIC0Lead0_4,SFC-1503 · Individual schematic IC lead710,Controller1,metal,1,0.16599911485751606,1.6999999999999886,0.35000000000002274,0.28000000000000025,Schematic internal layout
SFC-1504,Pad1ShiftIC0Lead0_5,SFC-1504 · Individual schematic IC lead711,Controller1,metal,1,0.16599911485751603,1.6999999999999886,0.35000000000002274,0.28000000000000025,Schematic internal layout
SFC-1505,Pad1ShiftIC0Lead0_6,SFC-1505 · Individual schematic IC lead712,Controller1,metal,1,0.16599911485751603,1.6999999999999886,0.35000000000002274,0.28000000000000025,Schematic internal layout
SFC-1506,Pad1ShiftIC0Lead0_7,SFC-1506 · Individual schematic IC lead713,Controller1,metal,1,0.16599911485751606,1.6999999999999886,0.35000000000002274,0.28000000000000025,Schematic internal layout
SFC-1507,Pad1ShiftIC0Lead1_0,SFC-1507 · Individual schematic IC lead714,Controller1,metal,1,0.165999114857516,1.6999999999999886,0.35000000000002274,0.28000000000000025,Schematic internal layout
SFC-1508,Pad1ShiftIC0Lead1_1,SFC-1508 · Individual schematic IC lead715,Controller1,metal,1,0.16599911485751603,1.6999999999999886,0.35000000000002274,0.28000000000000025,Schematic internal layout
SFC-1509,Pad1ShiftIC0Lead1_2,SFC-1509 · Individual schematic IC lead716,Controller1,metal,1,0.16599911485751603,1.6999999999999886,0.35000000000002274,0.28000000000000025,Schematic internal layout
SFC-1510,Pad1ShiftIC0Lead1_3,SFC-1510 · Individual schematic IC lead717,Controller1,metal,1,0.165999114857516,1.6999999999999886,0.35000000000002274,0.28000000000000025,Schematic internal layout
SFC-1511,Pad1ShiftIC0Lead1_4,SFC-1511 · Individual schematic IC lead718,Controller1,metal,1,0.165999114857516,1.6999999999999886,0.35000000000002274,0.28000000000000025,Schematic internal layout
SFC-1512,Pad1ShiftIC0Lead1_5,SFC-1512 · Individual schematic IC lead719,Controller1,metal,1,0.16599911485751603,1.6999999999999886,0.35000000000002274,0.28000000000000025,Schematic internal layout
SFC-1513,Pad1ShiftIC0Lead1_6,SFC-1513 · Individual schematic IC lead720,Controller1,metal,1,0.16599911485751603,1.6999999999999886,0.35000000000002274,0.28000000000000025,Schematic internal layout
SFC-1514,Pad1ShiftIC0Lead1_7,SFC-1514 · Individual schematic IC lead721,Controller1,metal,1,0.165999114857516,1.6999999999999886,0.35000000000002274,0.28000000000000025,Schematic internal layout
SFC-1515,Pad1ShiftIC0Dot,SFC-1515 · IC orientation index016,Controller1,white,1,0.01900663555421813,1.0999999999999943,1.1000000000000227,0.019999999999999574,Schematic internal layout
SFC-1516,Pad1ShiftIC1,SFC-1516 · 4024,Controller1,black,1,125.81072118011657,7.0,10.0,1.8000000000000007,Schematic internal layout
SFC-1517,Pad1ShiftIC1Lead0_0,SFC-1517 · Individual schematic IC lead722,Controller1,metal,1,0.16599911485751603,1.6999999999999886,0.35000000000002274,0.28000000000000025,Schematic internal layout
SFC-1518,Pad1ShiftIC1Lead0_1,SFC-1518 · Individual schematic IC lead723,Controller1,metal,1,0.16599911485751606,1.6999999999999886,0.35000000000002274,0.28000000000000025,Schematic internal layout
SFC-1519,Pad1ShiftIC1Lead0_2,SFC-1519 · Individual schematic IC lead724,Controller1,metal,1,0.16599911485751603,1.6999999999999886,0.35000000000002274,0.28000000000000025,Schematic internal layout
SFC-1520,Pad1ShiftIC1Lead0_3,SFC-1520 · Individual schematic IC lead725,Controller1,metal,1,0.16599911485751603,1.6999999999999886,0.35000000000002274,0.28000000000000025,Schematic internal layout
SFC-1521,Pad1ShiftIC1Lead0_4,SFC-1521 · Individual schematic IC lead726,Controller1,metal,1,0.16599911485751603,1.6999999999999886,0.35000000000002274,0.28000000000000025,Schematic internal layout
SFC-1522,Pad1ShiftIC1Lead0_5,SFC-1522 · Individual schematic IC lead727,Controller1,metal,1,0.16599911485751603,1.6999999999999886,0.35000000000002274,0.28000000000000025,Schematic internal layout
SFC-1523,Pad1ShiftIC1Lead0_6,SFC-1523 · Individual schematic IC lead728,Controller1,metal,1,0.16599911485751603,1.6999999999999886,0.35000000000002274,0.28000000000000025,Schematic internal layout
SFC-1524,Pad1ShiftIC1Lead0_7,SFC-1524 · Individual schematic IC lead729,Controller1,metal,1,0.16599911485751603,1.6999999999999886,0.35000000000002274,0.28000000000000025,Schematic internal layout
SFC-1525,Pad1ShiftIC1Lead1_0,SFC-1525 · Individual schematic IC lead730,Controller1,metal,1,0.16599911485751603,1.6999999999999886,0.35000000000002274,0.28000000000000025,Schematic internal layout
SFC-1526,Pad1ShiftIC1Lead1_1,SFC-1526 · Individual schematic IC lead731,Controller1,metal,1,0.16599911485751603,1.6999999999999886,0.35000000000002274,0.28000000000000025,Schematic internal layout
SFC-1527,Pad1ShiftIC1Lead1_2,SFC-1527 · Individual schematic IC lead732,Controller1,metal,1,0.16599911485751603,1.6999999999999886,0.35000000000002274,0.28000000000000025,Schematic internal layout
SFC-1528,Pad1ShiftIC1Lead1_3,SFC-1528 · Individual schematic IC lead733,Controller1,metal,1,0.16599911485751603,1.6999999999999886,0.35000000000002274,0.28000000000000025,Schematic internal layout
SFC-1529,Pad1ShiftIC1Lead1_4,SFC-1529 · Individual schematic IC lead734,Controller1,metal,1,0.16599911485751603,1.6999999999999886,0.35000000000002274,0.28000000000000025,Schematic internal layout
SFC-1530,Pad1ShiftIC1Lead1_5,SFC-1530 · Individual schematic IC lead735,Controller1,metal,1,0.16599911485751603,1.6999999999999886,0.35000000000002274,0.28000000000000025,Schematic internal layout
SFC-1531,Pad1ShiftIC1Lead1_6,SFC-1531 · Individual schematic IC lead736,Controller1,metal,1,0.16599911485751603,1.6999999999999886,0.35000000000002274,0.28000000000000025,Schematic internal layout
SFC-1532,Pad1ShiftIC1Lead1_7,SFC-1532 · Individual schematic IC lead737,Controller1,metal,1,0.16599911485751603,1.6999999999999886,0.35000000000002274,0.28000000000000025,Schematic internal layout
SFC-1533,Pad1ShiftIC1Dot,SFC-1533 · IC orientation index017,Controller1,white,1,0.01900663555421813,1.0999999999999943,1.1000000000000227,0.019999999999999574,Schematic internal layout
SFC-1534,Pad1Passive0,SFC-1534 · Controller discrete passive envelope,Controller1,white,1,1.648583360527013,2.3000000000000114,1.1999999999999886,0.5999999999999996,Schematic internal layout
SFC-1535,Pad1PassiveEnd0_0,SFC-1535 · Controller passive termination,Controller1,metal,1,0.13696349540849437,0.5,1.1000000000000227,0.25,Schematic internal layout
SFC-1536,Pad1PassiveEnd0_1,SFC-1536 · Controller passive termination001,Controller1,metal,1,0.13696349540849437,0.5,1.1000000000000227,0.25,Schematic internal layout
SFC-1537,Pad1Passive1,SFC-1537 · Controller discrete passive envelope001,Controller1,white,1,1.6485833605270128,2.3000000000000114,1.1999999999999886,0.5999999999999996,Schematic internal layout
SFC-1538,Pad1PassiveEnd1_0,SFC-1538 · Controller passive termination002,Controller1,metal,1,0.13696349540849434,0.5,1.1000000000000227,0.25,Schematic internal layout
SFC-1539,Pad1PassiveEnd1_1,SFC-1539 · Controller passive termination003,Controller1,metal,1,0.13696349540849434,0.5,1.1000000000000227,0.25,Schematic internal layout
SFC-1540,Pad1Passive2,SFC-1540 · Controller discrete passive envelope002,Controller1,white,1,1.648583360527013,2.3000000000000114,1.1999999999999886,0.5999999999999996,Schematic internal layout
SFC-1541,Pad1PassiveEnd2_0,SFC-1541 · Controller passive termination004,Controller1,metal,1,0.13696349540849434,0.5,1.1000000000000227,0.25,Schematic internal layout
SFC-1542,Pad1PassiveEnd2_1,SFC-1542 · Controller passive termination005,Controller1,metal,1,0.13696349540849434,0.5,1.1000000000000227,0.25,Schematic internal layout
SFC-1543,Pad1Passive3,SFC-1543 · Controller discrete passive envelope003,Controller1,white,1,1.648583360527013,2.3000000000000114,1.1999999999999886,0.5999999999999996,Schematic internal layout
SFC-1544,Pad1PassiveEnd3_0,SFC-1544 · Controller passive termination006,Controller1,metal,1,0.13696349540849437,0.5,1.1000000000000227,0.25,Schematic internal layout
SFC-1545,Pad1PassiveEnd3_1,SFC-1545 · Controller passive termination007,Controller1,metal,1,0.13696349540849437,0.5,1.1000000000000227,0.25,Schematic internal layout
SFC-1546,Pad1Passive4,SFC-1546 · Controller discrete passive envelope004,Controller1,white,1,1.6485833605270133,2.3000000000000114,1.1999999999999886,0.5999999999999996,Schematic internal layout
SFC-1547,Pad1PassiveEnd4_0,SFC-1547 · Controller passive termination008,Controller1,metal,1,0.13696349540849434,0.5,1.1000000000000227,0.25,Schematic internal layout
SFC-1548,Pad1PassiveEnd4_1,SFC-1548 · Controller passive termination009,Controller1,metal,1,0.13696349540849434,0.5,1.1000000000000227,0.25,Schematic internal layout
SFC-1549,Pad1Passive5,SFC-1549 · Controller discrete passive envelope005,Controller1,white,1,1.6485833605270133,2.3000000000000114,1.1999999999999886,0.5999999999999996,Schematic internal layout
SFC-1550,Pad1PassiveEnd5_0,SFC-1550 · Controller passive termination010,Controller1,metal,1,0.13696349540849434,0.5,1.1000000000000227,0.25,Schematic internal layout
SFC-1551,Pad1PassiveEnd5_1,SFC-1551 · Controller passive termination011,Controller1,metal,1,0.13696349540849434,0.5,1.1000000000000227,0.25,Schematic internal layout
SFC-1552,Pad1Passive6,SFC-1552 · Controller discrete passive envelope006,Controller1,white,1,1.6485833605270135,2.3000000000000114,1.1999999999999886,0.5999999999999996,Schematic internal layout
SFC-1553,Pad1PassiveEnd6_0,SFC-1553 · Controller passive termination012,Controller1,metal,1,0.13696349540849434,0.5,1.1000000000000227,0.25,Schematic internal layout
SFC-1554,Pad1PassiveEnd6_1,SFC-1554 · Controller passive termination013,Controller1,metal,1,0.13696349540849434,0.5,1.1000000000000227,0.25,Schematic internal layout
SFC-1555,Pad1LShoulderTrace0,SFC-1555 · Original integral shoulder-tab carbon contact,Controller1,black,1,0.03597253096491432,0.44999999999998863,4.0,0.019999999999999574,Schematic internal layout
SFC-1556,Pad1LShoulderTrace1,SFC-1556 · Original integral shoulder-tab carbon contact001,Controller1,black,1,0.03597253096491432,0.44999999999998863,4.0,0.019999999999999574,Schematic internal layout
SFC-1557,Pad1LShoulderTrace2,SFC-1557 · Original integral shoulder-tab carbon contact002,Controller1,black,1,0.03597253096491432,0.44999999999998863,4.0,0.019999999999999574,Schematic internal layout
SFC-1558,Pad1LShoulderTrace3,SFC-1558 · Original integral shoulder-tab carbon contact003,Controller1,black,1,0.03597253096491432,0.44999999999998863,4.0,0.019999999999999574,Schematic internal layout
SFC-1559,Pad1LShoulderTrace4,SFC-1559 · Original integral shoulder-tab carbon contact004,Controller1,black,1,0.03597253096491432,0.44999999999998863,4.0,0.019999999999999574,Schematic internal layout
SFC-1560,Pad1RShoulderTrace0,SFC-1560 · Original integral shoulder-tab carbon contact005,Controller1,black,1,0.03597253096491469,0.45000000000000284,4.0,0.019999999999999574,Schematic internal layout
SFC-1561,Pad1RShoulderTrace1,SFC-1561 · Original integral shoulder-tab carbon contact006,Controller1,black,1,0.03597253096491469,0.45000000000000284,4.0,0.019999999999999574,Schematic internal layout
SFC-1562,Pad1RShoulderTrace2,SFC-1562 · Original integral shoulder-tab carbon contact007,Controller1,black,1,0.03597253096491469,0.45000000000000284,4.0,0.019999999999999574,Schematic internal layout
SFC-1563,Pad1RShoulderTrace3,SFC-1563 · Original integral shoulder-tab carbon contact008,Controller1,black,1,0.0359725309649147,0.45000000000000284,4.0,0.019999999999999574,Schematic internal layout
SFC-1564,Pad1RShoulderTrace4,SFC-1564 · Original integral shoulder-tab carbon contact009,Controller1,black,1,0.03597253096491469,0.45000000000000284,4.0,0.019999999999999574,Schematic internal layout
SFC-1565,Pad1PCBMark,SFC-1565 · 1992 Nintendo,Controller1,white,13,0.19173183577035052,18.66140949597316,1.9973156362416091,0.018000199999999467,Japanese original curved grey enclosure; published envelope and approximate local details
SFC-1566,Pad1LKey,SFC-1566 · Original independent L shoulder key,Controller1,sfcgray,1,1307.2155524850841,36.0,9.800000000000011,7.0000000000000036,Japanese original curved grey enclosure; published envelope and approximate local details
SFC-1567,Pad1LPivot,SFC-1567 · Original shoulder pivot pin,Controller1,metal,1,11.545353001942493,1.3999999999999773,7.5,1.3999999999999986,Schematic internal layout
SFC-1568,Pad1LRubber,SFC-1568 · Original separate shoulder rubber dome,Controller1,rubber,1,98.0553899038446,6.800000000000011,6.800000000000011,2.6999999999999993,Schematic internal layout
SFC-1569,Pad1LCarbon,SFC-1569 · Original shoulder conductive pellet,Controller1,black,1,2.171468842161258,4.800000000000011,4.800000000000011,0.11999999999999922,Schematic internal layout
SFC-1570,Pad1LMark,SFC-1570 · L,Controller1,sfcink,1,0.02730343227782596,1.7535654362416437,2.818791946308721,0.018000000000000682,Japanese original curved grey enclosure; published envelope and approximate local details
SFC-1571,Pad1RKey,SFC-1571 · Original independent R shoulder key,Controller1,sfcgray,1,1307.2155524850841,36.0,9.800000000000011,7.0000000000000036,Japanese original curved grey enclosure; published envelope and approximate local details
SFC-1572,Pad1RPivot,SFC-1572 · Original shoulder pivot pin001,Controller1,metal,1,11.545353001942495,1.4000000000000057,7.5,1.3999999999999986,Schematic internal layout
SFC-1573,Pad1RRubber,SFC-1573 · Original separate shoulder rubber dome001,Controller1,rubber,1,98.05538990384466,6.799999999999997,6.800000000000011,2.6999999999999993,Schematic internal layout
SFC-1574,Pad1RCarbon,SFC-1574 · Original shoulder conductive pellet001,Controller1,black,1,2.171468842161259,4.799999999999997,4.800000000000011,0.11999999999999922,Schematic internal layout
SFC-1575,Pad1RMark,SFC-1575 · R,Controller1,sfcink,1,0.04895029050282142,2.195260267114101,2.8187921463087093,0.01800020000000302,Japanese original curved grey enclosure; published envelope and approximate local details
SFC-1576,Pad1LowerPost0,SFC-1576 · Controller lower-shell support post,Controller1,sfcgray,1,79.51685165501114,4.600000000000023,4.600000000000023,5.8999999999999995,Schematic internal layout
SFC-1577,Pad1UpperPost0,SFC-1577 · Controller upper-shell threaded support post,Controller1,sfcgray,1,115.81167158193395,4.399999999999977,4.399999999999977,9.6,Schematic internal layout
SFC-1578,Pad1Screw0,SFC-1578 · Cross-head fastener006,Controller1,metal,1,24.341911180175476,4.0,4.0,17.130000000000003,Schematic internal layout
SFC-1579,Pad1LowerPost1,SFC-1579 · Controller lower-shell support post001,Controller1,sfcgray,1,79.5168516550112,4.600000000000001,4.600000000000023,5.8999999999999995,Schematic internal layout
SFC-1580,Pad1UpperPost1,SFC-1580 · Controller upper-shell threaded support post001,Controller1,sfcgray,1,115.8116715819341,4.399999999999999,4.399999999999977,9.6,Schematic internal layout
SFC-1581,Pad1Screw1,SFC-1581 · Cross-head fastener007,Controller1,metal,1,24.341911180175458,4.0,4.0,17.130000000000003,Schematic internal layout
SFC-1582,Pad1LowerPost2,SFC-1582 · Controller lower-shell support post002,Controller1,sfcgray,1,79.51685165501118,4.599999999999994,4.600000000000023,5.8999999999999995,Schematic internal layout
SFC-1583,Pad1UpperPost2,SFC-1583 · Controller upper-shell threaded support post002,Controller1,sfcgray,1,115.8116715819341,4.400000000000006,4.399999999999977,9.6,Schematic internal layout
SFC-1584,Pad1Screw2,SFC-1584 · Cross-head fastener008,Controller1,metal,1,24.341911180175458,4.0,4.0,17.130000000000003,Schematic internal layout
SFC-1585,Pad1LowerPost3,SFC-1585 · Controller lower-shell support post003,Controller1,sfcgray,1,79.5168516550112,4.599999999999994,4.600000000000023,5.8999999999999995,Schematic internal layout
SFC-1586,Pad1UpperPost3,SFC-1586 · Controller upper-shell threaded support post003,Controller1,sfcgray,1,115.81167158193408,4.400000000000006,4.399999999999977,9.6,Schematic internal layout
SFC-1587,Pad1Screw3,SFC-1587 · Cross-head fastener009,Controller1,metal,1,24.34191118017547,4.0,4.0,17.130000000000003,Schematic internal layout
SFC-1588,Pad1LowerPost4,SFC-1588 · Controller lower-shell support post004,Controller1,sfcgray,1,79.51685165501118,4.599999999999994,4.600000000000023,5.8999999999999995,Schematic internal layout
SFC-1589,Pad1UpperPost4,SFC-1589 · Controller upper-shell threaded support post004,Controller1,sfcgray,1,115.8116715819341,4.400000000000006,4.399999999999977,9.6,Schematic internal layout
SFC-1590,Pad1Screw4,SFC-1590 · Cross-head fastener010,Controller1,metal,1,24.341911180175458,4.0,4.0,17.130000000000003,Schematic internal layout
SFC-1591,Pad1CableSolder0,SFC-1591 · Controller cable PCB solder pad,Controller1,metal,1,0.0958283185307177,0.5999999999999943,2.0,0.08000000000000007,Schematic internal layout
SFC-1592,Pad1CableSolder1,SFC-1592 · Controller cable PCB solder pad001,Controller1,metal,1,0.0958283185307177,0.5999999999999943,2.0,0.08000000000000007,Schematic internal layout
SFC-1593,Pad1CableSolder2,SFC-1593 · Controller cable PCB solder pad002,Controller1,metal,1,0.0958283185307177,0.5999999999999943,2.0,0.08000000000000007,Schematic internal layout
SFC-1594,Pad1CableSolder3,SFC-1594 · Controller cable PCB solder pad003,Controller1,metal,1,0.09582831853071769,0.5999999999999943,2.0,0.08000000000000007,Schematic internal layout
SFC-1595,Pad1CableSolder4,SFC-1595 · Controller cable PCB solder pad004,Controller1,metal,1,0.09582831853071769,0.5999999999999943,2.0,0.08000000000000007,Schematic internal layout
SFC-1596,Pad1CableSolder5,SFC-1596 · Controller cable PCB solder pad005,Controller1,metal,1,0.0958283185307177,0.5999999999999943,2.0,0.08000000000000007,Schematic internal layout
SFC-1597,Pad1CableSolder6,SFC-1597 · Controller cable PCB solder pad006,Controller1,metal,1,0.0958283185307177,0.5999999999999943,2.0,0.08000000000000007,Schematic internal layout
SFC-1598,Pad1Cable,"SFC-1598 · Original wired-controller cable, shortened display route",Controller1,black,1,974.932805676506,82.00000019999999,57.20000009999998,3.000000199999999,Japanese original curved grey enclosure; published envelope and approximate local details
SFC-1599,Pad1Strain,SFC-1599 · Plug cable strain-relief sleeve,Controller1,black,1,43.27858039585289,4.800000000000011,4.800000000000011,4.800000000000001,Japanese original curved grey enclosure; published envelope and approximate local details
SFC-1600,Pad1PlugBody,SFC-1600 · Original seven-contact rectangular controller plug,Controller1,sfcgray,1,5725.663706143591,36.0,16.0,10.0,Japanese original curved grey enclosure; published envelope and approximate local details
SFC-1601,Pad1PlugNose,SFC-1601 · Original keyed controller plug nose001,Controller1,black,1,1477.2601728082882,32.0,7.0,7.500000000000002,Japanese original curved grey enclosure; published envelope and approximate local details
SFC-1602,Pad1PlugContact0,SFC-1602 · Individual controller plug contact,Controller1,gold,1,5.640729609520459,1.6999999999999886,3.799999999999997,1.6999999999999993,Japanese original curved grey enclosure; published envelope and approximate local details
SFC-1603,Pad1PlugContact1,SFC-1603 · Individual controller plug contact001,Controller1,gold,1,5.640729609520459,1.6999999999999886,3.799999999999997,1.6999999999999993,Japanese original curved grey enclosure; published envelope and approximate local details
SFC-1604,Pad1PlugContact2,SFC-1604 · Individual controller plug contact002,Controller1,gold,1,5.640729609520459,1.6999999999999886,3.799999999999997,1.6999999999999993,Japanese original curved grey enclosure; published envelope and approximate local details
SFC-1605,Pad1PlugContact3,SFC-1605 · Individual controller plug contact003,Controller1,gold,1,5.640729609520459,1.6999999999999886,3.799999999999997,1.6999999999999993,Japanese original curved grey enclosure; published envelope and approximate local details
SFC-1606,Pad1PlugContact4,SFC-1606 · Individual controller plug contact004,Controller1,gold,1,5.640729609520459,1.6999999999999886,3.799999999999997,1.6999999999999993,Japanese original curved grey enclosure; published envelope and approximate local details
SFC-1607,Pad1PlugContact5,SFC-1607 · Individual controller plug contact005,Controller1,gold,1,5.640729609520459,1.6999999999999886,3.799999999999997,1.6999999999999993,Japanese original curved grey enclosure; published envelope and approximate local details
SFC-1608,Pad1PlugContact6,SFC-1608 · Individual controller plug contact006,Controller1,gold,1,5.640729609520465,1.6999999999999886,3.799999999999997,1.6999999999999993,Japanese original curved grey enclosure; published envelope and approximate local details
SFC-1609,Pad1PlugGrip0,SFC-1609 · Controller plug grip ridge,Controller1,sfcgray,1,3.7342267650097005,25.0,1.0,0.14999999999999858,Japanese original curved grey enclosure; published envelope and approximate local details
SFC-1610,Pad1PlugGrip1,SFC-1610 · Controller plug grip ridge001,Controller1,sfcgray,1,3.7342267650097005,25.0,1.0,0.14999999999999858,Japanese original curved grey enclosure; published envelope and approximate local details
SFC-1611,Pad1PlugGrip2,SFC-1611 · Controller plug grip ridge002,Controller1,sfcgray,1,3.7342267650097005,25.0,1.0,0.14999999999999858,Japanese original curved grey enclosure; published envelope and approximate local details
SFC-1612,Pad1CordExit,SFC-1612 · Controller cable entry strain-relief sleeve,Controller1,black,1,40.57366912111212,4.800000000000011,4.5,4.800000000000001,Japanese original curved grey enclosure; published envelope and approximate local details
SFC-1613,Pad2Bottom,SFC-1613 · Pad1BottomBody007 / second original controller,Controller2,sfcgray,1,15439.40867800066,144.0000002,58.00000019999999,10.500000199999999,Japanese original curved grey enclosure; published envelope and approximate local details
SFC-1614,Pad2Top,SFC-1614 · Pad1TopBody013 / second original controller,Controller2,sfcgray,1,12852.863532470275,144.0000002,58.00000019999999,10.300000200000001,Japanese original curved grey enclosure; published envelope and approximate local details
SFC-1615,Pad2ABXYPanel,SFC-1615 · Original dark circular four-button inset panel004 / second original controller,Controller2,sfcface,1,1020.1191169177561,50.0,50.0,0.6499999999999986,Japanese original curved grey enclosure; published envelope and approximate local details
SFC-1616,Pad2DpadRing,SFC-1616 · Original D-pad circular recess surround / second original controller,Controller2,sfcgray,1,20.809909737379655,38.0,38.0,0.14999999999999858,Japanese original curved grey enclosure; published envelope and approximate local details
SFC-1617,Pad2NintendoMark,SFC-1617 · Nintendo001 / second original controller,Controller2,sfcink,9,0.2728699060659602,16.979698086577173,2.995973354362434,0.01800020000000302,Japanese original curved grey enclosure; published envelope and approximate local details
SFC-1618,Pad2SFCMark,SFC-1618 · SUPER FAMICOM001 / second original controller,Controller2,sfcink,12,0.21087663280374006,19.890704797986572,1.8515438241610696,0.01800020000000302,Japanese original curved grey enclosure; published envelope and approximate local details
SFC-1619,Pad2A,SFC-1619 · Original convex colored A cap / second original controller,Controller2,sfcred,1,739.6125550240341,10.60000020000001,10.60000020000001,10.399999999999999,Japanese original curved grey enclosure; published envelope and approximate local details
SFC-1620,Pad2B,SFC-1620 · Original convex colored B cap / second original controller,Controller2,sfcyellow,1,739.6125550240339,10.60000020000001,10.60000020000001,10.399999999999999,Japanese original curved grey enclosure; published envelope and approximate local details
SFC-1621,Pad2X,SFC-1621 · Original convex colored X cap / second original controller,Controller2,sfcblue,1,739.6125550240339,10.60000020000001,10.60000020000001,10.399999999999999,Japanese original curved grey enclosure; published envelope and approximate local details
SFC-1622,Pad2Y,SFC-1622 · Original convex colored Y cap / second original controller,Controller2,sfcgreen,1,739.612555024034,10.600000199999982,10.60000020000001,10.399999999999999,Japanese original curved grey enclosure; published envelope and approximate local details
SFC-1623,Pad2AMark,SFC-1623 · A / second original controller,Controller2,white,1,0.03264170110158397,2.237919463087252,2.44295302013424,0.018000000000000682,Japanese original curved grey enclosure; published envelope and approximate local details
SFC-1624,Pad2BMark,SFC-1624 · B / second original controller,Controller2,white,1,0.04111398134677259,1.732424696644273,2.4429532201342283,0.01800020000000302,Japanese original curved grey enclosure; published envelope and approximate local details
SFC-1625,Pad2XMark,SFC-1625 · X / second original controller,Controller2,white,1,0.02981607790576754,2.0906879194631074,2.44295302013424,0.018000000000000682,Japanese original curved grey enclosure; published envelope and approximate local details
SFC-1626,Pad2YMark,SFC-1626 · Y / second original controller,Controller2,white,1,0.02229460121588021,2.0596057046980007,2.44295302013424,0.018000000000000682,Japanese original curved grey enclosure; published envelope and approximate local details
SFC-1627,Pad2Dpad,SFC-1627 · Original pivoted cross direction key / second original controller,Controller2,sfcbutton,1,1362.3814545985467,23.0,23.0,11.5,Japanese original curved grey enclosure; published envelope and approximate local details
SFC-1628,Pad2DpadArrow0,SFC-1628 · Subtle direction arrow / second original controller,Controller2,sfcface,1,0.1274999999999979,3.4000000000000057,3.0,0.02499999999999858,Japanese original curved grey enclosure; published envelope and approximate local details
SFC-1629,Pad2DpadArrow1,SFC-1629 · Subtle direction arrow001 / second original controller,Controller2,sfcface,1,0.12749999999999756,3.0,3.4000000000000057,0.02499999999999858,Japanese original curved grey enclosure; published envelope and approximate local details
SFC-1630,Pad2DpadArrow2,SFC-1630 · Subtle direction arrow002 / second original controller,Controller2,sfcface,1,0.12749999999999787,3.4000000000000057,3.0,0.02499999999999858,Japanese original curved grey enclosure; published envelope and approximate local details
SFC-1631,Pad2DpadArrow3,SFC-1631 · Subtle direction arrow003 / second original controller,Controller2,sfcface,1,0.12749999999999756,3.0,3.4000000000000057,0.02499999999999858,Japanese original curved grey enclosure; published envelope and approximate local details
SFC-1632,Pad2Select,SFC-1632 · Original diagonal Select key / second original controller,Controller2,sfcbutton,1,175.4356063170963,9.830987595794198,11.74647733771019,2.8000000000000007,Japanese original curved grey enclosure; published envelope and approximate local details
SFC-1633,Pad2SelectStem,SFC-1633 · Independent key actuator / second original controller,Controller2,sfcbutton,1,129.70367712849523,3.5,5.0,8.2,Schematic internal layout
SFC-1634,Pad2SelectMark,SFC-1634 · SELECT / second original controller,Controller2,sfcink,6,0.07184666273663554,8.105092381879189,1.6566444953020039,0.01800020000000302,Japanese original curved grey enclosure; published envelope and approximate local details
SFC-1635,Pad2Start,SFC-1635 · Original diagonal Start key / second original controller,Controller2,sfcbutton,1,175.43560631709627,9.830987595794198,11.74647733771019,2.8000000000000007,Japanese original curved grey enclosure; published envelope and approximate local details
SFC-1636,Pad2StartStem,SFC-1636 · Independent key actuator001 / second original controller,Controller2,sfcbutton,1,129.70367712849523,3.5,5.0,8.2,Schematic internal layout
SFC-1637,Pad2StartMark,SFC-1637 · START / second original controller,Controller2,sfcink,5,0.06290786034458701,6.621870905369121,1.6566444953020039,0.01800020000000302,Japanese original curved grey enclosure; published envelope and approximate local details
SFC-1638,Pad2DpadMembrane,SFC-1638 · Original Dpad rubber contact membrane / second original controller,Controller2,rubber,1,1081.6181178903398,31.0,31.0,3.0500000000000007,Schematic internal layout
SFC-1639,Pad2DpadCarbon0,SFC-1639 · Independent conductive rubber contact / second original controller,Controller2,black,1,2.3561944901923386,5.0,5.0,0.11999999999999922,Schematic internal layout
SFC-1640,Pad2DpadCarbon1,SFC-1640 · Independent conductive rubber contact001 / second original controller,Controller2,black,1,2.3561944901923386,5.0,5.0,0.11999999999999922,Schematic internal layout
SFC-1641,Pad2DpadCarbon2,SFC-1641 · Independent conductive rubber contact002 / second original controller,Controller2,black,1,2.3561944901923386,5.0,5.0,0.11999999999999922,Schematic internal layout
SFC-1642,Pad2DpadCarbon3,SFC-1642 · Independent conductive rubber contact003 / second original controller,Controller2,black,1,2.3561944901923386,5.0,5.0,0.11999999999999922,Schematic internal layout
SFC-1643,Pad2ABXYMembrane,SFC-1643 · Original ABXY rubber contact membrane001 / second original controller,Controller2,rubber,1,1620.465015169907,40.0,39.992155904302365,3.0500000000000007,Schematic internal layout
SFC-1644,Pad2ABXYCarbon0,SFC-1644 · Independent conductive rubber contact004 / second original controller,Controller2,black,1,2.356194490192339,5.0,5.0,0.11999999999999922,Schematic internal layout
SFC-1645,Pad2ABXYCarbon1,SFC-1645 · Independent conductive rubber contact005 / second original controller,Controller2,black,1,2.356194490192339,5.0,5.0,0.11999999999999922,Schematic internal layout
SFC-1646,Pad2ABXYCarbon2,SFC-1646 · Independent conductive rubber contact006 / second original controller,Controller2,black,1,2.356194490192339,5.0,5.0,0.11999999999999922,Schematic internal layout
SFC-1647,Pad2ABXYCarbon3,SFC-1647 · Independent conductive rubber contact007 / second original controller,Controller2,black,1,2.3561944901923373,5.0,5.0,0.11999999999999922,Schematic internal layout
SFC-1648,Pad2StartSelectMembrane,SFC-1648 · Original shared Start/Select rubber membrane / second original controller,Controller2,rubber,1,342.40176727053887,29.0,11.0,1.0999999999999996,Schematic internal layout
SFC-1649,Pad2MenuDome0,SFC-1649 · Start/Select rubber dome / second original controller,Controller2,rubber,1,41.22397880040527,5.400000000000006,5.399999999999977,1.8000000000000007,Schematic internal layout
SFC-1650,Pad2MenuCarbon0,SFC-1650 · Start/Select conductive contact / second original controller,Controller2,black,1,1.8246370132049488,4.400000000000006,4.399999999999977,0.11999999999999922,Schematic internal layout
SFC-1651,Pad2MenuDome1,SFC-1651 · Start/Select rubber dome001 / second original controller,Controller2,rubber,1,41.22397880040527,5.400000000000006,5.399999999999977,1.8000000000000007,Schematic internal layout
SFC-1652,Pad2MenuCarbon1,SFC-1652 · Start/Select conductive contact001 / second original controller,Controller2,black,1,1.8246370132049492,4.400000000000006,4.399999999999977,0.11999999999999922,Schematic internal layout
SFC-1653,Pad2PCB,SFC-1653 · Original 1992-era dual-shift-register controller PCB001 / second original controller,Controller2,pcb,1,5819.2406587866835,132.0,40.0,1.1999999999999993,Schematic internal layout
SFC-1654,Pad2CarbonTrace0_0,SFC-1654 · Schematic interleaved carbon contact finger / second original controller,Controller2,black,1,0.024279398223686556,0.45000000000000284,3.6000000000000227,0.015000000000000568,Schematic internal layout
SFC-1655,Pad2CarbonTrace0_1,SFC-1655 · Schematic interleaved carbon contact finger001 / second original controller,Controller2,black,1,0.024279398223686553,0.45000000000000284,3.6000000000000227,0.015000000000000568,Schematic internal layout
SFC-1656,Pad2CarbonTrace0_2,SFC-1656 · Schematic interleaved carbon contact finger002 / second original controller,Controller2,black,1,0.024279398223686553,0.45000000000000284,3.6000000000000227,0.015000000000000568,Schematic internal layout
SFC-1657,Pad2CarbonTrace0_3,SFC-1657 · Schematic interleaved carbon contact finger003 / second original controller,Controller2,black,1,0.02427939822368655,0.45000000000000284,3.6000000000000227,0.015000000000000568,Schematic internal layout
SFC-1658,Pad2CarbonTrace0_4,SFC-1658 · Schematic interleaved carbon contact finger004 / second original controller,Controller2,black,1,0.024279398223686556,0.45000000000000284,3.6000000000000227,0.015000000000000568,Schematic internal layout
SFC-1659,Pad2CarbonTrace1_0,SFC-1659 · Schematic interleaved carbon contact finger005 / second original controller,Controller2,black,1,0.024279398223686556,0.45000000000000284,3.6000000000000227,0.015000000000000568,Schematic internal layout
SFC-1660,Pad2CarbonTrace1_1,SFC-1660 · Schematic interleaved carbon contact finger006 / second original controller,Controller2,black,1,0.024279398223686553,0.45000000000000284,3.6000000000000227,0.015000000000000568,Schematic internal layout
SFC-1661,Pad2CarbonTrace1_2,SFC-1661 · Schematic interleaved carbon contact finger007 / second original controller,Controller2,black,1,0.024279398223686553,0.45000000000000284,3.6000000000000227,0.015000000000000568,Schematic internal layout
SFC-1662,Pad2CarbonTrace1_3,SFC-1662 · Schematic interleaved carbon contact finger008 / second original controller,Controller2,black,1,0.024279398223686556,0.45000000000000284,3.6000000000000227,0.015000000000000568,Schematic internal layout
SFC-1663,Pad2CarbonTrace1_4,SFC-1663 · Schematic interleaved carbon contact finger009 / second original controller,Controller2,black,1,0.024279398223686556,0.45000000000000284,3.6000000000000227,0.015000000000000568,Schematic internal layout
SFC-1664,Pad2CarbonTrace2_0,SFC-1664 · Schematic interleaved carbon contact finger010 / second original controller,Controller2,black,1,0.024279398223686556,0.45000000000000284,3.6000000000000227,0.015000000000000568,Schematic internal layout
SFC-1665,Pad2CarbonTrace2_1,SFC-1665 · Schematic interleaved carbon contact finger011 / second original controller,Controller2,black,1,0.02427939822368656,0.45000000000000284,3.6000000000000227,0.015000000000000568,Schematic internal layout
SFC-1666,Pad2CarbonTrace2_2,SFC-1666 · Schematic interleaved carbon contact finger012 / second original controller,Controller2,black,1,0.02427939822368656,0.45000000000000284,3.6000000000000227,0.015000000000000568,Schematic internal layout
SFC-1667,Pad2CarbonTrace2_3,SFC-1667 · Schematic interleaved carbon contact finger013 / second original controller,Controller2,black,1,0.024279398223686556,0.45000000000000284,3.6000000000000227,0.015000000000000568,Schematic internal layout
SFC-1668,Pad2CarbonTrace2_4,SFC-1668 · Schematic interleaved carbon contact finger014 / second original controller,Controller2,black,1,0.024279398223686556,0.45000000000000284,3.6000000000000227,0.015000000000000568,Schematic internal layout
SFC-1669,Pad2CarbonTrace3_0,SFC-1669 · Schematic interleaved carbon contact finger015 / second original controller,Controller2,black,1,0.024279398223686556,0.45000000000000284,3.6000000000000227,0.015000000000000568,Schematic internal layout
SFC-1670,Pad2CarbonTrace3_1,SFC-1670 · Schematic interleaved carbon contact finger016 / second original controller,Controller2,black,1,0.024279398223686556,0.45000000000000284,3.6000000000000227,0.015000000000000568,Schematic internal layout
SFC-1671,Pad2CarbonTrace3_2,SFC-1671 · Schematic interleaved carbon contact finger017 / second original controller,Controller2,black,1,0.024279398223686556,0.45000000000000284,3.6000000000000227,0.015000000000000568,Schematic internal layout
SFC-1672,Pad2CarbonTrace3_3,SFC-1672 · Schematic interleaved carbon contact finger018 / second original controller,Controller2,black,1,0.024279398223686556,0.45000000000000284,3.6000000000000227,0.015000000000000568,Schematic internal layout
SFC-1673,Pad2CarbonTrace3_4,SFC-1673 · Schematic interleaved carbon contact finger019 / second original controller,Controller2,black,1,0.024279398223686556,0.45000000000000284,3.6000000000000227,0.015000000000000568,Schematic internal layout
SFC-1674,Pad2CarbonTrace4_0,SFC-1674 · Schematic interleaved carbon contact finger020 / second original controller,Controller2,black,1,0.024279398223686303,0.44999999999998863,3.6000000000000227,0.015000000000000568,Schematic internal layout
SFC-1675,Pad2CarbonTrace4_1,SFC-1675 · Schematic interleaved carbon contact finger021 / second original controller,Controller2,black,1,0.024279398223686306,0.44999999999998863,3.6000000000000227,0.015000000000000568,Schematic internal layout
SFC-1676,Pad2CarbonTrace4_2,SFC-1676 · Schematic interleaved carbon contact finger022 / second original controller,Controller2,black,1,0.024279398223686303,0.44999999999998863,3.6000000000000227,0.015000000000000568,Schematic internal layout
SFC-1677,Pad2CarbonTrace4_3,SFC-1677 · Schematic interleaved carbon contact finger023 / second original controller,Controller2,black,1,0.024279398223686303,0.44999999999998863,3.6000000000000227,0.015000000000000568,Schematic internal layout
SFC-1678,Pad2CarbonTrace4_4,SFC-1678 · Schematic interleaved carbon contact finger024 / second original controller,Controller2,black,1,0.024279398223686306,0.44999999999998863,3.6000000000000227,0.015000000000000568,Schematic internal layout
SFC-1679,Pad2CarbonTrace5_0,SFC-1679 · Schematic interleaved carbon contact finger025 / second original controller,Controller2,black,1,0.0242793982236863,0.44999999999998863,3.6000000000000227,0.015000000000000568,Schematic internal layout
SFC-1680,Pad2CarbonTrace5_1,SFC-1680 · Schematic interleaved carbon contact finger026 / second original controller,Controller2,black,1,0.024279398223686303,0.44999999999998863,3.6000000000000227,0.015000000000000568,Schematic internal layout
SFC-1681,Pad2CarbonTrace5_2,SFC-1681 · Schematic interleaved carbon contact finger027 / second original controller,Controller2,black,1,0.0242793982236863,0.44999999999998863,3.6000000000000227,0.015000000000000568,Schematic internal layout
SFC-1682,Pad2CarbonTrace5_3,SFC-1682 · Schematic interleaved carbon contact finger028 / second original controller,Controller2,black,1,0.0242793982236863,0.44999999999998863,3.6000000000000227,0.015000000000000568,Schematic internal layout
SFC-1683,Pad2CarbonTrace5_4,SFC-1683 · Schematic interleaved carbon contact finger029 / second original controller,Controller2,black,1,0.024279398223686303,0.44999999999998863,3.6000000000000227,0.015000000000000568,Schematic internal layout
SFC-1684,Pad2CarbonTrace6_0,SFC-1684 · Schematic interleaved carbon contact finger030 / second original controller,Controller2,black,1,0.0242793982236863,0.44999999999998863,3.6000000000000227,0.015000000000000568,Schematic internal layout
SFC-1685,Pad2CarbonTrace6_1,SFC-1685 · Schematic interleaved carbon contact finger031 / second original controller,Controller2,black,1,0.024279398223686303,0.44999999999998863,3.6000000000000227,0.015000000000000568,Schematic internal layout
SFC-1686,Pad2CarbonTrace6_2,SFC-1686 · Schematic interleaved carbon contact finger032 / second original controller,Controller2,black,1,0.0242793982236863,0.44999999999998863,3.6000000000000227,0.015000000000000568,Schematic internal layout
SFC-1687,Pad2CarbonTrace6_3,SFC-1687 · Schematic interleaved carbon contact finger033 / second original controller,Controller2,black,1,0.0242793982236863,0.44999999999998863,3.6000000000000227,0.015000000000000568,Schematic internal layout
SFC-1688,Pad2CarbonTrace6_4,SFC-1688 · Schematic interleaved carbon contact finger034 / second original controller,Controller2,black,1,0.024279398223686303,0.44999999999998863,3.6000000000000227,0.015000000000000568,Schematic internal layout
SFC-1689,Pad2CarbonTrace7_0,SFC-1689 · Schematic interleaved carbon contact finger035 / second original controller,Controller2,black,1,0.02427939822368631,0.45000000000001705,3.6000000000000227,0.015000000000000568,Schematic internal layout
SFC-1690,Pad2CarbonTrace7_1,SFC-1690 · Schematic interleaved carbon contact finger036 / second original controller,Controller2,black,1,0.024279398223686306,0.45000000000001705,3.6000000000000227,0.015000000000000568,Schematic internal layout
SFC-1691,Pad2CarbonTrace7_2,SFC-1691 · Schematic interleaved carbon contact finger037 / second original controller,Controller2,black,1,0.02427939822368631,0.45000000000001705,3.6000000000000227,0.015000000000000568,Schematic internal layout
SFC-1692,Pad2CarbonTrace7_3,SFC-1692 · Schematic interleaved carbon contact finger038 / second original controller,Controller2,black,1,0.02427939822368631,0.45000000000001705,3.6000000000000227,0.015000000000000568,Schematic internal layout
SFC-1693,Pad2CarbonTrace7_4,SFC-1693 · Schematic interleaved carbon contact finger039 / second original controller,Controller2,black,1,0.02427939822368631,0.45000000000001705,3.6000000000000227,0.015000000000000568,Schematic internal layout
SFC-1694,Pad2CarbonTrace8_0,SFC-1694 · Schematic interleaved carbon contact finger040 / second original controller,Controller2,black,1,0.02427939822368631,0.45000000000001705,3.6000000000000227,0.015000000000000568,Schematic internal layout
SFC-1695,Pad2CarbonTrace8_1,SFC-1695 · Schematic interleaved carbon contact finger041 / second original controller,Controller2,black,1,0.02427939822368631,0.45000000000001705,3.6000000000000227,0.015000000000000568,Schematic internal layout
SFC-1696,Pad2CarbonTrace8_2,SFC-1696 · Schematic interleaved carbon contact finger042 / second original controller,Controller2,black,1,0.024279398223686306,0.45000000000001705,3.6000000000000227,0.015000000000000568,Schematic internal layout
SFC-1697,Pad2CarbonTrace8_3,SFC-1697 · Schematic interleaved carbon contact finger043 / second original controller,Controller2,black,1,0.02427939822368631,0.45000000000001705,3.6000000000000227,0.015000000000000568,Schematic internal layout
SFC-1698,Pad2CarbonTrace8_4,SFC-1698 · Schematic interleaved carbon contact finger044 / second original controller,Controller2,black,1,0.024279398223686306,0.45000000000001705,3.6000000000000227,0.015000000000000568,Schematic internal layout
SFC-1699,Pad2CarbonTrace9_0,SFC-1699 · Schematic interleaved carbon contact finger045 / second original controller,Controller2,black,1,0.024279398223686313,0.45000000000001705,3.6000000000000227,0.015000000000000568,Schematic internal layout
SFC-1700,Pad2CarbonTrace9_1,SFC-1700 · Schematic interleaved carbon contact finger046 / second original controller,Controller2,black,1,0.02427939822368631,0.45000000000001705,3.6000000000000227,0.015000000000000568,Schematic internal layout
SFC-1701,Pad2CarbonTrace9_2,SFC-1701 · Schematic interleaved carbon contact finger047 / second original controller,Controller2,black,1,0.024279398223686306,0.45000000000001705,3.6000000000000227,0.015000000000000568,Schematic internal layout
SFC-1702,Pad2CarbonTrace9_3,SFC-1702 · Schematic interleaved carbon contact finger048 / second original controller,Controller2,black,1,0.024279398223686313,0.45000000000001705,3.6000000000000227,0.015000000000000568,Schematic internal layout
SFC-1703,Pad2CarbonTrace9_4,SFC-1703 · Schematic interleaved carbon contact finger049 / second original controller,Controller2,black,1,0.024279398223686306,0.45000000000001705,3.6000000000000227,0.015000000000000568,Schematic internal layout
SFC-1704,Pad2ShiftIC0,SFC-1704 · 4021 / second original controller,Controller2,black,1,125.81072118011657,7.0,10.0,1.8000000000000007,Schematic internal layout
SFC-1705,Pad2ShiftIC0Lead0_0,SFC-1705 · Individual schematic IC lead706 / second original controller,Controller2,metal,1,0.16599911485751606,1.6999999999999886,0.35000000000002274,0.28000000000000025,Schematic internal layout
SFC-1706,Pad2ShiftIC0Lead0_1,SFC-1706 · Individual schematic IC lead707 / second original controller,Controller2,metal,1,0.16599911485751603,1.6999999999999886,0.35000000000002274,0.28000000000000025,Schematic internal layout
SFC-1707,Pad2ShiftIC0Lead0_2,SFC-1707 · Individual schematic IC lead708 / second original controller,Controller2,metal,1,0.16599911485751606,1.6999999999999886,0.35000000000002274,0.28000000000000025,Schematic internal layout
SFC-1708,Pad2ShiftIC0Lead0_3,SFC-1708 · Individual schematic IC lead709 / second original controller,Controller2,metal,1,0.16599911485751606,1.6999999999999886,0.35000000000002274,0.28000000000000025,Schematic internal layout
SFC-1709,Pad2ShiftIC0Lead0_4,SFC-1709 · Individual schematic IC lead710 / second original controller,Controller2,metal,1,0.16599911485751606,1.6999999999999886,0.35000000000002274,0.28000000000000025,Schematic internal layout
SFC-1710,Pad2ShiftIC0Lead0_5,SFC-1710 · Individual schematic IC lead711 / second original controller,Controller2,metal,1,0.16599911485751603,1.6999999999999886,0.35000000000002274,0.28000000000000025,Schematic internal layout
SFC-1711,Pad2ShiftIC0Lead0_6,SFC-1711 · Individual schematic IC lead712 / second original controller,Controller2,metal,1,0.16599911485751603,1.6999999999999886,0.35000000000002274,0.28000000000000025,Schematic internal layout
SFC-1712,Pad2ShiftIC0Lead0_7,SFC-1712 · Individual schematic IC lead713 / second original controller,Controller2,metal,1,0.16599911485751606,1.6999999999999886,0.35000000000002274,0.28000000000000025,Schematic internal layout
SFC-1713,Pad2ShiftIC0Lead1_0,SFC-1713 · Individual schematic IC lead714 / second original controller,Controller2,metal,1,0.16599911485751606,1.6999999999999886,0.35000000000002274,0.28000000000000025,Schematic internal layout
SFC-1714,Pad2ShiftIC0Lead1_1,SFC-1714 · Individual schematic IC lead715 / second original controller,Controller2,metal,1,0.16599911485751603,1.6999999999999886,0.35000000000002274,0.28000000000000025,Schematic internal layout
SFC-1715,Pad2ShiftIC0Lead1_2,SFC-1715 · Individual schematic IC lead716 / second original controller,Controller2,metal,1,0.16599911485751603,1.6999999999999886,0.35000000000002274,0.28000000000000025,Schematic internal layout
SFC-1716,Pad2ShiftIC0Lead1_3,SFC-1716 · Individual schematic IC lead717 / second original controller,Controller2,metal,1,0.16599911485751603,1.6999999999999886,0.35000000000002274,0.28000000000000025,Schematic internal layout
SFC-1717,Pad2ShiftIC0Lead1_4,SFC-1717 · Individual schematic IC lead718 / second original controller,Controller2,metal,1,0.16599911485751603,1.6999999999999886,0.35000000000002274,0.28000000000000025,Schematic internal layout
SFC-1718,Pad2ShiftIC0Lead1_5,SFC-1718 · Individual schematic IC lead719 / second original controller,Controller2,metal,1,0.16599911485751603,1.6999999999999886,0.35000000000002274,0.28000000000000025,Schematic internal layout
SFC-1719,Pad2ShiftIC0Lead1_6,SFC-1719 · Individual schematic IC lead720 / second original controller,Controller2,metal,1,0.16599911485751603,1.6999999999999886,0.35000000000002274,0.28000000000000025,Schematic internal layout
SFC-1720,Pad2ShiftIC0Lead1_7,SFC-1720 · Individual schematic IC lead721 / second original controller,Controller2,metal,1,0.16599911485751606,1.6999999999999886,0.35000000000002274,0.28000000000000025,Schematic internal layout
SFC-1721,Pad2ShiftIC0Dot,SFC-1721 · IC orientation index016 / second original controller,Controller2,white,1,0.01900663555421813,1.0999999999999943,1.1000000000000227,0.019999999999999574,Schematic internal layout
SFC-1722,Pad2ShiftIC1,SFC-1722 · 4024 / second original controller,Controller2,black,1,125.81072118011657,7.0,10.0,1.8000000000000007,Schematic internal layout
SFC-1723,Pad2ShiftIC1Lead0_0,SFC-1723 · Individual schematic IC lead722 / second original controller,Controller2,metal,1,0.16599911485751603,1.6999999999999886,0.35000000000002274,0.28000000000000025,Schematic internal layout
SFC-1724,Pad2ShiftIC1Lead0_1,SFC-1724 · Individual schematic IC lead723 / second original controller,Controller2,metal,1,0.16599911485751603,1.6999999999999886,0.35000000000002274,0.28000000000000025,Schematic internal layout
SFC-1725,Pad2ShiftIC1Lead0_2,SFC-1725 · Individual schematic IC lead724 / second original controller,Controller2,metal,1,0.16599911485751603,1.6999999999999886,0.35000000000002274,0.28000000000000025,Schematic internal layout
SFC-1726,Pad2ShiftIC1Lead0_3,SFC-1726 · Individual schematic IC lead725 / second original controller,Controller2,metal,1,0.16599911485751603,1.6999999999999886,0.35000000000002274,0.28000000000000025,Schematic internal layout
SFC-1727,Pad2ShiftIC1Lead0_4,SFC-1727 · Individual schematic IC lead726 / second original controller,Controller2,metal,1,0.16599911485751603,1.6999999999999886,0.35000000000002274,0.28000000000000025,Schematic internal layout
SFC-1728,Pad2ShiftIC1Lead0_5,SFC-1728 · Individual schematic IC lead727 / second original controller,Controller2,metal,1,0.16599911485751603,1.6999999999999886,0.35000000000002274,0.28000000000000025,Schematic internal layout
SFC-1729,Pad2ShiftIC1Lead0_6,SFC-1729 · Individual schematic IC lead728 / second original controller,Controller2,metal,1,0.16599911485751603,1.6999999999999886,0.35000000000002274,0.28000000000000025,Schematic internal layout
SFC-1730,Pad2ShiftIC1Lead0_7,SFC-1730 · Individual schematic IC lead729 / second original controller,Controller2,metal,1,0.165999114857516,1.6999999999999886,0.35000000000002274,0.28000000000000025,Schematic internal layout
SFC-1731,Pad2ShiftIC1Lead1_0,SFC-1731 · Individual schematic IC lead730 / second original controller,Controller2,metal,1,0.16599911485751603,1.6999999999999886,0.35000000000002274,0.28000000000000025,Schematic internal layout
SFC-1732,Pad2ShiftIC1Lead1_1,SFC-1732 · Individual schematic IC lead731 / second original controller,Controller2,metal,1,0.16599911485751603,1.6999999999999886,0.35000000000002274,0.28000000000000025,Schematic internal layout
SFC-1733,Pad2ShiftIC1Lead1_2,SFC-1733 · Individual schematic IC lead732 / second original controller,Controller2,metal,1,0.16599911485751603,1.6999999999999886,0.35000000000002274,0.28000000000000025,Schematic internal layout
SFC-1734,Pad2ShiftIC1Lead1_3,SFC-1734 · Individual schematic IC lead733 / second original controller,Controller2,metal,1,0.16599911485751603,1.6999999999999886,0.35000000000002274,0.28000000000000025,Schematic internal layout
SFC-1735,Pad2ShiftIC1Lead1_4,SFC-1735 · Individual schematic IC lead734 / second original controller,Controller2,metal,1,0.16599911485751603,1.6999999999999886,0.35000000000002274,0.28000000000000025,Schematic internal layout
SFC-1736,Pad2ShiftIC1Lead1_5,SFC-1736 · Individual schematic IC lead735 / second original controller,Controller2,metal,1,0.16599911485751603,1.6999999999999886,0.35000000000002274,0.28000000000000025,Schematic internal layout
SFC-1737,Pad2ShiftIC1Lead1_6,SFC-1737 · Individual schematic IC lead736 / second original controller,Controller2,metal,1,0.16599911485751603,1.6999999999999886,0.35000000000002274,0.28000000000000025,Schematic internal layout
SFC-1738,Pad2ShiftIC1Lead1_7,SFC-1738 · Individual schematic IC lead737 / second original controller,Controller2,metal,1,0.165999114857516,1.6999999999999886,0.35000000000002274,0.28000000000000025,Schematic internal layout
SFC-1739,Pad2ShiftIC1Dot,SFC-1739 · IC orientation index017 / second original controller,Controller2,white,1,0.01900663555421813,1.0999999999999943,1.1000000000000227,0.019999999999999574,Schematic internal layout
SFC-1740,Pad2Passive0,SFC-1740 · Controller discrete passive envelope / second original controller,Controller2,white,1,1.6485833605270133,2.3000000000000114,1.1999999999999886,0.5999999999999996,Schematic internal layout
SFC-1741,Pad2PassiveEnd0_0,SFC-1741 · Controller passive termination / second original controller,Controller2,metal,1,0.13696349540849434,0.5,1.1000000000000227,0.25,Schematic internal layout
SFC-1742,Pad2PassiveEnd0_1,SFC-1742 · Controller passive termination001 / second original controller,Controller2,metal,1,0.13696349540849434,0.5,1.1000000000000227,0.25,Schematic internal layout
SFC-1743,Pad2Passive1,SFC-1743 · Controller discrete passive envelope001 / second original controller,Controller2,white,1,1.6485833605270128,2.3000000000000114,1.1999999999999886,0.5999999999999996,Schematic internal layout
SFC-1744,Pad2PassiveEnd1_0,SFC-1744 · Controller passive termination002 / second original controller,Controller2,metal,1,0.13696349540849434,0.5,1.1000000000000227,0.25,Schematic internal layout
SFC-1745,Pad2PassiveEnd1_1,SFC-1745 · Controller passive termination003 / second original controller,Controller2,metal,1,0.13696349540849434,0.5,1.1000000000000227,0.25,Schematic internal layout
SFC-1746,Pad2Passive2,SFC-1746 · Controller discrete passive envelope002 / second original controller,Controller2,white,1,1.6485833605270133,2.3000000000000114,1.1999999999999886,0.5999999999999996,Schematic internal layout
SFC-1747,Pad2PassiveEnd2_0,SFC-1747 · Controller passive termination004 / second original controller,Controller2,metal,1,0.13696349540849437,0.5,1.1000000000000227,0.25,Schematic internal layout
SFC-1748,Pad2PassiveEnd2_1,SFC-1748 · Controller passive termination005 / second original controller,Controller2,metal,1,0.13696349540849437,0.5,1.1000000000000227,0.25,Schematic internal layout
SFC-1749,Pad2Passive3,SFC-1749 · Controller discrete passive envelope003 / second original controller,Controller2,white,1,1.648583360527013,2.3000000000000114,1.1999999999999886,0.5999999999999996,Schematic internal layout
SFC-1750,Pad2PassiveEnd3_0,SFC-1750 · Controller passive termination006 / second original controller,Controller2,metal,1,0.13696349540849437,0.5,1.1000000000000227,0.25,Schematic internal layout
SFC-1751,Pad2PassiveEnd3_1,SFC-1751 · Controller passive termination007 / second original controller,Controller2,metal,1,0.13696349540849437,0.5,1.1000000000000227,0.25,Schematic internal layout
SFC-1752,Pad2Passive4,SFC-1752 · Controller discrete passive envelope004 / second original controller,Controller2,white,1,1.6485833605270117,2.3000000000000043,1.1999999999999886,0.5999999999999996,Schematic internal layout
SFC-1753,Pad2PassiveEnd4_0,SFC-1753 · Controller passive termination008 / second original controller,Controller2,metal,1,0.1369634954084944,0.5,1.1000000000000227,0.25,Schematic internal layout
SFC-1754,Pad2PassiveEnd4_1,SFC-1754 · Controller passive termination009 / second original controller,Controller2,metal,1,0.13696349540849434,0.5,1.1000000000000227,0.25,Schematic internal layout
SFC-1755,Pad2Passive5,SFC-1755 · Controller discrete passive envelope005 / second original controller,Controller2,white,1,1.648583360527013,2.3000000000000114,1.1999999999999886,0.5999999999999996,Schematic internal layout
SFC-1756,Pad2PassiveEnd5_0,SFC-1756 · Controller passive termination010 / second original controller,Controller2,metal,1,0.13696349540849434,0.5,1.1000000000000227,0.25,Schematic internal layout
SFC-1757,Pad2PassiveEnd5_1,SFC-1757 · Controller passive termination011 / second original controller,Controller2,metal,1,0.13696349540849437,0.5,1.1000000000000227,0.25,Schematic internal layout
SFC-1758,Pad2Passive6,SFC-1758 · Controller discrete passive envelope006 / second original controller,Controller2,white,1,1.648583360527013,2.3000000000000114,1.1999999999999886,0.5999999999999996,Schematic internal layout
SFC-1759,Pad2PassiveEnd6_0,SFC-1759 · Controller passive termination012 / second original controller,Controller2,metal,1,0.13696349540849434,0.5,1.1000000000000227,0.25,Schematic internal layout
SFC-1760,Pad2PassiveEnd6_1,SFC-1760 · Controller passive termination013 / second original controller,Controller2,metal,1,0.13696349540849434,0.5,1.1000000000000227,0.25,Schematic internal layout
SFC-1761,Pad2LShoulderTrace0,SFC-1761 · Original integral shoulder-tab carbon contact / second original controller,Controller2,black,1,0.03597253096491469,0.45000000000000284,4.0,0.019999999999999574,Schematic internal layout
SFC-1762,Pad2LShoulderTrace1,SFC-1762 · Original integral shoulder-tab carbon contact001 / second original controller,Controller2,black,1,0.03597253096491469,0.45000000000000284,4.0,0.019999999999999574,Schematic internal layout
SFC-1763,Pad2LShoulderTrace2,SFC-1763 · Original integral shoulder-tab carbon contact002 / second original controller,Controller2,black,1,0.03597253096491469,0.45000000000000284,4.0,0.019999999999999574,Schematic internal layout
SFC-1764,Pad2LShoulderTrace3,SFC-1764 · Original integral shoulder-tab carbon contact003 / second original controller,Controller2,black,1,0.03597253096491469,0.45000000000000284,4.0,0.019999999999999574,Schematic internal layout
SFC-1765,Pad2LShoulderTrace4,SFC-1765 · Original integral shoulder-tab carbon contact004 / second original controller,Controller2,black,1,0.03597253096491469,0.45000000000000284,4.0,0.019999999999999574,Schematic internal layout
SFC-1766,Pad2RShoulderTrace0,SFC-1766 · Original integral shoulder-tab carbon contact005 / second original controller,Controller2,black,1,0.03597253096491432,0.44999999999998863,4.0,0.019999999999999574,Schematic internal layout
SFC-1767,Pad2RShoulderTrace1,SFC-1767 · Original integral shoulder-tab carbon contact006 / second original controller,Controller2,black,1,0.03597253096491432,0.44999999999998863,4.0,0.019999999999999574,Schematic internal layout
SFC-1768,Pad2RShoulderTrace2,SFC-1768 · Original integral shoulder-tab carbon contact007 / second original controller,Controller2,black,1,0.03597253096491432,0.44999999999998863,4.0,0.019999999999999574,Schematic internal layout
SFC-1769,Pad2RShoulderTrace3,SFC-1769 · Original integral shoulder-tab carbon contact008 / second original controller,Controller2,black,1,0.03597253096491432,0.44999999999998863,4.0,0.019999999999999574,Schematic internal layout
SFC-1770,Pad2RShoulderTrace4,SFC-1770 · Original integral shoulder-tab carbon contact009 / second original controller,Controller2,black,1,0.03597253096491432,0.44999999999998863,4.0,0.019999999999999574,Schematic internal layout
SFC-1771,Pad2PCBMark,SFC-1771 · 1992 Nintendo / second original controller,Controller2,white,13,0.19173183577035047,18.66140949597316,1.9973156362416091,0.018000199999999467,Japanese original curved grey enclosure; published envelope and approximate local details
SFC-1772,Pad2LKey,SFC-1772 · Original independent L shoulder key / second original controller,Controller2,sfcgray,1,1307.2155524850841,36.0,9.800000000000011,7.0000000000000036,Japanese original curved grey enclosure; published envelope and approximate local details
SFC-1773,Pad2LPivot,SFC-1773 · Original shoulder pivot pin / second original controller,Controller2,metal,1,11.545353001942493,1.4000000000000057,7.5,1.3999999999999986,Schematic internal layout
SFC-1774,Pad2LRubber,SFC-1774 · Original separate shoulder rubber dome / second original controller,Controller2,rubber,1,98.05538990384461,6.800000000000004,6.800000000000011,2.6999999999999993,Schematic internal layout
SFC-1775,Pad2LCarbon,SFC-1775 · Original shoulder conductive pellet / second original controller,Controller2,black,1,2.171468842161258,4.800000000000004,4.800000000000011,0.11999999999999922,Schematic internal layout
SFC-1776,Pad2LMark,SFC-1776 · L / second original controller,Controller2,sfcink,1,0.027303432277825515,1.7535654362416082,2.818791946308721,0.018000000000000682,Japanese original curved grey enclosure; published envelope and approximate local details
SFC-1777,Pad2RKey,SFC-1777 · Original independent R shoulder key / second original controller,Controller2,sfcgray,1,1307.2155524850841,36.0,9.800000000000011,7.0000000000000036,Japanese original curved grey enclosure; published envelope and approximate local details
SFC-1778,Pad2RPivot,SFC-1778 · Original shoulder pivot pin001 / second original controller,Controller2,metal,1,11.545353001942464,1.3999999999999773,7.5,1.3999999999999986,Schematic internal layout
SFC-1779,Pad2RRubber,SFC-1779 · Original separate shoulder rubber dome001 / second original controller,Controller2,rubber,1,98.0553899038446,6.800000000000011,6.800000000000011,2.6999999999999993,Schematic internal layout
SFC-1780,Pad2RCarbon,SFC-1780 · Original shoulder conductive pellet001 / second original controller,Controller2,black,1,2.1714688421612554,4.800000000000011,4.800000000000011,0.11999999999999922,Schematic internal layout
SFC-1781,Pad2RMark,SFC-1781 · R / second original controller,Controller2,sfcink,1,0.04895029050282186,2.1952602671140937,2.8187921463087093,0.01800020000000302,Japanese original curved grey enclosure; published envelope and approximate local details
SFC-1782,Pad2LowerPost0,SFC-1782 · Controller lower-shell support post / second original controller,Controller2,sfcgray,1,79.51685165501114,4.600000000000012,4.600000000000023,5.8999999999999995,Schematic internal layout
SFC-1783,Pad2UpperPost0,SFC-1783 · Controller upper-shell threaded support post / second original controller,Controller2,sfcgray,1,115.81167158193395,4.399999999999999,4.399999999999977,9.6,Schematic internal layout
SFC-1784,Pad2Screw0,SFC-1784 · Cross-head fastener006 / second original controller,Controller2,metal,1,24.341911180175458,4.0,4.0,17.130000000000003,Schematic internal layout
SFC-1785,Pad2LowerPost1,SFC-1785 · Controller lower-shell support post001 / second original controller,Controller2,sfcgray,1,79.51685165501114,4.600000000000023,4.600000000000023,5.8999999999999995,Schematic internal layout
SFC-1786,Pad2UpperPost1,SFC-1786 · Controller upper-shell threaded support post001 / second original controller,Controller2,sfcgray,1,115.81167158193395,4.399999999999977,4.399999999999977,9.6,Schematic internal layout
SFC-1787,Pad2Screw1,SFC-1787 · Cross-head fastener007 / second original controller,Controller2,metal,1,24.341911180175476,4.0,4.0,17.130000000000003,Schematic internal layout
SFC-1788,Pad2LowerPost2,SFC-1788 · Controller lower-shell support post002 / second original controller,Controller2,sfcgray,1,79.51685165501118,4.599999999999994,4.600000000000023,5.8999999999999995,Schematic internal layout
SFC-1789,Pad2UpperPost2,SFC-1789 · Controller upper-shell threaded support post002 / second original controller,Controller2,sfcgray,1,115.81167158193414,4.400000000000006,4.399999999999977,9.6,Schematic internal layout
SFC-1790,Pad2Screw2,SFC-1790 · Cross-head fastener008 / second original controller,Controller2,metal,1,24.341911180175465,4.0,4.0,17.130000000000003,Schematic internal layout
SFC-1791,Pad2LowerPost3,SFC-1791 · Controller lower-shell support post003 / second original controller,Controller2,sfcgray,1,79.51685165501115,4.599999999999994,4.600000000000023,5.8999999999999995,Schematic internal layout
SFC-1792,Pad2UpperPost3,SFC-1792 · Controller upper-shell threaded support post003 / second original controller,Controller2,sfcgray,1,115.81167158193401,4.400000000000006,4.399999999999977,9.6,Schematic internal layout
SFC-1793,Pad2Screw3,SFC-1793 · Cross-head fastener009 / second original controller,Controller2,metal,1,24.341911180175458,4.0,4.0,17.130000000000003,Schematic internal layout
SFC-1794,Pad2LowerPost4,SFC-1794 · Controller lower-shell support post004 / second original controller,Controller2,sfcgray,1,79.51685165501118,4.599999999999994,4.600000000000023,5.8999999999999995,Schematic internal layout
SFC-1795,Pad2UpperPost4,SFC-1795 · Controller upper-shell threaded support post004 / second original controller,Controller2,sfcgray,1,115.8116715819341,4.400000000000006,4.399999999999977,9.6,Schematic internal layout
SFC-1796,Pad2Screw4,SFC-1796 · Cross-head fastener010 / second original controller,Controller2,metal,1,24.341911180175458,4.0,4.0,17.130000000000003,Schematic internal layout
SFC-1797,Pad2CableSolder0,SFC-1797 · Second controller cable PCB solder pad,Controller2,metal,1,0.0958283185307177,0.5999999999999943,2.0,0.08000000000000007,Schematic internal layout
SFC-1798,Pad2CableSolder1,SFC-1798 · Second controller cable PCB solder pad001,Controller2,metal,1,0.0958283185307177,0.5999999999999943,2.0,0.08000000000000007,Schematic internal layout
SFC-1799,Pad2CableSolder2,SFC-1799 · Second controller cable PCB solder pad002,Controller2,metal,1,0.09582831853071769,0.5999999999999943,2.0,0.08000000000000007,Schematic internal layout
SFC-1800,Pad2CableSolder3,SFC-1800 · Second controller cable PCB solder pad003,Controller2,metal,1,0.09582831853071769,0.5999999999999943,2.0,0.08000000000000007,Schematic internal layout
SFC-1801,Pad2CableSolder4,SFC-1801 · Second controller cable PCB solder pad004,Controller2,metal,1,0.0958283185307177,0.5999999999999943,2.0,0.08000000000000007,Schematic internal layout
SFC-1802,Pad2CableSolder5,SFC-1802 · Second controller cable PCB solder pad005,Controller2,metal,1,0.0958283185307177,0.5999999999999943,2.0,0.08000000000000007,Schematic internal layout
SFC-1803,Pad2CableSolder6,SFC-1803 · Second controller cable PCB solder pad006,Controller2,metal,1,0.0958283185307177,0.5999999999999943,2.0,0.08000000000000007,Schematic internal layout
SFC-1804,Pad2Cable,"SFC-1804 · Original wired-controller cable, shortened display route001",Controller2,black,1,974.9328056765061,82.00000019999999,57.20000009999998,3.000000199999999,Japanese original curved grey enclosure; published envelope and approximate local details
SFC-1805,Pad2Strain,SFC-1805 · Plug cable strain-relief sleeve001,Controller2,black,1,43.27858039585289,4.800000000000011,4.800000000000011,4.800000000000001,Japanese original curved grey enclosure; published envelope and approximate local details
SFC-1806,Pad2PlugBody,SFC-1806 · Original seven-contact rectangular controller plug001,Controller2,sfcgray,1,5725.663706143591,36.0,16.0,10.0,Japanese original curved grey enclosure; published envelope and approximate local details
SFC-1807,Pad2PlugNose,SFC-1807 · Original keyed controller plug nose003,Controller2,black,1,1477.2601728082882,32.0,7.0,7.500000000000002,Japanese original curved grey enclosure; published envelope and approximate local details
SFC-1808,Pad2PlugContact0,SFC-1808 · Individual controller plug contact007,Controller2,gold,1,5.640729609520459,1.6999999999999886,3.799999999999997,1.6999999999999993,Japanese original curved grey enclosure; published envelope and approximate local details
SFC-1809,Pad2PlugContact1,SFC-1809 · Individual controller plug contact008,Controller2,gold,1,5.640729609520459,1.6999999999999886,3.799999999999997,1.6999999999999993,Japanese original curved grey enclosure; published envelope and approximate local details
SFC-1810,Pad2PlugContact2,SFC-1810 · Individual controller plug contact009,Controller2,gold,1,5.640729609520459,1.6999999999999886,3.799999999999997,1.6999999999999993,Japanese original curved grey enclosure; published envelope and approximate local details
SFC-1811,Pad2PlugContact3,SFC-1811 · Individual controller plug contact010,Controller2,gold,1,5.640729609520459,1.6999999999999886,3.799999999999997,1.6999999999999993,Japanese original curved grey enclosure; published envelope and approximate local details
SFC-1812,Pad2PlugContact4,SFC-1812 · Individual controller plug contact011,Controller2,gold,1,5.640729609520459,1.6999999999999886,3.799999999999997,1.6999999999999993,Japanese original curved grey enclosure; published envelope and approximate local details
SFC-1813,Pad2PlugContact5,SFC-1813 · Individual controller plug contact012,Controller2,gold,1,5.640729609520459,1.6999999999999886,3.799999999999997,1.6999999999999993,Japanese original curved grey enclosure; published envelope and approximate local details
SFC-1814,Pad2PlugContact6,SFC-1814 · Individual controller plug contact013,Controller2,gold,1,5.640729609520459,1.6999999999999886,3.799999999999997,1.6999999999999993,Japanese original curved grey enclosure; published envelope and approximate local details
SFC-1815,Pad2PlugGrip0,SFC-1815 · Controller plug grip ridge003,Controller2,sfcgray,1,3.734226765009701,25.0,1.0,0.14999999999999858,Japanese original curved grey enclosure; published envelope and approximate local details
SFC-1816,Pad2PlugGrip1,SFC-1816 · Controller plug grip ridge004,Controller2,sfcgray,1,3.734226765009701,25.0,1.0,0.14999999999999858,Japanese original curved grey enclosure; published envelope and approximate local details
SFC-1817,Pad2PlugGrip2,SFC-1817 · Controller plug grip ridge005,Controller2,sfcgray,1,3.734226765009701,25.0,1.0,0.14999999999999858,Japanese original curved grey enclosure; published envelope and approximate local details
SFC-1818,Pad2CordExit,SFC-1818 · Controller cable entry strain-relief sleeve001,Controller2,black,1,40.57366912111212,4.800000000000011,4.5,4.800000000000001,Japanese original curved grey enclosure; published envelope and approximate local details
SFC-1819,ACLower,SFC-1819 · Optional original HVC-002 lower adapter shell004,Accessories,black,1,12362.714545138551,52.0,78.0,15.000000000000043,Japanese original curved grey enclosure; published envelope and approximate local details
SFC-1820,ACUpper,SFC-1820 · Optional original HVC-002 upper adapter shell002,Accessories,black,1,15774.600020459591,52.0,78.0,22.800000000000047,Japanese original curved grey enclosure; published envelope and approximate local details
SFC-1821,ACBlade0,SFC-1821 · Original parallel Japanese AC blade study,Accessories,metal,1,139.1606951605441,1.400000000000034,6.300000000000011,15.8,Japanese original curved grey enclosure; published envelope and approximate local details
SFC-1822,ACBlade1,SFC-1822 · Original parallel Japanese AC blade study001,Accessories,metal,1,139.1606951605441,1.400000000000034,6.300000000000011,15.8,Japanese original curved grey enclosure; published envelope and approximate local details
SFC-1823,ACTransformerCore,SFC-1823 · Original laminated linear-transformer core envelope,Accessories,metal,1,17159.252650905815,34.0,31.0,27.0,Schematic internal layout
SFC-1824,ACBobbinFlange0,SFC-1824 · Transformer insulating bobbin flange,Accessories,white,1,204.88137166941158,21.80000000000001,18.800000000000004,0.5,Schematic internal layout
SFC-1825,ACBobbinFlange1,SFC-1825 · Transformer insulating bobbin flange001,Accessories,white,1,204.88137166941158,21.80000000000001,18.800000000000004,0.5,Schematic internal layout
SFC-1826,ACWinding,SFC-1826 · Transformer winding envelope,Accessories,copper,1,7630.68583470577,20.0,17.0,22.5,Schematic internal layout
SFC-1827,ACWindingTape,SFC-1827 · Original yellow transformer insulation study,Accessories,sfcyellow,1,952.3091903302657,21.399999999999977,18.400000000000006,22.699999999999996,Schematic internal layout
SFC-1828,ACPCB,SFC-1828 · Original small rectifier/filter board002,Accessories,pcb,1,701.1154587595574,35.0,17.0,1.1999999999999993,Schematic internal layout
SFC-1829,ACCap,SFC-1829 · Original reservoir capacitor envelope,Accessories,black,1,1413.7166941154064,10.0,10.0,18.0,Schematic internal layout
SFC-1830,ACCapTop,SFC-1830 · Filter capacitor metal top,Accessories,metal,1,9.40969831603221,9.600000000000023,9.600000000000001,0.13000000000000256,Schematic internal layout
SFC-1831,ACRectifier0,SFC-1831 · Original discrete rectifier diode envelope,Accessories,black,1,14.05663706143591,5.0,1.7999999999999972,1.6000000000000014,Schematic internal layout
SFC-1832,ACRectifierLead0_0,SFC-1832 · Individual rectifier lead,Accessories,metal,1,0.24352783140090706,2.0,0.3500000000000014,0.3500000000000014,Schematic internal layout
SFC-1833,ACRectifierLead0_1,SFC-1833 · Individual rectifier lead001,Accessories,metal,1,0.24352783140090703,2.0,0.3500000000000014,0.3500000000000014,Schematic internal layout
SFC-1834,ACRectifier1,SFC-1834 · Original discrete rectifier diode envelope001,Accessories,black,1,14.05663706143591,5.0,1.7999999999999972,1.6000000000000014,Schematic internal layout
SFC-1835,ACRectifierLead1_0,SFC-1835 · Individual rectifier lead002,Accessories,metal,1,0.24352783140090706,2.0,0.3500000000000014,0.3500000000000014,Schematic internal layout
SFC-1836,ACRectifierLead1_1,SFC-1836 · Individual rectifier lead003,Accessories,metal,1,0.24352783140090703,2.0,0.3500000000000014,0.3500000000000014,Schematic internal layout
SFC-1837,ACRectifier2,SFC-1837 · Original discrete rectifier diode envelope002,Accessories,black,1,14.05663706143591,5.0,1.7999999999999972,1.6000000000000014,Schematic internal layout
SFC-1838,ACRectifierLead2_0,SFC-1838 · Individual rectifier lead004,Accessories,metal,1,0.24352783140090709,2.0,0.3500000000000014,0.3500000000000014,Schematic internal layout
SFC-1839,ACRectifierLead2_1,SFC-1839 · Individual rectifier lead005,Accessories,metal,1,0.24352783140090706,2.0,0.3500000000000014,0.3500000000000014,Schematic internal layout
SFC-1840,ACRectifier3,SFC-1840 · Original discrete rectifier diode envelope003,Accessories,black,1,14.056637061435914,5.0,1.7999999999999972,1.6000000000000014,Schematic internal layout
SFC-1841,ACRectifierLead3_0,SFC-1841 · Individual rectifier lead006,Accessories,metal,1,0.24352783140090706,2.0,0.3500000000000014,0.3500000000000014,Schematic internal layout
SFC-1842,ACRectifierLead3_1,SFC-1842 · Individual rectifier lead007,Accessories,metal,1,0.24352783140090703,2.0,0.3500000000000014,0.3500000000000014,Schematic internal layout
SFC-1843,ACCasePost0,SFC-1843 · Adapter case fastener support,Accessories,black,1,814.3008158104749,6.600000000000023,6.600000000000001,30.0,Schematic internal layout
SFC-1844,ACSecurityScrew0,SFC-1844 · Original adapter square raised security-head screw study,Accessories,metal,1,146.87468520435468,4.400000000000034,4.399999999999999,31.250000000000004,Schematic internal layout
SFC-1845,ACCasePost1,SFC-1845 · Adapter case fastener support001,Accessories,black,1,814.3008158104726,6.600000000000023,6.599999999999994,30.0,Schematic internal layout
SFC-1846,ACSecurityScrew1,SFC-1846 · Original adapter square raised security-head screw study001,Accessories,metal,1,146.87468520435428,4.399999999999977,4.400000000000006,31.250000000000004,Schematic internal layout
SFC-1847,ACModelMark,SFC-1847 · HVC-002,Accessories,white,7,0.4465542715136761,21.661577281208082,3.8979867771811954,0.01800020000000302,Japanese original curved grey enclosure; published envelope and approximate local details
SFC-1848,ACTypeMark,SFC-1848 · AC ADAPTER,Accessories,white,9,0.3828463969018184,24.37802023422816,2.923490132885888,0.01800020000000302,Japanese original curved grey enclosure; published envelope and approximate local details
SFC-1849,ACRatingMark,SFC-1849 · 10V  850mA,Accessories,white,8,0.2345840984781124,19.45396392617451,2.4362418107382524,0.01800020000000302,Japanese original curved grey enclosure; published envelope and approximate local details
SFC-1850,ACDCCord,SFC-1850 · Optional HVC-002 shortened DC lead,Accessories,black,1,821.8385455086444,53.00000020000002,48.500000099999994,3.0000002000000023,Japanese original curved grey enclosure; published envelope and approximate local details
SFC-1851,ACCordRelief,SFC-1851 · Adapter DC lead strain-relief sleeve,Accessories,black,1,24.080307689765675,4.0,6.0,4.0,Japanese original curved grey enclosure; published envelope and approximate local details
SFC-1852,ACDCGrip,SFC-1852 · Original molded DC barrel-plug grip,Accessories,black,1,804.2477193189865,8.0,16.0,8.0,Japanese original curved grey enclosure; published envelope and approximate local details
SFC-1853,ACDCBarrel,SFC-1853 · DC plug outer barrel,Accessories,metal,1,173.10960919443164,5.5,9.0,5.5,Japanese original curved grey enclosure; published envelope and approximate local details
SFC-1854,AVPlugBody,SFC-1854 · Optional original SHVC-008 grey MULTI OUT plug,Accessories,sfcgray,1,8212.23007675795,30.0,25.0,11.0,Japanese original curved grey enclosure; published envelope and approximate local details
SFC-1855,AVPlugNose,SFC-1855 · Original keyed multi-out plug mating nose001,Accessories,black,1,1351.1286274262575,24.0,12.0,8.0,Japanese original curved grey enclosure; published envelope and approximate local details
SFC-1856,AVPlugContact0,SFC-1856 · Individual multi-out plug contact,Accessories,gold,1,1.4994634954084936,1.0,6.0,0.25,Schematic internal layout
SFC-1857,AVPlugContact1,SFC-1857 · Individual multi-out plug contact001,Accessories,gold,1,1.4994634954084936,1.0,6.0,0.25,Schematic internal layout
SFC-1858,AVPlugContact2,SFC-1858 · Individual multi-out plug contact002,Accessories,gold,1,1.4994634954084936,1.0,6.0,0.25,Schematic internal layout
SFC-1859,AVPlugContact3,SFC-1859 · Individual multi-out plug contact003,Accessories,gold,1,1.4994634954084936,1.0,6.0,0.25,Schematic internal layout
SFC-1860,AVPlugContact4,SFC-1860 · Individual multi-out plug contact004,Accessories,gold,1,1.4994634954084936,1.0,6.0,0.25,Schematic internal layout
SFC-1861,AVPlugContact5,SFC-1861 · Individual multi-out plug contact005,Accessories,gold,1,1.4994634954084936,1.0,6.0,0.25,Schematic internal layout
SFC-1862,AVPlugContact6,SFC-1862 · Individual multi-out plug contact006,Accessories,gold,1,1.4994634954084936,1.0,6.0,0.25,Schematic internal layout
SFC-1863,AVPlugContact7,SFC-1863 · Individual multi-out plug contact007,Accessories,gold,1,1.4994634954084936,1.0,6.0,0.25,Schematic internal layout
SFC-1864,AVPlugContact8,SFC-1864 · Individual multi-out plug contact008,Accessories,gold,1,1.4994634954084936,1.0,6.0,0.25,Schematic internal layout
SFC-1865,AVPlugContact9,SFC-1865 · Individual multi-out plug contact009,Accessories,gold,1,1.4994634954084936,1.0,6.0,0.25,Schematic internal layout
SFC-1866,AVPlugContact10,SFC-1866 · Individual multi-out plug contact010,Accessories,gold,1,1.4994634954084936,1.0,6.0,0.25,Schematic internal layout
SFC-1867,AVPlugContact11,SFC-1867 · Individual multi-out plug contact011,Accessories,gold,1,1.4994634954084936,1.0,6.0,0.25,Schematic internal layout
SFC-1868,AVPlugMark,SFC-1868 · Nintendo002,Accessories,sfcink,9,0.20495561833398793,14.715738355033551,2.596510267114084,0.01800020000000302,Japanese original curved grey enclosure; published envelope and approximate local details
SFC-1869,AVPlugGrip0,SFC-1869 · Original AV plug grip ridge,Accessories,sfcgray,1,6.573711275016178,24.0,1.0999999999999943,0.25,Japanese original curved grey enclosure; published envelope and approximate local details
SFC-1870,AVPlugGrip1,SFC-1870 · Original AV plug grip ridge001,Accessories,sfcgray,1,6.573711275016179,24.0,1.0999999999999943,0.25,Japanese original curved grey enclosure; published envelope and approximate local details
SFC-1871,AVPlugGrip2,SFC-1871 · Original AV plug grip ridge002,Accessories,sfcgray,1,6.573711275016179,24.0,1.0999999999999943,0.25,Japanese original curved grey enclosure; published envelope and approximate local details
SFC-1872,AVStrand0,SFC-1872 · Separate composite/audio cable strand,Accessories,black,1,865.665018628485,89.60000020000004,59.20000009999998,2.4000001999999974,Japanese original curved grey enclosure; published envelope and approximate local details
SFC-1873,RCAHousing0,SFC-1873 · Original color-coded RCA molded grip,Accessories,sfcyellow,1,1272.3450247038668,9.0,20.0,9.0,Japanese original curved grey enclosure; published envelope and approximate local details
SFC-1874,RCAGrip0_0,SFC-1874 · RCA grip rib,Accessories,sfcyellow,1,7.97336215481068,9.700000000000045,0.9000000000000057,9.700000000000001,Japanese original curved grey enclosure; published envelope and approximate local details
SFC-1875,RCAGrip0_1,SFC-1875 · RCA grip rib001,Accessories,sfcyellow,1,7.97336215481068,9.700000000000045,0.9000000000000057,9.700000000000001,Japanese original curved grey enclosure; published envelope and approximate local details
SFC-1876,RCAGrip0_2,SFC-1876 · RCA grip rib002,Accessories,sfcyellow,1,7.97336215481068,9.700000000000045,0.9000000000000057,9.700000000000001,Japanese original curved grey enclosure; published envelope and approximate local details
SFC-1877,RCAGrip0_3,SFC-1877 · RCA grip rib003,Accessories,sfcyellow,1,7.97336215481068,9.700000000000045,0.9000000000000057,9.700000000000001,Japanese original curved grey enclosure; published envelope and approximate local details
SFC-1878,RCAGrip0_4,SFC-1878 · RCA grip rib004,Accessories,sfcyellow,1,7.97336215481068,9.700000000000045,0.9000000000000057,9.700000000000001,Japanese original curved grey enclosure; published envelope and approximate local details
SFC-1879,RCASleeve0,SFC-1879 · RCA outer signal-ground sleeve,Accessories,metal,1,144.7645894774176,8.0,8.0,8.0,Japanese original curved grey enclosure; published envelope and approximate local details
SFC-1880,RCADielectric0,SFC-1880 · RCA contact dielectric,Accessories,white,1,84.8230016469245,6.0,3.0,6.0,Japanese original curved grey enclosure; published envelope and approximate local details
SFC-1881,RCAPin0,SFC-1881 · RCA center signal pin,Accessories,metal,1,61.575216010359924,2.7999999999999545,10.0,2.8000000000000007,Japanese original curved grey enclosure; published envelope and approximate local details
SFC-1882,AVStrand1,SFC-1882 · Separate composite/audio cable strand001,Accessories,black,1,715.4717570456645,70.40000020000005,52.20000009999998,2.4000001999999974,Japanese original curved grey enclosure; published envelope and approximate local details
SFC-1883,RCAHousing1,SFC-1883 · Original color-coded RCA molded grip001,Accessories,white,1,1272.3450247038668,9.0,20.0,9.0,Japanese original curved grey enclosure; published envelope and approximate local details
SFC-1884,RCAGrip1_0,SFC-1884 · RCA grip rib005,Accessories,white,1,7.97336215481068,9.700000000000045,0.9000000000000057,9.700000000000001,Japanese original curved grey enclosure; published envelope and approximate local details
SFC-1885,RCAGrip1_1,SFC-1885 · RCA grip rib006,Accessories,white,1,7.97336215481068,9.700000000000045,0.9000000000000057,9.700000000000001,Japanese original curved grey enclosure; published envelope and approximate local details
SFC-1886,RCAGrip1_2,SFC-1886 · RCA grip rib007,Accessories,white,1,7.97336215481068,9.700000000000045,0.9000000000000057,9.700000000000001,Japanese original curved grey enclosure; published envelope and approximate local details
SFC-1887,RCAGrip1_3,SFC-1887 · RCA grip rib008,Accessories,white,1,7.97336215481068,9.700000000000045,0.9000000000000057,9.700000000000001,Japanese original curved grey enclosure; published envelope and approximate local details
SFC-1888,RCAGrip1_4,SFC-1888 · RCA grip rib009,Accessories,white,1,7.97336215481068,9.700000000000045,0.9000000000000057,9.700000000000001,Japanese original curved grey enclosure; published envelope and approximate local details
SFC-1889,RCASleeve1,SFC-1889 · RCA outer signal-ground sleeve001,Accessories,metal,1,144.7645894774176,8.0,8.0,8.0,Japanese original curved grey enclosure; published envelope and approximate local details
SFC-1890,RCADielectric1,SFC-1890 · RCA contact dielectric001,Accessories,white,1,84.8230016469245,6.0,3.0,6.0,Japanese original curved grey enclosure; published envelope and approximate local details
SFC-1891,RCAPin1,SFC-1891 · RCA center signal pin001,Accessories,metal,1,61.575216010359924,2.7999999999999545,10.0,2.8000000000000007,Japanese original curved grey enclosure; published envelope and approximate local details
SFC-1892,AVStrand2,SFC-1892 · Separate composite/audio cable strand002,Accessories,black,1,565.2784954628444,51.20000020000006,45.20000009999998,2.4000001999999974,Japanese original curved grey enclosure; published envelope and approximate local details
SFC-1893,RCAHousing2,SFC-1893 · Original color-coded RCA molded grip002,Accessories,red,1,1272.3450247038668,9.0,20.0,9.0,Japanese original curved grey enclosure; published envelope and approximate local details
SFC-1894,RCAGrip2_0,SFC-1894 · RCA grip rib010,Accessories,red,1,7.97336215481068,9.700000000000045,0.9000000000000057,9.700000000000001,Japanese original curved grey enclosure; published envelope and approximate local details
SFC-1895,RCAGrip2_1,SFC-1895 · RCA grip rib011,Accessories,red,1,7.97336215481068,9.700000000000045,0.9000000000000057,9.700000000000001,Japanese original curved grey enclosure; published envelope and approximate local details
SFC-1896,RCAGrip2_2,SFC-1896 · RCA grip rib012,Accessories,red,1,7.97336215481068,9.700000000000045,0.9000000000000057,9.700000000000001,Japanese original curved grey enclosure; published envelope and approximate local details
SFC-1897,RCAGrip2_3,SFC-1897 · RCA grip rib013,Accessories,red,1,7.97336215481068,9.700000000000045,0.9000000000000057,9.700000000000001,Japanese original curved grey enclosure; published envelope and approximate local details
SFC-1898,RCAGrip2_4,SFC-1898 · RCA grip rib014,Accessories,red,1,7.97336215481068,9.700000000000045,0.9000000000000057,9.700000000000001,Japanese original curved grey enclosure; published envelope and approximate local details
SFC-1899,RCASleeve2,SFC-1899 · RCA outer signal-ground sleeve002,Accessories,metal,1,144.7645894774176,8.0,8.0,8.0,Japanese original curved grey enclosure; published envelope and approximate local details
SFC-1900,RCADielectric2,SFC-1900 · RCA contact dielectric002,Accessories,white,1,84.8230016469245,6.0,3.0,6.0,Japanese original curved grey enclosure; published envelope and approximate local details
SFC-1901,RCAPin2,SFC-1901 · RCA center signal pin002,Accessories,metal,1,61.575216010359924,2.7999999999999545,10.0,2.8000000000000007,Japanese original curved grey enclosure; published envelope and approximate local details
SFC-1902,CartScrewWasher0,SFC-1902 · Cartridge connector fixing washer,Fixings,metal,1,4.222300526424686,4.400000000000013,4.399999999999999,0.3500000000000014,Schematic internal layout
SFC-1903,CartScrewWasher1,SFC-1903 · Cartridge connector fixing washer001,Fixings,metal,1,4.222300526424686,4.400000000000006,4.399999999999999,0.3500000000000014,Schematic internal layout
SFC-1904,FrontBoardMount0,SFC-1904 · Front controller board support,Fixings,sfcgray,1,117.62122895040196,5.199999999999989,5.199999999999989,6.500000000000001,Schematic internal layout
SFC-1905,FrontBoardScrew0,SFC-1905 · Cross-head fastener011,Fixings,metal,1,11.733544992734542,4.199999999999989,4.199999999999989,6.33,Schematic internal layout
SFC-1906,FrontBoardMount1,SFC-1906 · Front controller board support001,Fixings,sfcgray,1,117.62122895040196,5.199999999999989,5.199999999999989,6.500000000000001,Schematic internal layout
SFC-1907,FrontBoardScrew1,SFC-1907 · Cross-head fastener012,Fixings,metal,1,11.733544992734542,4.199999999999989,4.199999999999989,6.33,Schematic internal layout
SFC-1908,RearModelMark,SFC-1908 · SHVC-002,Ports,sfcink,8,0.14059583149706967,13.200138522818794,0.01800019999998881,2.0464431530201352,Japanese original curved grey enclosure; published envelope and approximate local details
SFC-1909,Pad1ShiftIC0Mark,SFC-1909 · SHIFT,Controller1,white,5,0.05508110529121833,6.11072996577181,1.6566444953020039,0.018000199999999467,Japanese original curved grey enclosure; published envelope and approximate local details
SFC-1910,Pad1ShiftBackMark0,SFC-1910 · SHIFT001,Controller1,white,5,0.055081105291217416,6.11072996577181,1.6566444953020039,0.018000200000000355,Japanese original curved grey enclosure; published envelope and approximate local details
SFC-1911,Pad1ShiftIC1Mark,SFC-1911 · SHIFT002,Controller1,white,5,0.05508110529121835,6.11072996577181,1.6566444953020039,0.018000199999999467,Japanese original curved grey enclosure; published envelope and approximate local details
SFC-1912,Pad1ShiftBackMark1,SFC-1912 · SHIFT003,Controller1,white,5,0.055081105291217465,6.11072996577181,1.6566444953020039,0.018000200000000355,Japanese original curved grey enclosure; published envelope and approximate local details
SFC-1913,Pad2ShiftIC0Mark,SFC-1913 · SHIFT004,Controller2,white,5,0.055081105291218346,6.11072996577181,1.6566444953020039,0.018000199999999467,Japanese original curved grey enclosure; published envelope and approximate local details
SFC-1914,Pad2ShiftBackMark0,SFC-1914 · SHIFT005,Controller2,white,5,0.05508110529121742,6.11072996577181,1.6566444953020039,0.018000200000000355,Japanese original curved grey enclosure; published envelope and approximate local details
SFC-1915,Pad2ShiftIC1Mark,SFC-1915 · SHIFT006,Controller2,white,5,0.05508110529121834,6.11072996577181,1.6566444953020039,0.018000199999999467,Japanese original curved grey enclosure; published envelope and approximate local details
SFC-1916,Pad2ShiftBackMark1,SFC-1916 · SHIFT007,Controller2,white,5,0.05508110529121742,6.11072996577181,1.6566444953020039,0.018000200000000355,Japanese original curved grey enclosure; published envelope and approximate local details
SFC-1917,CartFixingScrew0,SFC-1917 · Cross-head fastener013,Fixings,metal,1,9.531360228257602,3.5999999999999943,3.6000000000000014,5.530000000000001,Schematic internal layout
SFC-1918,CartFixingScrew1,SFC-1918 · Cross-head fastener014,Fixings,metal,1,9.5313602282576,3.5999999999999943,3.6000000000000014,5.530000000000001,Schematic internal layout
