Part number,Part ID,Label,Assembly,Material,Solid count,Volume mm3,X mm,Y mm,Z mm,Fidelity
PS2-0001,Foot0,PS2-0001 · Rectangular rubber case pad,Body,rubber,1,122.89955742875644,8.0,11.0,1.4,Published body envelope; approximate local exterior detail
PS2-0002,Foot1,PS2-0002 · Rectangular rubber case pad001,Body,rubber,1,122.89955742875644,8.0,11.0,1.4,Published body envelope; approximate local exterior detail
PS2-0003,Foot2,PS2-0003 · Rectangular rubber case pad002,Body,rubber,1,122.89955742875644,8.0,11.0,1.4,Published body envelope; approximate local exterior detail
PS2-0004,Foot3,PS2-0004 · Rectangular rubber case pad003,Body,rubber,1,122.89955742875644,8.0,11.0,1.4,Published body envelope; approximate local exterior detail
PS2-0005,TopPS2P,PS2-0005 · Geometric PS2 P mark study,Body,ps2blue,1,1.6452449999996304,27.050000000000008,31.050000000000008,0.018000000000000682,Published body envelope; approximate local exterior detail
PS2-0006,TopPS2S,PS2-0006 · Geometric PS2 S mark study,Body,ps2cyan,1,1.1538449999994371,27.05000000000001,35.05,0.018000000000000682,Published body envelope; approximate local exterior detail
PS2-0007,TopPS22,PS2-0007 · Geometric PS2 2 mark study,Body,ps2blue,1,2.212245000000086,27.050000000000008,31.050000000000008,0.018000000000000682,Published body envelope; approximate local exterior detail
PS2-0008,TopWordmark,PS2-0008 · PlayStation 2,Body,ps2word,13,0.8049741001841225,5.492617549664434,36.25404382416109,0.01800019999998881,Published body envelope; approximate local exterior detail
PS2-0009,Port1Shutter,PS2-0009 · Memory-card shutter with integral hinge ears,FrontIO,ps2black,1,264.2142546076758,44.0,2.0,8.100000000000009,Published body envelope; approximate local exterior detail
PS2-0010,Port1ShutterPin,PS2-0010 · Memory-card shutter steel pivot,FrontIO,metal,1,17.286802071937082,47.60000000000001,0.6800000000000068,0.6800000000000068,Schematic internal layout
PS2-0011,Port1ShutterSpring,PS2-0011 · Shutter return spring study,FrontIO,metal,1,0.5359527641558524,1.9988838263023183,1.400002240179603,1.400002946686044,Schematic internal layout
PS2-0012,Port1CardTongue,PS2-0012 · Eight-contact memory-card support tongue,FrontIO,black,1,319.9381946710581,40.0,10.0,0.7999999999999972,Schematic internal layout
PS2-0013,Port1CardContact0,PS2-0013 · Card contact with rear route and PCB leg,FrontIO,gold,1,7.271200000000264,1.2000000000000028,24.80000000000001,20.269999999999996,Schematic internal layout
PS2-0014,Port1CardContact1,PS2-0014 · Card contact with rear route and PCB leg001,FrontIO,gold,1,7.271200000000112,1.2000000000000028,24.80000000000001,20.269999999999996,Schematic internal layout
PS2-0015,Port1CardContact2,PS2-0015 · Card contact with rear route and PCB leg002,FrontIO,gold,1,7.271200000000056,1.2000000000000028,24.80000000000001,20.269999999999996,Schematic internal layout
PS2-0016,Port1CardContact3,PS2-0016 · Card contact with rear route and PCB leg003,FrontIO,gold,1,7.271200000000107,1.2000000000000028,24.80000000000001,20.269999999999996,Schematic internal layout
PS2-0017,Port1CardContact4,PS2-0017 · Card contact with rear route and PCB leg004,FrontIO,gold,1,7.2712000000002135,1.2000000000000028,24.80000000000001,20.269999999999996,Schematic internal layout
PS2-0018,Port1CardContact5,PS2-0018 · Card contact with rear route and PCB leg005,FrontIO,gold,1,7.2712000000001655,1.2000000000000028,24.80000000000001,20.269999999999996,Schematic internal layout
PS2-0019,Port1CardContact6,PS2-0019 · Card contact with rear route and PCB leg006,FrontIO,gold,1,7.2712000000001655,1.2000000000000028,24.80000000000001,20.269999999999996,Schematic internal layout
PS2-0020,Port1CardContact7,PS2-0020 · Card contact with rear route and PCB leg007,FrontIO,gold,1,7.2712000000001105,1.2000000000000028,24.80000000000001,20.269999999999996,Schematic internal layout
PS2-0021,Port1Triplet0,PS2-0021 · Three-position controller socket insulator,FrontIO,black,1,292.802867138194,12.400000000000006,4.799999999999997,5.400000000000006,Published body envelope; approximate local exterior detail
PS2-0022,Port1ControllerContact0,PS2-0022 · Controller socket contact and PCB leg,FrontIO,gold,1,8.65605756949992,1.3400000000000034,24.83999999999999,7.819999999999993,Schematic internal layout
PS2-0023,Port1ControllerContact1,PS2-0023 · Controller socket contact and PCB leg001,FrontIO,gold,1,8.656057569501167,1.3400000000000034,24.83999999999999,7.819999999999993,Schematic internal layout
PS2-0024,Port1ControllerContact2,PS2-0024 · Controller socket contact and PCB leg002,FrontIO,gold,1,8.656057569500886,1.3400000000000034,24.83999999999999,7.819999999999993,Schematic internal layout
PS2-0025,Port1Triplet1,PS2-0025 · Three-position controller socket insulator001,FrontIO,black,1,292.8028671381941,12.400000000000006,4.799999999999997,5.400000000000006,Published body envelope; approximate local exterior detail
PS2-0026,Port1ControllerContact3,PS2-0026 · Controller socket contact and PCB leg003,FrontIO,gold,1,8.656057569500888,1.3400000000000034,24.83999999999999,7.819999999999993,Schematic internal layout
PS2-0027,Port1ControllerContact4,PS2-0027 · Controller socket contact and PCB leg004,FrontIO,gold,1,8.656057569500089,1.3400000000000034,24.83999999999999,7.819999999999993,Schematic internal layout
PS2-0028,Port1ControllerContact5,PS2-0028 · Controller socket contact and PCB leg005,FrontIO,gold,1,8.65605756949992,1.3400000000000034,24.83999999999999,7.819999999999993,Schematic internal layout
PS2-0029,Port1Triplet2,PS2-0029 · Three-position controller socket insulator002,FrontIO,black,1,292.8028671381941,12.400000000000006,4.799999999999997,5.400000000000006,Published body envelope; approximate local exterior detail
PS2-0030,Port1ControllerContact6,PS2-0030 · Controller socket contact and PCB leg006,FrontIO,gold,1,8.656057569501055,1.3400000000000034,24.83999999999999,7.819999999999993,Schematic internal layout
PS2-0031,Port1ControllerContact7,PS2-0031 · Controller socket contact and PCB leg007,FrontIO,gold,1,8.656057569500941,1.3400000000000034,24.83999999999999,7.819999999999993,Schematic internal layout
PS2-0032,Port1ControllerContact8,PS2-0032 · Controller socket contact and PCB leg008,FrontIO,gold,1,8.656057569501051,1.3400000000000034,24.83999999999999,7.819999999999993,Schematic internal layout
PS2-0033,Port1Case,PS2-0033 · Original dual-level connector housing002,FrontIO,ps2black,1,4648.418592267758,48.0,18.700000000000003,27.0,Schematic internal layout
PS2-0034,Port1MemoryLegend,PS2-0034 · MEMORY CARD,Body,white,10,0.17245306432600394,17.15020983154362,0.01800019999998881,1.7540941597315225,Published body envelope; approximate local exterior detail
PS2-0035,Port1Number,PS2-0035 · 1,Body,white,1,0.021255081415251845,1.3983850671140914,0.018000000000000682,2.3489932885906057,Published body envelope; approximate local exterior detail
PS2-0036,Port2Shutter,PS2-0036 · Memory-card shutter with integral hinge ears001,FrontIO,ps2black,1,264.21425460767574,44.0,2.0,8.100000000000009,Published body envelope; approximate local exterior detail
PS2-0037,Port2ShutterPin,PS2-0037 · Memory-card shutter steel pivot001,FrontIO,metal,1,17.28680207193708,47.6,0.6800000000000068,0.6800000000000068,Schematic internal layout
PS2-0038,Port2ShutterSpring,PS2-0038 · Shutter return spring study001,FrontIO,metal,1,0.5359527641558524,1.9988838263023183,1.400002240179603,1.400002946686044,Schematic internal layout
PS2-0039,Port2CardTongue,PS2-0039 · Eight-contact memory-card support tongue001,FrontIO,black,1,319.9381946710581,40.0,10.0,0.7999999999999972,Schematic internal layout
PS2-0040,Port2CardContact0,PS2-0040 · Card contact with rear route and PCB leg008,FrontIO,gold,1,7.2711999999999986,1.2000000000000028,24.80000000000001,20.269999999999996,Schematic internal layout
PS2-0041,Port2CardContact1,PS2-0041 · Card contact with rear route and PCB leg009,FrontIO,gold,1,7.2711999999999675,1.2000000000000028,24.80000000000001,20.269999999999996,Schematic internal layout
PS2-0042,Port2CardContact2,PS2-0042 · Card contact with rear route and PCB leg010,FrontIO,gold,1,7.271199999999942,1.2000000000000028,24.80000000000001,20.269999999999996,Schematic internal layout
PS2-0043,Port2CardContact3,PS2-0043 · Card contact with rear route and PCB leg011,FrontIO,gold,1,7.271200000000018,1.2000000000000028,24.80000000000001,20.269999999999996,Schematic internal layout
PS2-0044,Port2CardContact4,PS2-0044 · Card contact with rear route and PCB leg012,FrontIO,gold,1,7.2711999999999914,1.2000000000000028,24.80000000000001,20.269999999999996,Schematic internal layout
PS2-0045,Port2CardContact5,PS2-0045 · Card contact with rear route and PCB leg013,FrontIO,gold,1,7.271200000000019,1.2000000000000028,24.80000000000001,20.269999999999996,Schematic internal layout
PS2-0046,Port2CardContact6,PS2-0046 · Card contact with rear route and PCB leg014,FrontIO,gold,1,7.271199999999937,1.2000000000000028,24.80000000000001,20.269999999999996,Schematic internal layout
PS2-0047,Port2CardContact7,PS2-0047 · Card contact with rear route and PCB leg015,FrontIO,gold,1,7.271199999999937,1.2000000000000028,24.80000000000001,20.269999999999996,Schematic internal layout
PS2-0048,Port2Triplet0,PS2-0048 · Three-position controller socket insulator003,FrontIO,black,1,292.8028671381941,12.400000000000006,4.799999999999997,5.400000000000006,Published body envelope; approximate local exterior detail
PS2-0049,Port2ControllerContact0,PS2-0049 · Controller socket contact and PCB leg009,FrontIO,gold,1,8.656057569500561,1.3400000000000034,24.83999999999999,7.819999999999993,Schematic internal layout
PS2-0050,Port2ControllerContact1,PS2-0050 · Controller socket contact and PCB leg010,FrontIO,gold,1,8.656057569501103,1.3399999999999963,24.83999999999999,7.819999999999993,Schematic internal layout
PS2-0051,Port2ControllerContact2,PS2-0051 · Controller socket contact and PCB leg011,FrontIO,gold,1,8.656057569499847,1.3399999999999963,24.83999999999999,7.819999999999993,Schematic internal layout
PS2-0052,Port2Triplet1,PS2-0052 · Three-position controller socket insulator004,FrontIO,black,1,292.802867138194,12.400000000000006,4.799999999999997,5.400000000000006,Published body envelope; approximate local exterior detail
PS2-0053,Port2ControllerContact3,PS2-0053 · Controller socket contact and PCB leg012,FrontIO,gold,1,8.65605756950107,1.3399999999999963,24.83999999999999,7.819999999999993,Schematic internal layout
PS2-0054,Port2ControllerContact4,PS2-0054 · Controller socket contact and PCB leg013,FrontIO,gold,1,8.656057569500563,1.3399999999999963,24.83999999999999,7.819999999999993,Schematic internal layout
PS2-0055,Port2ControllerContact5,PS2-0055 · Controller socket contact and PCB leg014,FrontIO,gold,1,8.656057569500529,1.3399999999999963,24.83999999999999,7.819999999999993,Schematic internal layout
PS2-0056,Port2Triplet2,PS2-0056 · Three-position controller socket insulator005,FrontIO,black,1,292.80286713819396,12.400000000000006,4.799999999999997,5.400000000000006,Published body envelope; approximate local exterior detail
PS2-0057,Port2ControllerContact6,PS2-0057 · Controller socket contact and PCB leg015,FrontIO,gold,1,8.656057569500504,1.3399999999999963,24.83999999999999,7.819999999999993,Schematic internal layout
PS2-0058,Port2ControllerContact7,PS2-0058 · Controller socket contact and PCB leg016,FrontIO,gold,1,8.656057569500826,1.3399999999999963,24.83999999999999,7.819999999999993,Schematic internal layout
PS2-0059,Port2ControllerContact8,PS2-0059 · Controller socket contact and PCB leg017,FrontIO,gold,1,8.656057569500563,1.3399999999999963,24.83999999999999,7.819999999999993,Schematic internal layout
PS2-0060,Port2Case,PS2-0060 · Original dual-level connector housing005,FrontIO,ps2black,1,4648.418592267775,48.0,18.700000000000003,27.0,Schematic internal layout
PS2-0061,Port2MemoryLegend,PS2-0061 · MEMORY CARD001,Body,white,10,0.17245306432600357,17.150209831543627,0.01800019999998881,1.7540941597315225,Published body envelope; approximate local exterior detail
PS2-0062,Port2Number,PS2-0062 · 2,Body,white,1,0.025190555502233453,1.4911914751677884,0.01800019999998881,2.3892619449664423,Published body envelope; approximate local exterior detail
PS2-0063,FrontPortPCB,PS2-0063 · Original shared controller and memory-card board001,FrontIO,pcb,1,3348.199655956583,124.0,21.0,1.2999999999999972,Published body envelope; approximate local exterior detail
PS2-0064,BlueIOPanel,PS2-0064 · Original blue USB and i.LINK field,FrontIO,io_blue,1,83.34624426315293,48.0,0.0799999999999983,27.5,Published body envelope; approximate local exterior detail
PS2-0065,USB0Shield,PS2-0065 · USB Type-A metal receptacle shell,FrontIO,metal,1,176.2255968682921,14.300000000000011,11.0,6.700000000000003,Published body envelope; approximate local exterior detail
PS2-0066,USB0Contact0,PS2-0066 · USB contact and plated-through-board leg,FrontIO,gold,1,2.1328000000000094,0.6999999999999886,11.900000000000006,5.859999999999999,Schematic internal layout
PS2-0067,USB0Contact1,PS2-0067 · USB contact and plated-through-board leg001,FrontIO,gold,1,2.132799999999979,0.6999999999999886,11.900000000000006,5.859999999999999,Schematic internal layout
PS2-0068,USB0Contact2,PS2-0068 · USB contact and plated-through-board leg002,FrontIO,gold,1,2.132800000000042,0.7000000000000028,11.900000000000006,5.859999999999999,Schematic internal layout
PS2-0069,USB0Contact3,PS2-0069 · USB contact and plated-through-board leg003,FrontIO,gold,1,2.132800000000057,0.7000000000000028,11.900000000000006,5.859999999999999,Schematic internal layout
PS2-0070,USB0Tongue,PS2-0070 · USB carrier and insulating tongue,FrontIO,black,1,222.35741678153394,13.200000000000003,9.700000000000003,5.600000000000001,Schematic internal layout
PS2-0071,USB1Shield,PS2-0071 · USB Type-A metal receptacle shell001,FrontIO,metal,1,176.22559686829212,14.300000000000011,11.0,6.700000000000003,Published body envelope; approximate local exterior detail
PS2-0072,USB1Contact0,PS2-0072 · USB contact and plated-through-board leg004,FrontIO,gold,1,4.094400000000178,0.6999999999999886,14.700000000000003,16.86,Schematic internal layout
PS2-0073,USB1Contact1,PS2-0073 · USB contact and plated-through-board leg005,FrontIO,gold,1,4.094400000000023,0.6999999999999886,14.700000000000003,16.86,Schematic internal layout
PS2-0074,USB1Contact2,PS2-0074 · USB contact and plated-through-board leg006,FrontIO,gold,1,4.094400000000124,0.7000000000000028,14.700000000000003,16.86,Schematic internal layout
PS2-0075,USB1Contact3,PS2-0075 · USB contact and plated-through-board leg007,FrontIO,gold,1,4.094400000000045,0.7000000000000028,14.700000000000003,16.86,Schematic internal layout
PS2-0076,USB1Tongue,PS2-0076 · USB carrier and insulating tongue001,FrontIO,black,1,222.3574167815338,13.200000000000003,9.700000000000003,5.600000000000001,Schematic internal layout
PS2-0077,ILinkShield,PS2-0077 · Four-pin i.LINK receptacle shield,FrontIO,metal,1,107.79805268652771,7.599999999999994,11.0,5.600000000000001,Published body envelope; approximate local exterior detail
PS2-0078,ILinkContact0,PS2-0078 · i.LINK signal contact and PCB leg,FrontIO,gold,1,1.0248500000000476,0.28000000000000114,14.199999999999989,6.3100000000000005,Schematic internal layout
PS2-0079,ILinkContact1,PS2-0079 · i.LINK signal contact and PCB leg001,FrontIO,gold,1,1.0248500000000191,0.28000000000000114,14.199999999999989,6.3100000000000005,Schematic internal layout
PS2-0080,ILinkContact2,PS2-0080 · i.LINK signal contact and PCB leg002,FrontIO,gold,1,1.0248500000000054,0.28000000000000114,14.199999999999989,6.3100000000000005,Schematic internal layout
PS2-0081,ILinkContact3,PS2-0081 · i.LINK signal contact and PCB leg003,FrontIO,gold,1,1.0248500000000471,0.28000000000000114,14.199999999999989,6.3100000000000005,Schematic internal layout
PS2-0082,ILinkCarrier,PS2-0082 · Keyed i.LINK insulator with four-contact tongue,FrontIO,black,1,85.14122905297666,6.400000000000006,9.700000000000003,4.449999999999999,Schematic internal layout
PS2-0083,USBLabel,PS2-0083 · USB,FrontIO,white,3,0.0501864954099764,4.395352548993259,0.01800019999998881,1.7540941597315438,Published body envelope; approximate local exterior detail
PS2-0084,ILinkLabel,PS2-0084 · i.LINK,FrontIO,white,7,0.05006388070645373,5.907263003355709,0.018000000000000682,1.6167785234899341,Published body envelope; approximate local exterior detail
PS2-0085,S400Label,PS2-0085 · S400,FrontIO,white,4,0.0745661240625432,6.211409595973137,0.01800019999998881,1.948993488590606,Published body envelope; approximate local exterior detail
PS2-0086,TrayBezel,PS2-0086 · Separate ribbed optical-tray front cover001,Optical,ps2black,1,2521.3834489234387,130.0,1.7000000000000028,12.0,Published body envelope; approximate local exterior detail
PS2-0087,TrayFamilyLabel,PS2-0087 · PlayStation 001,Optical,ps2word,13,0.15010105897028272,15.655155401342256,0.01800019999998881,2.3718121805369137,Published body envelope; approximate local exterior detail
PS2-0088,ControlPCB,PS2-0088 · Original narrow power and eject board,Controls,pcb,1,524.8626548245744,15.0,1.0000000000000142,35.0,Schematic internal layout
PS2-0089,PowerButton,PS2-0089 · RESET button with internal operating stem,Controls,ps2black,1,363.1919115460401,14.0,12.200000000000003,7.5,Published body envelope; approximate local exterior detail
PS2-0090,PowerLens,PS2-0090 · Power status light-guide study,Controls,led,1,5.42867210540317,1.6000000000000227,2.700000000000003,1.5999999999999943,Published body envelope; approximate local exterior detail
PS2-0091,PowerCaption,PS2-0091 · RESET,Controls,white,5,0.039159488592962165,5.20872493221475,0.01800019999998881,1.2668458375838867,Published body envelope; approximate local exterior detail
PS2-0092,PowerSwitch,PS2-0092 · Tactile switch and actuator study,Controls,metal,1,52.10139804282012,6.0,1.8000000000000114,6.0,Schematic internal layout
PS2-0093,PowerSwitchPads,PS2-0093 · Four tactile-switch PCB lands,Controls,gold,4,0.07645061929830285,7.7000000000000455,0.025000000000005684,4.699999999999989,Schematic internal layout
PS2-0094,EjectButton,PS2-0094 · OPEN button with internal operating stem,Controls,ps2black,1,363.19191154604005,14.0,12.200000000000003,7.5,Published body envelope; approximate local exterior detail
PS2-0095,EjectLens,PS2-0095 · Eject status light-guide study,Controls,blue,1,5.428672105403165,1.6000000000000227,2.700000000000003,1.5999999999999943,Published body envelope; approximate local exterior detail
PS2-0096,EjectSymbol,PS2-0096 · Outlined eject triangle,Controls,ps2blue,1,0.05339160000000072,3.6000000000000227,0.018000000000000682,2.8999999999999986,Published body envelope; approximate local exterior detail
PS2-0097,EjectSwitch,PS2-0097 · Tactile switch and actuator study001,Controls,metal,1,52.10139804282013,6.0,1.8000000000000114,6.0,Schematic internal layout
PS2-0098,EjectSwitchPads,PS2-0098 · Four tactile-switch PCB lands001,Controls,gold,4,0.07645061929830285,7.7000000000000455,0.025000000000005684,4.699999999999989,Schematic internal layout
PS2-0099,EmblemRotor,PS2-0099 · Rotatable front emblem disc and axle study,Controls,ps2black,1,56.66019430381871,9.0,5.200000000000003,9.0,Published body envelope; approximate local exterior detail
PS2-0100,FrontBadgeRed,PS2-0100 · Swivel PS emblem colour study,Controls,red,1,0.16995453300000213,3.096,0.018000000000000682,5.504000000000005,Published body envelope; approximate local exterior detail
PS2-0101,FrontBadgeYellow,PS2-0101 · Swivel PS emblem colour study001,Controls,yellow,1,0.07938595502167262,3.8700002000000016,0.01800019999998881,2.5642972175312053,Published body envelope; approximate local exterior detail
PS2-0102,FrontBadgeGreen,PS2-0102 · Swivel PS emblem colour study002,Controls,emblemgreen,1,0.07863785347628893,3.8700002,0.01800019999998881,2.572012507099892,Published body envelope; approximate local exterior detail
PS2-0103,FrontBadgeBrown,PS2-0103 · Swivel PS emblem colour study003,Controls,emblembrown,2,0.05833842285221299,4.730000199999999,0.01800019999998881,1.183932127906914,Published body envelope; approximate local exterior detail
PS2-0104,ACInlet,PS2-0104 · Original nonpolarized figure-eight AC inlet,Power,black,1,2786.419803818592,25.200000000000017,11.099999999999994,14.0,Published body envelope; approximate local exterior detail
PS2-0105,ACPin0,PS2-0105 · Rounded AC inlet pin,Power,metal,1,25.701369499018114,1.8000000000000114,10.400000000000006,1.7999999999999972,Schematic internal layout
PS2-0106,ACPin1,PS2-0106 · Rounded AC inlet pin001,Power,metal,1,25.701369499018114,1.8000000000000114,10.400000000000006,1.7999999999999972,Schematic internal layout
PS2-0107,MainsSwitchHousing,PS2-0107 · Rear mains-rocker support frame,Power,black,1,1736.6977140414122,23.5,13.0,13.0,Published body envelope; approximate local exterior detail
PS2-0108,MainsRocker,PS2-0108 · Original tilted mains rocker,Power,ps2black,1,711.5638934211695,19.80000000000001,5.213630183606881,9.469105022514405,Published body envelope; approximate local exterior detail
PS2-0109,MainsSymbol0,PS2-0109 · I,Power,white,1,0.008598261339580372,0.25419463087247607,0.27935816932338753,1.8634115537209084,Published body envelope; approximate local exterior detail
PS2-0110,MainsSymbol1,PS2-0110 · O,Power,white,1,0.022311746528875215,1.7390941597315361,0.2890724649608529,1.9325311357001809,Published body envelope; approximate local exterior detail
PS2-0111,MainsTerminal0,PS2-0111 · Mains switch terminal study,Power,metal,1,5.772926010528488,2.3000000000000114,4.200000000000003,0.6000000000000014,Schematic internal layout
PS2-0112,MainsTerminal1,PS2-0112 · Mains switch terminal study001,Power,metal,1,5.772926010528488,2.3000000000000114,4.200000000000003,0.6000000000000014,Schematic internal layout
PS2-0113,AVMultiShell,PS2-0113 · Twelve-position AV MULTI output shell,Ports,metal,1,281.25053018116165,18.80000000000001,11.0,8.000000000000004,Published body envelope; approximate local exterior detail
PS2-0114,AVMultiTongue,PS2-0114 · AV MULTI insulating tongue,Ports,black,1,192.15384061406354,16.200000000000017,8.799999999999997,1.350000000000005,Schematic internal layout
PS2-0115,AVMultiContact0,PS2-0115 · AV MULTI signal contact 1,Ports,gold,1,2.5990830070728688,0.5,11.900000000000006,12.480000000000002,Schematic internal layout
PS2-0116,AVMultiContact1,PS2-0116 · AV MULTI signal contact 2,Ports,gold,1,2.5990830070728927,0.5,11.900000000000006,12.480000000000002,Schematic internal layout
PS2-0117,AVMultiContact2,PS2-0117 · AV MULTI signal contact 3,Ports,gold,1,2.5990830070728936,0.5,11.900000000000006,12.480000000000002,Schematic internal layout
PS2-0118,AVMultiContact3,PS2-0118 · AV MULTI signal contact 4,Ports,gold,1,2.5990830070728927,0.5,11.900000000000006,12.480000000000002,Schematic internal layout
PS2-0119,AVMultiContact4,PS2-0119 · AV MULTI signal contact 5,Ports,gold,1,2.5990830070728688,0.5,11.900000000000006,12.480000000000002,Schematic internal layout
PS2-0120,AVMultiContact5,PS2-0120 · AV MULTI signal contact 6,Ports,gold,1,2.599083007072868,0.5,11.900000000000006,12.480000000000002,Schematic internal layout
PS2-0121,AVMultiContact6,PS2-0121 · AV MULTI signal contact 7,Ports,gold,1,2.5990830070728457,0.5,11.900000000000006,12.480000000000002,Schematic internal layout
PS2-0122,AVMultiContact7,PS2-0122 · AV MULTI signal contact 8,Ports,gold,1,2.5990830070728688,0.5,11.900000000000006,12.480000000000002,Schematic internal layout
PS2-0123,AVMultiContact8,PS2-0123 · AV MULTI signal contact 9,Ports,gold,1,2.599083007072821,0.5,11.900000000000006,12.480000000000002,Schematic internal layout
PS2-0124,AVMultiContact9,PS2-0124 · AV MULTI signal contact 10,Ports,gold,1,2.5990830070728457,0.5,11.900000000000006,12.480000000000002,Schematic internal layout
PS2-0125,AVMultiContact10,PS2-0125 · AV MULTI signal contact 11,Ports,gold,1,2.5990830070729647,0.5,11.900000000000006,12.480000000000002,Schematic internal layout
PS2-0126,AVMultiContact11,PS2-0126 · AV MULTI signal contact 12,Ports,gold,1,2.599083007072988,0.5,11.900000000000006,12.480000000000002,Schematic internal layout
PS2-0127,OpticalOutputHousing,PS2-0127 · Square optical digital-output module,Ports,black,1,654.0658052083642,8.800000000000011,11.0,9.4,Published body envelope; approximate local exterior detail
PS2-0128,OpticalOutputDoor,PS2-0128 · Optical-output dust shutter,Ports,ps2black,1,9.051823001646897,5.5,0.29999999999999716,5.5,Published body envelope; approximate local exterior detail
PS2-0129,OpticalOutputLens,PS2-0129 · Optical-emitter window study,Ports,red,1,0.9424777960769346,2.0,0.29999999999999716,2.0,Schematic internal layout
PS2-0130,OpticalOutputPin0,PS2-0130 · Optical-module board pin,Ports,metal,1,1.610066234964762,0.5,0.5,8.2,Schematic internal layout
PS2-0131,OpticalOutputPin1,PS2-0131 · Optical-module board pin001,Ports,metal,1,1.610066234964762,0.5,0.5,8.2,Schematic internal layout
PS2-0132,OpticalOutputPin2,PS2-0132 · Optical-module board pin002,Ports,metal,1,1.610066234964762,0.5,0.5,8.2,Schematic internal layout
PS2-0133,RearAC,PS2-0133 · AC IN,Body,ps2word,4,0.04404250387369982,5.404362416107389,0.01800019999998881,1.5591948308724852,Published body envelope; approximate local exterior detail
PS2-0134,RearMains,PS2-0134 · MAIN POWER,Body,ps2word,9,0.09401784236830656,11.702038690604027,0.01800019999998881,1.3642955020134195,Published body envelope; approximate local exterior detail
PS2-0135,RearAV,PS2-0135 · AV MULTI OUT,Body,ps2word,10,0.11092166148822272,14.39724832214766,0.01800019999998881,1.5591948308724835,Published body envelope; approximate local exterior detail
PS2-0136,RearOptical,PS2-0136 · DIGITAL OUT,Body,ps2word,10,0.0634550493792868,10.088926274496629,0.01800019999998881,1.2181210053691274,Published body envelope; approximate local exterior detail
PS2-0137,PCCardContact0,PS2-0137 · PC CARD contact 1 and board leg,Ports,gold,1,2.6370697672705257,0.35999999999999943,14.299999999999999,11.120000000000003,Schematic internal layout
PS2-0138,PCCardContact1,PS2-0138 · PC CARD contact 2 and board leg,Ports,gold,1,2.6370697672705097,0.35999999999999943,14.299999999999999,11.120000000000003,Schematic internal layout
PS2-0139,PCCardContact2,PS2-0139 · PC CARD contact 3 and board leg,Ports,gold,1,2.637069767270545,0.35999999999999943,14.299999999999999,11.120000000000003,Schematic internal layout
PS2-0140,PCCardContact3,PS2-0140 · PC CARD contact 4 and board leg,Ports,gold,1,2.6370697672705585,0.35999999999999943,14.299999999999999,11.120000000000003,Schematic internal layout
PS2-0141,PCCardContact4,PS2-0141 · PC CARD contact 5 and board leg,Ports,gold,1,2.6370697672704635,0.35999999999999943,14.299999999999999,11.120000000000003,Schematic internal layout
PS2-0142,PCCardContact5,PS2-0142 · PC CARD contact 6 and board leg,Ports,gold,1,2.6370697672705266,0.35999999999999943,14.299999999999999,11.120000000000003,Schematic internal layout
PS2-0143,PCCardContact6,PS2-0143 · PC CARD contact 7 and board leg,Ports,gold,1,2.637069767270499,0.35999999999999943,14.299999999999999,11.120000000000003,Schematic internal layout
PS2-0144,PCCardContact7,PS2-0144 · PC CARD contact 8 and board leg,Ports,gold,1,2.6370697672704813,0.35999999999999943,14.299999999999999,11.120000000000003,Schematic internal layout
PS2-0145,PCCardContact8,PS2-0145 · PC CARD contact 9 and board leg,Ports,gold,1,2.6370697672705417,0.35999999999999943,14.299999999999999,11.120000000000003,Schematic internal layout
PS2-0146,PCCardContact9,PS2-0146 · PC CARD contact 10 and board leg,Ports,gold,1,2.6370697672704964,0.35999999999999943,14.299999999999999,11.120000000000003,Schematic internal layout
PS2-0147,PCCardContact10,PS2-0147 · PC CARD contact 11 and board leg,Ports,gold,1,2.6370697672705097,0.35999999999999943,14.299999999999999,11.120000000000003,Schematic internal layout
PS2-0148,PCCardContact11,PS2-0148 · PC CARD contact 12 and board leg,Ports,gold,1,2.6370697672705274,0.35999999999999943,14.299999999999999,11.120000000000003,Schematic internal layout
PS2-0149,PCCardContact12,PS2-0149 · PC CARD contact 13 and board leg,Ports,gold,1,2.6370697672705106,0.35999999999999943,14.299999999999999,11.120000000000003,Schematic internal layout
PS2-0150,PCCardContact13,PS2-0150 · PC CARD contact 14 and board leg,Ports,gold,1,2.6370697672705594,0.35999999999999943,14.299999999999999,11.120000000000003,Schematic internal layout
PS2-0151,PCCardContact14,PS2-0151 · PC CARD contact 15 and board leg,Ports,gold,1,2.6370697672704866,0.36000000000000654,14.299999999999999,11.120000000000003,Schematic internal layout
PS2-0152,PCCardContact15,PS2-0152 · PC CARD contact 16 and board leg,Ports,gold,1,2.6370697672705488,0.36000000000001364,14.299999999999999,11.120000000000003,Schematic internal layout
PS2-0153,PCCardContact16,PS2-0153 · PC CARD contact 17 and board leg,Ports,gold,1,2.63706976727058,0.36000000000001364,14.299999999999999,11.120000000000003,Schematic internal layout
PS2-0154,PCCardContact17,PS2-0154 · PC CARD contact 18 and board leg,Ports,gold,1,2.637069767270548,0.36000000000001364,14.299999999999999,11.120000000000003,Schematic internal layout
PS2-0155,PCCardContact18,PS2-0155 · PC CARD contact 19 and board leg,Ports,gold,1,2.637069767270611,0.36000000000001364,14.299999999999999,11.120000000000003,Schematic internal layout
PS2-0156,PCCardContact19,PS2-0156 · PC CARD contact 20 and board leg,Ports,gold,1,2.637069767270611,0.36000000000001364,14.299999999999999,11.120000000000003,Schematic internal layout
PS2-0157,PCCardContact20,PS2-0157 · PC CARD contact 21 and board leg,Ports,gold,1,2.637069767270517,0.36000000000001364,14.299999999999999,11.120000000000003,Schematic internal layout
PS2-0158,PCCardContact21,PS2-0158 · PC CARD contact 22 and board leg,Ports,gold,1,2.637069767270611,0.36000000000001364,14.299999999999999,11.120000000000003,Schematic internal layout
PS2-0159,PCCardContact22,PS2-0159 · PC CARD contact 23 and board leg,Ports,gold,1,2.63706976727058,0.36000000000001364,14.299999999999999,11.120000000000003,Schematic internal layout
PS2-0160,PCCardContact23,PS2-0160 · PC CARD contact 24 and board leg,Ports,gold,1,2.637069767270644,0.36000000000001364,14.299999999999999,11.120000000000003,Schematic internal layout
PS2-0161,PCCardContact24,PS2-0161 · PC CARD contact 25 and board leg,Ports,gold,1,2.63706976727058,0.36000000000001364,14.299999999999999,11.120000000000003,Schematic internal layout
PS2-0162,PCCardContact25,PS2-0162 · PC CARD contact 26 and board leg,Ports,gold,1,2.63706976727058,0.36000000000001364,14.299999999999999,11.120000000000003,Schematic internal layout
PS2-0163,PCCardContact26,PS2-0163 · PC CARD contact 27 and board leg,Ports,gold,1,2.63706976727058,0.36000000000001364,14.299999999999999,11.120000000000003,Schematic internal layout
PS2-0164,PCCardContact27,PS2-0164 · PC CARD contact 28 and board leg,Ports,gold,1,2.637069767270643,0.36000000000001364,14.299999999999999,11.120000000000003,Schematic internal layout
PS2-0165,PCCardContact28,PS2-0165 · PC CARD contact 29 and board leg,Ports,gold,1,2.63706976727058,0.36000000000001364,14.299999999999999,11.120000000000003,Schematic internal layout
PS2-0166,PCCardContact29,PS2-0166 · PC CARD contact 30 and board leg,Ports,gold,1,2.637069767270548,0.36000000000001364,14.299999999999999,11.120000000000003,Schematic internal layout
PS2-0167,PCCardContact30,PS2-0167 · PC CARD contact 31 and board leg,Ports,gold,1,2.637069767270579,0.36000000000001364,14.299999999999999,11.120000000000003,Schematic internal layout
PS2-0168,PCCardContact31,PS2-0168 · PC CARD contact 32 and board leg,Ports,gold,1,2.637069767270643,0.36000000000001364,14.299999999999999,11.120000000000003,Schematic internal layout
PS2-0169,PCCardContact32,PS2-0169 · PC CARD contact 33 and board leg,Ports,gold,1,2.637069767270484,0.36000000000001364,14.299999999999999,11.120000000000003,Schematic internal layout
PS2-0170,PCCardContact33,PS2-0170 · PC CARD contact 34 and board leg,Ports,gold,1,2.637069767270548,0.36000000000001364,14.299999999999999,11.120000000000003,Schematic internal layout
PS2-0171,PCCardContact34,PS2-0171 · PC CARD contact 35 and board leg,Ports,gold,1,3.077709767270555,0.35999999999999943,16.7,12.92,Schematic internal layout
PS2-0172,PCCardContact35,PS2-0172 · PC CARD contact 36 and board leg,Ports,gold,1,3.0777097672705143,0.35999999999999943,16.7,12.92,Schematic internal layout
PS2-0173,PCCardContact36,PS2-0173 · PC CARD contact 37 and board leg,Ports,gold,1,3.077709767270516,0.35999999999999943,16.7,12.92,Schematic internal layout
PS2-0174,PCCardContact37,PS2-0174 · PC CARD contact 38 and board leg,Ports,gold,1,3.077709767270555,0.35999999999999943,16.7,12.92,Schematic internal layout
PS2-0175,PCCardContact38,PS2-0175 · PC CARD contact 39 and board leg,Ports,gold,1,3.077709767270502,0.35999999999999943,16.7,12.92,Schematic internal layout
PS2-0176,PCCardContact39,PS2-0176 · PC CARD contact 40 and board leg,Ports,gold,1,3.077709767270594,0.35999999999999943,16.7,12.92,Schematic internal layout
PS2-0177,PCCardContact40,PS2-0177 · PC CARD contact 41 and board leg,Ports,gold,1,3.077709767270518,0.35999999999999943,16.7,12.92,Schematic internal layout
PS2-0178,PCCardContact41,PS2-0178 · PC CARD contact 42 and board leg,Ports,gold,1,3.0777097672704787,0.35999999999999943,16.7,12.92,Schematic internal layout
PS2-0179,PCCardContact42,PS2-0179 · PC CARD contact 43 and board leg,Ports,gold,1,3.0777097672706137,0.35999999999999943,16.7,12.92,Schematic internal layout
PS2-0180,PCCardContact43,PS2-0180 · PC CARD contact 44 and board leg,Ports,gold,1,3.077709767270557,0.35999999999999943,16.7,12.92,Schematic internal layout
PS2-0181,PCCardContact44,PS2-0181 · PC CARD contact 45 and board leg,Ports,gold,1,3.077709767270534,0.35999999999999943,16.7,12.92,Schematic internal layout
PS2-0182,PCCardContact45,PS2-0182 · PC CARD contact 46 and board leg,Ports,gold,1,3.077709767270539,0.35999999999999943,16.7,12.92,Schematic internal layout
PS2-0183,PCCardContact46,PS2-0183 · PC CARD contact 47 and board leg,Ports,gold,1,3.077709767270571,0.35999999999999943,16.7,12.92,Schematic internal layout
PS2-0184,PCCardContact47,PS2-0184 · PC CARD contact 48 and board leg,Ports,gold,1,3.077709767270573,0.35999999999999943,16.7,12.92,Schematic internal layout
PS2-0185,PCCardContact48,PS2-0185 · PC CARD contact 49 and board leg,Ports,gold,1,3.0777097672706812,0.36000000000000654,16.7,12.92,Schematic internal layout
PS2-0186,PCCardContact49,PS2-0186 · PC CARD contact 50 and board leg,Ports,gold,1,3.07770976727061,0.36000000000001364,16.7,12.92,Schematic internal layout
PS2-0187,PCCardContact50,PS2-0187 · PC CARD contact 51 and board leg,Ports,gold,1,3.0777097672706493,0.36000000000001364,16.7,12.92,Schematic internal layout
PS2-0188,PCCardContact51,PS2-0188 · PC CARD contact 52 and board leg,Ports,gold,1,3.07770976727061,0.36000000000001364,16.7,12.92,Schematic internal layout
PS2-0189,PCCardContact52,PS2-0189 · PC CARD contact 53 and board leg,Ports,gold,1,3.0777097672706493,0.36000000000001364,16.7,12.92,Schematic internal layout
PS2-0190,PCCardContact53,PS2-0190 · PC CARD contact 54 and board leg,Ports,gold,1,3.077709767270724,0.36000000000001364,16.7,12.92,Schematic internal layout
PS2-0191,PCCardContact54,PS2-0191 · PC CARD contact 55 and board leg,Ports,gold,1,3.07770976727061,0.36000000000001364,16.7,12.92,Schematic internal layout
PS2-0192,PCCardContact55,PS2-0192 · PC CARD contact 56 and board leg,Ports,gold,1,3.077709767270573,0.36000000000001364,16.7,12.92,Schematic internal layout
PS2-0193,PCCardContact56,PS2-0193 · PC CARD contact 57 and board leg,Ports,gold,1,3.077709767270612,0.36000000000001364,16.7,12.92,Schematic internal layout
PS2-0194,PCCardContact57,PS2-0194 · PC CARD contact 58 and board leg,Ports,gold,1,3.0777097672706475,0.36000000000001364,16.7,12.92,Schematic internal layout
PS2-0195,PCCardContact58,PS2-0195 · PC CARD contact 59 and board leg,Ports,gold,1,3.077709767270612,0.36000000000001364,16.7,12.92,Schematic internal layout
PS2-0196,PCCardContact59,PS2-0196 · PC CARD contact 60 and board leg,Ports,gold,1,3.0777097672706475,0.36000000000001364,16.7,12.92,Schematic internal layout
PS2-0197,PCCardContact60,PS2-0197 · PC CARD contact 61 and board leg,Ports,gold,1,3.0777097672705356,0.36000000000001364,16.7,12.92,Schematic internal layout
PS2-0198,PCCardContact61,PS2-0198 · PC CARD contact 62 and board leg,Ports,gold,1,3.0777097672706866,0.36000000000001364,16.7,12.92,Schematic internal layout
PS2-0199,PCCardContact62,PS2-0199 · PC CARD contact 63 and board leg,Ports,gold,1,3.0777097672704983,0.36000000000001364,16.7,12.92,Schematic internal layout
PS2-0200,PCCardContact63,PS2-0200 · PC CARD contact 64 and board leg,Ports,gold,1,3.077709767270651,0.36000000000001364,16.7,12.92,Schematic internal layout
PS2-0201,PCCardContact64,PS2-0201 · PC CARD contact 65 and board leg,Ports,gold,1,3.0777097672706137,0.36000000000001364,16.7,12.92,Schematic internal layout
PS2-0202,PCCardContact65,PS2-0202 · PC CARD contact 66 and board leg,Ports,gold,1,3.0777097672706866,0.36000000000001364,16.7,12.92,Schematic internal layout
PS2-0203,PCCardContact66,PS2-0203 · PC CARD contact 67 and board leg,Ports,gold,1,3.0777097672705374,0.36000000000001364,16.7,12.92,Schematic internal layout
PS2-0204,PCCardContact67,PS2-0204 · PC CARD contact 68 and board leg,Ports,gold,1,3.077709767270761,0.36000000000001364,16.7,12.92,Schematic internal layout
PS2-0205,PCCardHeader,PS2-0205 · Two-row 68-position PC CARD insulating header,Ports,black,1,3282.207319324888,52.0,7.6,8.800000000000002,Schematic internal layout
PS2-0206,PCCardProtector,PS2-0206 · Original PC CARD protector with internal guide arms,Ports,ps2black,1,1148.2564600329383,54.199999999999996,77.3,10.400000000000004,Published body envelope; approximate local exterior detail
PS2-0207,PCCardEjectGuide,PS2-0207 · PC CARD eject-rod guide,Ports,ps2black,1,941.0442872687106,4.0,74.0,5.0,Schematic internal layout
PS2-0208,PCCardEjectRod,PS2-0208 · PC CARD push rod and driving finger,Ports,metal,1,415.1477645258699,3.5999999999999943,80.9,10.3,Schematic internal layout
PS2-0209,PCCardEjectButton,PS2-0209 · Original PC CARD eject button,Ports,ps2black,1,93.57292006587697,4.5,3.0,7.0000000000000036,Published body envelope; approximate local exterior detail
PS2-0210,PCCardEjectLever,PS2-0210 · Under-cage eject lever study,Ports,metal,1,74.26683197364919,32.0,4.0,0.5999999999999996,Schematic internal layout
PS2-0211,PCCardEjectPivot,PS2-0211 · Eject-lever pivot pin,Ports,metal,1,6.031857894892407,1.5999999999999943,1.5999999999999996,3.0,Schematic internal layout
PS2-0212,PCCardLabel,PS2-0212 · PC CARD,Body,ps2word,6,0.09294024384881441,9.99369986442953,0.01800019999998881,1.7540941597315438,Published body envelope; approximate local exterior detail
PS2-0213,MainGround0,PS2-0213 · Mainboard mounting ground land,Mainboard,copper,1,0.32456579102399635,5.300000000000011,5.300000000000011,0.025000000000000355,Schematic internal layout
PS2-0214,MainGround1,PS2-0214 · Mainboard mounting ground land001,Mainboard,copper,1,0.32456579102399663,5.300000000000011,5.300000000000011,0.025000000000000355,Schematic internal layout
PS2-0215,MainGround2,PS2-0215 · Mainboard mounting ground land002,Mainboard,copper,1,0.32456579102399724,5.300000000000011,5.299999999999997,0.025000000000000355,Schematic internal layout
PS2-0216,MainGround3,PS2-0216 · Mainboard mounting ground land003,Mainboard,copper,1,0.3245657910239973,5.300000000000011,5.299999999999997,0.025000000000000355,Schematic internal layout
PS2-0217,MainGround4,PS2-0217 · Mainboard mounting ground land004,Mainboard,copper,1,0.3245657910239973,5.299999999999997,5.299999999999997,0.025000000000000355,Schematic internal layout
PS2-0218,MainGround5,PS2-0218 · Mainboard mounting ground land005,Mainboard,copper,1,0.32456579102399713,5.299999999999997,5.3,0.025000000000000355,Schematic internal layout
PS2-0219,MainGround6,PS2-0219 · Mainboard mounting ground land006,Mainboard,copper,1,0.3245657910239972,5.300000000000011,5.299999999999997,0.025000000000000355,Schematic internal layout
PS2-0220,MainGround7,PS2-0220 · Mainboard mounting ground land007,Mainboard,copper,1,0.32456579102399674,5.300000000000001,5.300000000000011,0.025000000000000355,Schematic internal layout
PS2-0221,MainGround8,PS2-0221 · Mainboard mounting ground land008,Mainboard,copper,1,0.32456579102399674,5.299999999999997,5.300000000000011,0.025000000000000355,Schematic internal layout
PS2-0222,EESubstrate,PS2-0222 · EE / CXD9542GB package substrate,Mainboard,packagegreen,1,1816.7098638867342,45.0,42.5,0.9499999999999993,Schematic internal layout
PS2-0223,EEBody,PS2-0223 · EE / CXD9542GB moulded package,Mainboard,black,1,4160.068415775814,43.800000000000004,41.3,2.3000000000000007,Schematic internal layout
PS2-0224,EELid,PS2-0224 · EE / CXD9542GB metal heat spreader,Mainboard,metal,1,1207.2918583772018,42.800000000000004,40.3,0.6999999999999993,Schematic internal layout
PS2-0225,EEBalls,PS2-0225 · EE / CXD9542GB schematic BGA ball array,Mainboard,metal,540,49.65425419075451,33.91,33.910000000000004,0.5599999999999987,Schematic internal layout
PS2-0226,EEPads,PS2-0226 · EE / CXD9542GB schematic board land array,Mainboard,gold,540,4.075745229134813,33.97,33.97,0.025000000000000355,Schematic internal layout
PS2-0227,EEMark,PS2-0227 · EE / CXD9542GB,Mainboard,ps2word,12,0.3181694247939316,25.43808734832215,2.5771813080536923,0.018000199999999467,Published body envelope; approximate local exterior detail
PS2-0228,GSSubstrate,PS2-0228 · GS / CXD2934GB package substrate,Mainboard,packagegreen,1,1538.8348638867342,40.5,40.0,0.9499999999999993,Schematic internal layout
PS2-0229,GSBody,PS2-0229 · GS / CXD2934GB moulded package,Mainboard,black,1,3506.638415775814,39.300000000000004,38.8,2.3000000000000007,Schematic internal layout
PS2-0230,GSLid,PS2-0230 · GS / CXD2934GB metal heat spreader,Mainboard,metal,1,1013.3218583772016,38.300000000000004,37.8,0.6999999999999993,Schematic internal layout
PS2-0231,GSBalls,PS2-0231 · GS / CXD2934GB schematic BGA ball array,Mainboard,metal,384,35.309691868980714,27.860000000000007,27.86,0.5599999999999987,Schematic internal layout
PS2-0232,GSPads,PS2-0232 · GS / CXD2934GB schematic board land array,Mainboard,gold,384,2.8983077184957993,27.92000000000001,27.919999999999998,0.025000000000000355,Schematic internal layout
PS2-0233,GSMark,PS2-0233 · GS / CXD2934GB,Mainboard,ps2word,12,0.31902712258457233,26.025402884563746,2.577181308053696,0.018000199999999467,Published body envelope; approximate local exterior detail
PS2-0234,RDRAM0,PS2-0234 · RDRAM package study,Mainboard,black,1,242.98432961007123,17.0,13.0,1.0999999999999996,Schematic internal layout
PS2-0235,RDRAM0Spread,PS2-0235 · RDRAM heat-spreader study,Mainboard,metal,1,60.72585729338219,13.5,10.0,0.4499999999999993,Schematic internal layout
PS2-0236,RDRAM0Balls,PS2-0236 · Schematic RDRAM ball array,Mainboard,metal,64,2.854543238436188,10.590000000000003,8.140000000000002,0.4400000000000013,Schematic internal layout
PS2-0237,RDRAM0Pads,PS2-0237 · Schematic RDRAM landing array,Mainboard,gold,64,0.31415926535898,10.650000000000006,8.200000000000003,0.025000000000000355,Schematic internal layout
PS2-0238,RDRAM0Mark,PS2-0238 · RDRAM,Mainboard,ps2word,5,0.04095769244403428,5.536037012751677,1.1275169785234906,0.018000199999999467,Published body envelope; approximate local exterior detail
PS2-0239,RDRAM1,PS2-0239 · RDRAM package study001,Mainboard,black,1,242.98432961007123,17.0,13.0,1.0999999999999996,Schematic internal layout
PS2-0240,RDRAM1Spread,PS2-0240 · RDRAM heat-spreader study001,Mainboard,metal,1,60.72585729338219,13.5,10.0,0.4499999999999993,Schematic internal layout
PS2-0241,RDRAM1Balls,PS2-0241 · Schematic RDRAM ball array001,Mainboard,metal,64,2.854543238436188,10.590000000000003,8.140000000000002,0.4400000000000013,Schematic internal layout
PS2-0242,RDRAM1Pads,PS2-0242 · Schematic RDRAM landing array001,Mainboard,gold,64,0.31415926535898,10.650000000000006,8.200000000000003,0.025000000000000355,Schematic internal layout
PS2-0243,RDRAM1Mark,PS2-0243 · RDRAM001,Mainboard,ps2word,5,0.04095769244403426,5.536037012751677,1.1275169785234915,0.018000199999999467,Published body envelope; approximate local exterior detail
PS2-0244,MainboardMark,PS2-0244 · GH-001 / SCPH-10000 STUDY,Mainboard,copper,22,0.39731907980639425,39.407768556375835,2.2550336570469796,0.018000199999999467,Published body envelope; approximate local exterior detail
PS2-0245,IOPSubstrate,PS2-0245 · IOP package substrate,Mainboard,packagegreen,1,642.0348638867342,26.0,26.0,0.9499999999999993,Schematic internal layout
PS2-0246,IOPBody,PS2-0246 · IOP moulded package,Mainboard,black,1,1414.0984157758144,24.800000000000004,24.800000000000004,2.3000000000000007,Schematic internal layout
PS2-0247,IOPBalls,PS2-0247 · IOP schematic BGA ball array,Mainboard,metal,288,26.482268901735516,19.259999999999998,19.260000000000005,0.5599999999999987,Schematic internal layout
PS2-0248,IOPPads,PS2-0248 · IOP schematic board land array,Mainboard,gold,288,2.173730788871873,19.32,19.320000000000007,0.025000000000000355,Schematic internal layout
PS2-0249,IOPMark,PS2-0249 · IOP,Mainboard,white,3,0.07022778491059052,4.806040368456365,2.3387921463087267,0.018000199999999467,Published body envelope; approximate local exterior detail
PS2-0250,IOPRAM,PS2-0250 · IOP RAM package,Mainboard,black,1,503.752778684234,28.0,10.0,1.8000000000000007,Schematic internal layout
PS2-0251,IOPRAMLeads,PS2-0251 · 40 formed package leads,Mainboard,metal,40,6.046880000000037,26.28,13.800000000000011,1.4800000000000004,Schematic internal layout
PS2-0252,IOPRAMPads,PS2-0252 · 40 package landing pads,Mainboard,gold,40,0.24959999999999455,26.400000000000006,13.760000000000005,0.019999999999999574,Schematic internal layout
PS2-0253,IOPRAMMark,PS2-0253 · IOP RAM,Mainboard,white,6,0.049740211587598074,7.026707214765096,1.266845837583901,0.018000199999999467,Published body envelope; approximate local exterior detail
PS2-0254,IOPRAMPinOne,PS2-0254 · Package pin-one mark,Mainboard,psdark,1,0.00831265416139871,0.8400000000000034,0.8400000000000034,0.015000000000000568,Schematic internal layout
PS2-0255,SPU2,PS2-0255 · SPU2 package,Mainboard,black,1,870.9527786842341,22.0,22.0,1.8000000000000007,Schematic internal layout
PS2-0256,SPU2Leads,PS2-0256 · 100 formed package leads,Mainboard,metal,100,15.117200000000103,25.80000000000001,25.80000000000001,1.4800000000000004,Schematic internal layout
PS2-0257,SPU2Pads,PS2-0257 · 100 package landing pads,Mainboard,gold,100,0.6239999999999875,25.759999999999998,25.759999999999998,0.019999999999999574,Schematic internal layout
PS2-0258,SPU2Mark,PS2-0258 · SPU2,Mainboard,white,4,0.03025610355702629,4.0856755355704735,1.266845837583901,0.018000199999999467,Published body envelope; approximate local exterior detail
PS2-0259,SPU2PinOne,PS2-0259 · Package pin-one mark001,Mainboard,psdark,1,0.008312654161398694,0.8400000000000034,0.8400000000000034,0.015000000000000568,Schematic internal layout
PS2-0260,SPURAM,PS2-0260 · AUDIO RAM package,Mainboard,black,1,467.75277868423393,26.0,10.0,1.8000000000000007,Schematic internal layout
PS2-0261,SPURAMLeads,PS2-0261 · 40 formed package leads001,Mainboard,metal,40,6.046880000000046,24.28,13.800000000000004,1.4800000000000004,Schematic internal layout
PS2-0262,SPURAMPads,PS2-0262 · 40 package landing pads001,Mainboard,gold,40,0.2495999999999945,24.400000000000006,13.760000000000005,0.019999999999999574,Schematic internal layout
PS2-0263,SPURAMMark,PS2-0263 · AUDIO RAM,Mainboard,white,8,0.06821957283454032,9.73461157718122,1.2668458375838938,0.018000199999999467,Published body envelope; approximate local exterior detail
PS2-0264,SPURAMPinOne,PS2-0264 · Package pin-one mark002,Mainboard,psdark,1,0.008312654161398697,0.8400000000000034,0.8400000000000034,0.015000000000000568,Schematic internal layout
PS2-0265,ROMStudy,PS2-0265 · ROM STUDY package,Mainboard,black,1,626.1527786842339,12.000000000000028,29.0,1.8000000000000007,Schematic internal layout
PS2-0266,ROMStudyLeads,PS2-0266 · 40 formed package leads002,Mainboard,metal,40,6.046880000000047,15.800000000000011,27.28,1.4800000000000004,Schematic internal layout
PS2-0267,ROMStudyPads,PS2-0267 · 40 package landing pads002,Mainboard,gold,40,0.2495999999999949,15.76000000000002,27.400000000000006,0.019999999999999574,Schematic internal layout
PS2-0268,ROMStudyMark,PS2-0268 · ROM STUDY,Mainboard,white,8,0.06744497360266444,1.2668458375838867,9.83822996577181,0.018000199999999467,Published body envelope; approximate local exterior detail
PS2-0269,ROMStudyPinOne,PS2-0269 · Package pin-one mark003,Mainboard,psdark,1,0.00831265416139871,0.8400000000000034,0.8400000000000034,0.015000000000000568,Schematic internal layout
PS2-0270,VideoEncoder,PS2-0270 · VIDEO package,Mainboard,black,1,179.75277868423385,10.0,10.0,1.8000000000000007,Schematic internal layout
PS2-0271,VideoEncoderLeads,PS2-0271 · 48 formed package leads,Mainboard,metal,48,7.256256000000032,13.800000000000011,13.800000000000011,1.4800000000000004,Schematic internal layout
PS2-0272,VideoEncoderPads,PS2-0272 · 48 package landing pads,Mainboard,gold,48,0.2995199999999939,13.759999999999991,13.760000000000005,0.019999999999999574,Schematic internal layout
PS2-0273,VideoEncoderMark,PS2-0273 · VIDEO,Mainboard,white,5,0.038173008919450226,5.2003818114094,1.266845837583901,0.018000199999999467,Published body envelope; approximate local exterior detail
PS2-0274,VideoEncoderPinOne,PS2-0274 · Package pin-one mark004,Mainboard,psdark,1,0.00831265416139871,0.8400000000000034,0.8400000000000034,0.015000000000000568,Schematic internal layout
PS2-0275,VideoDAC,PS2-0275 · DAC package,Mainboard,black,1,114.95277868423388,8.0,8.0,1.8000000000000007,Schematic internal layout
PS2-0276,VideoDACLeads,PS2-0276 · 32 formed package leads,Mainboard,metal,32,4.837504000000024,11.800000000000011,11.800000000000011,1.4800000000000004,Schematic internal layout
PS2-0277,VideoDACPads,PS2-0277 · 32 package landing pads,Mainboard,gold,32,0.19967999999999597,11.759999999999991,11.760000000000005,0.019999999999999574,Schematic internal layout
PS2-0278,VideoDACMark,PS2-0278 · DAC,Mainboard,white,3,0.02482131578066267,3.294605904697974,1.266845837583901,0.018000199999999467,Published body envelope; approximate local exterior detail
PS2-0279,VideoDACPinOne,PS2-0279 · Package pin-one mark005,Mainboard,psdark,1,0.00831265416139871,0.8400000000000034,0.8400000000000034,0.015000000000000568,Schematic internal layout
PS2-0280,BuckInductor0Base,PS2-0280 · Voltage-regulator inductor moulded base,Mainboard,black,1,77.758393737685,11.400000000000004,11.400000000000006,0.5999999999999996,Schematic internal layout
PS2-0281,BuckInductor0Drum,PS2-0281 · Shielded regulator inductor study,Mainboard,inductorblue,1,424.7433267653401,10.4,10.400000000000002,5.0,Schematic internal layout
PS2-0282,BuckInductor0Top,PS2-0282 · Inductor ferrite top,Mainboard,black,1,13.585817430449048,9.3,9.299999999999997,0.1999999999999993,Schematic internal layout
PS2-0283,BuckInductor0Mark,PS2-0283 · 100,Mainboard,white,3,0.020493920534442683,2.7878566436241616,1.2181210053691274,0.018000199999999467,Published body envelope; approximate local exterior detail
PS2-0284,BuckInductor0Ends,PS2-0284 · Inductor solder terminals,Mainboard,metal,2,0.3359999999999975,11.900000000000004,2.0,0.11999999999999922,Schematic internal layout
PS2-0285,BuckInductor1Base,PS2-0285 · Voltage-regulator inductor moulded base001,Mainboard,black,1,77.75839373768501,11.400000000000004,11.400000000000006,0.5999999999999996,Schematic internal layout
PS2-0286,BuckInductor1Drum,PS2-0286 · Shielded regulator inductor study001,Mainboard,inductorblue,1,424.7433267653401,10.399999999999999,10.400000000000002,5.0,Schematic internal layout
PS2-0287,BuckInductor1Top,PS2-0287 · Inductor ferrite top001,Mainboard,black,1,13.585817430449048,9.299999999999999,9.299999999999997,0.1999999999999993,Schematic internal layout
PS2-0288,BuckInductor1Mark,PS2-0288 · 101,Mainboard,white,3,0.02049392053444269,2.7878566436241634,1.2181210053691345,0.018000199999999467,Published body envelope; approximate local exterior detail
PS2-0289,BuckInductor1Ends,PS2-0289 · Inductor solder terminals001,Mainboard,metal,2,0.3359999999999974,11.9,2.0,0.11999999999999922,Schematic internal layout
PS2-0290,BuckInductor2Base,PS2-0290 · Voltage-regulator inductor moulded base002,Mainboard,black,1,77.75839373768503,11.400000000000002,11.400000000000006,0.5999999999999996,Schematic internal layout
PS2-0291,BuckInductor2Drum,PS2-0291 · Shielded regulator inductor study002,Mainboard,inductorblue,1,424.7433267653401,10.399999999999999,10.400000000000006,5.0,Schematic internal layout
PS2-0292,BuckInductor2Top,PS2-0292 · Inductor ferrite top002,Mainboard,black,1,13.585817430449048,9.3,9.299999999999997,0.1999999999999993,Schematic internal layout
PS2-0293,BuckInductor2Mark,PS2-0293 · 102,Mainboard,white,3,0.020493920534442683,2.7878566436241607,1.2181210053691345,0.018000199999999467,Published body envelope; approximate local exterior detail
PS2-0294,BuckInductor2Ends,PS2-0294 · Inductor solder terminals002,Mainboard,metal,2,0.3359999999999974,11.900000000000002,2.0,0.11999999999999922,Schematic internal layout
PS2-0295,BuckInductor3Base,PS2-0295 · Voltage-regulator inductor moulded base003,Mainboard,black,1,77.758393737685,11.400000000000004,11.400000000000006,0.5999999999999996,Schematic internal layout
PS2-0296,BuckInductor3Drum,PS2-0296 · Shielded regulator inductor study003,Mainboard,inductorblue,1,424.74332676534004,10.4,10.399999999999999,5.0,Schematic internal layout
PS2-0297,BuckInductor3Top,PS2-0297 · Inductor ferrite top003,Mainboard,black,1,13.585817430449048,9.3,9.299999999999997,0.1999999999999993,Schematic internal layout
PS2-0298,BuckInductor3Mark,PS2-0298 · 103,Mainboard,white,3,0.020493920534442687,2.7878566436241616,1.2181210053691274,0.018000199999999467,Published body envelope; approximate local exterior detail
PS2-0299,BuckInductor3Ends,PS2-0299 · Inductor solder terminals003,Mainboard,metal,2,0.3359999999999973,11.900000000000004,2.0,0.11999999999999922,Schematic internal layout
PS2-0300,BuckInductor4Base,PS2-0300 · Voltage-regulator inductor moulded base004,Mainboard,black,1,77.758393737685,11.400000000000004,11.400000000000006,0.5999999999999996,Schematic internal layout
PS2-0301,BuckInductor4Drum,PS2-0301 · Shielded regulator inductor study004,Mainboard,inductorblue,1,424.74332676534004,10.399999999999999,10.399999999999999,5.0,Schematic internal layout
PS2-0302,BuckInductor4Top,PS2-0302 · Inductor ferrite top004,Mainboard,black,1,13.585817430449048,9.299999999999997,9.299999999999997,0.1999999999999993,Schematic internal layout
PS2-0303,BuckInductor4Mark,PS2-0303 · 104,Mainboard,white,3,0.020493920534442683,2.7878566436241634,1.2181210053691274,0.018000199999999467,Published body envelope; approximate local exterior detail
PS2-0304,BuckInductor4Ends,PS2-0304 · Inductor solder terminals004,Mainboard,metal,2,0.3359999999999974,11.9,2.0,0.11999999999999922,Schematic internal layout
PS2-0305,BuckInductor5Base,PS2-0305 · Voltage-regulator inductor moulded base005,Mainboard,black,1,59.78239373768499,10.0,10.0,0.5999999999999996,Schematic internal layout
PS2-0306,BuckInductor5Drum,PS2-0306 · Shielded regulator inductor study005,Mainboard,inductorblue,1,318.0862561759666,9.0,9.0,5.0,Schematic internal layout
PS2-0307,BuckInductor5Top,PS2-0307 · Inductor ferrite top005,Mainboard,black,1,9.80333987552694,7.9,7.899999999999999,0.1999999999999993,Schematic internal layout
PS2-0308,BuckInductor5Mark,PS2-0308 · 105,Mainboard,white,3,0.020493920534442687,2.7878566436241607,1.2181210053691274,0.018000199999999467,Published body envelope; approximate local exterior detail
PS2-0309,BuckInductor5Ends,PS2-0309 · Inductor solder terminals005,Mainboard,metal,2,0.33599999999999763,10.5,2.0,0.11999999999999922,Schematic internal layout
PS2-0310,BuckInductor6Base,PS2-0310 · Voltage-regulator inductor moulded base006,Mainboard,black,1,59.78239373768499,10.0,10.0,0.5999999999999996,Schematic internal layout
PS2-0311,BuckInductor6Drum,PS2-0311 · Shielded regulator inductor study006,Mainboard,inductorblue,1,318.0862561759666,9.0,9.0,5.0,Schematic internal layout
PS2-0312,BuckInductor6Top,PS2-0312 · Inductor ferrite top006,Mainboard,black,1,9.80333987552694,7.8999999999999995,7.899999999999999,0.1999999999999993,Schematic internal layout
PS2-0313,BuckInductor6Mark,PS2-0313 · 106,Mainboard,white,3,0.020493920534442687,2.7878566436241616,1.2181210053691274,0.018000199999999467,Published body envelope; approximate local exterior detail
PS2-0314,BuckInductor6Ends,PS2-0314 · Inductor solder terminals006,Mainboard,metal,2,0.3359999999999977,10.5,2.0,0.11999999999999922,Schematic internal layout
PS2-0315,BuckBulk0Base,PS2-0315 · Surface-mount capacitor base,Mainboard,black,1,35.22742255003238,8.4,8.400000000000002,0.5,Schematic internal layout
PS2-0316,BuckBulk0Can,PS2-0316 · Electrolytic capacitor can,Mainboard,metal,1,217.75007000561567,7.6,7.600000000000001,4.799999999999999,Schematic internal layout
PS2-0317,BuckBulk0Top,PS2-0317 · Capacitor end seal,Mainboard,capviolet,1,5.105364522236918,7.359999999999999,7.359999999999999,0.11999999999999922,Schematic internal layout
PS2-0318,BuckBulk0Terminals,PS2-0318 · Capacitor solder terminals,Mainboard,metal,2,0.2618000000000008,9.51,1.6999999999999993,0.14000000000000057,Schematic internal layout
PS2-0319,BuckBulk1Base,PS2-0319 · Surface-mount capacitor base001,Mainboard,black,1,35.22742255003237,8.399999999999999,8.400000000000002,0.5,Schematic internal layout
PS2-0320,BuckBulk1Can,PS2-0320 · Electrolytic capacitor can001,Mainboard,metal,1,217.75007000561567,7.6000000000000005,7.600000000000001,4.799999999999999,Schematic internal layout
PS2-0321,BuckBulk1Top,PS2-0321 · Capacitor end seal001,Mainboard,capviolet,1,5.105364522236918,7.359999999999999,7.359999999999999,0.11999999999999922,Schematic internal layout
PS2-0322,BuckBulk1Terminals,PS2-0322 · Capacitor solder terminals001,Mainboard,metal,2,0.26180000000000103,9.510000000000002,1.6999999999999993,0.14000000000000057,Schematic internal layout
PS2-0323,BuckBulk2Base,PS2-0323 · Surface-mount capacitor base002,Mainboard,black,1,35.22742255003238,8.400000000000006,8.400000000000002,0.5,Schematic internal layout
PS2-0324,BuckBulk2Can,PS2-0324 · Electrolytic capacitor can002,Mainboard,metal,1,217.75007000561567,7.600000000000001,7.600000000000001,4.799999999999999,Schematic internal layout
PS2-0325,BuckBulk2Top,PS2-0325 · Capacitor end seal002,Mainboard,capviolet,1,5.1053645222369175,7.359999999999999,7.359999999999999,0.11999999999999922,Schematic internal layout
PS2-0326,BuckBulk2Terminals,PS2-0326 · Capacitor solder terminals002,Mainboard,metal,2,0.26180000000000125,9.510000000000002,1.6999999999999993,0.14000000000000057,Schematic internal layout
PS2-0327,BuckBulk3Base,PS2-0327 · Surface-mount capacitor base003,Mainboard,black,1,35.22742255003239,8.399999999999999,8.400000000000006,0.5,Schematic internal layout
PS2-0328,BuckBulk3Can,PS2-0328 · Electrolytic capacitor can003,Mainboard,metal,1,217.75007000561567,7.6,7.600000000000001,4.799999999999999,Schematic internal layout
PS2-0329,BuckBulk3Top,PS2-0329 · Capacitor end seal003,Mainboard,capviolet,1,5.105364522236918,7.359999999999999,7.359999999999999,0.11999999999999922,Schematic internal layout
PS2-0330,BuckBulk3Terminals,PS2-0330 · Capacitor solder terminals003,Mainboard,metal,2,0.26180000000000114,9.51,1.6999999999999993,0.14000000000000057,Schematic internal layout
PS2-0331,BuckBulk4Base,PS2-0331 · Surface-mount capacitor base004,Mainboard,black,1,35.22742255003238,8.399999999999999,8.400000000000006,0.5,Schematic internal layout
PS2-0332,BuckBulk4Can,PS2-0332 · Electrolytic capacitor can004,Mainboard,metal,1,217.75007000561567,7.6000000000000005,7.600000000000001,4.799999999999999,Schematic internal layout
PS2-0333,BuckBulk4Top,PS2-0333 · Capacitor end seal004,Mainboard,capviolet,1,5.105364522236918,7.359999999999999,7.359999999999999,0.11999999999999922,Schematic internal layout
PS2-0334,BuckBulk4Terminals,PS2-0334 · Capacitor solder terminals004,Mainboard,metal,2,0.2618000000000011,9.510000000000002,1.6999999999999993,0.14000000000000057,Schematic internal layout
PS2-0335,FilterCap0Base,PS2-0335 · Surface-mount capacitor base005,Mainboard,black,1,16.76742255003237,5.8000000000000025,5.800000000000001,0.5,Schematic internal layout
PS2-0336,FilterCap0Can,PS2-0336 · Electrolytic capacitor can005,Mainboard,metal,1,68.72233929727672,5.0,5.0,3.5,Schematic internal layout
PS2-0337,FilterCap0Top,PS2-0337 · Capacitor end seal005,Mainboard,metal,1,2.1354284912392787,4.759999999999998,4.759999999999999,0.11999999999999922,Schematic internal layout
PS2-0338,FilterCap0Terminals,PS2-0338 · Capacitor solder terminals005,Mainboard,metal,2,0.2618000000000013,6.909999999999998,1.6999999999999993,0.14000000000000057,Schematic internal layout
PS2-0339,FilterCap1Base,PS2-0339 · Surface-mount capacitor base006,Mainboard,black,1,16.767422550032375,5.800000000000001,5.800000000000001,0.5,Schematic internal layout
PS2-0340,FilterCap1Can,PS2-0340 · Electrolytic capacitor can006,Mainboard,metal,1,68.72233929727672,5.0,5.0,3.5,Schematic internal layout
PS2-0341,FilterCap1Top,PS2-0341 · Capacitor end seal006,Mainboard,metal,1,2.135428491239278,4.759999999999999,4.759999999999999,0.11999999999999922,Schematic internal layout
PS2-0342,FilterCap1Terminals,PS2-0342 · Capacitor solder terminals006,Mainboard,metal,2,0.2618000000000013,6.909999999999999,1.7000000000000002,0.14000000000000057,Schematic internal layout
PS2-0343,FilterCap2Base,PS2-0343 · Surface-mount capacitor base007,Mainboard,black,1,16.767422550032375,5.8,5.800000000000001,0.5,Schematic internal layout
PS2-0344,FilterCap2Can,PS2-0344 · Electrolytic capacitor can007,Mainboard,metal,1,68.72233929727672,5.0,5.0,3.5,Schematic internal layout
PS2-0345,FilterCap2Top,PS2-0345 · Capacitor end seal007,Mainboard,metal,1,2.135428491239278,4.76,4.759999999999999,0.11999999999999922,Schematic internal layout
PS2-0346,FilterCap2Terminals,PS2-0346 · Capacitor solder terminals007,Mainboard,metal,2,0.2618000000000012,6.91,1.7000000000000002,0.14000000000000057,Schematic internal layout
PS2-0347,FilterCap3Base,PS2-0347 · Surface-mount capacitor base008,Mainboard,black,1,16.767422550032375,5.800000000000001,5.800000000000001,0.5,Schematic internal layout
PS2-0348,FilterCap3Can,PS2-0348 · Electrolytic capacitor can008,Mainboard,metal,1,68.72233929727672,5.0,5.0,3.5,Schematic internal layout
PS2-0349,FilterCap3Top,PS2-0349 · Capacitor end seal008,Mainboard,metal,1,2.135428491239278,4.759999999999999,4.759999999999999,0.11999999999999922,Schematic internal layout
PS2-0350,FilterCap3Terminals,PS2-0350 · Capacitor solder terminals008,Mainboard,metal,2,0.2618000000000012,6.91,1.7000000000000002,0.14000000000000057,Schematic internal layout
PS2-0351,FilterCap4Base,PS2-0351 · Surface-mount capacitor base009,Mainboard,black,1,16.76742255003237,5.800000000000004,5.800000000000001,0.5,Schematic internal layout
PS2-0352,FilterCap4Can,PS2-0352 · Electrolytic capacitor can009,Mainboard,metal,1,68.72233929727672,5.0,5.0,3.5,Schematic internal layout
PS2-0353,FilterCap4Top,PS2-0353 · Capacitor end seal009,Mainboard,metal,1,2.1354284912392787,4.759999999999998,4.76,0.11999999999999922,Schematic internal layout
PS2-0354,FilterCap4Terminals,PS2-0354 · Capacitor solder terminals009,Mainboard,metal,2,0.2618000000000015,6.91,1.6999999999999997,0.14000000000000057,Schematic internal layout
PS2-0355,FilterCap5Base,PS2-0355 · Surface-mount capacitor base010,Mainboard,black,1,16.76742255003237,5.800000000000004,5.800000000000001,0.5,Schematic internal layout
PS2-0356,FilterCap5Can,PS2-0356 · Electrolytic capacitor can010,Mainboard,metal,1,68.72233929727672,5.0,5.0,3.5,Schematic internal layout
PS2-0357,FilterCap5Top,PS2-0357 · Capacitor end seal010,Mainboard,metal,1,2.1354284912392787,4.759999999999998,4.759999999999999,0.11999999999999922,Schematic internal layout
PS2-0358,FilterCap5Terminals,PS2-0358 · Capacitor solder terminals010,Mainboard,metal,2,0.2618000000000014,6.91,1.7000000000000002,0.14000000000000057,Schematic internal layout
PS2-0359,FilterCap6Base,PS2-0359 · Surface-mount capacitor base011,Mainboard,black,1,16.76742255003237,5.800000000000004,5.800000000000001,0.5,Schematic internal layout
PS2-0360,FilterCap6Can,PS2-0360 · Electrolytic capacitor can011,Mainboard,metal,1,68.72233929727672,5.0,5.0,3.5,Schematic internal layout
PS2-0361,FilterCap6Top,PS2-0361 · Capacitor end seal011,Mainboard,metal,1,2.1354284912392787,4.759999999999998,4.759999999999999,0.11999999999999922,Schematic internal layout
PS2-0362,FilterCap6Terminals,PS2-0362 · Capacitor solder terminals011,Mainboard,metal,2,0.26180000000000125,6.91,1.6999999999999993,0.14000000000000057,Schematic internal layout
PS2-0363,FilterCap7Base,PS2-0363 · Surface-mount capacitor base012,Mainboard,black,1,16.767422550032364,5.800000000000004,5.799999999999997,0.5,Schematic internal layout
PS2-0364,FilterCap7Can,PS2-0364 · Electrolytic capacitor can012,Mainboard,metal,1,68.72233929727672,5.0,5.0,3.5,Schematic internal layout
PS2-0365,FilterCap7Top,PS2-0365 · Capacitor end seal012,Mainboard,metal,1,2.135428491239278,4.759999999999998,4.760000000000005,0.11999999999999922,Schematic internal layout
PS2-0366,FilterCap7Terminals,PS2-0366 · Capacitor solder terminals012,Mainboard,metal,2,0.26180000000000186,6.91,1.7000000000000028,0.14000000000000057,Schematic internal layout
PS2-0367,FilterCap8Base,PS2-0367 · Surface-mount capacitor base013,Mainboard,black,1,16.767422550032375,5.800000000000004,5.800000000000004,0.5,Schematic internal layout
PS2-0368,FilterCap8Can,PS2-0368 · Electrolytic capacitor can013,Mainboard,metal,1,68.72233929727672,5.0,5.0,3.5,Schematic internal layout
PS2-0369,FilterCap8Top,PS2-0369 · Capacitor end seal013,Mainboard,metal,1,2.135428491239278,4.759999999999998,4.759999999999998,0.11999999999999922,Schematic internal layout
PS2-0370,FilterCap8Terminals,PS2-0370 · Capacitor solder terminals013,Mainboard,metal,2,0.2618000000000019,6.91,1.7000000000000028,0.14000000000000057,Schematic internal layout
PS2-0371,FilterCap9Base,PS2-0371 · Surface-mount capacitor base014,Mainboard,black,1,16.76742255003237,5.800000000000004,5.799999999999997,0.5,Schematic internal layout
PS2-0372,FilterCap9Can,PS2-0372 · Electrolytic capacitor can014,Mainboard,metal,1,68.72233929727672,5.0,5.0,3.5,Schematic internal layout
PS2-0373,FilterCap9Top,PS2-0373 · Capacitor end seal014,Mainboard,metal,1,2.135428491239278,4.759999999999998,4.760000000000005,0.11999999999999922,Schematic internal layout
PS2-0374,FilterCap9Terminals,PS2-0374 · Capacitor solder terminals014,Mainboard,metal,2,0.26180000000000186,6.91,1.7000000000000028,0.14000000000000057,Schematic internal layout
PS2-0375,FilterCap10Base,PS2-0375 · Surface-mount capacitor base015,Mainboard,black,1,16.767422550032364,5.800000000000004,5.799999999999997,0.5,Schematic internal layout
PS2-0376,FilterCap10Can,PS2-0376 · Electrolytic capacitor can015,Mainboard,metal,1,68.72233929727672,5.0,5.0,3.5,Schematic internal layout
PS2-0377,FilterCap10Top,PS2-0377 · Capacitor end seal015,Mainboard,metal,1,2.135428491239278,4.759999999999998,4.760000000000005,0.11999999999999922,Schematic internal layout
PS2-0378,FilterCap10Terminals,PS2-0378 · Capacitor solder terminals015,Mainboard,metal,2,0.26180000000000186,6.91,1.7000000000000028,0.14000000000000057,Schematic internal layout
PS2-0379,FilterCap11Base,PS2-0379 · Surface-mount capacitor base016,Mainboard,black,1,16.767422550032364,5.800000000000001,5.799999999999997,0.5,Schematic internal layout
PS2-0380,FilterCap11Can,PS2-0380 · Electrolytic capacitor can016,Mainboard,metal,1,68.72233929727672,5.0,5.0,3.5,Schematic internal layout
PS2-0381,FilterCap11Top,PS2-0381 · Capacitor end seal016,Mainboard,metal,1,2.135428491239278,4.760000000000009,4.760000000000005,0.11999999999999922,Schematic internal layout
PS2-0382,FilterCap11Terminals,PS2-0382 · Capacitor solder terminals016,Mainboard,metal,2,0.2618000000000011,6.909999999999997,1.7000000000000028,0.14000000000000057,Schematic internal layout
PS2-0383,FilterCap12Base,PS2-0383 · Surface-mount capacitor base017,Mainboard,black,1,16.76742255003239,5.800000000000011,5.800000000000004,0.5,Schematic internal layout
PS2-0384,FilterCap12Can,PS2-0384 · Electrolytic capacitor can017,Mainboard,metal,1,68.72233929727669,5.0,5.0,3.5,Schematic internal layout
PS2-0385,FilterCap12Top,PS2-0385 · Capacitor end seal017,Mainboard,metal,1,2.135428491239278,4.759999999999991,4.759999999999998,0.11999999999999922,Schematic internal layout
PS2-0386,FilterCap12Terminals,PS2-0386 · Capacitor solder terminals017,Mainboard,metal,2,0.261799999999999,6.910000000000011,1.6999999999999957,0.14000000000000057,Schematic internal layout
PS2-0387,FilterCap13Base,PS2-0387 · Surface-mount capacitor base018,Mainboard,black,1,16.76742255003239,5.800000000000011,5.800000000000004,0.5,Schematic internal layout
PS2-0388,FilterCap13Can,PS2-0388 · Electrolytic capacitor can018,Mainboard,metal,1,68.72233929727669,5.0,5.0,3.5,Schematic internal layout
PS2-0389,FilterCap13Top,PS2-0389 · Capacitor end seal018,Mainboard,metal,1,2.135428491239278,4.759999999999991,4.759999999999998,0.11999999999999922,Schematic internal layout
PS2-0390,FilterCap13Terminals,PS2-0390 · Capacitor solder terminals018,Mainboard,metal,2,0.261799999999999,6.910000000000011,1.6999999999999957,0.14000000000000057,Schematic internal layout
PS2-0391,FilterCap14Base,PS2-0391 · Surface-mount capacitor base019,Mainboard,black,1,16.76742255003239,5.800000000000011,5.800000000000004,0.5,Schematic internal layout
PS2-0392,FilterCap14Can,PS2-0392 · Electrolytic capacitor can019,Mainboard,metal,1,68.72233929727669,5.0,5.0,3.5,Schematic internal layout
PS2-0393,FilterCap14Top,PS2-0393 · Capacitor end seal019,Mainboard,metal,1,2.135428491239278,4.759999999999991,4.759999999999998,0.11999999999999922,Schematic internal layout
PS2-0394,FilterCap14Terminals,PS2-0394 · Capacitor solder terminals019,Mainboard,metal,2,0.261799999999999,6.910000000000011,1.6999999999999957,0.14000000000000057,Schematic internal layout
PS2-0395,FilterCap15Base,PS2-0395 · Surface-mount capacitor base020,Mainboard,black,1,16.767422550032382,5.800000000000011,5.799999999999997,0.5,Schematic internal layout
PS2-0396,FilterCap15Can,PS2-0396 · Electrolytic capacitor can020,Mainboard,metal,1,68.72233929727669,5.0,5.0,3.5,Schematic internal layout
PS2-0397,FilterCap15Top,PS2-0397 · Capacitor end seal020,Mainboard,metal,1,2.135428491239278,4.759999999999991,4.760000000000005,0.11999999999999922,Schematic internal layout
PS2-0398,FilterCap15Terminals,PS2-0398 · Capacitor solder terminals020,Mainboard,metal,2,0.26180000000000014,6.910000000000011,1.7000000000000028,0.14000000000000057,Schematic internal layout
PS2-0399,FilterCap16Base,PS2-0399 · Surface-mount capacitor base021,Mainboard,black,1,16.767422550032382,5.800000000000011,5.800000000000001,0.5,Schematic internal layout
PS2-0400,FilterCap16Can,PS2-0400 · Electrolytic capacitor can021,Mainboard,metal,1,68.72233929727669,5.0,5.0,3.5,Schematic internal layout
PS2-0401,FilterCap16Top,PS2-0401 · Capacitor end seal021,Mainboard,metal,1,2.135428491239278,4.759999999999991,4.760000000000002,0.11999999999999922,Schematic internal layout
PS2-0402,FilterCap16Terminals,PS2-0402 · Capacitor solder terminals021,Mainboard,metal,2,0.2617999999999995,6.910000000000011,1.6999999999999993,0.14000000000000057,Schematic internal layout
PS2-0403,FilterCap17Base,PS2-0403 · Surface-mount capacitor base022,Mainboard,black,1,16.76742255003238,5.800000000000011,5.800000000000004,0.5,Schematic internal layout
PS2-0404,FilterCap17Can,PS2-0404 · Electrolytic capacitor can022,Mainboard,metal,1,68.72233929727673,5.0,5.0,3.5,Schematic internal layout
PS2-0405,FilterCap17Top,PS2-0405 · Capacitor end seal022,Mainboard,metal,1,2.135428491239276,4.759999999999991,4.759999999999998,0.11999999999999922,Schematic internal layout
PS2-0406,FilterCap17Terminals,PS2-0406 · Capacitor solder terminals022,Mainboard,metal,2,0.26180000000000286,6.910000000000011,1.6999999999999993,0.14000000000000057,Schematic internal layout
PS2-0407,FilterCap18Base,PS2-0407 · Surface-mount capacitor base023,Mainboard,black,1,16.767422550032382,5.800000000000011,5.799999999999997,0.5,Schematic internal layout
PS2-0408,FilterCap18Can,PS2-0408 · Electrolytic capacitor can023,Mainboard,metal,1,68.72233929727673,5.0,5.0,3.5,Schematic internal layout
PS2-0409,FilterCap18Top,PS2-0409 · Capacitor end seal023,Mainboard,metal,1,2.135428491239275,4.759999999999991,4.760000000000005,0.11999999999999922,Schematic internal layout
PS2-0410,FilterCap18Terminals,PS2-0410 · Capacitor solder terminals023,Mainboard,metal,2,0.2618000000000035,6.910000000000011,1.7000000000000028,0.14000000000000057,Schematic internal layout
PS2-0411,Regulator0,PS2-0411 · REG package,Mainboard,black,1,44.30277868423387,5.5,4.5,1.8000000000000007,Schematic internal layout
PS2-0412,Regulator0Leads,PS2-0412 · 8 formed package leads,Mainboard,metal,8,1.2093760000000024,3.7800000000000002,8.300000000000011,1.4800000000000004,Schematic internal layout
PS2-0413,Regulator0Pads,PS2-0413 · 8 package landing pads,Mainboard,gold,8,0.04991999999999896,3.9000000000000004,8.260000000000005,0.019999999999999574,Schematic internal layout
PS2-0414,Regulator0Mark,PS2-0414 · REG,Mainboard,white,3,0.02650303721135555,3.2193542268456374,1.266845837583901,0.018000199999999467,Published body envelope; approximate local exterior detail
PS2-0415,Regulator0PinOne,PS2-0415 · Package pin-one mark006,Mainboard,psdark,1,0.002945243112740475,0.5,0.5,0.015000000000000568,Schematic internal layout
PS2-0416,Regulator1,PS2-0416 · REG package001,Mainboard,black,1,44.302778684233864,5.5,4.5,1.8000000000000007,Schematic internal layout
PS2-0417,Regulator1Leads,PS2-0417 · 8 formed package leads001,Mainboard,metal,8,1.2093760000000042,3.780000000000001,8.300000000000011,1.4800000000000004,Schematic internal layout
PS2-0418,Regulator1Pads,PS2-0418 · 8 package landing pads001,Mainboard,gold,8,0.04991999999999897,3.8999999999999986,8.260000000000005,0.019999999999999574,Schematic internal layout
PS2-0419,Regulator1Mark,PS2-0419 · REG001,Mainboard,white,3,0.026503037211355558,3.219354226845642,1.266845837583901,0.018000199999999467,Published body envelope; approximate local exterior detail
PS2-0420,Regulator1PinOne,PS2-0420 · Package pin-one mark007,Mainboard,psdark,1,0.002945243112740478,0.5,0.5,0.015000000000000568,Schematic internal layout
PS2-0421,Regulator2,PS2-0421 · REG package002,Mainboard,black,1,44.30277868423387,5.5,4.5,1.8000000000000007,Schematic internal layout
PS2-0422,Regulator2Leads,PS2-0422 · 8 formed package leads002,Mainboard,metal,8,1.2093760000000024,3.7800000000000002,8.300000000000011,1.4800000000000004,Schematic internal layout
PS2-0423,Regulator2Pads,PS2-0423 · 8 package landing pads002,Mainboard,gold,8,0.04991999999999896,3.9000000000000004,8.260000000000005,0.019999999999999574,Schematic internal layout
PS2-0424,Regulator2Mark,PS2-0424 · REG002,Mainboard,white,3,0.026503037211355544,3.2193542268456374,1.266845837583901,0.018000199999999467,Published body envelope; approximate local exterior detail
PS2-0425,Regulator2PinOne,PS2-0425 · Package pin-one mark008,Mainboard,psdark,1,0.0029452431127404747,0.5,0.5,0.015000000000000568,Schematic internal layout
PS2-0426,Regulator3,PS2-0426 · REG package003,Mainboard,black,1,44.30277868423387,5.5,4.5,1.8000000000000007,Schematic internal layout
PS2-0427,Regulator3Leads,PS2-0427 · 8 formed package leads003,Mainboard,metal,8,1.2093760000000016,3.780000000000001,8.300000000000011,1.4800000000000004,Schematic internal layout
PS2-0428,Regulator3Pads,PS2-0428 · 8 package landing pads003,Mainboard,gold,8,0.04991999999999894,3.900000000000002,8.260000000000005,0.019999999999999574,Schematic internal layout
PS2-0429,Regulator3Mark,PS2-0429 · REG003,Mainboard,white,3,0.026503037211355558,3.2193542268456383,1.266845837583901,0.018000199999999467,Published body envelope; approximate local exterior detail
PS2-0430,Regulator3PinOne,PS2-0430 · Package pin-one mark009,Mainboard,psdark,1,0.002945243112740475,0.5,0.5,0.015000000000000568,Schematic internal layout
PS2-0431,Regulator4,PS2-0431 · REG package004,Mainboard,black,1,44.302778684233864,5.5,4.5,1.8000000000000007,Schematic internal layout
PS2-0432,Regulator4Leads,PS2-0432 · 8 formed package leads004,Mainboard,metal,8,1.2093760000000033,3.780000000000001,8.300000000000011,1.4800000000000004,Schematic internal layout
PS2-0433,Regulator4Pads,PS2-0433 · 8 package landing pads004,Mainboard,gold,8,0.049919999999998965,3.8999999999999986,8.260000000000005,0.019999999999999574,Schematic internal layout
PS2-0434,Regulator4Mark,PS2-0434 · REG004,Mainboard,white,3,0.026503037211355565,3.219354226845642,1.266845837583901,0.018000199999999467,Published body envelope; approximate local exterior detail
PS2-0435,Regulator4PinOne,PS2-0435 · Package pin-one mark010,Mainboard,psdark,1,0.0029452431127404786,0.5,0.5,0.015000000000000568,Schematic internal layout
PS2-0436,BoardDecoupling0,PS2-0436 · Chip resistor,Mainboard,black,1,1.004703715789785,1.3999999999999986,1.2000000000000028,0.5999999999999996,Schematic internal layout
PS2-0437,BoardDecoupling0Ends,PS2-0437 · Surface-mount metal end caps,Mainboard,metal,2,0.5016000000000006,2.1999999999999993,1.2000000000000028,0.5500000000000007,Schematic internal layout
PS2-0438,BoardDecoupling1,PS2-0438 · Ceramic decoupling capacitor,Mainboard,ceramic,1,1.004703715789785,1.3999999999999986,1.2000000000000028,0.5999999999999996,Schematic internal layout
PS2-0439,BoardDecoupling1Ends,PS2-0439 · Surface-mount metal end caps001,Mainboard,metal,2,0.5016000000000006,2.1999999999999993,1.2000000000000028,0.5500000000000007,Schematic internal layout
PS2-0440,BoardDecoupling2,PS2-0440 · Ceramic decoupling capacitor001,Mainboard,ceramic,1,1.004703715789785,1.3999999999999986,1.2000000000000028,0.5999999999999996,Schematic internal layout
PS2-0441,BoardDecoupling2Ends,PS2-0441 · Surface-mount metal end caps002,Mainboard,metal,2,0.5016000000000006,2.1999999999999993,1.2000000000000028,0.5500000000000007,Schematic internal layout
PS2-0442,BoardDecoupling3,PS2-0442 · Chip resistor001,Mainboard,black,1,1.004703715789785,1.3999999999999986,1.2000000000000028,0.5999999999999996,Schematic internal layout
PS2-0443,BoardDecoupling3Ends,PS2-0443 · Surface-mount metal end caps003,Mainboard,metal,2,0.5015999999999989,2.1999999999999993,1.1999999999999993,0.5500000000000007,Schematic internal layout
PS2-0444,BoardDecoupling4,PS2-0444 · Ceramic decoupling capacitor002,Mainboard,ceramic,1,1.004703715789785,1.3999999999999986,1.2000000000000028,0.5999999999999996,Schematic internal layout
PS2-0445,BoardDecoupling4Ends,PS2-0445 · Surface-mount metal end caps004,Mainboard,metal,2,0.501599999999999,2.1999999999999993,1.1999999999999993,0.5500000000000007,Schematic internal layout
PS2-0446,BoardDecoupling5,PS2-0446 · Ceramic decoupling capacitor003,Mainboard,ceramic,1,1.004703715789784,1.3999999999999986,1.1999999999999993,0.5999999999999996,Schematic internal layout
PS2-0447,BoardDecoupling5Ends,PS2-0447 · Surface-mount metal end caps005,Mainboard,metal,2,0.5015999999999989,2.1999999999999993,1.1999999999999993,0.5500000000000007,Schematic internal layout
PS2-0448,BoardDecoupling6,PS2-0448 · Chip resistor002,Mainboard,black,1,1.0047037157897845,1.3999999999999986,1.2000000000000002,0.5999999999999996,Schematic internal layout
PS2-0449,BoardDecoupling6Ends,PS2-0449 · Surface-mount metal end caps006,Mainboard,metal,2,0.5015999999999992,2.1999999999999993,1.1999999999999997,0.5500000000000007,Schematic internal layout
PS2-0450,BoardDecoupling7,PS2-0450 · Ceramic decoupling capacitor004,Mainboard,ceramic,1,1.004703715789784,1.3999999999999986,1.1999999999999993,0.5999999999999996,Schematic internal layout
PS2-0451,BoardDecoupling7Ends,PS2-0451 · Surface-mount metal end caps007,Mainboard,metal,2,0.5015999999999989,2.1999999999999993,1.1999999999999993,0.5500000000000007,Schematic internal layout
PS2-0452,BoardDecoupling8,PS2-0452 · Ceramic decoupling capacitor005,Mainboard,ceramic,1,1.004703715789785,1.3999999999999986,1.2000000000000028,0.5999999999999996,Schematic internal layout
PS2-0453,BoardDecoupling8Ends,PS2-0453 · Surface-mount metal end caps008,Mainboard,metal,2,0.5015999999999989,2.1999999999999993,1.1999999999999993,0.5500000000000007,Schematic internal layout
PS2-0454,BoardDecoupling9,PS2-0454 · Chip resistor003,Mainboard,black,1,1.004703715789785,1.3999999999999986,1.2000000000000028,0.5999999999999996,Schematic internal layout
PS2-0455,BoardDecoupling9Ends,PS2-0455 · Surface-mount metal end caps009,Mainboard,metal,2,0.5015999999999989,2.1999999999999993,1.1999999999999993,0.5500000000000007,Schematic internal layout
PS2-0456,BoardDecoupling10,PS2-0456 · Ceramic decoupling capacitor006,Mainboard,ceramic,1,1.004703715789785,1.3999999999999986,1.2000000000000028,0.5999999999999996,Schematic internal layout
PS2-0457,BoardDecoupling10Ends,PS2-0457 · Surface-mount metal end caps010,Mainboard,metal,2,0.5016000000000006,2.1999999999999993,1.2000000000000028,0.5500000000000007,Schematic internal layout
PS2-0458,BoardDecoupling11,PS2-0458 · Ceramic decoupling capacitor007,Mainboard,ceramic,1,1.004703715789785,1.3999999999999986,1.2000000000000028,0.5999999999999996,Schematic internal layout
PS2-0459,BoardDecoupling11Ends,PS2-0459 · Surface-mount metal end caps011,Mainboard,metal,2,0.5016000000000006,2.1999999999999993,1.2000000000000028,0.5500000000000007,Schematic internal layout
PS2-0460,BoardDecoupling12,PS2-0460 · Chip resistor004,Mainboard,black,1,1.004703715789785,1.3999999999999986,1.2000000000000028,0.5999999999999996,Schematic internal layout
PS2-0461,BoardDecoupling12Ends,PS2-0461 · Surface-mount metal end caps012,Mainboard,metal,2,0.5016000000000006,2.1999999999999993,1.2000000000000028,0.5500000000000007,Schematic internal layout
PS2-0462,BoardDecoupling13,PS2-0462 · Ceramic decoupling capacitor008,Mainboard,ceramic,1,1.0047037157897851,1.3999999999999986,1.2000000000000028,0.5999999999999996,Schematic internal layout
PS2-0463,BoardDecoupling13Ends,PS2-0463 · Surface-mount metal end caps013,Mainboard,metal,2,0.5016000000000006,2.1999999999999993,1.2000000000000028,0.5500000000000007,Schematic internal layout
PS2-0464,BoardDecoupling14,PS2-0464 · Ceramic decoupling capacitor009,Mainboard,ceramic,1,1.0047037157897851,1.3999999999999986,1.2000000000000028,0.5999999999999996,Schematic internal layout
PS2-0465,BoardDecoupling14Ends,PS2-0465 · Surface-mount metal end caps014,Mainboard,metal,2,0.5016000000000006,2.1999999999999993,1.2000000000000028,0.5500000000000007,Schematic internal layout
PS2-0466,BoardDecoupling15,PS2-0466 · Chip resistor005,Mainboard,black,1,1.0047037157897851,1.3999999999999986,1.2000000000000028,0.5999999999999996,Schematic internal layout
PS2-0467,BoardDecoupling15Ends,PS2-0467 · Surface-mount metal end caps015,Mainboard,metal,2,0.5016000000000007,2.1999999999999993,1.2000000000000028,0.5500000000000007,Schematic internal layout
PS2-0468,BoardDecoupling16,PS2-0468 · Ceramic decoupling capacitor010,Mainboard,ceramic,1,1.0047037157897851,1.3999999999999986,1.2000000000000028,0.5999999999999996,Schematic internal layout
PS2-0469,BoardDecoupling16Ends,PS2-0469 · Surface-mount metal end caps016,Mainboard,metal,2,0.501599999999999,2.1999999999999993,1.1999999999999993,0.5500000000000007,Schematic internal layout
PS2-0470,BoardDecoupling17,PS2-0470 · Ceramic decoupling capacitor011,Mainboard,ceramic,1,1.0047037157897851,1.3999999999999986,1.2000000000000028,0.5999999999999996,Schematic internal layout
PS2-0471,BoardDecoupling17Ends,PS2-0471 · Surface-mount metal end caps017,Mainboard,metal,2,0.501599999999999,2.1999999999999993,1.1999999999999993,0.5500000000000007,Schematic internal layout
PS2-0472,BoardDecoupling18,PS2-0472 · Chip resistor006,Mainboard,black,1,1.004703715789784,1.3999999999999986,1.1999999999999993,0.5999999999999996,Schematic internal layout
PS2-0473,BoardDecoupling18Ends,PS2-0473 · Surface-mount metal end caps018,Mainboard,metal,2,0.501599999999999,2.1999999999999993,1.1999999999999993,0.5500000000000007,Schematic internal layout
PS2-0474,BoardDecoupling19,PS2-0474 · Ceramic decoupling capacitor012,Mainboard,ceramic,1,1.0047037157897845,1.3999999999999986,1.2000000000000002,0.5999999999999996,Schematic internal layout
PS2-0475,BoardDecoupling19Ends,PS2-0475 · Surface-mount metal end caps019,Mainboard,metal,2,0.5015999999999993,2.1999999999999993,1.1999999999999997,0.5500000000000007,Schematic internal layout
PS2-0476,BoardDecoupling20,PS2-0476 · Ceramic decoupling capacitor013,Mainboard,ceramic,1,1.004703715789784,1.3999999999999986,1.1999999999999993,0.5999999999999996,Schematic internal layout
PS2-0477,BoardDecoupling20Ends,PS2-0477 · Surface-mount metal end caps020,Mainboard,metal,2,0.501599999999999,2.1999999999999993,1.1999999999999993,0.5500000000000007,Schematic internal layout
PS2-0478,BoardDecoupling21,PS2-0478 · Chip resistor007,Mainboard,black,1,1.004703715789785,1.3999999999999986,1.2000000000000028,0.5999999999999996,Schematic internal layout
PS2-0479,BoardDecoupling21Ends,PS2-0479 · Surface-mount metal end caps021,Mainboard,metal,2,0.501599999999999,2.1999999999999993,1.1999999999999993,0.5500000000000007,Schematic internal layout
PS2-0480,BoardDecoupling22,PS2-0480 · Ceramic decoupling capacitor014,Mainboard,ceramic,1,1.004703715789785,1.3999999999999986,1.2000000000000028,0.5999999999999996,Schematic internal layout
PS2-0481,BoardDecoupling22Ends,PS2-0481 · Surface-mount metal end caps022,Mainboard,metal,2,0.501599999999999,2.1999999999999993,1.1999999999999993,0.5500000000000007,Schematic internal layout
PS2-0482,BoardDecoupling23,PS2-0482 · Ceramic decoupling capacitor015,Mainboard,ceramic,1,1.0047037157897851,1.3999999999999986,1.2000000000000028,0.5999999999999996,Schematic internal layout
PS2-0483,BoardDecoupling23Ends,PS2-0483 · Surface-mount metal end caps023,Mainboard,metal,2,0.5016000000000006,2.1999999999999993,1.2000000000000028,0.5500000000000007,Schematic internal layout
PS2-0484,BoardDecoupling24,PS2-0484 · Chip resistor008,Mainboard,black,1,1.0047037157897851,1.3999999999999986,1.2000000000000028,0.5999999999999996,Schematic internal layout
PS2-0485,BoardDecoupling24Ends,PS2-0485 · Surface-mount metal end caps024,Mainboard,metal,2,0.5016000000000006,2.1999999999999993,1.2000000000000028,0.5500000000000007,Schematic internal layout
PS2-0486,BoardDecoupling25,PS2-0486 · Ceramic decoupling capacitor016,Mainboard,ceramic,1,1.0047037157897851,1.3999999999999986,1.2000000000000028,0.5999999999999996,Schematic internal layout
PS2-0487,BoardDecoupling25Ends,PS2-0487 · Surface-mount metal end caps025,Mainboard,metal,2,0.5016000000000006,2.1999999999999993,1.2000000000000028,0.5500000000000007,Schematic internal layout
PS2-0488,BoardDecoupling26,PS2-0488 · Ceramic decoupling capacitor017,Mainboard,ceramic,1,1.0047037157897865,1.4000000000000057,1.2000000000000028,0.5999999999999996,Schematic internal layout
PS2-0489,BoardDecoupling26Ends,PS2-0489 · Surface-mount metal end caps026,Mainboard,metal,2,0.501599999999994,2.1999999999999886,1.1999999999999993,0.5500000000000007,Schematic internal layout
PS2-0490,BoardDecoupling27,PS2-0490 · Chip resistor009,Mainboard,black,1,1.0047037157897865,1.4000000000000057,1.2000000000000028,0.5999999999999996,Schematic internal layout
PS2-0491,BoardDecoupling27Ends,PS2-0491 · Surface-mount metal end caps027,Mainboard,metal,2,0.501599999999994,2.1999999999999886,1.1999999999999993,0.5500000000000007,Schematic internal layout
PS2-0492,BoardDecoupling28,PS2-0492 · Ceramic decoupling capacitor018,Mainboard,ceramic,1,1.0047037157897853,1.4000000000000057,1.1999999999999993,0.5999999999999996,Schematic internal layout
PS2-0493,BoardDecoupling28Ends,PS2-0493 · Surface-mount metal end caps028,Mainboard,metal,2,0.501599999999994,2.1999999999999886,1.1999999999999993,0.5500000000000007,Schematic internal layout
PS2-0494,BoardDecoupling29,PS2-0494 · Ceramic decoupling capacitor019,Mainboard,ceramic,1,1.0047037157897856,1.4000000000000057,1.2000000000000002,0.5999999999999996,Schematic internal layout
PS2-0495,BoardDecoupling29Ends,PS2-0495 · Surface-mount metal end caps029,Mainboard,metal,2,0.5015999999999945,2.1999999999999886,1.2000000000000002,0.5500000000000007,Schematic internal layout
PS2-0496,BoardDecoupling30,PS2-0496 · Chip resistor010,Mainboard,black,1,1.0047037157897853,1.4000000000000057,1.1999999999999993,0.5999999999999996,Schematic internal layout
PS2-0497,BoardDecoupling30Ends,PS2-0497 · Surface-mount metal end caps030,Mainboard,metal,2,0.501599999999994,2.1999999999999886,1.1999999999999993,0.5500000000000007,Schematic internal layout
PS2-0498,BoardDecoupling31,PS2-0498 · Ceramic decoupling capacitor020,Mainboard,ceramic,1,1.0047037157897865,1.4000000000000057,1.2000000000000028,0.5999999999999996,Schematic internal layout
PS2-0499,BoardDecoupling31Ends,PS2-0499 · Surface-mount metal end caps031,Mainboard,metal,2,0.5015999999999942,2.1999999999999886,1.1999999999999993,0.5500000000000007,Schematic internal layout
PS2-0500,BoardDecoupling32,PS2-0500 · Ceramic decoupling capacitor021,Mainboard,ceramic,1,1.0047037157897865,1.4000000000000057,1.2000000000000028,0.5999999999999996,Schematic internal layout
PS2-0501,BoardDecoupling32Ends,PS2-0501 · Surface-mount metal end caps032,Mainboard,metal,2,0.5015999999999942,2.1999999999999886,1.1999999999999993,0.5500000000000007,Schematic internal layout
PS2-0502,BoardDecoupling33,PS2-0502 · Chip resistor011,Mainboard,black,1,1.0047037157897865,1.4000000000000057,1.2000000000000028,0.5999999999999996,Schematic internal layout
PS2-0503,BoardDecoupling33Ends,PS2-0503 · Surface-mount metal end caps033,Mainboard,metal,2,0.5015999999999942,2.1999999999999886,1.1999999999999993,0.5500000000000007,Schematic internal layout
PS2-0504,BoardDecoupling34,PS2-0504 · Ceramic decoupling capacitor022,Mainboard,ceramic,1,1.0047037157897853,1.4000000000000057,1.1999999999999993,0.5999999999999996,Schematic internal layout
PS2-0505,BoardDecoupling34Ends,PS2-0505 · Surface-mount metal end caps034,Mainboard,metal,2,0.5015999999999942,2.1999999999999886,1.1999999999999993,0.5500000000000007,Schematic internal layout
PS2-0506,BoardDecoupling35,PS2-0506 · Ceramic decoupling capacitor023,Mainboard,ceramic,1,1.0047037157897856,1.4000000000000057,1.2000000000000002,0.5999999999999996,Schematic internal layout
PS2-0507,BoardDecoupling35Ends,PS2-0507 · Surface-mount metal end caps035,Mainboard,metal,2,0.5015999999999945,2.1999999999999886,1.2000000000000002,0.5500000000000007,Schematic internal layout
PS2-0508,BoardDecoupling36,PS2-0508 · Chip resistor012,Mainboard,black,1,1.0047037157897853,1.4000000000000057,1.1999999999999993,0.5999999999999996,Schematic internal layout
PS2-0509,BoardDecoupling36Ends,PS2-0509 · Surface-mount metal end caps036,Mainboard,metal,2,0.5015999999999942,2.1999999999999886,1.1999999999999993,0.5500000000000007,Schematic internal layout
PS2-0510,BoardDecoupling37,PS2-0510 · Ceramic decoupling capacitor024,Mainboard,ceramic,1,1.0047037157897865,1.4000000000000057,1.2000000000000028,0.5999999999999996,Schematic internal layout
PS2-0511,BoardDecoupling37Ends,PS2-0511 · Surface-mount metal end caps037,Mainboard,metal,2,0.5015999999999942,2.1999999999999886,1.1999999999999993,0.5500000000000007,Schematic internal layout
PS2-0512,BoardDecoupling38,PS2-0512 · Ceramic decoupling capacitor025,Mainboard,ceramic,1,1.004703715789783,1.4000000000000057,1.1999999999999886,0.5999999999999996,Schematic internal layout
PS2-0513,BoardDecoupling38Ends,PS2-0513 · Surface-mount metal end caps038,Mainboard,metal,2,0.5016000000000055,2.1999999999999957,1.2000000000000028,0.5500000000000007,Schematic internal layout
PS2-0514,BoardDecoupling39,PS2-0514 · Chip resistor013,Mainboard,black,1,1.0047037157897867,1.4000000000000057,1.2000000000000028,0.5999999999999996,Schematic internal layout
PS2-0515,BoardDecoupling39Ends,PS2-0515 · Surface-mount metal end caps039,Mainboard,metal,2,0.5016000000000054,2.1999999999999957,1.2000000000000028,0.5500000000000007,Schematic internal layout
PS2-0516,BoardDecoupling40,PS2-0516 · Ceramic decoupling capacitor026,Mainboard,ceramic,1,1.0047037157897865,1.4000000000000057,1.2000000000000028,0.5999999999999996,Schematic internal layout
PS2-0517,BoardDecoupling40Ends,PS2-0517 · Surface-mount metal end caps040,Mainboard,metal,2,0.5016000000000055,2.1999999999999957,1.2000000000000028,0.5500000000000007,Schematic internal layout
PS2-0518,BoardDecoupling41,PS2-0518 · Ceramic decoupling capacitor027,Mainboard,ceramic,1,1.0047037157897867,1.4000000000000057,1.2000000000000028,0.5999999999999996,Schematic internal layout
PS2-0519,BoardDecoupling41Ends,PS2-0519 · Surface-mount metal end caps041,Mainboard,metal,2,0.5016000000000055,2.1999999999999957,1.2000000000000028,0.5500000000000007,Schematic internal layout
PS2-0520,BoardDecoupling42,PS2-0520 · Chip resistor014,Mainboard,black,1,1.0047037157897867,1.4000000000000057,1.2000000000000028,0.5999999999999996,Schematic internal layout
PS2-0521,BoardDecoupling42Ends,PS2-0521 · Surface-mount metal end caps042,Mainboard,metal,2,0.5016000000000038,2.1999999999999957,1.1999999999999993,0.5500000000000007,Schematic internal layout
PS2-0522,BoardDecoupling43,PS2-0522 · Ceramic decoupling capacitor028,Mainboard,ceramic,1,1.0047037157897827,1.4000000000000057,1.1999999999999886,0.5999999999999996,Schematic internal layout
PS2-0523,BoardDecoupling43Ends,PS2-0523 · Surface-mount metal end caps043,Mainboard,metal,2,0.5015999999999956,2.1999999999999886,1.2000000000000028,0.5500000000000007,Schematic internal layout
PS2-0524,BoardDecoupling44,PS2-0524 · Ceramic decoupling capacitor029,Mainboard,ceramic,1,1.0047037157897865,1.4000000000000057,1.2000000000000028,0.5999999999999996,Schematic internal layout
PS2-0525,BoardDecoupling44Ends,PS2-0525 · Surface-mount metal end caps044,Mainboard,metal,2,0.5015999999999955,2.1999999999999886,1.2000000000000028,0.5500000000000007,Schematic internal layout
PS2-0526,BoardDecoupling45,PS2-0526 · Chip resistor015,Mainboard,black,1,1.0047037157897862,1.4000000000000057,1.2000000000000028,0.5999999999999996,Schematic internal layout
PS2-0527,BoardDecoupling45Ends,PS2-0527 · Surface-mount metal end caps045,Mainboard,metal,2,0.5015999999999956,2.1999999999999886,1.2000000000000028,0.5500000000000007,Schematic internal layout
PS2-0528,BoardDecoupling46,PS2-0528 · Ceramic decoupling capacitor030,Mainboard,ceramic,1,1.0047037157897865,1.4000000000000057,1.2000000000000028,0.5999999999999996,Schematic internal layout
PS2-0529,BoardDecoupling46Ends,PS2-0529 · Surface-mount metal end caps046,Mainboard,metal,2,0.5015999999999956,2.1999999999999886,1.2000000000000028,0.5500000000000007,Schematic internal layout
PS2-0530,BoardDecoupling47,PS2-0530 · Ceramic decoupling capacitor031,Mainboard,ceramic,1,1.0047037157897862,1.4000000000000057,1.2000000000000028,0.5999999999999996,Schematic internal layout
PS2-0531,BoardDecoupling47Ends,PS2-0531 · Surface-mount metal end caps047,Mainboard,metal,2,0.501599999999994,2.1999999999999886,1.1999999999999993,0.5500000000000007,Schematic internal layout
PS2-0532,BoardDecoupling48,PS2-0532 · Chip resistor016,Mainboard,black,1,1.0047037157897827,1.4000000000000057,1.1999999999999886,0.5999999999999996,Schematic internal layout
PS2-0533,BoardDecoupling48Ends,PS2-0533 · Surface-mount metal end caps048,Mainboard,metal,2,0.5015999999999957,2.1999999999999886,1.2000000000000028,0.5500000000000007,Schematic internal layout
PS2-0534,BoardDecoupling49,PS2-0534 · Ceramic decoupling capacitor032,Mainboard,ceramic,1,1.0047037157897865,1.4000000000000057,1.2000000000000028,0.5999999999999996,Schematic internal layout
PS2-0535,BoardDecoupling49Ends,PS2-0535 · Surface-mount metal end caps049,Mainboard,metal,2,0.5015999999999956,2.1999999999999886,1.2000000000000028,0.5500000000000007,Schematic internal layout
PS2-0536,BoardDecoupling50,PS2-0536 · Ceramic decoupling capacitor033,Mainboard,ceramic,1,1.0047037157897862,1.4000000000000057,1.2000000000000028,0.5999999999999996,Schematic internal layout
PS2-0537,BoardDecoupling50Ends,PS2-0537 · Surface-mount metal end caps050,Mainboard,metal,2,0.5015999999999957,2.1999999999999886,1.2000000000000028,0.5500000000000007,Schematic internal layout
PS2-0538,BoardDecoupling51,PS2-0538 · Chip resistor017,Mainboard,black,1,1.0047037157897865,1.4000000000000057,1.2000000000000028,0.5999999999999996,Schematic internal layout
PS2-0539,BoardDecoupling51Ends,PS2-0539 · Surface-mount metal end caps051,Mainboard,metal,2,0.5015999999999957,2.1999999999999886,1.2000000000000028,0.5500000000000007,Schematic internal layout
PS2-0540,BoardDecoupling52,PS2-0540 · Ceramic decoupling capacitor034,Mainboard,ceramic,1,1.0047037157897862,1.4000000000000057,1.2000000000000028,0.5999999999999996,Schematic internal layout
PS2-0541,BoardDecoupling52Ends,PS2-0541 · Surface-mount metal end caps052,Mainboard,metal,2,0.5015999999999942,2.1999999999999886,1.1999999999999993,0.5500000000000007,Schematic internal layout
PS2-0542,RTCStock,PS2-0542 · Coin-cell holder with access for opposing contacts,Mainboard,black,1,524.0765257654714,22.24859546128699,22.400000000000006,4.050000000000001,Schematic internal layout
PS2-0543,RTCCell,PS2-0543 · CR2032 clock battery study,Mainboard,metal,1,1005.309649148734,20.0,20.0,3.200000000000001,Schematic internal layout
PS2-0544,RTCMark,PS2-0544 · CR2032,Mainboard,ps2word,6,0.07686824375783065,8.280440636241611,1.656644495302018,0.018000199999999467,Published body envelope; approximate local exterior detail
PS2-0545,RTCContact0,PS2-0545 · Clock battery retaining terminal,Mainboard,metal,1,11.922200000000009,3.3000000000000025,2.200000000000003,6.449999999999999,Schematic internal layout
PS2-0546,RTCContact1,PS2-0546 · Clock battery retaining terminal001,Mainboard,metal,1,11.9222,3.3000000000000007,2.200000000000003,6.449999999999999,Schematic internal layout
PS2-0547,PSUBoardContact0,PS2-0547 · Mainboard power-header blade study,Mainboard,metal,1,21.887999999999913,1.1999999999999993,1.1999999999999957,15.2,Schematic internal layout
PS2-0548,PSUBoardContact1,PS2-0548 · Mainboard power-header blade study001,Mainboard,metal,1,21.887999999999906,1.1999999999999993,1.1999999999999957,15.2,Schematic internal layout
PS2-0549,PSUBoardContact2,PS2-0549 · Mainboard power-header blade study002,Mainboard,metal,1,21.887999999999913,1.1999999999999993,1.1999999999999957,15.2,Schematic internal layout
PS2-0550,PSUBoardContact3,PS2-0550 · Mainboard power-header blade study003,Mainboard,metal,1,21.887999999999924,1.2000000000000002,1.1999999999999957,15.2,Schematic internal layout
PS2-0551,PSUBoardSocket,PS2-0551 · Four-position motherboard power header,Mainboard,white,1,787.0022469958557,22.0,10.0,8.0,Schematic internal layout
PS2-0552,UnderLogicA,PS2-0552 · LOGIC A package,Mainboard,black,1,806.1527786842339,28.0,16.0,1.8000000000000016,Schematic internal layout
PS2-0553,UnderLogicALeads,PS2-0553 · 64 formed package leads,Mainboard,metal,64,9.675008000000037,26.28,19.80000000000001,1.480000000000004,Schematic internal layout
PS2-0554,UnderLogicAPads,PS2-0554 · 64 package landing pads,Mainboard,gold,64,0.39935999999999117,26.400000000000006,19.759999999999998,0.020000000000003126,Schematic internal layout
PS2-0555,UnderLogicAMark,PS2-0555 · LOGIC A,Mainboard,white,6,0.04239641794021085,6.656229026845644,1.266845837583901,0.018000200000000355,Published body envelope; approximate local exterior detail
PS2-0556,UnderLogicAPinOne,PS2-0556 · Package pin-one mark011,Mainboard,psdark,1,0.008312654161398696,0.8400000000000034,0.8400000000000034,0.015000000000000568,Schematic internal layout
PS2-0557,UnderLogicB,PS2-0557 · LOGIC B package,Mainboard,black,1,303.95277868423386,13.0,13.0,1.8000000000000016,Schematic internal layout
PS2-0558,UnderLogicBLeads,PS2-0558 · 64 formed package leads001,Mainboard,metal,64,9.675008000000073,16.80000000000001,16.800000000000008,1.4800000000000022,Schematic internal layout
PS2-0559,UnderLogicBPads,PS2-0559 · 64 package landing pads001,Mainboard,gold,64,0.3993599999999905,16.760000000000005,16.760000000000005,0.020000000000003126,Schematic internal layout
PS2-0560,UnderLogicBMark,PS2-0560 · LOGIC B,Mainboard,white,6,0.04451448800150806,6.554802952349,1.2668458375838938,0.018000200000000355,Published body envelope; approximate local exterior detail
PS2-0561,UnderLogicBPinOne,PS2-0561 · Package pin-one mark012,Mainboard,psdark,1,0.008312654161398694,0.8400000000000034,0.8400000000000034,0.015000000000000568,Schematic internal layout
PS2-0562,UnderLogicC,PS2-0562 · LOGIC C package,Mainboard,black,1,302.1527786842338,14.0,12.0,1.8000000000000016,Schematic internal layout
PS2-0563,UnderLogicCLeads,PS2-0563 · 48 formed package leads001,Mainboard,metal,48,7.256256000000016,17.799999999999997,15.800000000000008,1.4800000000000022,Schematic internal layout
PS2-0564,UnderLogicCPads,PS2-0564 · 48 package landing pads001,Mainboard,gold,48,0.29951999999999357,17.759999999999998,15.760000000000005,0.020000000000003126,Schematic internal layout
PS2-0565,UnderLogicCMark,PS2-0565 · LOGIC C,Mainboard,white,6,0.041155441422138055,6.603062180536912,1.2668458375838938,0.018000200000000355,Published body envelope; approximate local exterior detail
PS2-0566,UnderLogicCPinOne,PS2-0566 · Package pin-one mark013,Mainboard,psdark,1,0.008312654161398697,0.8399999999999999,0.8400000000000034,0.015000000000000568,Schematic internal layout
PS2-0567,UnderLogicD,PS2-0567 · LOGIC D package,Mainboard,black,1,217.55277868423386,11.0,11.0,1.8000000000000016,Schematic internal layout
PS2-0568,UnderLogicDLeads,PS2-0568 · 48 formed package leads002,Mainboard,metal,48,7.2562560000000245,14.8,14.8,1.4800000000000022,Schematic internal layout
PS2-0569,UnderLogicDPads,PS2-0569 · 48 package landing pads002,Mainboard,gold,48,0.29951999999999374,14.759999999999998,14.759999999999998,0.020000000000003126,Schematic internal layout
PS2-0570,UnderLogicDMark,PS2-0570 · LOGIC D,Mainboard,white,6,0.04397743441275857,6.7151217442953035,1.2668458375838925,0.018000200000000355,Published body envelope; approximate local exterior detail
PS2-0571,UnderLogicDPinOne,PS2-0571 · Package pin-one mark014,Mainboard,psdark,1,0.0083126541613987,0.8399999999999999,0.8399999999999999,0.015000000000000568,Schematic internal layout
PS2-0572,UnderLogicE,PS2-0572 · LOGIC E package,Mainboard,black,1,303.95277868423386,13.0,13.0,1.8000000000000016,Schematic internal layout
PS2-0573,UnderLogicELeads,PS2-0573 · 64 formed package leads002,Mainboard,metal,64,9.67500800000003,16.80000000000001,16.80000000000001,1.4800000000000022,Schematic internal layout
PS2-0574,UnderLogicEPads,PS2-0574 · 64 package landing pads002,Mainboard,gold,64,0.3993599999999908,16.75999999999999,16.760000000000005,0.020000000000003126,Schematic internal layout
PS2-0575,UnderLogicEMark,PS2-0575 · LOGIC E,Mainboard,white,6,0.04241716535973874,6.475461409395976,1.266845837583901,0.018000200000000355,Published body envelope; approximate local exterior detail
PS2-0576,UnderLogicEPinOne,PS2-0576 · Package pin-one mark015,Mainboard,psdark,1,0.008312654161398711,0.8400000000000034,0.8400000000000034,0.015000000000000568,Schematic internal layout
PS2-0577,UnderLogicF,PS2-0577 · LOGIC F package,Mainboard,black,1,1034.7527786842338,25.0,23.0,1.8000000000000034,Schematic internal layout
PS2-0578,UnderLogicFLeads,PS2-0578 · 100 formed package leads001,Mainboard,metal,100,15.11720000000007,28.80000000000001,26.800000000000004,1.480000000000004,Schematic internal layout
PS2-0579,UnderLogicFPads,PS2-0579 · 100 package landing pads001,Mainboard,gold,100,0.6239999999999857,28.759999999999998,26.75999999999999,0.020000000000003126,Schematic internal layout
PS2-0580,UnderLogicFMark,PS2-0580 · LOGIC F,Mainboard,white,6,0.0404337884848232,6.390394295302016,1.266845837583901,0.018000200000000355,Published body envelope; approximate local exterior detail
PS2-0581,UnderLogicFPinOne,PS2-0581 · Package pin-one mark016,Mainboard,psdark,1,0.00831265416139871,0.8400000000000034,0.8400000000000034,0.015000000000000568,Schematic internal layout
PS2-0582,UnderBuffer,PS2-0582 · BUFFER STUDY package,Mainboard,black,1,226.55277868423389,18.0,7.0,1.8000000000000016,Schematic internal layout
PS2-0583,UnderBufferLeads,PS2-0583 · 28 formed package leads,Mainboard,metal,28,4.232816000000003,16.28,10.800000000000011,1.4800000000000004,Schematic internal layout
PS2-0584,UnderBufferPads,PS2-0584 · 28 package landing pads,Mainboard,gold,28,0.17471999999999624,16.400000000000002,10.759999999999998,0.019999999999999574,Schematic internal layout
PS2-0585,UnderBufferMark,PS2-0585 · BUFFER STUDY,Mainboard,white,11,0.08521358106491865,12.431250100000003,1.266845837583901,0.018000200000000355,Published body envelope; approximate local exterior detail
PS2-0586,UnderBufferPinOne,PS2-0586 · Package pin-one mark017,Mainboard,psdark,1,0.0083126541613987,0.8400000000000016,0.8400000000000034,0.015000000000000568,Schematic internal layout
PS2-0587,UnderThermal0,PS2-0587 · Underside package thermal pad study,Mainboard,thermalpink,1,200.15750883635263,26.0,14.0,0.5499999999999998,Schematic internal layout
PS2-0588,UnderThermal1,PS2-0588 · Underside package thermal pad study001,Mainboard,thermalpink,1,65.95750883635269,12.0,10.0,0.5499999999999998,Schematic internal layout
PS2-0589,UnderThermal2,PS2-0589 · Underside package thermal pad study002,Mainboard,thermalpink,1,265.6075088363527,23.0,21.0,0.5499999999999998,Schematic internal layout
PS2-0590,UnderRearFlexLatch,PS2-0590 · Separate flat-circuit connector lock,Mainboard,black,1,6.7444375203952625,15.0,1.0,0.4500000000000002,Schematic internal layout
PS2-0591,UnderRearFlex,PS2-0591 · Flat-circuit connector housing study001,Mainboard,white,1,168.6153780640315,17.0,4.800000000000011,2.4000000000000012,Schematic internal layout
PS2-0592,UnderRearFlexContacts,PS2-0592 · Flat-circuit connector contact comb,Mainboard,gold,24,1.235519999999989,13.420000000000002,2.5999999999999943,0.08999999999999986,Schematic internal layout
PS2-0593,UnderRearFlexPads,PS2-0593 · Flat-circuit connector board lands,Mainboard,gold,24,0.12600000000000242,13.480000000000004,0.75,0.025000000000000355,Schematic internal layout
PS2-0594,UnderFrontFlexLatch,PS2-0594 · Separate flat-circuit connector lock001,Mainboard,black,1,8.544437520395261,19.000000000000004,1.0,0.4500000000000002,Schematic internal layout
PS2-0595,UnderFrontFlex,PS2-0595 · Flat-circuit connector housing study003,Mainboard,white,1,207.56161806403117,21.0,4.800000000000004,2.4000000000000012,Schematic internal layout
PS2-0596,UnderFrontFlexContacts,PS2-0596 · Flat-circuit connector contact comb001,Mainboard,gold,30,1.5443999999999933,17.42,2.5999999999999943,0.09000000000000163,Schematic internal layout
PS2-0597,UnderFrontFlexPads,PS2-0597 · Flat-circuit connector board lands001,Mainboard,gold,30,0.15750000000000258,17.48,0.75,0.025000000000000355,Schematic internal layout
PS2-0598,TopDriveFlexLatch,PS2-0598 · Separate flat-circuit connector lock002,Mainboard,black,1,5.8444375203952585,13.0,1.0,0.4499999999999993,Schematic internal layout
PS2-0599,TopDriveFlex,PS2-0599 · Flat-circuit connector housing study005,Mainboard,white,1,149.29121806403134,15.0,4.800000000000001,2.4000000000000004,Schematic internal layout
PS2-0600,TopDriveFlexContacts,PS2-0600 · Flat-circuit connector contact comb002,Mainboard,gold,20,1.029599999999993,11.420000000000002,2.6,0.08999999999999986,Schematic internal layout
PS2-0601,TopDriveFlexPads,PS2-0601 · Flat-circuit connector board lands002,Mainboard,gold,20,0.10500000000000184,11.480000000000004,0.75,0.025000000000000355,Schematic internal layout
PS2-0602,TopControlFlexLatch,PS2-0602 · Separate flat-circuit connector lock003,Mainboard,black,1,5.394437520395258,12.0,1.0,0.4499999999999993,Schematic internal layout
PS2-0603,TopControlFlex,PS2-0603 · Flat-circuit connector housing study007,Mainboard,white,1,139.6291380640316,14.0,4.800000000000011,2.4000000000000004,Schematic internal layout
PS2-0604,TopControlFlexContacts,PS2-0604 · Flat-circuit connector contact comb003,Mainboard,gold,18,0.9266399999999921,10.420000000000002,2.5999999999999943,0.08999999999999986,Schematic internal layout
PS2-0605,TopControlFlexPads,PS2-0605 · Flat-circuit connector board lands003,Mainboard,gold,18,0.09450000000000167,10.480000000000004,0.75,0.025000000000000355,Schematic internal layout
PS2-0606,TopOpticalFlexLatch,PS2-0606 · Separate flat-circuit connector lock004,Mainboard,black,1,6.744437520395257,15.0,1.0,0.4499999999999993,Schematic internal layout
PS2-0607,TopOpticalFlex,PS2-0607 · Flat-circuit connector housing study009,Mainboard,white,1,168.6153780640312,17.0,4.799999999999997,2.4000000000000004,Schematic internal layout
PS2-0608,TopOpticalFlexContacts,PS2-0608 · Flat-circuit connector contact comb004,Mainboard,gold,24,1.2355200000000002,13.420000000000002,2.6000000000000014,0.08999999999999986,Schematic internal layout
PS2-0609,TopOpticalFlexPads,PS2-0609 · Flat-circuit connector board lands004,Mainboard,gold,24,0.1260000000000017,13.48,0.75,0.025000000000000355,Schematic internal layout
PS2-0610,UnderPassive0,PS2-0610 · Chip resistor018,Mainboard,black,1,1.0047037157897867,1.4000000000000057,1.2000000000000028,0.5999999999999996,Schematic internal layout
PS2-0611,UnderPassive0Ends,PS2-0611 · Surface-mount metal end caps053,Mainboard,metal,2,0.5016000000000029,2.1999999999999993,1.2000000000000028,0.5500000000000007,Schematic internal layout
PS2-0612,UnderPassive1,PS2-0612 · Ceramic decoupling capacitor035,Mainboard,ceramic,1,1.0047037157897867,1.4000000000000057,1.2000000000000028,0.5999999999999996,Schematic internal layout
PS2-0613,UnderPassive1Ends,PS2-0613 · Surface-mount metal end caps054,Mainboard,metal,2,0.501600000000003,2.1999999999999993,1.2000000000000028,0.5500000000000007,Schematic internal layout
PS2-0614,UnderPassive2,PS2-0614 · Ceramic decoupling capacitor036,Mainboard,ceramic,1,1.0047037157897867,1.4000000000000057,1.2000000000000028,0.5999999999999996,Schematic internal layout
PS2-0615,UnderPassive2Ends,PS2-0615 · Surface-mount metal end caps055,Mainboard,metal,2,0.5016000000000014,2.1999999999999993,1.1999999999999993,0.5500000000000007,Schematic internal layout
PS2-0616,UnderPassive3,PS2-0616 · Chip resistor019,Mainboard,black,1,1.0047037157897856,1.4000000000000057,1.1999999999999993,0.5999999999999996,Schematic internal layout
PS2-0617,UnderPassive3Ends,PS2-0617 · Surface-mount metal end caps056,Mainboard,metal,2,0.5016000000000014,2.1999999999999993,1.1999999999999993,0.5500000000000007,Schematic internal layout
PS2-0618,UnderPassive4,PS2-0618 · Ceramic decoupling capacitor037,Mainboard,ceramic,1,1.0047037157897858,1.4000000000000057,1.2000000000000002,0.5999999999999996,Schematic internal layout
PS2-0619,UnderPassive4Ends,PS2-0619 · Surface-mount metal end caps057,Mainboard,metal,2,0.5016000000000017,2.1999999999999993,1.2000000000000002,0.5500000000000007,Schematic internal layout
PS2-0620,UnderPassive5,PS2-0620 · Ceramic decoupling capacitor038,Mainboard,ceramic,1,1.0047037157897856,1.4000000000000057,1.1999999999999993,0.5999999999999996,Schematic internal layout
PS2-0621,UnderPassive5Ends,PS2-0621 · Surface-mount metal end caps058,Mainboard,metal,2,0.5016000000000014,2.1999999999999993,1.1999999999999993,0.5500000000000007,Schematic internal layout
PS2-0622,UnderPassive6,PS2-0622 · Chip resistor020,Mainboard,black,1,1.0047037157897867,1.4000000000000057,1.2000000000000028,0.5999999999999996,Schematic internal layout
PS2-0623,UnderPassive6Ends,PS2-0623 · Surface-mount metal end caps059,Mainboard,metal,2,0.5016000000000014,2.1999999999999993,1.1999999999999993,0.5500000000000007,Schematic internal layout
PS2-0624,UnderPassive7,PS2-0624 · Ceramic decoupling capacitor039,Mainboard,ceramic,1,1.0047037157897867,1.4000000000000057,1.2000000000000028,0.5999999999999996,Schematic internal layout
PS2-0625,UnderPassive7Ends,PS2-0625 · Surface-mount metal end caps060,Mainboard,metal,2,0.501600000000003,2.1999999999999993,1.2000000000000028,0.5500000000000007,Schematic internal layout
PS2-0626,UnderPassive8,PS2-0626 · Ceramic decoupling capacitor040,Mainboard,ceramic,1,1.0047037157897865,1.4000000000000057,1.2000000000000028,0.5999999999999996,Schematic internal layout
PS2-0627,UnderPassive8Ends,PS2-0627 · Surface-mount metal end caps061,Mainboard,metal,2,0.501600000000003,2.1999999999999993,1.2000000000000028,0.5500000000000007,Schematic internal layout
PS2-0628,UnderPassive9,PS2-0628 · Chip resistor021,Mainboard,black,1,1.0047037157897867,1.4000000000000057,1.2000000000000028,0.5999999999999996,Schematic internal layout
PS2-0629,UnderPassive9Ends,PS2-0629 · Surface-mount metal end caps062,Mainboard,metal,2,0.5016000000000054,2.1999999999999957,1.2000000000000028,0.5500000000000007,Schematic internal layout
PS2-0630,UnderPassive10,PS2-0630 · Ceramic decoupling capacitor041,Mainboard,ceramic,1,1.0047037157897867,1.4000000000000057,1.2000000000000028,0.5999999999999996,Schematic internal layout
PS2-0631,UnderPassive10Ends,PS2-0631 · Surface-mount metal end caps063,Mainboard,metal,2,0.5016000000000055,2.1999999999999957,1.2000000000000028,0.5500000000000007,Schematic internal layout
PS2-0632,UnderPassive11,PS2-0632 · Ceramic decoupling capacitor042,Mainboard,ceramic,1,1.0047037157897867,1.4000000000000057,1.2000000000000028,0.5999999999999996,Schematic internal layout
PS2-0633,UnderPassive11Ends,PS2-0633 · Surface-mount metal end caps064,Mainboard,metal,2,0.5016000000000038,2.1999999999999957,1.1999999999999993,0.5500000000000007,Schematic internal layout
PS2-0634,UnderPassive12,PS2-0634 · Chip resistor022,Mainboard,black,1,1.0047037157897856,1.4000000000000057,1.1999999999999993,0.5999999999999996,Schematic internal layout
PS2-0635,UnderPassive12Ends,PS2-0635 · Surface-mount metal end caps065,Mainboard,metal,2,0.5016000000000038,2.1999999999999957,1.1999999999999993,0.5500000000000007,Schematic internal layout
PS2-0636,UnderPassive13,PS2-0636 · Ceramic decoupling capacitor043,Mainboard,ceramic,1,1.0047037157897858,1.4000000000000057,1.2000000000000002,0.5999999999999996,Schematic internal layout
PS2-0637,UnderPassive13Ends,PS2-0637 · Surface-mount metal end caps066,Mainboard,metal,2,0.5016000000000042,2.1999999999999957,1.2000000000000002,0.5500000000000007,Schematic internal layout
PS2-0638,UnderPassive14,PS2-0638 · Ceramic decoupling capacitor044,Mainboard,ceramic,1,1.0047037157897856,1.4000000000000057,1.1999999999999993,0.5999999999999996,Schematic internal layout
PS2-0639,UnderPassive14Ends,PS2-0639 · Surface-mount metal end caps067,Mainboard,metal,2,0.5016000000000038,2.1999999999999957,1.1999999999999993,0.5500000000000007,Schematic internal layout
PS2-0640,UnderPassive15,PS2-0640 · Chip resistor023,Mainboard,black,1,1.0047037157897867,1.4000000000000057,1.2000000000000028,0.5999999999999996,Schematic internal layout
PS2-0641,UnderPassive15Ends,PS2-0641 · Surface-mount metal end caps068,Mainboard,metal,2,0.5016000000000038,2.1999999999999957,1.1999999999999993,0.5500000000000007,Schematic internal layout
PS2-0642,UnderPassive16,PS2-0642 · Ceramic decoupling capacitor045,Mainboard,ceramic,1,1.0047037157897867,1.4000000000000057,1.2000000000000028,0.5999999999999996,Schematic internal layout
PS2-0643,UnderPassive16Ends,PS2-0643 · Surface-mount metal end caps069,Mainboard,metal,2,0.5016000000000055,2.1999999999999957,1.2000000000000028,0.5500000000000007,Schematic internal layout
PS2-0644,UnderPassive17,PS2-0644 · Ceramic decoupling capacitor046,Mainboard,ceramic,1,1.0047037157897865,1.4000000000000057,1.2000000000000028,0.5999999999999996,Schematic internal layout
PS2-0645,UnderPassive17Ends,PS2-0645 · Surface-mount metal end caps070,Mainboard,metal,2,0.5016000000000055,2.1999999999999957,1.2000000000000028,0.5500000000000007,Schematic internal layout
PS2-0646,UnderPassive18,PS2-0646 · Chip resistor024,Mainboard,black,1,1.0047037157897867,1.4000000000000057,1.2000000000000028,0.5999999999999996,Schematic internal layout
PS2-0647,UnderPassive18Ends,PS2-0647 · Surface-mount metal end caps071,Mainboard,metal,2,0.5016000000000055,2.1999999999999957,1.2000000000000028,0.5500000000000007,Schematic internal layout
PS2-0648,UnderPassive19,PS2-0648 · Ceramic decoupling capacitor047,Mainboard,ceramic,1,1.0047037157897867,1.4000000000000057,1.2000000000000028,0.5999999999999996,Schematic internal layout
PS2-0649,UnderPassive19Ends,PS2-0649 · Surface-mount metal end caps072,Mainboard,metal,2,0.5016000000000039,2.1999999999999957,1.1999999999999993,0.5500000000000007,Schematic internal layout
PS2-0650,UnderPassive20,PS2-0650 · Ceramic decoupling capacitor048,Mainboard,ceramic,1,1.0047037157897856,1.4000000000000057,1.1999999999999993,0.5999999999999996,Schematic internal layout
PS2-0651,UnderPassive20Ends,PS2-0651 · Surface-mount metal end caps073,Mainboard,metal,2,0.5016000000000039,2.1999999999999957,1.1999999999999993,0.5500000000000007,Schematic internal layout
PS2-0652,UnderPassive21,PS2-0652 · Chip resistor025,Mainboard,black,1,1.0047037157897858,1.4000000000000057,1.2000000000000002,0.5999999999999996,Schematic internal layout
PS2-0653,UnderPassive21Ends,PS2-0653 · Surface-mount metal end caps074,Mainboard,metal,2,0.5016000000000043,2.1999999999999957,1.2000000000000002,0.5500000000000007,Schematic internal layout
PS2-0654,UnderPassive22,PS2-0654 · Ceramic decoupling capacitor049,Mainboard,ceramic,1,1.0047037157897856,1.4000000000000057,1.1999999999999993,0.5999999999999996,Schematic internal layout
PS2-0655,UnderPassive22Ends,PS2-0655 · Surface-mount metal end caps075,Mainboard,metal,2,0.5016000000000039,2.1999999999999957,1.1999999999999993,0.5500000000000007,Schematic internal layout
PS2-0656,UnderPassive23,PS2-0656 · Ceramic decoupling capacitor050,Mainboard,ceramic,1,1.0047037157897867,1.4000000000000057,1.2000000000000028,0.5999999999999996,Schematic internal layout
PS2-0657,UnderPassive23Ends,PS2-0657 · Surface-mount metal end caps076,Mainboard,metal,2,0.5016000000000039,2.1999999999999957,1.1999999999999993,0.5500000000000007,Schematic internal layout
PS2-0658,UnderPassive24,PS2-0658 · Chip resistor026,Mainboard,black,1,1.0047037157897867,1.4000000000000057,1.2000000000000028,0.5999999999999996,Schematic internal layout
PS2-0659,UnderPassive24Ends,PS2-0659 · Surface-mount metal end caps077,Mainboard,metal,2,0.5016000000000055,2.1999999999999957,1.2000000000000028,0.5500000000000007,Schematic internal layout
PS2-0660,UnderPassive25,PS2-0660 · Ceramic decoupling capacitor051,Mainboard,ceramic,1,1.0047037157897865,1.4000000000000057,1.2000000000000028,0.5999999999999996,Schematic internal layout
PS2-0661,UnderPassive25Ends,PS2-0661 · Surface-mount metal end caps078,Mainboard,metal,2,0.5016000000000055,2.1999999999999957,1.2000000000000028,0.5500000000000007,Schematic internal layout
PS2-0662,UnderPassive26,PS2-0662 · Ceramic decoupling capacitor052,Mainboard,ceramic,1,1.0047037157897867,1.4000000000000057,1.2000000000000028,0.5999999999999996,Schematic internal layout
PS2-0663,UnderPassive26Ends,PS2-0663 · Surface-mount metal end caps079,Mainboard,metal,2,0.5016000000000055,2.1999999999999957,1.2000000000000028,0.5500000000000007,Schematic internal layout
PS2-0664,UnderPassive27,PS2-0664 · Chip resistor027,Mainboard,black,1,1.0047037157897867,1.4000000000000057,1.2000000000000028,0.5999999999999996,Schematic internal layout
PS2-0665,UnderPassive27Ends,PS2-0665 · Surface-mount metal end caps080,Mainboard,metal,2,0.5016000000000039,2.1999999999999957,1.1999999999999993,0.5500000000000007,Schematic internal layout
PS2-0666,UnderPassive28,PS2-0666 · Ceramic decoupling capacitor053,Mainboard,ceramic,1,1.0047037157897856,1.4000000000000057,1.1999999999999993,0.5999999999999996,Schematic internal layout
PS2-0667,UnderPassive28Ends,PS2-0667 · Surface-mount metal end caps081,Mainboard,metal,2,0.5016000000000039,2.1999999999999957,1.1999999999999993,0.5500000000000007,Schematic internal layout
PS2-0668,UnderPassive29,PS2-0668 · Ceramic decoupling capacitor054,Mainboard,ceramic,1,1.0047037157897858,1.4000000000000057,1.2000000000000002,0.5999999999999996,Schematic internal layout
PS2-0669,UnderPassive29Ends,PS2-0669 · Surface-mount metal end caps082,Mainboard,metal,2,0.5016000000000043,2.1999999999999957,1.2000000000000002,0.5500000000000007,Schematic internal layout
PS2-0670,UnderPassive30,PS2-0670 · Chip resistor028,Mainboard,black,1,1.0047037157897856,1.4000000000000057,1.1999999999999993,0.5999999999999996,Schematic internal layout
PS2-0671,UnderPassive30Ends,PS2-0671 · Surface-mount metal end caps083,Mainboard,metal,2,0.5016000000000039,2.1999999999999957,1.1999999999999993,0.5500000000000007,Schematic internal layout
PS2-0672,UnderPassive31,PS2-0672 · Ceramic decoupling capacitor055,Mainboard,ceramic,1,1.0047037157897867,1.4000000000000057,1.2000000000000028,0.5999999999999996,Schematic internal layout
PS2-0673,UnderPassive31Ends,PS2-0673 · Surface-mount metal end caps084,Mainboard,metal,2,0.5016000000000039,2.1999999999999957,1.1999999999999993,0.5500000000000007,Schematic internal layout
PS2-0674,UnderPassive32,PS2-0674 · Ceramic decoupling capacitor056,Mainboard,ceramic,1,1.0047037157897867,1.4000000000000057,1.2000000000000028,0.5999999999999996,Schematic internal layout
PS2-0675,UnderPassive32Ends,PS2-0675 · Surface-mount metal end caps085,Mainboard,metal,2,0.5016000000000055,2.1999999999999957,1.2000000000000028,0.5500000000000007,Schematic internal layout
PS2-0676,UnderPassive33,PS2-0676 · Chip resistor029,Mainboard,black,1,1.0047037157897865,1.4000000000000057,1.2000000000000028,0.5999999999999996,Schematic internal layout
PS2-0677,UnderPassive33Ends,PS2-0677 · Surface-mount metal end caps086,Mainboard,metal,2,0.5016000000000055,2.1999999999999957,1.2000000000000028,0.5500000000000007,Schematic internal layout
PS2-0678,FanHeaderPin0,PS2-0678 · Fan supply connector terminal study,Mainboard,metal,1,1.6255857026734954,0.5600000000000023,0.5600000000000023,6.6,Schematic internal layout
PS2-0679,FanHeaderPin1,PS2-0679 · Fan supply connector terminal study001,Mainboard,metal,1,1.6255857026734957,0.5600000000000023,0.5600000000000023,6.6,Schematic internal layout
PS2-0680,FanHeader,PS2-0680 · Three-position fan-power header,Mainboard,white,1,62.421694728332724,5.300000000000004,4.800000000000004,4.199999999999999,Schematic internal layout
PS2-0681,TimingCan,PS2-0681 · Low-profile timing oscillator can study,Mainboard,metal,1,33.46407044966673,7.0,3.799999999999997,1.3000000000000007,Schematic internal layout
PS2-0682,FanHeaderPin2,PS2-0682 · Fan supply connector terminal study002,Mainboard,metal,1,1.6255857026734957,0.5600000000000023,0.5600000000000023,6.6,Schematic internal layout
PS2-0683,ShieldSupport0,PS2-0683 · Lower-shell shield support boss,Shielding,ps2black,1,7.916813487046276,4.3999999999999915,4.400000000000006,0.6000000000000001,Schematic internal layout
PS2-0684,ShieldScrew0,PS2-0684 · Cross-head fastener,Shielding,metal,1,7.072827690804697,4.0,4.0,2.830000000000001,Schematic internal layout
PS2-0685,ShieldSupport1,PS2-0685 · Lower-shell shield support boss001,Shielding,ps2black,1,7.9168134870462765,4.3999999999999915,4.400000000000006,0.6000000000000001,Schematic internal layout
PS2-0686,ShieldScrew1,PS2-0686 · Cross-head fastener001,Shielding,metal,1,7.072827690804696,4.0,4.0,2.830000000000001,Schematic internal layout
PS2-0687,ShieldSupport2,PS2-0687 · Lower-shell shield support boss002,Shielding,ps2black,1,7.9168134870462765,4.400000000000006,4.400000000000006,0.6000000000000001,Schematic internal layout
PS2-0688,ShieldScrew2,PS2-0688 · Cross-head fastener002,Shielding,metal,1,7.072827690804695,4.0,4.0,2.830000000000001,Schematic internal layout
PS2-0689,ShieldSupport3,PS2-0689 · Lower-shell shield support boss003,Shielding,ps2black,1,7.9168134870462765,4.400000000000006,4.400000000000006,0.6000000000000001,Schematic internal layout
PS2-0690,ShieldScrew3,PS2-0690 · Cross-head fastener003,Shielding,metal,1,7.072827690804695,4.0,4.0,2.830000000000001,Schematic internal layout
PS2-0691,MainboardScrew0,PS2-0691 · Cross-head fastener004,Frame,metal,1,13.931056304854355,5.0,5.0,6.53,Schematic internal layout
PS2-0692,MainboardScrew1,PS2-0692 · Cross-head fastener005,Frame,metal,1,13.93105630485434,5.0,5.0,6.53,Schematic internal layout
PS2-0693,MainboardScrew2,PS2-0693 · Cross-head fastener006,Frame,metal,1,13.931056304854344,5.0,5.0,6.53,Schematic internal layout
PS2-0694,MainboardScrew3,PS2-0694 · Cross-head fastener007,Frame,metal,1,11.755312469475566,4.099999999999994,4.099999999999994,6.53,Schematic internal layout
PS2-0695,MainboardScrew4,PS2-0695 · Cross-head fastener008,Frame,metal,1,11.755312469475566,4.099999999999994,4.099999999999994,6.53,Schematic internal layout
PS2-0696,MainboardScrew5,PS2-0696 · Cross-head fastener009,Frame,metal,1,11.755312469475564,4.099999999999994,4.1,6.53,Schematic internal layout
PS2-0697,MainboardScrew6,PS2-0697 · Cross-head fastener010,Frame,metal,1,11.755312469475571,4.099999999999994,4.099999999999998,6.53,Schematic internal layout
PS2-0698,MainboardScrew7,PS2-0698 · Cross-head fastener011,Frame,metal,1,11.755312469475568,4.1000000000000005,4.099999999999994,6.53,Schematic internal layout
PS2-0699,MainboardScrew8,PS2-0699 · Cross-head fastener012,Frame,metal,1,11.75531246947557,4.099999999999998,4.099999999999994,6.53,Schematic internal layout
PS2-0700,PCCageSpacer0,PS2-0700 · PC CARD cage mounting spacer,Frame,metal,1,30.01791780505046,4.299999999999997,4.300000000000001,2.799999999999999,Schematic internal layout
PS2-0701,PCCageScrew0,PS2-0701 · Cross-head fastener013,Frame,metal,1,11.59651248153331,4.299999999999997,4.300000000000001,6.03,Schematic internal layout
PS2-0702,PCCageScrew1,PS2-0702 · Cross-head fastener014,Frame,metal,1,11.596512481533301,4.300000000000011,4.300000000000001,6.03,Schematic internal layout
PS2-0703,PCCageSpacer2,PS2-0703 · PC CARD cage mounting spacer002,Frame,metal,1,30.01791780505045,4.299999999999997,4.300000000000011,2.799999999999999,Schematic internal layout
PS2-0704,PCCageScrew2,PS2-0704 · Cross-head fastener015,Frame,metal,1,11.596512481533306,4.299999999999997,4.300000000000011,6.03,Schematic internal layout
PS2-0705,PCCageSpacer3,PS2-0705 · PC CARD cage mounting spacer003,Frame,metal,1,30.01791780505046,4.300000000000011,4.300000000000011,2.799999999999999,Schematic internal layout
PS2-0706,PCCageScrew3,PS2-0706 · Cross-head fastener016,Frame,metal,1,11.596512481533296,4.300000000000011,4.300000000000011,6.03,Schematic internal layout
PS2-0707,EEThermal,PS2-0707 · Processor-to-spreader thermal interface,Cooling,thermalpink,1,2490.8208018966156,39.0,36.5,1.75,Schematic internal layout
PS2-0708,GSThermal,PS2-0708 · Processor-to-spreader thermal interface001,Cooling,thermalpink,1,2052.445801896616,34.5,34.0,1.75,Schematic internal layout
PS2-0709,RDRAMThermal0,PS2-0709 · Memory-to-spreader thermal interface,Cooling,thermalpink,1,453.158349420272,12.0,9.0,4.200000000000001,Schematic internal layout
PS2-0710,RDRAMThermal1,PS2-0710 · Memory-to-spreader thermal interface001,Cooling,thermalpink,1,453.158349420272,12.0,9.0,4.200000000000001,Schematic internal layout
PS2-0711,HeatPipe0,PS2-0711 · Curved original-family heat-pipe study,Cooling,metal,1,1282.135453831572,63.6500001,100.6500001,3.3000001999999995,Schematic internal layout
PS2-0712,HeatPipe1,PS2-0712 · Curved original-family heat-pipe study001,Cooling,metal,1,1115.6713522494358,58.06229883138593,94.59765758412038,3.3000001999999995,Schematic internal layout
PS2-0713,SinkBracket0,PS2-0713 · Heat-sink shield attachment tab,Cooling,metal,1,52.77907102240965,8.0,0.7000000000000028,9.899999999999999,Schematic internal layout
PS2-0714,SinkWasher0,PS2-0714 · Heat-sink attachment washer,Cooling,metal,1,3.9584067435231356,4.699999999999989,0.29999999999999716,4.700000000000003,Schematic internal layout
PS2-0715,SinkScrew0,PS2-0715 · Heat-sink shield fixing study,Cooling,metal,1,10.910041967805771,3.6999999999999886,2.700000000000003,3.700000000000003,Schematic internal layout
PS2-0716,SinkBracket1,PS2-0716 · Heat-sink shield attachment tab001,Cooling,metal,1,52.77907102240965,8.0,0.7000000000000028,9.899999999999999,Schematic internal layout
PS2-0717,SinkWasher1,PS2-0717 · Heat-sink attachment washer001,Cooling,metal,1,3.9584067435231303,4.700000000000003,0.29999999999999716,4.700000000000003,Schematic internal layout
PS2-0718,SinkScrew1,PS2-0718 · Heat-sink shield fixing study001,Cooling,metal,1,10.91004196780576,3.700000000000003,2.700000000000003,3.700000000000003,Schematic internal layout
PS2-0719,RearFanPCB,PS2-0719 · Fan motor support circuit board,Cooling,pcb,1,166.6300743464031,18.200000000000003,0.6500000000000057,18.200000000000003,Schematic internal layout
PS2-0720,RearFanFrame,PS2-0720 · Original-family rear axial fan casing001,Cooling,black,1,14639.547307821962,58.0,14.400000000000006,58.0,Schematic internal layout
PS2-0721,FanAxle,PS2-0721 · Fan rotor axle study,Cooling,metal,1,13.672211228422777,1.5999999999999943,6.799999999999997,1.5999999999999943,Schematic internal layout
PS2-0722,RearFanRotor,PS2-0722 · Seven-blade rear fan rotor study001,Cooling,black,1,3435.51450359471,51.93820083525485,8.0,52.55332633502486,Schematic internal layout
PS2-0723,FanMount0,PS2-0723 · Rear fan supporting mounting ear,Frame,ps2black,1,101.98261074831606,7.0,2.299999999999997,7.0,Schematic internal layout
PS2-0724,FanFixing0,PS2-0724 · Rear fan through-fixing study,Cooling,metal,1,51.48913279600989,4.400000000000006,17.0,4.399999999999999,Schematic internal layout
PS2-0725,FanMount1,PS2-0725 · Rear fan supporting mounting ear001,Frame,ps2black,1,101.98261074831608,7.0,2.299999999999997,7.0,Schematic internal layout
PS2-0726,FanFixing1,PS2-0726 · Rear fan through-fixing study001,Cooling,metal,1,51.489132796009876,4.399999999999999,17.0,4.400000000000006,Schematic internal layout
PS2-0727,PCCageSpacer1,PS2-0727 · PC CARD cage mounting spacer004,Frame,metal,1,27.378404316326293,4.300000000000011,3.800000000000005,2.799999999999999,Schematic internal layout
PS2-0728,PCCardCage,PS2-0728 · Type III PC CARD metal guide cage and mounting feet001,Ports,metal,1,6872.459959784598,63.0,83.0,13.999999999999996,Schematic internal layout
PS2-0729,PrimaryBulk0Seal,PS2-0729 · Radial capacitor lower seal001,Power,black,1,201.85719259407674,19.19999999999999,19.200000000000003,0.7000000000000028,Schematic internal layout
PS2-0730,PrimaryBulk0,PS2-0730 · Radial electrolytic capacitor study,Power,psublue,1,6283.185307179587,20.0,20.0,20.0,Schematic internal layout
PS2-0731,PrimaryBulk0Top,PS2-0731 · Scored capacitor top seal,Power,metal,1,42.259310547971694,19.0,19.0,0.14999999999999858,Schematic internal layout
PS2-0732,PrimaryBulk0Leg0,PS2-0732 · Capacitor board lead,Power,metal,1,0.6526972897098143,0.5600000000000023,0.5600000000000023,2.6499999999999986,Schematic internal layout
PS2-0733,PrimaryBulk0Leg1,PS2-0733 · Capacitor board lead001,Power,metal,1,0.6526972897098143,0.5600000000000023,0.5600000000000023,2.6499999999999986,Schematic internal layout
PS2-0734,PrimaryBulk1Seal,PS2-0734 · Radial capacitor lower seal003,Power,black,1,201.8571925940767,19.19999999999999,19.200000000000003,0.7000000000000028,Schematic internal layout
PS2-0735,PrimaryBulk1,PS2-0735 · Radial electrolytic capacitor study001,Power,psublue,1,6283.185307179587,20.0,20.0,20.0,Schematic internal layout
PS2-0736,PrimaryBulk1Top,PS2-0736 · Scored capacitor top seal001,Power,metal,1,42.259310547971694,19.0,19.0,0.14999999999999858,Schematic internal layout
PS2-0737,PrimaryBulk1Leg0,PS2-0737 · Capacitor board lead002,Power,metal,1,0.6526972897098143,0.5600000000000023,0.5600000000000023,2.6499999999999986,Schematic internal layout
PS2-0738,PrimaryBulk1Leg1,PS2-0738 · Capacitor board lead003,Power,metal,1,0.6526972897098143,0.5600000000000023,0.5600000000000023,2.6499999999999986,Schematic internal layout
PS2-0739,SecondaryFilter0Seal,PS2-0739 · Radial capacitor lower seal005,Power,black,1,39.84840104110449,8.600000000000001,8.599999999999998,0.7000000000000028,Schematic internal layout
PS2-0740,SecondaryFilter0,PS2-0740 · Radial electrolytic capacitor study002,Power,metal,1,1110.3645074847766,9.399999999999999,9.400000000000002,16.0,Schematic internal layout
PS2-0741,SecondaryFilter0Top,PS2-0741 · Scored capacitor top seal002,Power,metal,1,8.185754161398565,8.399999999999999,8.400000000000002,0.14999999999999858,Schematic internal layout
PS2-0742,SecondaryFilter0Leg0,PS2-0742 · Capacitor board lead004,Power,metal,1,0.6526972897098161,0.5600000000000023,0.5600000000000023,2.6499999999999986,Schematic internal layout
PS2-0743,SecondaryFilter0Leg1,PS2-0743 · Capacitor board lead005,Power,metal,1,0.6526972897098163,0.5600000000000023,0.5600000000000023,2.6499999999999986,Schematic internal layout
PS2-0744,SecondaryFilter1Seal,PS2-0744 · Radial capacitor lower seal007,Power,black,1,39.84840104110448,8.600000000000001,8.600000000000001,0.7000000000000028,Schematic internal layout
PS2-0745,SecondaryFilter1,PS2-0745 · Radial electrolytic capacitor study003,Power,metal,1,1110.3645074847764,9.399999999999999,9.399999999999999,16.0,Schematic internal layout
PS2-0746,SecondaryFilter1Top,PS2-0746 · Scored capacitor top seal003,Power,metal,1,8.185754161398565,8.399999999999999,8.399999999999999,0.14999999999999858,Schematic internal layout
PS2-0747,SecondaryFilter1Leg0,PS2-0747 · Capacitor board lead006,Power,metal,1,0.6526972897098157,0.5600000000000023,0.5599999999999987,2.6499999999999986,Schematic internal layout
PS2-0748,SecondaryFilter1Leg1,PS2-0748 · Capacitor board lead007,Power,metal,1,0.6526972897098157,0.5600000000000023,0.5599999999999987,2.6499999999999986,Schematic internal layout
PS2-0749,SecondaryFilter2Seal,PS2-0749 · Radial capacitor lower seal009,Power,black,1,39.84840104110448,8.600000000000001,8.600000000000001,0.7000000000000028,Schematic internal layout
PS2-0750,SecondaryFilter2,PS2-0750 · Radial electrolytic capacitor study004,Power,metal,1,1110.3645074847764,9.399999999999999,9.399999999999999,16.0,Schematic internal layout
PS2-0751,SecondaryFilter2Top,PS2-0751 · Scored capacitor top seal004,Power,metal,1,8.185754161398565,8.399999999999999,8.399999999999999,0.14999999999999858,Schematic internal layout
PS2-0752,SecondaryFilter2Leg0,PS2-0752 · Capacitor board lead008,Power,metal,1,0.6526972897098154,0.5600000000000023,0.5599999999999996,2.6499999999999986,Schematic internal layout
PS2-0753,SecondaryFilter2Leg1,PS2-0753 · Capacitor board lead009,Power,metal,1,0.6526972897098154,0.5600000000000023,0.5599999999999996,2.6499999999999986,Schematic internal layout
PS2-0754,SecondaryFilter3Seal,PS2-0754 · Radial capacitor lower seal011,Power,black,1,39.84840104110449,8.600000000000001,8.600000000000001,0.7000000000000028,Schematic internal layout
PS2-0755,SecondaryFilter3,PS2-0755 · Radial electrolytic capacitor study005,Power,metal,1,1110.3645074847766,9.399999999999999,9.399999999999999,16.0,Schematic internal layout
PS2-0756,SecondaryFilter3Top,PS2-0756 · Scored capacitor top seal005,Power,metal,1,8.185754161398565,8.399999999999999,8.399999999999999,0.14999999999999858,Schematic internal layout
PS2-0757,SecondaryFilter3Leg0,PS2-0757 · Capacitor board lead010,Power,metal,1,0.6526972897098161,0.5600000000000023,0.5600000000000023,2.6499999999999986,Schematic internal layout
PS2-0758,SecondaryFilter3Leg1,PS2-0758 · Capacitor board lead011,Power,metal,1,0.6526972897098163,0.5600000000000023,0.5600000000000023,2.6499999999999986,Schematic internal layout
PS2-0759,SecondaryFilter4Seal,PS2-0759 · Radial capacitor lower seal013,Power,black,1,39.84840104110449,8.600000000000001,8.599999999999994,0.7000000000000028,Schematic internal layout
PS2-0760,SecondaryFilter4,PS2-0760 · Radial electrolytic capacitor study006,Power,metal,1,1110.3645074847764,9.399999999999999,9.400000000000006,16.0,Schematic internal layout
PS2-0761,SecondaryFilter4Top,PS2-0761 · Scored capacitor top seal006,Power,metal,1,8.185754161398565,8.399999999999999,8.400000000000006,0.14999999999999858,Schematic internal layout
PS2-0762,SecondaryFilter4Leg0,PS2-0762 · Capacitor board lead012,Power,metal,1,0.6526972897098166,0.5600000000000023,0.5600000000000023,2.6499999999999986,Schematic internal layout
PS2-0763,SecondaryFilter4Leg1,PS2-0763 · Capacitor board lead013,Power,metal,1,0.6526972897098168,0.5600000000000023,0.5600000000000023,2.6499999999999986,Schematic internal layout
PS2-0764,LineChoke0Core,PS2-0764 · Input choke ferrite frame,Power,black,1,1587.7592894744628,13.0,17.0,12.0,Schematic internal layout
PS2-0765,LineChoke0Winding0,PS2-0765 · Input-filter copper winding study,Power,copper,12,63.79723658531739,5.800000000000011,11.79411254969542,8.649999999999999,Schematic internal layout
PS2-0766,LineChoke0Winding1,PS2-0766 · Input-filter copper winding study001,Power,copper,12,63.79723658531716,5.800000000000011,11.79411254969542,8.649999999999999,Schematic internal layout
PS2-0767,LineChoke0Leg0,PS2-0767 · Choke board terminal,Power,metal,1,1.0555751316061726,0.8000000000000114,0.7999999999999972,2.1000000000000014,Schematic internal layout
PS2-0768,LineChoke0Leg1,PS2-0768 · Choke board terminal001,Power,metal,1,1.0555751316061726,0.8000000000000114,0.7999999999999972,2.1000000000000014,Schematic internal layout
PS2-0769,LineChoke0Leg2,PS2-0769 · Choke board terminal002,Power,metal,1,1.0555751316061721,0.8000000000000114,0.8000000000000007,2.1000000000000014,Schematic internal layout
PS2-0770,LineChoke0Leg3,PS2-0770 · Choke board terminal003,Power,metal,1,1.0555751316061721,0.8000000000000114,0.8000000000000007,2.1000000000000014,Schematic internal layout
PS2-0771,LineChoke0Base,PS2-0771 · Input choke insulating carrier001,Power,black,1,314.26757549333854,14.0,19.0,1.2000000000000028,Schematic internal layout
PS2-0772,LineChoke1Core,PS2-0772 · Input choke ferrite frame001,Power,black,1,1587.7592894744625,13.0,17.0,12.0,Schematic internal layout
PS2-0773,LineChoke1Winding0,PS2-0773 · Input-filter copper winding study002,Power,copper,12,63.79723658534111,5.800000000000011,11.79411254969542,8.649999999999999,Schematic internal layout
PS2-0774,LineChoke1Winding1,PS2-0774 · Input-filter copper winding study003,Power,copper,12,63.79723658531719,5.800000000000011,11.79411254969542,8.649999999999999,Schematic internal layout
PS2-0775,LineChoke1Leg0,PS2-0775 · Choke board terminal004,Power,metal,1,1.0555751316061721,0.8000000000000114,0.7999999999999989,2.1000000000000014,Schematic internal layout
PS2-0776,LineChoke1Leg1,PS2-0776 · Choke board terminal005,Power,metal,1,1.0555751316061721,0.8000000000000114,0.7999999999999989,2.1000000000000014,Schematic internal layout
PS2-0777,LineChoke1Leg2,PS2-0777 · Choke board terminal006,Power,metal,1,1.0555751316061726,0.8000000000000114,0.7999999999999972,2.1000000000000014,Schematic internal layout
PS2-0778,LineChoke1Leg3,PS2-0778 · Choke board terminal007,Power,metal,1,1.0555751316061726,0.8000000000000114,0.7999999999999972,2.1000000000000014,Schematic internal layout
PS2-0779,LineChoke1Base,PS2-0779 · Input choke insulating carrier003,Power,black,1,314.26757549333854,14.0,19.0,1.2000000000000028,Schematic internal layout
PS2-0780,TransformerCore,PS2-0780 · Power transformer ferrite core,Power,black,1,7247.638934211687,24.0,27.0,20.0,Schematic internal layout
PS2-0781,TransformerWrap,PS2-0781 · Insulated transformer winding pack,Power,transformercream,1,4505.715388818649,14.0,18.0,18.0,Schematic internal layout
PS2-0782,TransformerMark,PS2-0782 · TRANSFORMER,Power,black,11,0.06822687425105535,10.666816375167791,1.0719465087248352,0.01800020000000302,Published body envelope; approximate local exterior detail
PS2-0783,TransformerPin0,PS2-0783 · Transformer pin study,Power,metal,1,1.5079644737231033,0.8000000000000114,0.7999999999999972,3.0,Schematic internal layout
PS2-0784,TransformerPin1,PS2-0784 · Transformer pin study001,Power,metal,1,1.5079644737230977,0.8000000000000114,0.7999999999999972,3.0,Schematic internal layout
PS2-0785,TransformerPin2,PS2-0785 · Transformer pin study002,Power,metal,1,1.5079644737231026,0.7999999999999972,0.7999999999999972,3.0,Schematic internal layout
PS2-0786,TransformerPin3,PS2-0786 · Transformer pin study003,Power,metal,1,1.5079644737231022,0.7999999999999972,0.7999999999999972,3.0,Schematic internal layout
PS2-0787,TransformerPin4,PS2-0787 · Transformer pin study004,Power,metal,1,1.5079644737231022,0.7999999999999972,0.7999999999999972,3.0,Schematic internal layout
PS2-0788,TransformerPin5,PS2-0788 · Transformer pin study005,Power,metal,1,1.5079644737231026,0.8000000000000114,0.8000000000000003,3.0,Schematic internal layout
PS2-0789,TransformerPin6,PS2-0789 · Transformer pin study006,Power,metal,1,1.5079644737230975,0.8000000000000043,0.8000000000000003,3.0,Schematic internal layout
PS2-0790,TransformerPin7,PS2-0790 · Transformer pin study007,Power,metal,1,1.507964473723102,0.7999999999999972,0.8000000000000003,3.0,Schematic internal layout
PS2-0791,TransformerPin8,PS2-0791 · Transformer pin study008,Power,metal,1,1.5079644737231017,0.7999999999999972,0.8000000000000003,3.0,Schematic internal layout
PS2-0792,TransformerPin9,PS2-0792 · Transformer pin study009,Power,metal,1,1.5079644737231017,0.7999999999999972,0.8000000000000003,3.0,Schematic internal layout
PS2-0793,TransformerBobbin,PS2-0793 · Switching transformer bobbin001,Power,black,1,1538.52115128812,26.0,30.0,2.0,Schematic internal layout
PS2-0794,PowerCouplingContact0,PS2-0794 · Four-way motherboard coupling socket,Power,metal,1,38.788750000000334,1.8999999999999986,1.9000000000000057,21.7,Schematic internal layout
PS2-0795,PowerCouplingContact1,PS2-0795 · Four-way motherboard coupling socket001,Power,metal,1,38.78875000000043,1.9000000000000004,1.9000000000000057,21.7,Schematic internal layout
PS2-0796,PowerCouplingContact2,PS2-0796 · Four-way motherboard coupling socket002,Power,metal,1,38.78875000000043,1.9000000000000004,1.9000000000000057,21.7,Schematic internal layout
PS2-0797,PowerCouplingContact3,PS2-0797 · Four-way motherboard coupling socket003,Power,metal,1,38.788750000000405,1.9,1.9000000000000057,21.7,Schematic internal layout
PS2-0798,PowerCouplingHousing,PS2-0798 · Motherboard power-coupling insulating housing,Power,white,1,4088.0191123253867,22.0,10.0,20.8,Schematic internal layout
PS2-0799,PSUSpacer0,PS2-0799 · Power-board insulating standoff,Frame,ps2black,1,28.863382504856208,5.0,5.0,1.75,Schematic internal layout
PS2-0800,PSUScrew0,PS2-0800 · Cross-head fastener017,Power,metal,1,11.959919305515816,4.800000000000011,4.799999999999997,5.329999999999998,Schematic internal layout
PS2-0801,PSUSpacer1,PS2-0801 · Power-board insulating standoff001,Frame,ps2black,1,28.863382504856208,5.0,5.0,1.75,Schematic internal layout
PS2-0802,PSUScrew1,PS2-0802 · Cross-head fastener018,Power,metal,1,11.959919305515813,4.800000000000011,4.799999999999997,5.329999999999998,Schematic internal layout
PS2-0803,PSUSpacer2,PS2-0803 · Power-board insulating standoff002,Frame,ps2black,1,28.863382504856226,5.0,5.0,1.75,Schematic internal layout
PS2-0804,PSUScrew2,PS2-0804 · Cross-head fastener019,Power,metal,1,11.959919305515816,4.799999999999997,4.799999999999997,5.329999999999998,Schematic internal layout
PS2-0805,PSUSpacer3,PS2-0805 · Power-board insulating standoff003,Frame,ps2black,1,28.863382504856226,5.0,5.0,1.75,Schematic internal layout
PS2-0806,PSUScrew3,PS2-0806 · Cross-head fastener020,Power,metal,1,11.959919305515811,4.799999999999997,4.799999999999997,5.329999999999998,Schematic internal layout
PS2-0807,PowerControl0,PS2-0807 · Power-control package study,Power,black,1,39.122721180116535,5.199999999999996,4.200000000000003,1.7999999999999972,Schematic internal layout
PS2-0808,PowerControl0Pins,PS2-0808 · Power-control package leads,Power,metal,8,3.2711000000000165,3.500000000000007,6.550000000000004,2.8100000000000023,Schematic internal layout
PS2-0809,PowerControl1,PS2-0809 · Power-control package study001,Power,black,1,39.12272118011656,5.200000000000003,4.200000000000003,1.7999999999999972,Schematic internal layout
PS2-0810,PowerControl1Pins,PS2-0810 · Power-control package leads001,Power,metal,8,3.2711000000000143,3.500000000000007,6.550000000000004,2.8100000000000023,Schematic internal layout
PS2-0811,PowerSmallCap0Seal,PS2-0811 · Radial capacitor lower seal015,Power,black,1,8.884863847323453,4.199999999999989,4.199999999999999,0.7000000000000028,Schematic internal layout
PS2-0812,PowerSmallCap0,PS2-0812 · Radial electrolytic capacitor study007,Power,metal,1,117.8097245096172,5.0,5.0,6.0,Schematic internal layout
PS2-0813,PowerSmallCap0Top,PS2-0813 · Scored capacitor top seal007,Power,metal,1,1.817455592153868,4.0,4.0,0.14999999999999858,Schematic internal layout
PS2-0814,PowerSmallCap0Leg0,PS2-0814 · Capacitor board lead014,Power,metal,1,0.6526972897098138,0.5600000000000023,0.5599999999999987,2.6499999999999986,Schematic internal layout
PS2-0815,PowerSmallCap0Leg1,PS2-0815 · Capacitor board lead015,Power,metal,1,0.6526972897098138,0.5600000000000023,0.5599999999999987,2.6499999999999986,Schematic internal layout
PS2-0816,PowerSmallCap1Seal,PS2-0816 · Radial capacitor lower seal017,Power,black,1,8.88486384732345,4.200000000000003,4.199999999999999,0.7000000000000028,Schematic internal layout
PS2-0817,PowerSmallCap1,PS2-0817 · Radial electrolytic capacitor study008,Power,metal,1,117.80972450961725,5.0,5.0,6.0,Schematic internal layout
PS2-0818,PowerSmallCap1Top,PS2-0818 · Scored capacitor top seal008,Power,metal,1,1.8174555921538684,4.0,4.0,0.14999999999999858,Schematic internal layout
PS2-0819,PowerSmallCap1Leg0,PS2-0819 · Capacitor board lead016,Power,metal,1,0.6526972897098148,0.5600000000000023,0.5599999999999987,2.6499999999999986,Schematic internal layout
PS2-0820,PowerSmallCap1Leg1,PS2-0820 · Capacitor board lead017,Power,metal,1,0.6526972897098148,0.5600000000000023,0.5599999999999987,2.6499999999999986,Schematic internal layout
PS2-0821,PowerSmallCap2Seal,PS2-0821 · Radial capacitor lower seal019,Power,black,1,8.884863847323452,4.199999999999989,4.200000000000003,0.7000000000000028,Schematic internal layout
PS2-0822,PowerSmallCap2,PS2-0822 · Radial electrolytic capacitor study009,Power,metal,1,117.8097245096172,5.0,5.0,6.0,Schematic internal layout
PS2-0823,PowerSmallCap2Top,PS2-0823 · Scored capacitor top seal009,Power,metal,1,1.8174555921538684,4.0,4.0,0.14999999999999858,Schematic internal layout
PS2-0824,PowerSmallCap2Leg0,PS2-0824 · Capacitor board lead018,Power,metal,1,0.6526972897098148,0.5600000000000023,0.5600000000000023,2.6499999999999986,Schematic internal layout
PS2-0825,PowerSmallCap2Leg1,PS2-0825 · Capacitor board lead019,Power,metal,1,0.6526972897098148,0.5600000000000023,0.5600000000000023,2.6499999999999986,Schematic internal layout
PS2-0826,PowerFuseGlass,PS2-0826 · Input fuse glass barrel,Power,fuseglass,1,48.518756942040895,15.599999999999994,3.5999999999999943,3.5999999999999943,Schematic internal layout
PS2-0827,PowerFuseWire,PS2-0827 · Fuse element study,Power,metal,1,0.24322210324092342,15.799999999999997,0.14000000000000057,0.14000000000000057,Schematic internal layout
PS2-0828,PowerFuseCap0,PS2-0828 · Fuse metal end cap,Power,metal,1,21.504201713822134,2.0,3.700000000000003,3.700000000000003,Schematic internal layout
PS2-0829,PowerFuseClip0,PS2-0829 · Fuse cradle and through-board terminal,Power,metal,1,2.0602268384833105,0.6500000000000057,4.495553358597803,6.100000000000001,Schematic internal layout
PS2-0830,PowerFuseCap1,PS2-0830 · Fuse metal end cap001,Power,metal,1,21.504201713822134,2.0,3.700000000000003,3.700000000000003,Schematic internal layout
PS2-0831,PowerFuseClip1,PS2-0831 · Fuse cradle and through-board terminal001,Power,metal,1,2.0602268384833105,0.6500000000000057,4.495553358597803,6.100000000000001,Schematic internal layout
PS2-0832,PowerInputPin0,PS2-0832 · Power input board pin,Power,metal,1,3.769911184307752,0.8000000000000114,0.7999999999999972,7.5,Schematic internal layout
PS2-0833,PowerInputPin1,PS2-0833 · Power input board pin001,Power,metal,1,3.769911184307752,0.8000000000000114,0.7999999999999972,7.5,Schematic internal layout
PS2-0834,PowerInputSocket,PS2-0834 · Two-position AC input connector,Power,white,1,220.38497756999428,10.0,7.0,5.5,Schematic internal layout
PS2-0835,PowerSwitchDevice0,PS2-0835 · Heat-sink mounted power-device package,Power,black,1,159.57079632679495,2.0,8.000000000000005,10.0,Schematic internal layout
PS2-0836,PowerDeviceLead0_0,PS2-0836 · Power device board terminal,Power,metal,1,0.5467500000000042,0.45000000000000284,0.4500000000000002,2.700000000000003,Schematic internal layout
PS2-0837,PowerDeviceLead0_1,PS2-0837 · Power device board terminal001,Power,metal,1,0.5467500000000031,0.45000000000000284,0.4499999999999993,2.700000000000003,Schematic internal layout
PS2-0838,PowerDeviceLead0_2,PS2-0838 · Power device board terminal002,Power,metal,1,0.546750000000003,0.45000000000000284,0.4499999999999993,2.700000000000003,Schematic internal layout
PS2-0839,PSUHeatSink0,PS2-0839 · Power transistor vertical heat-sink plate002,Power,metal,1,2764.4043032668087,7.0,91.0,26.200000000000003,Schematic internal layout
PS2-0840,PowerSwitchDevice1,PS2-0840 · Heat-sink mounted power-device package001,Power,black,1,159.57079632679498,2.0,8.000000000000005,10.0,Schematic internal layout
PS2-0841,PowerDeviceLead1_0,PS2-0841 · Power device board terminal003,Power,metal,1,0.5467500000000042,0.45000000000000284,0.4500000000000002,2.700000000000003,Schematic internal layout
PS2-0842,PowerDeviceLead1_1,PS2-0842 · Power device board terminal004,Power,metal,1,0.5467500000000031,0.45000000000000284,0.4499999999999993,2.700000000000003,Schematic internal layout
PS2-0843,PowerDeviceLead1_2,PS2-0843 · Power device board terminal005,Power,metal,1,0.5467500000000031,0.45000000000000284,0.4499999999999993,2.700000000000003,Schematic internal layout
PS2-0844,PowerSwitchDevice2,PS2-0844 · Heat-sink mounted power-device package002,Power,black,1,159.57079632679495,2.0,8.000000000000004,10.0,Schematic internal layout
PS2-0845,PowerDeviceLead2_0,PS2-0845 · Power device board terminal006,Power,metal,1,0.546750000000003,0.45000000000000284,0.4499999999999993,2.700000000000003,Schematic internal layout
PS2-0846,PowerDeviceLead2_1,PS2-0846 · Power device board terminal007,Power,metal,1,0.5467500000000077,0.45000000000000284,0.45000000000000284,2.700000000000003,Schematic internal layout
PS2-0847,PowerDeviceLead2_2,PS2-0847 · Power device board terminal008,Power,metal,1,0.5467500000000077,0.45000000000000284,0.45000000000000284,2.700000000000003,Schematic internal layout
PS2-0848,PSUHeatSink1,PS2-0848 · Power transistor vertical heat-sink plate004,Power,metal,1,2762.4086065336155,7.0,91.0,26.200000000000003,Schematic internal layout
PS2-0849,PowerResistor0,PS2-0849 · Axial resistor body study,Power,transformercream,1,15.707963267948953,5.0,2.0,2.0,Schematic internal layout
PS2-0850,PowerResistorLead0_0,PS2-0850 · Formed resistor lead,Power,metal,1,0.7401687025873218,1.6000000000000085,0.3999999999999999,4.800000000000004,Schematic internal layout
PS2-0851,PowerResistorLead0_1,PS2-0851 · Formed resistor lead001,Power,metal,1,0.7401687024131974,1.6000000000000085,0.3999999999999999,4.800000000000004,Schematic internal layout
PS2-0852,PowerResistor1,PS2-0852 · Axial resistor body study001,Power,transformercream,1,15.707963267948948,5.0,2.0,2.0,Schematic internal layout
PS2-0853,PowerResistorLead1_0,PS2-0853 · Formed resistor lead002,Power,metal,1,0.740168702587703,1.6000000000000085,0.4000000000000057,4.800000000000004,Schematic internal layout
PS2-0854,PowerResistorLead1_1,PS2-0854 · Formed resistor lead003,Power,metal,1,0.7401687024136525,1.6000000000000085,0.4000000000000057,4.800000000000004,Schematic internal layout
PS2-0855,PowerResistor2,PS2-0855 · Axial resistor body study002,Power,transformercream,1,15.707963267948948,5.0,2.0,2.0,Schematic internal layout
PS2-0856,PowerResistorLead2_0,PS2-0856 · Formed resistor lead004,Power,metal,1,0.7401687025873207,1.6000000000000014,0.4000000000000057,4.800000000000004,Schematic internal layout
PS2-0857,PowerResistorLead2_1,PS2-0857 · Formed resistor lead005,Power,metal,1,0.740168702413575,1.6000000000000014,0.4000000000000057,4.800000000000004,Schematic internal layout
PS2-0858,PowerResistor3,PS2-0858 · Axial resistor body study003,Power,transformercream,1,15.707963267948948,5.0,2.0,2.0,Schematic internal layout
PS2-0859,PowerResistorLead3_0,PS2-0859 · Formed resistor lead006,Power,metal,1,0.7401687025877016,1.6000000000000014,0.4000000000000057,4.800000000000004,Schematic internal layout
PS2-0860,PowerResistorLead3_1,PS2-0860 · Formed resistor lead007,Power,metal,1,0.7401687024131216,1.6000000000000014,0.4000000000000057,4.800000000000004,Schematic internal layout
PS2-0861,PowerPCB,PS2-0861 · Native original-family internal power-supply board003,Power,psutan,1,17915.131369878145,129.0,110.0,1.6000000000000014,Published body envelope; approximate local exterior detail
PS2-0862,PowerBoardMark,PS2-0862 · SCPH-10000 / PSU STUDY,Power,white,19,0.17917763368494674,24.60201352281878,1.6107383550335612,0.01800020000000302,Published body envelope; approximate local exterior detail
PS2-0863,FinBase,PS2-0863 · Native front heat-sink collector004,Cooling,metal,1,11371.951297856036,111.0,21.00000000000005,17.55,Published body envelope; approximate local exterior detail
PS2-0864,HeatSpreader,PS2-0864 · Native processor heat-spreader plate004,Cooling,metal,1,8718.64364215085,96.0000000000015,143.0000000000001,0.6500000000000004,Published body envelope; approximate local exterior detail
PS2-0865,TrayGuideRail0,PS2-0865 · Longitudinal tray support rail,Optical,ps2black,1,805.5600000000005,2.8,137.0,2.1000000000000014,Schematic internal layout
PS2-0866,TrayGuideShoe0,PS2-0866 · Tray sliding guide shoe,Optical,white,1,62.752778684233824,3.5000000000000004,10.0,1.7999999999999972,Schematic internal layout
PS2-0867,TrayGuideRail1,PS2-0867 · Longitudinal tray support rail001,Optical,ps2black,1,805.5599999999997,2.799999999999997,137.0,2.1000000000000014,Schematic internal layout
PS2-0868,TrayGuideShoe1,PS2-0868 · Tray sliding guide shoe001,Optical,white,1,62.752778684233824,3.5,10.0,1.7999999999999972,Schematic internal layout
PS2-0869,DriveIsolator0,PS2-0869 · Optical deck elastomer isolator,Optical,rubber,1,160.09556162693585,8.0,8.0,3.5,Schematic internal layout
PS2-0870,DriveMountSleeve0,PS2-0870 · Optical deck mounting sleeve,Optical,metal,1,7.619932981282036,2.0,2.0,4.200000000000003,Schematic internal layout
PS2-0871,DriveIsolator1,PS2-0871 · Optical deck elastomer isolator001,Optical,rubber,1,160.09556162693593,8.0,8.0,3.5,Schematic internal layout
PS2-0872,DriveMountSleeve1,PS2-0872 · Optical deck mounting sleeve001,Optical,metal,1,7.6199329812820515,2.0,2.0,4.200000000000003,Schematic internal layout
PS2-0873,DriveIsolator2,PS2-0873 · Optical deck elastomer isolator002,Optical,rubber,1,160.09556162693585,8.0,8.0,3.5,Schematic internal layout
PS2-0874,DriveMountSleeve2,PS2-0874 · Optical deck mounting sleeve002,Optical,metal,1,7.619932981282036,2.0,2.0,4.200000000000003,Schematic internal layout
PS2-0875,DriveIsolator3,PS2-0875 · Optical deck elastomer isolator003,Optical,rubber,1,160.09556162693588,8.0,8.0,3.5,Schematic internal layout
PS2-0876,DriveMountSleeve3,PS2-0876 · Optical deck mounting sleeve003,Optical,metal,1,7.6199329812820515,2.0,2.0,4.200000000000003,Schematic internal layout
PS2-0877,OpticalDeck,PS2-0877 · Native stamped pickup and spindle deck001,Optical,metal,1,6732.543964909911,91.0,108.0,1.2000000000000028,Published body envelope; approximate local exterior detail
PS2-0878,DeckScrew0,PS2-0878 · Cross-head fastener021,Optical,metal,1,11.998851159190497,5.0,5.0,4.93,Schematic internal layout
PS2-0879,DeckScrew1,PS2-0879 · Cross-head fastener022,Optical,metal,1,11.998851159190494,5.0,5.0,4.93,Schematic internal layout
PS2-0880,DeckScrew2,PS2-0880 · Cross-head fastener023,Optical,metal,1,11.998851159190497,5.0,5.0,4.93,Schematic internal layout
PS2-0881,DeckScrew3,PS2-0881 · Cross-head fastener024,Optical,metal,1,11.99885115919049,5.0,5.0,4.93,Schematic internal layout
PS2-0882,SpindlePCB,PS2-0882 · Original-family spindle motor circuit board,Optical,pcb,1,503.13705904669257,32.0,32.0,0.6499999999999986,Schematic internal layout
PS2-0883,SpindleMotor,PS2-0883 · Optical disc spindle motor can,Optical,metal,1,2859.1571908467636,25.60000000000001,25.6,5.600000000000001,Schematic internal layout
PS2-0884,SpindleShaft,PS2-0884 · Spindle motor shaft,Optical,metal,1,22.244046783742526,1.7000000000000028,1.7000000000000028,9.800000000000004,Schematic internal layout
PS2-0885,DiscTurntable,PS2-0885 · Disc support turntable and centring cone,Optical,black,1,3259.6265692037255,26.0,26.0,7.100000000000001,Schematic internal layout
PS2-0886,DiscGripRing,PS2-0886 · Disc support elastomer ring,Optical,rubber,1,137.22476710880215,25.0,25.0,0.5,Schematic internal layout
PS2-0887,PickupGuide0,PS2-0887 · Polished optical pickup guide rod,Optical,metal,1,523.0751768227004,3.0,74.0,3.0,Schematic internal layout
PS2-0888,GuideBracket0_0,PS2-0888 · Guide rod end bearing support,Optical,black,1,348.39506364936653,8.0,8.000000200000002,7.000000200000002,Schematic internal layout
PS2-0889,GuideBracket0_1,PS2-0889 · Guide rod end bearing support001,Optical,black,1,348.39506364943117,8.0,8.000000199999995,7.000000200000002,Schematic internal layout
PS2-0890,PickupGuide1,PS2-0890 · Polished optical pickup guide rod001,Optical,metal,1,523.0751768227007,3.0,74.0,3.0,Schematic internal layout
PS2-0891,GuideBracket1_0,PS2-0891 · Guide rod end bearing support002,Optical,black,1,348.3950636482613,8.0,8.000000200000002,7.000000200000002,Schematic internal layout
PS2-0892,GuideBracket1_1,PS2-0892 · Guide rod end bearing support003,Optical,black,1,348.3950636482595,8.0,8.000000199999995,7.000000200000002,Schematic internal layout
PS2-0893,PickupPCB,PS2-0893 · Optical pickup local circuit board,Optical,pcb,1,276.96865922014206,24.0,21.0,0.5499999999999972,Schematic internal layout
PS2-0894,OpticalBlock,PS2-0894 · Pickup optical block and objective aperture,Optical,black,1,706.518597035536,15.800000000000004,13.799999999999999,4.0,Schematic internal layout
PS2-0895,ObjectiveLens,PS2-0895 · Convex objective lens study,Optical,blue,1,26.274620272497348,6.60000000000008,6.600000000000001,1.2000000000000028,Schematic internal layout
PS2-0896,ObjectiveHolder,PS2-0896 · Objective lens suspension ring,Optical,black,1,25.234842989960036,8.400000000000006,8.399999999999999,1.3999999999999986,Schematic internal layout
PS2-0897,FocusMagnet0,PS2-0897 · Focus actuator magnet,Optical,black,1,33.53132741228715,2.1000000000000085,8.0,2.0,Schematic internal layout
PS2-0898,FocusSuspension0_0,PS2-0898 · Objective suspension wire,Optical,metal,1,0.106814150222053,3.3999999999999986,0.1999999999999993,0.20000000000000284,Schematic internal layout
PS2-0899,FocusSuspension0_1,PS2-0899 · Objective suspension wire001,Optical,metal,1,0.10681415022205314,3.3999999999999986,0.20000000000000284,0.20000000000000284,Schematic internal layout
PS2-0900,FocusMagnet1,PS2-0900 · Focus actuator magnet001,Optical,black,1,33.531327412287155,2.0999999999999943,8.0,2.0,Schematic internal layout
PS2-0901,FocusSuspension1_0,PS2-0901 · Objective suspension wire002,Optical,metal,1,0.10681415022205308,3.4000000000000057,0.1999999999999993,0.20000000000000284,Schematic internal layout
PS2-0902,FocusSuspension1_1,PS2-0902 · Objective suspension wire003,Optical,metal,1,0.10681415022205322,3.4000000000000057,0.20000000000000284,0.20000000000000284,Schematic internal layout
PS2-0903,PickupLaserCan,PS2-0903 · Enclosed laser diode package study,Optical,metal,1,88.35729338221294,5.0,4.5,5.0,Schematic internal layout
PS2-0904,PickupMark,PS2-0904 · KHS-400A STUDY,Optical,black,13,0.06789812247882368,12.077944630872487,1.0719465087248317,0.01800020000000302,Published body envelope; approximate local exterior detail
PS2-0905,FeedMotor,PS2-0905 · Pickup feed motor can,Optical,metal,1,763.4070148223195,9.0,12.0,9.0,Schematic internal layout
PS2-0906,FeedShaft,PS2-0906 · Pickup feed screw core,Optical,metal,1,92.2489412818472,1.3000000000000114,69.5,1.2999999999999972,Schematic internal layout
PS2-0907,FeedThread,PS2-0907 · Helical pickup feed screw thread,Optical,metal,1,9.851485707744885,2.0000217038675743,51.27919245622567,2.000021201542843,Schematic internal layout
PS2-0908,FeedFollower,PS2-0908 · Carriage feed-screw follower arm,Optical,white,1,173.5746267692046,9.000000099999994,6.000000200000002,3.5000002000000023,Schematic internal layout
PS2-0909,PickupCarriage,PS2-0909 · KHS-400A-family pickup carriage study001,Optical,metal,1,3555.0033291405625,63.199999999999996,24.0,6.300000000000004,Schematic internal layout
PS2-0910,LoadMotor,PS2-0910 · Tray loading motor can,Optical,metal,1,677.90542916222,10.799999999999999,10.800000000000004,7.399999999999999,Schematic internal layout
PS2-0911,LoadMotorAxle,PS2-0911 · Tray loading motor shaft,Optical,metal,1,5.972953032637587,1.2999999999999972,1.3000000000000114,4.5,Schematic internal layout
PS2-0912,LoadPulley0,PS2-0912 · Grooved tray-loading belt pulley,Optical,white,1,30.15379168731824,6.799999999999997,6.800000000000004,1.3999999999999986,Schematic internal layout
PS2-0913,LoadPulley1,PS2-0913 · Grooved tray-loading belt pulley001,Optical,white,1,30.153791687318257,6.800000000000011,6.800000000000004,1.3999999999999986,Schematic internal layout
PS2-0914,LoadBelt,PS2-0914 · Tray motor rubber drive belt,Optical,rubber,1,73.0278931800153,88.40000000000002,6.400000000000006,0.7999999999999972,Schematic internal layout
PS2-0915,LoadGear0,PS2-0915 · Tray loading reduction gear study,Optical,white,1,217.46624062877805,14.168120392621233,14.189910511496372,2.6000000000000014,Schematic internal layout
PS2-0916,LoadGearAxle0,PS2-0916 · Loading gear pivot pin,Optical,metal,1,24.386612973490767,1.5,1.5,13.799999999999997,Schematic internal layout
PS2-0917,LoadGear1,PS2-0917 · Tray loading reduction gear study001,Optical,white,1,217.46624062877768,14.189910511496379,14.168120392621226,2.6000000000000156,Schematic internal layout
PS2-0918,LoadGearAxle1,PS2-0918 · Loading gear pivot pin001,Optical,metal,1,24.38661297349077,1.5,1.5,13.799999999999997,Schematic internal layout
PS2-0919,TrayPinion,PS2-0919 · Tray rack drive pinion,Optical,white,1,35.91604436656046,6.927934886037434,6.977171334616109,1.3000000000000185,Schematic internal layout
PS2-0920,DiscTray,PS2-0920 · Native optical-disc loading tray005,Optical,ps2black,1,27625.105422814067,128.0,146.20000000000002,7.100000000000001,Published body envelope; approximate local exterior detail
PS2-0921,TrayEndLever,PS2-0921 · Tray position-sensing spring lever,Optical,metal,1,1.2599999999999871,0.34999999999999964,12.0,0.29999999999999716,Schematic internal layout
PS2-0922,TrayEndPin0,PS2-0922 · Tray limit-switch solder terminal,Optical,metal,1,0.3323805027497998,0.46000000000000085,0.45999999999999375,2.0,Schematic internal layout
PS2-0923,TrayEndPin1,PS2-0923 · Tray limit-switch solder terminal001,Optical,metal,1,0.3323805027497998,0.46000000000000085,0.45999999999999375,2.0,Schematic internal layout
PS2-0924,TrayEndPin2,PS2-0924 · Tray limit-switch solder terminal002,Optical,metal,1,0.3323805027497998,0.46000000000000085,0.45999999999999375,2.0,Schematic internal layout
PS2-0925,DriveRFPCB,PS2-0925 · Native GM-038-family optical RF board001,Optical,pcb,1,1568.1962486839368,52.0,38.0,0.7999999999999972,Published body envelope; approximate local exterior detail
PS2-0926,DriveRFAmp,PS2-0926 · CXA2605R package,Optical,black,1,145.55277868423377,9.0,9.000000000000004,1.7999999999999972,Schematic internal layout
PS2-0927,DriveRFAmpLeads,PS2-0927 · 48 formed package leads003,Optical,metal,48,7.25625600000005,12.800000000000011,12.8,1.480000000000004,Schematic internal layout
PS2-0928,DriveRFAmpPads,PS2-0928 · 48 package landing pads003,Optical,gold,48,0.29952000000001144,12.759999999999998,12.760000000000005,0.020000000000003126,Schematic internal layout
PS2-0929,DriveRFAmpMark,PS2-0929 · CXA2605R,Optical,white,8,0.04492504319068125,7.40000003068986,1.0724492250749371,0.01800020000001723,Published body envelope; approximate local exterior detail
PS2-0930,DriveRFAmpPinOne,PS2-0930 · Package pin-one mark018,Optical,psdark,1,0.008312654161398694,0.8400000000000034,0.8400000000000034,0.015000000000000568,Schematic internal layout
PS2-0931,DriveRFThermal,PS2-0931 · RF amplifier thermal pad,Optical,thermalpink,1,63.922743338823075,8.0,8.0,1.0,Schematic internal layout
PS2-0932,RFMainFlexLatch,PS2-0932 · Separate flat-circuit connector lock005,Optical,black,1,6.744437520395275,15.0,1.0,0.45000000000000284,Schematic internal layout
PS2-0933,RFMainFlex,PS2-0933 · Flat-circuit connector housing study011,Optical,white,1,168.6153780640314,17.0,4.799999999999997,2.3999999999999986,Schematic internal layout
PS2-0934,RFMainFlexContacts,PS2-0934 · Flat-circuit connector contact comb005,Optical,gold,24,1.235519999999977,13.419999999999995,2.6000000000000014,0.09000000000000341,Schematic internal layout
PS2-0935,RFMainFlexPads,PS2-0935 · Flat-circuit connector board lands005,Optical,gold,24,0.12599999999999914,13.479999999999997,0.75,0.02499999999999858,Schematic internal layout
PS2-0936,RFPickupFlexLatch,PS2-0936 · Separate flat-circuit connector lock006,Optical,black,1,4.944437520395272,11.0,1.0,0.45000000000000284,Schematic internal layout
PS2-0937,RFPickupFlex,PS2-0937 · Flat-circuit connector housing study013,Optical,white,1,129.96705806403133,13.0,4.8000000000000025,2.3999999999999986,Schematic internal layout
PS2-0938,RFPickupFlexContacts,PS2-0938 · Flat-circuit connector contact comb006,Optical,gold,16,0.8236799999999846,9.419999999999995,2.6000000000000014,0.09000000000000341,Schematic internal layout
PS2-0939,RFPickupFlexPads,PS2-0939 · Flat-circuit connector board lands006,Optical,gold,16,0.08399999999999953,9.479999999999997,0.75,0.02499999999999858,Schematic internal layout
PS2-0940,RFPassive0,PS2-0940 · Ceramic decoupling capacitor057,Optical,ceramic,1,1.0047037157897876,1.4000000000000057,1.2000000000000028,0.6000000000000014,Schematic internal layout
PS2-0941,RFPassive0Ends,PS2-0941 · Surface-mount metal end caps087,Optical,metal,2,0.5016000000000049,2.1999999999999957,1.1999999999999993,0.5500000000000043,Schematic internal layout
PS2-0942,RFPassive1,PS2-0942 · Chip resistor030,Optical,black,1,1.0047037157897873,1.4000000000000057,1.2000000000000028,0.6000000000000014,Schematic internal layout
PS2-0943,RFPassive1Ends,PS2-0943 · Surface-mount metal end caps088,Optical,metal,2,0.5016000000000049,2.1999999999999957,1.1999999999999993,0.5500000000000043,Schematic internal layout
PS2-0944,RFPassive2,PS2-0944 · Ceramic decoupling capacitor058,Optical,ceramic,1,1.0047037157897876,1.4000000000000057,1.2000000000000028,0.6000000000000014,Schematic internal layout
PS2-0945,RFPassive2Ends,PS2-0945 · Surface-mount metal end caps089,Optical,metal,2,0.5016000000000066,2.1999999999999957,1.2000000000000028,0.5500000000000043,Schematic internal layout
PS2-0946,RFPassive3,PS2-0946 · Chip resistor031,Optical,black,1,1.0047037157897876,1.4000000000000057,1.2000000000000028,0.6000000000000014,Schematic internal layout
PS2-0947,RFPassive3Ends,PS2-0947 · Surface-mount metal end caps090,Optical,metal,2,0.5016000000000066,2.1999999999999957,1.2000000000000028,0.5500000000000043,Schematic internal layout
PS2-0948,RFPassive4,PS2-0948 · Ceramic decoupling capacitor059,Optical,ceramic,1,1.0047037157897871,1.4000000000000057,1.2000000000000028,0.6000000000000014,Schematic internal layout
PS2-0949,RFPassive4Ends,PS2-0949 · Surface-mount metal end caps091,Optical,metal,2,0.5015999999999953,2.1999999999999886,1.1999999999999993,0.5500000000000043,Schematic internal layout
PS2-0950,RFPassive5,PS2-0950 · Chip resistor032,Optical,black,1,1.0047037157897871,1.4000000000000057,1.2000000000000028,0.6000000000000014,Schematic internal layout
PS2-0951,RFPassive5Ends,PS2-0951 · Surface-mount metal end caps092,Optical,metal,2,0.5015999999999952,2.1999999999999886,1.1999999999999993,0.5500000000000043,Schematic internal layout
PS2-0952,RFPassive6,PS2-0952 · Ceramic decoupling capacitor060,Optical,ceramic,1,1.0047037157897873,1.4000000000000057,1.2000000000000028,0.6000000000000014,Schematic internal layout
PS2-0953,RFPassive6Ends,PS2-0953 · Surface-mount metal end caps093,Optical,metal,2,0.5015999999999969,2.1999999999999886,1.2000000000000028,0.5500000000000043,Schematic internal layout
PS2-0954,RFPassive7,PS2-0954 · Chip resistor033,Optical,black,1,1.0047037157897873,1.4000000000000057,1.2000000000000028,0.6000000000000014,Schematic internal layout
PS2-0955,RFPassive7Ends,PS2-0955 · Surface-mount metal end caps094,Optical,metal,2,0.5015999999999969,2.1999999999999886,1.2000000000000028,0.5500000000000043,Schematic internal layout
PS2-0956,RFBoardPillar0,PS2-0956 · RF board mounting standoff,Optical,ps2black,1,16.794954326091023,3.799999999999997,3.799999999999999,1.7999999999999972,Schematic internal layout
PS2-0957,RFBoardScrew0,PS2-0957 · Cross-head fastener025,Optical,metal,1,6.391526866553815,3.5999999999999943,3.6000000000000014,2.9299999999999997,Schematic internal layout
PS2-0958,RFBoardPillar1,PS2-0958 · RF board mounting standoff001,Optical,ps2black,1,16.79495432609102,3.8000000000000114,3.799999999999999,1.7999999999999972,Schematic internal layout
PS2-0959,RFBoardScrew1,PS2-0959 · Cross-head fastener026,Optical,metal,1,6.391526866553814,3.5999999999999943,3.6000000000000014,2.9299999999999997,Schematic internal layout
PS2-0960,RFBoardPillar2,PS2-0960 · RF board mounting standoff002,Optical,ps2black,1,16.794954326091023,3.799999999999997,3.799999999999997,1.7999999999999972,Schematic internal layout
PS2-0961,RFBoardScrew2,PS2-0961 · Cross-head fastener027,Optical,metal,1,6.391526866553813,3.5999999999999943,3.5999999999999943,2.9299999999999997,Schematic internal layout
PS2-0962,RFBoardPillar3,PS2-0962 · RF board mounting standoff003,Optical,ps2black,1,16.79495432609102,3.8000000000000114,3.799999999999997,1.7999999999999972,Schematic internal layout
PS2-0963,RFBoardScrew3,PS2-0963 · Cross-head fastener028,Optical,metal,1,6.391526866553813,3.5999999999999943,3.5999999999999943,2.9299999999999997,Schematic internal layout
PS2-0964,DriveRFMark,PS2-0964 · GM-038 STUDY,Optical,white,11,0.09006526840465673,13.00054540201343,1.3155706697986602,0.01800020000000302,Published body envelope; approximate local exterior detail
PS2-0965,DriveCover,PS2-0965 · Native grid-ribbed original optical cover001,Optical,ps2black,1,29857.800878294256,136.0,164.0,1.4000000000000057,Published body envelope; approximate local exterior detail
PS2-0966,DriveCoverScrew0,PS2-0966 · Cross-head fastener029,Optical,metal,1,12.909081173248154,4.6,4.599999999999994,6.530000000000001,Schematic internal layout
PS2-0967,DriveCoverScrew1,PS2-0967 · Cross-head fastener030,Optical,metal,1,12.909081173248147,4.599999999999994,4.599999999999994,6.530000000000001,Schematic internal layout
PS2-0968,DriveCoverScrew2,PS2-0968 · Cross-head fastener031,Optical,metal,1,12.909081173248152,4.6,4.599999999999994,6.530000000000001,Schematic internal layout
PS2-0969,DriveCoverScrew3,PS2-0969 · Cross-head fastener032,Optical,metal,1,12.909081173248145,4.599999999999994,4.599999999999994,6.530000000000001,Schematic internal layout
PS2-0970,ClampSeat,PS2-0970 · Optical cover clamp locating ring,Optical,black,1,314.1592653589796,30.0,30.0,0.7999999999999972,Schematic internal layout
PS2-0971,ClampTopCap,PS2-0971 · Circular optical-cover clamp cap,Optical,black,1,600.7730463312827,31.0,31.0,0.7999999999999972,Published body envelope; approximate local exterior detail
PS2-0972,MagneticClamp,PS2-0972 · Optical disc magnetic clamping disc,Optical,black,1,948.1939239101441,26.0,26.0,1.7999999999999972,Schematic internal layout
PS2-0973,ClampGrip,PS2-0973 · Clamp lower grip ring,Optical,rubber,1,76.41138731693775,25.40000000000002,25.4,0.25,Schematic internal layout
PS2-0974,ClampMagnet,PS2-0974 · Disc clamp magnet,Optical,metal,1,76.74361074005496,12.0,12.0,0.7000000000000028,Schematic internal layout
PS2-0975,ClampHub,PS2-0975 · Clamp support hub,Optical,black,1,303.9490892348125,8.0,8.0,6.450000000000003,Schematic internal layout
PS2-0976,ClampAxle,PS2-0976 · Clamp locating axle,Optical,metal,1,19.974246091523895,1.7000000000000028,1.7000000000000028,8.799999999999997,Schematic internal layout
PS2-0977,DriveCoverLabel,PS2-0977 · OPTICAL DRIVE,Optical,ps2word,12,0.14463566381824908,16.450637683892616,1.656644495302018,0.01800019999998881,Published body envelope; approximate local exterior detail
PS2-0978,DriveMediaLabel,PS2-0978 · DVD / CD,Optical,ps2word,6,0.13396292754267994,12.740159595973154,2.3624162073825516,0.01800019999998881,Published body envelope; approximate local exterior detail
PS2-0979,DriveCaseSpacer0,PS2-0979 · Drive-to-middle-frame spacer,Frame,ps2black,1,22.21734324618701,5.0,5.0,1.2999999999999972,Schematic internal layout
PS2-0980,DriveCaseScrew0,PS2-0980 · Cross-head fastener033,Optical,metal,1,12.563733413535768,4.800000000000001,4.799999999999997,5.829999999999998,Schematic internal layout
PS2-0981,DriveCaseSpacer1,PS2-0981 · Drive-to-middle-frame spacer001,Frame,ps2black,1,22.217343246187014,5.0,5.0,1.2999999999999972,Schematic internal layout
PS2-0982,DriveCaseScrew1,PS2-0982 · Cross-head fastener034,Optical,metal,1,12.563733413535774,4.800000000000011,4.799999999999997,5.829999999999998,Schematic internal layout
PS2-0983,TrayEndSwitch,PS2-0983 · Tray end-position switch body001,Optical,black,1,118.92083324110853,8.0,5.000000000000355,3.0,Schematic internal layout
PS2-0984,FanPlugContact0,PS2-0984 · Fan harness socket terminal,Wiring,metal,1,0.9836640757655036,0.7999999999999972,0.8000000000000114,4.9,Schematic internal layout
PS2-0985,FanHarness0,PS2-0985 · Rear fan motor harness lead,Wiring,wiregray,1,7.354661755699885,24.386190312494794,10.37458698712421,31.887944818761913,Schematic internal layout
PS2-0986,FanPlugContact1,PS2-0986 · Fan harness socket terminal001,Wiring,metal,1,0.9836640757655036,0.7999999999999972,0.8000000000000114,4.9,Schematic internal layout
PS2-0987,FanHarness1,PS2-0987 · Rear fan motor harness lead001,Wiring,wiregray,1,7.354661755699873,24.386190312494794,10.37458698712421,31.887944818761913,Schematic internal layout
PS2-0988,FanPlugContact2,PS2-0988 · Fan harness socket terminal002,Wiring,metal,1,0.9836640757655043,0.7999999999999972,0.8000000000000114,4.9,Schematic internal layout
PS2-0989,FanHarness2,PS2-0989 · Rear fan motor harness lead002,Wiring,wiregray,1,7.35466175569988,24.386190312494794,10.37458698712421,31.887944818761913,Schematic internal layout
PS2-0990,FanHarnessPlug,PS2-0990 · Fan cable plug insulator,Wiring,white,1,45.80928419212861,3.3999999999999986,2.9000000000000057,5.999999999999998,Schematic internal layout
PS2-0991,ControlMainPin0,PS2-0991 · Button harness mainboard terminal,Wiring,metal,1,0.5066760631709626,0.3199999999999932,0.3199999999999932,6.300000000000001,Schematic internal layout
PS2-0992,ControlBoardPin0,PS2-0992 · Button board harness terminal,Wiring,metal,1,0.281486701761645,0.3199999999999932,3.5,0.3199999999999932,Schematic internal layout
PS2-0993,ControlHarness0,PS2-0993 · Power/eject and status-light harness lead,Wiring,wiregray,1,3.7010686482402164,36.95476890103494,10.327068691781797,44.30661892235369,Schematic internal layout
PS2-0994,ControlMainPin1,PS2-0994 · Button harness mainboard terminal001,Wiring,metal,1,0.5066760631709626,0.3199999999999932,0.3199999999999932,6.300000000000001,Schematic internal layout
PS2-0995,ControlBoardPin1,PS2-0995 · Button board harness terminal001,Wiring,metal,1,0.281486701761645,0.3199999999999932,3.5,0.3199999999999932,Schematic internal layout
PS2-0996,ControlHarness1,PS2-0996 · Power/eject and status-light harness lead001,Wiring,wiregray,1,3.698530914300268,36.705885011151594,10.321029640461,44.30460765970685,Schematic internal layout
PS2-0997,ControlMainPin2,PS2-0997 · Button harness mainboard terminal002,Wiring,metal,1,0.5066760631709626,0.3199999999999932,0.3199999999999932,6.300000000000001,Schematic internal layout
PS2-0998,ControlBoardPin2,PS2-0998 · Button board harness terminal002,Wiring,metal,1,0.281486701761645,0.3199999999999932,3.5,0.3199999999999932,Schematic internal layout
PS2-0999,ControlHarness2,PS2-0999 · Power/eject and status-light harness lead002,Wiring,wiregray,1,3.6981981085964493,36.45722723047545,10.314114677824278,44.30262354988116,Schematic internal layout
PS2-1000,ControlMainPin3,PS2-1000 · Button harness mainboard terminal003,Wiring,metal,1,0.5066760631709626,0.3199999999999932,0.3199999999999932,6.300000000000001,Schematic internal layout
PS2-1001,ControlBoardPin3,PS2-1001 · Button board harness terminal003,Wiring,metal,1,0.281486701761645,0.3199999999999932,3.5,0.3199999999999932,Schematic internal layout
PS2-1002,ControlHarness3,PS2-1002 · Power/eject and status-light harness lead003,Wiring,wiregray,1,3.700154979504636,36.20879290880751,10.306309595891229,44.30072083527955,Schematic internal layout
PS2-1003,ControlMainPin4,PS2-1003 · Button harness mainboard terminal004,Wiring,metal,1,0.5066760631709626,0.3199999999999932,0.3199999999999932,6.300000000000001,Schematic internal layout
PS2-1004,ControlBoardPin4,PS2-1004 · Button board harness terminal004,Wiring,metal,1,0.281486701761645,0.3199999999999932,3.5,0.3199999999999932,Schematic internal layout
PS2-1005,ControlHarness4,PS2-1005 · Power/eject and status-light harness lead004,Wiring,wiregray,1,3.704484080494372,35.960569402571,10.747794563276734,44.29896311555934,Schematic internal layout
PS2-1006,ControlMainPin5,PS2-1006 · Button harness mainboard terminal005,Wiring,metal,1,0.5066760631709626,0.3199999999999932,0.3199999999999932,6.300000000000001,Schematic internal layout
PS2-1007,ControlBoardPin5,PS2-1007 · Button board harness terminal005,Wiring,metal,1,0.281486701761645,0.3199999999999932,3.5,0.3199999999999932,Schematic internal layout
PS2-1008,ControlHarness5,PS2-1008 · Power/eject and status-light harness lead005,Wiring,wiregray,1,3.7112600768232418,35.712533461242955,11.188812205304082,44.29742031078371,Schematic internal layout
PS2-1009,ControlMainPin6,PS2-1009 · Button harness mainboard terminal006,Wiring,metal,1,0.5066760631709626,0.3199999999999932,0.3199999999999932,6.300000000000001,Schematic internal layout
PS2-1010,ControlBoardPin6,PS2-1010 · Button board harness terminal006,Wiring,metal,1,0.281486701761645,0.3199999999999932,3.5,0.3199999999999932,Schematic internal layout
PS2-1011,ControlHarness6,PS2-1011 · Power/eject and status-light harness lead006,Wiring,wiregray,1,3.7205435437347774,35.46465164119435,11.629494056119775,44.29616350108219,Schematic internal layout
PS2-1012,ControlMainSocket,PS2-1012 · Seven-position control harness mainboard socket,Wiring,white,1,114.63800037378996,8.0,3.8000000000000043,4.0,Schematic internal layout
PS2-1013,ControlBoardSocket,PS2-1013 · Power/eject board cable socket,Wiring,white,1,96.83040029903205,8.0,3.200000000000003,4.0,Schematic internal layout
PS2-1014,ControlFerrite,PS2-1014 · Retained control-harness ferrite bead,Wiring,black,1,95.03317777109137,6.600000000000023,6.599999999999994,5.0,Schematic internal layout
PS2-1015,InternalACHarness0,"PS2-1015 · AC inlet, rocker and PSU connection study",Wiring,wiregray,1,16.312336528393374,6.277296567250275,28.45080029949957,5.746858471380065,Schematic internal layout
PS2-1016,InternalACHarness1,"PS2-1016 · AC inlet, rocker and PSU connection study001",Wiring,wiregray,1,19.500054542793393,12.566381560701245,10.801895177340839,20.358742222830806,Schematic internal layout
PS2-1017,InternalACHarness2,"PS2-1017 · AC inlet, rocker and PSU connection study002",Wiring,wiregray,1,21.107236268117003,16.021925106801206,23.077849580841786,17.630955744410095,Schematic internal layout
PS2-1018,FrontPortFlexLatch,PS2-1018 · Separate flat-circuit connector lock007,FrontIO,black,1,5.394437520395273,12.0,1.0,0.45000000000000284,Schematic internal layout
PS2-1019,FrontPortFlex,PS2-1019 · Flat-circuit connector housing study015,FrontIO,white,1,139.62913806403108,14.0,4.799999999999997,2.3999999999999986,Schematic internal layout
PS2-1020,FrontPortFlexContacts,PS2-1020 · Flat-circuit connector contact comb007,FrontIO,gold,18,0.9266399999999834,10.420000000000002,2.6000000000000014,0.09000000000000341,Schematic internal layout
PS2-1021,FrontPortFlexPads,PS2-1021 · Flat-circuit connector board lands007,FrontIO,gold,18,0.09449999999999946,10.480000000000004,0.75,0.02499999999999858,Schematic internal layout
PS2-1022,ControllerRibbon,PS2-1022 · Shared controller/card board flat cable,Wiring,white,1,102.96939255274937,10.200000200000005,29.1200002,33.090000200000006,Schematic internal layout
PS2-1023,PickupFlexLatch,PS2-1023 · Separate flat-circuit connector lock008,Optical,black,1,4.944437520395272,11.0,1.0,0.45000000000000284,Schematic internal layout
PS2-1024,PickupFlex,PS2-1024 · Flat-circuit connector housing study017,Optical,white,1,129.96705806403148,13.0,4.800000000000004,2.3999999999999986,Schematic internal layout
PS2-1025,PickupFlexContacts,PS2-1025 · Flat-circuit connector contact comb008,Optical,gold,16,0.823680000000006,9.419999999999995,2.6000000000000014,0.09000000000000341,Schematic internal layout
PS2-1026,PickupFlexPads,PS2-1026 · Flat-circuit connector board lands008,Optical,gold,16,0.08399999999999948,9.479999999999997,0.75,0.02499999999999858,Schematic internal layout
PS2-1027,PickupRibbon,PS2-1027 · Pickup-to-GM-038 flat cable,Wiring,white,1,7.597493823415833,9.400000200000001,5.600000200000004,1.4900002000000114,Schematic internal layout
PS2-1028,OpticalMainRibbon,PS2-1028 · GM-038-to-mainboard flat cable study,Wiring,white,1,211.25189549453842,105.4000002,99.0600002,33.2200002,Schematic internal layout
PS2-1029,CaseScrew0,PS2-1029 · Cross-head fastener035,Body,metal,1,38.301365745612706,4.199999999999989,4.199999999999989,28.33,Schematic internal layout
PS2-1030,CaseScrew1,PS2-1030 · Cross-head fastener036,Body,metal,1,38.301365745612685,4.199999999999989,4.199999999999989,28.33,Schematic internal layout
PS2-1031,CaseScrew2,PS2-1031 · Cross-head fastener037,Body,metal,1,55.208160770171524,4.199999999999989,4.199999999999989,42.33,Schematic internal layout
PS2-1032,CaseScrew3,PS2-1032 · Cross-head fastener038,Body,metal,1,38.301365745612685,4.199999999999989,4.199999999999989,28.33,Schematic internal layout
PS2-1033,CaseScrew4,PS2-1033 · Cross-head fastener039,Body,metal,1,55.20816077017151,4.200000000000001,4.199999999999989,42.33,Schematic internal layout
PS2-1034,CasePlug4,PS2-1034 · Removable lower case screw cover,Body,ps2black,1,19.40679591846924,5.100000000000001,5.099999999999994,0.9499999999999998,Published body envelope; approximate local exterior detail
PS2-1035,CaseScrew5,PS2-1035 · Cross-head fastener040,Body,metal,1,38.301365745612685,4.199999999999989,4.199999999999989,28.33,Schematic internal layout
PS2-1036,CasePlug5,PS2-1036 · Removable lower case screw cover001,Body,ps2black,1,19.406795918469246,5.099999999999994,5.099999999999994,0.9499999999999998,Published body envelope; approximate local exterior detail
PS2-1037,CaseScrew6,PS2-1037 · Cross-head fastener041,Body,metal,1,38.30136574561273,4.200000000000001,4.199999999999989,28.33,Schematic internal layout
PS2-1038,CasePlug6,PS2-1038 · Removable lower case screw cover002,Body,ps2black,1,19.40679591846924,5.100000000000001,5.099999999999994,0.9499999999999998,Published body envelope; approximate local exterior detail
PS2-1039,CaseScrew7,PS2-1039 · Cross-head fastener042,Body,metal,1,38.30136574561272,4.199999999999996,4.199999999999989,28.33,Schematic internal layout
PS2-1040,CasePlug7,PS2-1040 · Removable lower case screw cover003,Body,ps2black,1,19.40679591846924,5.1000000000000085,5.099999999999994,0.9499999999999998,Published body envelope; approximate local exterior detail
PS2-1041,CaseScrew8,PS2-1041 · Cross-head fastener043,Body,metal,1,38.3013657456127,4.200000000000003,4.199999999999989,28.33,Schematic internal layout
PS2-1042,CasePlug8,PS2-1042 · Removable lower case screw cover004,Body,ps2black,1,19.40679591846924,5.100000000000001,5.099999999999994,0.9499999999999998,Published body envelope; approximate local exterior detail
PS2-1043,CaseScrew9,PS2-1043 · Cross-head fastener044,Body,metal,1,38.30136574561269,4.199999999999989,4.199999999999989,28.33,Schematic internal layout
PS2-1044,CasePlug9,PS2-1044 · Removable lower case screw cover005,Body,ps2black,1,19.406795918469246,5.099999999999994,5.099999999999994,0.9499999999999998,Published body envelope; approximate local exterior detail
PS2-1045,LowerHousing,PS2-1045 · Asymmetric stepped lower enclosure010,Body,ps2black,1,106392.93706384132,261.0,171.0,31.5,Published body envelope; approximate local exterior detail
PS2-1046,Mainboard,PS2-1046 · GH-001 original-family main circuit board005,Mainboard,boardtan,1,61804.217285738625,248.0000000000008,157.0000000000002,1.6000000000000005,Published body envelope; approximate local exterior detail
PS2-1047,LowerShield,PS2-1047 · Native lower EMI enclosure sheet006,Shielding,metal,1,16980.77687140813,244.10000000000002,153.1,2.7500000000000004,Published body envelope; approximate local exterior detail
PS2-1048,UpperHousing,PS2-1048 · Original wide upper enclosure012,Body,ps2black,1,142125.67289593516,301.0,182.0,44.7,Published body envelope; approximate local exterior detail
PS2-1049,DriveMotorHarness0,"PS2-1049 · Spindle, feed and tray motor harness study",Wiring,wiregray,1,17.024883064296912,80.30540567640185,38.15246834332233,34.820000200000024,Schematic internal layout
PS2-1050,DriveMotorHarness1,"PS2-1050 · Spindle, feed and tray motor harness study001",Wiring,wiregray,1,14.294312329604432,79.52382419203387,36.14502038545883,35.320000199999996,Schematic internal layout
PS2-1051,DriveMotorHarness2,"PS2-1051 · Spindle, feed and tray motor harness study002",Wiring,wiregray,1,17.79956601635206,80.79368441052637,102.32000020000001,38.320000199999996,Schematic internal layout
PS2-1052,DriveMotorHarness3,"PS2-1052 · Spindle, feed and tray motor harness study003",Wiring,wiregray,1,17.464081395847074,80.02526335789472,101.62000019999999,38.8200002,Schematic internal layout
PS2-1053,DriveMotorHarness4,"PS2-1053 · Spindle, feed and tray motor harness study004",Wiring,wiregray,1,19.430610809212926,98.7200002,60.09603411362431,36.817031856441446,Schematic internal layout
PS2-1054,DriveMotorHarness5,"PS2-1054 · Spindle, feed and tray motor harness study005",Wiring,wiregray,1,18.490454206470346,89.81068271762771,60.05389962746008,36.818368422172256,Schematic internal layout
PS2-1055,DriveHousing,PS2-1055 · Native original-family optical drive housing007,Optical,ps2black,1,58580.636026899476,151.0,164.0,30.4,Published body envelope; approximate local exterior detail
PS2-1056,BottomStudyLabel,PS2-1056 · Lower-housing model identification label,Body,labelblack,1,197.95707963267947,110.0,36.0,0.05000000000001381,Published body envelope; approximate local exterior detail
PS2-1057,BottomModelMark,PS2-1057 · SCPH-10000 / CAD STUDY,Body,white,19,0.38937384720782564,36.602684663758396,2.3624162073825508,0.01800020000000435,Published body envelope; approximate local exterior detail
PS2-1058,BottomStudyMark,PS2-1058 · OPEN CONSOLE CAD,Body,white,14,0.22537430466054467,23.8580790590604,1.7540941597315443,0.01800020000000302,Published body envelope; approximate local exterior detail
PS2-1059,MiddleFrame,PS2-1059 · Native original-family middle frame015,Frame,ps2black,8,27556.067595131368,292.0000000000019,172.0,45.0,Published body envelope; approximate local exterior detail
PS2-1060,DS2DPad,PS2-1060 · Linked four-way directional rocker,Controller,buttonblack,1,1043.1075976200477,23.86300821826005,23.863008218260063,9.499999999999996,Published body envelope; approximate local exterior detail
PS2-1061,DS2ButtonTriangle,PS2-1061 · Triangle pressure-button cap and locating ears,Controller,buttonblack,1,366.425826818541,11.0,9.000000199999988,8.200000000000003,Published body envelope; approximate local exterior detail
PS2-1062,DS2SymbolTriangle,PS2-1062 · Triangle face-button symbol,Controller,ctrlcyan,1,0.14522500000000244,5.599999999999994,5.099999999999994,0.02499999999999858,Published body envelope; approximate local exterior detail
PS2-1063,DS2ButtonCircle,PS2-1063 · Circle pressure-button cap and locating ears,Controller,buttonblack,1,366.4258268185405,11.0,9.000000199999988,8.200000000000003,Published body envelope; approximate local exterior detail
PS2-1064,DS2SymbolCircle,PS2-1064 · Circle face-button symbol,Controller,ctrlcoral,1,0.17592918860103923,6.0,6.0,0.02499999999999858,Published body envelope; approximate local exterior detail
PS2-1065,DS2ButtonCross,PS2-1065 · Cross pressure-button cap and locating ears,Controller,buttonblack,1,366.425826818541,11.0,9.000000199999988,8.200000000000003,Published body envelope; approximate local exterior detail
PS2-1066,DS2SymbolCross,PS2-1066 · Cross face-button symbol,Controller,ctrlblue,1,0.14243548667764352,5.197026688919578,5.197026688919493,0.02499999999999858,Published body envelope; approximate local exterior detail
PS2-1067,DS2ButtonSquare,PS2-1067 · Square pressure-button cap and locating ears,Controller,buttonblack,1,366.42582681854105,11.0,9.000000199999988,8.200000000000003,Published body envelope; approximate local exterior detail
PS2-1068,DS2SymbolSquare,PS2-1068 · Square face-button symbol,Controller,ctrlpurple,1,0.207896991118449,5.599999999999994,5.600000000000023,0.02499999999999858,Published body envelope; approximate local exterior detail
PS2-1069,DS2Select,PS2-1069 · SELECT button,Controller,buttonblack,1,58.88920174396651,7.0,3.8000000000000114,5.799999999999997,Published body envelope; approximate local exterior detail
PS2-1070,DS2Analog,PS2-1070 · ANALOG button,Controller,buttonblack,1,57.74920174396652,6.8,3.8000000000000114,5.799999999999997,Published body envelope; approximate local exterior detail
PS2-1071,DS2Start,PS2-1071 · Triangular START button,Controller,buttonblack,1,38.997455380556524,6.200000000000001,4.199999999999989,5.799999999999997,Published body envelope; approximate local exterior detail
PS2-1072,DS2AnalogLED,PS2-1072 · Analogue-mode indicator lens,Controller,red,1,0.7651714586764471,2.8,1.1000000000000227,0.25,Published body envelope; approximate local exterior detail
PS2-1073,DS2SonyMark,PS2-1073 · SONY,Controller,white,4,0.254128294919714,12.607248422147649,3.508188119463057,0.01800020000000302,Published body envelope; approximate local exterior detail
PS2-1074,DS2PSMark,PS2-1074 · PS,Controller,white,2,0.09283580534210283,4.465906240268457,3.118389461744954,0.01800020000000302,Published body envelope; approximate local exterior detail
PS2-1075,DS2FamilyMark,PS2-1075 · PlayStation,Controller,white,12,0.09612480468897919,11.246510267114095,1.997315536241615,0.01800020000000302,Published body envelope; approximate local exterior detail
PS2-1076,DS2SelectMark,PS2-1076 · SELECT,Controller,white,6,0.03884443270795574,5.95962677785235,1.2181210053691132,0.01800020000000302,Published body envelope; approximate local exterior detail
PS2-1077,DS2StartMark,PS2-1077 · START,Controller,white,5,0.034011602694953895,4.869022751006712,1.2181210053691132,0.01800020000000302,Published body envelope; approximate local exterior detail
PS2-1078,DS2AnalogMark,PS2-1078 · ANALOG,Controller,white,6,0.05036692379149299,6.881547918791949,1.2668458375838725,0.01800020000000302,Published body envelope; approximate local exterior detail
PS2-1079,DS2L1,PS2-1079 · L1 shoulder key and stem,Controller,buttonblack,1,353.58051723561175,18.400000000000006,10.199999999999989,6.399999999999999,Published body envelope; approximate local exterior detail
PS2-1080,DS2L1Mark,PS2-1080 · 107,Controller,white,1,0.0136032521057612,1.1187080536912788,0.018000000000000682,1.8791946308724832,Published body envelope; approximate local exterior detail
PS2-1081,DS2L2,PS2-1081 · L2 shoulder key and stem,Controller,buttonblack,1,353.58051723561175,18.400000000000006,10.199999999999989,6.399999999999999,Published body envelope; approximate local exterior detail
PS2-1082,DS2L2Mark,PS2-1082 · 108,Controller,white,1,0.016121955521429424,1.1929532201342354,0.01800019999998881,1.911409595973156,Published body envelope; approximate local exterior detail
PS2-1083,DS2ShoulderL,PS2-1083 · L,Controller,white,1,0.012134858790144764,1.169043624161084,1.8791946308724903,0.018000000000000682,Published body envelope; approximate local exterior detail
PS2-1084,DS2R1,PS2-1084 · R1 shoulder key and stem,Controller,buttonblack,1,353.5805172356118,18.400000000000006,10.199999999999989,6.399999999999999,Published body envelope; approximate local exterior detail
PS2-1085,DS2R1Mark,PS2-1085 · 109,Controller,white,1,0.0136032521057612,1.1187080536912788,0.018000000000000682,1.8791946308724832,Published body envelope; approximate local exterior detail
PS2-1086,DS2Back,PS2-1086 · DS2Back009,Controller,ps2black,1,45016.15596999577,148.8177222897665,96.41901033837942,18.80000020000464,Published body envelope; approximate local exterior detail
PS2-1087,DS2R2,PS2-1087 · R2 shoulder key and stem,Controller,buttonblack,1,353.5805172356118,18.400000000000006,10.199999999999989,6.399999999999999,Published body envelope; approximate local exterior detail
PS2-1088,DS2R2Mark,PS2-1088 · 110,Controller,white,1,0.016121955521429424,1.1929532201342354,0.01800019999998881,1.911409595973156,Published body envelope; approximate local exterior detail
PS2-1089,DS2ShoulderR,PS2-1089 · R,Controller,white,1,0.021755684667920636,1.4635069114093966,1.8791948308724784,0.01800020000000302,Published body envelope; approximate local exterior detail
PS2-1090,DS2StickDome0,PS2-1090 · Analogue stick hard dome and keyed stem study,Controller,buttonblack,1,1249.3045841824382,24.0,24.0,10.800000000000004,Published body envelope; approximate local exterior detail
PS2-1091,DS2StickCap0,PS2-1091 · Convex rubber analogue thumb cap,Controller,stickrubber,1,1207.6481127933928,22.03996370232947,22.039963702329487,5.299999999999997,Published body envelope; approximate local exterior detail
PS2-1092,DS2StickDome1,PS2-1092 · Analogue stick hard dome and keyed stem study001,Controller,buttonblack,1,1249.3045841824373,24.0,24.0,10.800000000000004,Published body envelope; approximate local exterior detail
PS2-1093,DS2StickCap1,PS2-1093 · Convex rubber analogue thumb cap001,Controller,stickrubber,1,1207.6481127933928,22.039963702329473,22.039963702329487,5.299999999999997,Published body envelope; approximate local exterior detail
PS2-1094,DS2MCU,PS2-1094 · MCU STUDY package,Controller,black,1,179.75277868423387,10.0,10.0,1.8000000000000025,Schematic internal layout
PS2-1095,DS2MCULeads,PS2-1095 · 44 formed package leads,Controller,metal,44,6.651568000000044,13.799999999999999,13.800000000000011,1.4800000000000004,Schematic internal layout
PS2-1096,DS2MCUPads,PS2-1096 · 44 package landing pads,Controller,gold,44,0.2745599999999934,13.760000000000002,13.759999999999991,0.019999999999999574,Schematic internal layout
PS2-1097,DS2MCUMark,PS2-1097 · MCU STUDY,Controller,white,8,0.047431054869955455,8.4000002,1.091717308428315,0.01800020000000302,Published body envelope; approximate local exterior detail
PS2-1098,DS2MCUPinOne,PS2-1098 · Package pin-one mark019,Controller,psdark,1,0.008312654161398704,0.8400000000000034,0.839999999999975,0.015000000000000568,Schematic internal layout
PS2-1099,DS2MotorDriver,PS2-1099 · RUMBLE package,Controller,black,1,62.75277868423386,7.0,5.0,1.8000000000000007,Schematic internal layout
PS2-1100,DS2MotorDriverLeads,PS2-1100 · 8 formed package leads005,Controller,metal,8,1.2093760000000089,5.280000000000001,8.800000000000011,1.4800000000000004,Schematic internal layout
PS2-1101,DS2MotorDriverPads,PS2-1101 · 8 package landing pads005,Controller,gold,8,0.049919999999998924,5.399999999999999,8.759999999999991,0.019999999999999574,Schematic internal layout
PS2-1102,DS2MotorDriverMark,PS2-1102 · RUMBLE,Controller,white,6,0.03419962164762067,5.4000001183027635,1.0038176121990716,0.01800020000000302,Published body envelope; approximate local exterior detail
PS2-1103,DS2MotorDriverPinOne,PS2-1103 · Package pin-one mark020,Controller,psdark,1,0.0029452431127404933,0.5,0.5,0.015000000000000568,Schematic internal layout
PS2-1104,DS2FilmSocketLatch,PS2-1104 · Separate flat-circuit connector lock009,Controller,black,1,11.244437520395257,25.000000000000004,1.0,0.4499999999999993,Schematic internal layout
PS2-1105,DS2FilmSocket,PS2-1105 · Flat-circuit connector housing study019,Controller,white,1,268.8112180640323,27.0,4.800000000000011,2.4000000000000004,Schematic internal layout
PS2-1106,DS2FilmSocketContacts,PS2-1106 · Flat-circuit connector contact comb009,Controller,gold,20,1.0295999999999936,23.42,2.5999999999999943,0.09000000000000163,Schematic internal layout
PS2-1107,DS2FilmSocketPads,PS2-1107 · Flat-circuit connector board lands009,Controller,gold,20,0.10500000000000183,23.48,0.75,0.025000000000000355,Schematic internal layout
PS2-1108,DS2Passive0,PS2-1108 · Ceramic decoupling capacitor061,Controller,ceramic,1,1.0047037157897816,1.3999999999999986,1.2000000000000455,0.5999999999999996,Schematic internal layout
PS2-1109,DS2Passive0Ends,PS2-1109 · Surface-mount metal end caps095,Controller,metal,2,0.5015999999999947,2.1999999999999993,1.1999999999999886,0.5500000000000007,Schematic internal layout
PS2-1110,DS2Passive1,PS2-1110 · Chip resistor034,Controller,black,1,1.0047037157897813,1.3999999999999986,1.2000000000000455,0.5999999999999996,Schematic internal layout
PS2-1111,DS2Passive1Ends,PS2-1111 · Surface-mount metal end caps096,Controller,metal,2,0.5015999999999947,2.1999999999999993,1.1999999999999886,0.5500000000000007,Schematic internal layout
PS2-1112,DS2Passive2,PS2-1112 · Ceramic decoupling capacitor062,Controller,ceramic,1,1.0047037157897818,1.4000000000000004,1.2000000000000455,0.5999999999999996,Schematic internal layout
PS2-1113,DS2Passive2Ends,PS2-1113 · Surface-mount metal end caps097,Controller,metal,2,0.5015999999999959,2.1999999999999993,1.1999999999999886,0.5500000000000007,Schematic internal layout
PS2-1114,DS2Passive3,PS2-1114 · Chip resistor035,Controller,black,1,1.004703715789782,1.4000000000000004,1.2000000000000455,0.5999999999999996,Schematic internal layout
PS2-1115,DS2Passive3Ends,PS2-1115 · Surface-mount metal end caps098,Controller,metal,2,0.5015999999999959,2.2000000000000006,1.1999999999999886,0.5500000000000007,Schematic internal layout
PS2-1116,DS2Passive4,PS2-1116 · Ceramic decoupling capacitor063,Controller,ceramic,1,1.0047037157897818,1.3999999999999995,1.2000000000000455,0.5999999999999996,Schematic internal layout
PS2-1117,DS2Passive4Ends,PS2-1117 · Surface-mount metal end caps099,Controller,metal,2,0.5015999999999966,2.200000000000002,1.1999999999999886,0.5500000000000007,Schematic internal layout
PS2-1118,DS2Passive5,PS2-1118 · Chip resistor036,Controller,black,1,1.0047037157897816,1.3999999999999986,1.2000000000000455,0.5999999999999996,Schematic internal layout
PS2-1119,DS2Passive5Ends,PS2-1119 · Surface-mount metal end caps100,Controller,metal,2,0.5015999999999973,2.200000000000001,1.1999999999999886,0.5500000000000007,Schematic internal layout
PS2-1120,DS2Passive6,PS2-1120 · Ceramic decoupling capacitor064,Controller,ceramic,1,1.0047037157897813,1.3999999999999986,1.2000000000000455,0.5999999999999996,Schematic internal layout
PS2-1121,DS2Passive6Ends,PS2-1121 · Surface-mount metal end caps101,Controller,metal,2,0.5015999999999947,2.1999999999999993,1.1999999999999886,0.5500000000000007,Schematic internal layout
PS2-1122,DS2Passive7,PS2-1122 · Chip resistor037,Controller,black,1,1.0047037157897822,1.4000000000000021,1.2000000000000455,0.5999999999999996,Schematic internal layout
PS2-1123,DS2Passive7Ends,PS2-1123 · Surface-mount metal end caps102,Controller,metal,2,0.5015999999999972,2.200000000000003,1.1999999999999886,0.5500000000000007,Schematic internal layout
PS2-1124,DS2BoardScrew,PS2-1124 · Cross-head fastener045,Controller,metal,1,13.148488241124552,3.4,3.3999999999999773,8.83,Schematic internal layout
PS2-1125,DS2LEDPackage,PS2-1125 · Analogue indicator LED package,Controller,red,1,0.9484115008234474,2.0,0.7999999999999545,0.5999999999999996,Schematic internal layout
PS2-1126,DS2LightGuide,PS2-1126 · Analogue indicator internal light guide,Controller,white,1,30.522222947386567,2.4000000000000004,0.7999999999999545,16.0,Schematic internal layout
PS2-1127,DS2Front,PS2-1127 · DS2Front012,Controller,ps2black,2,38132.262518203934,148.4814719304648,96.20604716298172,27.200000200000005,Published body envelope; approximate local exterior detail
PS2-1128,DS2DPadMembranePill0,PS2-1128 · Moving carbon button contact,Controller,black,1,2.51327412287183,4.0,4.0,0.1999999999999993,Schematic internal layout
PS2-1129,DS2DPadMembraneFixed0,PS2-1129 · Split fixed film contact,Controller,black,2,0.6096001609374416,4.599999999999994,4.590206967011397,0.03999999999999915,Schematic internal layout
PS2-1130,DS2DPadMembranePill1,PS2-1130 · Moving carbon button contact001,Controller,black,1,2.51327412287183,4.0,4.0,0.1999999999999993,Schematic internal layout
PS2-1131,DS2DPadMembraneFixed1,PS2-1131 · Split fixed film contact001,Controller,black,2,0.6096001609374416,4.599999999999994,4.590206967011397,0.03999999999999915,Schematic internal layout
PS2-1132,DS2DPadMembranePill2,PS2-1132 · Moving carbon button contact002,Controller,black,1,2.51327412287183,4.0,4.0,0.1999999999999993,Schematic internal layout
PS2-1133,DS2DPadMembraneFixed2,PS2-1133 · Split fixed film contact002,Controller,black,2,0.6096001609374416,4.599999999999994,4.590206967011397,0.03999999999999915,Schematic internal layout
PS2-1134,DS2DPadMembranePill3,PS2-1134 · Moving carbon button contact003,Controller,black,1,2.51327412287183,4.0,4.0,0.1999999999999993,Schematic internal layout
PS2-1135,DS2DPadMembraneFixed3,PS2-1135 · Split fixed film contact003,Controller,black,2,0.6096001609374416,4.599999999999994,4.590206967011397,0.03999999999999915,Schematic internal layout
PS2-1136,DS2DPadMembrane,PS2-1136 · Shaped silicone button membrane,Controller,ctrlpad,1,295.6014247871718,24.0,24.0,4.299999999999997,Schematic internal layout
PS2-1137,DS2FaceMembranePill0,PS2-1137 · Moving carbon button contact004,Controller,black,1,2.51327412287183,4.0,4.0,0.1999999999999993,Schematic internal layout
PS2-1138,DS2FaceMembraneFixed0,PS2-1138 · Split fixed film contact004,Controller,black,2,0.6096001609374416,4.599999999999994,4.590206967011397,0.03999999999999915,Schematic internal layout
PS2-1139,DS2FaceMembranePill1,PS2-1139 · Moving carbon button contact005,Controller,black,1,2.51327412287183,4.0,4.0,0.1999999999999993,Schematic internal layout
PS2-1140,DS2FaceMembraneFixed1,PS2-1140 · Split fixed film contact005,Controller,black,2,0.6096001609374417,4.599999999999994,4.590206967011397,0.03999999999999915,Schematic internal layout
PS2-1141,DS2FaceMembranePill2,PS2-1141 · Moving carbon button contact006,Controller,black,1,2.51327412287183,4.0,4.0,0.1999999999999993,Schematic internal layout
PS2-1142,DS2FaceMembraneFixed2,PS2-1142 · Split fixed film contact006,Controller,black,2,0.6096001609374416,4.599999999999994,4.590206967011397,0.03999999999999915,Schematic internal layout
PS2-1143,DS2FaceMembranePill3,PS2-1143 · Moving carbon button contact007,Controller,black,1,2.51327412287183,4.0,4.0,0.1999999999999993,Schematic internal layout
PS2-1144,DS2FaceMembraneFixed3,PS2-1144 · Split fixed film contact007,Controller,black,2,0.6096001609374416,4.599999999999994,4.590206967011397,0.03999999999999915,Schematic internal layout
PS2-1145,DS2FaceMembrane,PS2-1145 · Shaped silicone button membrane001,Controller,ctrlmint,1,362.7714317194858,32.400000000000006,32.39999999999998,4.299999999999997,Schematic internal layout
PS2-1146,DS2MenuMembranePill0,PS2-1146 · Moving carbon button contact008,Controller,black,1,1.4137166941154067,3.0,3.0,0.1999999999999993,Schematic internal layout
PS2-1147,DS2MenuMembraneFixed0,PS2-1147 · Split fixed film contact008,Controller,black,2,0.36400046011817616,3.6000000000000014,3.5874782229304287,0.03999999999999915,Schematic internal layout
PS2-1148,DS2MenuMembranePill1,PS2-1148 · Moving carbon button contact009,Controller,black,1,1.4137166941154067,3.0,3.0,0.1999999999999993,Schematic internal layout
PS2-1149,DS2MenuMembraneFixed1,PS2-1149 · Split fixed film contact009,Controller,black,2,0.3640004601181761,3.6000000000000014,3.5874782229304287,0.03999999999999915,Schematic internal layout
PS2-1150,DS2MenuMembranePill2,PS2-1150 · Moving carbon button contact010,Controller,black,1,1.4137166941154067,3.0,3.0,0.1999999999999993,Schematic internal layout
PS2-1151,DS2MenuMembraneFixed2,PS2-1151 · Split fixed film contact010,Controller,black,2,0.3640004601181764,3.6,3.5874782229304287,0.03999999999999915,Schematic internal layout
PS2-1152,DS2MenuMembrane,PS2-1152 · Shaped silicone button membrane002,Controller,rubber,1,193.1414817353973,30.9,23.399999999999977,4.299999999999997,Schematic internal layout
PS2-1153,DS2DPadPivot,PS2-1153 · Directional rocker pivot support,Controller,ctrlcream,1,47.96740743133577,5.400000000000006,5.399999999999977,3.400000000000002,Schematic internal layout
PS2-1154,DS2ShoulderL1Membrane,PS2-1154 · Shoulder-key silicone dome,Controller,ctrlpad,1,43.078946593995035,7.400000000000006,4.450000000000017,7.399999999999999,Schematic internal layout
PS2-1155,DS2ShoulderL1Pill,PS2-1155 · Shoulder moving carbon contact,Controller,black,1,1.832176835573591,3.5999999999999943,0.18000000000000682,3.6000000000000014,Schematic internal layout
PS2-1156,DS2ShoulderL1Fixed,PS2-1156 · Shoulder fixed film contact,Controller,black,2,0.4080933919830949,3.799999999999997,0.03999999999999204,3.7881393849751603,Schematic internal layout
PS2-1157,DS2ShoulderL2Membrane,PS2-1157 · Shoulder-key silicone dome001,Controller,ctrlpad,1,43.07894659399501,7.400000000000006,4.450000000000017,7.399999999999999,Schematic internal layout
PS2-1158,DS2ShoulderL2Pill,PS2-1158 · Shoulder moving carbon contact001,Controller,black,1,1.8321768355735912,3.5999999999999943,0.18000000000000682,3.6000000000000014,Schematic internal layout
PS2-1159,DS2ShoulderL2Fixed,PS2-1159 · Shoulder fixed film contact001,Controller,black,2,0.4080933919830948,3.799999999999997,0.03999999999999204,3.788139384975162,Schematic internal layout
PS2-1160,DS2ShoulderR1Membrane,PS2-1160 · Shoulder-key silicone dome002,Controller,ctrlpad,1,43.078946593995035,7.400000000000006,4.450000000000017,7.399999999999999,Schematic internal layout
PS2-1161,DS2ShoulderR1Pill,PS2-1161 · Shoulder moving carbon contact002,Controller,black,1,1.832176835573591,3.5999999999999943,0.18000000000000682,3.6000000000000014,Schematic internal layout
PS2-1162,DS2ShoulderR1Fixed,PS2-1162 · Shoulder fixed film contact002,Controller,black,2,0.4080933919830949,3.799999999999997,0.03999999999999204,3.7881393849751603,Schematic internal layout
PS2-1163,DS2ShoulderR2Membrane,PS2-1163 · Shoulder-key silicone dome003,Controller,ctrlpad,1,43.07894659399501,7.400000000000006,4.450000000000017,7.399999999999999,Schematic internal layout
PS2-1164,DS2ShoulderR2Pill,PS2-1164 · Shoulder moving carbon contact003,Controller,black,1,1.8321768355735912,3.5999999999999943,0.18000000000000682,3.6000000000000014,Schematic internal layout
PS2-1165,DS2ShoulderR2Fixed,PS2-1165 · Shoulder fixed film contact003,Controller,black,2,0.4080933919830948,3.799999999999997,0.03999999999999204,3.788139384975162,Schematic internal layout
PS2-1166,DS2Carrier,PS2-1166 · White moulded button-film and board carrier008,Controller,ctrlcream,3,5772.797204934335,128.0,46.05000000000078,18.0,Schematic internal layout
PS2-1167,DS2Flex,PS2-1167 · Pressure-button flexible contact film006,Controller,ctrlflex,1,426.67984948068454,125.96961124161943,45.75999999999999,17.910000099999998,Schematic internal layout
PS2-1168,DS2Joy0Frame,"PS2-1168 · Stamped joystick cage, cap and board legs",Controller,metal,1,332.55114716936066,17.5,17.5,9.15,Schematic internal layout
PS2-1169,DS2Joy0OuterGimbal,PS2-1169 · X-axis gimbal and potentiometer axle,Controller,ctrlcream,1,111.95263966678208,18.950000000000003,11.0,2.000000000000025,Schematic internal layout
PS2-1170,DS2Joy0InnerGimbal,PS2-1170 · Y-axis gimbal and potentiometer axle,Controller,ctrlcream,2,66.52528555551373,9.5,18.25,1.5000000000014957,Schematic internal layout
PS2-1171,DS2Joy0Shaft,"PS2-1171 · Joystick pivot ball, cross pin and cap shaft",Controller,metal,1,124.94340075018228,9.200000200000002,4.399999999999977,11.25,Schematic internal layout
PS2-1172,DS2Joy0ClickSpring,PS2-1172 · Joystick push-click return spring study,Controller,metal,1,1.0265164277205236,2.6400207688995643,2.6400270209549603,2.0392438813160787,Schematic internal layout
PS2-1173,DS2Joy0ClickSwitch,PS2-1173 · L3/R3 click switch body,Controller,black,1,13.384115008234623,3.0,3.0,1.5,Schematic internal layout
PS2-1174,DS2Joy0ClickActuator,PS2-1174 · L3/R3 switch actuator,Controller,black,1,0.8042477193189852,1.6000000000000014,1.6000000000000227,0.3999999999999986,Schematic internal layout
PS2-1175,DS2Joy0ClickLever,PS2-1175 · Joystick click transfer lever,Controller,metal,1,1.4375277868423544,6.0,1.2000000000000455,0.1999999999999993,Schematic internal layout
PS2-1176,DS2Joy0ClickPin0,PS2-1176 · Click-switch board terminal,Controller,metal,1,0.3958406743523095,0.3999999999999986,0.39999999999997726,3.1500000000000004,Schematic internal layout
PS2-1177,DS2Joy0ClickPin1,PS2-1177 · Click-switch board terminal001,Controller,metal,1,0.3958406743523095,0.3999999999999986,0.39999999999997726,3.1500000000000004,Schematic internal layout
PS2-1178,DS2Joy0Base,PS2-1178 · Joystick insulating base001,Controller,black,1,355.3233802015073,16.00000000000533,16.000000000000284,1.4000000000000004,Schematic internal layout
PS2-1179,DS2Joy0XPin0,PS2-1179 · Potentiometer board terminal,Controller,metal,1,0.38955748904512955,0.3999999999999986,0.39999999999997726,3.0999999999999996,Schematic internal layout
PS2-1180,DS2Joy0XPin1,PS2-1180 · Potentiometer board terminal001,Controller,metal,1,0.38955748904512955,0.3999999999999986,0.39999999999997726,3.0999999999999996,Schematic internal layout
PS2-1181,DS2Joy0XPin2,PS2-1181 · Potentiometer board terminal002,Controller,metal,1,0.38955748904512955,0.3999999999999986,0.39999999999997726,3.0999999999999996,Schematic internal layout
PS2-1182,DS2Joy0XPot,PS2-1182 · Cyan potentiometer housing,Controller,potcyan,1,67.20532457053001,2.3000000000000007,6.7999999999999545,6.4,Schematic internal layout
PS2-1183,DS2Joy0XRotor,PS2-1183 · Potentiometer rotor disc,Controller,ctrlcream,1,3.288854809226814,0.25,4.600000000000023,4.600000000000001,Schematic internal layout
PS2-1184,DS2Joy0XTrack,PS2-1184 · Potentiometer resistive track,Controller,black,1,0.23887885139733442,0.03500000000000014,4.5,4.5,Schematic internal layout
PS2-1185,DS2Joy0XWiper,PS2-1185 · Potentiometer moving wiper study,Controller,metal,1,0.04539269908169985,0.05000000000000071,0.35000000000002274,2.6000000000000014,Schematic internal layout
PS2-1186,DS2Joy0YPin0,PS2-1186 · Potentiometer board terminal003,Controller,metal,1,0.3895574890451379,0.3999999999999986,0.39999999999997726,3.0999999999999996,Schematic internal layout
PS2-1187,DS2Joy0YPin1,PS2-1187 · Potentiometer board terminal004,Controller,metal,1,0.3895574890451379,0.3999999999999986,0.39999999999997726,3.0999999999999996,Schematic internal layout
PS2-1188,DS2Joy0YPin2,PS2-1188 · Potentiometer board terminal005,Controller,metal,1,0.389557489045138,0.3999999999999986,0.39999999999997726,3.0999999999999996,Schematic internal layout
PS2-1189,DS2Joy0YPot,PS2-1189 · Cyan potentiometer housing001,Controller,potcyan,1,68.15372295893867,6.799999999999997,2.3000000000000114,6.4,Schematic internal layout
PS2-1190,DS2Joy0YRotor,PS2-1190 · Potentiometer rotor disc001,Controller,ctrlcream,1,3.2888548092268124,4.600000000000001,0.25,4.600000000000001,Schematic internal layout
PS2-1191,DS2Joy0YTrack,PS2-1191 · Potentiometer resistive track001,Controller,black,1,0.2388788513973443,4.5,0.03499999999999659,4.5,Schematic internal layout
PS2-1192,DS2Joy0YWiper,PS2-1192 · Potentiometer moving wiper study001,Controller,metal,1,0.04539269908170223,0.3500000000000014,0.05000000000001137,2.6000000000000014,Schematic internal layout
PS2-1193,DS2Joy1Frame,"PS2-1193 · Stamped joystick cage, cap and board legs001",Controller,metal,1,332.55114716936055,17.5,17.5,9.15,Schematic internal layout
PS2-1194,DS2Joy1OuterGimbal,PS2-1194 · X-axis gimbal and potentiometer axle001,Controller,ctrlcream,1,111.95263966678343,18.950000000000003,11.0,2.0,Schematic internal layout
PS2-1195,DS2Joy1InnerGimbal,PS2-1195 · Y-axis gimbal and potentiometer axle001,Controller,ctrlcream,2,66.52528555551373,9.5,18.25,1.5000000000014957,Schematic internal layout
PS2-1196,DS2Joy1Shaft,"PS2-1196 · Joystick pivot ball, cross pin and cap shaft001",Controller,metal,1,124.94340075018228,9.200000200000002,4.399999999999977,11.25,Schematic internal layout
PS2-1197,DS2Joy1ClickSpring,PS2-1197 · Joystick push-click return spring study001,Controller,metal,1,1.0265164277205236,2.6400207688995643,2.6400270209549603,2.0392438813160787,Schematic internal layout
PS2-1198,DS2Joy1ClickSwitch,PS2-1198 · L3/R3 click switch body001,Controller,black,1,13.384115008234623,3.0,3.0,1.5,Schematic internal layout
PS2-1199,DS2Joy1ClickActuator,PS2-1199 · L3/R3 switch actuator001,Controller,black,1,0.8042477193189852,1.6000000000000014,1.6000000000000227,0.3999999999999986,Schematic internal layout
PS2-1200,DS2Joy1ClickLever,PS2-1200 · Joystick click transfer lever001,Controller,metal,1,1.4375277868423544,6.0,1.2000000000000455,0.1999999999999993,Schematic internal layout
PS2-1201,DS2Joy1ClickPin0,PS2-1201 · Click-switch board terminal002,Controller,metal,1,0.3958406743523095,0.3999999999999986,0.39999999999997726,3.1500000000000004,Schematic internal layout
PS2-1202,DS2Joy1ClickPin1,PS2-1202 · Click-switch board terminal003,Controller,metal,1,0.3958406743523095,0.3999999999999986,0.39999999999997726,3.1500000000000004,Schematic internal layout
PS2-1203,DS2Joy1Base,PS2-1203 · Joystick insulating base003,Controller,black,1,355.32338020172057,16.00000000000533,16.0,1.4000000000000004,Schematic internal layout
PS2-1204,DS2Joy1XPin0,PS2-1204 · Potentiometer board terminal006,Controller,metal,1,0.3895574890451301,0.4000000000000057,0.39999999999997726,3.0999999999999996,Schematic internal layout
PS2-1205,DS2Joy1XPin1,PS2-1205 · Potentiometer board terminal007,Controller,metal,1,0.3895574890451301,0.4000000000000057,0.39999999999997726,3.0999999999999996,Schematic internal layout
PS2-1206,DS2Joy1XPin2,PS2-1206 · Potentiometer board terminal008,Controller,metal,1,0.3895574890451301,0.4000000000000057,0.39999999999997726,3.0999999999999996,Schematic internal layout
PS2-1207,DS2Joy1XPot,PS2-1207 · Cyan potentiometer housing002,Controller,potcyan,1,67.20532457053,2.3000000000000007,6.7999999999999545,6.4,Schematic internal layout
PS2-1208,DS2Joy1XRotor,PS2-1208 · Potentiometer rotor disc002,Controller,ctrlcream,1,3.288854809226814,0.25,4.600000000000023,4.600000000000001,Schematic internal layout
PS2-1209,DS2Joy1XTrack,PS2-1209 · Potentiometer resistive track002,Controller,black,1,0.23887885139734447,0.03499999999999659,4.5,4.5,Schematic internal layout
PS2-1210,DS2Joy1XWiper,PS2-1210 · Potentiometer moving wiper study002,Controller,metal,1,0.04539269908169886,0.04999999999999716,0.35000000000002274,2.6000000000000014,Schematic internal layout
PS2-1211,DS2Joy1YPin0,PS2-1211 · Potentiometer board terminal009,Controller,metal,1,0.3895574890451379,0.3999999999999986,0.39999999999997726,3.0999999999999996,Schematic internal layout
PS2-1212,DS2Joy1YPin1,PS2-1212 · Potentiometer board terminal010,Controller,metal,1,0.3895574890451379,0.3999999999999986,0.39999999999997726,3.0999999999999996,Schematic internal layout
PS2-1213,DS2Joy1YPin2,PS2-1213 · Potentiometer board terminal011,Controller,metal,1,0.389557489045138,0.3999999999999986,0.39999999999997726,3.0999999999999996,Schematic internal layout
PS2-1214,DS2Joy1YPot,PS2-1214 · Cyan potentiometer housing003,Controller,potcyan,1,68.15372295893869,6.799999999999997,2.3000000000000114,6.4,Schematic internal layout
PS2-1215,DS2Joy1YRotor,PS2-1215 · Potentiometer rotor disc003,Controller,ctrlcream,1,3.2888548092268124,4.600000000000001,0.25,4.600000000000001,Schematic internal layout
PS2-1216,DS2Joy1YTrack,PS2-1216 · Potentiometer resistive track003,Controller,black,1,0.2388788513973443,4.5,0.03499999999999659,4.5,Schematic internal layout
PS2-1217,DS2Joy1YWiper,PS2-1217 · Potentiometer moving wiper study003,Controller,metal,1,0.04539269908170222,0.3500000000000014,0.05000000000001137,2.6000000000000014,Schematic internal layout
PS2-1218,DS2PCB,PS2-1218 · Native DualShock 2 family circuit board004,Controller,pcb,1,3053.935466089756,84.0,58.0,0.8000000000000078,Published body envelope; approximate local exterior detail
PS2-1219,DS2RumbleLCan,PS2-1219 · Unequal rumble motor steel can,Controller,metal,1,482.42296788524845,18.0,16.0,18.0,Schematic internal layout
PS2-1220,DS2RumbleLRearCap,PS2-1220 · Motor bearing end cap,Controller,black,1,144.92009831376987,17.699999999999996,0.5999999999999943,17.700000000000003,Schematic internal layout
PS2-1221,DS2RumbleLFrontCap,PS2-1221 · Motor bearing end cap001,Controller,metal,1,144.9200983137721,17.699999999999996,0.6000000000000227,17.700000000000003,Schematic internal layout
PS2-1222,DS2RumbleLShaft,PS2-1222 · Rumble motor shaft,Controller,metal,1,59.01481799768429,1.7000000000000028,26.0,1.6999999999999993,Schematic internal layout
PS2-1223,DS2RumbleLMagnet,PS2-1223 · Motor stator magnet study,Controller,black,1,857.6547944300128,16.400000000000006,13.0,16.4,Schematic internal layout
PS2-1224,DS2RumbleLRotor,PS2-1224 · Motor armature study,Controller,copper,1,1292.6868371358605,13.0,10.0,13.0,Schematic internal layout
PS2-1225,DS2RumbleLWeight,PS2-1225 · Eccentric rumble counterweight,Controller,metal,1,668.5123144537918,18.0,5.0,9.5,Schematic internal layout
PS2-1226,DS2RumbleLSeat,PS2-1226 · Moulded grip motor saddle study,Controller,ctrlcream,1,291.03714342855847,20.099999999999994,12.0,10.050000000000004,Schematic internal layout
PS2-1227,DS2RumbleLWire0,PS2-1227 · Motor power lead study,Controller,red,1,3.912826591106115,19.374999580555233,7.580277296383173,1.158637907563584,Schematic internal layout
PS2-1228,DS2RumbleLWire1,PS2-1228 · Motor power lead study001,Controller,black,1,2.9156850828567378,14.374999580555233,6.580277296383173,1.1586379075635858,Schematic internal layout
PS2-1229,DS2RumbleRCan,PS2-1229 · Unequal rumble motor steel can001,Controller,metal,1,327.60528191634353,12.400000000000006,16.0,12.399999999999999,Schematic internal layout
PS2-1230,DS2RumbleRRearCap,PS2-1230 · Motor bearing end cap002,Controller,black,1,66.27975100911047,12.099999999999994,0.5999999999999943,12.100000000000001,Schematic internal layout
PS2-1231,DS2RumbleRFrontCap,PS2-1231 · Motor bearing end cap003,Controller,metal,1,66.27975100911142,12.099999999999994,0.6000000000000227,12.100000000000001,Schematic internal layout
PS2-1232,DS2RumbleRShaft,PS2-1232 · Rumble motor shaft001,Controller,metal,1,59.01481799768429,1.7000000000000028,26.0,1.6999999999999993,Schematic internal layout
PS2-1233,DS2RumbleRMagnet,PS2-1233 · Motor stator magnet study001,Controller,black,1,537.463671176142,10.799999999999997,13.0,10.799999999999999,Schematic internal layout
PS2-1234,DS2RumbleRRotor,PS2-1234 · Motor armature study001,Controller,copper,1,395.44797527061525,7.400000000000006,10.0,7.399999999999999,Schematic internal layout
PS2-1235,DS2RumbleRWeight,PS2-1235 · Eccentric rumble counterweight001,Controller,metal,1,320.23637998117744,12.400000000000006,5.0,6.699999999999999,Schematic internal layout
PS2-1236,DS2RumbleRSeat,PS2-1236 · Moulded grip motor saddle study001,Controller,ctrlcream,1,206.59113290006457,14.5,12.0,7.250000000000002,Schematic internal layout
PS2-1237,DS2RumbleRWire0,PS2-1237 · Motor power lead study002,Controller,red,1,3.2480655856065206,15.374999580555233,7.580277296383173,1.158637907563584,Schematic internal layout
PS2-1238,DS2RumbleRWire1,PS2-1238 · Motor power lead study003,Controller,black,1,3.5804460883563065,18.374999580555233,6.580277296383173,1.1586379075635858,Schematic internal layout
PS2-1239,DS2CaseScrew0,PS2-1239 · Cross-head fastener046,Controller,metal,1,28.781352403259255,3.0,3.0,22.33,Schematic internal layout
PS2-1240,DS2CaseScrew1,PS2-1240 · Cross-head fastener047,Controller,metal,1,28.781352403259255,3.0,3.0,22.33,Schematic internal layout
PS2-1241,DS2CaseScrew2,PS2-1241 · Cross-head fastener048,Controller,metal,1,28.781352403259255,3.0,3.0,22.33,Schematic internal layout
PS2-1242,DS2CaseScrew3,PS2-1242 · Cross-head fastener049,Controller,metal,1,28.781352403259344,3.0,3.0,22.33,Schematic internal layout
PS2-1243,DS2CaseScrew4,PS2-1243 · Cross-head fastener050,Controller,metal,1,28.78135240325936,3.0,3.0,22.33,Schematic internal layout
PS2-1244,DS2CaseScrew5,PS2-1244 · Cross-head fastener051,Controller,metal,1,28.781352403259355,3.0,3.0,22.33,Schematic internal layout
PS2-1245,DS2CableRelief,PS2-1245 · Ribbed cable strain relief,Controller,black,1,152.16304017662173,6.0,12.0,6.0,Published body envelope; approximate local exterior detail
PS2-1246,DS2Cable,PS2-1246 · DualShock 2 cable routing study,Controller,black,1,1940.381268847267,149.7500001,52.98104938448128,9.500000200000011,Published body envelope; approximate local exterior detail
PS2-1247,DS2CableLead0,PS2-1247 · Controller internal cable lead study,Controller,red,1,1.1898390685464935,7.2600002,14.799868766347686,2.6132240719563704,Schematic internal layout
PS2-1248,DS2CableLead1,PS2-1248 · Controller internal cable lead study001,Controller,black,1,1.242007319730019,7.910000200000001,14.80616422008282,3.035027817373029,Schematic internal layout
PS2-1249,DS2CableLead2,PS2-1249 · Controller internal cable lead study002,Controller,white,1,1.2951393679132843,8.560000200000001,14.81080884152496,3.4579809843711775,Schematic internal layout
PS2-1250,DS2CableLead3,PS2-1250 · Controller internal cable lead study003,Controller,blue,1,1.349002304560424,9.2100002,14.814291737482677,3.881946841183,Schematic internal layout
PS2-1251,DS2CableLead4,PS2-1251 · Controller internal cable lead study004,Controller,gold,1,1.4034286141567462,9.860000200000002,14.816948806830283,4.306771365451574,Schematic internal layout
PS2-1252,DS2CableLead5,PS2-1252 · Controller internal cable lead study005,Controller,ctrlcyan,1,1.458296179773955,10.5100002,14.819010230127475,4.73231228906708,Schematic internal layout
PS2-1253,DS2CableLead6,PS2-1253 · Controller internal cable lead study006,Controller,ctrlpurple,1,1.5135146012915432,11.160000200000002,14.820635029645814,5.158447903070568,Schematic internal layout
PS2-1254,DS2CableLead7,PS2-1254 · Controller internal cable lead study007,Controller,ctrlcoral,1,1.5690159025421906,11.810000200000001,14.821934504640069,5.585077550883625,Schematic internal layout
PS2-1255,DS2Plug,PS2-1255 · Nine-position DualShock 2 plug housing,Controller,ps2black,1,3413.3526444897257,20.0,42.0,12.0,Published body envelope; approximate local exterior detail
PS2-1256,DS2PlugRelief,PS2-1256 · Plug strain relief,Controller,black,1,371.356672006562,11.800000000000011,9.600000000000023,9.600000000000001,Published body envelope; approximate local exterior detail
PS2-1257,DS2PlugPin0,PS2-1257 · Controller plug terminal study,Controller,metal,1,3.3116156480020704,7.300000000000011,0.7599999999999909,0.7600000000000016,Schematic internal layout
PS2-1258,DS2PlugPin1,PS2-1258 · Controller plug terminal study001,Controller,metal,1,3.3116156480020704,7.300000000000011,0.7599999999999909,0.7600000000000016,Schematic internal layout
PS2-1259,DS2PlugPin2,PS2-1259 · Controller plug terminal study002,Controller,metal,1,3.3116156480020704,7.300000000000011,0.7599999999999909,0.7600000000000016,Schematic internal layout
PS2-1260,DS2PlugTriplet0,PS2-1260 · Three-position plug insulator,Controller,black,1,295.69148125717004,5.0,12.200000000000045,5.200000000000003,Published body envelope; approximate local exterior detail
PS2-1261,DS2PlugPin3,PS2-1261 · Controller plug terminal study003,Controller,metal,1,3.3116156480020704,7.300000000000011,0.7599999999999909,0.7600000000000016,Schematic internal layout
PS2-1262,DS2PlugPin4,PS2-1262 · Controller plug terminal study004,Controller,metal,1,3.3116156480020704,7.300000000000011,0.7599999999999909,0.7600000000000016,Schematic internal layout
PS2-1263,DS2PlugPin5,PS2-1263 · Controller plug terminal study005,Controller,metal,1,3.3116156480020704,7.300000000000011,0.7599999999999909,0.7600000000000016,Schematic internal layout
PS2-1264,DS2PlugTriplet1,PS2-1264 · Three-position plug insulator001,Controller,black,1,295.69148125717004,5.0,12.200000000000045,5.200000000000003,Published body envelope; approximate local exterior detail
PS2-1265,DS2PlugPin6,PS2-1265 · Controller plug terminal study006,Controller,metal,1,3.3116156480020704,7.300000000000011,0.7599999999999909,0.7600000000000016,Schematic internal layout
PS2-1266,DS2PlugPin8,PS2-1266 · Controller plug terminal study007,Controller,metal,1,3.3116156480020704,7.300000000000011,0.7599999999999909,0.7600000000000016,Schematic internal layout
PS2-1267,DS2PlugTriplet2,PS2-1267 · Three-position plug insulator002,Controller,black,1,295.69148125717004,5.0,12.200000000000045,5.200000000000003,Published body envelope; approximate local exterior detail
PS2-1268,DS2PlugMark,PS2-1268 · SONY001,Controller,white,4,0.08647421146573606,7.3542282879194545,2.0464431530201352,0.01800020000000302,Published body envelope; approximate local exterior detail
PS2-1269,DS2RearModel,PS2-1269 · SCPH-10010 / CAD STUDY,Controller,white,19,0.13349699875179807,21.628859160402687,1.395973254362417,0.01800019999999991,Published body envelope; approximate local exterior detail
PS2-1270,CardRear,PS2-1270 · Native 8 MB memory-card lower cover004,MemoryCard,ps2black,1,2747.656102479201,41.0,55.0,3.5,Published body envelope; approximate local exterior detail
PS2-1271,CardFront,PS2-1271 · Native 8 MB memory-card upper cover004,MemoryCard,ps2black,1,2398.4562019549726,41.0,55.0,3.9,Published body envelope; approximate local exterior detail
PS2-1272,CardPCB,PS2-1272 · Native memory-card family board002,MemoryCard,pcb,1,1673.7638059619728,36.0,47.0,1.0,Published body envelope; approximate local exterior detail
PS2-1273,CardFinger0,PS2-1273 · Eight-contact memory-card edge finger,MemoryCard,gold,1,0.3897853981633974,2.6000000000000085,6.0,0.02499999999999991,Schematic internal layout
PS2-1274,CardFinger1,PS2-1274 · Eight-contact memory-card edge finger001,MemoryCard,gold,1,0.3897853981633967,2.5999999999999943,6.0,0.02499999999999991,Schematic internal layout
PS2-1275,CardFinger2,PS2-1275 · Eight-contact memory-card edge finger002,MemoryCard,gold,1,0.38978539816339675,2.5999999999999943,6.0,0.02499999999999991,Schematic internal layout
PS2-1276,CardFinger3,PS2-1276 · Eight-contact memory-card edge finger003,MemoryCard,gold,1,0.3897853981633967,2.5999999999999943,6.0,0.02499999999999991,Schematic internal layout
PS2-1277,CardFinger4,PS2-1277 · Eight-contact memory-card edge finger004,MemoryCard,gold,1,0.3897853981633967,2.5999999999999943,6.0,0.02499999999999991,Schematic internal layout
PS2-1278,CardFinger5,PS2-1278 · Eight-contact memory-card edge finger005,MemoryCard,gold,1,0.3897853981633967,2.5999999999999943,6.0,0.02499999999999991,Schematic internal layout
PS2-1279,CardFinger6,PS2-1279 · Eight-contact memory-card edge finger006,MemoryCard,gold,1,0.3897853981633967,2.5999999999999943,6.0,0.02499999999999991,Schematic internal layout
PS2-1280,CardFinger7,PS2-1280 · Eight-contact memory-card edge finger007,MemoryCard,gold,1,0.38978539816339675,2.5999999999999943,6.0,0.02499999999999991,Schematic internal layout
PS2-1281,CardNAND,PS2-1281 · 8 MB NAND package,MemoryCard,black,1,395.7527786842338,20.0,11.0,1.7999999999999998,Schematic internal layout
PS2-1282,CardNANDLeads,PS2-1282 · 48 formed package leads004,MemoryCard,metal,48,7.256256000000056,18.28,14.800000000000011,1.4800000000000004,Schematic internal layout
PS2-1283,CardNANDPads,PS2-1283 · 48 package landing pads004,MemoryCard,gold,48,0.2995199999999939,18.400000000000006,14.759999999999991,0.019999999999999574,Schematic internal layout
PS2-1284,CardNANDMark,PS2-1284 · 8 MB NAND,MemoryCard,white,7,0.06997989704582788,9.453083253691261,1.2668458375838725,0.018000200000000355,Published body envelope; approximate local exterior detail
PS2-1285,CardNANDPinOne,PS2-1285 · Package pin-one mark021,MemoryCard,psdark,1,0.008312654161398722,0.8400000000000034,0.839999999999975,0.015000000000000568,Schematic internal layout
PS2-1286,CardLogic,PS2-1286 · CARD LOGIC package,MemoryCard,black,1,114.95277868423386,8.0,8.0,1.7999999999999998,Schematic internal layout
PS2-1287,CardLogicLeads,PS2-1287 · 48 formed package leads005,MemoryCard,metal,48,7.256256000000034,11.800000000000011,11.800000000000011,1.4800000000000004,Schematic internal layout
PS2-1288,CardLogicPads,PS2-1288 · 48 package landing pads005,MemoryCard,gold,48,0.29951999999999346,11.759999999999991,11.759999999999991,0.019999999999999574,Schematic internal layout
PS2-1289,CardLogicMark,PS2-1289 · CARD LOGIC,MemoryCard,white,9,0.02647839638675057,6.400000024558281,0.7890803575357097,0.018000200000000355,Published body envelope; approximate local exterior detail
PS2-1290,CardLogicPinOne,PS2-1290 · Package pin-one mark022,MemoryCard,psdark,1,0.008312654161398722,0.8400000000000034,0.839999999999975,0.015000000000000568,Schematic internal layout
PS2-1291,CardPassive0,PS2-1291 · Chip resistor038,MemoryCard,black,1,1.0047037157897831,1.4000000000000057,1.2000000000000455,0.6000000000000001,Schematic internal layout
PS2-1292,CardPassive0Ends,PS2-1292 · Surface-mount metal end caps103,MemoryCard,metal,2,0.5015999999999899,2.1999999999999886,1.1999999999999886,0.5500000000000007,Schematic internal layout
PS2-1293,CardPassive1,PS2-1293 · Ceramic decoupling capacitor065,MemoryCard,ceramic,1,1.0047037157897831,1.4000000000000057,1.2000000000000455,0.6000000000000001,Schematic internal layout
PS2-1294,CardPassive1Ends,PS2-1294 · Surface-mount metal end caps104,MemoryCard,metal,2,0.5015999999999899,2.1999999999999886,1.1999999999999886,0.5500000000000007,Schematic internal layout
PS2-1295,CardPassive2,PS2-1295 · Chip resistor039,MemoryCard,black,1,1.004703715789783,1.4000000000000057,1.2000000000000455,0.6000000000000001,Schematic internal layout
PS2-1296,CardPassive2Ends,PS2-1296 · Surface-mount metal end caps105,MemoryCard,metal,2,0.5015999999999898,2.1999999999999886,1.1999999999999886,0.5500000000000007,Schematic internal layout
PS2-1297,CardPassive3,PS2-1297 · Ceramic decoupling capacitor066,MemoryCard,ceramic,1,1.004703715789783,1.4000000000000057,1.2000000000000455,0.6000000000000001,Schematic internal layout
PS2-1298,CardPassive3Ends,PS2-1298 · Surface-mount metal end caps106,MemoryCard,metal,2,0.5015999999999898,2.1999999999999886,1.1999999999999886,0.5500000000000007,Schematic internal layout
PS2-1299,CardPassive4,PS2-1299 · Chip resistor040,MemoryCard,black,1,1.0047037157897831,1.4000000000000057,1.2000000000000455,0.6000000000000001,Schematic internal layout
PS2-1300,CardPassive4Ends,PS2-1300 · Surface-mount metal end caps107,MemoryCard,metal,2,0.5015999999999898,2.1999999999999886,1.1999999999999886,0.5500000000000007,Schematic internal layout
PS2-1301,CardPassive5,PS2-1301 · Ceramic decoupling capacitor067,MemoryCard,ceramic,1,1.0047037157897831,1.4000000000000057,1.2000000000000455,0.6000000000000001,Schematic internal layout
PS2-1302,CardPassive5Ends,PS2-1302 · Surface-mount metal end caps108,MemoryCard,metal,2,0.5015999999999899,2.1999999999999886,1.1999999999999886,0.5500000000000007,Schematic internal layout
PS2-1303,CardArrow,PS2-1303 · Moulded card insertion arrow,MemoryCard,ps2word,1,0.08099999999999971,6.0,1.5,0.017999999999999794,Published body envelope; approximate local exterior detail
PS2-1304,CardFamilyMark,PS2-1304 · PlayStation 002,MemoryCard,white,13,0.2012435250460277,18.12702201208053,2.746308824832198,0.018000200000000355,Published body envelope; approximate local exterior detail
PS2-1305,CardCapacityMark,PS2-1305 · 8 MB,MemoryCard,white,3,0.296837306737308,12.185067314093942,3.8979867771811882,0.018000200000000355,Published body envelope; approximate local exterior detail
PS2-1306,CardMemoryMark,PS2-1306 · MEMORY CARD002,MemoryCard,white,10,0.1362592113193092,15.244630972483208,1.5591948308724568,0.018000200000000355,Published body envelope; approximate local exterior detail
PS2-1307,CardMagicGateMark,PS2-1307 · MagicGate,MemoryCard,white,10,0.12020417321749256,12.016057146979861,2.2469799657718,0.018000200000000355,Published body envelope; approximate local exterior detail
PS2-1308,CardSonyMark,PS2-1308 · SONY002,MemoryCard,white,4,0.13255457358466335,9.105234999328857,2.5336914751678137,0.018000200000000355,Published body envelope; approximate local exterior detail
PS2-1309,CardModel,PS2-1309 · SCPH-10020 / CAD STUDY,MemoryCard,ps2word,19,0.09634259919724873,18.301342381879195,1.1812081536912729,0.018000199999999997,Published body envelope; approximate local exterior detail
PS2-1310,ACWallPlug,PS2-1310 · Japanese two-blade AC plug,Accessories,black,1,4273.711230457619,23.0,17.0,11.0,Published body envelope; approximate local exterior detail
PS2-1311,ACWallBlade0,PS2-1311 · Flat AC blade,Accessories,metal,1,108.39269908169811,1.3999999999999773,6.199999999999989,12.500000000000002,Published body envelope; approximate local exterior detail
PS2-1312,ACWallBlade1,PS2-1312 · Flat AC blade001,Accessories,metal,1,108.39269908169811,1.3999999999999773,6.199999999999989,12.500000000000002,Published body envelope; approximate local exterior detail
PS2-1313,ACCord,PS2-1313 · Mains cord display length,Accessories,black,1,1935.1652053436053,103.60000020000004,73.10000010000003,6.1000002,Published body envelope; approximate local exterior detail
PS2-1314,ACDeviceGrip,PS2-1314 · Figure-eight connector grip,Accessories,black,1,2865.4929158456675,24.0,12.0,10.0,Published body envelope; approximate local exterior detail
PS2-1315,ACDeviceHead,PS2-1315 · C7-style two-position connector study,Accessories,black,1,864.1397982589519,10.0,14.600000000000001,8.0,Published body envelope; approximate local exterior detail
PS2-1316,ACDeviceContact0,PS2-1316 · Device mains socket contact,Accessories,metal,1,9.613273519984762,6.0,2.0,2.0,Published body envelope; approximate local exterior detail
PS2-1317,ACDeviceContact1,PS2-1317 · Device mains socket contact001,Accessories,metal,1,9.613273519984762,6.0,2.0,2.0,Published body envelope; approximate local exterior detail
PS2-1318,AVPlugGrip,PS2-1318 · PlayStation AV MULTI connector grip,Accessories,black,1,5169.097335529234,20.80000000000001,25.0,10.000000000000007,Published body envelope; approximate local exterior detail
PS2-1319,AVPlugShield,PS2-1319 · Rectangular AV MULTI metal sleeve,Accessories,metal,1,194.39681348704602,17.80000000000001,8.400000000000002,6.600000000000003,Published body envelope; approximate local exterior detail
PS2-1320,AVPlugCarrier,PS2-1320 · AV MULTI insulating tongue001,Accessories,black,1,130.91832075864633,16.0,6.300000000000001,1.3000000000000025,Schematic internal layout
PS2-1321,AVPlugContact0,PS2-1321 · AV MULTI contact 1,Accessories,gold,1,0.4153646003293848,0.5,6.0,0.14000000000000234,Schematic internal layout
PS2-1322,AVPlugContact1,PS2-1322 · AV MULTI contact 2,Accessories,gold,1,0.4153646003293848,0.5,6.0,0.14000000000000234,Schematic internal layout
PS2-1323,AVPlugContact2,PS2-1323 · AV MULTI contact 3,Accessories,gold,1,0.4153646003293848,0.5,6.0,0.14000000000000234,Schematic internal layout
PS2-1324,AVPlugContact3,PS2-1324 · AV MULTI contact 4,Accessories,gold,1,0.4153646003293848,0.5,6.0,0.14000000000000234,Schematic internal layout
PS2-1325,AVPlugContact4,PS2-1325 · AV MULTI contact 5,Accessories,gold,1,0.4153646003293848,0.5,6.0,0.14000000000000234,Schematic internal layout
PS2-1326,AVPlugContact5,PS2-1326 · AV MULTI contact 6,Accessories,gold,1,0.4153646003293848,0.5,6.0,0.14000000000000234,Schematic internal layout
PS2-1327,AVPlugContact6,PS2-1327 · AV MULTI contact 7,Accessories,gold,1,0.4153646003293848,0.5,6.0,0.14000000000000234,Schematic internal layout
PS2-1328,AVPlugContact7,PS2-1328 · AV MULTI contact 8,Accessories,gold,1,0.41536460032938477,0.5,6.0,0.14000000000000234,Schematic internal layout
PS2-1329,AVPlugContact8,PS2-1329 · AV MULTI contact 9,Accessories,gold,1,0.41536460032938477,0.5,6.0,0.14000000000000234,Schematic internal layout
PS2-1330,AVPlugContact9,PS2-1330 · AV MULTI contact 10,Accessories,gold,1,0.41536460032938477,0.5,6.0,0.14000000000000234,Schematic internal layout
PS2-1331,AVPlugContact10,PS2-1331 · AV MULTI contact 11,Accessories,gold,1,0.41536460032938477,0.5,6.0,0.14000000000000234,Schematic internal layout
PS2-1332,AVPlugContact11,PS2-1332 · AV MULTI contact 12,Accessories,gold,1,0.41536460032938477,0.5,6.0,0.14000000000000234,Schematic internal layout
PS2-1333,AVCable,PS2-1333 · AV cable display length,Accessories,black,1,1991.405463260448,93.8000002,91.6,3.8000002000000004,Published body envelope; approximate local exterior detail
PS2-1334,AVSplitter,PS2-1334 · Three-way AV cable splitter,Accessories,black,1,1111.4159265358978,14.0,8.0,10.0,Published body envelope; approximate local exterior detail
PS2-1335,AVBranch0,PS2-1335 · Individual RCA lead,Accessories,black,1,176.5678890909918,27.20000020000009,29.600000000000023,2.200000199999999,Published body envelope; approximate local exterior detail
PS2-1336,RCAGrip0,PS2-1336 · RCA connector grip,Accessories,black,1,1447.6458947741758,9.600000000000023,20.0,9.600000000000001,Published body envelope; approximate local exterior detail
PS2-1337,RCAColor0,PS2-1337 · RCA function-color ring,Accessories,yellow,1,33.151656477006384,10.399999999999977,3.0,10.399999999999999,Published body envelope; approximate local exterior detail
PS2-1338,RCAGround0,PS2-1338 · RCA ground sleeve,Accessories,metal,1,163.61414539895597,7.399999999999977,7.0,7.3999999999999995,Published body envelope; approximate local exterior detail
PS2-1339,RCACenter0,PS2-1339 · RCA signal contact,Accessories,gold,1,22.902210444669638,1.7999999999999545,9.0,1.8000000000000007,Published body envelope; approximate local exterior detail
PS2-1340,AVBranch1,PS2-1340 · Individual RCA lead001,Accessories,black,1,112.51928248097418,2.2000000000000455,29.600000000000023,2.1999999999999993,Published body envelope; approximate local exterior detail
PS2-1341,RCAGrip1,PS2-1341 · RCA connector grip001,Accessories,black,1,1447.6458947741758,9.600000000000023,20.0,9.600000000000001,Published body envelope; approximate local exterior detail
PS2-1342,RCAColor1,PS2-1342 · RCA function-color ring001,Accessories,white,1,33.151656477006384,10.399999999999977,3.0,10.4,Published body envelope; approximate local exterior detail
PS2-1343,RCAGround1,PS2-1343 · RCA ground sleeve001,Accessories,metal,1,163.61414539895597,7.399999999999977,7.0,7.3999999999999995,Published body envelope; approximate local exterior detail
PS2-1344,RCACenter1,PS2-1344 · RCA signal contact001,Accessories,gold,1,22.902210444669638,1.7999999999999545,9.0,1.8000000000000007,Published body envelope; approximate local exterior detail
PS2-1345,AVBranch2,PS2-1345 · Individual RCA lead002,Accessories,black,1,176.5678890909919,27.20000020000009,29.600000000000023,2.200000199999999,Published body envelope; approximate local exterior detail
PS2-1346,RCAGrip2,PS2-1346 · RCA connector grip002,Accessories,black,1,1447.6458947741758,9.600000000000023,20.0,9.600000000000001,Published body envelope; approximate local exterior detail
PS2-1347,RCAColor2,PS2-1347 · RCA function-color ring002,Accessories,red,1,33.151656477006384,10.399999999999977,3.0,10.399999999999999,Published body envelope; approximate local exterior detail
PS2-1348,RCAGround2,PS2-1348 · RCA ground sleeve002,Accessories,metal,1,163.61414539895597,7.399999999999977,7.0,7.3999999999999995,Published body envelope; approximate local exterior detail
PS2-1349,RCACenter2,PS2-1349 · RCA signal contact002,Accessories,gold,1,22.902210444669638,1.7999999999999545,9.0,1.8000000000000007,Published body envelope; approximate local exterior detail
PS2-1350,BlankDisc,PS2-1350 · Blank utility-disc study medium,Accessories,metal,1,13359.622759390593,120.0,120.0,1.2,Published body envelope; approximate local exterior detail
PS2-1351,BlankDiscHub,PS2-1351 · Transparent disc hub study,Accessories,white,1,29.153665666047935,34.0,34.0,0.040000000000000036,Published body envelope; approximate local exterior detail
PS2-1352,BlankDiscMark,PS2-1352 · BLANK CD,Accessories,black,7,0.3136011707542039,19.257508589261732,2.923490132885945,0.018000200000000133,Published body envelope; approximate local exterior detail
