Part number,Part ID,Label,Assembly,Material,Solid count,Volume mm3,X mm,Y mm,Z mm,Fidelity
PS5-0001,UpperCover,PS5-0001 · Continuous white non-drive cover,Body,ps5white,1,238068.84811107648,390.0000002,260.00000020000004,22.465922259183287,Published approximate body envelope; photo-estimated local curves and details
PS5-0002,LowerCover,PS5-0002 · Asymmetric white drive-side cover001,Body,ps5white,1,237397.04429279352,390.00000020000004,260.00000020000004,31.839261936564696,Published approximate body envelope; photo-estimated local curves and details
PS5-0003,CoreFrame,PS5-0003 · Original black central chassis022,Frame,ps5gloss,1,204941.1935672619,358.00000009999997,235.0000001,59.000000199999995,Published approximate body envelope; photo-estimated local curves and details
PS5-0004,DiscBrush0,PS5-0004 · Opposed disc dust brush,FrontIO,black,1,136.49699557428772,130.0,3.0,0.3500000000000014,Published approximate body envelope; photo-estimated local curves and details
PS5-0005,DiscBrush1,PS5-0005 · Opposed disc dust brush001,FrontIO,black,1,136.49699557428772,130.0,3.0,0.3500000000000014,Published approximate body envelope; photo-estimated local curves and details
PS5-0006,PowerButton,PS5-0006 · Power front control,Controls,black,1,66.59911485751282,12.0,2.0,2.799999999999997,Published approximate body envelope; photo-estimated local curves and details
PS5-0007,EjectButton,PS5-0007 · Eject front control,Controls,black,1,66.59911485751282,12.0,2.0,2.799999999999997,Published approximate body envelope; photo-estimated local curves and details
PS5-0008,FrontStatusGuide,PS5-0008 · Blue status light guide above the glossy spine,Controls,ps5blue,1,102.59446530723861,287.0,0.5500000000000114,0.6500000000000057,Published approximate body envelope; photo-estimated local curves and details
PS5-0009,FrontUSBShield,PS5-0009 · USB Type-A formed metal shield,FrontIO,metal,1,182.00042088168755,14.4,12.0,6.700000000000003,Published approximate body envelope; photo-estimated local curves and details
PS5-0010,FrontUSBRearCarrier,PS5-0010 · USB rear insulator001,FrontIO,black,1,61.18036073760025,13.100000000000001,0.8499999999999943,5.5,Schematic internal layout
PS5-0011,FrontUSBTongue,PS5-0011 · USB connector tongue,FrontIO,black,1,112.70772012644099,12.200000000000001,8.800000000000011,1.0499999999999972,Published approximate body envelope; photo-estimated local curves and details
PS5-0012,FrontUSBContact0,PS5-0012 · USB legacy contact,FrontIO,gold,1,0.3885214512719488,0.6499999999999986,4.600000000000023,0.13000000000000256,Schematic internal layout
PS5-0013,FrontUSBContact1,PS5-0013 · USB legacy contact001,FrontIO,gold,1,0.3885214512719488,0.6499999999999986,4.600000000000023,0.13000000000000256,Schematic internal layout
PS5-0014,FrontUSBContact2,PS5-0014 · USB legacy contact002,FrontIO,gold,1,0.3885214512719488,0.6499999999999986,4.600000000000023,0.13000000000000256,Schematic internal layout
PS5-0015,FrontUSBContact3,PS5-0015 · USB legacy contact003,FrontIO,gold,1,0.3885214512719488,0.6499999999999986,4.600000000000023,0.13000000000000256,Schematic internal layout
PS5-0016,FrontUSBTail0,PS5-0016 · USB board terminal,FrontIO,gold,1,0.19584977871437878,0.28000000000000114,2.5,0.28000000000000114,Schematic internal layout
PS5-0017,FrontUSBTail1,PS5-0017 · USB board terminal001,FrontIO,gold,1,0.19584977871437875,0.28000000000000114,2.5,0.28000000000000114,Schematic internal layout
PS5-0018,FrontUSBTail2,PS5-0018 · USB board terminal002,FrontIO,gold,1,0.19584977871437872,0.28000000000000114,2.5,0.28000000000000114,Schematic internal layout
PS5-0019,FrontUSBTail3,PS5-0019 · USB board terminal003,FrontIO,gold,1,0.19584977871437875,0.28000000000000114,2.5,0.28000000000000114,Schematic internal layout
PS5-0020,RearUSB0Shield,PS5-0020 · USB Type-A formed metal shield001,Ports,metal,1,182.0004208816872,14.400000000000006,12.0,6.700000000000003,Published approximate body envelope; photo-estimated local curves and details
PS5-0021,RearUSB0RearCarrier,PS5-0021 · USB rear insulator003,Ports,black,1,61.16170216466643,13.099999999999994,0.8499999999999943,5.5,Schematic internal layout
PS5-0022,RearUSB0Tongue,PS5-0022 · USB connector tongue001,Ports,blue,1,112.70772012644096,12.200000000000017,8.800000000000011,1.0499999999999972,Published approximate body envelope; photo-estimated local curves and details
PS5-0023,RearUSB0Contact0,PS5-0023 · USB legacy contact004,Ports,gold,1,0.38852145127195026,0.6500000000000057,4.600000000000023,0.13000000000000256,Schematic internal layout
PS5-0024,RearUSB0Contact1,PS5-0024 · USB legacy contact005,Ports,gold,1,0.38852145127195026,0.6500000000000057,4.600000000000023,0.13000000000000256,Schematic internal layout
PS5-0025,RearUSB0Contact2,PS5-0025 · USB legacy contact006,Ports,gold,1,0.38852145127195026,0.6500000000000057,4.600000000000023,0.13000000000000256,Schematic internal layout
PS5-0026,RearUSB0Contact3,PS5-0026 · USB legacy contact007,Ports,gold,1,0.38852145127195026,0.6500000000000057,4.600000000000023,0.13000000000000256,Schematic internal layout
PS5-0027,RearUSB0SuperSpeed0,PS5-0027 · USB additional data contact,Ports,gold,1,0.0857302544031046,0.4399999999999977,1.5,0.13000000000000256,Schematic internal layout
PS5-0028,RearUSB0SuperSpeed1,PS5-0028 · USB additional data contact001,Ports,gold,1,0.0857302544031046,0.4399999999999977,1.5,0.13000000000000256,Schematic internal layout
PS5-0029,RearUSB0SuperSpeed2,PS5-0029 · USB additional data contact002,Ports,gold,1,0.0857302544031046,0.4399999999999977,1.5,0.13000000000000256,Schematic internal layout
PS5-0030,RearUSB0SuperSpeed3,PS5-0030 · USB additional data contact003,Ports,gold,1,0.0857302544031046,0.4399999999999977,1.5,0.13000000000000256,Schematic internal layout
PS5-0031,RearUSB0SuperSpeed4,PS5-0031 · USB additional data contact004,Ports,gold,1,0.08573025440310458,0.4399999999999977,1.5,0.13000000000000256,Schematic internal layout
PS5-0032,RearUSB0Tail0,PS5-0032 · USB board terminal004,Ports,gold,1,0.19584977871437875,0.28000000000000114,2.5,0.28000000000000114,Schematic internal layout
PS5-0033,RearUSB0Tail1,PS5-0033 · USB board terminal005,Ports,gold,1,0.19584977871437875,0.28000000000000114,2.5,0.28000000000000114,Schematic internal layout
PS5-0034,RearUSB0Tail2,PS5-0034 · USB board terminal006,Ports,gold,1,0.19584977871437875,0.28000000000000114,2.5,0.28000000000000114,Schematic internal layout
PS5-0035,RearUSB0Tail3,PS5-0035 · USB board terminal007,Ports,gold,1,0.19584977871437872,0.28000000000000114,2.5,0.28000000000000114,Schematic internal layout
PS5-0036,RearUSB0Tail4,PS5-0036 · USB board terminal008,Ports,gold,1,0.19584977871437875,0.28000000000000114,2.5,0.28000000000000114,Schematic internal layout
PS5-0037,RearUSB0Tail5,PS5-0037 · USB board terminal009,Ports,gold,1,0.19584977871437875,0.28000000000000114,2.5,0.28000000000000114,Schematic internal layout
PS5-0038,RearUSB0Tail6,PS5-0038 · USB board terminal010,Ports,gold,1,0.19584977871437875,0.28000000000000114,2.5,0.28000000000000114,Schematic internal layout
PS5-0039,RearUSB0Tail7,PS5-0039 · USB board terminal011,Ports,gold,1,0.19584977871437875,0.28000000000000114,2.5,0.28000000000000114,Schematic internal layout
PS5-0040,RearUSB0Tail8,PS5-0040 · USB board terminal012,Ports,gold,1,0.19584977871437872,0.28000000000000114,2.5,0.28000000000000114,Schematic internal layout
PS5-0041,RearUSB1Shield,PS5-0041 · USB Type-A formed metal shield002,Ports,metal,1,182.0004208816872,14.400000000000006,12.0,6.700000000000003,Published approximate body envelope; photo-estimated local curves and details
PS5-0042,RearUSB1RearCarrier,PS5-0042 · USB rear insulator005,Ports,black,1,61.16170216466643,13.099999999999994,0.8499999999999943,5.5,Schematic internal layout
PS5-0043,RearUSB1Tongue,PS5-0043 · USB connector tongue002,Ports,blue,1,112.70772012644099,12.200000000000017,8.800000000000011,1.0499999999999972,Published approximate body envelope; photo-estimated local curves and details
PS5-0044,RearUSB1Contact0,PS5-0044 · USB legacy contact008,Ports,gold,1,0.38852145127195026,0.6500000000000057,4.600000000000023,0.13000000000000256,Schematic internal layout
PS5-0045,RearUSB1Contact1,PS5-0045 · USB legacy contact009,Ports,gold,1,0.38852145127195015,0.6500000000000057,4.600000000000023,0.13000000000000256,Schematic internal layout
PS5-0046,RearUSB1Contact2,PS5-0046 · USB legacy contact010,Ports,gold,1,0.38852145127195026,0.6500000000000057,4.600000000000023,0.13000000000000256,Schematic internal layout
PS5-0047,RearUSB1Contact3,PS5-0047 · USB legacy contact011,Ports,gold,1,0.38852145127195026,0.6500000000000057,4.600000000000023,0.13000000000000256,Schematic internal layout
PS5-0048,RearUSB1SuperSpeed0,PS5-0048 · USB additional data contact005,Ports,gold,1,0.0857302544031046,0.4399999999999977,1.5,0.13000000000000256,Schematic internal layout
PS5-0049,RearUSB1SuperSpeed1,PS5-0049 · USB additional data contact006,Ports,gold,1,0.08573025440310458,0.4399999999999977,1.5,0.13000000000000256,Schematic internal layout
PS5-0050,RearUSB1SuperSpeed2,PS5-0050 · USB additional data contact007,Ports,gold,1,0.0857302544031046,0.4399999999999977,1.5,0.13000000000000256,Schematic internal layout
PS5-0051,RearUSB1SuperSpeed3,PS5-0051 · USB additional data contact008,Ports,gold,1,0.0857302544031046,0.4399999999999977,1.5,0.13000000000000256,Schematic internal layout
PS5-0052,RearUSB1SuperSpeed4,PS5-0052 · USB additional data contact009,Ports,gold,1,0.0857302544031046,0.4399999999999977,1.5,0.13000000000000256,Schematic internal layout
PS5-0053,RearUSB1Tail0,PS5-0053 · USB board terminal013,Ports,gold,1,0.19584977871437875,0.28000000000000114,2.5,0.28000000000000114,Schematic internal layout
PS5-0054,RearUSB1Tail1,PS5-0054 · USB board terminal014,Ports,gold,1,0.19584977871437875,0.28000000000000114,2.5,0.28000000000000114,Schematic internal layout
PS5-0055,RearUSB1Tail2,PS5-0055 · USB board terminal015,Ports,gold,1,0.19584977871437872,0.28000000000000114,2.5,0.28000000000000114,Schematic internal layout
PS5-0056,RearUSB1Tail3,PS5-0056 · USB board terminal016,Ports,gold,1,0.19584977871437875,0.28000000000000114,2.5,0.28000000000000114,Schematic internal layout
PS5-0057,RearUSB1Tail4,PS5-0057 · USB board terminal017,Ports,gold,1,0.19584977871437875,0.28000000000000114,2.5,0.28000000000000114,Schematic internal layout
PS5-0058,RearUSB1Tail5,PS5-0058 · USB board terminal018,Ports,gold,1,0.19584977871437875,0.28000000000000114,2.5,0.28000000000000114,Schematic internal layout
PS5-0059,RearUSB1Tail6,PS5-0059 · USB board terminal019,Ports,gold,1,0.19584977871437875,0.28000000000000114,2.5,0.28000000000000114,Schematic internal layout
PS5-0060,RearUSB1Tail7,PS5-0060 · USB board terminal020,Ports,gold,1,0.19584977871437875,0.28000000000000114,2.5,0.28000000000000114,Schematic internal layout
PS5-0061,RearUSB1Tail8,PS5-0061 · USB board terminal021,Ports,gold,1,0.19584977871437875,0.28000000000000114,2.5,0.28000000000000114,Schematic internal layout
PS5-0062,USBCTube,PS5-0062 · Front reversible USB-C shield,FrontIO,metal,1,75.536501577071,9.2,10.0,3.6000000000000085,Published approximate body envelope; photo-estimated local curves and details
PS5-0063,USBCInsulator,PS5-0063 · USB-C rounded rear carrier001,FrontIO,black,1,14.529853890925516,8.100000000000001,0.75,2.5999999999999943,Schematic internal layout
PS5-0064,USBCTongue,PS5-0064 · USB-C central tongue,FrontIO,black,1,28.959398223686176,6.8999999999999995,7.0,0.6000000000000014,Published approximate body envelope; photo-estimated local curves and details
PS5-0065,USBCContact-1_0,PS5-0065 · USB-C independent contact,FrontIO,gold,1,0.09213253096491429,0.2400000000000002,4.800000000000011,0.0799999999999983,Schematic internal layout
PS5-0066,USBCContact-1_1,PS5-0066 · USB-C independent contact001,FrontIO,gold,1,0.09213253096491429,0.2400000000000002,4.800000000000011,0.0799999999999983,Schematic internal layout
PS5-0067,USBCContact-1_2,PS5-0067 · USB-C independent contact002,FrontIO,gold,1,0.09213253096491429,0.2400000000000002,4.800000000000011,0.0799999999999983,Schematic internal layout
PS5-0068,USBCContact-1_3,PS5-0068 · USB-C independent contact003,FrontIO,gold,1,0.09213253096491429,0.2400000000000002,4.800000000000011,0.0799999999999983,Schematic internal layout
PS5-0069,USBCContact-1_4,PS5-0069 · USB-C independent contact004,FrontIO,gold,1,0.09213253096491429,0.2400000000000002,4.800000000000011,0.0799999999999983,Schematic internal layout
PS5-0070,USBCContact-1_5,PS5-0070 · USB-C independent contact005,FrontIO,gold,1,0.09213253096491429,0.2400000000000002,4.800000000000011,0.0799999999999983,Schematic internal layout
PS5-0071,USBCContact-1_6,PS5-0071 · USB-C independent contact006,FrontIO,gold,1,0.09213253096491429,0.2400000000000002,4.800000000000011,0.0799999999999983,Schematic internal layout
PS5-0072,USBCContact-1_7,PS5-0072 · USB-C independent contact007,FrontIO,gold,1,0.09213253096491429,0.2400000000000002,4.800000000000011,0.0799999999999983,Schematic internal layout
PS5-0073,USBCContact-1_8,PS5-0073 · USB-C independent contact008,FrontIO,gold,1,0.09213253096491429,0.2400000000000002,4.800000000000011,0.0799999999999983,Schematic internal layout
PS5-0074,USBCContact-1_9,PS5-0074 · USB-C independent contact009,FrontIO,gold,1,0.09213253096491429,0.2400000000000002,4.800000000000011,0.0799999999999983,Schematic internal layout
PS5-0075,USBCContact-1_10,PS5-0075 · USB-C independent contact010,FrontIO,gold,1,0.0921325309649143,0.2400000000000002,4.800000000000011,0.0799999999999983,Schematic internal layout
PS5-0076,USBCContact-1_11,PS5-0076 · USB-C independent contact011,FrontIO,gold,1,0.0921325309649143,0.2400000000000002,4.800000000000011,0.0799999999999983,Schematic internal layout
PS5-0077,USBCContact1_0,PS5-0077 · USB-C independent contact012,FrontIO,gold,1,0.09213253096491429,0.2400000000000002,4.800000000000011,0.0799999999999983,Schematic internal layout
PS5-0078,USBCContact1_1,PS5-0078 · USB-C independent contact013,FrontIO,gold,1,0.09213253096491429,0.2400000000000002,4.800000000000011,0.0799999999999983,Schematic internal layout
PS5-0079,USBCContact1_2,PS5-0079 · USB-C independent contact014,FrontIO,gold,1,0.09213253096491429,0.2400000000000002,4.800000000000011,0.0799999999999983,Schematic internal layout
PS5-0080,USBCContact1_3,PS5-0080 · USB-C independent contact015,FrontIO,gold,1,0.09213253096491429,0.2400000000000002,4.800000000000011,0.0799999999999983,Schematic internal layout
PS5-0081,USBCContact1_4,PS5-0081 · USB-C independent contact016,FrontIO,gold,1,0.09213253096491429,0.2400000000000002,4.800000000000011,0.0799999999999983,Schematic internal layout
PS5-0082,USBCContact1_5,PS5-0082 · USB-C independent contact017,FrontIO,gold,1,0.09213253096491429,0.2400000000000002,4.800000000000011,0.0799999999999983,Schematic internal layout
PS5-0083,USBCContact1_6,PS5-0083 · USB-C independent contact018,FrontIO,gold,1,0.09213253096491429,0.2400000000000002,4.800000000000011,0.0799999999999983,Schematic internal layout
PS5-0084,USBCContact1_7,PS5-0084 · USB-C independent contact019,FrontIO,gold,1,0.09213253096491429,0.2400000000000002,4.800000000000011,0.0799999999999983,Schematic internal layout
PS5-0085,USBCContact1_8,PS5-0085 · USB-C independent contact020,FrontIO,gold,1,0.0921325309649143,0.2400000000000002,4.800000000000011,0.0799999999999983,Schematic internal layout
PS5-0086,USBCContact1_9,PS5-0086 · USB-C independent contact021,FrontIO,gold,1,0.09213253096491429,0.2400000000000002,4.800000000000011,0.0799999999999983,Schematic internal layout
PS5-0087,USBCContact1_10,PS5-0087 · USB-C independent contact022,FrontIO,gold,1,0.0921325309649143,0.2400000000000002,4.800000000000011,0.0799999999999983,Schematic internal layout
PS5-0088,USBCContact1_11,PS5-0088 · USB-C independent contact023,FrontIO,gold,1,0.0921325309649143,0.2400000000000002,4.800000000000011,0.0799999999999983,Schematic internal layout
PS5-0089,LANShield,PS5-0089 · Ethernet folded shield,Ports,metal,1,547.0421855181894,16.0,12.400000000000006,14.0,Published approximate body envelope; photo-estimated local curves and details
PS5-0090,LANCarrier,PS5-0090 · Ethernet insulating rear wall,Ports,black,1,163.33595568258693,14.099999999999994,1.0,11.600000000000001,Schematic internal layout
PS5-0091,LANContact0,PS5-0091 · Ethernet spring contact,Ports,gold,1,0.6034341060965149,0.3499999999999943,7.5,0.22999999999999687,Schematic internal layout
PS5-0092,LANContact1,PS5-0092 · Ethernet spring contact001,Ports,gold,1,0.603434106096515,0.3499999999999943,7.5,0.22999999999999687,Schematic internal layout
PS5-0093,LANContact2,PS5-0093 · Ethernet spring contact002,Ports,gold,1,0.6034341060965149,0.3499999999999943,7.5,0.22999999999999687,Schematic internal layout
PS5-0094,LANContact3,PS5-0094 · Ethernet spring contact003,Ports,gold,1,0.603434106096515,0.3499999999999943,7.5,0.22999999999999687,Schematic internal layout
PS5-0095,LANContact4,PS5-0095 · Ethernet spring contact004,Ports,gold,1,0.6034341060965152,0.3499999999999943,7.5,0.22999999999999687,Schematic internal layout
PS5-0096,LANContact5,PS5-0096 · Ethernet spring contact005,Ports,gold,1,0.6034341060965149,0.3499999999999943,7.5,0.22999999999999687,Schematic internal layout
PS5-0097,LANContact6,PS5-0097 · Ethernet spring contact006,Ports,gold,1,0.6034341060965149,0.3499999999999943,7.5,0.22999999999999687,Schematic internal layout
PS5-0098,LANContact7,PS5-0098 · Ethernet spring contact007,Ports,gold,1,0.6034341060965152,0.3499999999999943,7.5,0.22999999999999687,Schematic internal layout
PS5-0099,LANLight0,PS5-0099 · Ethernet status indicator,Ports,led,1,2.1984955592153885,1.5,1.0,1.5,Published approximate body envelope; photo-estimated local curves and details
PS5-0100,LANLight1,PS5-0100 · Ethernet status indicator001,Ports,led,1,2.1984955592153885,1.5,1.0,1.5,Published approximate body envelope; photo-estimated local curves and details
PS5-0101,HDMIShield,PS5-0101 · Original HDMI formed shield,Ports,metal,1,205.92000000000004,15.6,12.799999999999997,6.599999999999994,Published approximate body envelope; photo-estimated local curves and details
PS5-0102,HDMICarrier,PS5-0102 · HDMI back insulator,Ports,black,1,46.03879644737252,12.0,0.8000000000000114,4.799999999999997,Schematic internal layout
PS5-0103,HDMITongue,PS5-0103 · HDMI nineteen-contact tongue,Ports,black,1,73.2729778357909,11.7,8.699999999999989,0.7199999999999989,Published approximate body envelope; photo-estimated local curves and details
PS5-0104,HDMIContact1_0,PS5-0104 · HDMI independent contact,Ports,gold,1,0.1511517145867662,0.28000000000000114,6.0,0.09000000000000341,Schematic internal layout
PS5-0105,HDMIContact1_1,PS5-0105 · HDMI independent contact001,Ports,gold,1,0.15115171458676638,0.28000000000000025,6.0,0.09000000000000341,Schematic internal layout
PS5-0106,HDMIContact1_2,PS5-0106 · HDMI independent contact002,Ports,gold,1,0.15115171458676638,0.28000000000000025,6.0,0.09000000000000341,Schematic internal layout
PS5-0107,HDMIContact1_3,PS5-0107 · HDMI independent contact003,Ports,gold,1,0.1511517145867663,0.2799999999999998,6.0,0.09000000000000341,Schematic internal layout
PS5-0108,HDMIContact1_4,PS5-0108 · HDMI independent contact004,Ports,gold,1,0.1511517145867663,0.28,6.0,0.09000000000000341,Schematic internal layout
PS5-0109,HDMIContact1_5,PS5-0109 · HDMI independent contact005,Ports,gold,1,0.15115171458676632,0.28,6.0,0.09000000000000341,Schematic internal layout
PS5-0110,HDMIContact1_6,PS5-0110 · HDMI independent contact006,Ports,gold,1,0.15115171458676632,0.2799999999999998,6.0,0.09000000000000341,Schematic internal layout
PS5-0111,HDMIContact1_7,PS5-0111 · HDMI independent contact007,Ports,gold,1,0.15115171458676638,0.28000000000000025,6.0,0.09000000000000341,Schematic internal layout
PS5-0112,HDMIContact1_8,PS5-0112 · HDMI independent contact008,Ports,gold,1,0.15115171458676638,0.28000000000000025,6.0,0.09000000000000341,Schematic internal layout
PS5-0113,HDMIContact1_9,PS5-0113 · HDMI independent contact009,Ports,gold,1,0.1511517145867662,0.28000000000000114,6.0,0.09000000000000341,Schematic internal layout
PS5-0114,HDMIContact-1_0,PS5-0114 · HDMI independent contact010,Ports,gold,1,0.1511517145867662,0.28000000000000114,6.0,0.09000000000000341,Schematic internal layout
PS5-0115,HDMIContact-1_1,PS5-0115 · HDMI independent contact011,Ports,gold,1,0.15115171458676635,0.28000000000000025,6.0,0.09000000000000341,Schematic internal layout
PS5-0116,HDMIContact-1_2,PS5-0116 · HDMI independent contact012,Ports,gold,1,0.15115171458676638,0.28000000000000025,6.0,0.09000000000000341,Schematic internal layout
PS5-0117,HDMIContact-1_3,PS5-0117 · HDMI independent contact013,Ports,gold,1,0.15115171458676632,0.28000000000000014,6.0,0.09000000000000341,Schematic internal layout
PS5-0118,HDMIContact-1_4,PS5-0118 · HDMI independent contact014,Ports,gold,1,0.1511517145867663,0.28,6.0,0.09000000000000341,Schematic internal layout
PS5-0119,HDMIContact-1_5,PS5-0119 · HDMI independent contact015,Ports,gold,1,0.15115171458676635,0.28000000000000014,6.0,0.09000000000000341,Schematic internal layout
PS5-0120,HDMIContact-1_6,PS5-0120 · HDMI independent contact016,Ports,gold,1,0.15115171458676635,0.28000000000000025,6.0,0.09000000000000341,Schematic internal layout
PS5-0121,HDMIContact-1_7,PS5-0121 · HDMI independent contact017,Ports,gold,1,0.15115171458676635,0.28000000000000025,6.0,0.09000000000000341,Schematic internal layout
PS5-0122,HDMIContact-1_8,PS5-0122 · HDMI independent contact018,Ports,gold,1,0.15115171458676618,0.28000000000000114,6.0,0.09000000000000341,Schematic internal layout
PS5-0123,ACInlet,PS5-0123 · Twin-well figure-eight AC insulator,Ports,black,1,1702.8982689026857,20.0,12.0,10.800000000000004,Published approximate body envelope; photo-estimated local curves and details
PS5-0124,ACPin0,PS5-0124 · Independent AC inlet pin,Ports,metal,1,17.492387895187946,1.5999999999999943,8.700000000000003,1.5999999999999943,Published approximate body envelope; photo-estimated local curves and details
PS5-0125,ACTerminal0,PS5-0125 · AC internal blade terminal,Ports,metal,1,3.4619784061406373,1.8000000000000114,3.5,0.5499999999999972,Schematic internal layout
PS5-0126,ACPin1,PS5-0126 · Independent AC inlet pin001,Ports,metal,1,17.492387895187946,1.5999999999999943,8.700000000000003,1.5999999999999943,Published approximate body envelope; photo-estimated local curves and details
PS5-0127,ACTerminal1,PS5-0127 · AC internal blade terminal001,Ports,metal,1,3.461978406140637,1.8000000000000114,3.5,0.5499999999999972,Schematic internal layout
PS5-0128,StandBase,PS5-0128 · StandBaseBody002,Stand,black,1,128596.16288078453,144.0,144.0,8.0,Published approximate body envelope; photo-estimated local curves and details
PS5-0129,StandRotor,PS5-0129 · Rotating upper Base cone001,Stand,black,1,68961.53597313084,138.0,138.0,5.000000000000001,Published approximate body envelope; photo-estimated local curves and details
PS5-0130,StandPivot,PS5-0130 · Base central pivot,Stand,black,1,892.8406321502194,14.0,14.0,5.800000000000001,Schematic internal layout
PS5-0131,StandFootRing,PS5-0131 · Underside non-slip ring,Stand,rubber,1,1900.0352368911117,130.0,130.0,1.1999999999999993,Published approximate body envelope; photo-estimated local curves and details
PS5-0132,StandStoredScrew,PS5-0132 · Coin-slot vertical-mount screw stored in Base,Stand,metal,1,79.4785215330395,9.850000000000001,6.0,6.0,Published approximate body envelope; photo-estimated local curves and details
PS5-0133,StandSaddle,PS5-0133 · Horizontal-position upper saddle study,Stand,black,1,56619.19418874881,105.0,118.0,4.7,Published approximate body envelope; photo-estimated local curves and details
PS5-0134,StandSupport0,PS5-0134 · Contoured saddle support study,Stand,black,1,1516.0578332192752,14.0,16.0,7.009883262635693,Published approximate body envelope; photo-estimated local curves and details
PS5-0135,StandPad0,PS5-0135 · Cover contact rubber pad,Stand,rubber,1,420.6286677646163,13.799999999999997,15.8,2.0,Published approximate body envelope; photo-estimated local curves and details
PS5-0136,StandSupport1,PS5-0136 · Contoured saddle support study001,Stand,black,1,2710.803727472239,14.0,16.0,12.534098146603935,Published approximate body envelope; photo-estimated local curves and details
PS5-0137,StandPad1,PS5-0137 · Cover contact rubber pad001,Stand,rubber,1,420.6286677646164,13.8,15.8,2.0,Published approximate body envelope; photo-estimated local curves and details
PS5-0138,StandSupport2,PS5-0138 · Contoured saddle support study002,Stand,black,1,1723.9537507750802,14.0,16.0,7.971143500149299,Published approximate body envelope; photo-estimated local curves and details
PS5-0139,StandPad2,PS5-0139 · Cover contact rubber pad002,Stand,rubber,1,420.62866776461635,13.799999999999997,15.800000000000011,2.0,Published approximate body envelope; photo-estimated local curves and details
PS5-0140,StandSupport3,PS5-0140 · Contoured saddle support study003,Stand,black,1,2636.128544493303,14.0,16.0,12.188818234566046,Published approximate body envelope; photo-estimated local curves and details
PS5-0141,StandPad3,PS5-0141 · Cover contact rubber pad003,Stand,rubber,1,420.6286677646164,13.8,15.800000000000011,2.0,Published approximate body envelope; photo-estimated local curves and details
PS5-0142,StandHook0,PS5-0142 · Rear cover edge hook001,Stand,black,1,1321.225735450758,8.000000200000002,39.00000019999999,21.6000002,Published approximate body envelope; photo-estimated local curves and details
PS5-0143,StandHook1,PS5-0143 · Rear cover edge hook003,Stand,black,1,1379.1999999999998,8.0,39.0,21.6,Published approximate body envelope; photo-estimated local curves and details
PS5-0144,StandHookBridge,PS5-0144 · Crossbar between the rear edge hooks,Stand,black,1,653.1682300164699,66.0,3.3000000000000114,3.0,Published approximate body envelope; photo-estimated local curves and details
PS5-0145,BaseHoleCap,PS5-0145 · Removable original Base mounting-hole cap,Body,black,1,90.07574456372667,2.8000000000000114,6.4,6.400000000000006,Published approximate body envelope; photo-estimated local curves and details
PS5-0146,InnerUpperFrame,PS5-0146 · Removable original internal upper cover018,Frame,black,1,113067.77438091849,350.0,223.0,1.7999999999999972,Published approximate body envelope; photo-estimated local curves and details
PS5-0147,FramePost0,PS5-0147 · Hollow internal cover standoff,Frame,black,1,1737.0368436522547,7.0,7.0,49.599999999999994,Schematic internal layout
PS5-0148,FrameScrew0,PS5-0148 · Cross-head fastener,Frame,metal,1,10.162922120105446,3.8000000000000114,3.8000000000000114,5.730000000000004,Schematic internal layout
PS5-0149,FramePost1,PS5-0149 · Hollow internal cover standoff001,Frame,black,1,1737.0368436522535,7.0,7.0,49.599999999999994,Schematic internal layout
PS5-0150,FrameScrew1,PS5-0150 · Cross-head fastener001,Frame,metal,1,10.162922120105431,3.799999999999997,3.8000000000000114,5.730000000000004,Schematic internal layout
PS5-0151,FramePost2,PS5-0151 · Hollow internal cover standoff002,Frame,black,1,1737.0368436522547,7.0,7.0,49.599999999999994,Schematic internal layout
PS5-0152,FrameScrew2,PS5-0152 · Cross-head fastener002,Frame,metal,1,10.162922120105446,3.8000000000000114,3.8000000000000114,5.730000000000004,Schematic internal layout
PS5-0153,FramePost3,PS5-0153 · Hollow internal cover standoff003,Frame,black,1,1737.0368436522547,7.0,7.0,49.599999999999994,Schematic internal layout
PS5-0154,FrameScrew3,PS5-0154 · Cross-head fastener003,Frame,metal,1,10.162922120105446,3.8000000000000114,3.8000000000000114,5.730000000000004,Schematic internal layout
PS5-0155,FramePost4,PS5-0155 · Hollow internal cover standoff004,Frame,black,1,1737.0368436522535,7.0,7.0,49.599999999999994,Schematic internal layout
PS5-0156,FrameScrew4,PS5-0156 · Cross-head fastener004,Frame,metal,1,10.162922120105431,3.799999999999997,3.8000000000000114,5.730000000000004,Schematic internal layout
PS5-0157,FramePost5,PS5-0157 · Hollow internal cover standoff005,Frame,black,1,1737.0368436522547,7.0,7.0,49.599999999999994,Schematic internal layout
PS5-0158,FrameScrew5,PS5-0158 · Cross-head fastener005,Frame,metal,1,10.162922120105446,3.8000000000000114,3.8000000000000114,5.730000000000004,Schematic internal layout
PS5-0159,UpperFanGuard,PS5-0159 · Concentric metal intake grille with six radial spokes,Cooling,metal,1,2909.0068164804325,126.0,126.0,0.7000000000000597,Published approximate body envelope; photo-estimated local curves and details
PS5-0160,FanGuardScrew0,PS5-0160 · Cross-head fastener006,Cooling,metal,1,9.076056725669508,3.799999999999997,3.799999999999997,4.829999999999998,Schematic internal layout
PS5-0161,FanGuardScrew1,PS5-0161 · Cross-head fastener007,Cooling,metal,1,9.076056725669508,3.799999999999997,3.799999999999997,4.829999999999998,Schematic internal layout
PS5-0162,FanGuardScrew2,PS5-0162 · Cross-head fastener008,Cooling,metal,1,9.076056725669519,3.8000000000000114,3.799999999999997,4.829999999999998,Schematic internal layout
PS5-0163,FanGuardScrew3,PS5-0163 · Cross-head fastener009,Cooling,metal,1,9.07605672566952,3.8000000000000114,3.799999999999997,4.829999999999998,Schematic internal layout
PS5-0164,DustAccessCollar0,PS5-0164 · Dust-access internal collar study,Frame,black,1,597.8322343792862,19.0,18.0,2.799999999999997,Schematic internal layout
PS5-0165,DustAccessCollar1,PS5-0165 · Dust-access internal collar study001,Frame,black,1,597.8322343792863,19.0,18.0,2.799999999999997,Schematic internal layout
PS5-0166,MainPCB,PS5-0166 · Original notched double-sided mainboard010,Mainboard,pcb,1,88118.02258930265,315.0,214.0,1.6000000000000014,Published approximate body envelope; photo-estimated local curves and details
PS5-0167,APUSubstrate,PS5-0167 · Custom APU organic package substrate,Mainboard,pcb,1,1852.055787565802,42.0,42.0,1.0499999999999972,Schematic internal layout
PS5-0168,APUDie,PS5-0168 · Exposed APU silicon die study,Mainboard,screen,1,247.98802521751725,20.0,20.0,0.6199999999999974,Schematic internal layout
PS5-0169,LiquidMetalDam,PS5-0169 · Foam containment perimeter around the APU,Cooling,black,1,1187.483871443329,52.0,52.0,1.75,Schematic internal layout
PS5-0170,LiquidMetalInterface,PS5-0170 · Confined liquid-metal contact layer study,Cooling,metal,1,38.80706858347075,19.70000000000001,19.700000000000003,0.10000000000000142,Schematic internal layout
PS5-0171,GDDRSubstrate0,PS5-0171 · GDDR6 package substrate,Mainboard,pcb,1,68.24324004214711,19.67472580451141,19.674725804511397,0.3500000000000014,Schematic internal layout
PS5-0172,GDDR6_0,PS5-0172 · One of eight original GDDR6 packages,Mainboard,black,1,187.4519468914506,18.784776310850248,18.784776310850233,1.0499999999999972,Schematic internal layout
PS5-0173,GDDRSubstrate1,PS5-0173 · GDDR6 package substrate001,Mainboard,pcb,1,68.24324004214711,15.0,13.0,0.3500000000000014,Schematic internal layout
PS5-0174,GDDR6_1,PS5-0174 · One of eight original GDDR6 packages001,Mainboard,black,1,187.45194689145063,14.400000000000006,12.399999999999999,1.0499999999999972,Schematic internal layout
PS5-0175,GDDRSubstrate2,PS5-0175 · GDDR6 package substrate002,Mainboard,pcb,1,68.24324004214711,19.674725804511397,19.674725804511397,0.3500000000000014,Schematic internal layout
PS5-0176,GDDR6_2,PS5-0176 · One of eight original GDDR6 packages002,Mainboard,black,1,187.4519468914506,18.78477631085024,18.784776310850233,1.0499999999999972,Schematic internal layout
PS5-0177,GDDRSubstrate3,PS5-0177 · GDDR6 package substrate003,Mainboard,pcb,1,68.24324004214711,15.0,13.0,0.3500000000000014,Schematic internal layout
PS5-0178,GDDR6_3,PS5-0178 · One of eight original GDDR6 packages003,Mainboard,black,1,187.45194689145058,14.399999999999999,12.399999999999999,1.0499999999999972,Schematic internal layout
PS5-0179,GDDRSubstrate4,PS5-0179 · GDDR6 package substrate004,Mainboard,pcb,1,68.24324004214712,19.674725804511397,19.674725804511404,0.3500000000000014,Schematic internal layout
PS5-0180,GDDR6_4,PS5-0180 · One of eight original GDDR6 packages004,Mainboard,black,1,187.4519468914506,18.78477631085024,18.784776310850248,1.0499999999999972,Schematic internal layout
PS5-0181,GDDRSubstrate5,PS5-0181 · GDDR6 package substrate005,Mainboard,pcb,1,68.24324004214711,15.0,13.0,0.3500000000000014,Schematic internal layout
PS5-0182,GDDR6_5,PS5-0182 · One of eight original GDDR6 packages005,Mainboard,black,1,187.45194689145063,14.400000000000006,12.400000000000006,1.0499999999999972,Schematic internal layout
PS5-0183,GDDRSubstrate6,PS5-0183 · GDDR6 package substrate006,Mainboard,pcb,1,68.24324004214711,19.67472580451141,19.674725804511404,0.3500000000000014,Schematic internal layout
PS5-0184,GDDR6_6,PS5-0184 · One of eight original GDDR6 packages006,Mainboard,black,1,187.4519468914506,18.784776310850248,18.784776310850248,1.0499999999999972,Schematic internal layout
PS5-0185,GDDRSubstrate7,PS5-0185 · GDDR6 package substrate007,Mainboard,pcb,1,68.24324004214712,15.0,13.0,0.3500000000000014,Schematic internal layout
PS5-0186,GDDR6_7,PS5-0186 · One of eight original GDDR6 packages007,Mainboard,black,1,187.4519468914506,14.400000000000006,12.399999999999999,1.0499999999999972,Schematic internal layout
PS5-0187,NAND-1_0,PS5-0187 · Original SSD NAND package: three per board side,Mainboard,black,1,421.06093800988134,18.0,13.0,1.7999999999999972,Schematic internal layout
PS5-0188,NAND-1_1,PS5-0188 · Original SSD NAND package: three per board side001,Mainboard,black,1,421.06093800988134,18.0,13.0,1.7999999999999972,Schematic internal layout
PS5-0189,NAND-1_2,PS5-0189 · Original SSD NAND package: three per board side002,Mainboard,black,1,421.06093800988134,18.0,13.0,1.7999999999999972,Schematic internal layout
PS5-0190,NAND1_0,PS5-0190 · Original SSD NAND package: three per board side003,Mainboard,black,1,421.06093800988134,18.0,13.0,1.7999999999999972,Schematic internal layout
PS5-0191,NAND1_1,PS5-0191 · Original SSD NAND package: three per board side004,Mainboard,black,1,421.06093800988134,18.0,13.0,1.7999999999999972,Schematic internal layout
PS5-0192,NAND1_2,PS5-0192 · Original SSD NAND package: three per board side005,Mainboard,black,1,421.06093800988134,18.0,13.0,1.7999999999999972,Schematic internal layout
PS5-0193,Bridge,PS5-0193 · Main I/O bridge study,Mainboard,black,1,679.8686636759994,20.0,20.0,1.7000000000000028,Schematic internal layout
PS5-0194,SSDController,PS5-0194 · Custom SSD I/O controller study,Mainboard,black,1,491.1686636759996,17.0,17.0,1.7000000000000028,Schematic internal layout
PS5-0195,NetworkPHY,PS5-0195 · Ethernet PHY package study,Mainboard,black,1,203.8686636759993,12.0,10.0,1.7000000000000028,Schematic internal layout
PS5-0196,Wireless,PS5-0196 · Wireless subsystem package study,Mainboard,black,1,356.8686636759994,15.0,14.0,1.7000000000000028,Schematic internal layout
PS5-0197,USBController,PS5-0197 · USB interface controller study,Mainboard,black,1,287.16866367599937,13.0,13.0,1.7000000000000028,Schematic internal layout
PS5-0198,GroundLandTop0,PS5-0198 · Board mounting copper annulus,Mainboard,gold,1,2.5931143916816617,10.399999999999977,9.0,0.10000000000000142,Schematic internal layout
PS5-0199,GroundLandBottom0,PS5-0199 · Board mounting copper annulus001,Mainboard,gold,1,2.5931143916816617,10.399999999999977,9.0,0.10000000000000142,Schematic internal layout
PS5-0200,GroundLandTop1,PS5-0200 · Board mounting copper annulus002,Mainboard,gold,1,2.593114391681663,10.399999999999999,9.0,0.10000000000000142,Schematic internal layout
PS5-0201,GroundLandBottom1,PS5-0201 · Board mounting copper annulus003,Mainboard,gold,1,2.593114391681663,10.399999999999999,9.0,0.10000000000000142,Schematic internal layout
PS5-0202,GroundLandTop2,PS5-0202 · Board mounting copper annulus004,Mainboard,gold,1,3.2138492846223254,10.399999999999977,10.400000000000006,0.10000000000000142,Schematic internal layout
PS5-0203,GroundLandBottom2,PS5-0203 · Board mounting copper annulus005,Mainboard,gold,1,3.2138492846223254,10.399999999999977,10.400000000000006,0.10000000000000142,Schematic internal layout
PS5-0204,GroundLandTop3,PS5-0204 · Board mounting copper annulus006,Mainboard,gold,1,3.213849284622324,10.399999999999999,10.400000000000006,0.10000000000000142,Schematic internal layout
PS5-0205,GroundLandBottom3,PS5-0205 · Board mounting copper annulus007,Mainboard,gold,1,3.213849284622323,10.399999999999999,10.400000000000006,0.10000000000000142,Schematic internal layout
PS5-0206,VRMChoke0,PS5-0206 · Encapsulated power inductor study,Mainboard,thermal,1,351.62730934770536,7.800000000000011,7.800000000000004,5.799999999999997,Schematic internal layout
PS5-0207,VRMFoot0_0,PS5-0207 · Inductor solder terminal,Mainboard,metal,1,1.1872428847204635,1.0999999999999943,6.0,0.17999999999999972,Schematic internal layout
PS5-0208,VRMFoot0_1,PS5-0208 · Inductor solder terminal001,Mainboard,metal,1,1.1872428847204635,1.0999999999999943,6.0,0.17999999999999972,Schematic internal layout
PS5-0209,VRMPowerStage0,PS5-0209 · Power switching package study,Mainboard,black,1,25.163946891450763,4.800000000000011,5.0,1.0499999999999972,Schematic internal layout
PS5-0210,VRMDiscrete0_0Body,PS5-0210 · Representative discrete component body,Mainboard,white,1,0.4620603534541031,1.0540000000000305,0.8000000000000114,0.5499999999999972,Schematic internal layout
PS5-0211,VRMDiscrete0_0End0,PS5-0211 · Discrete component plated termination,Mainboard,metal,1,0.13421508836352436,0.3059999999999832,0.7999999999999972,0.5499999999999972,Schematic internal layout
PS5-0212,VRMDiscrete0_0End1,PS5-0212 · Discrete component plated termination001,Mainboard,metal,1,0.13421508836352436,0.3059999999999832,0.7999999999999972,0.5499999999999972,Schematic internal layout
PS5-0213,VRMDiscrete0_1Body,PS5-0213 · Representative discrete component body001,Mainboard,white,1,0.4620603534541032,1.0540000000000305,0.8000000000000114,0.5499999999999972,Schematic internal layout
PS5-0214,VRMDiscrete0_1End0,PS5-0214 · Discrete component plated termination002,Mainboard,metal,1,0.13421508836352436,0.3059999999999832,0.7999999999999972,0.5499999999999972,Schematic internal layout
PS5-0215,VRMDiscrete0_1End1,PS5-0215 · Discrete component plated termination003,Mainboard,metal,1,0.13421508836352433,0.3059999999999832,0.7999999999999972,0.5499999999999972,Schematic internal layout
PS5-0216,VRMDiscrete0_2Body,PS5-0216 · Representative discrete component body002,Mainboard,white,1,0.4620603534541067,1.054000000000002,0.8000000000000114,0.5499999999999972,Schematic internal layout
PS5-0217,VRMDiscrete0_2End0,PS5-0217 · Discrete component plated termination004,Mainboard,metal,1,0.13421508836352816,0.3060000000000116,0.7999999999999972,0.5499999999999972,Schematic internal layout
PS5-0218,VRMDiscrete0_2End1,PS5-0218 · Discrete component plated termination005,Mainboard,metal,1,0.13421508836352816,0.3060000000000116,0.7999999999999972,0.5499999999999972,Schematic internal layout
PS5-0219,VRMChoke1,PS5-0219 · Encapsulated power inductor study001,Mainboard,thermal,1,351.6273093477052,7.800000000000011,7.799999999999997,5.799999999999997,Schematic internal layout
PS5-0220,VRMFoot1_0,PS5-0220 · Inductor solder terminal002,Mainboard,metal,1,1.1872428847204635,1.0999999999999943,6.0,0.17999999999999972,Schematic internal layout
PS5-0221,VRMFoot1_1,PS5-0221 · Inductor solder terminal003,Mainboard,metal,1,1.1872428847204635,1.0999999999999943,6.0,0.17999999999999972,Schematic internal layout
PS5-0222,VRMPowerStage1,PS5-0222 · Power switching package study001,Mainboard,black,1,25.163946891450763,4.800000000000011,5.0,1.0499999999999972,Schematic internal layout
PS5-0223,VRMDiscrete1_0Body,PS5-0223 · Representative discrete component body003,Mainboard,white,1,0.4620603534541032,1.0540000000000305,0.8000000000000114,0.5499999999999972,Schematic internal layout
PS5-0224,VRMDiscrete1_0End0,PS5-0224 · Discrete component plated termination006,Mainboard,metal,1,0.1342150883635244,0.3059999999999832,0.7999999999999972,0.5499999999999972,Schematic internal layout
PS5-0225,VRMDiscrete1_0End1,PS5-0225 · Discrete component plated termination007,Mainboard,metal,1,0.13421508836352436,0.3059999999999832,0.7999999999999972,0.5499999999999972,Schematic internal layout
PS5-0226,VRMDiscrete1_1Body,PS5-0226 · Representative discrete component body004,Mainboard,white,1,0.4620603534541032,1.0540000000000305,0.8000000000000114,0.5499999999999972,Schematic internal layout
PS5-0227,VRMDiscrete1_1End0,PS5-0227 · Discrete component plated termination008,Mainboard,metal,1,0.1342150883635244,0.3059999999999832,0.7999999999999972,0.5499999999999972,Schematic internal layout
PS5-0228,VRMDiscrete1_1End1,PS5-0228 · Discrete component plated termination009,Mainboard,metal,1,0.13421508836352436,0.3059999999999832,0.7999999999999972,0.5499999999999972,Schematic internal layout
PS5-0229,VRMDiscrete1_2Body,PS5-0229 · Representative discrete component body005,Mainboard,white,1,0.4620603534541068,1.054000000000002,0.8000000000000114,0.5499999999999972,Schematic internal layout
PS5-0230,VRMDiscrete1_2End0,PS5-0230 · Discrete component plated termination010,Mainboard,metal,1,0.1342150883635282,0.3060000000000116,0.7999999999999972,0.5499999999999972,Schematic internal layout
PS5-0231,VRMDiscrete1_2End1,PS5-0231 · Discrete component plated termination011,Mainboard,metal,1,0.1342150883635282,0.3060000000000116,0.7999999999999972,0.5499999999999972,Schematic internal layout
PS5-0232,VRMChoke2,PS5-0232 · Encapsulated power inductor study002,Mainboard,thermal,1,351.6273093477052,7.800000000000011,7.799999999999997,5.799999999999997,Schematic internal layout
PS5-0233,VRMFoot2_0,PS5-0233 · Inductor solder terminal004,Mainboard,metal,1,1.1872428847204635,1.0999999999999943,6.0,0.17999999999999972,Schematic internal layout
PS5-0234,VRMFoot2_1,PS5-0234 · Inductor solder terminal005,Mainboard,metal,1,1.1872428847204635,1.0999999999999943,6.0,0.17999999999999972,Schematic internal layout
PS5-0235,VRMPowerStage2,PS5-0235 · Power switching package study002,Mainboard,black,1,25.163946891450763,4.800000000000011,5.0,1.0499999999999972,Schematic internal layout
PS5-0236,VRMDiscrete2_0Body,PS5-0236 · Representative discrete component body006,Mainboard,white,1,0.4620603534541032,1.0540000000000305,0.7999999999999972,0.5499999999999972,Schematic internal layout
PS5-0237,VRMDiscrete2_0End0,PS5-0237 · Discrete component plated termination012,Mainboard,metal,1,0.13421508836352436,0.3059999999999832,0.8000000000000043,0.5499999999999972,Schematic internal layout
PS5-0238,VRMDiscrete2_0End1,PS5-0238 · Discrete component plated termination013,Mainboard,metal,1,0.13421508836352436,0.3059999999999832,0.8000000000000043,0.5499999999999972,Schematic internal layout
PS5-0239,VRMDiscrete2_1Body,PS5-0239 · Representative discrete component body007,Mainboard,white,1,0.4620603534541032,1.0540000000000305,0.7999999999999972,0.5499999999999972,Schematic internal layout
PS5-0240,VRMDiscrete2_1End0,PS5-0240 · Discrete component plated termination014,Mainboard,metal,1,0.13421508836352436,0.3059999999999832,0.8000000000000043,0.5499999999999972,Schematic internal layout
PS5-0241,VRMDiscrete2_1End1,PS5-0241 · Discrete component plated termination015,Mainboard,metal,1,0.13421508836352433,0.3059999999999832,0.8000000000000043,0.5499999999999972,Schematic internal layout
PS5-0242,VRMDiscrete2_2Body,PS5-0242 · Representative discrete component body008,Mainboard,white,1,0.4620603534541068,1.054000000000002,0.7999999999999972,0.5499999999999972,Schematic internal layout
PS5-0243,VRMDiscrete2_2End0,PS5-0243 · Discrete component plated termination016,Mainboard,metal,1,0.13421508836352816,0.3060000000000116,0.8000000000000043,0.5499999999999972,Schematic internal layout
PS5-0244,VRMDiscrete2_2End1,PS5-0244 · Discrete component plated termination017,Mainboard,metal,1,0.13421508836352816,0.3060000000000116,0.8000000000000043,0.5499999999999972,Schematic internal layout
PS5-0245,VRMChoke3,PS5-0245 · Encapsulated power inductor study003,Mainboard,thermal,1,351.62730934770525,7.800000000000011,7.800000000000001,5.799999999999997,Schematic internal layout
PS5-0246,VRMFoot3_0,PS5-0246 · Inductor solder terminal006,Mainboard,metal,1,1.1872428847204635,1.0999999999999943,6.0,0.17999999999999972,Schematic internal layout
PS5-0247,VRMFoot3_1,PS5-0247 · Inductor solder terminal007,Mainboard,metal,1,1.1872428847204635,1.0999999999999943,6.0,0.17999999999999972,Schematic internal layout
PS5-0248,VRMPowerStage3,PS5-0248 · Power switching package study003,Mainboard,black,1,25.163946891450763,4.800000000000011,5.0,1.0499999999999972,Schematic internal layout
PS5-0249,VRMDiscrete3_0Body,PS5-0249 · Representative discrete component body009,Mainboard,white,1,0.46206035345410373,1.0540000000000305,0.8000000000000007,0.5499999999999972,Schematic internal layout
PS5-0250,VRMDiscrete3_0End0,PS5-0250 · Discrete component plated termination018,Mainboard,metal,1,0.13421508836352453,0.3059999999999832,0.8000000000000007,0.5499999999999972,Schematic internal layout
PS5-0251,VRMDiscrete3_0End1,PS5-0251 · Discrete component plated termination019,Mainboard,metal,1,0.13421508836352453,0.3059999999999832,0.8000000000000007,0.5499999999999972,Schematic internal layout
PS5-0252,VRMDiscrete3_1Body,PS5-0252 · Representative discrete component body010,Mainboard,white,1,0.46206035345410373,1.0540000000000305,0.8000000000000007,0.5499999999999972,Schematic internal layout
PS5-0253,VRMDiscrete3_1End0,PS5-0253 · Discrete component plated termination020,Mainboard,metal,1,0.1342150883635245,0.3059999999999832,0.8000000000000007,0.5499999999999972,Schematic internal layout
PS5-0254,VRMDiscrete3_1End1,PS5-0254 · Discrete component plated termination021,Mainboard,metal,1,0.1342150883635245,0.3059999999999832,0.8000000000000007,0.5499999999999972,Schematic internal layout
PS5-0255,VRMDiscrete3_2Body,PS5-0255 · Representative discrete component body011,Mainboard,white,1,0.46206035345410734,1.054000000000002,0.8000000000000007,0.5499999999999972,Schematic internal layout
PS5-0256,VRMDiscrete3_2End0,PS5-0256 · Discrete component plated termination022,Mainboard,metal,1,0.1342150883635283,0.3060000000000116,0.8000000000000007,0.5499999999999972,Schematic internal layout
PS5-0257,VRMDiscrete3_2End1,PS5-0257 · Discrete component plated termination023,Mainboard,metal,1,0.13421508836352833,0.3060000000000116,0.8000000000000007,0.5499999999999972,Schematic internal layout
PS5-0258,VRMChoke4,PS5-0258 · Encapsulated power inductor study004,Mainboard,thermal,1,351.62730934770525,7.800000000000011,7.800000000000001,5.799999999999997,Schematic internal layout
PS5-0259,VRMFoot4_0,PS5-0259 · Inductor solder terminal008,Mainboard,metal,1,1.1872428847204635,1.0999999999999943,6.0,0.17999999999999972,Schematic internal layout
PS5-0260,VRMFoot4_1,PS5-0260 · Inductor solder terminal009,Mainboard,metal,1,1.1872428847204635,1.0999999999999943,6.0,0.17999999999999972,Schematic internal layout
PS5-0261,VRMPowerStage4,PS5-0261 · Power switching package study004,Mainboard,black,1,25.163946891450763,4.800000000000011,5.0,1.0499999999999972,Schematic internal layout
PS5-0262,VRMDiscrete4_0Body,PS5-0262 · Representative discrete component body012,Mainboard,white,1,0.46206035345410384,1.0540000000000305,0.8000000000000007,0.5499999999999972,Schematic internal layout
PS5-0263,VRMDiscrete4_0End0,PS5-0263 · Discrete component plated termination024,Mainboard,metal,1,0.13421508836352453,0.3059999999999832,0.8000000000000007,0.5499999999999972,Schematic internal layout
PS5-0264,VRMDiscrete4_0End1,PS5-0264 · Discrete component plated termination025,Mainboard,metal,1,0.13421508836352453,0.3059999999999832,0.8000000000000007,0.5499999999999972,Schematic internal layout
PS5-0265,VRMDiscrete4_1Body,PS5-0265 · Representative discrete component body013,Mainboard,white,1,0.4620603534541038,1.0540000000000305,0.8000000000000007,0.5499999999999972,Schematic internal layout
PS5-0266,VRMDiscrete4_1End0,PS5-0266 · Discrete component plated termination026,Mainboard,metal,1,0.1342150883635245,0.3059999999999832,0.8000000000000007,0.5499999999999972,Schematic internal layout
PS5-0267,VRMDiscrete4_1End1,PS5-0267 · Discrete component plated termination027,Mainboard,metal,1,0.1342150883635245,0.3059999999999832,0.8000000000000007,0.5499999999999972,Schematic internal layout
PS5-0268,VRMDiscrete4_2Body,PS5-0268 · Representative discrete component body014,Mainboard,white,1,0.46206035345410734,1.054000000000002,0.8000000000000007,0.5499999999999972,Schematic internal layout
PS5-0269,VRMDiscrete4_2End0,PS5-0269 · Discrete component plated termination028,Mainboard,metal,1,0.1342150883635283,0.3060000000000116,0.8000000000000007,0.5499999999999972,Schematic internal layout
PS5-0270,VRMDiscrete4_2End1,PS5-0270 · Discrete component plated termination029,Mainboard,metal,1,0.13421508836352833,0.3060000000000116,0.8000000000000007,0.5499999999999972,Schematic internal layout
PS5-0271,VRMChoke5,PS5-0271 · Encapsulated power inductor study005,Mainboard,thermal,1,351.6273093477052,7.800000000000011,7.799999999999997,5.799999999999997,Schematic internal layout
PS5-0272,VRMFoot5_0,PS5-0272 · Inductor solder terminal010,Mainboard,metal,1,1.1872428847204635,1.0999999999999943,6.0,0.17999999999999972,Schematic internal layout
PS5-0273,VRMFoot5_1,PS5-0273 · Inductor solder terminal011,Mainboard,metal,1,1.1872428847204635,1.0999999999999943,6.0,0.17999999999999972,Schematic internal layout
PS5-0274,VRMPowerStage5,PS5-0274 · Power switching package study005,Mainboard,black,1,25.163946891450763,4.800000000000011,5.0,1.0499999999999972,Schematic internal layout
PS5-0275,VRMDiscrete5_0Body,PS5-0275 · Representative discrete component body015,Mainboard,white,1,0.4620603534541032,1.0540000000000305,0.7999999999999972,0.5499999999999972,Schematic internal layout
PS5-0276,VRMDiscrete5_0End0,PS5-0276 · Discrete component plated termination030,Mainboard,metal,1,0.13421508836352436,0.3059999999999832,0.8000000000000043,0.5499999999999972,Schematic internal layout
PS5-0277,VRMDiscrete5_0End1,PS5-0277 · Discrete component plated termination031,Mainboard,metal,1,0.13421508836352436,0.3059999999999832,0.8000000000000043,0.5499999999999972,Schematic internal layout
PS5-0278,VRMDiscrete5_1Body,PS5-0278 · Representative discrete component body016,Mainboard,white,1,0.4620603534541032,1.0540000000000305,0.7999999999999972,0.5499999999999972,Schematic internal layout
PS5-0279,VRMDiscrete5_1End0,PS5-0279 · Discrete component plated termination032,Mainboard,metal,1,0.13421508836352436,0.3059999999999832,0.8000000000000043,0.5499999999999972,Schematic internal layout
PS5-0280,VRMDiscrete5_1End1,PS5-0280 · Discrete component plated termination033,Mainboard,metal,1,0.13421508836352433,0.3059999999999832,0.8000000000000043,0.5499999999999972,Schematic internal layout
PS5-0281,VRMDiscrete5_2Body,PS5-0281 · Representative discrete component body017,Mainboard,white,1,0.4620603534541068,1.054000000000002,0.7999999999999972,0.5499999999999972,Schematic internal layout
PS5-0282,VRMDiscrete5_2End0,PS5-0282 · Discrete component plated termination034,Mainboard,metal,1,0.13421508836352816,0.3060000000000116,0.8000000000000043,0.5499999999999972,Schematic internal layout
PS5-0283,VRMDiscrete5_2End1,PS5-0283 · Discrete component plated termination035,Mainboard,metal,1,0.13421508836352816,0.3060000000000116,0.8000000000000043,0.5499999999999972,Schematic internal layout
PS5-0284,VRMChoke6,PS5-0284 · Encapsulated power inductor study006,Mainboard,thermal,1,351.6273093477052,7.800000000000011,7.799999999999997,5.799999999999997,Schematic internal layout
PS5-0285,VRMFoot6_0,PS5-0285 · Inductor solder terminal012,Mainboard,metal,1,1.1872428847204635,1.0999999999999943,6.0,0.17999999999999972,Schematic internal layout
PS5-0286,VRMFoot6_1,PS5-0286 · Inductor solder terminal013,Mainboard,metal,1,1.1872428847204635,1.0999999999999943,6.0,0.17999999999999972,Schematic internal layout
PS5-0287,VRMPowerStage6,PS5-0287 · Power switching package study006,Mainboard,black,1,25.163946891450763,4.800000000000011,5.0,1.0499999999999972,Schematic internal layout
PS5-0288,VRMDiscrete6_0Body,PS5-0288 · Representative discrete component body018,Mainboard,white,1,0.4620603534541031,1.0540000000000305,0.8000000000000114,0.5499999999999972,Schematic internal layout
PS5-0289,VRMDiscrete6_0End0,PS5-0289 · Discrete component plated termination036,Mainboard,metal,1,0.13421508836352436,0.3059999999999832,0.7999999999999972,0.5499999999999972,Schematic internal layout
PS5-0290,VRMDiscrete6_0End1,PS5-0290 · Discrete component plated termination037,Mainboard,metal,1,0.13421508836352436,0.3059999999999832,0.7999999999999972,0.5499999999999972,Schematic internal layout
PS5-0291,VRMDiscrete6_1Body,PS5-0291 · Representative discrete component body019,Mainboard,white,1,0.4620603534541032,1.0540000000000305,0.8000000000000114,0.5499999999999972,Schematic internal layout
PS5-0292,VRMDiscrete6_1End0,PS5-0292 · Discrete component plated termination038,Mainboard,metal,1,0.13421508836352436,0.3059999999999832,0.7999999999999972,0.5499999999999972,Schematic internal layout
PS5-0293,VRMDiscrete6_1End1,PS5-0293 · Discrete component plated termination039,Mainboard,metal,1,0.13421508836352436,0.3059999999999832,0.7999999999999972,0.5499999999999972,Schematic internal layout
PS5-0294,VRMDiscrete6_2Body,PS5-0294 · Representative discrete component body020,Mainboard,white,1,0.4620603534541067,1.054000000000002,0.8000000000000114,0.5499999999999972,Schematic internal layout
PS5-0295,VRMDiscrete6_2End0,PS5-0295 · Discrete component plated termination040,Mainboard,metal,1,0.13421508836352816,0.3060000000000116,0.7999999999999972,0.5499999999999972,Schematic internal layout
PS5-0296,VRMDiscrete6_2End1,PS5-0296 · Discrete component plated termination041,Mainboard,metal,1,0.13421508836352816,0.3060000000000116,0.7999999999999972,0.5499999999999972,Schematic internal layout
PS5-0297,VRMChoke7,PS5-0297 · Encapsulated power inductor study007,Mainboard,thermal,1,351.62730934770536,7.800000000000011,7.800000000000004,5.799999999999997,Schematic internal layout
PS5-0298,VRMFoot7_0,PS5-0298 · Inductor solder terminal014,Mainboard,metal,1,1.1872428847204635,1.0999999999999943,6.0,0.17999999999999972,Schematic internal layout
PS5-0299,VRMFoot7_1,PS5-0299 · Inductor solder terminal015,Mainboard,metal,1,1.1872428847204635,1.0999999999999943,6.0,0.17999999999999972,Schematic internal layout
PS5-0300,VRMPowerStage7,PS5-0300 · Power switching package study007,Mainboard,black,1,25.163946891450763,4.800000000000011,5.0,1.0499999999999972,Schematic internal layout
PS5-0301,VRMDiscrete7_0Body,PS5-0301 · Representative discrete component body021,Mainboard,white,1,0.46206035345410557,1.0540000000000305,0.8000000000000114,0.5499999999999972,Schematic internal layout
PS5-0302,VRMDiscrete7_0End0,PS5-0302 · Discrete component plated termination042,Mainboard,metal,1,0.13421508836352497,0.3059999999999832,0.8000000000000114,0.5499999999999972,Schematic internal layout
PS5-0303,VRMDiscrete7_0End1,PS5-0303 · Discrete component plated termination043,Mainboard,metal,1,0.13421508836352494,0.3059999999999832,0.8000000000000114,0.5499999999999972,Schematic internal layout
PS5-0304,VRMDiscrete7_1Body,PS5-0304 · Representative discrete component body022,Mainboard,white,1,0.46206035345410557,1.0540000000000305,0.8000000000000114,0.5499999999999972,Schematic internal layout
PS5-0305,VRMDiscrete7_1End0,PS5-0305 · Discrete component plated termination044,Mainboard,metal,1,0.13421508836352494,0.3059999999999832,0.8000000000000114,0.5499999999999972,Schematic internal layout
PS5-0306,VRMDiscrete7_1End1,PS5-0306 · Discrete component plated termination045,Mainboard,metal,1,0.13421508836352494,0.3059999999999832,0.8000000000000114,0.5499999999999972,Schematic internal layout
PS5-0307,VRMDiscrete7_2Body,PS5-0307 · Representative discrete component body023,Mainboard,white,1,0.4620603534541091,1.054000000000002,0.8000000000000114,0.5499999999999972,Schematic internal layout
PS5-0308,VRMDiscrete7_2End0,PS5-0308 · Discrete component plated termination046,Mainboard,metal,1,0.13421508836352877,0.3060000000000116,0.8000000000000114,0.5499999999999972,Schematic internal layout
PS5-0309,VRMDiscrete7_2End1,PS5-0309 · Discrete component plated termination047,Mainboard,metal,1,0.13421508836352875,0.3060000000000116,0.8000000000000114,0.5499999999999972,Schematic internal layout
PS5-0310,VRMChoke8,PS5-0310 · Encapsulated power inductor study008,Mainboard,thermal,1,351.6273093477054,7.800000000000011,7.800000000000011,5.799999999999997,Schematic internal layout
PS5-0311,VRMFoot8_0,PS5-0311 · Inductor solder terminal016,Mainboard,metal,1,1.1872428847204635,1.0999999999999943,6.0,0.17999999999999972,Schematic internal layout
PS5-0312,VRMFoot8_1,PS5-0312 · Inductor solder terminal017,Mainboard,metal,1,1.1872428847204632,1.0999999999999943,6.0,0.17999999999999972,Schematic internal layout
PS5-0313,VRMPowerStage8,PS5-0313 · Power switching package study008,Mainboard,black,1,25.163946891450763,4.800000000000011,5.0,1.0499999999999972,Schematic internal layout
PS5-0314,VRMDiscrete8_0Body,PS5-0314 · Representative discrete component body024,Mainboard,white,1,0.46206035345410557,1.0540000000000305,0.8000000000000114,0.5499999999999972,Schematic internal layout
PS5-0315,VRMDiscrete8_0End0,PS5-0315 · Discrete component plated termination048,Mainboard,metal,1,0.13421508836352497,0.3059999999999832,0.8000000000000114,0.5499999999999972,Schematic internal layout
PS5-0316,VRMDiscrete8_0End1,PS5-0316 · Discrete component plated termination049,Mainboard,metal,1,0.13421508836352494,0.3059999999999832,0.8000000000000114,0.5499999999999972,Schematic internal layout
PS5-0317,VRMDiscrete8_1Body,PS5-0317 · Representative discrete component body025,Mainboard,white,1,0.46206035345410557,1.0540000000000305,0.8000000000000114,0.5499999999999972,Schematic internal layout
PS5-0318,VRMDiscrete8_1End0,PS5-0318 · Discrete component plated termination050,Mainboard,metal,1,0.13421508836352494,0.3059999999999832,0.8000000000000114,0.5499999999999972,Schematic internal layout
PS5-0319,VRMDiscrete8_1End1,PS5-0319 · Discrete component plated termination051,Mainboard,metal,1,0.13421508836352494,0.3059999999999832,0.8000000000000114,0.5499999999999972,Schematic internal layout
PS5-0320,VRMDiscrete8_2Body,PS5-0320 · Representative discrete component body026,Mainboard,white,1,0.4620603534541091,1.054000000000002,0.8000000000000114,0.5499999999999972,Schematic internal layout
PS5-0321,VRMDiscrete8_2End0,PS5-0321 · Discrete component plated termination052,Mainboard,metal,1,0.13421508836352875,0.3060000000000116,0.8000000000000114,0.5499999999999972,Schematic internal layout
PS5-0322,VRMDiscrete8_2End1,PS5-0322 · Discrete component plated termination053,Mainboard,metal,1,0.13421508836352875,0.3060000000000116,0.8000000000000114,0.5499999999999972,Schematic internal layout
PS5-0323,VRMCapacitor0,PS5-0323 · Polymer decoupling capacitor,Mainboard,metal,1,76.44751563245403,4.599999999999994,4.599999999999994,4.600000000000001,Schematic internal layout
PS5-0324,VRMCapSeal0,PS5-0324 · Capacitor top seal,Mainboard,black,1,1.5079644737230895,4.0,4.0,0.11999999999999744,Schematic internal layout
PS5-0325,VRMCapacitor1,PS5-0325 · Polymer decoupling capacitor001,Mainboard,metal,1,76.44751563245403,4.599999999999994,4.599999999999994,4.600000000000001,Schematic internal layout
PS5-0326,VRMCapSeal1,PS5-0326 · Capacitor top seal001,Mainboard,black,1,1.50796447372309,4.0,4.0,0.11999999999999744,Schematic internal layout
PS5-0327,VRMCapacitor2,PS5-0327 · Polymer decoupling capacitor002,Mainboard,metal,1,76.44751563245401,4.599999999999994,4.600000000000001,4.600000000000001,Schematic internal layout
PS5-0328,VRMCapSeal2,PS5-0328 · Capacitor top seal002,Mainboard,black,1,1.5079644737230902,4.0,4.0,0.11999999999999744,Schematic internal layout
PS5-0329,VRMCapacitor3,PS5-0329 · Polymer decoupling capacitor003,Mainboard,metal,1,76.44751563245403,4.599999999999994,4.600000000000001,4.600000000000001,Schematic internal layout
PS5-0330,VRMCapSeal3,PS5-0330 · Capacitor top seal003,Mainboard,black,1,1.50796447372309,4.0,4.0,0.11999999999999744,Schematic internal layout
PS5-0331,VRMCapacitor4,PS5-0331 · Polymer decoupling capacitor004,Mainboard,metal,1,76.44751563245401,4.599999999999994,4.6000000000000005,4.600000000000001,Schematic internal layout
PS5-0332,VRMCapSeal4,PS5-0332 · Capacitor top seal004,Mainboard,black,1,1.50796447372309,4.0,4.0,0.11999999999999744,Schematic internal layout
PS5-0333,VRMCapacitor5,PS5-0333 · Polymer decoupling capacitor005,Mainboard,metal,1,76.44751563245403,4.599999999999994,4.599999999999994,4.600000000000001,Schematic internal layout
PS5-0334,VRMCapSeal5,PS5-0334 · Capacitor top seal005,Mainboard,black,1,1.50796447372309,4.0,4.0,0.11999999999999744,Schematic internal layout
PS5-0335,VRMCapacitor6,PS5-0335 · Polymer decoupling capacitor006,Mainboard,metal,1,76.44751563245403,4.599999999999994,4.599999999999994,4.600000000000001,Schematic internal layout
PS5-0336,VRMCapSeal6,PS5-0336 · Capacitor top seal006,Mainboard,black,1,1.50796447372309,4.0,4.0,0.11999999999999744,Schematic internal layout
PS5-0337,VRMCapacitor7,PS5-0337 · Polymer decoupling capacitor007,Mainboard,metal,1,76.44751563245401,4.599999999999994,4.599999999999994,4.600000000000001,Schematic internal layout
PS5-0338,VRMCapSeal7,PS5-0338 · Capacitor top seal007,Mainboard,black,1,1.5079644737230893,4.0,4.0,0.11999999999999744,Schematic internal layout
PS5-0339,APUDecouple0_0Body,PS5-0339 · Representative discrete component body027,Mainboard,white,1,0.550720353454109,1.1160000000000139,0.9000000000000004,0.5499999999999972,Schematic internal layout
PS5-0340,APUDecouple0_0End0,PS5-0340 · Discrete component plated termination054,Mainboard,metal,1,0.15995508836352862,0.3240000000000123,0.9000000000000004,0.5499999999999972,Schematic internal layout
PS5-0341,APUDecouple0_0End1,PS5-0341 · Discrete component plated termination055,Mainboard,metal,1,0.15995508836352856,0.3240000000000123,0.9000000000000004,0.5499999999999972,Schematic internal layout
PS5-0342,APUDecouple0_1Body,PS5-0342 · Representative discrete component body028,Mainboard,white,1,0.5507203534541086,1.1160000000000139,0.9000000000000021,0.5499999999999972,Schematic internal layout
PS5-0343,APUDecouple0_1End0,PS5-0343 · Discrete component plated termination056,Mainboard,metal,1,0.15995508836352854,0.3240000000000123,0.8999999999999986,0.5499999999999972,Schematic internal layout
PS5-0344,APUDecouple0_1End1,PS5-0344 · Discrete component plated termination057,Mainboard,metal,1,0.15995508836352848,0.3240000000000123,0.8999999999999986,0.5499999999999972,Schematic internal layout
PS5-0345,APUDecouple0_2Body,PS5-0345 · Representative discrete component body029,Mainboard,white,1,0.55072035345411,1.1160000000000139,0.9000000000000057,0.5499999999999972,Schematic internal layout
PS5-0346,APUDecouple0_2End0,PS5-0346 · Discrete component plated termination058,Mainboard,metal,1,0.1599550883635288,0.3240000000000123,0.9000000000000057,0.5499999999999972,Schematic internal layout
PS5-0347,APUDecouple0_2End1,PS5-0347 · Discrete component plated termination059,Mainboard,metal,1,0.15995508836352884,0.3240000000000123,0.9000000000000057,0.5499999999999972,Schematic internal layout
PS5-0348,APUDecouple0_3Body,PS5-0348 · Representative discrete component body030,Mainboard,white,1,0.55072035345411,1.1160000000000139,0.9000000000000057,0.5499999999999972,Schematic internal layout
PS5-0349,APUDecouple0_3End0,PS5-0349 · Discrete component plated termination060,Mainboard,metal,1,0.15995508836352884,0.3240000000000123,0.9000000000000057,0.5499999999999972,Schematic internal layout
PS5-0350,APUDecouple0_3End1,PS5-0350 · Discrete component plated termination061,Mainboard,metal,1,0.15995508836352887,0.3240000000000123,0.9000000000000057,0.5499999999999972,Schematic internal layout
PS5-0351,APUDecouple1_0Body,PS5-0351 · Representative discrete component body031,Mainboard,white,1,0.550720353454109,1.1160000000000139,0.9000000000000004,0.5499999999999972,Schematic internal layout
PS5-0352,APUDecouple1_0End0,PS5-0352 · Discrete component plated termination062,Mainboard,metal,1,0.15995508836352862,0.3240000000000123,0.9000000000000004,0.5499999999999972,Schematic internal layout
PS5-0353,APUDecouple1_0End1,PS5-0353 · Discrete component plated termination063,Mainboard,metal,1,0.15995508836352862,0.3240000000000123,0.9000000000000004,0.5499999999999972,Schematic internal layout
PS5-0354,APUDecouple1_1Body,PS5-0354 · Representative discrete component body032,Mainboard,white,1,0.5507203534541086,1.1160000000000139,0.9000000000000021,0.5499999999999972,Schematic internal layout
PS5-0355,APUDecouple1_1End0,PS5-0355 · Discrete component plated termination064,Mainboard,metal,1,0.15995508836352854,0.3240000000000123,0.8999999999999986,0.5499999999999972,Schematic internal layout
PS5-0356,APUDecouple1_1End1,PS5-0356 · Discrete component plated termination065,Mainboard,metal,1,0.1599550883635285,0.3240000000000123,0.8999999999999986,0.5499999999999972,Schematic internal layout
PS5-0357,APUDecouple1_2Body,PS5-0357 · Representative discrete component body033,Mainboard,white,1,0.55072035345411,1.1160000000000139,0.9000000000000057,0.5499999999999972,Schematic internal layout
PS5-0358,APUDecouple1_2End0,PS5-0358 · Discrete component plated termination066,Mainboard,metal,1,0.1599550883635288,0.3240000000000123,0.9000000000000057,0.5499999999999972,Schematic internal layout
PS5-0359,APUDecouple1_2End1,PS5-0359 · Discrete component plated termination067,Mainboard,metal,1,0.1599550883635288,0.3240000000000123,0.9000000000000057,0.5499999999999972,Schematic internal layout
PS5-0360,APUDecouple1_3Body,PS5-0360 · Representative discrete component body034,Mainboard,white,1,0.55072035345411,1.1160000000000139,0.9000000000000057,0.5499999999999972,Schematic internal layout
PS5-0361,APUDecouple1_3End0,PS5-0361 · Discrete component plated termination068,Mainboard,metal,1,0.15995508836352884,0.3240000000000123,0.9000000000000057,0.5499999999999972,Schematic internal layout
PS5-0362,APUDecouple1_3End1,PS5-0362 · Discrete component plated termination069,Mainboard,metal,1,0.15995508836352884,0.3240000000000123,0.9000000000000057,0.5499999999999972,Schematic internal layout
PS5-0363,APUDecouple2_0Body,PS5-0363 · Representative discrete component body035,Mainboard,white,1,0.550720353454109,1.1160000000000139,0.9000000000000004,0.5499999999999972,Schematic internal layout
PS5-0364,APUDecouple2_0End0,PS5-0364 · Discrete component plated termination070,Mainboard,metal,1,0.15995508836352862,0.3240000000000123,0.9000000000000004,0.5499999999999972,Schematic internal layout
PS5-0365,APUDecouple2_0End1,PS5-0365 · Discrete component plated termination071,Mainboard,metal,1,0.15995508836352862,0.3240000000000123,0.9000000000000004,0.5499999999999972,Schematic internal layout
PS5-0366,APUDecouple2_1Body,PS5-0366 · Representative discrete component body036,Mainboard,white,1,0.5507203534541086,1.1160000000000139,0.9000000000000021,0.5499999999999972,Schematic internal layout
PS5-0367,APUDecouple2_1End0,PS5-0367 · Discrete component plated termination072,Mainboard,metal,1,0.15995508836352854,0.3240000000000123,0.8999999999999986,0.5499999999999972,Schematic internal layout
PS5-0368,APUDecouple2_1End1,PS5-0368 · Discrete component plated termination073,Mainboard,metal,1,0.1599550883635285,0.3240000000000123,0.8999999999999986,0.5499999999999972,Schematic internal layout
PS5-0369,APUDecouple2_2Body,PS5-0369 · Representative discrete component body037,Mainboard,white,1,0.55072035345411,1.1160000000000139,0.9000000000000057,0.5499999999999972,Schematic internal layout
PS5-0370,APUDecouple2_2End0,PS5-0370 · Discrete component plated termination074,Mainboard,metal,1,0.1599550883635288,0.3240000000000123,0.9000000000000057,0.5499999999999972,Schematic internal layout
PS5-0371,APUDecouple2_2End1,PS5-0371 · Discrete component plated termination075,Mainboard,metal,1,0.1599550883635288,0.3240000000000123,0.9000000000000057,0.5499999999999972,Schematic internal layout
PS5-0372,APUDecouple2_3Body,PS5-0372 · Representative discrete component body038,Mainboard,white,1,0.55072035345411,1.1160000000000139,0.9000000000000057,0.5499999999999972,Schematic internal layout
PS5-0373,APUDecouple2_3End0,PS5-0373 · Discrete component plated termination076,Mainboard,metal,1,0.15995508836352884,0.3240000000000123,0.9000000000000057,0.5499999999999972,Schematic internal layout
PS5-0374,APUDecouple2_3End1,PS5-0374 · Discrete component plated termination077,Mainboard,metal,1,0.15995508836352884,0.3240000000000123,0.9000000000000057,0.5499999999999972,Schematic internal layout
PS5-0375,APUDecouple3_0Body,PS5-0375 · Representative discrete component body039,Mainboard,white,1,0.5507203534541069,1.1159999999999997,0.9000000000000004,0.5499999999999972,Schematic internal layout
PS5-0376,APUDecouple3_0End0,PS5-0376 · Discrete component plated termination078,Mainboard,metal,1,0.15995508836352643,0.32399999999999807,0.9000000000000004,0.5499999999999972,Schematic internal layout
PS5-0377,APUDecouple3_0End1,PS5-0377 · Discrete component plated termination079,Mainboard,metal,1,0.1599550883635264,0.32399999999999807,0.9000000000000004,0.5499999999999972,Schematic internal layout
PS5-0378,APUDecouple3_1Body,PS5-0378 · Representative discrete component body040,Mainboard,white,1,0.5507203534541065,1.1159999999999997,0.9000000000000021,0.5499999999999972,Schematic internal layout
PS5-0379,APUDecouple3_1End0,PS5-0379 · Discrete component plated termination080,Mainboard,metal,1,0.15995508836352634,0.32399999999999807,0.8999999999999986,0.5499999999999972,Schematic internal layout
PS5-0380,APUDecouple3_1End1,PS5-0380 · Discrete component plated termination081,Mainboard,metal,1,0.15995508836352634,0.32399999999999807,0.8999999999999986,0.5499999999999972,Schematic internal layout
PS5-0381,APUDecouple3_2Body,PS5-0381 · Representative discrete component body041,Mainboard,white,1,0.5507203534541079,1.1159999999999997,0.9000000000000057,0.5499999999999972,Schematic internal layout
PS5-0382,APUDecouple3_2End0,PS5-0382 · Discrete component plated termination082,Mainboard,metal,1,0.15995508836352668,0.32399999999999807,0.9000000000000057,0.5499999999999972,Schematic internal layout
PS5-0383,APUDecouple3_2End1,PS5-0383 · Discrete component plated termination083,Mainboard,metal,1,0.15995508836352668,0.32399999999999807,0.9000000000000057,0.5499999999999972,Schematic internal layout
PS5-0384,APUDecouple3_3Body,PS5-0384 · Representative discrete component body042,Mainboard,white,1,0.5507203534541079,1.1159999999999997,0.9000000000000057,0.5499999999999972,Schematic internal layout
PS5-0385,APUDecouple3_3End0,PS5-0385 · Discrete component plated termination084,Mainboard,metal,1,0.15995508836352665,0.32399999999999807,0.9000000000000057,0.5499999999999972,Schematic internal layout
PS5-0386,APUDecouple3_3End1,PS5-0386 · Discrete component plated termination085,Mainboard,metal,1,0.15995508836352665,0.32399999999999807,0.9000000000000057,0.5499999999999972,Schematic internal layout
PS5-0387,APUDecouple4_0Body,PS5-0387 · Representative discrete component body043,Mainboard,white,1,0.5507203534541069,1.1159999999999997,0.9000000000000004,0.5499999999999972,Schematic internal layout
PS5-0388,APUDecouple4_0End0,PS5-0388 · Discrete component plated termination086,Mainboard,metal,1,0.1599550883635264,0.32399999999999807,0.9000000000000004,0.5499999999999972,Schematic internal layout
PS5-0389,APUDecouple4_0End1,PS5-0389 · Discrete component plated termination087,Mainboard,metal,1,0.15995508836352637,0.32399999999999807,0.9000000000000004,0.5499999999999972,Schematic internal layout
PS5-0390,APUDecouple4_1Body,PS5-0390 · Representative discrete component body044,Mainboard,white,1,0.5507203534541066,1.1159999999999997,0.9000000000000021,0.5499999999999972,Schematic internal layout
PS5-0391,APUDecouple4_1End0,PS5-0391 · Discrete component plated termination088,Mainboard,metal,1,0.15995508836352632,0.32399999999999807,0.8999999999999986,0.5499999999999972,Schematic internal layout
PS5-0392,APUDecouple4_1End1,PS5-0392 · Discrete component plated termination089,Mainboard,metal,1,0.15995508836352632,0.32399999999999807,0.8999999999999986,0.5499999999999972,Schematic internal layout
PS5-0393,APUDecouple4_2Body,PS5-0393 · Representative discrete component body045,Mainboard,white,1,0.5507203534541079,1.1159999999999997,0.9000000000000057,0.5499999999999972,Schematic internal layout
PS5-0394,APUDecouple4_2End0,PS5-0394 · Discrete component plated termination090,Mainboard,metal,1,0.15995508836352668,0.32399999999999807,0.9000000000000057,0.5499999999999972,Schematic internal layout
PS5-0395,APUDecouple4_2End1,PS5-0395 · Discrete component plated termination091,Mainboard,metal,1,0.15995508836352665,0.32399999999999807,0.9000000000000057,0.5499999999999972,Schematic internal layout
PS5-0396,APUDecouple4_3Body,PS5-0396 · Representative discrete component body046,Mainboard,white,1,0.5507203534541079,1.1159999999999997,0.9000000000000057,0.5499999999999972,Schematic internal layout
PS5-0397,APUDecouple4_3End0,PS5-0397 · Discrete component plated termination092,Mainboard,metal,1,0.15995508836352668,0.32399999999999807,0.9000000000000057,0.5499999999999972,Schematic internal layout
PS5-0398,APUDecouple4_3End1,PS5-0398 · Discrete component plated termination093,Mainboard,metal,1,0.15995508836352665,0.32399999999999807,0.9000000000000057,0.5499999999999972,Schematic internal layout
PS5-0399,APUDecouple5_0Body,PS5-0399 · Representative discrete component body047,Mainboard,white,1,0.5507203534541069,1.1159999999999997,0.9000000000000004,0.5499999999999972,Schematic internal layout
PS5-0400,APUDecouple5_0End0,PS5-0400 · Discrete component plated termination094,Mainboard,metal,1,0.15995508836352643,0.32399999999999807,0.9000000000000004,0.5499999999999972,Schematic internal layout
PS5-0401,APUDecouple5_0End1,PS5-0401 · Discrete component plated termination095,Mainboard,metal,1,0.1599550883635264,0.32399999999999807,0.9000000000000004,0.5499999999999972,Schematic internal layout
PS5-0402,APUDecouple5_1Body,PS5-0402 · Representative discrete component body048,Mainboard,white,1,0.5507203534541065,1.1159999999999997,0.9000000000000021,0.5499999999999972,Schematic internal layout
PS5-0403,APUDecouple5_1End0,PS5-0403 · Discrete component plated termination096,Mainboard,metal,1,0.15995508836352632,0.32399999999999807,0.8999999999999986,0.5499999999999972,Schematic internal layout
PS5-0404,APUDecouple5_1End1,PS5-0404 · Discrete component plated termination097,Mainboard,metal,1,0.15995508836352634,0.32399999999999807,0.8999999999999986,0.5499999999999972,Schematic internal layout
PS5-0405,APUDecouple5_2Body,PS5-0405 · Representative discrete component body049,Mainboard,white,1,0.5507203534541079,1.1159999999999997,0.9000000000000057,0.5499999999999972,Schematic internal layout
PS5-0406,APUDecouple5_2End0,PS5-0406 · Discrete component plated termination098,Mainboard,metal,1,0.15995508836352662,0.32399999999999807,0.9000000000000057,0.5499999999999972,Schematic internal layout
PS5-0407,APUDecouple5_2End1,PS5-0407 · Discrete component plated termination099,Mainboard,metal,1,0.15995508836352668,0.32399999999999807,0.9000000000000057,0.5499999999999972,Schematic internal layout
PS5-0408,APUDecouple5_3Body,PS5-0408 · Representative discrete component body050,Mainboard,white,1,0.5507203534541079,1.1159999999999997,0.9000000000000057,0.5499999999999972,Schematic internal layout
PS5-0409,APUDecouple5_3End0,PS5-0409 · Discrete component plated termination100,Mainboard,metal,1,0.15995508836352668,0.32399999999999807,0.9000000000000057,0.5499999999999972,Schematic internal layout
PS5-0410,APUDecouple5_3End1,PS5-0410 · Discrete component plated termination101,Mainboard,metal,1,0.15995508836352668,0.32399999999999807,0.9000000000000057,0.5499999999999972,Schematic internal layout
PS5-0411,APUDecouple6_0Body,PS5-0411 · Representative discrete component body051,Mainboard,white,1,0.5507203534541069,1.1159999999999997,0.9000000000000004,0.5499999999999972,Schematic internal layout
PS5-0412,APUDecouple6_0End0,PS5-0412 · Discrete component plated termination102,Mainboard,metal,1,0.1599550883635264,0.32399999999999807,0.9000000000000004,0.5499999999999972,Schematic internal layout
PS5-0413,APUDecouple6_0End1,PS5-0413 · Discrete component plated termination103,Mainboard,metal,1,0.15995508836352643,0.32399999999999807,0.9000000000000004,0.5499999999999972,Schematic internal layout
PS5-0414,APUDecouple6_1Body,PS5-0414 · Representative discrete component body052,Mainboard,white,1,0.5507203534541065,1.1159999999999997,0.9000000000000021,0.5499999999999972,Schematic internal layout
PS5-0415,APUDecouple6_1End0,PS5-0415 · Discrete component plated termination104,Mainboard,metal,1,0.15995508836352634,0.32399999999999807,0.8999999999999986,0.5499999999999972,Schematic internal layout
PS5-0416,APUDecouple6_1End1,PS5-0416 · Discrete component plated termination105,Mainboard,metal,1,0.15995508836352632,0.32399999999999807,0.8999999999999986,0.5499999999999972,Schematic internal layout
PS5-0417,APUDecouple6_2Body,PS5-0417 · Representative discrete component body053,Mainboard,white,1,0.5507203534541079,1.1159999999999997,0.9000000000000057,0.5499999999999972,Schematic internal layout
PS5-0418,APUDecouple6_2End0,PS5-0418 · Discrete component plated termination106,Mainboard,metal,1,0.15995508836352668,0.32399999999999807,0.9000000000000057,0.5499999999999972,Schematic internal layout
PS5-0419,APUDecouple6_2End1,PS5-0419 · Discrete component plated termination107,Mainboard,metal,1,0.15995508836352662,0.32399999999999807,0.9000000000000057,0.5499999999999972,Schematic internal layout
PS5-0420,APUDecouple6_3Body,PS5-0420 · Representative discrete component body054,Mainboard,white,1,0.5507203534541079,1.1159999999999997,0.9000000000000057,0.5499999999999972,Schematic internal layout
PS5-0421,APUDecouple6_3End0,PS5-0421 · Discrete component plated termination108,Mainboard,metal,1,0.15995508836352668,0.32399999999999807,0.9000000000000057,0.5499999999999972,Schematic internal layout
PS5-0422,APUDecouple6_3End1,PS5-0422 · Discrete component plated termination109,Mainboard,metal,1,0.15995508836352668,0.32399999999999807,0.9000000000000057,0.5499999999999972,Schematic internal layout
PS5-0423,APUDecouple7_0Body,PS5-0423 · Representative discrete component body055,Mainboard,white,1,0.5507203534541069,1.1159999999999997,0.9000000000000004,0.5499999999999972,Schematic internal layout
PS5-0424,APUDecouple7_0End0,PS5-0424 · Discrete component plated termination110,Mainboard,metal,1,0.15995508836352637,0.32399999999999807,0.9000000000000004,0.5499999999999972,Schematic internal layout
PS5-0425,APUDecouple7_0End1,PS5-0425 · Discrete component plated termination111,Mainboard,metal,1,0.15995508836352643,0.32399999999999807,0.9000000000000004,0.5499999999999972,Schematic internal layout
PS5-0426,APUDecouple7_1Body,PS5-0426 · Representative discrete component body056,Mainboard,white,1,0.5507203534541065,1.1159999999999997,0.9000000000000021,0.5499999999999972,Schematic internal layout
PS5-0427,APUDecouple7_1End0,PS5-0427 · Discrete component plated termination112,Mainboard,metal,1,0.15995508836352632,0.32399999999999807,0.8999999999999986,0.5499999999999972,Schematic internal layout
PS5-0428,APUDecouple7_1End1,PS5-0428 · Discrete component plated termination113,Mainboard,metal,1,0.15995508836352634,0.32399999999999807,0.8999999999999986,0.5499999999999972,Schematic internal layout
PS5-0429,APUDecouple7_2Body,PS5-0429 · Representative discrete component body057,Mainboard,white,1,0.5507203534541079,1.1159999999999997,0.9000000000000057,0.5499999999999972,Schematic internal layout
PS5-0430,APUDecouple7_2End0,PS5-0430 · Discrete component plated termination114,Mainboard,metal,1,0.15995508836352665,0.32399999999999807,0.9000000000000057,0.5499999999999972,Schematic internal layout
PS5-0431,APUDecouple7_2End1,PS5-0431 · Discrete component plated termination115,Mainboard,metal,1,0.15995508836352668,0.32399999999999807,0.9000000000000057,0.5499999999999972,Schematic internal layout
PS5-0432,APUDecouple7_3Body,PS5-0432 · Representative discrete component body058,Mainboard,white,1,0.5507203534541079,1.1159999999999997,0.9000000000000057,0.5499999999999972,Schematic internal layout
PS5-0433,APUDecouple7_3End0,PS5-0433 · Discrete component plated termination116,Mainboard,metal,1,0.15995508836352665,0.32399999999999807,0.9000000000000057,0.5499999999999972,Schematic internal layout
PS5-0434,APUDecouple7_3End1,PS5-0434 · Discrete component plated termination117,Mainboard,metal,1,0.15995508836352665,0.32399999999999807,0.9000000000000057,0.5499999999999972,Schematic internal layout
PS5-0435,MemoryDiscrete0_0Body,PS5-0435 · Representative discrete component body059,Mainboard,black,1,0.29155938009881655,0.9300000000000068,0.7000000000000002,0.45000000000000284,Schematic internal layout
PS5-0436,MemoryDiscrete0_0End0,PS5-0436 · Discrete component plated termination118,Mainboard,metal,1,0.084702345024705,0.27000000000001023,0.7000000000000002,0.45000000000000284,Schematic internal layout
PS5-0437,MemoryDiscrete0_0End1,PS5-0437 · Discrete component plated termination119,Mainboard,metal,1,0.084702345024705,0.27000000000001023,0.7000000000000002,0.45000000000000284,Schematic internal layout
PS5-0438,MemoryDiscrete0_1Body,PS5-0438 · Representative discrete component body060,Mainboard,black,1,0.2915593800988166,0.9300000000000068,0.7000000000000002,0.45000000000000284,Schematic internal layout
PS5-0439,MemoryDiscrete0_1End0,PS5-0439 · Discrete component plated termination120,Mainboard,metal,1,0.08470234502470501,0.27000000000001023,0.7000000000000002,0.45000000000000284,Schematic internal layout
PS5-0440,MemoryDiscrete0_1End1,PS5-0440 · Discrete component plated termination121,Mainboard,metal,1,0.084702345024705,0.27000000000001023,0.7000000000000002,0.45000000000000284,Schematic internal layout
PS5-0441,MemoryDiscrete0_2Body,PS5-0441 · Representative discrete component body061,Mainboard,black,1,0.29155938009881655,0.9300000000000068,0.7000000000000002,0.45000000000000284,Schematic internal layout
PS5-0442,MemoryDiscrete0_2End0,PS5-0442 · Discrete component plated termination122,Mainboard,metal,1,0.084702345024705,0.27000000000001023,0.7000000000000002,0.45000000000000284,Schematic internal layout
PS5-0443,MemoryDiscrete0_2End1,PS5-0443 · Discrete component plated termination123,Mainboard,metal,1,0.084702345024705,0.27000000000001023,0.7000000000000002,0.45000000000000284,Schematic internal layout
PS5-0444,MemoryDiscrete1_0Body,PS5-0444 · Representative discrete component body062,Mainboard,black,1,0.29155938009881593,0.9299999999999997,0.6999999999999993,0.45000000000000284,Schematic internal layout
PS5-0445,MemoryDiscrete1_0End0,PS5-0445 · Discrete component plated termination124,Mainboard,metal,1,0.08470234502470499,0.27000000000001023,0.7000000000000011,0.45000000000000284,Schematic internal layout
PS5-0446,MemoryDiscrete1_0End1,PS5-0446 · Discrete component plated termination125,Mainboard,metal,1,0.08470234502470365,0.269999999999996,0.7000000000000011,0.45000000000000284,Schematic internal layout
PS5-0447,MemoryDiscrete1_1Body,PS5-0447 · Representative discrete component body063,Mainboard,black,1,0.29155938009881655,0.9300000000000068,0.6999999999999993,0.45000000000000284,Schematic internal layout
PS5-0448,MemoryDiscrete1_1End0,PS5-0448 · Discrete component plated termination126,Mainboard,metal,1,0.08470234502470365,0.269999999999996,0.7000000000000011,0.45000000000000284,Schematic internal layout
PS5-0449,MemoryDiscrete1_1End1,PS5-0449 · Discrete component plated termination127,Mainboard,metal,1,0.08470234502470364,0.269999999999996,0.7000000000000011,0.45000000000000284,Schematic internal layout
PS5-0450,MemoryDiscrete1_2Body,PS5-0450 · Representative discrete component body064,Mainboard,black,1,0.29155938009881655,0.9300000000000068,0.6999999999999993,0.45000000000000284,Schematic internal layout
PS5-0451,MemoryDiscrete1_2End0,PS5-0451 · Discrete component plated termination128,Mainboard,metal,1,0.08470234502470364,0.269999999999996,0.7000000000000011,0.45000000000000284,Schematic internal layout
PS5-0452,MemoryDiscrete1_2End1,PS5-0452 · Discrete component plated termination129,Mainboard,metal,1,0.08470234502470365,0.269999999999996,0.7000000000000011,0.45000000000000284,Schematic internal layout
PS5-0453,MemoryDiscrete2_0Body,PS5-0453 · Representative discrete component body065,Mainboard,black,1,0.29155938009881666,0.9300000000000068,0.7000000000000002,0.45000000000000284,Schematic internal layout
PS5-0454,MemoryDiscrete2_0End0,PS5-0454 · Discrete component plated termination130,Mainboard,metal,1,0.08470234502470367,0.269999999999996,0.7000000000000002,0.45000000000000284,Schematic internal layout
PS5-0455,MemoryDiscrete2_0End1,PS5-0455 · Discrete component plated termination131,Mainboard,metal,1,0.08470234502470367,0.269999999999996,0.7000000000000002,0.45000000000000284,Schematic internal layout
PS5-0456,MemoryDiscrete2_1Body,PS5-0456 · Representative discrete component body066,Mainboard,black,1,0.29155938009881605,0.9299999999999997,0.7000000000000002,0.45000000000000284,Schematic internal layout
PS5-0457,MemoryDiscrete2_1End0,PS5-0457 · Discrete component plated termination132,Mainboard,metal,1,0.08470234502470436,0.2700000000000031,0.7000000000000002,0.45000000000000284,Schematic internal layout
PS5-0458,MemoryDiscrete2_1End1,PS5-0458 · Discrete component plated termination133,Mainboard,metal,1,0.08470234502470435,0.2700000000000031,0.7000000000000002,0.45000000000000284,Schematic internal layout
PS5-0459,MemoryDiscrete2_2Body,PS5-0459 · Representative discrete component body067,Mainboard,black,1,0.29155938009881605,0.9299999999999997,0.7000000000000002,0.45000000000000284,Schematic internal layout
PS5-0460,MemoryDiscrete2_2End0,PS5-0460 · Discrete component plated termination134,Mainboard,metal,1,0.08470234502470436,0.2700000000000031,0.7000000000000002,0.45000000000000284,Schematic internal layout
PS5-0461,MemoryDiscrete2_2End1,PS5-0461 · Discrete component plated termination135,Mainboard,metal,1,0.08470234502470436,0.2700000000000031,0.7000000000000002,0.45000000000000284,Schematic internal layout
PS5-0462,MemoryDiscrete3_0Body,PS5-0462 · Representative discrete component body068,Mainboard,black,1,0.2915593800988164,0.9299999999999997,0.7000000000000028,0.45000000000000284,Schematic internal layout
PS5-0463,MemoryDiscrete3_0End0,PS5-0463 · Discrete component plated termination136,Mainboard,metal,1,0.08470234502470442,0.2700000000000031,0.7000000000000028,0.45000000000000284,Schematic internal layout
PS5-0464,MemoryDiscrete3_0End1,PS5-0464 · Discrete component plated termination137,Mainboard,metal,1,0.08470234502470442,0.2700000000000031,0.7000000000000028,0.45000000000000284,Schematic internal layout
PS5-0465,MemoryDiscrete3_1Body,PS5-0465 · Representative discrete component body069,Mainboard,black,1,0.2915593800988163,0.9299999999999997,0.7000000000000028,0.45000000000000284,Schematic internal layout
PS5-0466,MemoryDiscrete3_1End0,PS5-0466 · Discrete component plated termination138,Mainboard,metal,1,0.08470234502470443,0.2700000000000031,0.7000000000000028,0.45000000000000284,Schematic internal layout
PS5-0467,MemoryDiscrete3_1End1,PS5-0467 · Discrete component plated termination139,Mainboard,metal,1,0.08470234502470442,0.2700000000000031,0.7000000000000028,0.45000000000000284,Schematic internal layout
PS5-0468,MemoryDiscrete3_2Body,PS5-0468 · Representative discrete component body070,Mainboard,black,1,0.2915593800988163,0.9299999999999997,0.7000000000000028,0.45000000000000284,Schematic internal layout
PS5-0469,MemoryDiscrete3_2End0,PS5-0469 · Discrete component plated termination140,Mainboard,metal,1,0.08470234502470442,0.2700000000000031,0.7000000000000028,0.45000000000000284,Schematic internal layout
PS5-0470,MemoryDiscrete3_2End1,PS5-0470 · Discrete component plated termination141,Mainboard,metal,1,0.08470234502470407,0.2699999999999996,0.7000000000000028,0.45000000000000284,Schematic internal layout
PS5-0471,MemoryDiscrete4_0Body,PS5-0471 · Representative discrete component body071,Mainboard,black,1,0.2915593800988153,0.9300000000000068,0.700000000000017,0.45000000000000284,Schematic internal layout
PS5-0472,MemoryDiscrete4_0End0,PS5-0472 · Discrete component plated termination142,Mainboard,metal,1,0.08470234502470332,0.269999999999996,0.6999999999999886,0.45000000000000284,Schematic internal layout
PS5-0473,MemoryDiscrete4_0End1,PS5-0473 · Discrete component plated termination143,Mainboard,metal,1,0.08470234502470332,0.269999999999996,0.6999999999999886,0.45000000000000284,Schematic internal layout
PS5-0474,MemoryDiscrete4_1Body,PS5-0474 · Representative discrete component body072,Mainboard,black,1,0.2915593800988147,0.9299999999999997,0.700000000000017,0.45000000000000284,Schematic internal layout
PS5-0475,MemoryDiscrete4_1End0,PS5-0475 · Discrete component plated termination144,Mainboard,metal,1,0.08470234502470399,0.2700000000000031,0.6999999999999886,0.45000000000000284,Schematic internal layout
PS5-0476,MemoryDiscrete4_1End1,PS5-0476 · Discrete component plated termination145,Mainboard,metal,1,0.084702345024704,0.2700000000000031,0.6999999999999886,0.45000000000000284,Schematic internal layout
PS5-0477,MemoryDiscrete4_2Body,PS5-0477 · Representative discrete component body073,Mainboard,black,1,0.29155938009881466,0.9299999999999997,0.700000000000017,0.45000000000000284,Schematic internal layout
PS5-0478,MemoryDiscrete4_2End0,PS5-0478 · Discrete component plated termination146,Mainboard,metal,1,0.084702345024704,0.2700000000000031,0.6999999999999886,0.45000000000000284,Schematic internal layout
PS5-0479,MemoryDiscrete4_2End1,PS5-0479 · Discrete component plated termination147,Mainboard,metal,1,0.08470234502470399,0.2700000000000031,0.6999999999999886,0.45000000000000284,Schematic internal layout
PS5-0480,MemoryDiscrete5_0Body,PS5-0480 · Representative discrete component body074,Mainboard,black,1,0.2915593800988147,0.9299999999999997,0.700000000000017,0.45000000000000284,Schematic internal layout
PS5-0481,MemoryDiscrete5_0End0,PS5-0481 · Discrete component plated termination148,Mainboard,metal,1,0.08470234502470465,0.27000000000001023,0.6999999999999886,0.45000000000000284,Schematic internal layout
PS5-0482,MemoryDiscrete5_0End1,PS5-0482 · Discrete component plated termination149,Mainboard,metal,1,0.08470234502470332,0.269999999999996,0.6999999999999886,0.45000000000000284,Schematic internal layout
PS5-0483,MemoryDiscrete5_1Body,PS5-0483 · Representative discrete component body075,Mainboard,black,1,0.29155938009881527,0.9300000000000068,0.700000000000017,0.45000000000000284,Schematic internal layout
PS5-0484,MemoryDiscrete5_1End0,PS5-0484 · Discrete component plated termination150,Mainboard,metal,1,0.08470234502470332,0.269999999999996,0.6999999999999886,0.45000000000000284,Schematic internal layout
PS5-0485,MemoryDiscrete5_1End1,PS5-0485 · Discrete component plated termination151,Mainboard,metal,1,0.08470234502470331,0.269999999999996,0.6999999999999886,0.45000000000000284,Schematic internal layout
PS5-0486,MemoryDiscrete5_2Body,PS5-0486 · Representative discrete component body076,Mainboard,black,1,0.29155938009881527,0.9300000000000068,0.700000000000017,0.45000000000000284,Schematic internal layout
PS5-0487,MemoryDiscrete5_2End0,PS5-0487 · Discrete component plated termination152,Mainboard,metal,1,0.08470234502470331,0.269999999999996,0.6999999999999886,0.45000000000000284,Schematic internal layout
PS5-0488,MemoryDiscrete5_2End1,PS5-0488 · Discrete component plated termination153,Mainboard,metal,1,0.08470234502470332,0.269999999999996,0.6999999999999886,0.45000000000000284,Schematic internal layout
PS5-0489,MemoryDiscrete6_0Body,PS5-0489 · Representative discrete component body077,Mainboard,black,1,0.29155938009881527,0.9300000000000068,0.700000000000017,0.45000000000000284,Schematic internal layout
PS5-0490,MemoryDiscrete6_0End0,PS5-0490 · Discrete component plated termination154,Mainboard,metal,1,0.08470234502470464,0.27000000000001023,0.6999999999999886,0.45000000000000284,Schematic internal layout
PS5-0491,MemoryDiscrete6_0End1,PS5-0491 · Discrete component plated termination155,Mainboard,metal,1,0.08470234502470465,0.27000000000001023,0.6999999999999886,0.45000000000000284,Schematic internal layout
PS5-0492,MemoryDiscrete6_1Body,PS5-0492 · Representative discrete component body078,Mainboard,black,1,0.2915593800988152,0.9300000000000068,0.700000000000017,0.45000000000000284,Schematic internal layout
PS5-0493,MemoryDiscrete6_1End0,PS5-0493 · Discrete component plated termination156,Mainboard,metal,1,0.08470234502470465,0.27000000000001023,0.6999999999999886,0.45000000000000284,Schematic internal layout
PS5-0494,MemoryDiscrete6_1End1,PS5-0494 · Discrete component plated termination157,Mainboard,metal,1,0.08470234502470464,0.27000000000001023,0.6999999999999886,0.45000000000000284,Schematic internal layout
PS5-0495,MemoryDiscrete6_2Body,PS5-0495 · Representative discrete component body079,Mainboard,black,1,0.29155938009881527,0.9300000000000068,0.700000000000017,0.45000000000000284,Schematic internal layout
PS5-0496,MemoryDiscrete6_2End0,PS5-0496 · Discrete component plated termination158,Mainboard,metal,1,0.08470234502470464,0.27000000000001023,0.6999999999999886,0.45000000000000284,Schematic internal layout
PS5-0497,MemoryDiscrete6_2End1,PS5-0497 · Discrete component plated termination159,Mainboard,metal,1,0.08470234502470464,0.27000000000001023,0.6999999999999886,0.45000000000000284,Schematic internal layout
PS5-0498,MemoryDiscrete7_0Body,PS5-0498 · Representative discrete component body080,Mainboard,black,1,0.2915593800988168,0.9300000000000068,0.7000000000000028,0.45000000000000284,Schematic internal layout
PS5-0499,MemoryDiscrete7_0End0,PS5-0499 · Discrete component plated termination160,Mainboard,metal,1,0.08470234502470507,0.27000000000001023,0.7000000000000028,0.45000000000000284,Schematic internal layout
PS5-0500,MemoryDiscrete7_0End1,PS5-0500 · Discrete component plated termination161,Mainboard,metal,1,0.08470234502470506,0.27000000000001023,0.7000000000000028,0.45000000000000284,Schematic internal layout
PS5-0501,MemoryDiscrete7_1Body,PS5-0501 · Representative discrete component body081,Mainboard,black,1,0.2915593800988169,0.9300000000000068,0.7000000000000028,0.45000000000000284,Schematic internal layout
PS5-0502,MemoryDiscrete7_1End0,PS5-0502 · Discrete component plated termination162,Mainboard,metal,1,0.08470234502470506,0.27000000000001023,0.7000000000000028,0.45000000000000284,Schematic internal layout
PS5-0503,MemoryDiscrete7_1End1,PS5-0503 · Discrete component plated termination163,Mainboard,metal,1,0.08470234502470506,0.27000000000001023,0.7000000000000028,0.45000000000000284,Schematic internal layout
PS5-0504,MemoryDiscrete7_2Body,PS5-0504 · Representative discrete component body082,Mainboard,black,1,0.2915593800988168,0.9300000000000068,0.7000000000000028,0.45000000000000284,Schematic internal layout
PS5-0505,MemoryDiscrete7_2End0,PS5-0505 · Discrete component plated termination164,Mainboard,metal,1,0.08470234502470508,0.27000000000001023,0.7000000000000028,0.45000000000000284,Schematic internal layout
PS5-0506,MemoryDiscrete7_2End1,PS5-0506 · Discrete component plated termination165,Mainboard,metal,1,0.08470234502470507,0.27000000000001023,0.7000000000000028,0.45000000000000284,Schematic internal layout
PS5-0507,ClockHolderFloor,PS5-0507 · Coin-cell holder floor,Mainboard,black,1,199.9749387716049,20.60000000000001,20.599999999999994,0.6000000000000014,Schematic internal layout
PS5-0508,ClockHolderWall,PS5-0508 · Open coin-cell retaining rim,Mainboard,black,1,131.94689145077177,20.60000000000001,20.599999999999994,3.5,Schematic internal layout
PS5-0509,ClockCell,PS5-0509 · Clock backup coin-cell study,Mainboard,metal,1,793.8804635621404,19.0,19.0,2.799999999999997,Schematic internal layout
PS5-0510,ClockClip,PS5-0510 · Positive battery retaining spring,Mainboard,metal,1,5.397853981633978,2.4000000000000057,9.0,0.25,Schematic internal layout
PS5-0511,ClockContact,PS5-0511 · Battery holder solder lug,Mainboard,metal,1,1.4382831853071818,2.3999999999999773,3.0,0.20000000000000284,Schematic internal layout
PS5-0512,OpticalFFCHousing,PS5-0512 · Optical-drive flex socket001,Mainboard,white,1,163.98733289167515,20.0,5.0,3.799999999999997,Schematic internal layout
PS5-0513,OpticalFFCLatch,PS5-0513 · Connector locking bar,Mainboard,black,1,8.875604954386342,18.5,0.5999999999999943,0.7999999999999972,Schematic internal layout
PS5-0514,OpticalFFCContact0,PS5-0514 · Separate socket spring contact,Mainboard,gold,1,0.1078609380098828,0.30000000000001137,2.0,0.17999999999999972,Schematic internal layout
PS5-0515,OpticalFFCContact1,PS5-0515 · Separate socket spring contact001,Mainboard,gold,1,0.1078609380098828,0.30000000000001137,2.0,0.17999999999999972,Schematic internal layout
PS5-0516,OpticalFFCContact2,PS5-0516 · Separate socket spring contact002,Mainboard,gold,1,0.1078609380098828,0.30000000000001137,2.0,0.17999999999999972,Schematic internal layout
PS5-0517,OpticalFFCContact3,PS5-0517 · Separate socket spring contact003,Mainboard,gold,1,0.1078609380098828,0.30000000000001137,2.0,0.17999999999999972,Schematic internal layout
PS5-0518,OpticalFFCContact4,PS5-0518 · Separate socket spring contact004,Mainboard,gold,1,0.10786093800988282,0.30000000000001137,2.0,0.17999999999999972,Schematic internal layout
PS5-0519,OpticalFFCContact5,PS5-0519 · Separate socket spring contact005,Mainboard,gold,1,0.10786093800988282,0.30000000000001137,2.0,0.17999999999999972,Schematic internal layout
PS5-0520,OpticalFFCContact6,PS5-0520 · Separate socket spring contact006,Mainboard,gold,1,0.10786093800988282,0.30000000000001137,2.0,0.17999999999999972,Schematic internal layout
PS5-0521,OpticalFFCContact7,PS5-0521 · Separate socket spring contact007,Mainboard,gold,1,0.10786093800988282,0.30000000000001137,2.0,0.17999999999999972,Schematic internal layout
PS5-0522,OpticalFFCContact8,PS5-0522 · Separate socket spring contact008,Mainboard,gold,1,0.10786093800988282,0.30000000000001137,2.0,0.17999999999999972,Schematic internal layout
PS5-0523,OpticalFFCContact9,PS5-0523 · Separate socket spring contact009,Mainboard,gold,1,0.10786093800988282,0.30000000000001137,2.0,0.17999999999999972,Schematic internal layout
PS5-0524,OpticalFFCContact10,PS5-0524 · Separate socket spring contact010,Mainboard,gold,1,0.10786093800988282,0.30000000000001137,2.0,0.17999999999999972,Schematic internal layout
PS5-0525,OpticalFFCContact11,PS5-0525 · Separate socket spring contact011,Mainboard,gold,1,0.10786093800988282,0.30000000000001137,2.0,0.17999999999999972,Schematic internal layout
PS5-0526,OpticalFFCContact12,PS5-0526 · Separate socket spring contact012,Mainboard,gold,1,0.10786093800988282,0.30000000000001137,2.0,0.17999999999999972,Schematic internal layout
PS5-0527,OpticalFFCContact13,PS5-0527 · Separate socket spring contact013,Mainboard,gold,1,0.10786093800988282,0.30000000000001137,2.0,0.17999999999999972,Schematic internal layout
PS5-0528,OpticalFFCContact14,PS5-0528 · Separate socket spring contact014,Mainboard,gold,1,0.10786093800988282,0.30000000000001137,2.0,0.17999999999999972,Schematic internal layout
PS5-0529,OpticalFFCContact15,PS5-0529 · Separate socket spring contact015,Mainboard,gold,1,0.10786093800988282,0.30000000000001137,2.0,0.17999999999999972,Schematic internal layout
PS5-0530,OpticalFFCContact16,PS5-0530 · Separate socket spring contact016,Mainboard,gold,1,0.10786093800988282,0.30000000000001137,2.0,0.17999999999999972,Schematic internal layout
PS5-0531,OpticalFFCContact17,PS5-0531 · Separate socket spring contact017,Mainboard,gold,1,0.10786093800988282,0.30000000000001137,2.0,0.17999999999999972,Schematic internal layout
PS5-0532,FrontFFCHousing,PS5-0532 · Front interface flex socket001,Mainboard,white,1,180.95133289167532,22.0,5.0,3.799999999999997,Schematic internal layout
PS5-0533,FrontFFCLatch,PS5-0533 · Connector locking bar001,Mainboard,black,1,9.83560495438634,20.5,0.5999999999999943,0.7999999999999972,Schematic internal layout
PS5-0534,FrontFFCContact0,PS5-0534 · Separate socket spring contact018,Mainboard,gold,1,0.10786093800988279,0.30000000000001137,2.0,0.17999999999999972,Schematic internal layout
PS5-0535,FrontFFCContact1,PS5-0535 · Separate socket spring contact019,Mainboard,gold,1,0.10786093800988279,0.30000000000001137,2.0,0.17999999999999972,Schematic internal layout
PS5-0536,FrontFFCContact2,PS5-0536 · Separate socket spring contact020,Mainboard,gold,1,0.10786093800988279,0.30000000000001137,2.0,0.17999999999999972,Schematic internal layout
PS5-0537,FrontFFCContact3,PS5-0537 · Separate socket spring contact021,Mainboard,gold,1,0.10786093800988279,0.30000000000001137,2.0,0.17999999999999972,Schematic internal layout
PS5-0538,FrontFFCContact4,PS5-0538 · Separate socket spring contact022,Mainboard,gold,1,0.10786093800988279,0.30000000000001137,2.0,0.17999999999999972,Schematic internal layout
PS5-0539,FrontFFCContact5,PS5-0539 · Separate socket spring contact023,Mainboard,gold,1,0.10786093800988279,0.30000000000001137,2.0,0.17999999999999972,Schematic internal layout
PS5-0540,FrontFFCContact6,PS5-0540 · Separate socket spring contact024,Mainboard,gold,1,0.10786093800988279,0.30000000000001137,2.0,0.17999999999999972,Schematic internal layout
PS5-0541,FrontFFCContact7,PS5-0541 · Separate socket spring contact025,Mainboard,gold,1,0.10786093800988279,0.30000000000001137,2.0,0.17999999999999972,Schematic internal layout
PS5-0542,FrontFFCContact8,PS5-0542 · Separate socket spring contact026,Mainboard,gold,1,0.10786093800988118,0.29999999999999716,2.0,0.17999999999999972,Schematic internal layout
PS5-0543,FrontFFCContact9,PS5-0543 · Separate socket spring contact027,Mainboard,gold,1,0.10786093800988118,0.29999999999999716,2.0,0.17999999999999972,Schematic internal layout
PS5-0544,FrontFFCContact10,PS5-0544 · Separate socket spring contact028,Mainboard,gold,1,0.10786093800988118,0.29999999999999716,2.0,0.17999999999999972,Schematic internal layout
PS5-0545,FrontFFCContact11,PS5-0545 · Separate socket spring contact029,Mainboard,gold,1,0.10786093800988118,0.29999999999999716,2.0,0.17999999999999972,Schematic internal layout
PS5-0546,FrontFFCContact12,PS5-0546 · Separate socket spring contact030,Mainboard,gold,1,0.10786093800988118,0.29999999999999716,2.0,0.17999999999999972,Schematic internal layout
PS5-0547,FrontFFCContact13,PS5-0547 · Separate socket spring contact031,Mainboard,gold,1,0.10786093800988118,0.29999999999999716,2.0,0.17999999999999972,Schematic internal layout
PS5-0548,FrontFFCContact14,PS5-0548 · Separate socket spring contact032,Mainboard,gold,1,0.10786093800988118,0.29999999999999716,2.0,0.17999999999999972,Schematic internal layout
PS5-0549,FrontFFCContact15,PS5-0549 · Separate socket spring contact033,Mainboard,gold,1,0.10786093800988118,0.29999999999999716,2.0,0.17999999999999972,Schematic internal layout
PS5-0550,FrontFFCContact16,PS5-0550 · Separate socket spring contact034,Mainboard,gold,1,0.10786093800988117,0.29999999999999716,2.0,0.17999999999999972,Schematic internal layout
PS5-0551,FrontFFCContact17,PS5-0551 · Separate socket spring contact035,Mainboard,gold,1,0.10786093800988117,0.29999999999999716,2.0,0.17999999999999972,Schematic internal layout
PS5-0552,FrontFFCContact18,PS5-0552 · Separate socket spring contact036,Mainboard,gold,1,0.10786093800988117,0.29999999999999716,2.0,0.17999999999999972,Schematic internal layout
PS5-0553,FrontFFCContact19,PS5-0553 · Separate socket spring contact037,Mainboard,gold,1,0.10786093800988117,0.29999999999999716,2.0,0.17999999999999972,Schematic internal layout
PS5-0554,FanSocketHousing,PS5-0554 · Four-contact fan socket001,Mainboard,white,1,67.98183289167518,8.0,5.0,3.799999999999997,Schematic internal layout
PS5-0555,FanSocketLatch,PS5-0555 · Connector locking bar002,Mainboard,black,1,3.115604954386367,6.5,0.5999999999999943,0.7999999999999972,Schematic internal layout
PS5-0556,FanSocketContact0,PS5-0556 · Separate socket spring contact038,Mainboard,gold,1,0.10786093800988115,0.29999999999999716,2.0,0.17999999999999972,Schematic internal layout
PS5-0557,FanSocketContact1,PS5-0557 · Separate socket spring contact039,Mainboard,gold,1,0.10786093800988115,0.29999999999999716,2.0,0.17999999999999972,Schematic internal layout
PS5-0558,FanSocketContact2,PS5-0558 · Separate socket spring contact040,Mainboard,gold,1,0.10786093800988114,0.29999999999999716,2.0,0.17999999999999972,Schematic internal layout
PS5-0559,FanSocketContact3,PS5-0559 · Separate socket spring contact041,Mainboard,gold,1,0.10786093800988115,0.29999999999999716,2.0,0.17999999999999972,Schematic internal layout
PS5-0560,PowerSocketHousing,PS5-0560 · Internal low-voltage power socket002,Mainboard,white,1,163.9898787896015,20.0,5.0,3.799999999999997,Schematic internal layout
PS5-0561,PowerSocketLatch,PS5-0561 · Connector locking bar003,Mainboard,black,1,8.875604954386343,18.5,0.5999999999999943,0.7999999999999972,Schematic internal layout
PS5-0562,PowerSocketContact0,PS5-0562 · Separate socket spring contact042,Mainboard,gold,1,0.10786093800988157,0.3000000000000007,2.0,0.17999999999999972,Schematic internal layout
PS5-0563,PowerSocketContact1,PS5-0563 · Separate socket spring contact043,Mainboard,gold,1,0.10786093800988157,0.3000000000000007,2.0,0.17999999999999972,Schematic internal layout
PS5-0564,PowerSocketContact2,PS5-0564 · Separate socket spring contact044,Mainboard,gold,1,0.10786093800988114,0.30000000000000426,2.0,0.17999999999999972,Schematic internal layout
PS5-0565,PowerSocketContact3,PS5-0565 · Separate socket spring contact045,Mainboard,gold,1,0.10786093800988114,0.30000000000000426,2.0,0.17999999999999972,Schematic internal layout
PS5-0566,ClockCrystal0,PS5-0566 · Metal oscillator package study,Mainboard,metal,1,7.570123859659491,4.0,2.4000000000000057,0.7999999999999972,Schematic internal layout
PS5-0567,ClockCrystal1,PS5-0567 · Metal oscillator package study001,Mainboard,metal,1,7.570123859659491,4.0,2.4000000000000057,0.7999999999999972,Schematic internal layout
PS5-0568,ClockCrystal2,PS5-0568 · Metal oscillator package study002,Mainboard,metal,1,7.570123859659485,4.000000000000002,2.4000000000000004,0.7999999999999972,Schematic internal layout
PS5-0569,FanHousing,PS5-0569 · 120 mm-class dual-intake fan frame and lower motor supports001,Cooling,metal,1,37286.835317727724,121.19999999999999,121.19999999999999,45.0,Schematic internal layout
PS5-0570,FanMotorPCB,PS5-0570 · Annular fan motor driver PCB,Cooling,pcb,1,709.3464884393468,34.0,34.0,0.8000000000000007,Schematic internal layout
PS5-0571,FanDriver0,PS5-0571 · Fan driver package study,Cooling,black,1,11.96566370614359,4.0,3.0,1.0,Schematic internal layout
PS5-0572,FanDriver1,PS5-0572 · Fan driver package study001,Cooling,black,1,11.96566370614359,4.0,3.0,1.0,Schematic internal layout
PS5-0573,FanDriver2,PS5-0573 · Fan driver package study002,Cooling,black,1,11.965663706143589,4.0,3.0,1.0,Schematic internal layout
PS5-0574,FanShaft,PS5-0574 · Central fan spindle,Cooling,metal,1,718.3942752816852,4.800000000000011,4.799999999999999,39.7,Schematic internal layout
PS5-0575,FanBearing0,PS5-0575 · Fan bearing sleeve,Cooling,metal,1,544.170971491556,15.0,15.0,3.5,Schematic internal layout
PS5-0576,FanBearing1,PS5-0576 · Fan bearing sleeve001,Cooling,metal,1,544.170971491556,15.0,15.0,3.5,Schematic internal layout
PS5-0577,FanStatorSpine,PS5-0577 · Laminated motor stator central spine,Cooling,metal,1,859.5397500221674,10.0,10.0,15.0,Schematic internal layout
PS5-0578,FanStatorTooth0,PS5-0578 · Radial stator tooth study,Cooling,metal,1,6.929317518111073,4.836130541603808,1.2000000000000313,1.2000000000000028,Schematic internal layout
PS5-0579,FanCoil0,PS5-0579 · Separate insulated motor winding envelope,Cooling,copper,1,32.1384928462236,3.0,4.200000000000001,4.200000000000003,Schematic internal layout
PS5-0580,FanStatorTooth1,PS5-0580 · Radial stator tooth study001,Cooling,metal,1,6.9293175181110715,4.476036059217407,4.027858122712356,1.2000000000000028,Schematic internal layout
PS5-0581,FanCoil1,PS5-0581 · Separate insulated motor winding envelope001,Cooling,copper,1,32.1384928462236,4.997841290040398,5.145749490159329,4.200000000000003,Schematic internal layout
PS5-0582,FanStatorTooth2,PS5-0582 · Radial stator tooth study002,Cooling,metal,1,6.929317518110969,2.0215545591235156,4.971036665150869,1.2000000000000028,Schematic internal layout
PS5-0583,FanCoil2,PS5-0583 · Separate insulated motor winding envelope002,Cooling,copper,1,32.1384928462236,4.657137095652061,3.683745605237732,4.200000000000003,Schematic internal layout
PS5-0584,FanStatorTooth3,PS5-0584 · Radial stator tooth study003,Cooling,metal,1,6.929317518111085,3.4572957553432246,4.788211905046687,1.2000000000000028,Schematic internal layout
PS5-0585,FanCoil3,PS5-0585 · Separate insulated motor winding envelope003,Cooling,copper,1,32.138492846223606,5.137306695894637,4.698076211353317,4.200000000000003,Schematic internal layout
PS5-0586,FanStatorTooth4,PS5-0586 · Radial stator tooth study004,Cooling,metal,1,6.92931751811099,4.95490035509313,2.7816852059240667,1.2000000000000028,Schematic internal layout
PS5-0587,FanCoil4,PS5-0587 · Separate insulated motor winding envelope004,Cooling,copper,1,32.13849284622361,4.255562464325536,4.972769437277824,4.200000000000003,Schematic internal layout
PS5-0588,FanStatorTooth5,PS5-0588 · Radial stator tooth study005,Cooling,metal,1,6.929317518110882,4.954900355093116,2.7816852059240116,1.2000000000000028,Schematic internal layout
PS5-0589,FanCoil5,PS5-0589 · Separate insulated motor winding envelope005,Cooling,copper,1,32.1384928462236,4.255562464325536,4.972769437277821,4.200000000000003,Schematic internal layout
PS5-0590,FanStatorTooth6,PS5-0590 · Radial stator tooth study006,Cooling,metal,1,6.929317518110899,3.4572957553431394,4.788211905046705,1.2000000000000028,Schematic internal layout
PS5-0591,FanCoil6,PS5-0591 · Separate insulated motor winding envelope006,Cooling,copper,1,32.13849284622361,5.137306695894637,4.6980762113533165,4.200000000000003,Schematic internal layout
PS5-0592,FanStatorTooth7,PS5-0592 · Radial stator tooth study007,Cooling,metal,1,6.929317518110971,2.021554559123544,4.9710366651507165,1.2000000000000028,Schematic internal layout
PS5-0593,FanCoil7,PS5-0593 · Separate insulated motor winding envelope007,Cooling,copper,1,32.138492846223606,4.657137095652061,3.68374560523773,4.200000000000003,Schematic internal layout
PS5-0594,FanStatorTooth8,PS5-0594 · Radial stator tooth study008,Cooling,metal,1,6.929317518111081,4.476036059217407,4.027858122712351,1.2000000000000028,Schematic internal layout
PS5-0595,FanCoil8,PS5-0595 · Separate insulated motor winding envelope008,Cooling,copper,1,32.1384928462236,4.997841290040398,5.145749490159325,4.200000000000003,Schematic internal layout
PS5-0596,FanRotorMagnet,PS5-0596 · Annular permanent-magnet rotor,Cooling,black,1,2150.357339529144,26.0,26.0,23.0,Schematic internal layout
PS5-0597,FanRotorHub,PS5-0597 · Open rotor drum,Cooling,black,1,14476.458947741772,36.0,36.0,36.0,Schematic internal layout
PS5-0598,FanRotorCap,PS5-0598 · Upper impeller hub cap,Cooling,black,1,1223.2607810841798,36.400000000000006,36.400000000000006,1.2000000000000028,Schematic internal layout
PS5-0599,FanBlade0,PS5-0599 · Curved impeller blade study,Cooling,black,1,1375.7700880531488,34.26953552741978,22.55800018805553,39.0,Schematic internal layout
PS5-0600,FanBlade1,PS5-0600 · Curved impeller blade study001,Cooling,black,1,1375.7700880531504,27.379373404325833,30.821318692105358,39.0,Schematic internal layout
PS5-0601,FanBlade2,PS5-0601 · Curved impeller blade study002,Cooling,black,1,1375.7700880531484,18.458608408132108,36.79876098691269,39.0,Schematic internal layout
PS5-0602,FanBlade3,PS5-0602 · Curved impeller blade study003,Cooling,black,1,1375.7700880531504,9.439629999173818,40.04700752245061,39.0,Schematic internal layout
PS5-0603,FanBlade4,PS5-0603 · Curved impeller blade study004,Cooling,black,1,1375.7700880531465,7.418975632859713,40.32515071291743,39.0,Schematic internal layout
PS5-0604,FanBlade5,PS5-0604 · Curved impeller blade study005,Cooling,black,1,1375.7700880531472,15.353946059492102,37.876445974531066,39.0,Schematic internal layout
PS5-0605,FanBlade6,PS5-0605 · Curved impeller blade study006,Cooling,black,1,1375.7700880531484,24.807123979396835,32.76828535487802,39.0,Schematic internal layout
PS5-0606,FanBlade7,PS5-0606 · Curved impeller blade study007,Cooling,black,1,1375.7700880531495,32.55049657946344,25.31593728329898,39.0,Schematic internal layout
PS5-0607,FanBlade8,PS5-0607 · Curved impeller blade study008,Cooling,black,1,1375.7700880531477,37.87974775684466,15.99924994607785,39.0,Schematic internal layout
PS5-0608,FanBlade9,PS5-0608 · Curved impeller blade study009,Cooling,black,1,1375.7700880531493,40.39963133141605,7.609716641940651,39.0,Schematic internal layout
PS5-0609,FanBlade10,PS5-0609 · Curved impeller blade study010,Cooling,black,1,1375.7700880531468,39.92325906615196,9.13256739256004,39.0,Schematic internal layout
PS5-0610,FanBlade11,PS5-0610 · Curved impeller blade study011,Cooling,black,1,1375.770088053147,36.84221270915547,17.75570512842067,39.0,Schematic internal layout
PS5-0611,FanBlade12,PS5-0611 · Curved impeller blade study012,Cooling,black,1,1375.7700880531481,31.11425430955132,26.940585507308377,39.0,Schematic internal layout
PS5-0612,FanBlade13,PS5-0612 · Curved impeller blade study013,Cooling,black,1,1375.770088053149,23.134466576341737,34.12790902584291,39.0,Schematic internal layout
PS5-0613,FanBlade14,PS5-0613 · Curved impeller blade study014,Cooling,black,1,1375.7700880531484,13.644198470803957,38.7841216567259,39.0,Schematic internal layout
PS5-0614,FanBlade15,PS5-0614 · Curved impeller blade study015,Cooling,black,1,1375.7700880531481,5.973046808438355,40.56389340988018,39.0,Schematic internal layout
PS5-0615,FanBlade16,PS5-0615 · Curved impeller blade study016,Cooling,black,1,1375.7700880531481,11.03230244281508,39.4111213844773,39.0,Schematic internal layout
PS5-0616,FanBlade17,PS5-0616 · Curved impeller blade study017,Cooling,black,1,1375.770088053147,20.203700586637808,35.63620404106726,39.0,Schematic internal layout
PS5-0617,FanBlade18,PS5-0617 · Curved impeller blade study018,Cooling,black,1,1375.7700880531472,28.948437589300795,29.31515424770492,39.0,Schematic internal layout
PS5-0618,FanBlade19,PS5-0618 · Curved impeller blade study019,Cooling,black,1,1375.7700880531484,35.54620140625536,20.845132306898048,39.0,Schematic internal layout
PS5-0619,FanBlade20,PS5-0619 · Curved impeller blade study020,Cooling,black,1,1375.7700880531474,39.50766607795907,11.454254979343784,39.0,Schematic internal layout
PS5-0620,FanBlade21,PS5-0620 · Curved impeller blade study021,Cooling,black,1,1375.770088053149,40.539027892206704,5.899516719524222,39.0,Schematic internal layout
PS5-0621,FanBlade22,PS5-0621 · Curved impeller blade study022,Cooling,black,1,1375.7700880531504,38.73408176428926,13.109323341866968,39.0,Schematic internal layout
PS5-0622,FanMountBush0,PS5-0622 · Vibration-isolating fan mounting bush,Cooling,rubber,1,102.78662844015086,6.0,6.0,4.200000000000003,Schematic internal layout
PS5-0623,FanMountBush1,PS5-0623 · Vibration-isolating fan mounting bush001,Cooling,rubber,1,102.78662844015089,6.0,6.0,4.200000000000003,Schematic internal layout
PS5-0624,FanMountBush2,PS5-0624 · Vibration-isolating fan mounting bush002,Cooling,rubber,1,102.78662844015085,6.0,6.0,4.200000000000003,Schematic internal layout
PS5-0625,FanMountBush3,PS5-0625 · Vibration-isolating fan mounting bush003,Cooling,rubber,1,102.78662844015088,6.0,6.0,4.200000000000003,Schematic internal layout
PS5-0626,HeatPipe0,PS5-0626 · Sealed bent heat-pipe envelope study,Cooling,copper,1,5060.4066069093515,235.2000001,103.2000001,8.900000200000008,Schematic internal layout
PS5-0627,HeatPipe1,PS5-0627 · Sealed bent heat-pipe envelope study001,Cooling,copper,1,4689.693880472829,227.2000001,88.2000001,4.400000200000008,Schematic internal layout
PS5-0628,HeatPipe2,PS5-0628 · Sealed bent heat-pipe envelope study002,Cooling,copper,1,4492.024870708958,219.2000001,83.2000001,4.400000200000008,Schematic internal layout
PS5-0629,HeatPipe3,PS5-0629 · Sealed bent heat-pipe envelope study003,Cooling,copper,1,4294.355860945087,211.2000001,78.2000001,4.400000200000008,Schematic internal layout
PS5-0630,HeatPipe4,PS5-0630 · Sealed bent heat-pipe envelope study004,Cooling,copper,1,2241.639221089514,84.20000010000001,70.2000001,4.400000200000008,Schematic internal layout
PS5-0631,HeatPipe5,PS5-0631 · Sealed bent heat-pipe envelope study005,Cooling,copper,1,1998.3542859955196,76.20000010000001,62.20000009999998,4.400000200000008,Schematic internal layout
PS5-0632,CopperColdplate,PS5-0632 · APU copper contact plate with native base sketch001,Cooling,copper,1,4273.480044575695,42.000000199999995,42.0000001,2.4800002000002195,Published approximate body envelope; photo-estimated local curves and details
PS5-0633,FinRailMain,PS5-0633 · Heat exchanger lower joining rail,Cooling,metal,1,3982.4517443198965,155.0,47.0,0.5500000000000007,Schematic internal layout
PS5-0634,CoolingFinMain0,PS5-0634 · Separate heat exchanger lamella,Cooling,metal,1,330.87999999999295,0.3199999999999932,47.0,22.0,Schematic internal layout
PS5-0635,CoolingFinMain1,PS5-0635 · Separate heat exchanger lamella001,Cooling,metal,1,330.87999999999295,0.3199999999999932,47.0,22.0,Schematic internal layout
PS5-0636,CoolingFinMain2,PS5-0636 · Separate heat exchanger lamella002,Cooling,metal,1,330.87999999999295,0.3199999999999932,47.0,22.0,Schematic internal layout
PS5-0637,CoolingFinMain3,PS5-0637 · Separate heat exchanger lamella003,Cooling,metal,1,330.87999999999295,0.3199999999999932,47.0,22.0,Schematic internal layout
PS5-0638,CoolingFinMain4,PS5-0638 · Separate heat exchanger lamella004,Cooling,metal,1,330.87999999999295,0.3199999999999932,47.0,22.0,Schematic internal layout
PS5-0639,CoolingFinMain5,PS5-0639 · Separate heat exchanger lamella005,Cooling,metal,1,330.87999999999295,0.3199999999999932,47.0,22.0,Schematic internal layout
PS5-0640,CoolingFinMain6,PS5-0640 · Separate heat exchanger lamella006,Cooling,metal,1,330.87999999999295,0.3199999999999932,47.0,22.0,Schematic internal layout
PS5-0641,CoolingFinMain7,PS5-0641 · Separate heat exchanger lamella007,Cooling,metal,1,330.87999999999295,0.3199999999999932,47.0,22.0,Schematic internal layout
PS5-0642,CoolingFinMain8,PS5-0642 · Separate heat exchanger lamella008,Cooling,metal,1,330.87999999999295,0.3199999999999932,47.0,22.0,Schematic internal layout
PS5-0643,CoolingFinMain9,PS5-0643 · Separate heat exchanger lamella009,Cooling,metal,1,330.87999999999295,0.3199999999999932,47.0,22.0,Schematic internal layout
PS5-0644,CoolingFinMain10,PS5-0644 · Separate heat exchanger lamella010,Cooling,metal,1,330.87999999999295,0.3199999999999932,47.0,22.0,Schematic internal layout
PS5-0645,CoolingFinMain11,PS5-0645 · Separate heat exchanger lamella011,Cooling,metal,1,330.87999999999295,0.3199999999999932,47.0,22.0,Schematic internal layout
PS5-0646,CoolingFinMain12,PS5-0646 · Separate heat exchanger lamella012,Cooling,metal,1,330.87999999999295,0.3199999999999932,47.0,22.0,Schematic internal layout
PS5-0647,CoolingFinMain13,PS5-0647 · Separate heat exchanger lamella013,Cooling,metal,1,330.87999999999295,0.3199999999999932,47.0,22.0,Schematic internal layout
PS5-0648,CoolingFinMain14,PS5-0648 · Separate heat exchanger lamella014,Cooling,metal,1,330.87999999999295,0.3199999999999932,47.0,22.0,Schematic internal layout
PS5-0649,CoolingFinMain15,PS5-0649 · Separate heat exchanger lamella015,Cooling,metal,1,330.87999999999295,0.3199999999999932,47.0,22.0,Schematic internal layout
PS5-0650,CoolingFinMain16,PS5-0650 · Separate heat exchanger lamella016,Cooling,metal,1,330.87999999999295,0.3199999999999932,47.0,22.0,Schematic internal layout
PS5-0651,CoolingFinMain17,PS5-0651 · Separate heat exchanger lamella017,Cooling,metal,1,330.87999999999295,0.3199999999999932,47.0,22.0,Schematic internal layout
PS5-0652,CoolingFinMain18,PS5-0652 · Separate heat exchanger lamella018,Cooling,metal,1,288.5614442099739,0.3200001999999813,47.000000199999995,22.000000200000002,Schematic internal layout
PS5-0653,CoolingFinMain19,PS5-0653 · Separate heat exchanger lamella019,Cooling,metal,1,267.6340369528988,0.3200002062346812,47.000000199999995,22.000000200000002,Schematic internal layout
PS5-0654,CoolingFinMain20,PS5-0654 · Separate heat exchanger lamella020,Cooling,metal,1,324.23566719413066,0.3200001999999813,47.000000199999995,22.000000200000002,Schematic internal layout
PS5-0655,CoolingFinMain21,PS5-0655 · Separate heat exchanger lamella021,Cooling,metal,1,325.5331169778407,0.3200001999999813,47.000000199999995,22.000000200000002,Schematic internal layout
PS5-0656,CoolingFinMain22,PS5-0656 · Separate heat exchanger lamella022,Cooling,metal,1,295.06572827943154,0.3200001999999813,47.000000199999995,22.000000226178358,Schematic internal layout
PS5-0657,CoolingFinMain23,PS5-0657 · Separate heat exchanger lamella023,Cooling,metal,1,292.16733594804134,0.3200001999999813,47.000000199999995,22.000000200000002,Schematic internal layout
PS5-0658,CoolingFinMain24,PS5-0658 · Separate heat exchanger lamella024,Cooling,metal,1,320.25096325035776,0.3200001999999813,47.000000199999995,22.000000202840624,Schematic internal layout
PS5-0659,CoolingFinMain25,PS5-0659 · Separate heat exchanger lamella025,Cooling,metal,1,320.9415916451897,0.3200001999999813,47.000000199999995,22.000000205089513,Schematic internal layout
PS5-0660,CoolingFinMain26,PS5-0660 · Separate heat exchanger lamella026,Cooling,metal,1,293.6272395378264,0.3200001999999813,47.000000199999995,22.000000200747657,Schematic internal layout
PS5-0661,CoolingFinMain27,PS5-0661 · Separate heat exchanger lamella027,Cooling,metal,2,296.1892327048177,0.3200002000000097,47.000000199999995,22.00000021238212,Schematic internal layout
PS5-0662,CoolingFinMain28,PS5-0662 · Separate heat exchanger lamella028,Cooling,metal,1,315.8919392085786,0.3200002000000026,47.000000199999995,22.00000020050787,Schematic internal layout
PS5-0663,CoolingFinMain29,PS5-0663 · Separate heat exchanger lamella029,Cooling,metal,1,305.94752625730695,0.3200002000000026,47.000000199999995,22.000000200350648,Schematic internal layout
PS5-0664,CoolingFinMain30,PS5-0664 · Separate heat exchanger lamella030,Cooling,metal,1,288.96155719035977,0.3200002000000026,47.000000199999995,22.0000002016846,Schematic internal layout
PS5-0665,CoolingFinMain31,PS5-0665 · Separate heat exchanger lamella031,Cooling,metal,1,302.9324702756601,0.32000020000001683,47.000000199999995,22.000000210852882,Schematic internal layout
PS5-0666,CoolingFinMain32,PS5-0666 · Separate heat exchanger lamella032,Cooling,metal,1,306.48983756993016,0.3200002000000097,47.000000199999995,22.000000219127102,Schematic internal layout
PS5-0667,CoolingFinMain33,PS5-0667 · Separate heat exchanger lamella033,Cooling,metal,1,297.96622133635475,0.3200002000000026,47.000000199999995,22.000000225294507,Schematic internal layout
PS5-0668,CoolingFinMain34,PS5-0668 · Separate heat exchanger lamella034,Cooling,metal,1,293.58324967429166,0.3200002000000026,47.000000199999995,22.000000205285872,Schematic internal layout
PS5-0669,CoolingFinMain35,PS5-0669 · Separate heat exchanger lamella035,Cooling,metal,1,300.9857595668344,0.3200002000000097,47.000000199999995,22.000000206291233,Schematic internal layout
PS5-0670,CoolingFinMain36,PS5-0670 · Separate heat exchanger lamella036,Cooling,metal,1,301.92470690962045,0.3200002000000026,47.000000199999995,22.000000212167436,Schematic internal layout
PS5-0671,CoolingFinMain37,PS5-0671 · Separate heat exchanger lamella037,Cooling,metal,1,300.5938873004596,0.32000020045055777,47.00000020873636,22.000000200000123,Schematic internal layout
PS5-0672,CoolingFinMain38,PS5-0672 · Separate heat exchanger lamella038,Cooling,metal,1,302.7509380048857,0.3200002027200881,47.00000020216618,22.000000200000123,Schematic internal layout
PS5-0673,CoolingFinMain39,PS5-0673 · Separate heat exchanger lamella039,Cooling,metal,2,301.75815975028695,0.3200002000000026,47.00000022262366,22.000000201222825,Schematic internal layout
PS5-0674,CoolingFinMain40,PS5-0674 · Separate heat exchanger lamella040,Cooling,metal,1,302.21553299425483,0.3200002000000026,47.000000199999995,22.000000202463568,Schematic internal layout
PS5-0675,CoolingFinMain41,PS5-0675 · Separate heat exchanger lamella041,Cooling,metal,1,302.22471885046775,0.3200000000000003,47.0,22.00000000000012,Schematic internal layout
PS5-0676,CoolingFinMain42,PS5-0676 · Separate heat exchanger lamella042,Cooling,metal,1,302.22471885046775,0.3200000000000003,47.0,22.00000000000012,Schematic internal layout
PS5-0677,CoolingFinMain43,PS5-0677 · Separate heat exchanger lamella043,Cooling,metal,1,302.22471885046775,0.3200000000000003,47.0,22.00000000000012,Schematic internal layout
PS5-0678,CoolingFinMain44,PS5-0678 · Separate heat exchanger lamella044,Cooling,metal,1,302.22471885046775,0.3200000000000003,47.0,22.00000000000012,Schematic internal layout
PS5-0679,CoolingFinMain45,PS5-0679 · Separate heat exchanger lamella045,Cooling,metal,2,287.8705341525391,0.32000000000020634,47.0,22.00000000000012,Schematic internal layout
PS5-0680,CoolingFinMain46,PS5-0680 · Separate heat exchanger lamella046,Cooling,metal,2,253.49309469352303,0.32000000000001094,47.0,22.00000000000012,Schematic internal layout
PS5-0681,CoolingFinMain47,PS5-0681 · Separate heat exchanger lamella047,Cooling,metal,2,250.39664647165412,0.32000000000000384,47.0,22.00000000000012,Schematic internal layout
PS5-0682,CoolingFinMain48,PS5-0682 · Separate heat exchanger lamella048,Cooling,metal,2,268.1336321293845,0.3200000000000003,47.0,22.00000000000012,Schematic internal layout
PS5-0683,CoolingFinMain49,PS5-0683 · Separate heat exchanger lamella049,Cooling,metal,1,302.22471885046775,0.3200000000000003,47.0,22.00000000000012,Schematic internal layout
PS5-0684,CoolingFinMain50,PS5-0684 · Separate heat exchanger lamella050,Cooling,metal,1,302.22471885046775,0.3200000000000003,47.0,22.00000000000012,Schematic internal layout
PS5-0685,CoolingFinMain51,PS5-0685 · Separate heat exchanger lamella051,Cooling,metal,1,302.22471885046775,0.3200000000000003,47.0,22.00000000000012,Schematic internal layout
PS5-0686,CoolingFinMain52,PS5-0686 · Separate heat exchanger lamella052,Cooling,metal,1,302.22471885046764,0.3200000000000074,47.0,22.00000000000012,Schematic internal layout
PS5-0687,CoolingFinMain53,PS5-0687 · Separate heat exchanger lamella053,Cooling,metal,1,302.2247188504678,0.3200000000000003,47.0,22.00000000000012,Schematic internal layout
PS5-0688,CoolingFinMain54,PS5-0688 · Separate heat exchanger lamella054,Cooling,metal,1,302.22471885046787,0.3200000000000003,47.0,22.00000000000012,Schematic internal layout
PS5-0689,CoolingFinMain55,PS5-0689 · Separate heat exchanger lamella055,Cooling,metal,1,302.22471885046764,0.3200000000000003,47.0,22.00000000000012,Schematic internal layout
PS5-0690,CoolingFinMain56,PS5-0690 · Separate heat exchanger lamella056,Cooling,metal,1,302.22471885046764,0.3200000000000003,47.0,22.00000000000012,Schematic internal layout
PS5-0691,CoolingFinMain57,PS5-0691 · Separate heat exchanger lamella057,Cooling,metal,1,302.22471885046747,0.3200000000000003,47.0,22.00000000000012,Schematic internal layout
PS5-0692,CoolingFinMain58,PS5-0692 · Separate heat exchanger lamella058,Cooling,metal,1,302.22471885046787,0.3200000000000003,47.0,22.00000000000012,Schematic internal layout
PS5-0693,CoolingFinMain59,PS5-0693 · Separate heat exchanger lamella059,Cooling,metal,1,302.2247188504679,0.3200000000000003,47.0,22.00000000000012,Schematic internal layout
PS5-0694,CoolingFinMain60,PS5-0694 · Separate heat exchanger lamella060,Cooling,metal,1,302.2247188504679,0.3200000000000003,47.0,22.00000000000012,Schematic internal layout
PS5-0695,CoolingFinMain61,PS5-0695 · Separate heat exchanger lamella061,Cooling,metal,1,302.2247188504679,0.3200000000000003,47.0,22.00000000000012,Schematic internal layout
PS5-0696,CoolingFinMain62,PS5-0696 · Separate heat exchanger lamella062,Cooling,metal,1,302.2247188504679,0.3200000000000003,47.0,22.00000000000012,Schematic internal layout
PS5-0697,CoolingFinMain63,PS5-0697 · Separate heat exchanger lamella063,Cooling,metal,1,302.224718850468,0.3200000000000003,47.0,22.00000000000012,Schematic internal layout
PS5-0698,CoolingFinMain64,PS5-0698 · Separate heat exchanger lamella064,Cooling,metal,1,302.224718850468,0.3200000000000003,47.0,22.00000000000012,Schematic internal layout
PS5-0699,CoolingFinMain65,PS5-0699 · Separate heat exchanger lamella065,Cooling,metal,1,302.2247188504679,0.3200000000000003,47.0,22.00000000000012,Schematic internal layout
PS5-0700,CoolingFinMain66,PS5-0700 · Separate heat exchanger lamella066,Cooling,metal,1,302.224718850468,0.3200000000000003,47.0,22.00000000000012,Schematic internal layout
PS5-0701,CoolingFinMain67,PS5-0701 · Separate heat exchanger lamella067,Cooling,metal,1,302.22471885046804,0.3200000000000003,47.0,22.00000000000012,Schematic internal layout
PS5-0702,CoolingFinMain68,PS5-0702 · Separate heat exchanger lamella068,Cooling,metal,1,302.22471885046804,0.3200000000000003,47.0,22.00000000000012,Schematic internal layout
PS5-0703,CoolingFinMain69,PS5-0703 · Separate heat exchanger lamella069,Cooling,metal,1,302.22471885046804,0.3200000000000003,47.0,22.00000000000012,Schematic internal layout
PS5-0704,CoolingFinMain70,PS5-0704 · Separate heat exchanger lamella070,Cooling,metal,1,302.2247188504681,0.3200000000000003,47.0,22.00000000000012,Schematic internal layout
PS5-0705,CoolingFinMain71,PS5-0705 · Separate heat exchanger lamella071,Cooling,metal,1,302.22471885046804,0.3200000000000003,47.0,22.00000000000012,Schematic internal layout
PS5-0706,FinRailFar,PS5-0706 · Heat exchanger lower joining rail001,Cooling,metal,1,1617.000000000002,98.0,30.0,0.5500000000000007,Schematic internal layout
PS5-0707,CoolingFinFar0,PS5-0707 · Separate heat exchanger lamella072,Cooling,metal,2,192.0489080510028,0.3200000000000003,30.000000000000412,22.000000000000398,Schematic internal layout
PS5-0708,CoolingFinFar1,PS5-0708 · Separate heat exchanger lamella073,Cooling,metal,2,192.0489080510028,0.3200000000000003,30.000000000000412,22.000000000000398,Schematic internal layout
PS5-0709,CoolingFinFar2,PS5-0709 · Separate heat exchanger lamella074,Cooling,metal,2,192.0489080510035,0.3200000000000074,30.000000000000412,22.000000000000398,Schematic internal layout
PS5-0710,CoolingFinFar3,PS5-0710 · Separate heat exchanger lamella075,Cooling,metal,2,192.0489080510032,0.3200000000000216,30.000000000000412,22.000000000000398,Schematic internal layout
PS5-0711,CoolingFinFar4,PS5-0711 · Separate heat exchanger lamella076,Cooling,metal,2,192.04890805099882,0.3199999999999932,30.000000000000412,22.000000000000398,Schematic internal layout
PS5-0712,CoolingFinFar5,PS5-0712 · Separate heat exchanger lamella077,Cooling,metal,2,190.26810805099882,0.3199999999999932,30.000000000000412,22.000000000000398,Schematic internal layout
PS5-0713,CoolingFinFar6,PS5-0713 · Separate heat exchanger lamella078,Cooling,metal,2,190.26810805099882,0.3199999999999932,30.000000000000412,22.000000000000398,Schematic internal layout
PS5-0714,CoolingFinFar7,PS5-0714 · Separate heat exchanger lamella079,Cooling,metal,2,190.26810805099882,0.3200000000000074,30.000000000000412,22.000000000000398,Schematic internal layout
PS5-0715,CoolingFinFar8,PS5-0715 · Separate heat exchanger lamella080,Cooling,metal,2,190.26810805099882,0.3200000000000074,30.000000000000412,22.000000000000398,Schematic internal layout
PS5-0716,CoolingFinFar9,PS5-0716 · Separate heat exchanger lamella081,Cooling,metal,2,190.26810805099882,0.3199999999999932,30.000000000000412,22.000000000000398,Schematic internal layout
PS5-0717,CoolingFinFar10,PS5-0717 · Separate heat exchanger lamella082,Cooling,metal,2,190.26810805099882,0.3199999999999932,30.000000000000412,22.000000000000398,Schematic internal layout
PS5-0718,CoolingFinFar11,PS5-0718 · Separate heat exchanger lamella083,Cooling,metal,2,190.26810805099882,0.3199999999999932,30.000000000000412,22.000000000000398,Schematic internal layout
PS5-0719,CoolingFinFar12,PS5-0719 · Separate heat exchanger lamella084,Cooling,metal,2,190.26810805099882,0.3200000000000074,30.000000000000412,22.000000000000398,Schematic internal layout
PS5-0720,CoolingFinFar13,PS5-0720 · Separate heat exchanger lamella085,Cooling,metal,2,190.26810805099882,0.3200000000000074,30.000000000000412,22.000000000000398,Schematic internal layout
PS5-0721,CoolingFinFar14,PS5-0721 · Separate heat exchanger lamella086,Cooling,metal,2,190.26810805099882,0.3199999999999932,30.000000000000412,22.000000000000398,Schematic internal layout
PS5-0722,CoolingFinFar15,PS5-0722 · Separate heat exchanger lamella087,Cooling,metal,2,192.04890805099882,0.3199999999999932,30.000000000000412,22.000000000000398,Schematic internal layout
PS5-0723,CoolingFinFar16,PS5-0723 · Separate heat exchanger lamella088,Cooling,metal,2,192.04890805099882,0.3199999999999932,30.000000000000412,22.000000000000398,Schematic internal layout
PS5-0724,CoolingFinFar17,PS5-0724 · Separate heat exchanger lamella089,Cooling,metal,2,192.04890805099882,0.3200000000000074,30.000000000000412,22.000000000000398,Schematic internal layout
PS5-0725,CoolingFinFar18,PS5-0725 · Separate heat exchanger lamella090,Cooling,metal,2,192.04890805099882,0.3199999999999932,30.000000000000412,22.000000000000398,Schematic internal layout
PS5-0726,CoolingFinFar19,PS5-0726 · Separate heat exchanger lamella091,Cooling,metal,2,192.04890805099882,0.3199999999999932,30.000000000000412,22.000000000000398,Schematic internal layout
PS5-0727,CoolingFinFar20,PS5-0727 · Separate heat exchanger lamella092,Cooling,metal,2,192.04890805099882,0.3199999999999932,30.000000000000412,22.000000000000398,Schematic internal layout
PS5-0728,CoolingFinFar21,PS5-0728 · Separate heat exchanger lamella093,Cooling,metal,2,192.04890805099882,0.3199999999999932,30.000000000000412,22.000000000000398,Schematic internal layout
PS5-0729,CoolingFinFar22,PS5-0729 · Separate heat exchanger lamella094,Cooling,metal,2,192.04890805099882,0.3200000000000074,30.000000000000412,22.000000000000398,Schematic internal layout
PS5-0730,CoolingFinFar23,PS5-0730 · Separate heat exchanger lamella095,Cooling,metal,2,192.04890805099882,0.3199999999999932,30.000000000000412,22.000000000000398,Schematic internal layout
PS5-0731,CoolingFinFar24,PS5-0731 · Separate heat exchanger lamella096,Cooling,metal,2,192.04890805099882,0.3199999999999932,30.000000000000412,22.000000000000398,Schematic internal layout
PS5-0732,CoolingFinFar25,PS5-0732 · Separate heat exchanger lamella097,Cooling,metal,2,192.04890805099882,0.3199999999999932,30.000000000000412,22.000000000000398,Schematic internal layout
PS5-0733,CoolingFinFar26,PS5-0733 · Separate heat exchanger lamella098,Cooling,metal,2,192.04890805099882,0.3199999999999932,30.000000000000412,22.000000000000398,Schematic internal layout
PS5-0734,CoolingFinFar27,PS5-0734 · Separate heat exchanger lamella099,Cooling,metal,2,192.04890805099882,0.3200000000000074,30.000000000000412,22.000000000000398,Schematic internal layout
PS5-0735,CoolingFinFar28,PS5-0735 · Separate heat exchanger lamella100,Cooling,metal,2,192.04890805099882,0.3199999999999932,30.000000000000412,22.000000000000398,Schematic internal layout
PS5-0736,CoolingFinFar29,PS5-0736 · Separate heat exchanger lamella101,Cooling,metal,2,192.04890805099882,0.3199999999999932,30.000000000000412,22.000000000000398,Schematic internal layout
PS5-0737,CoolingFinFar30,PS5-0737 · Separate heat exchanger lamella102,Cooling,metal,2,192.04890805099882,0.3199999999999932,30.000000000000412,22.000000000000398,Schematic internal layout
PS5-0738,CoolingFinFar31,PS5-0738 · Separate heat exchanger lamella103,Cooling,metal,2,192.04890805099882,0.3200000000000074,30.000000000000412,22.000000000000398,Schematic internal layout
PS5-0739,CoolingFinFar32,PS5-0739 · Separate heat exchanger lamella104,Cooling,metal,2,192.04890805099882,0.3200000000000074,30.000000000000412,22.000000000000398,Schematic internal layout
PS5-0740,CoolingFinFar33,PS5-0740 · Separate heat exchanger lamella105,Cooling,metal,2,192.04890805099885,0.3200000000000074,30.000000000000412,22.000000000000398,Schematic internal layout
PS5-0741,CoolingFinFar34,PS5-0741 · Separate heat exchanger lamella106,Cooling,metal,2,192.04890805099885,0.3199999999999932,30.000000000000412,22.000000000000398,Schematic internal layout
PS5-0742,CoolingFinFar35,PS5-0742 · Separate heat exchanger lamella107,Cooling,metal,2,192.04890805099882,0.3199999999999932,30.000000000000412,22.000000000000398,Schematic internal layout
PS5-0743,CoolingFinFar36,PS5-0743 · Separate heat exchanger lamella108,Cooling,metal,2,192.04890805099882,0.3199999999999932,30.000000000000412,22.000000000000398,Schematic internal layout
PS5-0744,CoolingFinFar37,PS5-0744 · Separate heat exchanger lamella109,Cooling,metal,2,192.04890805099882,0.3199999999999932,30.000000000000412,22.000000000000398,Schematic internal layout
PS5-0745,CoolingFinFar38,PS5-0745 · Separate heat exchanger lamella110,Cooling,metal,2,192.04890805099885,0.3199999999999932,30.000000000000412,22.000000000000398,Schematic internal layout
PS5-0746,CoolingFinFar39,PS5-0746 · Separate heat exchanger lamella111,Cooling,metal,2,192.04890805099882,0.3199999999999932,30.000000000000412,22.000000000000398,Schematic internal layout
PS5-0747,CoolingFinFar40,PS5-0747 · Separate heat exchanger lamella112,Cooling,metal,2,192.04890805099882,0.3199999999999932,30.000000000000412,22.000000000000398,Schematic internal layout
PS5-0748,CoolingFinFar41,PS5-0748 · Separate heat exchanger lamella113,Cooling,metal,2,192.04890805099882,0.3199999999999932,30.000000000000412,22.000000000000398,Schematic internal layout
PS5-0749,CoolingFinFar42,PS5-0749 · Separate heat exchanger lamella114,Cooling,metal,2,192.04890805099885,0.3199999999999932,30.000000000000412,22.000000000000398,Schematic internal layout
PS5-0750,CoolingFinFar43,PS5-0750 · Separate heat exchanger lamella115,Cooling,metal,2,192.04890805099885,0.3199999999999932,30.000000000000412,22.000000000000398,Schematic internal layout
PS5-0751,CoolingFinFar44,PS5-0751 · Separate heat exchanger lamella116,Cooling,metal,2,192.04890805099882,0.3199999999999932,30.000000000000412,22.000000000000398,Schematic internal layout
PS5-0752,PowerHousing,PS5-0752 · Boot-shaped internal power module housing003,Power,black,1,19479.786482498657,208.0,73.0,17.300000000000008,Schematic internal layout
PS5-0753,PowerLid,PS5-0753 · Separate boot-shaped power module lid011,Power,black,1,4761.397669874808,208.0,73.0,0.700000000000017,Schematic internal layout
PS5-0754,PowerPCB,PS5-0754 · Native boot-shaped power conversion PCB016,Power,pcb,1,6955.017414320769,202.60000000000002,67.6,1.2000000000000064,Schematic internal layout
PS5-0755,PowerPost0,PS5-0755 · Internal power module screw post,Power,black,1,194.07502776816287,4.600000000000023,4.599999999999994,14.399999999999999,Schematic internal layout
PS5-0756,PowerScrew0,PS5-0756 · Cross-head fastener010,Power,metal,1,7.714161268944949,3.3999999999999773,3.4000000000000057,4.329999999999998,Schematic internal layout
PS5-0757,PowerPost1,PS5-0757 · Internal power module screw post001,Power,black,1,194.07502776816295,4.600000000000023,4.599999999999994,14.399999999999999,Schematic internal layout
PS5-0758,PowerScrew1,PS5-0758 · Cross-head fastener011,Power,metal,1,7.71416126894495,3.3999999999999773,3.4000000000000057,4.329999999999998,Schematic internal layout
PS5-0759,PowerPost2,PS5-0759 · Internal power module screw post002,Power,black,1,194.07502776816295,4.600000000000023,4.599999999999994,14.399999999999999,Schematic internal layout
PS5-0760,PowerScrew2,PS5-0760 · Cross-head fastener012,Power,metal,1,7.714161268944951,3.3999999999999773,3.4000000000000057,4.329999999999998,Schematic internal layout
PS5-0761,PowerPost3,PS5-0761 · Internal power module screw post003,Power,black,1,194.075027768163,4.600000000000001,4.599999999999994,14.399999999999999,Schematic internal layout
PS5-0762,PowerScrew3,PS5-0762 · Cross-head fastener013,Power,metal,1,7.7141612689449435,3.3999999999999986,3.4000000000000057,4.329999999999998,Schematic internal layout
PS5-0763,PowerPost4,PS5-0763 · Internal power module screw post004,Power,black,1,194.07502776816295,4.599999999999994,4.599999999999994,14.399999999999999,Schematic internal layout
PS5-0764,PowerScrew4,PS5-0764 · Cross-head fastener014,Power,metal,1,7.71416126894494,3.4000000000000057,3.4000000000000057,4.329999999999998,Schematic internal layout
PS5-0765,BulkCap0,PS5-0765 · Power module electrolytic capacitor,Power,black,1,985.203456165759,11.199999999999989,11.199999999999989,10.000000000000004,Schematic internal layout
PS5-0766,BulkCap0Top,PS5-0766 · Capacitor pressure vent lid,Power,metal,1,13.237100645900554,10.600000000000023,10.599999999999994,0.14999999999999858,Schematic internal layout
PS5-0767,BulkCap0Lead0,PS5-0767 · Separate capacitor lead,Power,metal,1,0.6433981754551905,0.6399999999999864,0.6399999999999864,2.0,Schematic internal layout
PS5-0768,BulkCap0Lead1,PS5-0768 · Separate capacitor lead001,Power,metal,1,0.6433981754551905,0.6399999999999864,0.6399999999999864,2.0,Schematic internal layout
PS5-0769,BulkCap1,PS5-0769 · Power module electrolytic capacitor001,Power,black,1,985.203456165759,11.199999999999989,11.199999999999989,10.000000000000004,Schematic internal layout
PS5-0770,BulkCap1Top,PS5-0770 · Capacitor pressure vent lid001,Power,metal,1,13.237100645900554,10.600000000000023,10.599999999999994,0.14999999999999858,Schematic internal layout
PS5-0771,BulkCap1Lead0,PS5-0771 · Separate capacitor lead002,Power,metal,1,0.6433981754551905,0.6399999999999864,0.6399999999999864,2.0,Schematic internal layout
PS5-0772,BulkCap1Lead1,PS5-0772 · Separate capacitor lead003,Power,metal,1,0.6433981754551905,0.6399999999999864,0.6399999999999864,2.0,Schematic internal layout
PS5-0773,OutputCap0,PS5-0773 · Power module electrolytic capacitor002,Power,black,1,307.87608005179976,7.0,7.0,8.000000000000004,Schematic internal layout
PS5-0774,OutputCap0Top,PS5-0774 · Capacitor pressure vent lid002,Power,metal,1,4.825486315913907,6.400000000000006,6.400000000000006,0.14999999999999858,Schematic internal layout
PS5-0775,OutputCap0Lead0,PS5-0775 · Separate capacitor lead004,Power,metal,1,0.6433981754551897,0.6400000000000006,0.6400000000000006,2.0,Schematic internal layout
PS5-0776,OutputCap0Lead1,PS5-0776 · Separate capacitor lead005,Power,metal,1,0.6433981754551897,0.6400000000000006,0.6400000000000006,2.0,Schematic internal layout
PS5-0777,OutputCap1,PS5-0777 · Power module electrolytic capacitor003,Power,black,1,307.87608005179976,7.0,7.0,8.000000000000004,Schematic internal layout
PS5-0778,OutputCap1Top,PS5-0778 · Capacitor pressure vent lid003,Power,metal,1,4.825486315913907,6.400000000000006,6.400000000000006,0.14999999999999858,Schematic internal layout
PS5-0779,OutputCap1Lead0,PS5-0779 · Separate capacitor lead006,Power,metal,1,0.6433981754551897,0.6400000000000006,0.6400000000000006,2.0,Schematic internal layout
PS5-0780,OutputCap1Lead1,PS5-0780 · Separate capacitor lead007,Power,metal,1,0.6433981754551897,0.6400000000000006,0.6400000000000006,2.0,Schematic internal layout
PS5-0781,OutputCap2,PS5-0781 · Power module electrolytic capacitor004,Power,black,1,307.87608005179976,7.0,7.0,8.000000000000004,Schematic internal layout
PS5-0782,OutputCap2Top,PS5-0782 · Capacitor pressure vent lid004,Power,metal,1,4.825486315913907,6.400000000000006,6.400000000000006,0.14999999999999858,Schematic internal layout
PS5-0783,OutputCap2Lead0,PS5-0783 · Separate capacitor lead008,Power,metal,1,0.6433981754551897,0.6400000000000006,0.6400000000000006,2.0,Schematic internal layout
PS5-0784,OutputCap2Lead1,PS5-0784 · Separate capacitor lead009,Power,metal,1,0.6433981754551897,0.6400000000000006,0.6400000000000006,2.0,Schematic internal layout
PS5-0785,MainsFilterCap,PS5-0785 · Mains filter capacitor package study,Power,blue,1,1022.2831853071796,16.0,8.0,8.000000000000004,Schematic internal layout
PS5-0786,BridgeRectifier,PS5-0786 · Power bridge rectifier package,Power,black,1,383.4506192982976,12.0,8.0,4.0000000000000036,Schematic internal layout
PS5-0787,MainsFuse,PS5-0787 · Cartridge fuse envelope,Power,white,1,122.1451223715712,12.0,3.5999999999999943,3.6000000000000014,Schematic internal layout
PS5-0788,FuseCap0,PS5-0788 · Cartridge fuse end cap,Power,metal,1,25.132741228718338,2.0,4.0,4.0000000000000036,Schematic internal layout
PS5-0789,FuseCap1,PS5-0789 · Cartridge fuse end cap001,Power,metal,1,25.132741228718338,2.0,4.0,4.0000000000000036,Schematic internal layout
PS5-0790,PowerChokeCore,PS5-0790 · Toroidal input choke core,Power,thermal,1,298.4513020910302,12.0,12.0,4.0,Schematic internal layout
PS5-0791,PowerChokeTurn0,PS5-0791 · Representative insulated choke winding loop,Power,copper,1,1.694808467755067,5.660000199999985,0.36000020000000177,5.660000199999999,Schematic internal layout
PS5-0792,PowerChokeTurn1,PS5-0792 · Representative insulated choke winding loop001,Power,copper,1,1.694808467755062,4.949934840057523,3.0100002000000003,5.660000199999999,Schematic internal layout
PS5-0793,PowerChokeTurn2,PS5-0793 · Representative insulated choke winding loop002,Power,copper,1,1.6948084677550657,3.010000199999979,4.949934840057523,5.660000199999999,Schematic internal layout
PS5-0794,PowerChokeTurn3,PS5-0794 · Representative insulated choke winding loop003,Power,copper,1,1.694808467755068,0.36000020000000177,5.660000199999999,5.660000199999999,Schematic internal layout
PS5-0795,PowerChokeTurn4,PS5-0795 · Representative insulated choke winding loop004,Power,copper,1,1.6948084677550643,3.010000199999979,4.949934840057523,5.660000199999999,Schematic internal layout
PS5-0796,PowerChokeTurn5,PS5-0796 · Representative insulated choke winding loop005,Power,copper,1,1.6948084677550626,4.949934840057523,3.0100002000000003,5.660000199999999,Schematic internal layout
PS5-0797,PowerChokeTurn6,PS5-0797 · Representative insulated choke winding loop006,Power,copper,1,1.6948084677550677,5.660000199999985,0.36000020000000177,5.660000199999999,Schematic internal layout
PS5-0798,PowerChokeTurn7,PS5-0798 · Representative insulated choke winding loop007,Power,copper,1,1.694808467755062,4.949934840057523,3.0100002000000075,5.660000199999999,Schematic internal layout
PS5-0799,PowerChokeTurn8,PS5-0799 · Representative insulated choke winding loop008,Power,copper,1,1.6948084677550657,3.010000199999979,4.949934840057523,5.660000199999999,Schematic internal layout
PS5-0800,PowerChokeTurn9,PS5-0800 · Representative insulated choke winding loop009,Power,copper,1,1.694808467755067,0.36000020000000177,5.660000199999999,5.660000199999999,Schematic internal layout
PS5-0801,PowerChokeTurn10,PS5-0801 · Representative insulated choke winding loop010,Power,copper,1,1.6948084677550668,3.010000199999979,4.949934840057523,5.660000199999999,Schematic internal layout
PS5-0802,PowerChokeTurn11,PS5-0802 · Representative insulated choke winding loop011,Power,copper,1,1.6948084677550643,4.949934840057523,3.0100002000000075,5.660000199999999,Schematic internal layout
PS5-0803,PowerTransformerCore,PS5-0803 · Transformer outer ferrite frame and centre leg,Power,black,1,1556.9419816339741,20.0,16.0,10.000000000000004,Schematic internal layout
PS5-0804,TransformerBobbin0,PS5-0804 · Transformer bobbin cheek,Power,white,1,49.029205750411755,16.099999999999994,12.099999999999994,0.3000000000000007,Schematic internal layout
PS5-0805,TransformerBobbin1,PS5-0805 · Transformer bobbin cheek001,Power,white,1,49.029205750411634,16.099999999999994,12.099999999999994,0.29999999999999716,Schematic internal layout
PS5-0806,TransformerWinding,PS5-0806 · Insulated transformer winding envelope,Power,gold,1,1157.9253184402849,15.800000000000011,11.799999999999997,7.700000000000003,Schematic internal layout
PS5-0807,PrimaryHeatsink,PS5-0807 · Primary switching device heat spreader,Power,metal,1,191.80685834705713,1.200000000000017,16.0,10.000000000000004,Schematic internal layout
PS5-0808,PrimarySwitch,PS5-0808 · Primary switching transistor study,Power,black,1,62.76823001646926,3.0,7.0,3.0,Schematic internal layout
PS5-0809,SecondaryHeatsink,PS5-0809 · Secondary rectifier heat spreader,Power,metal,1,209.8068583470576,1.3999999999999986,15.0,10.000000000000004,Schematic internal layout
PS5-0810,SecondaryRectifier,PS5-0810 · Secondary rectifier package study,Power,black,1,83.76823001646926,4.0,7.0,3.0,Schematic internal layout
PS5-0811,MainsInputHousing,PS5-0811 · Two-contact internal power connector,Power,white,1,223.19231841014062,12.0,7.0,5.0000000000000036,Schematic internal layout
PS5-0812,MainsInputBlade0,PS5-0812 · Separate power connector blade,Power,metal,1,6.465166721054038,1.0,2.4000000000000057,2.700000000000003,Schematic internal layout
PS5-0813,MainsInputBlade1,PS5-0813 · Separate power connector blade001,Power,metal,1,6.465166721054036,1.0,2.4000000000000057,2.700000000000003,Schematic internal layout
PS5-0814,PowerOutputHousing,PS5-0814 · Two-contact internal power connector001,Power,white,1,286.2323184101405,16.0,7.0,5.0000000000000036,Schematic internal layout
PS5-0815,PowerOutputBlade0,PS5-0815 · Separate power connector blade002,Power,metal,1,6.465166721054038,1.0,2.4000000000000057,2.700000000000003,Schematic internal layout
PS5-0816,PowerOutputBlade1,PS5-0816 · Separate power connector blade003,Power,metal,1,6.465166721054038,1.0,2.4000000000000057,2.700000000000003,Schematic internal layout
PS5-0817,PowerControlIC0,PS5-0817 · Representative power regulation package,Power,black,1,14.358796447372306,4.000000000000014,3.0,1.1999999999999993,Schematic internal layout
PS5-0818,PowerControlIC1,PS5-0818 · Representative power regulation package001,Power,black,1,14.358796447372306,4.0,3.0,1.1999999999999993,Schematic internal layout
PS5-0819,PowerControlIC2,PS5-0819 · Representative power regulation package002,Power,black,1,14.358796447372306,4.0,3.0,1.1999999999999993,Schematic internal layout
PS5-0820,PowerControlIC3,PS5-0820 · Representative power regulation package003,Power,black,1,14.358796447372306,4.0,3.0,1.1999999999999993,Schematic internal layout
PS5-0821,PowerControlIC4,PS5-0821 · Representative power regulation package004,Power,black,1,14.358796447372304,4.0,3.0,1.1999999999999993,Schematic internal layout
PS5-0822,DriveHousing,PS5-0822 · Slot-loading optical drive lower metal enclosure009,Optical,metal,1,26697.56967139512,138.0,140.0,20.0,Published approximate body envelope; photo-estimated local curves and details
PS5-0823,DriveTopCover,PS5-0823 · Removable stamped optical drive top cover006,Optical,metal,1,12133.915239177737,137.80000000000004,139.8,0.6499999999999986,Published approximate body envelope; photo-estimated local curves and details
PS5-0824,DriveLiner,PS5-0824 · Separate internal polymer perimeter frame001,Optical,black,1,5806.564745352653,132.0000000000007,132.00000000000145,2.0,Schematic internal layout
PS5-0825,DriveMountPost0,PS5-0825 · Optical deck lower fixing post,Optical,metal,1,19.742553633321652,4.199999999999989,4.199999999999989,1.8999999999999986,Schematic internal layout
PS5-0826,DriveIsolator0,PS5-0826 · Optical deck vibration isolator,Optical,blue,1,123.04990105580518,7.199999999999989,7.199999999999989,3.3999999999999986,Schematic internal layout
PS5-0827,DriveMountScrew0,PS5-0827 · Cross-head fastener015,Optical,metal,1,8.280455906844628,4.0,4.0,3.8299999999999983,Schematic internal layout
PS5-0828,DriveMountPost1,PS5-0828 · Optical deck lower fixing post001,Optical,metal,1,19.742553633321656,4.200000000000003,4.199999999999989,1.8999999999999986,Schematic internal layout
PS5-0829,DriveIsolator1,PS5-0829 · Optical deck vibration isolator001,Optical,blue,1,123.04990105580507,7.200000000000003,7.199999999999989,3.3999999999999986,Schematic internal layout
PS5-0830,DriveMountScrew1,PS5-0830 · Cross-head fastener016,Optical,metal,1,8.280455906844617,4.0,4.0,3.8299999999999983,Schematic internal layout
PS5-0831,DriveMountPost2,PS5-0831 · Optical deck lower fixing post002,Optical,metal,1,19.742553633321652,4.199999999999989,4.200000000000001,1.8999999999999986,Schematic internal layout
PS5-0832,DriveIsolator2,PS5-0832 · Optical deck vibration isolator002,Optical,blue,1,123.04990105580512,7.199999999999989,7.200000000000001,3.3999999999999986,Schematic internal layout
PS5-0833,DriveMountScrew2,PS5-0833 · Cross-head fastener017,Optical,metal,1,8.280455906844635,4.0,4.0,3.8299999999999983,Schematic internal layout
PS5-0834,DriveMountPost3,PS5-0834 · Optical deck lower fixing post003,Optical,metal,1,19.742553633321656,4.200000000000003,4.200000000000001,1.8999999999999986,Schematic internal layout
PS5-0835,DriveIsolator3,PS5-0835 · Optical deck vibration isolator003,Optical,blue,1,123.04990105580501,7.200000000000003,7.200000000000001,3.3999999999999986,Schematic internal layout
PS5-0836,DriveMountScrew3,PS5-0836 · Cross-head fastener018,Optical,metal,1,8.280455906844624,4.0,4.0,3.8299999999999983,Schematic internal layout
PS5-0837,DriveCoverPost0,PS5-0837 · Optical enclosure cover standoff,Optical,metal,1,162.93948837659826,4.0,4.0,17.9,Schematic internal layout
PS5-0838,DriveCoverScrew0,PS5-0838 · Cross-head fastener019,Optical,metal,1,9.048308941841633,3.6000000000000227,3.5999999999999943,5.130000000000003,Schematic internal layout
PS5-0839,DriveCoverPost1,PS5-0839 · Optical enclosure cover standoff004,Optical,metal,1,119.24621760570122,4.0,4.0,13.940000000000008,Schematic internal layout
PS5-0840,DriveCoverScrew1,PS5-0840 · Cross-head fastener020,Optical,metal,1,9.048308941841633,3.5999999999999943,3.5999999999999943,5.130000000000003,Schematic internal layout
PS5-0841,DriveCoverPost2,PS5-0841 · Optical enclosure cover standoff002,Optical,metal,1,162.93948837659838,4.0,4.0,17.9,Schematic internal layout
PS5-0842,DriveCoverScrew2,PS5-0842 · Cross-head fastener021,Optical,metal,1,9.048308941841633,3.6000000000000227,3.6000000000000014,5.130000000000003,Schematic internal layout
PS5-0843,DriveCoverPost3,PS5-0843 · Optical enclosure cover standoff003,Optical,metal,1,162.93948837659804,4.0,4.0,17.9,Schematic internal layout
PS5-0844,DriveCoverScrew3,PS5-0844 · Cross-head fastener022,Optical,metal,1,9.048308941841634,3.5999999999999943,3.6000000000000014,5.130000000000003,Schematic internal layout
PS5-0845,OpticalDeck,PS5-0845 · Floating optical mechanism chassis003,Optical,black,1,10212.548307042814,108.0,104.0,1.2000000000003332,Schematic internal layout
PS5-0846,SpindleMotorCan,PS5-0846 · Optical spindle motor steel can,Optical,metal,1,307.0404164059448,19.19999999999999,19.200000000000003,4.199999999999999,Schematic internal layout
PS5-0847,SpindleMotorPCB,PS5-0847 · Spindle motor annular circuit board,Optical,pcb,1,96.99667317958483,16.0,16.0,0.5,Schematic internal layout
PS5-0848,SpindleDriver,PS5-0848 · Spindle commutation package,Optical,black,1,7.179398223686159,4.0,3.0,0.6000000000000014,Schematic internal layout
PS5-0849,SpindleStator,PS5-0849 · Spindle motor stator envelope,Optical,copper,1,108.47605273580201,11.599999999999994,11.599999999999998,1.1000000000000014,Schematic internal layout
PS5-0850,SpindleRotor,PS5-0850 · Spindle permanent-magnet rotor,Optical,black,1,165.6593222164433,15.599999999999994,15.599999999999998,0.8999999999999986,Schematic internal layout
PS5-0851,SpindleAxle,PS5-0851 · Optical spindle shaft,Optical,metal,1,29.857696579717384,2.4000000000000057,2.3999999999999986,6.600000000000001,Schematic internal layout
PS5-0852,SpindleFlange,PS5-0852 · Spindle upper motor flange,Optical,metal,1,237.99135147269476,24.80000000000001,24.799999999999997,0.5,Schematic internal layout
PS5-0853,SpindleHub,PS5-0853 · Disc support hub,Optical,black,1,48.25957554811959,6.800000000000011,6.799999999999997,1.6499999999999986,Schematic internal layout
PS5-0854,SpindlePlatter,PS5-0854 · Disc support turntable,Optical,black,1,169.64600329384882,21.0,21.0,0.5,Schematic internal layout
PS5-0855,DiscClamp,PS5-0855 · Magnetic disc clamp puck,Optical,black,1,456.1592533012378,22.0,22.0,1.1999999999999993,Schematic internal layout
PS5-0856,ClampStem,PS5-0856 · Upper clamp centre stem,Optical,metal,1,273.44422456845564,6.400000000000006,6.400000000000002,8.5,Schematic internal layout
PS5-0857,ClampCup,PS5-0857 · Floating clamp cup wall,Optical,white,1,618.2654342264718,25.599999999999994,25.599999999999998,8.0,Schematic internal layout
PS5-0858,ClampRetainer,PS5-0858 · Clamp retaining washer below the top cover,Optical,metal,1,80.43576750618605,27.0,27.0,0.14999999999999858,Schematic internal layout
PS5-0859,ClampTopRing,PS5-0859 · Clamp cup ring inside the cover opening,Optical,white,1,188.1562672087997,25.400000000000006,25.400000000000002,0.3999999999999986,Schematic internal layout
PS5-0860,PickupRail0,PS5-0860 · Optical pickup polished guide rail,Optical,metal,1,125.66370614359164,2.0,40.0,2.0,Schematic internal layout
PS5-0861,PickupRailSupport0_0,PS5-0861 · Pickup rail support block,Optical,black,1,58.11929309178443,6.0,3.0,4.0,Schematic internal layout
PS5-0862,PickupRailSupport0_1,PS5-0862 · Pickup rail support block001,Optical,black,1,58.11929309178443,6.0,3.0,4.0,Schematic internal layout
PS5-0863,PickupRail1,PS5-0863 · Optical pickup polished guide rail001,Optical,metal,1,125.66370614359164,2.0,40.0,2.0,Schematic internal layout
PS5-0864,PickupRailSupport1_0,PS5-0864 · Pickup rail support block002,Optical,black,1,58.11929309178443,6.0,3.0,4.0,Schematic internal layout
PS5-0865,PickupRailSupport1_1,PS5-0865 · Pickup rail support block003,Optical,black,1,58.11929309178443,6.0,3.0,4.0,Schematic internal layout
PS5-0866,PickupCarriage,PS5-0866 · Optical pickup carriage with guide bores and focus pockets,Optical,black,1,1311.872538802138,36.00000019999999,16.0000002,3.0000002000000023,Schematic internal layout
PS5-0867,ObjectiveBarrel,PS5-0867 · Objective lens focusing barrel,Optical,metal,1,84.826143239578,8.0,8.0,3.1000000000000014,Schematic internal layout
PS5-0868,ObjectiveLens,PS5-0868 · Convex objective lens study,Optical,screen,1,17.174039839624246,4.400000000000006,4.3999999999999995,1.6000000000000014,Schematic internal layout
PS5-0869,FocusCoil0,PS5-0869 · Objective focusing voice-coil envelope,Optical,copper,1,20.132960168588113,3.0,8.0,1.3999999999999986,Schematic internal layout
PS5-0870,FocusMagnet0,PS5-0870 · Focusing actuator magnet,Optical,black,1,6.711415926535876,1.1999999999999886,5.6000000000000005,1.0,Schematic internal layout
PS5-0871,FocusCoil1,PS5-0871 · Objective focusing voice-coil envelope001,Optical,copper,1,20.132960168588113,3.0,8.0,1.3999999999999986,Schematic internal layout
PS5-0872,FocusMagnet1,PS5-0872 · Focusing actuator magnet001,Optical,black,1,6.711415926535877,1.1999999999999886,5.6000000000000005,1.0,Schematic internal layout
PS5-0873,OpticalBlock,PS5-0873 · Lower optical block housing,Optical,metal,1,175.5338848108992,12.0,10.0,3.0,Schematic internal layout
PS5-0874,BeamSplitter,PS5-0874 · Angled optical splitter plate study,Optical,screen,1,1.1993561944901923,1.6263455967290668,2.0,1.6263455967290632,Schematic internal layout
PS5-0875,LaserPackage,PS5-0875 · Laser diode package envelope,Optical,metal,1,18.47256480310798,3.0,2.8000000000000007,2.799999999999997,Schematic internal layout
PS5-0876,Photodiode,PS5-0876 · Optical detector package,Optical,black,1,10.758796447372307,3.0,3.0,1.1999999999999993,Schematic internal layout
PS5-0877,PickupMotorCan,PS5-0877 · Pickup translation motor housing,Optical,metal,1,91.4831780725348,6.0,7.0,6.0,Schematic internal layout
PS5-0878,PickupMotorRotor,PS5-0878 · Pickup translation motor rotor,Optical,copper,1,65.77866698086306,3.8000000000000114,5.800000000000001,3.799999999999997,Schematic internal layout
PS5-0879,PickupLeadCore,PS5-0879 · Pickup feed screw shaft,Optical,metal,1,50.4382700533841,1.3000000000000114,38.0,1.2999999999999972,Schematic internal layout
PS5-0880,PickupLeadThread,PS5-0880 · Continuous helical pickup feed thread,Optical,metal,1,8.281352131716742,2.040048355426677,38.23477232044785,2.040038271411923,Schematic internal layout
PS5-0881,PickupFollower,PS5-0881 · Feed-screw follower nut study,Optical,white,1,62.62486948945339,5.0,6.0,3.0,Schematic internal layout
PS5-0882,PickupFollowerArm,PS5-0882 · Link between feed nut and carriage,Optical,white,1,16.6328318530718,11.100000000000009,3.0,0.5,Schematic internal layout
PS5-0883,LoadingMotorCan,PS5-0883 · Optical loading motor steel housing,Optical,metal,1,164.8707824603921,9.0,9.0,8.0,Schematic internal layout
PS5-0884,LoadingMotorRotor,PS5-0884 · Loading motor rotor envelope,Optical,copper,1,225.79883038411282,6.600000000000023,6.599999999999994,6.600000000000001,Schematic internal layout
PS5-0885,LoadingMotorShaft,PS5-0885 · Loading motor output shaft,Optical,metal,1,1.990984344212532,1.3000000000000114,1.2999999999999972,1.5,Schematic internal layout
PS5-0886,LoadingGear0,PS5-0886 · Separate schematic loading spur gear,Optical,white,1,17.438380963874426,4.92998018535252,4.92998018535252,1.300000000000022,Schematic internal layout
PS5-0887,LoadingGear1,PS5-0887 · Separate schematic loading spur gear001,Optical,white,1,145.59629311538148,12.56234374668901,12.588081266208917,1.3000000000000043,Schematic internal layout
PS5-0888,LoadingGearAxle1,PS5-0888 · Loading gear pivot,Optical,metal,1,4.6456301364959,1.3000000000000114,1.3000000000000114,3.5,Schematic internal layout
PS5-0889,LoadingGear2,PS5-0889 · Separate schematic loading spur gear002,Optical,white,1,145.59629311538157,12.56234374668901,12.588081266208917,1.3000000000000043,Schematic internal layout
PS5-0890,LoadingGearAxle2,PS5-0890 · Loading gear pivot001,Optical,metal,1,4.6456301364959,1.3000000000000114,1.3000000000000114,3.5,Schematic internal layout
PS5-0891,LoadingGear3,PS5-0891 · Separate schematic loading spur gear003,Optical,white,1,15.663697952277557,4.732780977938432,4.732780977938432,1.3000000000000114,Schematic internal layout
PS5-0892,LoadingGearAxle3,PS5-0892 · Loading gear pivot002,Optical,metal,1,2.5219135026692023,1.3000000000000114,1.3000000000000114,1.8999999999999986,Schematic internal layout
PS5-0893,FeedRollerShaft,PS5-0893 · Lower optical feed roller shaft,Optical,metal,1,172.41060482900775,112.0,1.4000000000000057,1.3999999999999986,Schematic internal layout
PS5-0894,FeedRoller0,PS5-0894 · Segmented rubber disc-loading roller,Optical,rubber,1,220.85396354736247,10.0,5.599999999999994,5.600000000000001,Schematic internal layout
PS5-0895,FeedRoller1,PS5-0895 · Segmented rubber disc-loading roller001,Optical,rubber,1,220.85396354736247,10.0,5.599999999999994,5.600000000000001,Schematic internal layout
PS5-0896,FeedRoller2,PS5-0896 · Segmented rubber disc-loading roller002,Optical,rubber,1,220.85396354736247,10.0,5.599999999999994,5.600000000000001,Schematic internal layout
PS5-0897,FeedRoller3,PS5-0897 · Segmented rubber disc-loading roller003,Optical,rubber,1,220.85396354736247,10.0,5.599999999999994,5.600000000000001,Schematic internal layout
PS5-0898,FeedRoller4,PS5-0898 · Segmented rubber disc-loading roller004,Optical,rubber,1,220.85396354736247,10.0,5.599999999999994,5.600000000000001,Schematic internal layout
PS5-0899,FeedRoller5,PS5-0899 · Segmented rubber disc-loading roller005,Optical,rubber,1,220.85396354736247,10.0,5.599999999999994,5.600000000000001,Schematic internal layout
PS5-0900,FeedBearing0,PS5-0900 · Lower roller bearing block,Optical,white,1,117.49413789040565,3.0,7.0,6.0,Schematic internal layout
PS5-0901,FeedBearing1,PS5-0901 · Lower roller bearing block001,Optical,white,1,117.49413789040565,3.0,7.0,6.0,Schematic internal layout
PS5-0902,FeedTransferGear,PS5-0902 · Orthogonal roller transfer gear study,Optical,white,1,34.89951232351887,1.5,6.349534088412668,6.3495340884126605,Schematic internal layout
PS5-0903,PinchShaft,PS5-0903 · Upper disc pinch-roller shaft,Optical,metal,1,76.96902001295011,98.0,1.0,1.0,Schematic internal layout
PS5-0904,PinchRoller0,PS5-0904 · Upper disc pinch roller,Optical,rubber,1,103.67255756846316,12.0,3.5999999999999943,3.6000000000000014,Schematic internal layout
PS5-0905,PinchRoller1,PS5-0905 · Upper disc pinch roller001,Optical,rubber,1,103.67255756846316,12.0,3.5999999999999943,3.6000000000000014,Schematic internal layout
PS5-0906,PinchRoller2,PS5-0906 · Upper disc pinch roller002,Optical,rubber,1,103.67255756846316,12.0,3.5999999999999943,3.6000000000000014,Schematic internal layout
PS5-0907,PinchRoller3,PS5-0907 · Upper disc pinch roller003,Optical,rubber,1,103.67255756846316,12.0,3.5999999999999943,3.6000000000000014,Schematic internal layout
PS5-0908,PinchSupport0,PS5-0908 · Pinch roller support arm,Optical,black,1,216.00888257346855,4.0,6.0,9.899999999999999,Schematic internal layout
PS5-0909,PinchSupport1,PS5-0909 · Pinch roller support arm001,Optical,black,1,216.60532867835002,4.0,6.0,9.899999999999999,Schematic internal layout
PS5-0910,PinchBridge,PS5-0910 · Upper pinch-roller support bridge,Optical,metal,1,291.10385837720196,104.0,4.0,0.6999999999999993,Schematic internal layout
PS5-0911,DriveControllerPCB,PS5-0911 · Optical-drive controller PCB004,Optical,pcb,1,1168.7008881569227,84.0,18.0,0.8000000000000007,Published approximate body envelope; photo-estimated local curves and details
PS5-0912,DrivePCBPost0,PS5-0912 · Controller board screw post,Optical,white,1,15.268140296446369,3.6000000000000227,3.5999999999999943,2.0,Schematic internal layout
PS5-0913,DrivePCBScrew0,PS5-0913 · Cross-head fastener023,Optical,metal,1,5.540430480073105,3.3999999999999773,3.4000000000000057,2.530000000000001,Schematic internal layout
PS5-0914,DrivePCBPost1,PS5-0914 · Controller board screw post001,Optical,white,1,15.268140296446369,3.6000000000000227,3.5999999999999943,2.0,Schematic internal layout
PS5-0915,DrivePCBScrew1,PS5-0915 · Cross-head fastener024,Optical,metal,1,5.540430480073105,3.3999999999999773,3.4000000000000057,2.530000000000001,Schematic internal layout
PS5-0916,DrivePCBPost2,PS5-0916 · Controller board screw post002,Optical,white,1,15.26814029644641,3.5999999999999943,3.5999999999999943,2.0,Schematic internal layout
PS5-0917,DrivePCBScrew2,PS5-0917 · Cross-head fastener025,Optical,metal,1,5.540430480073101,3.4000000000000057,3.4000000000000057,2.530000000000001,Schematic internal layout
PS5-0918,DrivePCBPost3,PS5-0918 · Controller board screw post003,Optical,white,1,15.26814029644641,3.5999999999999943,3.5999999999999943,2.0,Schematic internal layout
PS5-0919,DrivePCBScrew3,PS5-0919 · Cross-head fastener026,Optical,metal,1,5.5404304800731,3.4000000000000057,3.4000000000000057,2.530000000000001,Schematic internal layout
PS5-0920,DriveController,PS5-0920 · Optical-drive electronic package study,Optical,black,1,140.3302544031042,12.0,9.0,1.3000000000000007,Schematic internal layout
PS5-0921,DriveRAM,PS5-0921 · Optical-drive electronic package study001,Optical,black,1,93.53025440310418,9.0,8.0,1.3000000000000007,Schematic internal layout
PS5-0922,DriveMotorIC,PS5-0922 · Optical-drive electronic package study002,Optical,black,1,46.73025440310417,6.0,6.0,1.3000000000000007,Schematic internal layout
PS5-0923,DriveInterfaceIC,PS5-0923 · Optical-drive electronic package study003,Optical,black,1,46.73025440310417,6.0,6.0,1.3000000000000007,Schematic internal layout
PS5-0924,DriveDiscrete0_0,PS5-0924 · Representative drive-board discrete,Optical,white,1,0.4400342917352868,1.400000000000034,0.7000000000000028,0.4499999999999993,Schematic internal layout
PS5-0925,DriveDiscrete0_1,PS5-0925 · Representative drive-board discrete001,Optical,white,1,0.4400342917352868,1.400000000000034,0.7000000000000028,0.4499999999999993,Schematic internal layout
PS5-0926,DriveDiscrete1_0,PS5-0926 · Representative drive-board discrete002,Optical,white,1,0.44003429173528935,1.4000000000000057,0.7000000000000028,0.4499999999999993,Schematic internal layout
PS5-0927,DriveDiscrete1_1,PS5-0927 · Representative drive-board discrete003,Optical,white,1,0.4400342917352894,1.4000000000000057,0.7000000000000028,0.4499999999999993,Schematic internal layout
PS5-0928,DriveDiscrete2_0,PS5-0928 · Representative drive-board discrete004,Optical,white,1,0.44003429173528935,1.4000000000000057,0.7000000000000028,0.4499999999999993,Schematic internal layout
PS5-0929,DriveDiscrete2_1,PS5-0929 · Representative drive-board discrete005,Optical,white,1,0.44003429173528935,1.4000000000000057,0.7000000000000028,0.4499999999999993,Schematic internal layout
PS5-0930,DriveDiscrete3_0,PS5-0930 · Representative drive-board discrete006,Optical,white,1,0.44003429173528935,1.4000000000000057,0.7000000000000028,0.4499999999999993,Schematic internal layout
PS5-0931,DriveDiscrete3_1,PS5-0931 · Representative drive-board discrete007,Optical,white,1,0.44003429173528935,1.4000000000000057,0.7000000000000028,0.4499999999999993,Schematic internal layout
PS5-0932,DriveDiscrete4_0,PS5-0932 · Representative drive-board discrete008,Optical,white,1,0.4400342917352893,1.4000000000000057,0.7000000000000028,0.4499999999999993,Schematic internal layout
PS5-0933,DriveDiscrete4_1,PS5-0933 · Representative drive-board discrete009,Optical,white,1,0.4400342917352893,1.4000000000000057,0.7000000000000028,0.4499999999999993,Schematic internal layout
PS5-0934,DriveDiscrete5_0,PS5-0934 · Representative drive-board discrete010,Optical,white,1,0.4400342917352894,1.4000000000000057,0.7000000000000028,0.4499999999999993,Schematic internal layout
PS5-0935,DriveDiscrete5_1,PS5-0935 · Representative drive-board discrete011,Optical,white,1,0.4400342917352894,1.4000000000000057,0.7000000000000028,0.4499999999999993,Schematic internal layout
PS5-0936,DriveDiscrete6_0,PS5-0936 · Representative drive-board discrete012,Optical,white,1,0.4400342917352894,1.4000000000000057,0.7000000000000028,0.4499999999999993,Schematic internal layout
PS5-0937,DriveDiscrete6_1,PS5-0937 · Representative drive-board discrete013,Optical,white,1,0.4400342917352894,1.4000000000000057,0.7000000000000028,0.4499999999999993,Schematic internal layout
PS5-0938,DriveDiscrete7_0,PS5-0938 · Representative drive-board discrete014,Optical,white,1,0.4400342917352894,1.4000000000000057,0.7000000000000028,0.4499999999999993,Schematic internal layout
PS5-0939,DriveDiscrete7_1,PS5-0939 · Representative drive-board discrete015,Optical,white,1,0.4400342917352894,1.4000000000000057,0.7000000000000028,0.4499999999999993,Schematic internal layout
PS5-0940,DriveFlexSocket,PS5-0940 · Optical controller flex connector001,Optical,white,1,29.122230076757948,12.0,3.0,1.3000000000000007,Schematic internal layout
PS5-0941,DriveFlexContact0,PS5-0941 · Drive flex connector contact,Optical,gold,1,0.03595879644737243,0.25,1.2000000000000028,0.120000000000001,Schematic internal layout
PS5-0942,DriveFlexContact1,PS5-0942 · Drive flex connector contact001,Optical,gold,1,0.03595879644737243,0.25,1.2000000000000028,0.120000000000001,Schematic internal layout
PS5-0943,DriveFlexContact2,PS5-0943 · Drive flex connector contact002,Optical,gold,1,0.035958796447372425,0.25,1.2000000000000028,0.120000000000001,Schematic internal layout
PS5-0944,DriveFlexContact3,PS5-0944 · Drive flex connector contact003,Optical,gold,1,0.03595879644737243,0.25,1.2000000000000028,0.120000000000001,Schematic internal layout
PS5-0945,DriveFlexContact4,PS5-0945 · Drive flex connector contact004,Optical,gold,1,0.03595879644737243,0.25,1.2000000000000028,0.120000000000001,Schematic internal layout
PS5-0946,DriveFlexContact5,PS5-0946 · Drive flex connector contact005,Optical,gold,1,0.035958796447372425,0.25,1.2000000000000028,0.120000000000001,Schematic internal layout
PS5-0947,DriveFlexContact6,PS5-0947 · Drive flex connector contact006,Optical,gold,1,0.035958796447372425,0.25,1.2000000000000028,0.120000000000001,Schematic internal layout
PS5-0948,DriveFlexContact7,PS5-0948 · Drive flex connector contact007,Optical,gold,1,0.035958796447372425,0.25,1.2000000000000028,0.120000000000001,Schematic internal layout
PS5-0949,DriveFlexContact8,PS5-0949 · Drive flex connector contact008,Optical,gold,1,0.03595879644737243,0.25,1.2000000000000028,0.120000000000001,Schematic internal layout
PS5-0950,DriveFlexContact9,PS5-0950 · Drive flex connector contact009,Optical,gold,1,0.03595879644737243,0.25,1.2000000000000028,0.120000000000001,Schematic internal layout
PS5-0951,DriveFlexContact10,PS5-0951 · Drive flex connector contact010,Optical,gold,1,0.035958796447372425,0.25,1.2000000000000028,0.120000000000001,Schematic internal layout
PS5-0952,DriveFlexContact11,PS5-0952 · Drive flex connector contact011,Optical,gold,1,0.03595879644737243,0.25,1.2000000000000028,0.120000000000001,Schematic internal layout
PS5-0953,LoadingCam,PS5-0953 · Slotted loading sequence cam study,Optical,white,1,166.92656882042132,14.0,14.0,1.1999999999999993,Schematic internal layout
PS5-0954,LoadingCamAxle,PS5-0954 · Loading cam pivot,Optical,metal,1,4.241150082346233,1.5,1.5,2.3999999999999986,Schematic internal layout
PS5-0955,CamFollowerArm,PS5-0955 · Loading cam follower link,Optical,white,1,17.931327412287185,12.0,3.0,0.5,Schematic internal layout
PS5-0956,CamFollowerPivot,PS5-0956 · Follower retaining washer,Optical,metal,1,4.712388980384695,4.0,4.0,0.5,Schematic internal layout
PS5-0957,DriveLimitPCB,PS5-0957 · Optical mechanism limit-switch board,Optical,pcb,1,48.94592033717613,10.0,7.0,0.6999999999999993,Schematic internal layout
PS5-0958,DriveLimitSwitch,PS5-0958 · Loading position switch,Optical,black,1,17.884115008234627,4.0,3.0,1.5,Schematic internal layout
PS5-0959,DriveSensorPCB,PS5-0959 · Disc-entry detector board,Optical,pcb,1,23.938194671058472,6.0,5.0,0.8000000000000007,Schematic internal layout
PS5-0960,DiscEntrySensor,PS5-0960 · Disc-entry optical interrupter housing,Optical,black,1,44.662654824574425,3.0,5.0,4.0,Schematic internal layout
PS5-0961,UpperEMIShield,PS5-0961 · Upper stamped motherboard shield013,Shielding,metal,1,23951.288096623473,313.0,212.0,0.5,Published approximate body envelope; photo-estimated local curves and details
PS5-0962,LowerEMIShield,PS5-0962 · Lower stamped motherboard shield010,Shielding,metal,1,20533.767371484984,313.0,212.0,0.3999999999999986,Published approximate body envelope; photo-estimated local curves and details
PS5-0963,MemoryThermalPad0,PS5-0963 · Memory-to-shield thermal pad study,Cooling,thermal,1,162.80566370614363,17.936248173426378,17.936248173426378,1.0,Schematic internal layout
PS5-0964,MemoryThermalPad1,PS5-0964 · Memory-to-shield thermal pad study001,Cooling,thermal,1,162.8056637061436,13.800000000000011,11.799999999999999,1.0,Schematic internal layout
PS5-0965,MemoryThermalPad2,PS5-0965 · Memory-to-shield thermal pad study002,Cooling,thermal,1,162.80566370614363,17.936248173426378,17.936248173426378,1.0,Schematic internal layout
PS5-0966,MemoryThermalPad3,PS5-0966 · Memory-to-shield thermal pad study003,Cooling,thermal,1,162.8056637061436,13.799999999999999,11.799999999999997,1.0,Schematic internal layout
PS5-0967,MemoryThermalPad4,PS5-0967 · Memory-to-shield thermal pad study004,Cooling,thermal,1,162.80566370614363,17.936248173426378,17.936248173426378,1.0,Schematic internal layout
PS5-0968,MemoryThermalPad5,PS5-0968 · Memory-to-shield thermal pad study005,Cooling,thermal,1,162.80566370614366,13.800000000000011,11.800000000000011,1.0,Schematic internal layout
PS5-0969,MemoryThermalPad6,PS5-0969 · Memory-to-shield thermal pad study006,Cooling,thermal,1,162.80566370614363,17.936248173426378,17.936248173426378,1.0,Schematic internal layout
PS5-0970,MemoryThermalPad7,PS5-0970 · Memory-to-shield thermal pad study007,Cooling,thermal,1,162.80566370614366,13.800000000000011,11.799999999999997,1.0,Schematic internal layout
PS5-0971,NANDThermalTop0,PS5-0971 · NAND thermal pad study,Cooling,thermal,1,172.58053096491466,17.399999999999977,12.400000000000006,0.7999999999999972,Schematic internal layout
PS5-0972,NANDThermalTop1,PS5-0972 · NAND thermal pad study001,Cooling,thermal,1,172.58053096491463,17.399999999999977,12.399999999999999,0.7999999999999972,Schematic internal layout
PS5-0973,NANDThermalTop2,PS5-0973 · NAND thermal pad study002,Cooling,thermal,1,172.5805309649146,17.399999999999977,12.399999999999999,0.7999999999999972,Schematic internal layout
PS5-0974,NANDThermalBottom0,PS5-0974 · NAND thermal pad study003,Cooling,thermal,1,248.08451326206495,17.399999999999977,12.400000000000006,1.1499999999999986,Schematic internal layout
PS5-0975,NANDThermalBottom1,PS5-0975 · NAND thermal pad study004,Cooling,thermal,1,248.0845132620649,17.399999999999977,12.399999999999999,1.1499999999999986,Schematic internal layout
PS5-0976,NANDThermalBottom2,PS5-0976 · NAND thermal pad study005,Cooling,thermal,1,248.0845132620649,17.399999999999977,12.399999999999999,1.1499999999999986,Schematic internal layout
PS5-0977,M2Bay,PS5-0977 · Original empty expansion bay metal tray002,Storage,metal,1,4864.227988406821,116.0,23.200000000000017,11.700000000000003,Published approximate body envelope; photo-estimated local curves and details
PS5-0978,M2Cover,PS5-0978 · Removable expansion bay cover002,Storage,metal,1,2376.8776515169147,123.19999999999999,25.0,0.7999999999999972,Published approximate body envelope; photo-estimated local curves and details
PS5-0979,M2CoverBoss,PS5-0979 · Expansion cover fixing boss,Storage,black,1,144.7096116059799,4.600000000000023,4.599999999999994,11.0,Schematic internal layout
PS5-0980,M2CoverScrew,PS5-0980 · Cross-head fastener027,Storage,metal,1,9.772885871465554,3.6000000000000227,3.5999999999999943,5.730000000000004,Schematic internal layout
PS5-0981,M2Mount0,PS5-0981 · Alternative module-length mounting seat study,Storage,metal,1,14.299744360977337,3.4000000000000057,3.4000000000000057,2.1000000000000014,Schematic internal layout
PS5-0982,M2Mount1,PS5-0982 · Alternative module-length mounting seat study001,Storage,metal,1,14.299744360977337,3.4000000000000057,3.4000000000000057,2.1000000000000014,Schematic internal layout
PS5-0983,M2Mount2,PS5-0983 · Alternative module-length mounting seat study002,Storage,metal,1,14.299744360977337,3.4000000000000057,3.4000000000000057,2.1000000000000014,Schematic internal layout
PS5-0984,M2Mount3,PS5-0984 · Alternative module-length mounting seat study003,Storage,metal,1,14.299744360977337,3.4000000000000057,3.4000000000000057,2.1000000000000014,Schematic internal layout
PS5-0985,M2Mount4,PS5-0985 · Alternative module-length mounting seat study004,Storage,metal,1,14.29974436097736,3.3999999999999773,3.4000000000000057,2.1000000000000014,Schematic internal layout
PS5-0986,M2StoredSpacer,PS5-0986 · Stored module fixing spacer,Storage,metal,1,5.277875658030853,3.8000000000000114,3.8000000000000114,0.5999999999999943,Schematic internal layout
PS5-0987,M2StoredScrew,PS5-0987 · Cross-head fastener028,Storage,metal,1,6.506533052905013,3.3999999999999773,3.4000000000000057,3.3299999999999983,Schematic internal layout
PS5-0988,M2Socket,PS5-0988 · Keyed M.2 expansion socket housing study,Storage,black,1,457.1522296600002,6.399999999999999,20.80000000000001,4.399999999999999,Schematic internal layout
PS5-0989,M2ContactLower0,PS5-0989 · Separate expansion socket spring contact,Storage,gold,1,0.06814634954084793,3.0999999999999943,0.21999999999999886,0.09999999999999432,Schematic internal layout
PS5-0990,M2ContactLower1,PS5-0990 · Separate expansion socket spring contact001,Storage,gold,1,0.06814634954084793,3.0999999999999943,0.21999999999999886,0.09999999999999432,Schematic internal layout
PS5-0991,M2ContactLower2,PS5-0991 · Separate expansion socket spring contact002,Storage,gold,1,0.06814634954084793,3.0999999999999943,0.21999999999999886,0.09999999999999432,Schematic internal layout
PS5-0992,M2ContactLower3,PS5-0992 · Separate expansion socket spring contact003,Storage,gold,1,0.06814634954084793,3.0999999999999943,0.21999999999999886,0.09999999999999432,Schematic internal layout
PS5-0993,M2ContactLower4,PS5-0993 · Separate expansion socket spring contact004,Storage,gold,1,0.06814634954084793,3.0999999999999943,0.21999999999999886,0.09999999999999432,Schematic internal layout
PS5-0994,M2ContactLower9,PS5-0994 · Separate expansion socket spring contact005,Storage,gold,1,0.06814634954084793,3.0999999999999943,0.21999999999999886,0.09999999999999432,Schematic internal layout
PS5-0995,M2ContactLower10,PS5-0995 · Separate expansion socket spring contact006,Storage,gold,1,0.06814634954084793,3.0999999999999943,0.21999999999999886,0.09999999999999432,Schematic internal layout
PS5-0996,M2ContactLower11,PS5-0996 · Separate expansion socket spring contact007,Storage,gold,1,0.06814634954084793,3.0999999999999943,0.21999999999999886,0.09999999999999432,Schematic internal layout
PS5-0997,M2ContactLower12,PS5-0997 · Separate expansion socket spring contact008,Storage,gold,1,0.06814634954084793,3.0999999999999943,0.21999999999999886,0.09999999999999432,Schematic internal layout
PS5-0998,M2ContactLower13,PS5-0998 · Separate expansion socket spring contact009,Storage,gold,1,0.06814634954084793,3.0999999999999943,0.21999999999999886,0.09999999999999432,Schematic internal layout
PS5-0999,M2ContactLower14,PS5-0999 · Separate expansion socket spring contact010,Storage,gold,1,0.06814634954084793,3.0999999999999943,0.21999999999999886,0.09999999999999432,Schematic internal layout
PS5-1000,M2ContactLower15,PS5-1000 · Separate expansion socket spring contact011,Storage,gold,1,0.06814634954084793,3.0999999999999943,0.21999999999999886,0.09999999999999432,Schematic internal layout
PS5-1001,M2ContactLower16,PS5-1001 · Separate expansion socket spring contact012,Storage,gold,1,0.06814634954084793,3.0999999999999943,0.21999999999999886,0.09999999999999432,Schematic internal layout
PS5-1002,M2ContactLower17,PS5-1002 · Separate expansion socket spring contact013,Storage,gold,1,0.06814634954084793,3.0999999999999943,0.21999999999999886,0.09999999999999432,Schematic internal layout
PS5-1003,M2ContactLower18,PS5-1003 · Separate expansion socket spring contact014,Storage,gold,1,0.06814634954084793,3.0999999999999943,0.21999999999999886,0.09999999999999432,Schematic internal layout
PS5-1004,M2ContactLower19,PS5-1004 · Separate expansion socket spring contact015,Storage,gold,1,0.06814634954084793,3.0999999999999943,0.21999999999999886,0.09999999999999432,Schematic internal layout
PS5-1005,M2ContactLower20,PS5-1005 · Separate expansion socket spring contact016,Storage,gold,1,0.06814634954084793,3.0999999999999943,0.21999999999999886,0.09999999999999432,Schematic internal layout
PS5-1006,M2ContactLower21,PS5-1006 · Separate expansion socket spring contact017,Storage,gold,1,0.06814634954084793,3.0999999999999943,0.21999999999999886,0.09999999999999432,Schematic internal layout
PS5-1007,M2ContactLower22,PS5-1007 · Separate expansion socket spring contact018,Storage,gold,1,0.06814634954084793,3.0999999999999943,0.21999999999999886,0.09999999999999432,Schematic internal layout
PS5-1008,M2ContactLower23,PS5-1008 · Separate expansion socket spring contact019,Storage,gold,1,0.06814634954084793,3.0999999999999943,0.21999999999999886,0.09999999999999432,Schematic internal layout
PS5-1009,M2ContactLower24,PS5-1009 · Separate expansion socket spring contact020,Storage,gold,1,0.06814634954084793,3.0999999999999943,0.21999999999999886,0.09999999999999432,Schematic internal layout
PS5-1010,M2ContactLower25,PS5-1010 · Separate expansion socket spring contact021,Storage,gold,1,0.06814634954084793,3.0999999999999943,0.21999999999999886,0.09999999999999432,Schematic internal layout
PS5-1011,M2ContactLower26,PS5-1011 · Separate expansion socket spring contact022,Storage,gold,1,0.06814634954084793,3.0999999999999943,0.21999999999999886,0.09999999999999432,Schematic internal layout
PS5-1012,M2ContactLower27,PS5-1012 · Separate expansion socket spring contact023,Storage,gold,1,0.06814634954084793,3.0999999999999943,0.21999999999999886,0.09999999999999432,Schematic internal layout
PS5-1013,M2ContactLower28,PS5-1013 · Separate expansion socket spring contact024,Storage,gold,1,0.06814634954084793,3.0999999999999943,0.21999999999999886,0.09999999999999432,Schematic internal layout
PS5-1014,M2ContactLower29,PS5-1014 · Separate expansion socket spring contact025,Storage,gold,1,0.06814634954084793,3.0999999999999943,0.21999999999999886,0.09999999999999432,Schematic internal layout
PS5-1015,M2ContactLower30,PS5-1015 · Separate expansion socket spring contact026,Storage,gold,1,0.06814634954084793,3.0999999999999943,0.21999999999999886,0.09999999999999432,Schematic internal layout
PS5-1016,M2ContactLower31,PS5-1016 · Separate expansion socket spring contact027,Storage,gold,1,0.06814634954084793,3.0999999999999943,0.21999999999999886,0.09999999999999432,Schematic internal layout
PS5-1017,M2ContactLower32,PS5-1017 · Separate expansion socket spring contact028,Storage,gold,1,0.06814634954084793,3.0999999999999943,0.21999999999999886,0.09999999999999432,Schematic internal layout
PS5-1018,M2ContactLower33,PS5-1018 · Separate expansion socket spring contact029,Storage,gold,1,0.06814634954084793,3.0999999999999943,0.21999999999999886,0.09999999999999432,Schematic internal layout
PS5-1019,M2ContactLower34,PS5-1019 · Separate expansion socket spring contact030,Storage,gold,1,0.06814634954084793,3.0999999999999943,0.21999999999999886,0.09999999999999432,Schematic internal layout
PS5-1020,M2ContactLower35,PS5-1020 · Separate expansion socket spring contact031,Storage,gold,1,0.06814634954084793,3.0999999999999943,0.21999999999999886,0.09999999999999432,Schematic internal layout
PS5-1021,M2ContactLower36,PS5-1021 · Separate expansion socket spring contact032,Storage,gold,1,0.06814634954084793,3.0999999999999943,0.21999999999999886,0.09999999999999432,Schematic internal layout
PS5-1022,M2ContactLower37,PS5-1022 · Separate expansion socket spring contact033,Storage,gold,1,0.06814634954084793,3.0999999999999943,0.21999999999999886,0.09999999999999432,Schematic internal layout
PS5-1023,M2ContactUpper0,PS5-1023 · Separate expansion socket spring contact034,Storage,gold,1,0.06814634954084793,3.0999999999999943,0.21999999999999886,0.09999999999999432,Schematic internal layout
PS5-1024,M2ContactUpper1,PS5-1024 · Separate expansion socket spring contact035,Storage,gold,1,0.06814634954084793,3.0999999999999943,0.21999999999999886,0.09999999999999432,Schematic internal layout
PS5-1025,M2ContactUpper2,PS5-1025 · Separate expansion socket spring contact036,Storage,gold,1,0.06814634954084793,3.0999999999999943,0.21999999999999886,0.09999999999999432,Schematic internal layout
PS5-1026,M2ContactUpper3,PS5-1026 · Separate expansion socket spring contact037,Storage,gold,1,0.06814634954084793,3.0999999999999943,0.21999999999999886,0.09999999999999432,Schematic internal layout
PS5-1027,M2ContactUpper4,PS5-1027 · Separate expansion socket spring contact038,Storage,gold,1,0.06814634954084793,3.0999999999999943,0.21999999999999886,0.09999999999999432,Schematic internal layout
PS5-1028,M2ContactUpper9,PS5-1028 · Separate expansion socket spring contact039,Storage,gold,1,0.06814634954084793,3.0999999999999943,0.21999999999999886,0.09999999999999432,Schematic internal layout
PS5-1029,M2ContactUpper10,PS5-1029 · Separate expansion socket spring contact040,Storage,gold,1,0.06814634954084793,3.0999999999999943,0.21999999999999886,0.09999999999999432,Schematic internal layout
PS5-1030,M2ContactUpper11,PS5-1030 · Separate expansion socket spring contact041,Storage,gold,1,0.06814634954084793,3.0999999999999943,0.21999999999999886,0.09999999999999432,Schematic internal layout
PS5-1031,M2ContactUpper12,PS5-1031 · Separate expansion socket spring contact042,Storage,gold,1,0.06814634954084793,3.0999999999999943,0.21999999999999886,0.09999999999999432,Schematic internal layout
PS5-1032,M2ContactUpper13,PS5-1032 · Separate expansion socket spring contact043,Storage,gold,1,0.06814634954084793,3.0999999999999943,0.21999999999999886,0.09999999999999432,Schematic internal layout
PS5-1033,M2ContactUpper14,PS5-1033 · Separate expansion socket spring contact044,Storage,gold,1,0.06814634954084793,3.0999999999999943,0.21999999999999886,0.09999999999999432,Schematic internal layout
PS5-1034,M2ContactUpper15,PS5-1034 · Separate expansion socket spring contact045,Storage,gold,1,0.06814634954084793,3.0999999999999943,0.21999999999999886,0.09999999999999432,Schematic internal layout
PS5-1035,M2ContactUpper16,PS5-1035 · Separate expansion socket spring contact046,Storage,gold,1,0.06814634954084793,3.0999999999999943,0.21999999999999886,0.09999999999999432,Schematic internal layout
PS5-1036,M2ContactUpper17,PS5-1036 · Separate expansion socket spring contact047,Storage,gold,1,0.06814634954084793,3.0999999999999943,0.21999999999999886,0.09999999999999432,Schematic internal layout
PS5-1037,M2ContactUpper18,PS5-1037 · Separate expansion socket spring contact048,Storage,gold,1,0.06814634954084793,3.0999999999999943,0.21999999999999886,0.09999999999999432,Schematic internal layout
PS5-1038,M2ContactUpper19,PS5-1038 · Separate expansion socket spring contact049,Storage,gold,1,0.06814634954084793,3.0999999999999943,0.21999999999999886,0.09999999999999432,Schematic internal layout
PS5-1039,M2ContactUpper20,PS5-1039 · Separate expansion socket spring contact050,Storage,gold,1,0.06814634954084793,3.0999999999999943,0.21999999999999886,0.09999999999999432,Schematic internal layout
PS5-1040,M2ContactUpper21,PS5-1040 · Separate expansion socket spring contact051,Storage,gold,1,0.06814634954084793,3.0999999999999943,0.21999999999999886,0.09999999999999432,Schematic internal layout
PS5-1041,M2ContactUpper22,PS5-1041 · Separate expansion socket spring contact052,Storage,gold,1,0.06814634954084793,3.0999999999999943,0.21999999999999886,0.09999999999999432,Schematic internal layout
PS5-1042,M2ContactUpper23,PS5-1042 · Separate expansion socket spring contact053,Storage,gold,1,0.06814634954084793,3.0999999999999943,0.21999999999999886,0.09999999999999432,Schematic internal layout
PS5-1043,M2ContactUpper24,PS5-1043 · Separate expansion socket spring contact054,Storage,gold,1,0.06814634954084793,3.0999999999999943,0.21999999999999886,0.09999999999999432,Schematic internal layout
PS5-1044,M2ContactUpper25,PS5-1044 · Separate expansion socket spring contact055,Storage,gold,1,0.06814634954084793,3.0999999999999943,0.21999999999999886,0.09999999999999432,Schematic internal layout
PS5-1045,M2ContactUpper26,PS5-1045 · Separate expansion socket spring contact056,Storage,gold,1,0.06814634954084793,3.0999999999999943,0.21999999999999886,0.09999999999999432,Schematic internal layout
PS5-1046,M2ContactUpper27,PS5-1046 · Separate expansion socket spring contact057,Storage,gold,1,0.06814634954084793,3.0999999999999943,0.21999999999999886,0.09999999999999432,Schematic internal layout
PS5-1047,M2ContactUpper28,PS5-1047 · Separate expansion socket spring contact058,Storage,gold,1,0.06814634954084793,3.0999999999999943,0.21999999999999886,0.09999999999999432,Schematic internal layout
PS5-1048,M2ContactUpper29,PS5-1048 · Separate expansion socket spring contact059,Storage,gold,1,0.06814634954084793,3.0999999999999943,0.21999999999999886,0.09999999999999432,Schematic internal layout
PS5-1049,M2ContactUpper30,PS5-1049 · Separate expansion socket spring contact060,Storage,gold,1,0.06814634954084793,3.0999999999999943,0.21999999999999886,0.09999999999999432,Schematic internal layout
PS5-1050,M2ContactUpper31,PS5-1050 · Separate expansion socket spring contact061,Storage,gold,1,0.06814634954084793,3.0999999999999943,0.21999999999999886,0.09999999999999432,Schematic internal layout
PS5-1051,M2ContactUpper32,PS5-1051 · Separate expansion socket spring contact062,Storage,gold,1,0.06814634954084793,3.0999999999999943,0.21999999999999886,0.09999999999999432,Schematic internal layout
PS5-1052,M2ContactUpper33,PS5-1052 · Separate expansion socket spring contact063,Storage,gold,1,0.06814634954084793,3.0999999999999943,0.21999999999999886,0.09999999999999432,Schematic internal layout
PS5-1053,M2ContactUpper34,PS5-1053 · Separate expansion socket spring contact064,Storage,gold,1,0.06814634954084793,3.0999999999999943,0.21999999999999886,0.09999999999999432,Schematic internal layout
PS5-1054,M2ContactUpper35,PS5-1054 · Separate expansion socket spring contact065,Storage,gold,1,0.06814634954084793,3.0999999999999943,0.21999999999999886,0.09999999999999432,Schematic internal layout
PS5-1055,M2ContactUpper36,PS5-1055 · Separate expansion socket spring contact066,Storage,gold,1,0.06814634954084793,3.0999999999999943,0.21999999999999886,0.09999999999999432,Schematic internal layout
PS5-1056,FrontInterfacePCB,PS5-1056 · Original front USB interface PCB study003,FrontIO,pcb,1,373.37047455078607,52.00000000000001,12.400000000000034,0.6000000000000014,Published approximate body envelope; photo-estimated local curves and details
PS5-1057,FrontPCBPost0,PS5-1057 · Front interface PCB fixing post,FrontIO,black,1,11.460530000295575,3.200000000000001,3.1999999999999886,1.8999999999999986,Schematic internal layout
PS5-1058,FrontPCBScrew0,PS5-1058 · Cross-head fastener029,FrontIO,metal,1,4.046635922357397,2.6000000000000014,2.5999999999999943,2.3299999999999983,Schematic internal layout
PS5-1059,FrontPCBPost1,PS5-1059 · Front interface PCB fixing post001,FrontIO,black,1,11.460530000295575,3.200000000000003,3.1999999999999886,1.8999999999999986,Schematic internal layout
PS5-1060,FrontPCBScrew1,PS5-1060 · Cross-head fastener030,FrontIO,metal,1,4.046635922357395,2.599999999999998,2.5999999999999943,2.3299999999999983,Schematic internal layout
PS5-1061,FrontInterfaceIC0,PS5-1061 · Front interface logic package study,FrontIO,black,1,14.369097335529224,4.0,4.0,0.8999999999999986,Schematic internal layout
PS5-1062,FrontInterfaceIC1,PS5-1062 · Front interface logic package study001,FrontIO,black,1,21.56909733552922,6.0,4.0,0.8999999999999986,Schematic internal layout
PS5-1063,FrontInterfaceIC2,PS5-1063 · Front interface logic package study002,FrontIO,black,1,13.469097335529224,5.0,3.0,0.8999999999999986,Schematic internal layout
PS5-1064,USBCBoardTailLower0,PS5-1064 · Separate formed USB-C PCB terminal,FrontIO,gold,1,0.18014399999999914,0.17999999999999972,4.799999999999997,2.9599999999999937,Schematic internal layout
PS5-1065,USBCBoardTailLower1,PS5-1065 · Separate formed USB-C PCB terminal001,FrontIO,gold,1,0.18014399999999808,0.17999999999999972,4.799999999999997,2.9599999999999937,Schematic internal layout
PS5-1066,USBCBoardTailLower2,PS5-1066 · Separate formed USB-C PCB terminal002,FrontIO,gold,1,0.18014399999999886,0.17999999999999972,4.799999999999997,2.9599999999999937,Schematic internal layout
PS5-1067,USBCBoardTailLower3,PS5-1067 · Separate formed USB-C PCB terminal003,FrontIO,gold,1,0.18014399999999892,0.17999999999999972,4.799999999999997,2.9599999999999937,Schematic internal layout
PS5-1068,USBCBoardTailLower4,PS5-1068 · Separate formed USB-C PCB terminal004,FrontIO,gold,1,0.1801439999999998,0.17999999999999972,4.799999999999997,2.9599999999999937,Schematic internal layout
PS5-1069,USBCBoardTailLower5,PS5-1069 · Separate formed USB-C PCB terminal005,FrontIO,gold,1,0.1801439999999983,0.17999999999999972,4.799999999999997,2.9599999999999937,Schematic internal layout
PS5-1070,USBCBoardTailLower6,PS5-1070 · Separate formed USB-C PCB terminal006,FrontIO,gold,1,0.18014399999999942,0.17999999999999972,4.799999999999997,2.9599999999999937,Schematic internal layout
PS5-1071,USBCBoardTailLower7,PS5-1071 · Separate formed USB-C PCB terminal007,FrontIO,gold,1,0.18014399999999886,0.17999999999999972,4.799999999999997,2.9599999999999937,Schematic internal layout
PS5-1072,USBCBoardTailLower8,PS5-1072 · Separate formed USB-C PCB terminal008,FrontIO,gold,1,0.18014399999999947,0.18000000000000016,4.799999999999997,2.9599999999999937,Schematic internal layout
PS5-1073,USBCBoardTailLower9,PS5-1073 · Separate formed USB-C PCB terminal009,FrontIO,gold,1,0.18014399999999964,0.18000000000000016,4.799999999999997,2.9599999999999937,Schematic internal layout
PS5-1074,USBCBoardTailLower10,PS5-1074 · Separate formed USB-C PCB terminal010,FrontIO,gold,1,0.18014399999999953,0.18000000000000016,4.799999999999997,2.9599999999999937,Schematic internal layout
PS5-1075,USBCBoardTailLower11,PS5-1075 · Separate formed USB-C PCB terminal011,FrontIO,gold,1,0.1801439999999997,0.18000000000000016,4.799999999999997,2.9599999999999937,Schematic internal layout
PS5-1076,USBCBoardTailUpper0,PS5-1076 · Separate formed USB-C PCB terminal012,FrontIO,gold,1,0.22492799999999724,0.17999999999999972,6.199999999999989,3.719999999999999,Schematic internal layout
PS5-1077,USBCBoardTailUpper1,PS5-1077 · Separate formed USB-C PCB terminal013,FrontIO,gold,1,0.2249279999999998,0.17999999999999972,6.199999999999989,3.719999999999999,Schematic internal layout
PS5-1078,USBCBoardTailUpper2,PS5-1078 · Separate formed USB-C PCB terminal014,FrontIO,gold,1,0.2249279999999979,0.17999999999999972,6.199999999999989,3.719999999999999,Schematic internal layout
PS5-1079,USBCBoardTailUpper3,PS5-1079 · Separate formed USB-C PCB terminal015,FrontIO,gold,1,0.22492799999999746,0.17999999999999972,6.199999999999989,3.719999999999999,Schematic internal layout
PS5-1080,USBCBoardTailUpper4,PS5-1080 · Separate formed USB-C PCB terminal016,FrontIO,gold,1,0.22492799999999935,0.17999999999999972,6.199999999999989,3.719999999999999,Schematic internal layout
PS5-1081,USBCBoardTailUpper5,PS5-1081 · Separate formed USB-C PCB terminal017,FrontIO,gold,1,0.22492799999999913,0.17999999999999972,6.199999999999989,3.719999999999999,Schematic internal layout
PS5-1082,USBCBoardTailUpper6,PS5-1082 · Separate formed USB-C PCB terminal018,FrontIO,gold,1,0.2249279999999998,0.17999999999999972,6.199999999999989,3.719999999999999,Schematic internal layout
PS5-1083,USBCBoardTailUpper7,PS5-1083 · Separate formed USB-C PCB terminal019,FrontIO,gold,1,0.22492799999999813,0.17999999999999972,6.199999999999989,3.719999999999999,Schematic internal layout
PS5-1084,USBCBoardTailUpper8,PS5-1084 · Separate formed USB-C PCB terminal020,FrontIO,gold,1,0.22492800000000446,0.18000000000000016,6.199999999999989,3.719999999999999,Schematic internal layout
PS5-1085,USBCBoardTailUpper9,PS5-1085 · Separate formed USB-C PCB terminal021,FrontIO,gold,1,0.2249280000000038,0.18000000000000016,6.199999999999989,3.719999999999999,Schematic internal layout
PS5-1086,USBCBoardTailUpper10,PS5-1086 · Separate formed USB-C PCB terminal022,FrontIO,gold,1,0.22492800000000468,0.18000000000000016,6.199999999999989,3.719999999999999,Schematic internal layout
PS5-1087,USBCBoardTailUpper11,PS5-1087 · Separate formed USB-C PCB terminal023,FrontIO,gold,1,0.22492800000000424,0.18000000000000016,6.199999999999989,3.719999999999999,Schematic internal layout
PS5-1088,FrontBoardSocket,PS5-1088 · Front interface ribbon socket,FrontIO,white,1,18.883654854718717,8.0,2.4000000000000057,1.3999999999999986,Schematic internal layout
PS5-1089,FrontBoardContact0,PS5-1089 · Front interface ribbon contact,FrontIO,gold,1,0.02196566370614365,0.21999999999999886,1.0,0.10000000000000142,Schematic internal layout
PS5-1090,FrontBoardContact1,PS5-1090 · Front interface ribbon contact001,FrontIO,gold,1,0.02196566370614365,0.21999999999999886,1.0,0.10000000000000142,Schematic internal layout
PS5-1091,FrontBoardContact2,PS5-1091 · Front interface ribbon contact002,FrontIO,gold,1,0.021965663706143654,0.21999999999999886,1.0,0.10000000000000142,Schematic internal layout
PS5-1092,FrontBoardContact3,PS5-1092 · Front interface ribbon contact003,FrontIO,gold,1,0.021965663706143654,0.21999999999999886,1.0,0.10000000000000142,Schematic internal layout
PS5-1093,FrontBoardContact4,PS5-1093 · Front interface ribbon contact004,FrontIO,gold,1,0.021965663706143657,0.21999999999999886,1.0,0.10000000000000142,Schematic internal layout
PS5-1094,FrontBoardContact5,PS5-1094 · Front interface ribbon contact005,FrontIO,gold,1,0.021965663706143654,0.21999999999999886,1.0,0.10000000000000142,Schematic internal layout
PS5-1095,FrontBoardContact6,PS5-1095 · Front interface ribbon contact006,FrontIO,gold,1,0.021965663706143654,0.21999999999999886,1.0,0.10000000000000142,Schematic internal layout
PS5-1096,FrontBoardContact7,PS5-1096 · Front interface ribbon contact007,FrontIO,gold,1,0.02196566370614365,0.21999999999999886,1.0,0.10000000000000142,Schematic internal layout
PS5-1097,FrontBoardContact8,PS5-1097 · Front interface ribbon contact008,FrontIO,gold,1,0.021965663706143657,0.21999999999999886,1.0,0.10000000000000142,Schematic internal layout
PS5-1098,FrontBoardContact9,PS5-1098 · Front interface ribbon contact009,FrontIO,gold,1,0.021965663706143657,0.21999999999999886,1.0,0.10000000000000142,Schematic internal layout
PS5-1099,FrontBoardContact10,PS5-1099 · Front interface ribbon contact010,FrontIO,gold,1,0.021965663706143654,0.21999999999999886,1.0,0.10000000000000142,Schematic internal layout
PS5-1100,FrontBoardContact11,PS5-1100 · Front interface ribbon contact011,FrontIO,gold,1,0.021965663706143654,0.21999999999999886,1.0,0.10000000000000142,Schematic internal layout
PS5-1101,ButtonPCB,PS5-1101 · Separate power and eject switch board,Controls,pcb,1,249.42831853071766,39.0,0.7999999999999972,8.0,Schematic internal layout
PS5-1102,PowerSwitch,PS5-1102 · Front tactile switch package,Controls,metal,1,26.168230016469213,4.0,2.1999999999999886,3.0,Schematic internal layout
PS5-1103,PowerPlunger,PS5-1103 · Tactile switch plunger,Controls,black,1,1.0775662801813002,1.3999999999999773,0.7000000000000028,1.4000000000000057,Schematic internal layout
PS5-1104,PowerStem,PS5-1104 · Separate front button actuator stem,Controls,black,1,0.6785840131753941,1.1999999999999886,0.5999999999999943,1.2000000000000028,Schematic internal layout
PS5-1105,PowerSwitchTerminal0_0,PS5-1105 · Tactile switch solder tab,Controls,gold,1,0.056056858347057786,0.25,0.9000000000000057,0.25,Schematic internal layout
PS5-1106,PowerSwitchTerminal0_1,PS5-1106 · Tactile switch solder tab001,Controls,gold,1,0.05605685834705777,0.25,0.9000000000000057,0.25,Schematic internal layout
PS5-1107,PowerSwitchTerminal1_0,PS5-1107 · Tactile switch solder tab002,Controls,gold,1,0.056056858347057786,0.25,0.9000000000000057,0.25,Schematic internal layout
PS5-1108,PowerSwitchTerminal1_1,PS5-1108 · Tactile switch solder tab003,Controls,gold,1,0.056056858347057786,0.25,0.9000000000000057,0.25,Schematic internal layout
PS5-1109,EjectSwitch,PS5-1109 · Front tactile switch package001,Controls,metal,1,26.168230016469213,4.0,2.1999999999999886,3.0,Schematic internal layout
PS5-1110,EjectPlunger,PS5-1110 · Tactile switch plunger001,Controls,black,1,1.0775662801813002,1.3999999999999773,0.7000000000000028,1.4000000000000057,Schematic internal layout
PS5-1111,EjectStem,PS5-1111 · Separate front button actuator stem001,Controls,black,1,0.6785840131753941,1.1999999999999886,0.5999999999999943,1.2000000000000028,Schematic internal layout
PS5-1112,EjectSwitchTerminal0_0,PS5-1112 · Tactile switch solder tab004,Controls,gold,1,0.056056858347057786,0.25,0.9000000000000057,0.25,Schematic internal layout
PS5-1113,EjectSwitchTerminal0_1,PS5-1113 · Tactile switch solder tab005,Controls,gold,1,0.056056858347057786,0.25,0.9000000000000057,0.25,Schematic internal layout
PS5-1114,EjectSwitchTerminal1_0,PS5-1114 · Tactile switch solder tab006,Controls,gold,1,0.05605685834705779,0.25,0.9000000000000057,0.25,Schematic internal layout
PS5-1115,EjectSwitchTerminal1_1,PS5-1115 · Tactile switch solder tab007,Controls,gold,1,0.05605685834705778,0.25,0.9000000000000057,0.25,Schematic internal layout
PS5-1116,ButtonController,PS5-1116 · Front control logic package study,Controls,black,1,38.2901238596595,6.0,2.0,3.200000000000003,Schematic internal layout
PS5-1117,ButtonConnector,PS5-1117 · Button-board cable connector study,Controls,white,1,44.768230016469246,5.0,3.0,3.0,Schematic internal layout
PS5-1118,StatusLightPCB,PS5-1118 · Status-light emitter strip study,Controls,pcb,1,683.6635043202065,285.0,3.0,0.7999999999999972,Published approximate body envelope; photo-estimated local curves and details
PS5-1119,StatusLED0,PS5-1119 · Blue status emitter package,Controls,ps5blue,1,0.5849955742875601,1.4000000000000057,1.1999999999999886,0.3499999999999943,Schematic internal layout
PS5-1120,StatusLightPipe0,PS5-1120 · Status light internal guide,Controls,ps5blue,1,8.993819467105846,3.0,6.0,0.5,Schematic internal layout
PS5-1121,StatusLED1,PS5-1121 · Blue status emitter package001,Controls,ps5blue,1,0.58499557428756,1.4000000000000057,1.1999999999999886,0.3499999999999943,Schematic internal layout
PS5-1122,StatusLightPipe1,PS5-1122 · Status light internal guide001,Controls,ps5blue,1,8.993819467105846,3.0,6.0,0.5,Schematic internal layout
PS5-1123,StatusLED2,PS5-1123 · Blue status emitter package002,Controls,ps5blue,1,0.5849955742875593,1.4,1.1999999999999886,0.3499999999999943,Schematic internal layout
PS5-1124,StatusLightPipe2,PS5-1124 · Status light internal guide002,Controls,ps5blue,1,8.993819467105846,3.0,6.0,0.5,Schematic internal layout
PS5-1125,StatusLED3,PS5-1125 · Blue status emitter package003,Controls,ps5blue,1,0.58499557428756,1.4000000000000057,1.1999999999999886,0.3499999999999943,Schematic internal layout
PS5-1126,StatusLightPipe3,PS5-1126 · Status light internal guide003,Controls,ps5blue,1,8.993819467105846,3.0,6.0,0.5,Schematic internal layout
PS5-1127,StatusLED4,PS5-1127 · Blue status emitter package004,Controls,ps5blue,1,0.5849955742875601,1.4000000000000057,1.1999999999999886,0.3499999999999943,Schematic internal layout
PS5-1128,StatusLightPipe4,PS5-1128 · Status light internal guide004,Controls,ps5blue,1,8.993819467105846,3.0,6.0,0.5,Schematic internal layout
PS5-1129,OpticalRibbon,PS5-1129 · Continuous drive-to-mainboard signal ribbon study,Wiring,white,1,80.0045236330928,80.0,31.5,37.71,Schematic internal layout
PS5-1130,FrontInterfaceRibbon,PS5-1130 · Front USB board signal ribbon study,Wiring,white,1,13.323744291472865,56.0,9.755402546255183,2.537710985682473,Schematic internal layout
PS5-1131,ButtonMainSocket,PS5-1131 · Mainboard front-button wire socket001,Mainboard,white,1,25.901264739376007,5.0,3.0,2.799999999999997,Schematic internal layout
PS5-1132,ButtonMainContact0,PS5-1132 · Button harness socket contact,Mainboard,gold,1,0.03588411500823459,0.20000000000000284,1.1999999999999886,0.14999999999999858,Schematic internal layout
PS5-1133,ButtonHarness0,PS5-1133 · Separate insulated front-button wire study,Wiring,red,1,22.146716068162387,120.94000020000004,20.724390972424544,8.442683436399896,Schematic internal layout
PS5-1134,ButtonMainContact1,PS5-1134 · Button harness socket contact001,Mainboard,gold,1,0.03588411500823459,0.20000000000000284,1.1999999999999886,0.14999999999999858,Schematic internal layout
PS5-1135,ButtonHarness1,PS5-1135 · Separate insulated front-button wire study001,Wiring,black,1,21.85607536294918,120.94000019999999,20.721010605467484,7.764525836811998,Schematic internal layout
PS5-1136,ButtonMainContact2,PS5-1136 · Button harness socket contact002,Mainboard,gold,1,0.03588411500823459,0.20000000000000284,1.1999999999999886,0.14999999999999858,Schematic internal layout
PS5-1137,ButtonHarness2,PS5-1137 · Separate insulated front-button wire study002,Wiring,black,1,21.581966512766645,120.94000020000001,20.714426884927207,7.089109310941012,Schematic internal layout
PS5-1138,MainsHarness0,PS5-1138 · Independent insulated mains lead study,Wiring,black,1,235.54333865764715,220.66000019999998,10.421059130669676,18.4365116131952,Schematic internal layout
PS5-1139,MainsHarness1,PS5-1139 · Independent insulated mains lead study001,Wiring,black,1,237.11723175406823,223.5400002,9.038955275022516,18.448618714900398,Schematic internal layout
PS5-1140,DCHarness0,PS5-1140 · Independent low-voltage supply lead study,Wiring,red,1,93.35175106697488,6.120000200000001,42.21355916359027,27.5000001,Schematic internal layout
PS5-1141,DCHarness1,PS5-1141 · Independent low-voltage supply lead study001,Wiring,black,1,93.35175106697486,6.120000200000003,42.213559163590276,27.50000010000001,Schematic internal layout
PS5-1142,FanHarness0,PS5-1142 · Separate four-wire fan lead study,Wiring,red,1,15.595493698815536,70.0350002,67.09962552383934,28.5100002,Schematic internal layout
PS5-1143,FanHarness1,PS5-1143 · Separate four-wire fan lead study001,Wiring,black,1,15.634629062025823,68.91833353333334,67.73928795774961,29.11000020000001,Schematic internal layout
PS5-1144,FanHarness2,PS5-1144 · Separate four-wire fan lead study002,Wiring,blue,1,15.67931242116069,67.80166686666666,68.37843128254259,29.710000199999996,Schematic internal layout
PS5-1145,FanHarness3,PS5-1145 · Separate four-wire fan lead study003,Wiring,white,1,15.728839243155718,66.6850002,69.01702393477318,30.310000199999998,Schematic internal layout
PS5-1146,StatusMainSocket,PS5-1146 · Mainboard status-light wire socket001,Mainboard,white,1,25.90126473937601,5.0,3.0,2.799999999999997,Schematic internal layout
PS5-1147,StatusMainContact0,PS5-1147 · Status harness socket contact,Mainboard,gold,1,0.03588411500823439,0.20000000000000107,1.1999999999999886,0.14999999999999858,Schematic internal layout
PS5-1148,StatusHarness0,PS5-1148 · Independent status-light lead study,Wiring,blue,1,5.717495038031227,11.400000200000003,22.840861218214997,22.656379345885632,Schematic internal layout
PS5-1149,StatusMainContact1,PS5-1149 · Status harness socket contact001,Mainboard,gold,1,0.03588411500823439,0.20000000000000107,1.1999999999999886,0.14999999999999858,Schematic internal layout
PS5-1150,StatusHarness1,PS5-1150 · Independent status-light lead study001,Wiring,black,1,5.644448913888813,11.400000200000001,22.84019810317203,22.66350766145228,Schematic internal layout
PS5-1151,StatusMainContact2,PS5-1151 · Status harness socket contact002,Mainboard,gold,1,0.035884115008234393,0.20000000000000107,1.1999999999999886,0.14999999999999858,Schematic internal layout
PS5-1152,StatusHarness2,PS5-1152 · Independent status-light lead study002,Wiring,black,1,5.574229900409351,11.400000200000001,22.839288526833485,22.670551800797305,Schematic internal layout
PS5-1153,BoardStackPost0,PS5-1153 · Mainboard and EMI shield spacing post,Shielding,metal,1,212.42271426329071,5.600000000000023,5.600000000000001,9.5,Schematic internal layout
PS5-1154,BoardStackScrew0,PS5-1154 · Cross-head fastener031,Shielding,metal,1,12.303148489896637,3.3999999999999773,3.3999999999999986,8.130000000000003,Schematic internal layout
PS5-1155,BoardStackPost1,PS5-1155 · Mainboard and EMI shield spacing post001,Shielding,metal,1,212.4227142632908,5.6000000000000005,5.599999999999998,9.5,Schematic internal layout
PS5-1156,BoardStackScrew1,PS5-1156 · Cross-head fastener032,Shielding,metal,1,12.303148489896639,3.3999999999999986,3.3999999999999986,8.130000000000003,Schematic internal layout
PS5-1157,BoardStackPost2,PS5-1157 · Mainboard and EMI shield spacing post002,Shielding,metal,1,212.42271426329086,5.6,5.599999999999994,9.5,Schematic internal layout
PS5-1158,BoardStackScrew2,PS5-1158 · Cross-head fastener033,Shielding,metal,1,12.303148489896632,3.4,3.4000000000000057,8.130000000000003,Schematic internal layout
PS5-1159,BoardStackPost3,PS5-1159 · Mainboard and EMI shield spacing post003,Shielding,metal,1,212.42271426329083,5.600000000000023,5.599999999999994,9.5,Schematic internal layout
PS5-1160,BoardStackScrew3,PS5-1160 · Cross-head fastener034,Shielding,metal,1,12.303148489896635,3.3999999999999773,3.4000000000000057,8.130000000000003,Schematic internal layout
PS5-1161,AntennaPCB0,PS5-1161 · Separate wireless antenna substrate study,Wireless,pcb,1,94.80865922014226,7.199999999999989,24.0,0.5499999999999972,Published approximate body envelope; photo-estimated local curves and details
PS5-1162,AntennaTrace0,PS5-1162 · Wireless printed radiator envelope study,Wireless,gold,1,4.875192918860135,5.800000000000011,21.0,0.0799999999999983,Schematic internal layout
PS5-1163,AntennaPCB1,PS5-1163 · Separate wireless antenna substrate study001,Wireless,pcb,1,94.80865922014225,7.199999999999989,24.0,0.5499999999999972,Published approximate body envelope; photo-estimated local curves and details
PS5-1164,AntennaTrace1,PS5-1164 · Wireless printed radiator envelope study001,Wireless,gold,1,4.875192918860135,5.800000000000011,21.0,0.0799999999999983,Schematic internal layout
PS5-1165,AntennaCoax0,PS5-1165 · Wireless antenna coaxial lead study,Wiring,black,1,59.816405053282864,294.4400002,54.54000019999999,21.049999999999997,Schematic internal layout
PS5-1166,AntennaCoax1,PS5-1166 · Wireless antenna coaxial lead study001,Wiring,black,1,10.840124357478002,44.44000019999996,11.307363263822467,21.264889470499526,Schematic internal layout
PS5-1167,UpperCoverHook0,PS5-1167 · Upper white-cover sliding hook study,Frame,ps5white,1,59.16801095877575,5.0,5.0,3.5,Schematic internal layout
PS5-1168,UpperCoverHook1,PS5-1168 · Upper white-cover sliding hook study001,Frame,ps5white,1,59.16801095877588,5.0,5.0,3.5,Schematic internal layout
PS5-1169,UpperCoverHook2,PS5-1169 · Upper white-cover sliding hook study002,Frame,ps5white,1,59.16801095877596,5.0,5.0,3.5,Schematic internal layout
PS5-1170,UpperCoverHook3,PS5-1170 · Upper white-cover sliding hook study003,Frame,ps5white,1,59.16801095877611,5.0,5.0,3.5,Schematic internal layout
PS5-1171,SenseBack,PS5-1171 · SenseBack018,Controller,ps5white,1,44259.44739665358,160.2564319697877,106.06104860917995,27.000000200407015,Published approximate body envelope; photo-estimated local curves and details
PS5-1172,SenseFront,PS5-1172 · SenseFront026,Controller,ps5white,1,20692.7260194109,160.00576559848915,106.00381977649906,18.70000020066199,Published approximate body envelope; photo-estimated local curves and details
PS5-1173,SenseTrim,PS5-1173 · Removable black central trim and upper stick cups005,Controller,black,1,12722.769797324197,142.0000002,68.00000020000004,20.700000800000005,Published approximate body envelope; photo-estimated local curves and details
PS5-1174,SenseDirection0,PS5-1174 · Translucent directional key,Controller,senseclear,1,293.42814029644643,6.200000000000003,8.0,6.0,Published approximate body envelope; photo-estimated local curves and details
PS5-1175,SenseDirection1,PS5-1175 · Translucent directional key001,Controller,senseclear,1,293.428140296447,8.0,6.2000000000000455,6.0,Published approximate body envelope; photo-estimated local curves and details
PS5-1176,SenseDirection2,PS5-1176 · Translucent directional key002,Controller,senseclear,1,293.42814029644643,6.200000000000003,8.0,6.0,Published approximate body envelope; photo-estimated local curves and details
PS5-1177,SenseDirection3,PS5-1177 · Translucent directional key003,Controller,senseclear,1,293.428140296447,8.0,6.2000000000000455,6.0,Published approximate body envelope; photo-estimated local curves and details
PS5-1178,SenseDirectionLinkX,PS5-1178 · Directional rocker horizontal link,Controller,white,1,64.30385837720213,23.0,4.0,0.7000000000000028,Schematic internal layout
PS5-1179,SenseDirectionLinkY,PS5-1179 · Directional rocker vertical link,Controller,white,1,64.30385837720215,4.0,23.0,0.7000000000000028,Schematic internal layout
PS5-1180,SenseButtonTriangle,PS5-1180 · Translucent Triangle face key,Controller,senseclear,1,472.02743779452,11.0,11.0,6.800000000000004,Published approximate body envelope; photo-estimated local curves and details
PS5-1181,SenseSymbolTriangle,PS5-1181 · Triangle face-button symbol,Controller,sensegrey,1,0.14522500000000466,5.599999999999994,5.099999999999994,0.025000000000005684,Published approximate body envelope; photo-estimated local curves and details
PS5-1182,SenseButtonCircle,PS5-1182 · Translucent Circle face key,Controller,senseclear,1,472.02743779452004,11.0,11.0,6.800000000000004,Published approximate body envelope; photo-estimated local curves and details
PS5-1183,SenseSymbolCircle,PS5-1183 · Circle face-button symbol,Controller,sensegrey,1,0.17592918860104656,6.0,6.0,0.02499999999999858,Published approximate body envelope; photo-estimated local curves and details
PS5-1184,SenseButtonCross,PS5-1184 · Translucent Cross face key,Controller,senseclear,1,472.0274377945201,11.0,11.0,6.800000000000004,Published approximate body envelope; photo-estimated local curves and details
PS5-1185,SenseSymbolCross,PS5-1185 · Cross face-button symbol,Controller,sensegrey,1,0.14243548667764427,5.197026688919408,5.197026688919436,0.02499999999999858,Published approximate body envelope; photo-estimated local curves and details
PS5-1186,SenseButtonSquare,PS5-1186 · Translucent Square face key,Controller,senseclear,1,472.02743779452004,11.0,11.0,6.800000000000004,Published approximate body envelope; photo-estimated local curves and details
PS5-1187,SenseSymbolSquare,PS5-1187 · Square face-button symbol,Controller,sensegrey,1,0.2078969911184514,5.599999999999994,5.600000000000023,0.02499999999999858,Published approximate body envelope; photo-estimated local curves and details
PS5-1188,SenseTouchLight,PS5-1188 · Blue light guide around the touch surface001,Controller,ps5blue,1,233.31338363526953,61.50000000000001,32.5,0.75,Published approximate body envelope; photo-estimated local curves and details
PS5-1189,SenseTouchpad,PS5-1189 · Large white capacitive touch surface,Controller,ps5white,1,4131.692276794705,60.3,31.30000000000004,2.200000000000003,Published approximate body envelope; photo-estimated local curves and details
PS5-1190,SenseTouchPCB,PS5-1190 · Native touch-sensing circuit board,Controller,pcb,1,1225.038715563702,57.5,28.5,0.75,Published approximate body envelope; photo-estimated local curves and details
PS5-1191,SenseCreate,PS5-1191 · Create slim key,Controller,ps5white,1,99.66932334555335,2.9000000000000057,8.100000000000023,4.5,Published approximate body envelope; photo-estimated local curves and details
PS5-1192,SenseOptions,PS5-1192 · Options slim key,Controller,ps5white,1,99.66932334555335,2.9000000000000057,8.100000000000023,4.5,Published approximate body envelope; photo-estimated local curves and details
PS5-1193,SensePS,PS5-1193 · PS system control,Controller,sensegrey,1,119.58976944093217,5.800000000000001,5.7999999999999545,3.6000000000000014,Published approximate body envelope; photo-estimated local curves and details
PS5-1194,SenseMute,PS5-1194 · Mute system control,Controller,white,1,70.48576944093242,8.0,2.5,3.6000000000000014,Published approximate body envelope; photo-estimated local curves and details
PS5-1195,SensePSMark,PS5-1195 · PS,Controller,black,2,0.04387942361872814,3.070310602684564,2.1438928174496823,0.01800020000000302,Published approximate body envelope; photo-estimated local curves and details
PS5-1196,SenseMuteLED,PS5-1196 · Mute indicator window,Controller,gold,1,0.20164159265359727,4.5,0.4500000000000455,0.10000000000000142,Published approximate body envelope; photo-estimated local curves and details
PS5-1197,SenseStickDome0,PS5-1197 · Analogue thumbstick dome and shaft002,Controller,black,1,3945.997059842378,24.400000000000002,24.399999999999977,26.35,Published approximate body envelope; photo-estimated local curves and details
PS5-1198,SenseStickCap0,PS5-1198 · Concave textured-rubber thumb cap study,Controller,sensegrip,1,1253.4179761635382,21.200000000000003,21.200000000000045,3.5999999999999943,Published approximate body envelope; photo-estimated local curves and details
PS5-1199,SenseStickDome1,PS5-1199 · Analogue thumbstick dome and shaft003,Controller,black,1,3945.997059842378,24.400000000000002,24.399999999999977,26.35,Published approximate body envelope; photo-estimated local curves and details
PS5-1200,SenseStickCap1,PS5-1200 · Concave textured-rubber thumb cap study001,Controller,sensegrip,1,1253.417976163538,21.200000000000003,21.200000000000045,3.5999999999999943,Published approximate body envelope; photo-estimated local curves and details
PS5-1201,SensePCB,PS5-1201 · Native original DualSense circuit-board layout study009,Controller,sensepcb,1,6079.125176894138,106.0,66.30000000000001,1.1000000000000014,Published approximate body envelope; photo-estimated local curves and details
PS5-1202,SenseMCU,PS5-1202 · MCU electronic package study,Controller,black,1,109.96223007675802,10.0,10.0,1.1000000000000014,Schematic internal layout
PS5-1203,SenseWireless,PS5-1203 · Wireless electronic package study,Controller,black,1,53.86223007675798,7.0,7.0,1.1000000000000014,Schematic internal layout
PS5-1204,SenseMotion,PS5-1204 · Motion electronic package study,Controller,black,1,27.462230076757958,5.0,5.0,1.1000000000000014,Schematic internal layout
PS5-1205,SenseAudio,PS5-1205 · Audio electronic package study,Controller,black,1,21.962230076757958,5.0,4.0,1.1000000000000014,Schematic internal layout
PS5-1206,SenseHapticDriver,PS5-1206 · HapticDriver electronic package study,Controller,black,1,27.462230076757958,5.0,5.0,1.1000000000000014,Schematic internal layout
PS5-1207,SenseTriggerDriver,PS5-1207 · TriggerDriver electronic package study,Controller,black,1,27.462230076757958,5.0,5.0,1.1000000000000014,Schematic internal layout
PS5-1208,SenseBypass0_0,PS5-1208 · Controller representative discrete,Controller,metal,1,0.7924365922014319,1.7000000000000028,0.8500000000000227,0.5500000000000007,Schematic internal layout
PS5-1209,SenseBypass0_1,PS5-1209 · Controller representative discrete001,Controller,metal,1,0.7924365922014319,1.7000000000000028,0.8500000000000227,0.5500000000000007,Schematic internal layout
PS5-1210,SenseBypass1_0,PS5-1210 · Controller representative discrete002,Controller,metal,1,0.7924365922014318,1.7000000000000028,0.8500000000000227,0.5500000000000007,Schematic internal layout
PS5-1211,SenseBypass1_1,PS5-1211 · Controller representative discrete003,Controller,metal,1,0.7924365922014318,1.7000000000000028,0.8500000000000227,0.5500000000000007,Schematic internal layout
PS5-1212,SenseBypass2_0,PS5-1212 · Controller representative discrete004,Controller,metal,1,0.7924365922014319,1.7000000000000028,0.8500000000000227,0.5500000000000007,Schematic internal layout
PS5-1213,SenseBypass2_1,PS5-1213 · Controller representative discrete005,Controller,metal,1,0.7924365922014319,1.7000000000000028,0.8500000000000227,0.5500000000000007,Schematic internal layout
PS5-1214,SenseBypass3_0,PS5-1214 · Controller representative discrete006,Controller,metal,1,0.7924365922014319,1.7000000000000028,0.8500000000000227,0.5500000000000007,Schematic internal layout
PS5-1215,SenseBypass3_1,PS5-1215 · Controller representative discrete007,Controller,metal,1,0.7924365922014319,1.7000000000000028,0.8500000000000227,0.5500000000000007,Schematic internal layout
PS5-1216,SenseBypass4_0,PS5-1216 · Controller representative discrete008,Controller,metal,1,0.7924365922014319,1.7000000000000028,0.8500000000000227,0.5500000000000007,Schematic internal layout
PS5-1217,SenseBypass4_1,PS5-1217 · Controller representative discrete009,Controller,metal,1,0.7924365922014319,1.7000000000000028,0.8500000000000227,0.5500000000000007,Schematic internal layout
PS5-1218,SenseBypass5_0,PS5-1218 · Controller representative discrete010,Controller,metal,1,0.7924365922014319,1.7000000000000028,0.8500000000000227,0.5500000000000007,Schematic internal layout
PS5-1219,SenseBypass5_1,PS5-1219 · Controller representative discrete011,Controller,metal,1,0.7924365922014319,1.7000000000000028,0.8500000000000227,0.5500000000000007,Schematic internal layout
PS5-1220,SenseBypass6_0,PS5-1220 · Controller representative discrete012,Controller,metal,1,0.7924365922014319,1.7000000000000028,0.8500000000000227,0.5500000000000007,Schematic internal layout
PS5-1221,SenseBypass6_1,PS5-1221 · Controller representative discrete013,Controller,metal,1,0.7924365922014319,1.7000000000000028,0.8500000000000227,0.5500000000000007,Schematic internal layout
PS5-1222,SenseBypass7_0,PS5-1222 · Controller representative discrete014,Controller,metal,1,0.7924365922014319,1.7000000000000028,0.8500000000000227,0.5500000000000007,Schematic internal layout
PS5-1223,SenseBypass7_1,PS5-1223 · Controller representative discrete015,Controller,metal,1,0.7924365922014319,1.7000000000000028,0.8500000000000227,0.5500000000000007,Schematic internal layout
PS5-1224,SenseCrystal,PS5-1224 · Controller oscillator package,Controller,metal,1,7.460530964914895,3.6000000000000005,2.6000000000000227,0.8000000000000007,Schematic internal layout
PS5-1225,SenseJoy0YPot,PS5-1225 · Cyan potentiometer housing001,Controller,potcyan,1,68.15372295893869,6.799999999999997,2.3000000000000114,6.399999999999999,Schematic internal layout
PS5-1226,SenseJoy0YPin2,PS5-1226 · Potentiometer board terminal005,Controller,metal,1,0.3895574890451299,0.3999999999999986,0.39999999999997726,3.1000000000000014,Schematic internal layout
PS5-1227,SenseJoy0YPin1,PS5-1227 · Potentiometer board terminal004,Controller,metal,1,0.3895574890451299,0.3999999999999986,0.39999999999997726,3.1000000000000014,Schematic internal layout
PS5-1228,SenseJoy0ClickSwitch,PS5-1228 · L3/R3 click switch body,Controller,black,1,13.384115008234623,3.0,3.0,1.5,Schematic internal layout
PS5-1229,SenseJoy0ClickPin0,PS5-1229 · Click-switch board terminal,Controller,metal,1,0.3958406743523096,0.4000000000000057,0.39999999999997726,3.1499999999999986,Schematic internal layout
PS5-1230,SenseJoy0ClickActuator,PS5-1230 · L3/R3 switch actuator,Controller,black,1,0.8042477193189848,1.5999999999999943,1.6000000000000227,0.3999999999999986,Schematic internal layout
PS5-1231,SenseJoy0XWiper,PS5-1231 · Potentiometer moving wiper study,Controller,metal,1,0.045392699081699905,0.05000000000000071,0.35000000000002274,2.6000000000000014,Schematic internal layout
PS5-1232,SenseJoy0ClickLever,PS5-1232 · Joystick click transfer lever,Controller,metal,1,1.4375277868423542,6.0,1.2000000000000455,0.1999999999999993,Schematic internal layout
PS5-1233,SenseJoy0XRotor,PS5-1233 · Potentiometer rotor disc,Controller,ctrlcream,1,3.2888548092268133,0.25,4.600000000000023,4.600000000000001,Schematic internal layout
PS5-1234,SenseJoy0XTrack,PS5-1234 · Potentiometer resistive track,Controller,black,1,0.2388788513973333,0.03500000000000014,4.5,4.5,Schematic internal layout
PS5-1235,SenseJoy0YTrack,PS5-1235 · Potentiometer resistive track001,Controller,black,1,0.23887885139741147,4.5,0.03500000000002501,4.5,Schematic internal layout
PS5-1236,SenseJoy0Base,PS5-1236 · Joystick insulating base001,Controller,black,1,355.32338020150763,16.00000000000533,16.000000000000284,1.4000000000000021,Schematic internal layout
PS5-1237,SenseJoy0YPin0,PS5-1237 · Potentiometer board terminal003,Controller,metal,1,0.3895574890451299,0.3999999999999986,0.39999999999997726,3.1000000000000014,Schematic internal layout
PS5-1238,SenseJoy0OuterGimbal,PS5-1238 · X-axis gimbal and potentiometer axle,Controller,ctrlcream,1,111.95263966678496,18.950000000000003,11.0,2.0,Schematic internal layout
PS5-1239,SenseJoy0XPin2,PS5-1239 · Potentiometer board terminal002,Controller,metal,1,0.3895574890451299,0.3999999999999986,0.39999999999997726,3.1000000000000014,Schematic internal layout
PS5-1240,SenseJoy0XPot,PS5-1240 · Cyan potentiometer housing,Controller,potcyan,1,67.20532457053,2.3000000000000007,6.7999999999999545,6.399999999999999,Schematic internal layout
PS5-1241,SenseJoy0XPin0,PS5-1241 · Potentiometer board terminal,Controller,metal,1,0.3895574890451299,0.3999999999999986,0.39999999999997726,3.1000000000000014,Schematic internal layout
PS5-1242,SenseJoy0ClickPin1,PS5-1242 · Click-switch board terminal001,Controller,metal,1,0.39584067435230946,0.3999999999999986,0.39999999999997726,3.1499999999999986,Schematic internal layout
PS5-1243,SenseJoy0InnerGimbal,PS5-1243 · Y-axis gimbal and potentiometer axle,Controller,ctrlcream,2,66.52528555551376,9.5,18.25,1.5000000000014957,Schematic internal layout
PS5-1244,SenseJoy0XPin1,PS5-1244 · Potentiometer board terminal001,Controller,metal,1,0.3895574890451299,0.3999999999999986,0.39999999999997726,3.1000000000000014,Schematic internal layout
PS5-1245,SenseJoy0YRotor,PS5-1245 · Potentiometer rotor disc001,Controller,ctrlcream,1,3.2888548092268133,4.600000000000001,0.25,4.600000000000001,Schematic internal layout
PS5-1246,SenseJoy0Shaft,"PS5-1246 · Joystick pivot ball, cross pin and cap shaft",Controller,metal,1,124.94340075018215,9.200000200000002,4.399999999999977,11.25,Schematic internal layout
PS5-1247,SenseJoy0Frame,"PS5-1247 · Stamped joystick cage, cap and board legs",Controller,metal,1,332.5511471693603,17.5,17.5,9.149999999999999,Schematic internal layout
PS5-1248,SenseJoy0ClickSpring,PS5-1248 · Joystick push-click return spring study,Controller,metal,1,1.0265164277205239,2.6400207688995643,2.6400270209549603,2.0392438813160787,Schematic internal layout
PS5-1249,SenseJoy0YWiper,PS5-1249 · Potentiometer moving wiper study001,Controller,metal,1,0.04539269908170223,0.3500000000000014,0.05000000000001137,2.6000000000000014,Schematic internal layout
PS5-1250,SenseJoy1XRotor,PS5-1250 · Potentiometer rotor disc002,Controller,ctrlcream,1,3.2888548092268133,0.25,4.600000000000023,4.600000000000001,Schematic internal layout
PS5-1251,SenseJoy1XWiper,PS5-1251 · Potentiometer moving wiper study002,Controller,metal,1,0.04539269908169884,0.04999999999999716,0.35000000000002274,2.6000000000000014,Schematic internal layout
PS5-1252,SenseJoy1ClickPin0,PS5-1252 · Click-switch board terminal002,Controller,metal,1,0.39584067435230946,0.3999999999999986,0.39999999999997726,3.1499999999999986,Schematic internal layout
PS5-1253,SenseJoy1YPin2,PS5-1253 · Potentiometer board terminal011,Controller,metal,1,0.3895574890451299,0.3999999999999986,0.39999999999997726,3.1000000000000014,Schematic internal layout
PS5-1254,SenseJoy1XPin2,PS5-1254 · Potentiometer board terminal008,Controller,metal,1,0.38955748904513005,0.4000000000000057,0.39999999999997726,3.1000000000000014,Schematic internal layout
PS5-1255,SenseJoy1XPin1,PS5-1255 · Potentiometer board terminal007,Controller,metal,1,0.38955748904513005,0.4000000000000057,0.39999999999997726,3.1000000000000014,Schematic internal layout
PS5-1256,SenseJoy1YWiper,PS5-1256 · Potentiometer moving wiper study003,Controller,metal,1,0.04539269908170223,0.3500000000000014,0.05000000000001137,2.6000000000000014,Schematic internal layout
PS5-1257,SenseJoy1YPin0,PS5-1257 · Potentiometer board terminal009,Controller,metal,1,0.3895574890451299,0.3999999999999986,0.39999999999997726,3.1000000000000014,Schematic internal layout
PS5-1258,SenseJoy1Shaft,"PS5-1258 · Joystick pivot ball, cross pin and cap shaft001",Controller,metal,1,124.94340075018215,9.200000199999998,4.399999999999977,11.25,Schematic internal layout
PS5-1259,SenseJoy1XTrack,PS5-1259 · Potentiometer resistive track002,Controller,black,1,0.23887885139734677,0.03499999999999659,4.5,4.5,Schematic internal layout
PS5-1260,SenseJoy1Base,PS5-1260 · Joystick insulating base003,Controller,black,1,355.32338020178787,16.00000000000533,16.000000000000284,1.4000000000000021,Schematic internal layout
PS5-1261,SenseJoy1ClickActuator,PS5-1261 · L3/R3 switch actuator001,Controller,black,1,0.8042477193189852,1.6000000000000014,1.6000000000000227,0.3999999999999986,Schematic internal layout
PS5-1262,SenseJoy1OuterGimbal,PS5-1262 · X-axis gimbal and potentiometer axle001,Controller,ctrlcream,1,111.9526396667794,18.950000000000003,11.0,2.000000000000103,Schematic internal layout
PS5-1263,SenseJoy1YPot,PS5-1263 · Cyan potentiometer housing003,Controller,potcyan,1,68.15372295893869,6.799999999999997,2.3000000000000114,6.399999999999999,Schematic internal layout
PS5-1264,SenseJoy1XPot,PS5-1264 · Cyan potentiometer housing002,Controller,potcyan,1,67.20532457052994,2.299999999999997,6.7999999999999545,6.399999999999999,Schematic internal layout
PS5-1265,SenseJoy1YRotor,PS5-1265 · Potentiometer rotor disc003,Controller,ctrlcream,1,3.2888548092268133,4.600000000000001,0.25,4.600000000000001,Schematic internal layout
PS5-1266,SenseJoy1Frame,"PS5-1266 · Stamped joystick cage, cap and board legs001",Controller,metal,1,332.5511471693601,17.5,17.5,9.149999999999999,Schematic internal layout
PS5-1267,SenseJoy1ClickPin1,PS5-1267 · Click-switch board terminal003,Controller,metal,1,0.39584067435230946,0.3999999999999986,0.39999999999997726,3.1499999999999986,Schematic internal layout
PS5-1268,SenseJoy1YPin1,PS5-1268 · Potentiometer board terminal010,Controller,metal,1,0.3895574890451299,0.3999999999999986,0.39999999999997726,3.1000000000000014,Schematic internal layout
PS5-1269,SenseJoy1XPin0,PS5-1269 · Potentiometer board terminal006,Controller,metal,1,0.38955748904513005,0.4000000000000057,0.39999999999997726,3.1000000000000014,Schematic internal layout
PS5-1270,SenseJoy1ClickSpring,PS5-1270 · Joystick push-click return spring study001,Controller,metal,1,1.0265164277205239,2.6400207688995643,2.6400270209549603,2.0392438813160787,Schematic internal layout
PS5-1271,SenseJoy1ClickSwitch,PS5-1271 · L3/R3 click switch body001,Controller,black,1,13.384115008234623,3.0,3.0,1.5,Schematic internal layout
PS5-1272,SenseJoy1ClickLever,PS5-1272 · Joystick click transfer lever001,Controller,metal,1,1.4375277868423544,6.0,1.2000000000000455,0.1999999999999993,Schematic internal layout
PS5-1273,SenseJoy1InnerGimbal,PS5-1273 · Y-axis gimbal and potentiometer axle001,Controller,ctrlcream,2,66.52528555551376,9.5,18.25,1.5000000000014957,Schematic internal layout
PS5-1274,SenseJoy1YTrack,PS5-1274 · Potentiometer resistive track003,Controller,black,1,0.23887885139741147,4.5,0.03500000000002501,4.5,Schematic internal layout
PS5-1275,SenseBoardGround0,PS5-1275 · Controller mounting ground annulus,Controller,gold,1,0.4382521751757781,4.0,4.0,0.05000000000000071,Schematic internal layout
PS5-1276,SenseBoardPost0,PS5-1276 · Controller mainboard spacing pillar,Controller,ctrlcream,1,68.61238355440129,4.0,4.0,6.5,Schematic internal layout
PS5-1277,SenseBoardScrew0,PS5-1277 · Cross-head fastener035,Controller,metal,1,9.459300946620676,3.0,3.0,6.329999999999998,Schematic internal layout
PS5-1278,SenseBoardGround1,PS5-1278 · Controller mounting ground annulus001,Controller,gold,1,0.43825217517577786,4.0,4.0,0.05000000000000071,Schematic internal layout
PS5-1279,SenseBoardPost1,PS5-1279 · Controller mainboard spacing pillar001,Controller,ctrlcream,1,68.61238355440129,4.0,4.0,6.5,Schematic internal layout
PS5-1280,SenseBoardScrew1,PS5-1280 · Cross-head fastener036,Controller,metal,1,9.459300946620678,3.0,3.0,6.329999999999998,Schematic internal layout
PS5-1281,SenseBoardGround2,PS5-1281 · Controller mounting ground annulus002,Controller,gold,1,0.43825217517577575,4.0,4.0,0.05000000000000071,Schematic internal layout
PS5-1282,SenseBoardPost2,PS5-1282 · Controller mainboard spacing pillar002,Controller,ctrlcream,1,68.61238355440102,4.0,4.0,6.5,Schematic internal layout
PS5-1283,SenseBoardScrew2,PS5-1283 · Cross-head fastener037,Controller,metal,1,9.459300946620656,3.0,3.0,6.329999999999998,Schematic internal layout
PS5-1284,SenseContactCarrier,PS5-1284 · Moulded button-film support carrier001,Controller,ctrlcream,1,4894.076860247167,136.37286190714593,43.68082741761228,1.600000800000032,Schematic internal layout
PS5-1285,SenseContactFilm,PS5-1285 · Flexible directional and action contact film001,Controller,senseflex,1,334.12720421173293,134.8837011406471,42.29922156273332,0.12000080730560114,Schematic internal layout
PS5-1286,SenseDirectionCarbon0,PS5-1286 · Moving carbon contact pill,Controller,black,1,1.5268140296446346,3.5999999999999943,3.6000000000000227,0.14999999999999858,Schematic internal layout
PS5-1287,SenseDirectionFixed0,PS5-1287 · Split fixed conductive film contact,Controller,black,2,0.9067927285780657,5.0,4.990991885387132,0.04999999999999716,Schematic internal layout
PS5-1288,SenseDirectionCarbon1,PS5-1288 · Moving carbon contact pill001,Controller,black,1,1.5268140296446306,3.5999999999999943,3.6000000000000227,0.14999999999999858,Schematic internal layout
PS5-1289,SenseDirectionFixed1,PS5-1289 · Split fixed conductive film contact001,Controller,black,2,0.906792728578063,5.0,4.990991885387075,0.04999999999999716,Schematic internal layout
PS5-1290,SenseDirectionCarbon2,PS5-1290 · Moving carbon contact pill002,Controller,black,1,1.5268140296446306,3.5999999999999943,3.6000000000000227,0.14999999999999858,Schematic internal layout
PS5-1291,SenseDirectionFixed2,PS5-1291 · Split fixed conductive film contact002,Controller,black,2,0.906792728578063,5.0,4.990991885387075,0.04999999999999716,Schematic internal layout
PS5-1292,SenseDirectionCarbon3,PS5-1292 · Moving carbon contact pill003,Controller,black,1,1.5268140296446306,3.5999999999999943,3.6000000000000227,0.14999999999999858,Schematic internal layout
PS5-1293,SenseDirectionFixed3,PS5-1293 · Split fixed conductive film contact003,Controller,black,2,0.9067927285780633,5.0,4.990991885387075,0.04999999999999716,Schematic internal layout
PS5-1294,SenseDirectionMembrane,PS5-1294 · Hollow silicone button-return domes,Controller,sensesilicone,1,580.1651408882883,33.50454391089277,31.882993643519427,4.400000099999993,Schematic internal layout
PS5-1295,SenseActionCarbon0,PS5-1295 · Moving carbon contact pill004,Controller,black,1,1.5268140296446346,3.5999999999999943,3.6000000000000227,0.14999999999999858,Schematic internal layout
PS5-1296,SenseActionFixed0,PS5-1296 · Split fixed conductive film contact004,Controller,black,2,0.9067927285780657,5.0,4.990991885387132,0.04999999999999716,Schematic internal layout
PS5-1297,SenseActionCarbon1,PS5-1297 · Moving carbon contact pill005,Controller,black,1,1.5268140296446306,3.5999999999999943,3.6000000000000227,0.14999999999999858,Schematic internal layout
PS5-1298,SenseActionFixed1,PS5-1298 · Split fixed conductive film contact005,Controller,black,2,0.906792728578063,5.0,4.990991885387075,0.04999999999999716,Schematic internal layout
PS5-1299,SenseActionCarbon2,PS5-1299 · Moving carbon contact pill006,Controller,black,1,1.5268140296446306,3.5999999999999943,3.6000000000000227,0.14999999999999858,Schematic internal layout
PS5-1300,SenseActionFixed2,PS5-1300 · Split fixed conductive film contact006,Controller,black,2,0.906792728578063,5.0,4.990991885387075,0.04999999999999716,Schematic internal layout
PS5-1301,SenseActionCarbon3,PS5-1301 · Moving carbon contact pill007,Controller,black,1,1.5268140296446306,3.5999999999999943,3.6000000000000227,0.14999999999999858,Schematic internal layout
PS5-1302,SenseActionFixed3,PS5-1302 · Split fixed conductive film contact007,Controller,black,2,0.9067927285780633,5.0,4.990991885387075,0.04999999999999716,Schematic internal layout
PS5-1303,SenseActionMembrane,PS5-1303 · Hollow silicone button-return domes001,Controller,sensesilicone,1,580.1651745349151,33.5045439155217,31.882993643519427,4.4000001,Schematic internal layout
PS5-1304,SenseSystemCarbon0,PS5-1304 · Moving carbon contact pill008,Controller,black,1,1.5268140296446306,3.6,3.6000000000000227,0.14999999999999858,Schematic internal layout
PS5-1305,SenseSystemFixed0,PS5-1305 · Split fixed conductive film contact008,Controller,black,2,0.9067927285780621,5.0,4.990991885387075,0.04999999999999716,Schematic internal layout
PS5-1306,SenseSystemMembrane,PS5-1306 · Hollow silicone button-return domes002,Controller,sensesilicone,1,58.78744250745874,8.6,8.600000000000023,4.3999999999999915,Schematic internal layout
PS5-1307,SenseCreateSwitch,PS5-1307 · Small controller tactile switch,Controller,black,1,26.13411500823462,3.5,5.0,1.5,Schematic internal layout
PS5-1308,SenseCreateActuator,PS5-1308 · Tactile switch independent actuator,Controller,ctrlcream,1,21.23758843888781,2.0999999999999943,3.0,3.3999999999999986,Schematic internal layout
PS5-1309,SenseOptionsSwitch,PS5-1309 · Small controller tactile switch001,Controller,black,1,26.13411500823462,3.5,5.0,1.5,Schematic internal layout
PS5-1310,SenseOptionsActuator,PS5-1310 · Tactile switch independent actuator001,Controller,ctrlcream,1,21.23758843888781,2.0999999999999943,3.0,3.3999999999999986,Schematic internal layout
PS5-1311,SenseMuteSwitch,PS5-1311 · Small controller tactile switch002,Controller,black,1,19.68411500823475,6.0,2.2000000000000455,1.5,Schematic internal layout
PS5-1312,SenseMuteActuator,PS5-1312 · Tactile switch independent actuator002,Controller,ctrlcream,1,15.974388438888003,3.5999999999999996,1.32000000000005,3.3999999999999986,Schematic internal layout
PS5-1313,SenseSpeakerBasket,PS5-1313 · Controller loudspeaker basket,Controller,metal,1,154.98177814163552,13.0,6.0,4.600000000000001,Schematic internal layout
PS5-1314,SenseSpeakerMagnet,PS5-1314 · Loudspeaker magnetic circuit,Controller,black,1,38.26393797973721,10.0,3.5,1.1000000000000014,Schematic internal layout
PS5-1315,SenseSpeakerDiaphragm,PS5-1315 · Thin loudspeaker diaphragm,Controller,black,1,3.7460318530717824,11.2,4.2000000000000455,0.0799999999999983,Schematic internal layout
PS5-1316,SenseLeftTriggerCarrier,PS5-1316 · Adaptive-trigger mechanism open carrier004,Controller,black,1,1480.432417392288,9.000000200000002,23.0,25.0,Schematic internal layout
PS5-1317,SenseLeftTrigger,PS5-1317 · Independent adaptive-trigger finger paddle002,Controller,black,1,625.5458364716543,17.000000200000002,9.000000099999994,12.000000100000003,Published approximate body envelope; photo-estimated local curves and details
PS5-1318,SenseLeftTriggerAxle,PS5-1318 · Trigger steel pivot axle,Controller,metal,1,43.12621315215379,19.0,1.6999999999999886,1.7000000000000028,Schematic internal layout
PS5-1319,SenseLeftPivotWasher0,PS5-1319 · Trigger pivot retaining washer,Controller,metal,1,1.9654589039021166,0.3500000000000014,3.3999999999999773,3.3999999999999986,Schematic internal layout
PS5-1320,SenseLeftPivotWasher1,PS5-1320 · Trigger pivot retaining washer001,Controller,metal,1,1.9654589039021166,0.3500000000000014,3.3999999999999773,3.3999999999999986,Schematic internal layout
PS5-1321,SenseLeftBumper,PS5-1321 · Independent L1/R1 shoulder button,Controller,black,1,864.6344193821217,18.0,7.0,7.000000000000007,Published approximate body envelope; photo-estimated local curves and details
PS5-1322,SenseLeftBumperStem,PS5-1322 · Shoulder button force-transfer stem,Controller,white,1,9.388194671058486,3.0,7.0,0.45000000000000284,Schematic internal layout
PS5-1323,SenseLeftBumperSwitch,PS5-1323 · Shoulder tactile switch body,Controller,black,1,33.76651320177642,5.0,4.0,1.6999999999999993,Schematic internal layout
PS5-1324,SenseLeftBumperActuator,PS5-1324 · Shoulder switch actuator,Controller,white,1,2.0048230016469213,2.5999999999999943,2.6000000000000227,0.29999999999999716,Schematic internal layout
PS5-1325,SenseRightTriggerCarrier,PS5-1325 · Adaptive-trigger mechanism open carrier007,Controller,black,1,1480.432417391972,9.000000200000002,23.0,25.0,Schematic internal layout
PS5-1326,SenseRightTrigger,PS5-1326 · Independent adaptive-trigger finger paddle003,Controller,black,1,625.5458364716542,17.000000200000002,9.000000099999994,12.000000100000003,Published approximate body envelope; photo-estimated local curves and details
PS5-1327,SenseRightTriggerAxle,PS5-1327 · Trigger steel pivot axle001,Controller,metal,1,43.12621315215379,19.0,1.6999999999999886,1.7000000000000028,Schematic internal layout
PS5-1328,SenseRightPivotWasher0,PS5-1328 · Trigger pivot retaining washer002,Controller,metal,1,1.9654589039021166,0.3500000000000014,3.3999999999999773,3.3999999999999986,Schematic internal layout
PS5-1329,SenseRightPivotWasher1,PS5-1329 · Trigger pivot retaining washer003,Controller,metal,1,1.9654589039021166,0.3500000000000014,3.3999999999999773,3.3999999999999986,Schematic internal layout
PS5-1330,SenseRightBumper,PS5-1330 · Independent L1/R1 shoulder button001,Controller,black,1,864.6344193821216,18.0,7.0,7.000000000000007,Published approximate body envelope; photo-estimated local curves and details
PS5-1331,SenseRightBumperStem,PS5-1331 · Shoulder button force-transfer stem001,Controller,white,1,9.388194671058486,3.0,7.0,0.45000000000000284,Schematic internal layout
PS5-1332,SenseRightBumperSwitch,PS5-1332 · Shoulder tactile switch body001,Controller,black,1,33.76651320177642,5.0,4.0,1.6999999999999993,Schematic internal layout
PS5-1333,SenseRightBumperActuator,PS5-1333 · Shoulder switch actuator001,Controller,white,1,2.0048230016469213,2.5999999999999943,2.6000000000000227,0.29999999999999716,Schematic internal layout
PS5-1334,SenseLeftReductionGear,PS5-1334 · Adaptive-trigger reduction gear study,Controller,white,1,260.3295489523237,2.0,13.552302885793296,13.55230288579326,Schematic internal layout
PS5-1335,SenseLeftGearAxle,PS5-1335 · Adaptive gear independent pivot,Controller,metal,1,20.42820622996758,9.0,1.6999999999999886,1.7000000000000028,Schematic internal layout
PS5-1336,SenseLeftWorm,PS5-1336 · Helical adaptive-trigger worm study,Controller,white,1,13.7840636259583,1.600007393745173,12.283789370977559,1.6000035272972344,Schematic internal layout
PS5-1337,SenseLeftMotorCan,PS5-1337 · Adaptive-trigger motor can,Controller,metal,1,68.00919776491202,7.0,8.199999999999989,7.0,Schematic internal layout
PS5-1338,SenseLeftMotorMagnet,PS5-1338 · Trigger motor permanent-magnet ring,Controller,black,1,48.38052686528286,5.900000000000006,7.0,5.899999999999999,Schematic internal layout
PS5-1339,SenseLeftMotorCoil,PS5-1339 · Trigger motor winding envelope,Controller,copper,1,18.78672406846698,4.799999999999997,6.5,4.799999999999999,Schematic internal layout
PS5-1340,SenseLeftMotorRotor,PS5-1340 · Trigger motor rotor core,Controller,metal,1,89.06415172927068,4.200000000000003,7.0,4.200000000000001,Schematic internal layout
PS5-1341,SenseLeftMotorShaft,PS5-1341 · Trigger motor output spindle,Controller,metal,1,8.906415172927062,0.9000000000000057,14.0,0.8999999999999986,Schematic internal layout
PS5-1342,SenseLeftMotorEnd0,PS5-1342 · Trigger motor end bearing cap,Controller,black,1,14.341370463637164,6.900000000000006,0.39999999999997726,6.899999999999999,Schematic internal layout
PS5-1343,SenseLeftMotorEnd1,PS5-1343 · Trigger motor end bearing cap001,Controller,black,1,14.341370463637164,6.900000000000006,0.39999999999997726,6.899999999999999,Schematic internal layout
PS5-1344,SenseLeftResistanceCam,PS5-1344 · Adaptive resistance cam study,Controller,black,1,59.10214386817132,1.2999999999999972,6.0,10.0,Schematic internal layout
PS5-1345,SenseLeftFeedbackArm,PS5-1345 · Trigger resistance follower arm study,Controller,white,1,7.511714586764427,1.2000000000000028,7.0,0.8999999999999986,Schematic internal layout
PS5-1346,SenseLeftReturnSpring,PS5-1346 · Trigger torsion-return spring study,Controller,metal,1,1.8679783923688305,1.6995789174608333,3.300008240012346,3.3000082558360333,Schematic internal layout
PS5-1347,SenseLeftSensorPCB,PS5-1347 · Adaptive trigger sensing PCB,Controller,sensepcb,1,186.0497787143785,0.7000000000000028,14.0,19.0,Schematic internal layout
PS5-1348,SenseLeftAngleSensor,PS5-1348 · Trigger angle sensor housing study,Controller,black,1,45.08578156983054,1.5,6.600000000000023,6.600000000000001,Schematic internal layout
PS5-1349,SenseLeftSensorRotor,PS5-1349 · Angle sensor internal rotor,Controller,white,1,3.1188161068512734,1.1000000000000014,1.8999999999999773,1.8999999999999986,Schematic internal layout
PS5-1350,SenseLeftSensorIC0,PS5-1350 · Trigger-board electronic package study,Controller,black,1,4.772530964914866,0.7999999999999972,3.0,2.0,Schematic internal layout
PS5-1351,SenseLeftSensorIC1,PS5-1351 · Trigger-board electronic package study001,Controller,black,1,4.772530964914868,0.7999999999999972,3.0,2.0,Schematic internal layout
PS5-1352,SenseLeftSensorIC2,PS5-1352 · Trigger-board electronic package study002,Controller,black,1,4.772530964914869,0.7999999999999972,3.0,2.0,Schematic internal layout
PS5-1353,SenseRightReductionGear,PS5-1353 · Adaptive-trigger reduction gear study001,Controller,white,1,260.3295489523237,2.0,13.552302885793296,13.55230288579326,Schematic internal layout
PS5-1354,SenseRightGearAxle,PS5-1354 · Adaptive gear independent pivot001,Controller,metal,1,20.42820622996758,9.0,1.6999999999999886,1.7000000000000028,Schematic internal layout
PS5-1355,SenseRightWorm,PS5-1355 · Helical adaptive-trigger worm study001,Controller,white,1,13.7840636259583,1.600007393745173,12.283789370977559,1.6000035272972344,Schematic internal layout
PS5-1356,SenseRightMotorCan,PS5-1356 · Adaptive-trigger motor can001,Controller,metal,1,68.00919776491199,7.0,8.199999999999989,7.0000000000000036,Schematic internal layout
PS5-1357,SenseRightMotorMagnet,PS5-1357 · Trigger motor permanent-magnet ring001,Controller,black,1,48.38052686528286,5.900000000000006,7.0,5.899999999999999,Schematic internal layout
PS5-1358,SenseRightMotorCoil,PS5-1358 · Trigger motor winding envelope001,Controller,copper,1,18.78672406846698,4.799999999999997,6.5,4.8000000000000025,Schematic internal layout
PS5-1359,SenseRightMotorRotor,PS5-1359 · Trigger motor rotor core001,Controller,metal,1,89.06415172927068,4.200000000000003,7.0,4.200000000000005,Schematic internal layout
PS5-1360,SenseRightMotorShaft,PS5-1360 · Trigger motor output spindle001,Controller,metal,1,8.906415172927062,0.9000000000000057,14.0,0.8999999999999986,Schematic internal layout
PS5-1361,SenseRightMotorEnd0,PS5-1361 · Trigger motor end bearing cap002,Controller,black,1,14.341370463637164,6.900000000000006,0.39999999999997726,6.899999999999999,Schematic internal layout
PS5-1362,SenseRightMotorEnd1,PS5-1362 · Trigger motor end bearing cap003,Controller,black,1,14.341370463637164,6.900000000000006,0.39999999999997726,6.899999999999999,Schematic internal layout
PS5-1363,SenseRightResistanceCam,PS5-1363 · Adaptive resistance cam study001,Controller,black,1,59.10214386817132,1.2999999999999972,6.0,10.0,Schematic internal layout
PS5-1364,SenseRightFeedbackArm,PS5-1364 · Trigger resistance follower arm study001,Controller,white,1,7.511714586764427,1.2000000000000028,7.0,0.8999999999999986,Schematic internal layout
PS5-1365,SenseRightReturnSpring,PS5-1365 · Trigger torsion-return spring study001,Controller,metal,1,1.8679783923688307,1.6995789174608333,3.300008240012346,3.3000082558360333,Schematic internal layout
PS5-1366,SenseRightSensorPCB,PS5-1366 · Adaptive trigger sensing PCB001,Controller,sensepcb,1,186.0497787143785,0.7000000000000028,14.0,19.0,Schematic internal layout
PS5-1367,SenseRightAngleSensor,PS5-1367 · Trigger angle sensor housing study001,Controller,black,1,45.08578156983054,1.5,6.600000000000023,6.600000000000001,Schematic internal layout
PS5-1368,SenseRightSensorRotor,PS5-1368 · Angle sensor internal rotor001,Controller,white,1,3.118816106851274,1.1000000000000014,1.8999999999999773,1.8999999999999986,Schematic internal layout
PS5-1369,SenseRightSensorIC0,PS5-1369 · Trigger-board electronic package study003,Controller,black,1,4.772530964914866,0.7999999999999972,3.0,2.0,Schematic internal layout
PS5-1370,SenseRightSensorIC1,PS5-1370 · Trigger-board electronic package study004,Controller,black,1,4.772530964914869,0.7999999999999972,3.0,2.0,Schematic internal layout
PS5-1371,SenseRightSensorIC2,PS5-1371 · Trigger-board electronic package study005,Controller,black,1,4.772530964914869,0.7999999999999972,3.0,2.0,Schematic internal layout
PS5-1372,SenseBatteryTray,PS5-1372 · Native rechargeable-cell support tray002,Controller,ctrlcream,1,3817.504864056945,52.0,34.000000000000114,13.2,Published approximate body envelope; photo-estimated local curves and details
PS5-1373,SenseBattery,PS5-1373 · 1500 mAh original battery envelope study,Controller,battery,1,15083.94689145077,48.0,30.0,10.5,Published approximate body envelope; photo-estimated local curves and details
PS5-1374,SenseBatteryMark,PS5-1374 · 1500 mAh STUDY,Controller,white,12,0.21514054376070027,22.337751677852346,1.9973156362416944,0.018000199999999467,Published approximate body envelope; photo-estimated local curves and details
PS5-1375,SenseBatteryStrap,PS5-1375 · Battery retaining strap study,Controller,black,1,57.96909733552917,5.0,29.0,0.3999999999999986,Schematic internal layout
PS5-1376,SenseBatterySocket,PS5-1376 · Controller battery connector body002,Controller,white,1,22.94600970232834,5.0,3.0,2.5,Schematic internal layout
PS5-1377,SenseBatteryContact0,PS5-1377 · Separate battery socket contact,Controller,gold,1,0.03738411500823448,0.25,1.0,0.14999999999999858,Schematic internal layout
PS5-1378,SenseBatteryLead0,PS5-1378 · Insulated rechargeable-cell lead,Controller,red,1,8.383624990386144,3.482529563097142,21.60000020000004,7.838081908387576,Schematic internal layout
PS5-1379,SenseBatteryContact1,PS5-1379 · Separate battery socket contact001,Controller,gold,1,0.03738411500823448,0.25,1.0,0.14999999999999858,Schematic internal layout
PS5-1380,SenseBatteryLead1,PS5-1380 · Insulated rechargeable-cell lead001,Controller,black,1,8.383624990386144,3.482529563097142,21.60000020000004,7.838081908387576,Schematic internal layout
PS5-1381,SenseLeftHapticCan,PS5-1381 · Voice-coil haptic actuator outer can,Controller,metal,1,383.92775500990047,19.068055934120522,25.944956812899022,17.683352386019443,Schematic internal layout
PS5-1382,SenseLeftHapticEnd0,PS5-1382 · Haptic actuator end plate,Controller,metal,1,70.51304710982393,13.098529591000904,4.608978614457726,13.27067451713411,Schematic internal layout
PS5-1383,SenseLeftHapticEnd1,PS5-1383 · Haptic actuator end plate001,Controller,metal,1,70.5130471098239,13.098529591000897,4.608978614457726,13.270674517134108,Schematic internal layout
PS5-1384,SenseLeftHapticMagnet,PS5-1384 · Haptic actuator magnetic circuit,Controller,black,1,1085.7344210806332,15.736537146591878,20.700405900063288,14.654254898883172,Schematic internal layout
PS5-1385,SenseLeftHapticCoil,PS5-1385 · Haptic voice-coil winding envelope,Controller,copper,1,245.04422698000408,10.0313651532133,14.525304237477712,9.228413692499712,Schematic internal layout
PS5-1386,SenseLeftHapticMass,PS5-1386 · Independent haptic moving mass study,Controller,metal,1,209.8332565185694,7.714405242587574,14.484298962286402,6.81517969489434,Schematic internal layout
PS5-1387,SenseLeftHapticSpring0,PS5-1387 · Haptic suspension diaphragm study,Controller,metal,1,11.128777816076076,11.454347130436481,3.753972885966107,11.62838753817089,Schematic internal layout
PS5-1388,SenseLeftHapticSpring1,PS5-1388 · Haptic suspension diaphragm study001,Controller,metal,1,11.128777816076088,11.454347130436481,3.753972885966107,11.628387538170886,Schematic internal layout
PS5-1389,SenseLeftHapticBand0,PS5-1389 · Haptic actuator damping band,Controller,rubber,1,18.86840547746266,14.485616702026874,5.835243920116511,14.613233942590423,Schematic internal layout
PS5-1390,SenseLeftHapticBand1,PS5-1390 · Haptic actuator damping band001,Controller,rubber,1,18.868405477462574,14.485616702026874,5.835243920116511,14.613233942590423,Schematic internal layout
PS5-1391,SenseRightHapticCan,PS5-1391 · Voice-coil haptic actuator outer can001,Controller,metal,1,383.92775500990047,19.068055934120522,25.944956812899022,17.683352386019443,Schematic internal layout
PS5-1392,SenseRightHapticEnd0,PS5-1392 · Haptic actuator end plate002,Controller,metal,1,70.51304710982393,13.098529591000904,4.608978614457726,13.27067451713411,Schematic internal layout
PS5-1393,SenseRightHapticEnd1,PS5-1393 · Haptic actuator end plate003,Controller,metal,1,70.51304710982389,13.098529591000897,4.608978614457726,13.270674517134108,Schematic internal layout
PS5-1394,SenseRightHapticMagnet,PS5-1394 · Haptic actuator magnetic circuit001,Controller,black,1,1085.7344210806332,15.736537146591878,20.700405900063288,14.654254898883172,Schematic internal layout
PS5-1395,SenseRightHapticCoil,PS5-1395 · Haptic voice-coil winding envelope001,Controller,copper,1,245.044226980004,10.0313651532133,14.525304237477712,9.228413692499712,Schematic internal layout
PS5-1396,SenseRightHapticMass,PS5-1396 · Independent haptic moving mass study001,Controller,metal,1,209.8332565185695,7.714405242587574,14.484298962286402,6.81517969489434,Schematic internal layout
PS5-1397,SenseRightHapticSpring0,PS5-1397 · Haptic suspension diaphragm study002,Controller,metal,1,11.128777816076099,11.454347130436481,3.753972885966107,11.62838753817089,Schematic internal layout
PS5-1398,SenseRightHapticSpring1,PS5-1398 · Haptic suspension diaphragm study003,Controller,metal,1,11.128777816076127,11.454347130436481,3.753972885966107,11.628387538170886,Schematic internal layout
PS5-1399,SenseRightHapticBand0,PS5-1399 · Haptic actuator damping band002,Controller,rubber,1,18.868405477462204,14.485616702026874,5.835243920116511,14.613233942590423,Schematic internal layout
PS5-1400,SenseRightHapticBand1,PS5-1400 · Haptic actuator damping band003,Controller,rubber,1,18.868405477462687,14.485616702026874,5.835243920116511,14.613233942590423,Schematic internal layout
PS5-1401,SenseUSBShield,PS5-1401 · Controller USB-C metal receptacle,Controller,metal,1,60.42920126165684,9.2,8.0,3.600000000000005,Published approximate body envelope; photo-estimated local curves and details
PS5-1402,SenseUSBCarrier,PS5-1402 · USB-C rear insulating carrier001,Controller,black,1,13.634805394818429,8.1,0.6999999999999886,2.6000000000000014,Schematic internal layout
PS5-1403,SenseUSBTongue,PS5-1403 · Controller reversible USB-C tongue,Controller,black,1,23.57739822368616,6.9,5.699999999999989,0.6000000000000014,Published approximate body envelope; photo-estimated local curves and details
PS5-1404,SenseUSBContact-1_0,PS5-1404 · Separate controller USB-C contact,Controller,gold,1,0.07293253096491444,0.2400000000000002,3.8000000000000114,0.0799999999999983,Schematic internal layout
PS5-1405,SenseUSBContact-1_1,PS5-1405 · Separate controller USB-C contact001,Controller,gold,1,0.07293253096491442,0.2400000000000002,3.8000000000000114,0.0799999999999983,Schematic internal layout
PS5-1406,SenseUSBContact-1_2,PS5-1406 · Separate controller USB-C contact002,Controller,gold,1,0.07293253096491442,0.2400000000000002,3.8000000000000114,0.0799999999999983,Schematic internal layout
PS5-1407,SenseUSBContact-1_3,PS5-1407 · Separate controller USB-C contact003,Controller,gold,1,0.07293253096491442,0.2400000000000002,3.8000000000000114,0.0799999999999983,Schematic internal layout
PS5-1408,SenseUSBContact-1_4,PS5-1408 · Separate controller USB-C contact004,Controller,gold,1,0.07293253096491441,0.24,3.8000000000000114,0.0799999999999983,Schematic internal layout
PS5-1409,SenseUSBContact-1_5,PS5-1409 · Separate controller USB-C contact005,Controller,gold,1,0.0729325309649144,0.24,3.8000000000000114,0.0799999999999983,Schematic internal layout
PS5-1410,SenseUSBContact-1_6,PS5-1410 · Separate controller USB-C contact006,Controller,gold,1,0.07293253096491441,0.24,3.8000000000000114,0.0799999999999983,Schematic internal layout
PS5-1411,SenseUSBContact-1_7,PS5-1411 · Separate controller USB-C contact007,Controller,gold,1,0.07293253096491441,0.24,3.8000000000000114,0.0799999999999983,Schematic internal layout
PS5-1412,SenseUSBContact-1_8,PS5-1412 · Separate controller USB-C contact008,Controller,gold,1,0.07293253096491442,0.2400000000000002,3.8000000000000114,0.0799999999999983,Schematic internal layout
PS5-1413,SenseUSBContact-1_9,PS5-1413 · Separate controller USB-C contact009,Controller,gold,1,0.07293253096491442,0.2400000000000002,3.8000000000000114,0.0799999999999983,Schematic internal layout
PS5-1414,SenseUSBContact-1_10,PS5-1414 · Separate controller USB-C contact010,Controller,gold,1,0.07293253096491442,0.2400000000000002,3.8000000000000114,0.0799999999999983,Schematic internal layout
PS5-1415,SenseUSBContact-1_11,PS5-1415 · Separate controller USB-C contact011,Controller,gold,1,0.07293253096491444,0.2400000000000002,3.8000000000000114,0.0799999999999983,Schematic internal layout
PS5-1416,SenseUSBContact1_0,PS5-1416 · Separate controller USB-C contact012,Controller,gold,1,0.07293253096491444,0.2400000000000002,3.8000000000000114,0.0799999999999983,Schematic internal layout
PS5-1417,SenseUSBContact1_1,PS5-1417 · Separate controller USB-C contact013,Controller,gold,1,0.07293253096491442,0.2400000000000002,3.8000000000000114,0.0799999999999983,Schematic internal layout
PS5-1418,SenseUSBContact1_2,PS5-1418 · Separate controller USB-C contact014,Controller,gold,1,0.07293253096491442,0.2400000000000002,3.8000000000000114,0.0799999999999983,Schematic internal layout
PS5-1419,SenseUSBContact1_3,PS5-1419 · Separate controller USB-C contact015,Controller,gold,1,0.07293253096491442,0.2400000000000002,3.8000000000000114,0.0799999999999983,Schematic internal layout
PS5-1420,SenseUSBContact1_4,PS5-1420 · Separate controller USB-C contact016,Controller,gold,1,0.07293253096491441,0.24,3.8000000000000114,0.0799999999999983,Schematic internal layout
PS5-1421,SenseUSBContact1_5,PS5-1421 · Separate controller USB-C contact017,Controller,gold,1,0.07293253096491441,0.24,3.8000000000000114,0.0799999999999983,Schematic internal layout
PS5-1422,SenseUSBContact1_6,PS5-1422 · Separate controller USB-C contact018,Controller,gold,1,0.07293253096491441,0.24,3.8000000000000114,0.0799999999999983,Schematic internal layout
PS5-1423,SenseUSBContact1_7,PS5-1423 · Separate controller USB-C contact019,Controller,gold,1,0.07293253096491441,0.24,3.8000000000000114,0.0799999999999983,Schematic internal layout
PS5-1424,SenseUSBContact1_8,PS5-1424 · Separate controller USB-C contact020,Controller,gold,1,0.07293253096491442,0.2400000000000002,3.8000000000000114,0.0799999999999983,Schematic internal layout
PS5-1425,SenseUSBContact1_9,PS5-1425 · Separate controller USB-C contact021,Controller,gold,1,0.07293253096491442,0.2400000000000002,3.8000000000000114,0.0799999999999983,Schematic internal layout
PS5-1426,SenseUSBContact1_10,PS5-1426 · Separate controller USB-C contact022,Controller,gold,1,0.07293253096491442,0.2400000000000002,3.8000000000000114,0.0799999999999983,Schematic internal layout
PS5-1427,SenseUSBContact1_11,PS5-1427 · Separate controller USB-C contact023,Controller,gold,1,0.07293253096491444,0.2400000000000002,3.8000000000000114,0.0799999999999983,Schematic internal layout
PS5-1428,SenseUSBPCB,PS5-1428 · Rear interface board envelope study,Controller,sensepcb,1,114.51327412287188,16.0,9.0,0.8000000000000007,Published approximate body envelope; photo-estimated local curves and details
PS5-1429,SenseUSBMount0,PS5-1429 · USB receptacle mounting foot,Controller,metal,1,2.0674630052642446,0.4499999999999993,2.2000000000000455,2.1000000000000014,Schematic internal layout
PS5-1430,SenseUSBMount1,PS5-1430 · USB receptacle mounting foot001,Controller,metal,1,2.0674630052642446,0.4499999999999993,2.2000000000000455,2.1000000000000014,Schematic internal layout
PS5-1431,SenseAudioJack,PS5-1431 · Controller four-pole headset socket,Controller,black,1,222.28666597247764,6.0,9.0,6.0,Schematic internal layout
PS5-1432,SenseAudioRim,PS5-1432 · Headset socket front rim,Controller,metal,1,11.533572029491442,5.2,1.1000000000000227,5.200000000000003,Published approximate body envelope; photo-estimated local curves and details
PS5-1433,SenseAudioContact0,PS5-1433 · Independent headset spring-contact tip,Controller,gold,1,0.09189158511750166,0.2999999999999998,1.3000000000000114,0.29999999999999716,Schematic internal layout
PS5-1434,SenseAudioContact1,PS5-1434 · Independent headset spring-contact tip001,Controller,gold,1,0.09189158511750167,0.2999999999999998,1.3000000000000114,0.29999999999999716,Schematic internal layout
PS5-1435,SenseAudioContact2,PS5-1435 · Independent headset spring-contact tip002,Controller,gold,1,0.09189158511750167,0.3,1.3000000000000114,0.29999999999999716,Schematic internal layout
PS5-1436,SenseAudioContact3,PS5-1436 · Independent headset spring-contact tip003,Controller,gold,1,0.09189158511750166,0.3,1.3000000000000114,0.29999999999999716,Schematic internal layout
PS5-1437,SenseChargeContact0,PS5-1437 · Bottom charging contact,Controller,gold,1,1.103539816339696,1.5,0.3000000000000682,2.5,Published approximate body envelope; photo-estimated local curves and details
PS5-1438,SenseChargeContact1,PS5-1438 · Bottom charging contact001,Controller,gold,1,1.103539816339696,1.5,0.3000000000000682,2.5,Published approximate body envelope; photo-estimated local curves and details
PS5-1439,SenseMicrophone0,PS5-1439 · Controller MEMS microphone study,Controller,metal,1,2.3793982236861555,2.0,2.0,0.6000000000000014,Schematic internal layout
PS5-1440,SenseMicrophone1,PS5-1440 · Controller MEMS microphone study001,Controller,metal,1,2.3793982236861537,2.0,2.0,0.6000000000000001,Schematic internal layout
PS5-1441,SenseTouchMainSocket,PS5-1441 · Separate controller harness socket,Controller,white,1,36.68425270987854,8.0,3.0,2.3999999999999986,Schematic internal layout
PS5-1442,SenseTouchMainSocketContact0,PS5-1442 · Independent controller socket contact,Controller,gold,1,0.029948495559215298,0.20000000000000018,1.0,0.14999999999999858,Schematic internal layout
PS5-1443,SenseTouchMainSocketContact1,PS5-1443 · Independent controller socket contact001,Controller,gold,1,0.029948495559215305,0.20000000000000018,1.0,0.14999999999999858,Schematic internal layout
PS5-1444,SenseTouchMainSocketContact2,PS5-1444 · Independent controller socket contact002,Controller,gold,1,0.029948495559215305,0.20000000000000018,1.0,0.14999999999999858,Schematic internal layout
PS5-1445,SenseTouchMainSocketContact3,PS5-1445 · Independent controller socket contact003,Controller,gold,1,0.029948495559215298,0.20000000000000007,1.0,0.14999999999999858,Schematic internal layout
PS5-1446,SenseTouchMainSocketContact4,PS5-1446 · Independent controller socket contact004,Controller,gold,1,0.029948495559215298,0.20000000000000007,1.0,0.14999999999999858,Schematic internal layout
PS5-1447,SenseTouchMainSocketContact5,PS5-1447 · Independent controller socket contact005,Controller,gold,1,0.029948495559215298,0.20000000000000018,1.0,0.14999999999999858,Schematic internal layout
PS5-1448,SenseTouchMainSocketContact6,PS5-1448 · Independent controller socket contact006,Controller,gold,1,0.029948495559215298,0.20000000000000018,1.0,0.14999999999999858,Schematic internal layout
PS5-1449,SenseTouchMainSocketContact7,PS5-1449 · Independent controller socket contact007,Controller,gold,1,0.029948495559215298,0.20000000000000018,1.0,0.14999999999999858,Schematic internal layout
PS5-1450,SenseFilmMainSocket,PS5-1450 · Separate controller harness socket001,Controller,white,1,32.544252709878556,7.0,3.0,2.3999999999999986,Schematic internal layout
PS5-1451,SenseFilmMainSocketContact0,PS5-1451 · Independent controller socket contact008,Controller,gold,1,0.02994849555921526,0.1999999999999993,1.0,0.14999999999999858,Schematic internal layout
PS5-1452,SenseFilmMainSocketContact1,PS5-1452 · Independent controller socket contact009,Controller,gold,1,0.029948495559215256,0.1999999999999993,1.0,0.14999999999999858,Schematic internal layout
PS5-1453,SenseFilmMainSocketContact2,PS5-1453 · Independent controller socket contact010,Controller,gold,1,0.029948495559215256,0.1999999999999993,1.0,0.14999999999999858,Schematic internal layout
PS5-1454,SenseFilmMainSocketContact3,PS5-1454 · Independent controller socket contact011,Controller,gold,1,0.02994849555921526,0.1999999999999993,1.0,0.14999999999999858,Schematic internal layout
PS5-1455,SenseFilmMainSocketContact4,PS5-1455 · Independent controller socket contact012,Controller,gold,1,0.029948495559215256,0.1999999999999993,1.0,0.14999999999999858,Schematic internal layout
PS5-1456,SenseFilmMainSocketContact5,PS5-1456 · Independent controller socket contact013,Controller,gold,1,0.029948495559215263,0.1999999999999993,1.0,0.14999999999999858,Schematic internal layout
PS5-1457,SenseTouchRibbon,PS5-1457 · Continuous controller touch flex study,Controller,white,1,28.612499999998413,6.0,12.139999999999986,21.205999999999996,Schematic internal layout
PS5-1458,SenseTouchEndSocket,PS5-1458 · Separate controller harness socket003,Controller,white,1,32.06038987681962,7.5,3.0,2.3999999999999986,Schematic internal layout
PS5-1459,SenseTouchEndSocketContact0,PS5-1459 · Independent controller socket contact014,Controller,gold,1,0.029948495559215305,0.20000000000000018,1.0,0.14999999999999858,Schematic internal layout
PS5-1460,SenseTouchEndSocketContact1,PS5-1460 · Independent controller socket contact015,Controller,gold,1,0.029948495559215305,0.20000000000000018,1.0,0.14999999999999858,Schematic internal layout
PS5-1461,SenseTouchEndSocketContact2,PS5-1461 · Independent controller socket contact016,Controller,gold,1,0.029948495559215294,0.20000000000000012,1.0,0.14999999999999858,Schematic internal layout
PS5-1462,SenseTouchEndSocketContact3,PS5-1462 · Independent controller socket contact017,Controller,gold,1,0.029948495559215294,0.20000000000000012,1.0,0.14999999999999858,Schematic internal layout
PS5-1463,SenseTouchEndSocketContact4,PS5-1463 · Independent controller socket contact018,Controller,gold,1,0.029948495559215298,0.20000000000000018,1.0,0.14999999999999858,Schematic internal layout
PS5-1464,SenseTouchEndSocketContact5,PS5-1464 · Independent controller socket contact019,Controller,gold,1,0.029948495559215305,0.20000000000000018,1.0,0.14999999999999858,Schematic internal layout
PS5-1465,SenseFilmRibbon,PS5-1465 · Continuous controller film flex study,Controller,white,1,11.14723198348302,4.800000000000001,6.090114351989655,12.217047839965481,Schematic internal layout
PS5-1466,SenseFilmEndSocket,PS5-1466 · Separate controller harness socket005,Controller,white,1,27.889054883491628,6.300000000000001,3.0,2.3999999999999986,Schematic internal layout
PS5-1467,SenseFilmEndSocketContact0,PS5-1467 · Independent controller socket contact020,Controller,gold,1,0.02994849555921524,0.1999999999999993,1.0,0.14999999999999858,Schematic internal layout
PS5-1468,SenseFilmEndSocketContact1,PS5-1468 · Independent controller socket contact021,Controller,gold,1,0.029948495559215235,0.1999999999999993,1.0,0.14999999999999858,Schematic internal layout
PS5-1469,SenseFilmEndSocketContact2,PS5-1469 · Independent controller socket contact022,Controller,gold,1,0.029948495559215235,0.1999999999999993,1.0,0.14999999999999858,Schematic internal layout
PS5-1470,SenseFilmEndSocketContact3,PS5-1470 · Independent controller socket contact023,Controller,gold,1,0.029948495559215235,0.1999999999999993,1.0,0.14999999999999858,Schematic internal layout
PS5-1471,SenseFilmEndSocketContact4,PS5-1471 · Independent controller socket contact024,Controller,gold,1,0.029948495559215235,0.1999999999999993,1.0,0.14999999999999858,Schematic internal layout
PS5-1472,SenseFilmEndSocketContact5,PS5-1472 · Independent controller socket contact025,Controller,gold,1,0.02994849555921524,0.1999999999999993,1.0,0.14999999999999858,Schematic internal layout
PS5-1473,SenseLeftTriggerSocket,PS5-1473 · Separate controller harness socket010,Controller,white,1,32.04025270987864,7.0,3.0,2.3999999999999986,Schematic internal layout
PS5-1474,SenseLeftTriggerSocketContact0,PS5-1474 · Independent controller socket contact026,Controller,gold,1,0.02994849555921542,0.20000000000000284,1.0,0.14999999999999858,Schematic internal layout
PS5-1475,SenseLeftTriggerSocketContact1,PS5-1475 · Independent controller socket contact027,Controller,gold,1,0.02994849555921542,0.20000000000000284,1.0,0.14999999999999858,Schematic internal layout
PS5-1476,SenseLeftTriggerSocketContact2,PS5-1476 · Independent controller socket contact028,Controller,gold,1,0.02994849555921542,0.20000000000000284,1.0,0.14999999999999858,Schematic internal layout
PS5-1477,SenseLeftTriggerSocketContact3,PS5-1477 · Independent controller socket contact029,Controller,gold,1,0.02994849555921542,0.20000000000000284,1.0,0.14999999999999858,Schematic internal layout
PS5-1478,SenseLeftTriggerSocketContact4,PS5-1478 · Independent controller socket contact030,Controller,gold,1,0.02994849555921542,0.20000000000000284,1.0,0.14999999999999858,Schematic internal layout
PS5-1479,SenseLeftTriggerSocketContact5,PS5-1479 · Independent controller socket contact031,Controller,gold,1,0.02994849555921542,0.20000000000000284,1.0,0.14999999999999858,Schematic internal layout
PS5-1480,SenseLeftTriggerRibbon,PS5-1480 · Adaptive-trigger signal flex study,Controller,white,1,13.577200000000026,5.57,4.0,11.920000000000002,Schematic internal layout
PS5-1481,SenseLeftHapticSocket,PS5-1481 · Separate controller harness socket007,Controller,white,1,24.26425270987868,5.0,3.0,2.3999999999999986,Schematic internal layout
PS5-1482,SenseLeftHapticSocketContact0,PS5-1482 · Independent controller socket contact032,Controller,gold,1,0.029948495559215412,0.20000000000000284,1.0,0.14999999999999858,Schematic internal layout
PS5-1483,SenseLeftHapticSocketContact1,PS5-1483 · Independent controller socket contact033,Controller,gold,1,0.029948495559215412,0.20000000000000284,1.0,0.14999999999999858,Schematic internal layout
PS5-1484,SenseLeftHapticLead0,PS5-1484 · Separate insulated haptic actuator lead,Controller,red,1,4.717608112260674,15.440000200000114,12.842820323541446,7.7700001000000185,Schematic internal layout
PS5-1485,SenseLeftHapticLead1,PS5-1485 · Separate insulated haptic actuator lead001,Controller,black,1,4.911800151494672,15.440000200000135,12.869365935101428,8.470000100000163,Schematic internal layout
PS5-1486,SenseRightTriggerSocket,PS5-1486 · Separate controller harness socket011,Controller,white,1,32.040252709878644,7.0,3.0,2.3999999999999986,Schematic internal layout
PS5-1487,SenseRightTriggerSocketContact0,PS5-1487 · Independent controller socket contact034,Controller,gold,1,0.02994849555921542,0.20000000000000284,1.0,0.14999999999999858,Schematic internal layout
PS5-1488,SenseRightTriggerSocketContact1,PS5-1488 · Independent controller socket contact035,Controller,gold,1,0.02994849555921542,0.20000000000000284,1.0,0.14999999999999858,Schematic internal layout
PS5-1489,SenseRightTriggerSocketContact2,PS5-1489 · Independent controller socket contact036,Controller,gold,1,0.02994849555921542,0.20000000000000284,1.0,0.14999999999999858,Schematic internal layout
PS5-1490,SenseRightTriggerSocketContact3,PS5-1490 · Independent controller socket contact037,Controller,gold,1,0.02994849555921542,0.20000000000000284,1.0,0.14999999999999858,Schematic internal layout
PS5-1491,SenseRightTriggerSocketContact4,PS5-1491 · Independent controller socket contact038,Controller,gold,1,0.02994849555921542,0.20000000000000284,1.0,0.14999999999999858,Schematic internal layout
PS5-1492,SenseRightTriggerSocketContact5,PS5-1492 · Independent controller socket contact039,Controller,gold,1,0.02994849555921542,0.20000000000000284,1.0,0.14999999999999858,Schematic internal layout
PS5-1493,SenseRightTriggerRibbon,PS5-1493 · Adaptive-trigger signal flex study001,Controller,white,1,23.097200000000257,21.64,4.0,11.920000000000002,Schematic internal layout
PS5-1494,SenseRightHapticSocket,PS5-1494 · Separate controller harness socket009,Controller,white,1,24.26425270987868,5.0,3.0,2.3999999999999986,Schematic internal layout
PS5-1495,SenseRightHapticSocketContact0,PS5-1495 · Independent controller socket contact040,Controller,gold,1,0.029948495559215412,0.20000000000000284,1.0,0.14999999999999858,Schematic internal layout
PS5-1496,SenseRightHapticSocketContact1,PS5-1496 · Independent controller socket contact041,Controller,gold,1,0.029948495559215412,0.20000000000000284,1.0,0.14999999999999858,Schematic internal layout
PS5-1497,SenseRightHapticLead0,PS5-1497 · Separate insulated haptic actuator lead002,Controller,red,1,4.737236878556219,15.44000020000012,12.854678202458103,7.770000100000139,Schematic internal layout
PS5-1498,SenseRightHapticLead1,PS5-1498 · Separate insulated haptic actuator lead003,Controller,black,1,4.886589379138787,15.440000200000128,12.857823532288023,8.470000099999993,Schematic internal layout
PS5-1499,SenseUSBBoardFlex,PS5-1499 · Rear interface board interconnect study,Controller,white,1,0.9809999999999921,2.5,2.5600000000000023,0.8599999999999994,Schematic internal layout
PS5-1500,SenseCasePost0,PS5-1500 · Controller case screw post,Controller,ctrlcream,1,77.61304650693602,4.400000000000006,4.399999999999977,6.0,Schematic internal layout
PS5-1501,SenseCaseScrew0,PS5-1501 · Cross-head fastener038,Controller,metal,1,10.195167474916069,3.3000000000000114,3.2999999999999545,6.529999999999999,Schematic internal layout
PS5-1502,SenseCasePost1,PS5-1502 · Controller case screw post001,Controller,ctrlcream,1,77.61304650693602,4.400000000000006,4.399999999999977,6.0,Schematic internal layout
PS5-1503,SenseCaseScrew1,PS5-1503 · Cross-head fastener039,Controller,metal,1,10.195167474916069,3.3000000000000114,3.2999999999999545,6.529999999999999,Schematic internal layout
PS5-1504,SenseCasePost2,PS5-1504 · Controller case screw post002,Controller,ctrlcream,1,77.61304650693589,4.400000000000006,4.399999999999977,6.0,Schematic internal layout
PS5-1505,SenseCaseScrew2,PS5-1505 · Cross-head fastener040,Controller,metal,1,10.195167474916046,3.299999999999997,3.3000000000000114,6.529999999999999,Schematic internal layout
PS5-1506,SenseCasePost3,PS5-1506 · Controller case screw post003,Controller,ctrlcream,1,77.61304650693589,4.400000000000006,4.399999999999977,6.0,Schematic internal layout
PS5-1507,SenseCaseScrew3,PS5-1507 · Cross-head fastener041,Controller,metal,1,10.195167474916046,3.299999999999997,3.3000000000000114,6.529999999999999,Schematic internal layout
PS5-1508,ACWallPlug,PS5-1508 · Two-flat-blade AC plug study,Accessories,black,1,4273.711230457619,23.0,17.0,11.0,Published approximate body envelope; photo-estimated local curves and details
PS5-1509,ACWallBlade0,PS5-1509 · Flat AC blade study,Accessories,metal,1,108.39269908169811,1.3999999999999773,6.199999999999989,12.500000000000002,Published approximate body envelope; photo-estimated local curves and details
PS5-1510,ACWallBlade1,PS5-1510 · Flat AC blade study001,Accessories,metal,1,108.39269908169811,1.3999999999999773,6.199999999999989,12.500000000000002,Published approximate body envelope; photo-estimated local curves and details
PS5-1511,ACCord,PS5-1511 · Mains cord display length,Accessories,black,1,1935.1652053436053,103.60000020000004,73.10000010000003,6.1000002,Published approximate body envelope; photo-estimated local curves and details
PS5-1512,ACDeviceGrip,PS5-1512 · Figure-eight connector grip,Accessories,black,1,2865.4929158456675,24.0,12.0,10.0,Published approximate body envelope; photo-estimated local curves and details
PS5-1513,ACDeviceHead,PS5-1513 · C7-style two-position connector study,Accessories,black,1,544.6713045458096,10.0,14.699999999999998,6.300000000000001,Published approximate body envelope; photo-estimated local curves and details
PS5-1514,ACDeviceContact0,PS5-1514 · Device mains socket contact study,Accessories,metal,1,5.317459725466076,6.0,2.299999999999999,2.3000000000000007,Published approximate body envelope; photo-estimated local curves and details
PS5-1515,ACDeviceContact1,PS5-1515 · Device mains socket contact study001,Accessories,metal,1,5.317459725466081,6.0,2.299999999999997,2.3000000000000007,Published approximate body envelope; photo-estimated local curves and details
PS5-1516,HDMICable,PS5-1516 · HDMI cable display length,Accessories,black,1,4443.952553734773,104.80000019999997,81.20000010000007,4.8000001999999995,Published approximate body envelope; photo-estimated local curves and details
PS5-1517,HDMIGrip0,PS5-1517 · HDMI connector overmould,Accessories,black,1,4765.66370614359,20.0,24.0,10.0,Published approximate body envelope; photo-estimated local curves and details
PS5-1518,HDMIRelief0,PS5-1518 · HDMI cable strain relief001,Accessories,black,1,24.268803248981143,5.399999999999977,6.0,5.3999999999999995,Published approximate body envelope; photo-estimated local curves and details
PS5-1519,HDMIHead0,PS5-1519 · HDMI Type A metal plug shell,Accessories,metal,1,192.24000000000018,14.0,9.0,5.000000000000002,Published approximate body envelope; photo-estimated local curves and details
PS5-1520,HDMIPlugTongue0,PS5-1520 · HDMI plug contact carrier,Accessories,black,1,45.75939822368612,10.899999999999977,7.0,0.5999999999999996,Published approximate body envelope; photo-estimated local curves and details
PS5-1521,HDMIPlugPin0_0_0,PS5-1521 · HDMI Type A plug contact,Accessories,gold,1,0.09595364600329295,0.3199999999999932,5.0,0.05999999999999961,Published approximate body envelope; photo-estimated local curves and details
PS5-1522,HDMIPlugPin0_0_1,PS5-1522 · HDMI Type A plug contact001,Accessories,gold,1,0.09595364600329298,0.3199999999999932,5.0,0.05999999999999961,Published approximate body envelope; photo-estimated local curves and details
PS5-1523,HDMIPlugPin0_0_2,PS5-1523 · HDMI Type A plug contact002,Accessories,gold,1,0.09595364600329297,0.3199999999999932,5.0,0.05999999999999961,Published approximate body envelope; photo-estimated local curves and details
PS5-1524,HDMIPlugPin0_0_3,PS5-1524 · HDMI Type A plug contact003,Accessories,gold,1,0.09595364600329298,0.3199999999999932,5.0,0.05999999999999961,Published approximate body envelope; photo-estimated local curves and details
PS5-1525,HDMIPlugPin0_0_4,PS5-1525 · HDMI Type A plug contact004,Accessories,gold,1,0.09595364600329298,0.3199999999999932,5.0,0.05999999999999961,Published approximate body envelope; photo-estimated local curves and details
PS5-1526,HDMIPlugPin0_0_5,PS5-1526 · HDMI Type A plug contact005,Accessories,gold,1,0.09595364600329297,0.3199999999999932,5.0,0.05999999999999961,Published approximate body envelope; photo-estimated local curves and details
PS5-1527,HDMIPlugPin0_0_6,PS5-1527 · HDMI Type A plug contact006,Accessories,gold,1,0.09595364600329301,0.3199999999999932,5.0,0.05999999999999961,Published approximate body envelope; photo-estimated local curves and details
PS5-1528,HDMIPlugPin0_0_7,PS5-1528 · HDMI Type A plug contact007,Accessories,gold,1,0.09595364600329297,0.3199999999999932,5.0,0.05999999999999961,Published approximate body envelope; photo-estimated local curves and details
PS5-1529,HDMIPlugPin0_0_8,PS5-1529 · HDMI Type A plug contact008,Accessories,gold,1,0.09595364600329298,0.3199999999999932,5.0,0.05999999999999961,Published approximate body envelope; photo-estimated local curves and details
PS5-1530,HDMIPlugPin0_0_9,PS5-1530 · HDMI Type A plug contact009,Accessories,gold,1,0.09595364600329298,0.3199999999999932,5.0,0.05999999999999961,Published approximate body envelope; photo-estimated local curves and details
PS5-1531,HDMIPlugPin0_1_0,PS5-1531 · HDMI Type A plug contact010,Accessories,gold,1,0.09595364600329297,0.3199999999999932,5.0,0.05999999999999961,Published approximate body envelope; photo-estimated local curves and details
PS5-1532,HDMIPlugPin0_1_1,PS5-1532 · HDMI Type A plug contact011,Accessories,gold,1,0.09595364600329297,0.3199999999999932,5.0,0.05999999999999961,Published approximate body envelope; photo-estimated local curves and details
PS5-1533,HDMIPlugPin0_1_2,PS5-1533 · HDMI Type A plug contact012,Accessories,gold,1,0.09595364600329298,0.3199999999999932,5.0,0.05999999999999961,Published approximate body envelope; photo-estimated local curves and details
PS5-1534,HDMIPlugPin0_1_3,PS5-1534 · HDMI Type A plug contact013,Accessories,gold,1,0.09595364600329298,0.3199999999999932,5.0,0.05999999999999961,Published approximate body envelope; photo-estimated local curves and details
PS5-1535,HDMIPlugPin0_1_4,PS5-1535 · HDMI Type A plug contact014,Accessories,gold,1,0.09595364600329298,0.3199999999999932,5.0,0.05999999999999961,Published approximate body envelope; photo-estimated local curves and details
PS5-1536,HDMIPlugPin0_1_5,PS5-1536 · HDMI Type A plug contact015,Accessories,gold,1,0.09595364600329295,0.3199999999999932,5.0,0.05999999999999961,Published approximate body envelope; photo-estimated local curves and details
PS5-1537,HDMIPlugPin0_1_6,PS5-1537 · HDMI Type A plug contact016,Accessories,gold,1,0.09595364600329298,0.3199999999999932,5.0,0.05999999999999961,Published approximate body envelope; photo-estimated local curves and details
PS5-1538,HDMIPlugPin0_1_7,PS5-1538 · HDMI Type A plug contact017,Accessories,gold,1,0.09595364600329295,0.3199999999999932,5.0,0.05999999999999961,Published approximate body envelope; photo-estimated local curves and details
PS5-1539,HDMIPlugPin0_1_8,PS5-1539 · HDMI Type A plug contact018,Accessories,gold,1,0.09595364600329295,0.3199999999999932,5.0,0.05999999999999961,Published approximate body envelope; photo-estimated local curves and details
PS5-1540,HDMIGrip1,PS5-1540 · HDMI connector overmould001,Accessories,black,1,4765.66370614359,20.0,24.0,10.0,Published approximate body envelope; photo-estimated local curves and details
PS5-1541,HDMIRelief1,PS5-1541 · HDMI cable strain relief003,Accessories,black,1,24.268803248981058,5.399999999999977,6.0,5.3999999999999995,Published approximate body envelope; photo-estimated local curves and details
PS5-1542,HDMIHead1,PS5-1542 · HDMI Type A metal plug shell001,Accessories,metal,1,192.24000000000055,14.0,9.0,5.000000000000002,Published approximate body envelope; photo-estimated local curves and details
PS5-1543,HDMIPlugTongue1,PS5-1543 · HDMI plug contact carrier001,Accessories,black,1,45.75939822368611,10.899999999999977,7.0,0.5999999999999996,Published approximate body envelope; photo-estimated local curves and details
PS5-1544,HDMIPlugPin1_0_0,PS5-1544 · HDMI Type A plug contact019,Accessories,gold,1,0.09595364600329859,0.32000000000005,5.0,0.05999999999999961,Published approximate body envelope; photo-estimated local curves and details
PS5-1545,HDMIPlugPin1_0_1,PS5-1545 · HDMI Type A plug contact020,Accessories,gold,1,0.0959536460032986,0.32000000000005,5.0,0.05999999999999961,Published approximate body envelope; photo-estimated local curves and details
PS5-1546,HDMIPlugPin1_0_2,PS5-1546 · HDMI Type A plug contact021,Accessories,gold,1,0.0959536460032986,0.32000000000005,5.0,0.05999999999999961,Published approximate body envelope; photo-estimated local curves and details
PS5-1547,HDMIPlugPin1_0_3,PS5-1547 · HDMI Type A plug contact022,Accessories,gold,1,0.09595364600329857,0.32000000000005,5.0,0.05999999999999961,Published approximate body envelope; photo-estimated local curves and details
PS5-1548,HDMIPlugPin1_0_4,PS5-1548 · HDMI Type A plug contact023,Accessories,gold,1,0.09595364600329859,0.32000000000005,5.0,0.05999999999999961,Published approximate body envelope; photo-estimated local curves and details
PS5-1549,HDMIPlugPin1_0_5,PS5-1549 · HDMI Type A plug contact024,Accessories,gold,1,0.0959536460032986,0.32000000000005,5.0,0.05999999999999961,Published approximate body envelope; photo-estimated local curves and details
PS5-1550,HDMIPlugPin1_0_6,PS5-1550 · HDMI Type A plug contact025,Accessories,gold,1,0.0959536460032986,0.32000000000005,5.0,0.05999999999999961,Published approximate body envelope; photo-estimated local curves and details
PS5-1551,HDMIPlugPin1_0_7,PS5-1551 · HDMI Type A plug contact026,Accessories,gold,1,0.09595364600329857,0.32000000000005,5.0,0.05999999999999961,Published approximate body envelope; photo-estimated local curves and details
PS5-1552,HDMIPlugPin1_0_8,PS5-1552 · HDMI Type A plug contact027,Accessories,gold,1,0.0959536460032986,0.32000000000005,5.0,0.05999999999999961,Published approximate body envelope; photo-estimated local curves and details
PS5-1553,HDMIPlugPin1_0_9,PS5-1553 · HDMI Type A plug contact028,Accessories,gold,1,0.09595364600329859,0.32000000000005,5.0,0.05999999999999961,Published approximate body envelope; photo-estimated local curves and details
PS5-1554,HDMIPlugPin1_1_0,PS5-1554 · HDMI Type A plug contact029,Accessories,gold,1,0.0959536460032986,0.32000000000005,5.0,0.05999999999999961,Published approximate body envelope; photo-estimated local curves and details
PS5-1555,HDMIPlugPin1_1_1,PS5-1555 · HDMI Type A plug contact030,Accessories,gold,1,0.09595364600329857,0.32000000000005,5.0,0.05999999999999961,Published approximate body envelope; photo-estimated local curves and details
PS5-1556,HDMIPlugPin1_1_2,PS5-1556 · HDMI Type A plug contact031,Accessories,gold,1,0.09595364600329859,0.32000000000005,5.0,0.05999999999999961,Published approximate body envelope; photo-estimated local curves and details
PS5-1557,HDMIPlugPin1_1_3,PS5-1557 · HDMI Type A plug contact032,Accessories,gold,1,0.09595364600329857,0.32000000000005,5.0,0.05999999999999961,Published approximate body envelope; photo-estimated local curves and details
PS5-1558,HDMIPlugPin1_1_4,PS5-1558 · HDMI Type A plug contact033,Accessories,gold,1,0.09595364600329859,0.32000000000005,5.0,0.05999999999999961,Published approximate body envelope; photo-estimated local curves and details
PS5-1559,HDMIPlugPin1_1_5,PS5-1559 · HDMI Type A plug contact034,Accessories,gold,1,0.09595364600329859,0.32000000000005,5.0,0.05999999999999961,Published approximate body envelope; photo-estimated local curves and details
PS5-1560,HDMIPlugPin1_1_6,PS5-1560 · HDMI Type A plug contact035,Accessories,gold,1,0.09595364600329859,0.32000000000005,5.0,0.05999999999999961,Published approximate body envelope; photo-estimated local curves and details
PS5-1561,HDMIPlugPin1_1_7,PS5-1561 · HDMI Type A plug contact036,Accessories,gold,1,0.09595364600329857,0.32000000000005,5.0,0.05999999999999961,Published approximate body envelope; photo-estimated local curves and details
PS5-1562,HDMIPlugPin1_1_8,PS5-1562 · HDMI Type A plug contact037,Accessories,gold,1,0.09595364600329857,0.32000000000005,5.0,0.05999999999999961,Published approximate body envelope; photo-estimated local curves and details
PS5-1563,USBChargeCable,PS5-1563 · Original USB-A to USB-C cable display length,Accessories,black,1,1446.169611044526,43.00000020000002,86.80000010000002,3.0000002000000006,Published approximate body envelope; photo-estimated local curves and details
PS5-1564,USBAPlugGrip,PS5-1564 · USB-A cable overmould,Accessories,black,1,4118.024771931898,18.0,23.0,10.0,Published approximate body envelope; photo-estimated local curves and details
PS5-1565,USBCPlugGrip,PS5-1565 · USB-C cable overmould,Accessories,black,1,1812.3943326765338,12.0,19.0,8.0,Published approximate body envelope; photo-estimated local curves and details
PS5-1566,USBChargeRelief0,PS5-1566 · Charging cable strain-relief sleeve,Accessories,black,1,22.76083877525794,3.8000000000000114,6.0,3.8000000000000007,Published approximate body envelope; photo-estimated local curves and details
PS5-1567,USBChargeRelief1,PS5-1567 · Charging cable strain-relief sleeve001,Accessories,black,1,22.76083877525828,3.7999999999999545,6.0,3.8000000000000007,Published approximate body envelope; photo-estimated local curves and details
PS5-1568,USBAPlugShield,PS5-1568 · USB-A cable plug metal shell,Accessories,metal,1,113.78469004940844,12.0,12.0,4.500000000000003,Published approximate body envelope; photo-estimated local curves and details
PS5-1569,USBAPlugStop,PS5-1569 · USB-A rear insulating stop,Accessories,black,1,23.102263254529113,10.800000000000011,0.6500000000000057,3.3,Schematic internal layout
PS5-1570,USBAPlugTongue,PS5-1570 · USB-A four-contact tongue,Accessories,black,1,64.38068583470573,9.199999999999989,7.0,1.0,Published approximate body envelope; photo-estimated local curves and details
PS5-1571,USBAPlugContact0,PS5-1571 · Separate USB-A plug contact,Accessories,gold,1,0.4247853981634008,0.8500000000000227,5.0,0.09999999999999964,Schematic internal layout
PS5-1572,USBAPlugContact1,PS5-1572 · Separate USB-A plug contact001,Accessories,gold,1,0.4247853981634008,0.8500000000000227,5.0,0.09999999999999964,Schematic internal layout
PS5-1573,USBAPlugContact2,PS5-1573 · Separate USB-A plug contact002,Accessories,gold,1,0.4247853981634008,0.8500000000000227,5.0,0.09999999999999964,Schematic internal layout
PS5-1574,USBAPlugContact3,PS5-1574 · Separate USB-A plug contact003,Accessories,gold,1,0.4247853981634008,0.8500000000000227,5.0,0.09999999999999964,Schematic internal layout
PS5-1575,USBCPlugShield,PS5-1575 · Reversible USB-C cable plug shell,Accessories,metal,1,39.054423602331056,8.299999999999955,7.0,2.5000000000000027,Published approximate body envelope; photo-estimated local curves and details
PS5-1576,USBCPlugStop,PS5-1576 · USB-C plug rear insulator,Accessories,black,1,6.881759882492114,7.2999999999999545,0.6500000000000057,1.5000000000000009,Schematic internal layout
PS5-1577,USBCPlugRailLower,PS5-1577 · USB-C plug insulating contact rail,Accessories,black,1,9.069424777960753,6.300000000000068,4.800000000000011,0.2999999999999998,Schematic internal layout
PS5-1578,USBCPlugContactLower0,PS5-1578 · Separate USB-C cable plug contact,Accessories,gold,1,0.06381253096491858,0.21000000000003638,3.8000000000000114,0.08000000000000007,Schematic internal layout
PS5-1579,USBCPlugContactLower1,PS5-1579 · Separate USB-C cable plug contact001,Accessories,gold,1,0.06381253096491858,0.21000000000003638,3.8000000000000114,0.08000000000000007,Schematic internal layout
PS5-1580,USBCPlugContactLower2,PS5-1580 · Separate USB-C cable plug contact002,Accessories,gold,1,0.06381253096491858,0.21000000000003638,3.8000000000000114,0.08000000000000007,Schematic internal layout
PS5-1581,USBCPlugContactLower3,PS5-1581 · Separate USB-C cable plug contact003,Accessories,gold,1,0.06381253096491858,0.21000000000003638,3.8000000000000114,0.08000000000000007,Schematic internal layout
PS5-1582,USBCPlugContactLower4,PS5-1582 · Separate USB-C cable plug contact004,Accessories,gold,1,0.06381253096491858,0.21000000000003638,3.8000000000000114,0.08000000000000007,Schematic internal layout
PS5-1583,USBCPlugContactLower5,PS5-1583 · Separate USB-C cable plug contact005,Accessories,gold,1,0.06381253096491858,0.21000000000003638,3.8000000000000114,0.08000000000000007,Schematic internal layout
PS5-1584,USBCPlugContactLower6,PS5-1584 · Separate USB-C cable plug contact006,Accessories,gold,1,0.06381253096491858,0.21000000000003638,3.8000000000000114,0.08000000000000007,Schematic internal layout
PS5-1585,USBCPlugContactLower7,PS5-1585 · Separate USB-C cable plug contact007,Accessories,gold,1,0.06381253096491858,0.21000000000003638,3.8000000000000114,0.08000000000000007,Schematic internal layout
PS5-1586,USBCPlugContactLower8,PS5-1586 · Separate USB-C cable plug contact008,Accessories,gold,1,0.06381253096491858,0.21000000000003638,3.8000000000000114,0.08000000000000007,Schematic internal layout
PS5-1587,USBCPlugContactLower9,PS5-1587 · Separate USB-C cable plug contact009,Accessories,gold,1,0.06381253096491858,0.21000000000003638,3.8000000000000114,0.08000000000000007,Schematic internal layout
PS5-1588,USBCPlugContactLower10,PS5-1588 · Separate USB-C cable plug contact010,Accessories,gold,1,0.06381253096491858,0.21000000000003638,3.8000000000000114,0.08000000000000007,Schematic internal layout
PS5-1589,USBCPlugContactLower11,PS5-1589 · Separate USB-C cable plug contact011,Accessories,gold,1,0.06381253096491858,0.21000000000003638,3.8000000000000114,0.08000000000000007,Schematic internal layout
PS5-1590,USBCPlugRailUpper,PS5-1590 · USB-C plug insulating contact rail001,Accessories,black,1,9.069424777960753,6.300000000000068,4.800000000000011,0.2999999999999998,Schematic internal layout
PS5-1591,USBCPlugContactUpper0,PS5-1591 · Separate USB-C cable plug contact012,Accessories,gold,1,0.06381253096491858,0.21000000000003638,3.8000000000000114,0.08000000000000007,Schematic internal layout
PS5-1592,USBCPlugContactUpper1,PS5-1592 · Separate USB-C cable plug contact013,Accessories,gold,1,0.06381253096491858,0.21000000000003638,3.8000000000000114,0.08000000000000007,Schematic internal layout
PS5-1593,USBCPlugContactUpper2,PS5-1593 · Separate USB-C cable plug contact014,Accessories,gold,1,0.06381253096491858,0.21000000000003638,3.8000000000000114,0.08000000000000007,Schematic internal layout
PS5-1594,USBCPlugContactUpper3,PS5-1594 · Separate USB-C cable plug contact015,Accessories,gold,1,0.06381253096491858,0.21000000000003638,3.8000000000000114,0.08000000000000007,Schematic internal layout
PS5-1595,USBCPlugContactUpper4,PS5-1595 · Separate USB-C cable plug contact016,Accessories,gold,1,0.06381253096491858,0.21000000000003638,3.8000000000000114,0.08000000000000007,Schematic internal layout
PS5-1596,USBCPlugContactUpper5,PS5-1596 · Separate USB-C cable plug contact017,Accessories,gold,1,0.06381253096491858,0.21000000000003638,3.8000000000000114,0.08000000000000007,Schematic internal layout
PS5-1597,USBCPlugContactUpper6,PS5-1597 · Separate USB-C cable plug contact018,Accessories,gold,1,0.06381253096491858,0.21000000000003638,3.8000000000000114,0.08000000000000007,Schematic internal layout
PS5-1598,USBCPlugContactUpper7,PS5-1598 · Separate USB-C cable plug contact019,Accessories,gold,1,0.06381253096491858,0.21000000000003638,3.8000000000000114,0.08000000000000007,Schematic internal layout
PS5-1599,USBCPlugContactUpper8,PS5-1599 · Separate USB-C cable plug contact020,Accessories,gold,1,0.06381253096491858,0.21000000000003638,3.8000000000000114,0.08000000000000007,Schematic internal layout
PS5-1600,USBCPlugContactUpper9,PS5-1600 · Separate USB-C cable plug contact021,Accessories,gold,1,0.06381253096491858,0.21000000000003638,3.8000000000000114,0.08000000000000007,Schematic internal layout
PS5-1601,USBCPlugContactUpper10,PS5-1601 · Separate USB-C cable plug contact022,Accessories,gold,1,0.06381253096491858,0.21000000000003638,3.8000000000000114,0.08000000000000007,Schematic internal layout
PS5-1602,USBCPlugContactUpper11,PS5-1602 · Separate USB-C cable plug contact023,Accessories,gold,1,0.06381253096491858,0.21000000000003638,3.8000000000000114,0.08000000000000007,Schematic internal layout
PS5-1603,SenseUSBTailLower0,PS5-1603 · Separate formed USB-C board terminal,Controller,gold,1,0.1771560000000034,0.18000000000000016,3.700000000000017,3.669999999999998,Schematic internal layout
PS5-1604,SenseUSBTailLower1,PS5-1604 · Separate formed USB-C board terminal001,Controller,gold,1,0.17715600000000342,0.18000000000000016,3.700000000000017,3.669999999999998,Schematic internal layout
PS5-1605,SenseUSBTailLower2,PS5-1605 · Separate formed USB-C board terminal002,Controller,gold,1,0.1771560000000032,0.17999999999999994,3.700000000000017,3.669999999999998,Schematic internal layout
PS5-1606,SenseUSBTailLower3,PS5-1606 · Separate formed USB-C board terminal003,Controller,gold,1,0.17715600000000306,0.17999999999999994,3.700000000000017,3.669999999999998,Schematic internal layout
PS5-1607,SenseUSBTailLower4,PS5-1607 · Separate formed USB-C board terminal004,Controller,gold,1,0.1771560000000032,0.18000000000000005,3.700000000000017,3.669999999999998,Schematic internal layout
PS5-1608,SenseUSBTailLower5,PS5-1608 · Separate formed USB-C board terminal005,Controller,gold,1,0.17715600000000317,0.18,3.700000000000017,3.669999999999998,Schematic internal layout
PS5-1609,SenseUSBTailLower6,PS5-1609 · Separate formed USB-C board terminal006,Controller,gold,1,0.17715600000000298,0.17999999999999997,3.700000000000017,3.669999999999998,Schematic internal layout
PS5-1610,SenseUSBTailLower7,PS5-1610 · Separate formed USB-C board terminal007,Controller,gold,1,0.17715600000000306,0.18000000000000005,3.700000000000017,3.669999999999998,Schematic internal layout
PS5-1611,SenseUSBTailLower8,PS5-1611 · Separate formed USB-C board terminal008,Controller,gold,1,0.17715600000000314,0.17999999999999994,3.700000000000017,3.669999999999998,Schematic internal layout
PS5-1612,SenseUSBTailLower9,PS5-1612 · Separate formed USB-C board terminal009,Controller,gold,1,0.1771560000000032,0.17999999999999994,3.700000000000017,3.669999999999998,Schematic internal layout
PS5-1613,SenseUSBTailLower10,PS5-1613 · Separate formed USB-C board terminal010,Controller,gold,1,0.1771560000000032,0.18000000000000016,3.700000000000017,3.669999999999998,Schematic internal layout
PS5-1614,SenseUSBTailLower11,PS5-1614 · Separate formed USB-C board terminal011,Controller,gold,1,0.1771560000000036,0.18000000000000016,3.700000000000017,3.669999999999998,Schematic internal layout
PS5-1615,SenseUSBTailUpper0,PS5-1615 · Separate formed USB-C board terminal012,Controller,gold,1,0.2145959999999963,0.18000000000000016,4.499999999999972,4.469999999999999,Schematic internal layout
PS5-1616,SenseUSBTailUpper1,PS5-1616 · Separate formed USB-C board terminal013,Controller,gold,1,0.21459599999999673,0.18000000000000016,4.499999999999972,4.469999999999999,Schematic internal layout
PS5-1617,SenseUSBTailUpper2,PS5-1617 · Separate formed USB-C board terminal014,Controller,gold,1,0.21459599999999612,0.17999999999999994,4.499999999999972,4.469999999999999,Schematic internal layout
PS5-1618,SenseUSBTailUpper3,PS5-1618 · Separate formed USB-C board terminal015,Controller,gold,1,0.21459599999999643,0.17999999999999994,4.499999999999972,4.469999999999999,Schematic internal layout
PS5-1619,SenseUSBTailUpper4,PS5-1619 · Separate formed USB-C board terminal016,Controller,gold,1,0.21459599999999618,0.18000000000000005,4.499999999999972,4.469999999999999,Schematic internal layout
PS5-1620,SenseUSBTailUpper5,PS5-1620 · Separate formed USB-C board terminal017,Controller,gold,1,0.21459599999999657,0.18,4.499999999999972,4.469999999999999,Schematic internal layout
PS5-1621,SenseUSBTailUpper6,PS5-1621 · Separate formed USB-C board terminal018,Controller,gold,1,0.21459599999999635,0.17999999999999997,4.499999999999972,4.469999999999999,Schematic internal layout
PS5-1622,SenseUSBTailUpper7,PS5-1622 · Separate formed USB-C board terminal019,Controller,gold,1,0.21459599999999618,0.18000000000000005,4.499999999999972,4.469999999999999,Schematic internal layout
PS5-1623,SenseUSBTailUpper8,PS5-1623 · Separate formed USB-C board terminal020,Controller,gold,1,0.21459599999999654,0.17999999999999994,4.499999999999972,4.469999999999999,Schematic internal layout
PS5-1624,SenseUSBTailUpper9,PS5-1624 · Separate formed USB-C board terminal021,Controller,gold,1,0.21459599999999662,0.17999999999999994,4.499999999999972,4.469999999999999,Schematic internal layout
PS5-1625,SenseUSBTailUpper10,PS5-1625 · Separate formed USB-C board terminal022,Controller,gold,1,0.2145959999999964,0.18000000000000016,4.499999999999972,4.469999999999999,Schematic internal layout
PS5-1626,SenseUSBTailUpper11,PS5-1626 · Separate formed USB-C board terminal023,Controller,gold,1,0.21459599999999684,0.18000000000000016,4.499999999999972,4.469999999999999,Schematic internal layout
PS5-1627,SenseTouchClickSwitch,PS5-1627 · Touchpad tactile-click switch,Controller,black,1,23.862654824574367,6.0,4.0,1.0,Schematic internal layout
PS5-1628,SenseTouchClickActuator,PS5-1628 · Touchpad click actuator,Controller,white,1,1.0053096491487334,1.6,1.6000000000000227,0.5,Schematic internal layout
PS5-1629,SenseTouchLED0,PS5-1629 · Touchpad edge-light emitter study,Controller,ps5blue,1,0.7957079632679479,0.8000000000000043,2.0,0.5,Schematic internal layout
PS5-1630,SenseTouchLED1,PS5-1630 · Touchpad edge-light emitter study001,Controller,ps5blue,1,0.7957079632679479,0.8000000000000043,2.0,0.5,Schematic internal layout
PS5-1631,SenseSpeakerSocket,PS5-1631 · Controller speaker wire socket001,Controller,white,1,19.427217779128803,4.0,3.0000001000000225,2.4000000999999997,Schematic internal layout
PS5-1632,SenseSpeakerContact0,PS5-1632 · Independent speaker socket contact,Controller,gold,1,0.029948495559215277,0.20000000000000018,1.0,0.14999999999999858,Schematic internal layout
PS5-1633,SenseSpeakerLead0,PS5-1633 · Separate insulated loudspeaker lead,Controller,red,1,2.111459504556596,0.3600001999999999,4.726379377100898,17.41921638244593,Schematic internal layout
PS5-1634,SenseSpeakerContact1,PS5-1634 · Independent speaker socket contact001,Controller,gold,1,0.029948495559215277,0.20000000000000018,1.0,0.14999999999999858,Schematic internal layout
PS5-1635,SenseSpeakerLead1,PS5-1635 · Separate insulated loudspeaker lead001,Controller,black,1,2.111459504556594,0.3600001999999999,4.726379377100898,17.41921638244593,Schematic internal layout
