Part number,Part ID,Label,Assembly,Material/display role,Solid count,Volume estimate mm3,X mm,Y mm,Z mm,Fidelity
SW-0001,DisplayGlass,SW-0001 · 触控显示窗口,Display,screen,1,6888.007223645013,137.255715586374,77.20634001733538,0.6500000000000004,Approximate exterior detail; published envelope dimensions
SW-0002,LCDModule,SW-0002 · 6.2 英寸 LCD 模组,Display,black,1,20176.683448923435,143.0,83.0,1.6999999999999993,Schematic internal layout
SW-0003,SpeakerMesh-1_0,SW-0003 · 前扬声器防尘网,Tablet,black,1,1.7123097335529212,9.5,1.0999999999999943,0.17999999999999972,Approximate exterior detail; published envelope dimensions
SW-0004,SpeakerMesh-1_1,SW-0004 · 前扬声器防尘网,Tablet,black,1,1.7123097335529214,9.5,1.0999999999999943,0.17999999999999972,Approximate exterior detail; published envelope dimensions
SW-0005,SpeakerMesh1_0,SW-0005 · 前扬声器防尘网,Tablet,black,1,1.7123097335529214,9.5,1.0999999999999943,0.17999999999999972,Approximate exterior detail; published envelope dimensions
SW-0006,SpeakerMesh1_1,SW-0006 · 前扬声器防尘网,Tablet,black,1,1.7123097335529214,9.5,1.0999999999999943,0.17999999999999972,Approximate exterior detail; published envelope dimensions
SW-0007,FrontBezel,SW-0007 · 前面板黑色边框,Tablet,bezel,1,4718.43576001776,172.8,100.8,0.6999999999999993,Approximate exterior detail; published envelope dimensions
SW-0008,AmbientSensorWindow,SW-0008 · 环境亮度感应窗,Tablet,screen,1,1.0714590240627206,1.460000000000008,1.4600000000000009,0.6400000000000006,Approximate exterior detail; published envelope dimensions
SW-0009,PowerButton,SW-0009 · 电源按键,Tablet,black,1,36.94512960621596,5.599999999999994,1.5,5.599999999999999,Approximate exterior detail; published envelope dimensions
SW-0010,VolumeRocker,SW-0010 · 音量摇杆按键,Tablet,black,1,104.36146921319751,15.400000000000006,1.5,4.800000000000001,Approximate exterior detail; published envelope dimensions
SW-0011,PowerSymbolRing,SW-0011 · 电源符号圆环,Tablet,white,1,0.05599238127749701,2.6999999999999886,0.02499999999999858,2.660295768137864,Approximate exterior detail; published envelope dimensions
SW-0012,PowerSymbolLine,SW-0012 · 电源符号短线,Tablet,white,1,0.01329097335529212,0.3400000000000034,0.02499999999999858,1.6000000000000005,Approximate exterior detail; published envelope dimensions
SW-0013,VolumeSymbol63_4,SW-0013 · -,Tablet,white,1,0.0021961803972794223,0.7800125838926135,0.012000000000000455,0.2346308724832209,Approximate exterior detail; published envelope dimensions
SW-0014,VolumeSymbol54_6,SW-0014 · +,Tablet,white,1,0.010218104049367247,1.8552432885906072,0.012000000000000455,1.8646979865771804,Approximate exterior detail; published envelope dimensions
SW-0015,HeadphoneRim,SW-0015 · 3.5 mm 耳机插座环,Tablet,black,1,48.5122224293213,4.799999999999997,5.799999999999997,4.799999999999999,Approximate exterior detail; published envelope dimensions
SW-0016,HeadphoneContact,SW-0016 · 耳机插座内金属接点,Tablet,gold,1,2.002576821104263,3.480000000000004,1.2000000000000028,3.4799999999999995,Approximate exterior detail; published envelope dimensions
SW-0017,GameCardLid,SW-0017 · GAME CARD 橡胶防尘盖,Tablet,rubber,1,199.97254312671112,26.099999999999994,1.0,7.800000000000001,Approximate exterior detail; published envelope dimensions
SW-0018,ExhaustMesh1,SW-0018 · 顶部排风口金属栅网,Tablet,black,1,5.479813385326531,7.300000000000001,0.21999999999999886,5.1,Approximate exterior detail; published envelope dimensions
SW-0019,ExhaustMesh2,SW-0019 · 顶部排风口金属栅网,Tablet,black,1,5.479813385326519,7.299999999999999,0.21999999999999886,5.1,Approximate exterior detail; published envelope dimensions
SW-0020,ExhaustMesh3,SW-0020 · 顶部排风口金属栅网,Tablet,black,1,5.4798133853265405,7.299999999999997,0.21999999999999886,5.1,Approximate exterior detail; published envelope dimensions
SW-0021,ExhaustMesh4,SW-0021 · 顶部排风口金属栅网,Tablet,black,1,5.479813385326539,7.299999999999997,0.21999999999999886,5.1,Approximate exterior detail; published envelope dimensions
SW-0022,ExhaustMesh5,SW-0022 · 顶部排风口金属栅网,Tablet,black,1,5.479813385326501,7.299999999999997,0.21999999999999886,5.1,Approximate exterior detail; published envelope dimensions
SW-0023,USBCShell,SW-0023 · USB-C 金属插座壳,Tablet,metal,1,32.434525665016174,8.8,5.0,3.2,Approximate exterior detail; published envelope dimensions
SW-0024,USBCTongue,SW-0024 · USB-C 绝缘舌片,Tablet,black,1,17.254980686354987,6.7,3.950000000000003,0.6600000000000001,Approximate exterior detail; published envelope dimensions
SW-0025,USBCContact-1_1,SW-0025 · USB-C 镀金触点,Tablet,gold,1,0.04131920337176148,0.23000000000000043,2.799999999999997,0.0649999999999995,Approximate exterior detail; published envelope dimensions
SW-0026,USBCContact-1_2,SW-0026 · USB-C 镀金触点,Tablet,gold,1,0.04131920337176149,0.23000000000000043,2.799999999999997,0.0649999999999995,Approximate exterior detail; published envelope dimensions
SW-0027,USBCContact-1_3,SW-0027 · USB-C 镀金触点,Tablet,gold,1,0.04131920337176147,0.22999999999999998,2.799999999999997,0.0649999999999995,Approximate exterior detail; published envelope dimensions
SW-0028,USBCContact-1_4,SW-0028 · USB-C 镀金触点,Tablet,gold,1,0.04131920337176147,0.22999999999999998,2.799999999999997,0.0649999999999995,Approximate exterior detail; published envelope dimensions
SW-0029,USBCContact-1_5,SW-0029 · USB-C 镀金触点,Tablet,gold,1,0.04131920337176146,0.22999999999999998,2.799999999999997,0.0649999999999995,Approximate exterior detail; published envelope dimensions
SW-0030,USBCContact-1_6,SW-0030 · USB-C 镀金触点,Tablet,gold,1,0.04131920337176147,0.22999999999999998,2.799999999999997,0.0649999999999995,Approximate exterior detail; published envelope dimensions
SW-0031,USBCContact-1_7,SW-0031 · USB-C 镀金触点,Tablet,gold,1,0.04131920337176147,0.22999999999999998,2.799999999999997,0.0649999999999995,Approximate exterior detail; published envelope dimensions
SW-0032,USBCContact-1_8,SW-0032 · USB-C 镀金触点,Tablet,gold,1,0.04131920337176147,0.22999999999999998,2.799999999999997,0.0649999999999995,Approximate exterior detail; published envelope dimensions
SW-0033,USBCContact-1_9,SW-0033 · USB-C 镀金触点,Tablet,gold,1,0.04131920337176147,0.22999999999999998,2.799999999999997,0.0649999999999995,Approximate exterior detail; published envelope dimensions
SW-0034,USBCContact-1_10,SW-0034 · USB-C 镀金触点,Tablet,gold,1,0.04131920337176146,0.22999999999999998,2.799999999999997,0.0649999999999995,Approximate exterior detail; published envelope dimensions
SW-0035,USBCContact-1_11,SW-0035 · USB-C 镀金触点,Tablet,gold,1,0.04131920337176148,0.23000000000000043,2.799999999999997,0.0649999999999995,Approximate exterior detail; published envelope dimensions
SW-0036,USBCContact-1_12,SW-0036 · USB-C 镀金触点,Tablet,gold,1,0.04131920337176148,0.23000000000000043,2.799999999999997,0.0649999999999995,Approximate exterior detail; published envelope dimensions
SW-0037,USBCContact1_1,SW-0037 · USB-C 镀金触点,Tablet,gold,1,0.04131920337176148,0.23000000000000043,2.799999999999997,0.0649999999999995,Approximate exterior detail; published envelope dimensions
SW-0038,USBCContact1_2,SW-0038 · USB-C 镀金触点,Tablet,gold,1,0.04131920337176148,0.23000000000000043,2.799999999999997,0.0649999999999995,Approximate exterior detail; published envelope dimensions
SW-0039,USBCContact1_3,SW-0039 · USB-C 镀金触点,Tablet,gold,1,0.04131920337176146,0.22999999999999998,2.799999999999997,0.0649999999999995,Approximate exterior detail; published envelope dimensions
SW-0040,USBCContact1_4,SW-0040 · USB-C 镀金触点,Tablet,gold,1,0.041319203371761475,0.22999999999999998,2.799999999999997,0.0649999999999995,Approximate exterior detail; published envelope dimensions
SW-0041,USBCContact1_5,SW-0041 · USB-C 镀金触点,Tablet,gold,1,0.04131920337176146,0.22999999999999998,2.799999999999997,0.0649999999999995,Approximate exterior detail; published envelope dimensions
SW-0042,USBCContact1_6,SW-0042 · USB-C 镀金触点,Tablet,gold,1,0.04131920337176147,0.22999999999999998,2.799999999999997,0.0649999999999995,Approximate exterior detail; published envelope dimensions
SW-0043,USBCContact1_7,SW-0043 · USB-C 镀金触点,Tablet,gold,1,0.04131920337176147,0.22999999999999998,2.799999999999997,0.0649999999999995,Approximate exterior detail; published envelope dimensions
SW-0044,USBCContact1_8,SW-0044 · USB-C 镀金触点,Tablet,gold,1,0.04131920337176147,0.22999999999999998,2.799999999999997,0.0649999999999995,Approximate exterior detail; published envelope dimensions
SW-0045,USBCContact1_9,SW-0045 · USB-C 镀金触点,Tablet,gold,1,0.04131920337176147,0.22999999999999998,2.799999999999997,0.0649999999999995,Approximate exterior detail; published envelope dimensions
SW-0046,USBCContact1_10,SW-0046 · USB-C 镀金触点,Tablet,gold,1,0.04131920337176147,0.22999999999999998,2.799999999999997,0.0649999999999995,Approximate exterior detail; published envelope dimensions
SW-0047,USBCContact1_11,SW-0047 · USB-C 镀金触点,Tablet,gold,1,0.04131920337176148,0.23000000000000043,2.799999999999997,0.0649999999999995,Approximate exterior detail; published envelope dimensions
SW-0048,USBCContact1_12,SW-0048 · USB-C 镀金触点,Tablet,gold,1,0.04131920337176148,0.23000000000000043,2.799999999999997,0.0649999999999995,Approximate exterior detail; published envelope dimensions
SW-0049,ConsoleContact-1_1,SW-0049 · 主机滑轨触点,Tablet,gold,1,0.055080000000001884,0.09000000000000341,1.7999999999999972,0.33999999999999986,Approximate exterior detail; published envelope dimensions
SW-0050,ConsoleContact-1_2,SW-0050 · 主机滑轨触点,Tablet,gold,1,0.055080000000001884,0.09000000000000341,1.7999999999999972,0.33999999999999986,Approximate exterior detail; published envelope dimensions
SW-0051,ConsoleContact-1_3,SW-0051 · 主机滑轨触点,Tablet,gold,1,0.055080000000001884,0.09000000000000341,1.7999999999999972,0.33999999999999986,Approximate exterior detail; published envelope dimensions
SW-0052,ConsoleContact-1_4,SW-0052 · 主机滑轨触点,Tablet,gold,1,0.055080000000001884,0.09000000000000341,1.7999999999999972,0.33999999999999986,Approximate exterior detail; published envelope dimensions
SW-0053,ConsoleContact-1_5,SW-0053 · 主机滑轨触点,Tablet,gold,1,0.05508000000000189,0.09000000000000341,1.7999999999999972,0.33999999999999986,Approximate exterior detail; published envelope dimensions
SW-0054,ConsoleContact-1_6,SW-0054 · 主机滑轨触点,Tablet,gold,1,0.055080000000001884,0.09000000000000341,1.7999999999999972,0.33999999999999986,Approximate exterior detail; published envelope dimensions
SW-0055,ConsoleContact-1_7,SW-0055 · 主机滑轨触点,Tablet,gold,1,0.055080000000001884,0.09000000000000341,1.7999999999999972,0.33999999999999986,Approximate exterior detail; published envelope dimensions
SW-0056,ConsoleContact-1_8,SW-0056 · 主机滑轨触点,Tablet,gold,1,0.055080000000001884,0.09000000000000341,1.7999999999999972,0.33999999999999986,Approximate exterior detail; published envelope dimensions
SW-0057,ConsoleContact-1_9,SW-0057 · 主机滑轨触点,Tablet,gold,1,0.05508000000000189,0.09000000000000341,1.7999999999999972,0.33999999999999986,Approximate exterior detail; published envelope dimensions
SW-0058,ConsoleContact-1_10,SW-0058 · 主机滑轨触点,Tablet,gold,1,0.055080000000001884,0.09000000000000341,1.7999999999999972,0.33999999999999986,Approximate exterior detail; published envelope dimensions
SW-0059,ConsoleContact1_1,SW-0059 · 主机滑轨触点,Tablet,gold,1,0.055080000000001884,0.09000000000000341,1.7999999999999972,0.33999999999999986,Approximate exterior detail; published envelope dimensions
SW-0060,ConsoleContact1_2,SW-0060 · 主机滑轨触点,Tablet,gold,1,0.055080000000001884,0.09000000000000341,1.7999999999999972,0.33999999999999986,Approximate exterior detail; published envelope dimensions
SW-0061,ConsoleContact1_3,SW-0061 · 主机滑轨触点,Tablet,gold,1,0.055080000000001884,0.09000000000000341,1.7999999999999972,0.33999999999999986,Approximate exterior detail; published envelope dimensions
SW-0062,ConsoleContact1_4,SW-0062 · 主机滑轨触点,Tablet,gold,1,0.055080000000001884,0.09000000000000341,1.7999999999999972,0.33999999999999986,Approximate exterior detail; published envelope dimensions
SW-0063,ConsoleContact1_5,SW-0063 · 主机滑轨触点,Tablet,gold,1,0.05508000000000189,0.09000000000000341,1.7999999999999972,0.33999999999999986,Approximate exterior detail; published envelope dimensions
SW-0064,ConsoleContact1_6,SW-0064 · 主机滑轨触点,Tablet,gold,1,0.055080000000001884,0.09000000000000341,1.7999999999999972,0.33999999999999986,Approximate exterior detail; published envelope dimensions
SW-0065,ConsoleContact1_7,SW-0065 · 主机滑轨触点,Tablet,gold,1,0.055080000000001884,0.09000000000000341,1.7999999999999972,0.33999999999999986,Approximate exterior detail; published envelope dimensions
SW-0066,ConsoleContact1_8,SW-0066 · 主机滑轨触点,Tablet,gold,1,0.055080000000001884,0.09000000000000341,1.7999999999999972,0.33999999999999986,Approximate exterior detail; published envelope dimensions
SW-0067,ConsoleContact1_9,SW-0067 · 主机滑轨触点,Tablet,gold,1,0.05508000000000189,0.09000000000000341,1.7999999999999972,0.33999999999999986,Approximate exterior detail; published envelope dimensions
SW-0068,ConsoleContact1_10,SW-0068 · 主机滑轨触点,Tablet,gold,1,0.055080000000001884,0.09000000000000341,1.7999999999999972,0.33999999999999986,Approximate exterior detail; published envelope dimensions
SW-0069,Kickstand,SW-0069 · 后置翻折支架,Tablet,shell,1,868.1863849936784,21.0,57.60000000000001,0.72,Approximate exterior detail; published envelope dimensions
SW-0070,StandHinge0,SW-0070 · 支架铰链节,Tablet,metal,1,13.01700066459009,5.600000000000001,2.000000000000001,1.9999999999999998,Approximate exterior detail; published envelope dimensions
SW-0071,StandHinge1,SW-0071 · 支架铰链节,Tablet,metal,1,13.01700066459009,5.599999999999994,2.000000000000001,1.9999999999999998,Approximate exterior detail; published envelope dimensions
SW-0072,StandHinge2,SW-0072 · 支架铰链节,Tablet,metal,1,13.01700066459009,5.599999999999994,2.000000000000001,1.9999999999999998,Approximate exterior detail; published envelope dimensions
SW-0073,StandHingePin,SW-0073 · 支架铰链销轴,Tablet,metal,1,15.562193368822397,21.5,0.9599999999999991,0.9600000000000002,Approximate exterior detail; published envelope dimensions
SW-0074,StandFoot,SW-0074 · 支架底缘防滑垫,Tablet,rubber,1,3.9590070690821566,16.5,2.200000000000003,0.11,Approximate exterior detail; published envelope dimensions
SW-0075,MicroSDCage,SW-0075 · microSD 卡座金属屏蔽,TabletInternal,metal,1,85.26790892654265,13.400000000000006,13.799999999999997,1.2,Schematic internal layout
SW-0076,MicroSDCard,SW-0076 · microSD 卡片示意,TabletInternal,black,1,111.28710795723909,10.900000000000006,14.800000000000004,0.6900000000000002,Schematic internal layout
SW-0077,MicroSDPad0,SW-0077 · microSD 镀金触点,TabletInternal,gold,1,0.06295879644737225,0.7000000000000028,3.0,0.029999999999999805,Schematic internal layout
SW-0078,MicroSDPad1,SW-0078 · microSD 镀金触点,TabletInternal,gold,1,0.06295879644737225,0.7000000000000028,3.0,0.029999999999999805,Schematic internal layout
SW-0079,MicroSDPad2,SW-0079 · microSD 镀金触点,TabletInternal,gold,1,0.06295879644737225,0.7000000000000028,3.0,0.029999999999999805,Schematic internal layout
SW-0080,MicroSDPad3,SW-0080 · microSD 镀金触点,TabletInternal,gold,1,0.06295879644737185,0.700000000000017,3.0,0.029999999999999805,Schematic internal layout
SW-0081,MicroSDPad4,SW-0081 · microSD 镀金触点,TabletInternal,gold,1,0.06295879644737185,0.700000000000017,3.0,0.029999999999999805,Schematic internal layout
SW-0082,MicroSDPad5,SW-0082 · microSD 镀金触点,TabletInternal,gold,1,0.06295879644737185,0.700000000000017,3.0,0.029999999999999805,Schematic internal layout
SW-0083,MicroSDPad6,SW-0083 · microSD 镀金触点,TabletInternal,gold,1,0.06295879644737185,0.700000000000017,3.0,0.029999999999999805,Schematic internal layout
SW-0084,MicroSDPad7,SW-0084 · microSD 镀金触点,TabletInternal,gold,1,0.06295879644737185,0.700000000000017,3.0,0.029999999999999805,Schematic internal layout
SW-0085,RearIntakeMesh-1,SW-0085 · 后盖进风防尘网,Tablet,black,1,26.830314181147727,41.800000000000004,3.6000000000000085,0.24000000000000005,Approximate exterior detail; published envelope dimensions
SW-0086,RearIntakeMesh1,SW-0086 · 后盖进风防尘网,Tablet,black,1,26.830314181147727,41.800000000000004,3.6000000000000085,0.24000000000000005,Approximate exterior detail; published envelope dimensions
SW-0087,RearScrew1,SW-0087 · 三翼槽紧固螺钉,Tablet,black,1,8.942165317290469,3.1999999999999886,3.200000000000003,4.16,Approximate exterior detail; published envelope dimensions
SW-0088,RearBoss1,SW-0088 · 后壳螺钉支柱,TabletInternal,shell,1,20.58823895974148,3.1999999999999886,3.200000000000003,3.6,Schematic internal layout
SW-0089,RearScrew2,SW-0089 · 三翼槽紧固螺钉,Tablet,black,1,8.942165317290469,3.1999999999999886,3.200000000000003,4.16,Approximate exterior detail; published envelope dimensions
SW-0090,RearBoss2,SW-0090 · 后壳螺钉支柱,TabletInternal,shell,1,20.58823895974148,3.1999999999999886,3.200000000000003,3.6,Schematic internal layout
SW-0091,RearScrew3,SW-0091 · 三翼槽紧固螺钉,Tablet,black,1,8.942165317290469,3.1999999999999886,3.200000000000003,4.16,Approximate exterior detail; published envelope dimensions
SW-0092,RearBoss3,SW-0092 · 后壳螺钉支柱,TabletInternal,shell,1,20.58823895974148,3.1999999999999886,3.200000000000003,3.6,Schematic internal layout
SW-0093,RearScrew4,SW-0093 · 三翼槽紧固螺钉,Tablet,black,1,8.942165317290469,3.1999999999999886,3.200000000000003,4.16,Approximate exterior detail; published envelope dimensions
SW-0094,RearBoss4,SW-0094 · 后壳螺钉支柱,TabletInternal,shell,1,20.58823895974148,3.1999999999999886,3.200000000000003,3.6,Schematic internal layout
SW-0095,RearNintendoMark,SW-0095 · Nintendo Switch 官方轮廓标识,Tablet,white,19,7.674005935169059,36.0000002,36.63540110771559,0.018000199999999997,Approximate exterior detail; published envelope dimensions
SW-0096,RearModelMark,SW-0096 · HAC-001   |   CAD STUDY,Tablet,white,16,0.1445925821774639,28.558540268456376,2.31946308724833,0.012000199999999999,Approximate exterior detail; published envelope dimensions
SW-0097,BottomLabel,SW-0097 · 底部识别标签,Tablet,white,1,1.2413819467106002,23.0,0.018000000000000682,2.999999999999999,Approximate exterior detail; published envelope dimensions
SW-0098,JoyLSeam,SW-0098 · Joy-Con L · 分型缝边条,JoyLeft,black,1,32.302121140377984,32.55000000000001,101.55000000000001,0.1200000000000001,Approximate exterior detail; published envelope dimensions
SW-0099,JoyLContact1,SW-0099 · Joy-Con 导轨连接触点,JoyRailL,gold,1,0.01948799999999819,0.03499999999999659,1.740000000000002,0.31999999999999984,Approximate exterior detail; published envelope dimensions
SW-0100,JoyLContact2,SW-0100 · Joy-Con 导轨连接触点,JoyRailL,gold,1,0.019487999999998215,0.03499999999999659,1.740000000000002,0.3200000000000003,Approximate exterior detail; published envelope dimensions
SW-0101,JoyLContact3,SW-0101 · Joy-Con 导轨连接触点,JoyRailL,gold,1,0.019487999999998215,0.03499999999999659,1.740000000000002,0.3200000000000003,Approximate exterior detail; published envelope dimensions
SW-0102,JoyLContact4,SW-0102 · Joy-Con 导轨连接触点,JoyRailL,gold,1,0.019487999999998215,0.03499999999999659,1.740000000000002,0.3200000000000003,Approximate exterior detail; published envelope dimensions
SW-0103,JoyLContact5,SW-0103 · Joy-Con 导轨连接触点,JoyRailL,gold,1,0.019487999999998215,0.03499999999999659,1.740000000000002,0.3200000000000003,Approximate exterior detail; published envelope dimensions
SW-0104,JoyLContact6,SW-0104 · Joy-Con 导轨连接触点,JoyRailL,gold,1,0.019487999999998215,0.03499999999999659,1.740000000000002,0.3200000000000003,Approximate exterior detail; published envelope dimensions
SW-0105,JoyLContact7,SW-0105 · Joy-Con 导轨连接触点,JoyRailL,gold,1,0.01948799999999821,0.03499999999999659,1.740000000000002,0.3200000000000003,Approximate exterior detail; published envelope dimensions
SW-0106,JoyLContact8,SW-0106 · Joy-Con 导轨连接触点,JoyRailL,gold,1,0.019487999999998215,0.03499999999999659,1.740000000000002,0.3200000000000003,Approximate exterior detail; published envelope dimensions
SW-0107,JoyLContact9,SW-0107 · Joy-Con 导轨连接触点,JoyRailL,gold,1,0.01948799999999821,0.03499999999999659,1.740000000000002,0.3200000000000003,Approximate exterior detail; published envelope dimensions
SW-0108,JoyLContact10,SW-0108 · Joy-Con 导轨连接触点,JoyRailL,gold,1,0.01948799999999821,0.03499999999999659,1.740000000000002,0.3200000000000003,Approximate exterior detail; published envelope dimensions
SW-0109,JoyRSeam,SW-0109 · Joy-Con R · 分型缝边条,JoyRight,black,1,32.302121140377906,32.55000000000001,101.55000000000001,0.1200000000000001,Approximate exterior detail; published envelope dimensions
SW-0110,JoyRContact1,SW-0110 · Joy-Con 导轨连接触点,JoyRailR,gold,1,0.01948799999999819,0.03499999999999659,1.740000000000002,0.31999999999999984,Approximate exterior detail; published envelope dimensions
SW-0111,JoyRContact2,SW-0111 · Joy-Con 导轨连接触点,JoyRailR,gold,1,0.019487999999998215,0.03499999999999659,1.740000000000002,0.3200000000000003,Approximate exterior detail; published envelope dimensions
SW-0112,JoyRContact3,SW-0112 · Joy-Con 导轨连接触点,JoyRailR,gold,1,0.019487999999998215,0.03499999999999659,1.740000000000002,0.3200000000000003,Approximate exterior detail; published envelope dimensions
SW-0113,JoyRContact4,SW-0113 · Joy-Con 导轨连接触点,JoyRailR,gold,1,0.019487999999998215,0.03499999999999659,1.740000000000002,0.3200000000000003,Approximate exterior detail; published envelope dimensions
SW-0114,JoyRContact5,SW-0114 · Joy-Con 导轨连接触点,JoyRailR,gold,1,0.019487999999998215,0.03499999999999659,1.740000000000002,0.3200000000000003,Approximate exterior detail; published envelope dimensions
SW-0115,JoyRContact6,SW-0115 · Joy-Con 导轨连接触点,JoyRailR,gold,1,0.019487999999998215,0.03499999999999659,1.740000000000002,0.3200000000000003,Approximate exterior detail; published envelope dimensions
SW-0116,JoyRContact7,SW-0116 · Joy-Con 导轨连接触点,JoyRailR,gold,1,0.01948799999999821,0.03499999999999659,1.740000000000002,0.3200000000000003,Approximate exterior detail; published envelope dimensions
SW-0117,JoyRContact8,SW-0117 · Joy-Con 导轨连接触点,JoyRailR,gold,1,0.019487999999998215,0.03499999999999659,1.740000000000002,0.3200000000000003,Approximate exterior detail; published envelope dimensions
SW-0118,JoyRContact9,SW-0118 · Joy-Con 导轨连接触点,JoyRailR,gold,1,0.01948799999999821,0.03499999999999659,1.740000000000002,0.3200000000000003,Approximate exterior detail; published envelope dimensions
SW-0119,JoyRContact10,SW-0119 · Joy-Con 导轨连接触点,JoyRailR,gold,1,0.01948799999999821,0.03499999999999659,1.740000000000002,0.3200000000000003,Approximate exterior detail; published envelope dimensions
SW-0120,JoyLStickCollar,SW-0120 · 摇杆周边装饰圈,JoyLeft,black,1,5.821144992430828,13.599999999999994,13.600000000000001,0.3200000000000003,Approximate exterior detail; published envelope dimensions
SW-0121,JoyLStickBoot,SW-0121 · 摇杆弧形防尘罩,JoyLeft,black,1,571.7464476160969,12.240000000000009,12.240000000000002,5.199999999999999,Approximate exterior detail; published envelope dimensions
SW-0122,JoyLStickStem,SW-0122 · 摇杆颈柱,JoyLeft,rubber,1,105.66746890349269,6.199999999999989,6.200000000000003,3.5,Approximate exterior detail; published envelope dimensions
SW-0123,JoyLStickCap,SW-0123 · 凹面橡胶摇杆帽,JoyLeft,rubber,1,495.8535160182687,15.8000002,15.800000200000007,2.800000100000009,Approximate exterior detail; published envelope dimensions
SW-0124,JoyRStickCollar,SW-0124 · 摇杆周边装饰圈,JoyRight,black,1,5.821144992430828,13.599999999999994,13.600000000000001,0.3200000000000003,Approximate exterior detail; published envelope dimensions
SW-0125,JoyRStickBoot,SW-0125 · 摇杆弧形防尘罩,JoyRight,black,1,571.7464476160969,12.240000000000009,12.240000000000002,5.199999999999999,Approximate exterior detail; published envelope dimensions
SW-0126,JoyRStickStem,SW-0126 · 摇杆颈柱,JoyRight,rubber,1,105.6674689034927,6.199999999999989,6.199999999999999,3.5,Approximate exterior detail; published envelope dimensions
SW-0127,JoyRStickCap,SW-0127 · 凹面橡胶摇杆帽,JoyRight,rubber,1,495.8535160182686,15.8000002,15.8000002,2.800000100000009,Approximate exterior detail; published envelope dimensions
SW-0128,JoyLFaceButton0,SW-0128 · 方向键,JoyLeft,black,1,63.12943246649465,6.360000200000002,6.3600002,2.0,Approximate exterior detail; published envelope dimensions
SW-0129,JoyLButtonStem0,SW-0129 · 按键传力柱,JoyLeft,black,1,10.301596470386283,2.1999999999999886,2.2,2.710000000000001,Approximate exterior detail; published envelope dimensions
SW-0130,DpadArrow0,SW-0130 · 方向箭头,JoyLeft,white,1,0.02520000000000031,2.0,1.4,0.018000000000000682,Approximate exterior detail; published envelope dimensions
SW-0131,JoyLFaceButton1,SW-0131 · 方向键,JoyLeft,black,1,63.129432466494634,6.360000200000002,6.360000199999999,2.0,Approximate exterior detail; published envelope dimensions
SW-0132,JoyLButtonStem1,SW-0132 · 按键传力柱,JoyLeft,black,1,10.301596470386283,2.1999999999999886,2.1999999999999993,2.710000000000001,Approximate exterior detail; published envelope dimensions
SW-0133,DpadArrow1,SW-0133 · 方向箭头,JoyLeft,white,1,0.025200000000000274,1.4000000000000057,2.0,0.018000000000000682,Approximate exterior detail; published envelope dimensions
SW-0134,JoyLFaceButton2,SW-0134 · 方向键,JoyLeft,black,1,63.12943246649465,6.360000200000002,6.3600002,2.0,Approximate exterior detail; published envelope dimensions
SW-0135,JoyLButtonStem2,SW-0135 · 按键传力柱,JoyLeft,black,1,10.30159647038628,2.1999999999999886,2.200000000000003,2.710000000000001,Approximate exterior detail; published envelope dimensions
SW-0136,DpadArrow2,SW-0136 · 方向箭头,JoyLeft,white,1,0.025200000000000323,2.0,1.3999999999999986,0.018000000000000682,Approximate exterior detail; published envelope dimensions
SW-0137,JoyLFaceButton3,SW-0137 · 方向键,JoyLeft,black,1,63.12943246649465,6.360000200000002,6.360000199999999,2.0,Approximate exterior detail; published envelope dimensions
SW-0138,JoyLButtonStem3,SW-0138 · 按键传力柱,JoyLeft,black,1,10.301596470386283,2.1999999999999886,2.1999999999999993,2.710000000000001,Approximate exterior detail; published envelope dimensions
SW-0139,DpadArrow3,SW-0139 · 方向箭头,JoyLeft,white,1,0.02520000000000028,1.4000000000000057,2.0,0.018000000000000682,Approximate exterior detail; published envelope dimensions
SW-0140,JoyRFaceButton0,SW-0140 · X 键,JoyRight,black,1,63.12943246649465,6.360000200000002,6.360000200000002,2.0,Approximate exterior detail; published envelope dimensions
SW-0141,JoyRButtonStem0,SW-0141 · 按键传力柱,JoyRight,black,1,10.301596470386276,2.1999999999999886,2.200000000000003,2.710000000000001,Approximate exterior detail; published envelope dimensions
SW-0142,ButtonGlyphX,SW-0142 · X,JoyRight,white,1,0.01623858878053269,1.8896602348993383,2.2080536912751683,0.012000000000000455,Approximate exterior detail; published envelope dimensions
SW-0143,JoyRFaceButton1,SW-0143 · A 键,JoyRight,black,1,63.12943246649465,6.360000200000002,6.360000200000002,2.0,Approximate exterior detail; published envelope dimensions
SW-0144,JoyRButtonStem1,SW-0144 · 按键传力柱,JoyRight,black,1,10.30159647038628,2.1999999999999886,2.200000000000003,2.710000000000001,Approximate exterior detail; published envelope dimensions
SW-0145,ButtonGlyphA,SW-0145 · A,JoyRight,white,1,0.017777494510206666,2.022734899328867,2.2080536912751683,0.012000000000000455,Approximate exterior detail; published envelope dimensions
SW-0146,JoyRFaceButton2,SW-0146 · B 键,JoyRight,black,1,63.12943246649465,6.360000200000002,6.360000200000002,2.0,Approximate exterior detail; published envelope dimensions
SW-0147,JoyRButtonStem2,SW-0147 · 按键传力柱,JoyRight,black,1,10.301596470386283,2.1999999999999886,2.1999999999999993,2.710000000000001,Approximate exterior detail; published envelope dimensions
SW-0148,ButtonGlyphB,SW-0148 · B,JoyRight,white,1,0.02239171222756923,1.5658454181207873,2.208053891275167,0.01200019999999924,Approximate exterior detail; published envelope dimensions
SW-0149,JoyRFaceButton3,SW-0149 · Y 键,JoyRight,black,1,63.129432466494634,6.360000200000002,6.360000200000002,2.0,Approximate exterior detail; published envelope dimensions
SW-0150,JoyRButtonStem3,SW-0150 · 按键传力柱,JoyRight,black,1,10.30159647038628,2.1999999999999886,2.200000000000003,2.710000000000001,Approximate exterior detail; published envelope dimensions
SW-0151,ButtonGlyphY,SW-0151 · Y,JoyRight,white,1,0.012142202683895346,1.8615666946308806,2.2080536912751683,0.012000000000000455,Approximate exterior detail; published envelope dimensions
SW-0152,MinusButton,SW-0152 · 减号按钮,JoyLeft,black,1,14.074051296062166,5.400000000000006,1.75,1.5,Approximate exterior detail; published envelope dimensions
SW-0153,PlusButton,SW-0153 · 加号按钮,JoyRight,black,1,23.101991118430796,5.400000000000006,5.400000000000006,1.5,Approximate exterior detail; published envelope dimensions
SW-0154,CaptureButton,SW-0154 · 截图按钮,JoyLeft,black,1,40.43043131102418,5.599999999999994,5.599999999999998,1.3000000000000007,Approximate exterior detail; published envelope dimensions
SW-0155,CaptureGlyph,SW-0155 · 截图符号,JoyLeft,rubber,1,0.06700451643429461,3.3000000000000114,3.299999999999997,0.018000000000000682,Approximate exterior detail; published envelope dimensions
SW-0156,HomeRing,SW-0156 · HOME 按键金属圈,JoyRight,metal,1,7.443862421011593,7.099999999999994,7.099999999999998,0.5500000000000007,Approximate exterior detail; published envelope dimensions
SW-0157,HomeButton,SW-0157 · HOME 按钮,JoyRight,black,1,27.92140736360384,5.560000000000002,5.560000000000002,1.1500000000000004,Approximate exterior detail; published envelope dimensions
SW-0158,HomeGlyph,SW-0158 · HOME 房屋图标,JoyRight,white,1,0.10062999999999933,2.8000000000000114,2.700000000000003,0.02000000000000135,Approximate exterior detail; published envelope dimensions
SW-0159,JoyLBumper,SW-0159 · L 肩键,JoyLeft,black,1,502.2342668114804,30.48809440061636,7.900000000000006,2.4000000000000004,Approximate exterior detail; published envelope dimensions
SW-0160,JoyLTriggerAxle,SW-0160 · 扳机转轴,JoyLeft,metal,1,17.255197649841943,13.0,1.2999999999999972,1.3,Approximate exterior detail; published envelope dimensions
SW-0161,JoyLRelease,SW-0161 · 手柄释放按钮,JoyLeft,black,1,23.324701038327966,3.3000000000000114,4.900000000000006,1.5,Approximate exterior detail; published envelope dimensions
SW-0162,JoyLSL,SW-0162 · SL 键,JoyRailL,blue,1,16.792964473723103,0.75,7.399999999999999,3.1000000000000014,Approximate exterior detail; published envelope dimensions
SW-0163,JoyLSR,SW-0163 · SR 键,JoyRailL,blue,1,16.792964473723103,0.75,7.399999999999999,3.1000000000000014,Approximate exterior detail; published envelope dimensions
SW-0164,JoyLSync,SW-0164 · SYNC 配对按钮,JoyRailL,black,1,2.042035224833371,0.6500000000000057,2.0,2.0,Approximate exterior detail; published envelope dimensions
SW-0165,JoyLLED1,SW-0165 · 玩家指示灯,JoyRailL,led,1,0.1285699111843094,0.12000000000000455,1.3500000000000005,0.8000000000000003,Approximate exterior detail; published envelope dimensions
SW-0166,JoyLLED2,SW-0166 · 玩家指示灯,JoyRailL,rubber,1,0.12856991118430938,0.12000000000000455,1.3500000000000005,0.8000000000000003,Approximate exterior detail; published envelope dimensions
SW-0167,JoyLLED3,SW-0167 · 玩家指示灯,JoyRailL,rubber,1,0.12856991118430938,0.12000000000000455,1.3500000000000005,0.8000000000000003,Approximate exterior detail; published envelope dimensions
SW-0168,JoyLLED4,SW-0168 · 玩家指示灯,JoyRailL,rubber,1,0.1285699111843094,0.12000000000000455,1.3500000000000005,0.8000000000000003,Approximate exterior detail; published envelope dimensions
SW-0169,JoyLScrew1,SW-0169 · 三翼槽紧固螺钉,JoyLeft,black,1,5.69788700084003,2.5,2.5,2.86,Approximate exterior detail; published envelope dimensions
SW-0170,JoyLScrew2,SW-0170 · 三翼槽紧固螺钉,JoyLeft,black,1,5.69788700084003,2.5,2.5,2.86,Approximate exterior detail; published envelope dimensions
SW-0171,JoyLScrew3,SW-0171 · 三翼槽紧固螺钉,JoyLeft,black,1,5.697887000840028,2.5,2.5,2.86,Approximate exterior detail; published envelope dimensions
SW-0172,JoyLScrew4,SW-0172 · 三翼槽紧固螺钉,JoyLeft,black,1,5.697887000840029,2.5,2.5,2.86,Approximate exterior detail; published envelope dimensions
SW-0173,TriggerLegendL,SW-0173 · ZL,JoyLeft,white,2,0.030331776406467836,3.687181208053687,2.2550335570469855,0.011999999999999567,Approximate exterior detail; published envelope dimensions
SW-0174,JoyRTriggerAxle,SW-0174 · 扳机转轴,JoyRight,metal,1,17.255197649841943,13.0,1.2999999999999972,1.3,Approximate exterior detail; published envelope dimensions
SW-0175,JoyRRelease,SW-0175 · 手柄释放按钮,JoyRight,black,1,23.324701038327966,3.3000000000000114,4.900000000000006,1.5,Approximate exterior detail; published envelope dimensions
SW-0176,JoyRSL,SW-0176 · SL 键,JoyRailR,red,1,16.792964473723103,0.75,7.399999999999999,3.1000000000000014,Approximate exterior detail; published envelope dimensions
SW-0177,JoyRSR,SW-0177 · SR 键,JoyRailR,red,1,16.792964473723103,0.75,7.399999999999999,3.1000000000000014,Approximate exterior detail; published envelope dimensions
SW-0178,JoyRSync,SW-0178 · SYNC 配对按钮,JoyRailR,black,1,2.042035224833371,0.6500000000000057,2.0,2.0,Approximate exterior detail; published envelope dimensions
SW-0179,JoyRLED1,SW-0179 · 玩家指示灯,JoyRailR,led,1,0.12856991118430938,0.12000000000000455,1.3500000000000005,0.8000000000000003,Approximate exterior detail; published envelope dimensions
SW-0180,JoyRLED2,SW-0180 · 玩家指示灯,JoyRailR,rubber,1,0.12856991118430935,0.12000000000000455,1.3500000000000005,0.8000000000000003,Approximate exterior detail; published envelope dimensions
SW-0181,JoyRLED3,SW-0181 · 玩家指示灯,JoyRailR,rubber,1,0.12856991118430935,0.12000000000000455,1.3500000000000005,0.8000000000000003,Approximate exterior detail; published envelope dimensions
SW-0182,JoyRLED4,SW-0182 · 玩家指示灯,JoyRailR,rubber,1,0.12856991118430938,0.12000000000000455,1.3500000000000005,0.8000000000000003,Approximate exterior detail; published envelope dimensions
SW-0183,JoyRScrew1,SW-0183 · 三翼槽紧固螺钉,JoyRight,black,1,5.697887000840031,2.5,2.5,2.86,Approximate exterior detail; published envelope dimensions
SW-0184,JoyRScrew2,SW-0184 · 三翼槽紧固螺钉,JoyRight,black,1,5.697887000840029,2.5,2.5,2.86,Approximate exterior detail; published envelope dimensions
SW-0185,JoyRScrew3,SW-0185 · 三翼槽紧固螺钉,JoyRight,black,1,5.69788700084003,2.5,2.5,2.86,Approximate exterior detail; published envelope dimensions
SW-0186,JoyRScrew4,SW-0186 · 三翼槽紧固螺钉,JoyRight,black,1,5.697887000840029,2.5,2.5,2.86,Approximate exterior detail; published envelope dimensions
SW-0187,TriggerLegendR,SW-0187 · ZR,JoyRight,white,2,0.039567769249132446,4.04053701275167,2.2550337570469807,0.012000200000000127,Approximate exterior detail; published envelope dimensions
SW-0188,IRWindow,SW-0188 · 右 Joy-Con 红外透镜窗,JoyRight,screen,1,60.18359541150805,14.400000000000006,0.6799999999999997,6.200000000000001,Approximate exterior detail; published envelope dimensions
SW-0189,BatteryTitle,SW-0189 · NINTENDO  HAC-,TabletInternal,white,15,0.41265289911983094,39.365184663758384,2.923490132885906,0.012000199999999683,Approximate exterior detail; published envelope dimensions
SW-0190,BatteryEnergy,SW-0190 · Li-ion   3.7 V   4310 mAh,TabletInternal,white,19,0.1537847862849648,31.41652694563758,1.99731563624161,0.012000199999999683,Approximate exterior detail; published envelope dimensions
SW-0191,BatteryCaution,SW-0191 · INTERNAL LAYOUT STUDY,TabletInternal,white,19,0.17910206256925362,29.42350671140939,1.7540941597315436,0.012000199999999683,Approximate exterior detail; published envelope dimensions
SW-0192,TegraPackage,SW-0192 · Tegra 封装示意,TabletInternal,black,1,599.842267650097,20.0,20.0,1.5,Schematic internal layout
SW-0193,TegraMark,SW-0193 · TEGRA,TabletInternal,white,5,0.09200740767758099,10.365302013422813,2.338792146308725,0.012000200000000127,Approximate exterior detail; published envelope dimensions
SW-0194,RAM1Package,SW-0194 · RAM1 封装示意,TabletInternal,black,1,153.88432961007123,10.0,14.0,1.0999999999999996,Schematic internal layout
SW-0195,RAM2Package,SW-0195 · RAM2 封装示意,TabletInternal,black,1,153.88432961007123,10.0,14.0,1.0999999999999996,Schematic internal layout
SW-0196,PMICPackage,SW-0196 · PMIC 封装示意,TabletInternal,black,1,64.70536059005829,8.0,9.0,0.9000000000000004,Schematic internal layout
SW-0197,WiFiPackage,SW-0197 · WiFi 封装示意,TabletInternal,black,1,119.89484510006474,10.0,12.0,1.0,Schematic internal layout
SW-0198,AudioICPackage,SW-0198 · AudioIC 封装示意,TabletInternal,black,1,28.715876080051807,6.0,6.0,0.8000000000000007,Schematic internal layout
SW-0199,EMMCBoard,SW-0199 · eMMC 存储子板,TabletInternal,pcb,1,262.08796447372305,25.0,14.0,0.75,Schematic internal layout
SW-0200,EMMCPackage,SW-0200 · eMMC 封装,TabletInternal,black,1,205.5489203070318,17.0,11.0,1.0999999999999996,Schematic internal layout
SW-0201,GameCardCage,SW-0201 · 游戏卡金属卡座,TabletInternal,metal,1,531.336883365347,29.199999999999996,17.0,3.2,Schematic internal layout
SW-0202,GameCardContact1,SW-0202 · 游戏卡连接器金触片,TabletInternal,gold,1,0.3297853981633966,0.5499999999999972,6.0000000000000036,0.09999999999999964,Schematic internal layout
SW-0203,GameCardContact2,SW-0203 · 游戏卡连接器金触片,TabletInternal,gold,1,0.3297853981633965,0.5499999999999972,6.0000000000000036,0.09999999999999964,Schematic internal layout
SW-0204,GameCardContact3,SW-0204 · 游戏卡连接器金触片,TabletInternal,gold,1,0.3297853981633965,0.5499999999999972,6.0000000000000036,0.09999999999999964,Schematic internal layout
SW-0205,GameCardContact4,SW-0205 · 游戏卡连接器金触片,TabletInternal,gold,1,0.3297853981633966,0.5499999999999972,6.0000000000000036,0.09999999999999964,Schematic internal layout
SW-0206,GameCardContact5,SW-0206 · 游戏卡连接器金触片,TabletInternal,gold,1,0.3297853981633965,0.5499999999999972,6.0000000000000036,0.09999999999999964,Schematic internal layout
SW-0207,GameCardContact6,SW-0207 · 游戏卡连接器金触片,TabletInternal,gold,1,0.3297853981633966,0.5499999999999972,6.0000000000000036,0.09999999999999964,Schematic internal layout
SW-0208,GameCardContact7,SW-0208 · 游戏卡连接器金触片,TabletInternal,gold,1,0.3297853981633965,0.5499999999999972,6.0000000000000036,0.09999999999999964,Schematic internal layout
SW-0209,GameCardContact8,SW-0209 · 游戏卡连接器金触片,TabletInternal,gold,1,0.3297853981633965,0.5499999999999972,6.0000000000000036,0.09999999999999964,Schematic internal layout
SW-0210,GameCardContact9,SW-0210 · 游戏卡连接器金触片,TabletInternal,gold,1,0.32978539816339936,0.5500000000000114,6.0000000000000036,0.09999999999999964,Schematic internal layout
SW-0211,GameCardContact10,SW-0211 · 游戏卡连接器金触片,TabletInternal,gold,1,0.32978539816339925,0.5500000000000114,6.0000000000000036,0.09999999999999964,Schematic internal layout
SW-0212,GameCardContact11,SW-0212 · 游戏卡连接器金触片,TabletInternal,gold,1,0.32978539816339936,0.5500000000000114,6.0000000000000036,0.09999999999999964,Schematic internal layout
SW-0213,GameCardContact12,SW-0213 · 游戏卡连接器金触片,TabletInternal,gold,1,0.3297853981633994,0.5500000000000114,6.0000000000000036,0.09999999999999964,Schematic internal layout
SW-0214,GameCardContact13,SW-0214 · 游戏卡连接器金触片,TabletInternal,gold,1,0.32978539816339936,0.5500000000000114,6.0000000000000036,0.09999999999999964,Schematic internal layout
SW-0215,GameCardContact14,SW-0215 · 游戏卡连接器金触片,TabletInternal,gold,1,0.32978539816339936,0.5500000000000114,6.0000000000000036,0.09999999999999964,Schematic internal layout
SW-0216,GameCardContact15,SW-0216 · 游戏卡连接器金触片,TabletInternal,gold,1,0.32978539816339936,0.5500000000000114,6.0000000000000036,0.09999999999999964,Schematic internal layout
SW-0217,GameCardContact16,SW-0217 · 游戏卡连接器金触片,TabletInternal,gold,1,0.32978539816339936,0.5500000000000114,6.0000000000000036,0.09999999999999964,Schematic internal layout
SW-0218,GameCardContact17,SW-0218 · 游戏卡连接器金触片,TabletInternal,gold,1,0.3297853981633993,0.5500000000000114,6.0000000000000036,0.09999999999999964,Schematic internal layout
SW-0219,Passive1Terminal-1,SW-0219 · 器件焊端,TabletInternal,metal,1,0.15252681408993327,0.25,0.9400000000000119,0.6500000000000004,Schematic internal layout
SW-0220,Passive1Terminal1,SW-0220 · 器件焊端,TabletInternal,metal,1,0.15252681408993324,0.25,0.9400000000000119,0.6500000000000004,Schematic internal layout
SW-0221,Passive2Terminal-1,SW-0221 · 器件焊端,TabletInternal,metal,1,0.15252681408993327,0.25,0.9400000000000119,0.6500000000000004,Schematic internal layout
SW-0222,Passive2Terminal1,SW-0222 · 器件焊端,TabletInternal,metal,1,0.15252681408993324,0.25,0.9400000000000119,0.6500000000000004,Schematic internal layout
SW-0223,Passive3Terminal-1,SW-0223 · 器件焊端,TabletInternal,metal,1,0.15252681408993327,0.25,0.9400000000000119,0.6500000000000004,Schematic internal layout
SW-0224,Passive3Terminal1,SW-0224 · 器件焊端,TabletInternal,metal,1,0.15252681408993324,0.25,0.9400000000000119,0.6500000000000004,Schematic internal layout
SW-0225,Passive4Terminal-1,SW-0225 · 器件焊端,TabletInternal,metal,1,0.15252681408993327,0.25,0.9400000000000119,0.6500000000000004,Schematic internal layout
SW-0226,Passive4Terminal1,SW-0226 · 器件焊端,TabletInternal,metal,1,0.15252681408993324,0.25,0.9400000000000119,0.6500000000000004,Schematic internal layout
SW-0227,Passive5Terminal-1,SW-0227 · 器件焊端,TabletInternal,metal,1,0.15252681408993327,0.25,0.9400000000000119,0.6500000000000004,Schematic internal layout
SW-0228,Passive5Terminal1,SW-0228 · 器件焊端,TabletInternal,metal,1,0.15252681408993324,0.25,0.9400000000000119,0.6500000000000004,Schematic internal layout
SW-0229,Passive6Terminal-1,SW-0229 · 器件焊端,TabletInternal,metal,1,0.15252681408993327,0.25,0.9400000000000119,0.6500000000000004,Schematic internal layout
SW-0230,Passive6Terminal1,SW-0230 · 器件焊端,TabletInternal,metal,1,0.15252681408993324,0.25,0.9400000000000119,0.6500000000000004,Schematic internal layout
SW-0231,Passive7Terminal-1,SW-0231 · 器件焊端,TabletInternal,metal,1,0.15252681408993327,0.25,0.9400000000000119,0.6500000000000004,Schematic internal layout
SW-0232,Passive7Terminal1,SW-0232 · 器件焊端,TabletInternal,metal,1,0.15252681408993324,0.25,0.9400000000000119,0.6500000000000004,Schematic internal layout
SW-0233,Passive8Terminal-1,SW-0233 · 器件焊端,TabletInternal,metal,1,0.15252681408993327,0.25,0.9400000000000119,0.6500000000000004,Schematic internal layout
SW-0234,Passive8Terminal1,SW-0234 · 器件焊端,TabletInternal,metal,1,0.15252681408993324,0.25,0.9400000000000119,0.6500000000000004,Schematic internal layout
SW-0235,Passive9Terminal-1,SW-0235 · 器件焊端,TabletInternal,metal,1,0.15252681408993327,0.25,0.9400000000000119,0.6500000000000004,Schematic internal layout
SW-0236,Passive9Terminal1,SW-0236 · 器件焊端,TabletInternal,metal,1,0.15252681408993327,0.25,0.9400000000000119,0.6500000000000004,Schematic internal layout
SW-0237,Passive10Terminal-1,SW-0237 · 器件焊端,TabletInternal,metal,1,0.15252681408993327,0.25,0.9400000000000119,0.6500000000000004,Schematic internal layout
SW-0238,Passive10Terminal1,SW-0238 · 器件焊端,TabletInternal,metal,1,0.15252681408993327,0.25,0.9400000000000119,0.6500000000000004,Schematic internal layout
SW-0239,Passive11Terminal-1,SW-0239 · 器件焊端,TabletInternal,metal,1,0.15252681408993327,0.25,0.9400000000000119,0.6500000000000004,Schematic internal layout
SW-0240,Passive11Terminal1,SW-0240 · 器件焊端,TabletInternal,metal,1,0.15252681408993324,0.25,0.9400000000000119,0.6500000000000004,Schematic internal layout
SW-0241,Passive12Terminal-1,SW-0241 · 器件焊端,TabletInternal,metal,1,0.15252681408993327,0.25,0.9400000000000119,0.6500000000000004,Schematic internal layout
SW-0242,Passive12Terminal1,SW-0242 · 器件焊端,TabletInternal,metal,1,0.15252681408993324,0.25,0.9400000000000119,0.6500000000000004,Schematic internal layout
SW-0243,Passive13Terminal-1,SW-0243 · 器件焊端,TabletInternal,metal,1,0.15252681408993324,0.25,0.9400000000000119,0.6500000000000004,Schematic internal layout
SW-0244,Passive13Terminal1,SW-0244 · 器件焊端,TabletInternal,metal,1,0.1525268140899332,0.25,0.9400000000000119,0.6500000000000004,Schematic internal layout
SW-0245,Passive14Terminal-1,SW-0245 · 器件焊端,TabletInternal,metal,1,0.15252681408993324,0.25,0.9400000000000119,0.6500000000000004,Schematic internal layout
SW-0246,Passive14Terminal1,SW-0246 · 器件焊端,TabletInternal,metal,1,0.15252681408993324,0.25,0.9400000000000119,0.6500000000000004,Schematic internal layout
SW-0247,Passive15Terminal-1,SW-0247 · 器件焊端,TabletInternal,metal,1,0.15252681408993324,0.25,0.9399999999999977,0.6500000000000004,Schematic internal layout
SW-0248,Passive15Terminal1,SW-0248 · 器件焊端,TabletInternal,metal,1,0.15252681408993327,0.25,0.9399999999999977,0.6500000000000004,Schematic internal layout
SW-0249,Passive16Terminal-1,SW-0249 · 器件焊端,TabletInternal,metal,1,0.15252681408993324,0.25,0.9400000000000119,0.6500000000000004,Schematic internal layout
SW-0250,Passive16Terminal1,SW-0250 · 器件焊端,TabletInternal,metal,1,0.15252681408993324,0.25,0.9400000000000119,0.6500000000000004,Schematic internal layout
SW-0251,Passive17Terminal-1,SW-0251 · 器件焊端,TabletInternal,metal,1,0.15252681408993324,0.25,0.9399999999999977,0.6500000000000004,Schematic internal layout
SW-0252,Passive17Terminal1,SW-0252 · 器件焊端,TabletInternal,metal,1,0.15252681408993327,0.25,0.9399999999999977,0.6500000000000004,Schematic internal layout
SW-0253,Passive18Terminal-1,SW-0253 · 器件焊端,TabletInternal,metal,1,0.15252681408993324,0.25,0.9400000000000119,0.6500000000000004,Schematic internal layout
SW-0254,Passive18Terminal1,SW-0254 · 器件焊端,TabletInternal,metal,1,0.15252681408993324,0.25,0.9400000000000119,0.6500000000000004,Schematic internal layout
SW-0255,Passive19Terminal-1,SW-0255 · 器件焊端,TabletInternal,metal,1,0.15252681408993324,0.25,0.9399999999999977,0.6500000000000004,Schematic internal layout
SW-0256,Passive19Terminal1,SW-0256 · 器件焊端,TabletInternal,metal,1,0.15252681408993327,0.25,0.9399999999999977,0.6500000000000004,Schematic internal layout
SW-0257,Passive20Terminal-1,SW-0257 · 器件焊端,TabletInternal,metal,1,0.15252681408993324,0.25,0.9399999999999977,0.6500000000000004,Schematic internal layout
SW-0258,Passive20Terminal1,SW-0258 · 器件焊端,TabletInternal,metal,1,0.15252681408993324,0.25,0.9399999999999977,0.6500000000000004,Schematic internal layout
SW-0259,Passive21Terminal-1,SW-0259 · 器件焊端,TabletInternal,metal,1,0.15252681408993324,0.25,0.9399999999999977,0.6500000000000004,Schematic internal layout
SW-0260,Passive21Terminal1,SW-0260 · 器件焊端,TabletInternal,metal,1,0.15252681408993327,0.25,0.9399999999999977,0.6500000000000004,Schematic internal layout
SW-0261,Passive22Terminal-1,SW-0261 · 器件焊端,TabletInternal,metal,1,0.1525268140899334,0.25,0.9400000000000013,0.6500000000000004,Schematic internal layout
SW-0262,Passive22Terminal1,SW-0262 · 器件焊端,TabletInternal,metal,1,0.1525268140899334,0.25,0.9400000000000013,0.6500000000000004,Schematic internal layout
SW-0263,Passive23Terminal-1,SW-0263 · 器件焊端,TabletInternal,metal,1,0.15252681408993335,0.25,0.94,0.6500000000000004,Schematic internal layout
SW-0264,Passive23Terminal1,SW-0264 · 器件焊端,TabletInternal,metal,1,0.15252681408993335,0.25,0.94,0.6500000000000004,Schematic internal layout
SW-0265,Passive24Terminal-1,SW-0265 · 器件焊端,TabletInternal,metal,1,0.1525268140899333,0.25,0.94,0.6500000000000004,Schematic internal layout
SW-0266,Passive24Terminal1,SW-0266 · 器件焊端,TabletInternal,metal,1,0.15252681408993332,0.25,0.94,0.6500000000000004,Schematic internal layout
SW-0267,Passive25Terminal-1,SW-0267 · 器件焊端,TabletInternal,metal,1,0.15252681408993335,0.25,0.9400000000000004,0.6500000000000004,Schematic internal layout
SW-0268,Passive25Terminal1,SW-0268 · 器件焊端,TabletInternal,metal,1,0.15252681408993338,0.25,0.9400000000000004,0.6500000000000004,Schematic internal layout
SW-0269,Passive26Terminal-1,SW-0269 · 器件焊端,TabletInternal,metal,1,0.15252681408993324,0.25,0.9399999999999977,0.6500000000000004,Schematic internal layout
SW-0270,Passive26Terminal1,SW-0270 · 器件焊端,TabletInternal,metal,1,0.15252681408993324,0.25,0.9399999999999977,0.6500000000000004,Schematic internal layout
SW-0271,Passive27Terminal-1,SW-0271 · 器件焊端,TabletInternal,metal,1,0.1525268140899332,0.25,0.9399999999999977,0.6500000000000004,Schematic internal layout
SW-0272,Passive27Terminal1,SW-0272 · 器件焊端,TabletInternal,metal,1,0.1525268140899332,0.25,0.9399999999999977,0.6500000000000004,Schematic internal layout
SW-0273,Passive28Terminal-1,SW-0273 · 器件焊端,TabletInternal,metal,1,0.15252681408993327,0.25,0.9399999999999977,0.6500000000000004,Schematic internal layout
SW-0274,Passive28Terminal1,SW-0274 · 器件焊端,TabletInternal,metal,1,0.15252681408993327,0.25,0.9399999999999977,0.6500000000000004,Schematic internal layout
SW-0275,Passive29Terminal-1,SW-0275 · 器件焊端,TabletInternal,metal,1,0.15252681408993343,0.25,0.9400000000000013,0.6500000000000004,Schematic internal layout
SW-0276,Passive29Terminal1,SW-0276 · 器件焊端,TabletInternal,metal,1,0.15252681408993343,0.25,0.9400000000000013,0.6500000000000004,Schematic internal layout
SW-0277,Passive30Terminal-1,SW-0277 · 器件焊端,TabletInternal,metal,1,0.15252681408993332,0.25,0.94,0.6500000000000004,Schematic internal layout
SW-0278,Passive30Terminal1,SW-0278 · 器件焊端,TabletInternal,metal,1,0.15252681408993332,0.25,0.94,0.6500000000000004,Schematic internal layout
SW-0279,Passive31Terminal-1,SW-0279 · 器件焊端,TabletInternal,metal,1,0.15252681408993332,0.25,0.94,0.6500000000000004,Schematic internal layout
SW-0280,Passive31Terminal1,SW-0280 · 器件焊端,TabletInternal,metal,1,0.15252681408993332,0.25,0.94,0.6500000000000004,Schematic internal layout
SW-0281,Passive32Terminal-1,SW-0281 · 器件焊端,TabletInternal,metal,1,0.15252681408993335,0.25,0.9400000000000004,0.6500000000000004,Schematic internal layout
SW-0282,Passive32Terminal1,SW-0282 · 器件焊端,TabletInternal,metal,1,0.15252681408993335,0.25,0.9400000000000004,0.6500000000000004,Schematic internal layout
SW-0283,FanHousing,SW-0283 · 离心风扇壳体,TabletInternal,black,1,948.2583265595422,32.8,32.8,4.900000000000001,Schematic internal layout
SW-0284,FanTopPlate,SW-0284 · 风扇金属盖板,TabletInternal,metal,1,140.02863855213093,32.8,32.8,0.3500000000000001,Schematic internal layout
SW-0285,FanHub,SW-0285 · 风扇电机轮毂,TabletInternal,black,1,267.19245518781196,9.0,9.0,4.2,Schematic internal layout
SW-0286,FanVane1,SW-0286 · 离心叶轮叶片,TabletInternal,rubber,1,10.063149999999995,8.850000000000001,2.3500000000000014,3.4000000000000004,Schematic internal layout
SW-0287,FanVane2,SW-0287 · 离心叶轮叶片,TabletInternal,rubber,1,10.063149999999998,8.103274805081917,4.508710431916118,3.4000000000000004,Schematic internal layout
SW-0288,FanVane3,SW-0288 · 离心叶轮叶片,TabletInternal,rubber,1,10.063150000000007,6.804324823492287,6.36015969889343,3.4000000000000004,Schematic internal layout
SW-0289,FanVane4,SW-0289 · 离心叶轮叶片,TabletInternal,rubber,1,10.063150000000004,5.041671349860081,7.778174593052029,3.4000000000000004,Schematic internal layout
SW-0290,FanVane5,SW-0290 · 离心叶轮叶片,TabletInternal,rubber,1,10.063149999999997,2.935436305490768,8.666119742735397,3.4000000000000004,Schematic internal layout
SW-0291,FanVane6,SW-0291 · 离心叶轮叶片,TabletInternal,rubber,1,10.063150000000004,0.6291561279401137,9.017785361548846,3.4000000000000004,Schematic internal layout
SW-0292,FanVane7,SW-0292 · 离心叶轮叶片,TabletInternal,rubber,1,10.063150000000002,2.3499999999999996,8.850000000000005,3.4000000000000004,Schematic internal layout
SW-0293,FanVane8,SW-0293 · 离心叶轮叶片,TabletInternal,rubber,1,10.063149999999998,4.508710431916118,8.103274805081917,3.4000000000000004,Schematic internal layout
SW-0294,FanVane9,SW-0294 · 离心叶轮叶片,TabletInternal,rubber,1,10.063150000000004,6.360159698893433,6.804324823492287,3.4000000000000004,Schematic internal layout
SW-0295,FanVane10,SW-0295 · 离心叶轮叶片,TabletInternal,rubber,1,10.06315,7.778174593052022,5.0416713498600885,3.4000000000000004,Schematic internal layout
SW-0296,FanVane11,SW-0296 · 离心叶轮叶片,TabletInternal,rubber,1,10.063150000000011,8.6661197427354,2.9354363054907644,3.4000000000000004,Schematic internal layout
SW-0297,FanVane12,SW-0297 · 离心叶轮叶片,TabletInternal,rubber,1,10.063150000000004,9.017785361548842,0.6291561279401137,3.4000000000000004,Schematic internal layout
SW-0298,FanVane13,SW-0298 · 离心叶轮叶片,TabletInternal,rubber,1,10.063149999999997,8.85,2.3500000000000014,3.4000000000000004,Schematic internal layout
SW-0299,FanVane14,SW-0299 · 离心叶轮叶片,TabletInternal,rubber,1,10.063149999999995,8.10327480508192,4.508710431916118,3.4000000000000004,Schematic internal layout
SW-0300,FanVane15,SW-0300 · 离心叶轮叶片,TabletInternal,rubber,1,10.06315000000001,6.8043248234922835,6.3601596988934315,3.4000000000000004,Schematic internal layout
SW-0301,FanVane16,SW-0301 · 离心叶轮叶片,TabletInternal,rubber,1,10.063149999999991,5.041671349860085,7.778174593052022,3.4000000000000004,Schematic internal layout
SW-0302,FanVane17,SW-0302 · 离心叶轮叶片,TabletInternal,rubber,1,10.06315000000002,2.9354363054907733,8.6661197427354,3.400000000000002,Schematic internal layout
SW-0303,FanVane18,SW-0303 · 离心叶轮叶片,TabletInternal,rubber,1,10.063149999999993,0.6291561279401154,9.017785361548842,3.4000000000000004,Schematic internal layout
SW-0304,FanVane19,SW-0304 · 离心叶轮叶片,TabletInternal,rubber,1,10.063149999999997,2.3500000000000014,8.850000000000001,3.4000000000000004,Schematic internal layout
SW-0305,FanVane20,SW-0305 · 离心叶轮叶片,TabletInternal,rubber,1,10.063150000000011,4.508710431916107,8.103274805081925,3.4000000000000004,Schematic internal layout
SW-0306,FanVane21,SW-0306 · 离心叶轮叶片,TabletInternal,rubber,1,10.063149999999993,6.36015969889343,6.80432482349228,3.4000000000000004,Schematic internal layout
SW-0307,FanVane22,SW-0307 · 离心叶轮叶片,TabletInternal,rubber,1,10.063149999999998,7.778174593052022,5.0416713498600885,3.4000000000000004,Schematic internal layout
SW-0308,FanVane23,SW-0308 · 离心叶轮叶片,TabletInternal,rubber,1,10.06315,8.66611974273539,2.9354363054907786,3.4000000000000004,Schematic internal layout
SW-0309,FanVane24,SW-0309 · 离心叶轮叶片,TabletInternal,rubber,1,10.063150000000004,9.017785361548842,0.6291561279401137,3.4000000000000004,Schematic internal layout
SW-0310,SoCThermalPad,SW-0310 · SoC 导热垫,TabletInternal,rubber,1,151.58755220230563,19.0,19.0,0.41999999999999993,Schematic internal layout
SW-0311,HeatSpreader,SW-0311 · 铜质均热底座,TabletInternal,copper,1,345.0849555921538,24.0,24.0,0.5999999999999996,Schematic internal layout
SW-0312,CopperHeatPipe,SW-0312 · 连续扁铜热管,TabletInternal,copper,1,532.9746057239054,33.453416240990016,53.92035466713692,1.2000000000000002,Schematic internal layout
SW-0313,CoolingFin1,SW-0313 · 排风散热翅片,TabletInternal,metal,1,6.665000000000002,0.25,6.200000000000003,4.3,Schematic internal layout
SW-0314,CoolingFin2,SW-0314 · 排风散热翅片,TabletInternal,metal,1,6.665,0.25,6.200000000000003,4.3,Schematic internal layout
SW-0315,CoolingFin3,SW-0315 · 排风散热翅片,TabletInternal,metal,1,6.665000000000002,0.25,6.200000000000003,4.3,Schematic internal layout
SW-0316,CoolingFin4,SW-0316 · 排风散热翅片,TabletInternal,metal,1,6.665000000000002,0.25,6.200000000000003,4.3,Schematic internal layout
SW-0317,CoolingFin5,SW-0317 · 排风散热翅片,TabletInternal,metal,1,6.665000000000002,0.25,6.200000000000003,4.3,Schematic internal layout
SW-0318,CoolingFin6,SW-0318 · 排风散热翅片,TabletInternal,metal,1,6.664999999999993,0.2499999999999991,6.200000000000003,4.3,Schematic internal layout
SW-0319,CoolingFin7,SW-0319 · 排风散热翅片,TabletInternal,metal,1,6.665,0.25,6.200000000000003,4.3,Schematic internal layout
SW-0320,CoolingFin8,SW-0320 · 排风散热翅片,TabletInternal,metal,1,6.665000000000002,0.25,6.200000000000003,4.3,Schematic internal layout
SW-0321,CoolingFin9,SW-0321 · 排风散热翅片,TabletInternal,metal,1,6.665000000000002,0.25,6.200000000000003,4.3,Schematic internal layout
SW-0322,CoolingFin10,SW-0322 · 排风散热翅片,TabletInternal,metal,1,6.665000000000002,0.25,6.200000000000003,4.3,Schematic internal layout
SW-0323,CoolingFin11,SW-0323 · 排风散热翅片,TabletInternal,metal,1,6.665000000000002,0.25,6.200000000000003,4.3,Schematic internal layout
SW-0324,CoolingFin12,SW-0324 · 排风散热翅片,TabletInternal,metal,1,6.665,0.25,6.200000000000003,4.3,Schematic internal layout
SW-0325,CoolingFin13,SW-0325 · 排风散热翅片,TabletInternal,metal,1,6.665000000000002,0.25,6.200000000000003,4.3,Schematic internal layout
SW-0326,CoolingFin14,SW-0326 · 排风散热翅片,TabletInternal,metal,1,6.665000000000002,0.25,6.200000000000003,4.3,Schematic internal layout
SW-0327,CoolingFin15,SW-0327 · 排风散热翅片,TabletInternal,metal,1,6.665000000000002,0.25,6.200000000000003,4.3,Schematic internal layout
SW-0328,SpeakerLHousing,SW-0328 · 立体声扬声器腔体,TabletInternal,black,1,402.0496231798695,17.000000099999994,9.000000100000001,4.4000002,Schematic internal layout
SW-0329,SpeakerLMagnet,SW-0329 · 扬声器磁体,TabletInternal,metal,1,80.43752039526186,10.0,4.299999999999997,2.000000000000001,Schematic internal layout
SW-0330,SpeakerLDiaphragm,SW-0330 · 扬声器振膜,TabletInternal,rubber,1,6.943716633826694,13.199999999999989,5.700000000000003,0.09999999999999964,Schematic internal layout
SW-0331,SpeakerRHousing,SW-0331 · 立体声扬声器腔体,TabletInternal,black,1,402.0496233431279,17.000000099999994,9.000000100000001,4.4000002,Schematic internal layout
SW-0332,SpeakerRMagnet,SW-0332 · 扬声器磁体,TabletInternal,metal,1,80.43752039526186,10.0,4.299999999999997,2.000000000000001,Schematic internal layout
SW-0333,SpeakerRDiaphragm,SW-0333 · 扬声器振膜,TabletInternal,rubber,1,6.9437166338266945,13.199999999999989,5.700000000000003,0.09999999999999964,Schematic internal layout
SW-0334,DisplayFlex,SW-0334 · 显示模组 FPC,TabletInternal,copper,1,40.30918406743529,12.0,24.0,0.14000000000000057,Schematic internal layout
SW-0335,CardFlex,SW-0335 · 游戏卡排线,TabletInternal,copper,1,8.635879644737233,8.0,9.0,0.1200000000000001,Schematic internal layout
SW-0336,BatteryLead0,SW-0336 · 电池线束,TabletInternal,red,1,4.926017280828799,9.8,0.7999999999999972,0.8000000000000007,Schematic internal layout
SW-0337,BatteryLead1,SW-0337 · 电池线束,TabletInternal,black,1,4.9260172808288,9.8,0.7999999999999972,0.8000000000000007,Schematic internal layout
SW-0338,BatteryLead2,SW-0338 · 电池线束,TabletInternal,black,1,4.926017280828799,9.8,0.7999999999999972,0.8000000000000007,Schematic internal layout
SW-0339,JoyLPCB,SW-0339 · Joy-Con L · 主控 PCB,JoyInternalL,pcb,1,1664.8529363025223,27.80000000000001,93.4,0.75,Schematic internal layout
SW-0340,JoyLBattery,SW-0340 · Joy-Con L · 525 mAh 电池,JoyInternalL,battery,1,3855.8880505764237,23.0,40.0,4.2,Schematic internal layout
SW-0341,JoyLBatteryMark,SW-0341 · 525 mAh,JoyInternalL,white,6,0.0796717168021711,11.784840804026828,2.097181408053691,0.012000199999999999,Approximate exterior detail; published envelope dimensions
SW-0342,JoyLBatteryNote,SW-0342 · CAD STUDY,JoyInternalL,white,8,0.04447677695806919,9.952625938926175,1.315570669798658,0.012000199999999999,Approximate exterior detail; published envelope dimensions
SW-0343,JoyLBatteryCradle,SW-0343 · 电池固定托架,JoyInternalL,black,1,249.73473430653203,25.19999999999999,44.0,0.5,Schematic internal layout
SW-0344,JoyLGimbalHousing,SW-0344 · 摇杆金属万向架,JoyInternalL,metal,1,272.21993298128217,16.599999999999994,16.6,4.2,Schematic internal layout
SW-0345,JoyLGimbalX,SW-0345 · 摇杆 X 轴,JoyInternalL,metal,1,12.734445821326222,13.400000000000006,1.1000000000000014,1.1000000000000005,Schematic internal layout
SW-0346,JoyLGimbalY0,SW-0346 · 摇杆 Y 半轴,JoyInternalL,metal,1,5.511924310723299,1.0999999999999943,5.800000000000001,1.1000000000000005,Schematic internal layout
SW-0347,JoyLGimbalY1,SW-0347 · 摇杆 Y 半轴,JoyInternalL,metal,1,5.511924310723299,1.0999999999999943,5.800000000000001,1.1000000000000005,Schematic internal layout
SW-0348,JoyLPot0,SW-0348 · 摇杆位置电位器示意,JoyInternalL,rubber,1,39.84548667764615,2.0,10.0,1.9999999999999991,Schematic internal layout
SW-0349,JoyLPot1,SW-0349 · 摇杆位置电位器示意,JoyInternalL,rubber,1,39.84548667764616,10.0,2.0,1.9999999999999991,Schematic internal layout
SW-0350,JoyLButtonPad0,SW-0350 · 按键 PCB 镀金圆盘,JoyInternalL,gold,1,1.1314445941903668,4.900000000000006,4.9,0.0600000000000005,Schematic internal layout
SW-0351,JoyLButtonDome0,SW-0351 · 金属弹片触点,JoyInternalL,metal,1,3.9242158997594974,4.400000000000006,4.4,0.33000000000000007,Schematic internal layout
SW-0352,JoyLButtonPad1,SW-0352 · 按键 PCB 镀金圆盘,JoyInternalL,gold,1,1.1314445941903668,4.900000000000006,4.8999999999999995,0.0600000000000005,Schematic internal layout
SW-0353,JoyLButtonDome1,SW-0353 · 金属弹片触点,JoyInternalL,metal,1,3.9242158997594974,4.400000000000006,4.3999999999999995,0.33000000000000007,Schematic internal layout
SW-0354,JoyLButtonPad2,SW-0354 · 按键 PCB 镀金圆盘,JoyInternalL,gold,1,1.1314445941903668,4.900000000000006,4.899999999999999,0.0600000000000005,Schematic internal layout
SW-0355,JoyLButtonDome2,SW-0355 · 金属弹片触点,JoyInternalL,metal,1,3.9242158997594974,4.400000000000006,4.399999999999999,0.33000000000000007,Schematic internal layout
SW-0356,JoyLButtonPad3,SW-0356 · 按键 PCB 镀金圆盘,JoyInternalL,gold,1,1.1314445941903668,4.900000000000006,4.8999999999999995,0.0600000000000005,Schematic internal layout
SW-0357,JoyLButtonDome3,SW-0357 · 金属弹片触点,JoyInternalL,metal,1,3.9242158997594974,4.400000000000006,4.3999999999999995,0.33000000000000007,Schematic internal layout
SW-0358,JoyLWirelessIC,SW-0358 · 无线控制器封装,JoyInternalL,black,1,32.35171458676443,6.0,6.0,0.9000000000000004,Schematic internal layout
SW-0359,JoyLPassive1,SW-0359 · 手柄 PCB 阻容器件,JoyInternalL,rubber,1,0.6746137166941166,0.9000000000000057,1.5,0.5,Schematic internal layout
SW-0360,JoyLPassive2,SW-0360 · 手柄 PCB 阻容器件,JoyInternalL,rubber,1,0.6746137166941167,0.9000000000000057,1.5,0.5,Schematic internal layout
SW-0361,JoyLPassive3,SW-0361 · 手柄 PCB 阻容器件,JoyInternalL,rubber,1,0.6746137166941167,0.9000000000000057,1.5,0.5,Schematic internal layout
SW-0362,JoyLPassive4,SW-0362 · 手柄 PCB 阻容器件,JoyInternalL,rubber,1,0.6746137166941167,0.9000000000000057,1.5,0.5,Schematic internal layout
SW-0363,JoyLPassive5,SW-0363 · 手柄 PCB 阻容器件,JoyInternalL,rubber,1,0.6746137166941167,0.9000000000000057,1.5,0.5,Schematic internal layout
SW-0364,JoyLPassive6,SW-0364 · 手柄 PCB 阻容器件,JoyInternalL,rubber,1,0.6746137166941166,0.9000000000000057,1.5,0.5,Schematic internal layout
SW-0365,JoyLPassive7,SW-0365 · 手柄 PCB 阻容器件,JoyInternalL,rubber,1,0.6746137166941166,0.9000000000000057,1.5,0.5,Schematic internal layout
SW-0366,JoyLPassive8,SW-0366 · 手柄 PCB 阻容器件,JoyInternalL,rubber,1,0.6746137166941168,0.9000000000000057,1.5,0.5,Schematic internal layout
SW-0367,JoyLPassive9,SW-0367 · 手柄 PCB 阻容器件,JoyInternalL,rubber,1,0.6746137166941167,0.9000000000000057,1.5,0.5,Schematic internal layout
SW-0368,JoyLPassive10,SW-0368 · 手柄 PCB 阻容器件,JoyInternalL,rubber,1,0.6746137166941166,0.9000000000000057,1.5,0.5,Schematic internal layout
SW-0369,JoyLPassive11,SW-0369 · 手柄 PCB 阻容器件,JoyInternalL,rubber,1,0.6746137166941166,0.9000000000000057,1.5,0.5,Schematic internal layout
SW-0370,JoyLPassive12,SW-0370 · 手柄 PCB 阻容器件,JoyInternalL,rubber,1,0.6746137166941167,0.9000000000000057,1.5,0.5,Schematic internal layout
SW-0371,JoyLHapticCase,SW-0371 · HD Rumble 金属壳,JoyInternalL,metal,1,274.3902535590621,19.0,11.799999999999997,5.4,Schematic internal layout
SW-0372,JoyLHapticMass,SW-0372 · 振动配重,JoyInternalL,rubber,1,158.0547343065321,12.800000000000011,4.0,3.1,Schematic internal layout
SW-0373,JoyLHapticCoil,SW-0373 · HD Rumble 连续铜绕组,JoyInternalL,copper,1,11.995319502823723,14.209873045685498,3.410480893088799,3.410022295481919,Schematic internal layout
SW-0374,JoyLHapticSpring0,SW-0374 · 振动悬置簧片,JoyInternalL,metal,1,6.017963893421158,0.21999999999999886,7.600000000000005,3.6,Schematic internal layout
SW-0375,JoyLHapticSpring1,SW-0375 · 振动悬置簧片,JoyInternalL,metal,1,6.017963893421158,0.21999999999999886,7.600000000000005,3.6,Schematic internal layout
SW-0376,JoyLRailFlex,SW-0376 · 导轨与主板排线,JoyInternalL,copper,1,8.798068583470558,1.6000000000000227,55.0,0.09999999999999964,Schematic internal layout
SW-0377,JoyLHapticFlex,SW-0377 · 振动模块排线,JoyInternalL,copper,1,3.1980685834705733,4.0,8.0,0.09999999999999964,Schematic internal layout
SW-0378,JoyLBoss0,SW-0378 · 手柄后盖螺钉柱,JoyInternalL,shell,1,11.611326447667867,2.8000000000000114,2.799999999999997,2.8,Schematic internal layout
SW-0379,JoyLBoss1,SW-0379 · 手柄后盖螺钉柱,JoyInternalL,shell,1,11.61132644766787,2.8000000000000114,2.799999999999997,2.8,Schematic internal layout
SW-0380,JoyLBoss2,SW-0380 · 手柄后盖螺钉柱,JoyInternalL,shell,1,11.611326447667873,2.8000000000000114,2.799999999999997,2.8,Schematic internal layout
SW-0381,JoyLBoss3,SW-0381 · 手柄后盖螺钉柱,JoyInternalL,shell,1,11.61132644766787,2.8000000000000114,2.799999999999997,2.8,Schematic internal layout
SW-0382,JoyRPCB,SW-0382 · Joy-Con R · 主控 PCB,JoyInternalR,pcb,1,1664.852936302522,27.80000000000001,93.4,0.75,Schematic internal layout
SW-0383,JoyRBattery,SW-0383 · Joy-Con R · 525 mAh 电池,JoyInternalR,battery,1,3855.8880505764237,23.0,40.0,4.2,Schematic internal layout
SW-0384,JoyRBatteryMark,SW-0384 · 525 mAh,JoyInternalR,white,6,0.07967171680217106,11.784840804026828,2.097181408053691,0.012000199999999999,Approximate exterior detail; published envelope dimensions
SW-0385,JoyRBatteryNote,SW-0385 · CAD STUDY,JoyInternalR,white,8,0.044476776958069175,9.952625938926175,1.315570669798658,0.012000199999999999,Approximate exterior detail; published envelope dimensions
SW-0386,JoyRBatteryCradle,SW-0386 · 电池固定托架,JoyInternalR,black,1,249.73473430653206,25.19999999999999,44.0,0.5,Schematic internal layout
SW-0387,JoyRGimbalHousing,SW-0387 · 摇杆金属万向架,JoyInternalR,metal,1,272.21993298128217,16.599999999999994,16.6,4.2,Schematic internal layout
SW-0388,JoyRGimbalX,SW-0388 · 摇杆 X 轴,JoyInternalR,metal,1,12.734445821326226,13.400000000000006,1.1000000000000014,1.1000000000000005,Schematic internal layout
SW-0389,JoyRGimbalY0,SW-0389 · 摇杆 Y 半轴,JoyInternalR,metal,1,5.511924310723298,1.0999999999999943,5.800000000000001,1.1000000000000005,Schematic internal layout
SW-0390,JoyRGimbalY1,SW-0390 · 摇杆 Y 半轴,JoyInternalR,metal,1,5.511924310723298,1.0999999999999943,5.8,1.1000000000000005,Schematic internal layout
SW-0391,JoyRPot0,SW-0391 · 摇杆位置电位器示意,JoyInternalR,rubber,1,39.84548667764616,2.0,10.0,1.9999999999999991,Schematic internal layout
SW-0392,JoyRPot1,SW-0392 · 摇杆位置电位器示意,JoyInternalR,rubber,1,39.84548667764615,10.0,2.0000000000000004,1.9999999999999991,Schematic internal layout
SW-0393,JoyRButtonPad0,SW-0393 · 按键 PCB 镀金圆盘,JoyInternalR,gold,1,1.1314445941903666,4.900000000000006,4.900000000000006,0.0600000000000005,Schematic internal layout
SW-0394,JoyRButtonDome0,SW-0394 · 金属弹片触点,JoyInternalR,metal,1,3.9242158997594965,4.400000000000006,4.400000000000006,0.33000000000000007,Schematic internal layout
SW-0395,JoyRButtonPad1,SW-0395 · 按键 PCB 镀金圆盘,JoyInternalR,gold,1,1.1314445941903668,4.900000000000006,4.899999999999999,0.0600000000000005,Schematic internal layout
SW-0396,JoyRButtonDome1,SW-0396 · 金属弹片触点,JoyInternalR,metal,1,3.9242158997594974,4.400000000000006,4.399999999999999,0.33000000000000007,Schematic internal layout
SW-0397,JoyRButtonPad2,SW-0397 · 按键 PCB 镀金圆盘,JoyInternalR,gold,1,1.1314445941903668,4.900000000000006,4.900000000000002,0.0600000000000005,Schematic internal layout
SW-0398,JoyRButtonDome2,SW-0398 · 金属弹片触点,JoyInternalR,metal,1,3.9242158997594974,4.400000000000006,4.400000000000002,0.33000000000000007,Schematic internal layout
SW-0399,JoyRButtonPad3,SW-0399 · 按键 PCB 镀金圆盘,JoyInternalR,gold,1,1.1314445941903668,4.900000000000006,4.899999999999999,0.0600000000000005,Schematic internal layout
SW-0400,JoyRButtonDome3,SW-0400 · 金属弹片触点,JoyInternalR,metal,1,3.9242158997594974,4.400000000000006,4.399999999999999,0.33000000000000007,Schematic internal layout
SW-0401,JoyRWirelessIC,SW-0401 · 无线控制器封装,JoyInternalR,black,1,32.35171458676443,6.0,6.0,0.9000000000000004,Schematic internal layout
SW-0402,JoyRPassive1,SW-0402 · 手柄 PCB 阻容器件,JoyInternalR,rubber,1,0.6746137166941166,0.9000000000000057,1.5,0.5,Schematic internal layout
SW-0403,JoyRPassive2,SW-0403 · 手柄 PCB 阻容器件,JoyInternalR,rubber,1,0.6746137166941166,0.9000000000000057,1.5,0.5,Schematic internal layout
SW-0404,JoyRPassive3,SW-0404 · 手柄 PCB 阻容器件,JoyInternalR,rubber,1,0.6746137166941166,0.9000000000000057,1.5,0.5,Schematic internal layout
SW-0405,JoyRPassive4,SW-0405 · 手柄 PCB 阻容器件,JoyInternalR,rubber,1,0.6746137166941167,0.9000000000000057,1.5,0.5,Schematic internal layout
SW-0406,JoyRPassive5,SW-0406 · 手柄 PCB 阻容器件,JoyInternalR,rubber,1,0.6746137166941167,0.9000000000000057,1.5,0.5,Schematic internal layout
SW-0407,JoyRPassive6,SW-0407 · 手柄 PCB 阻容器件,JoyInternalR,rubber,1,0.6746137166941166,0.9000000000000057,1.5,0.5,Schematic internal layout
SW-0408,JoyRPassive7,SW-0408 · 手柄 PCB 阻容器件,JoyInternalR,rubber,1,0.6746137166941167,0.9000000000000057,1.5,0.5,Schematic internal layout
SW-0409,JoyRPassive8,SW-0409 · 手柄 PCB 阻容器件,JoyInternalR,rubber,1,0.6746137166941167,0.9000000000000057,1.5,0.5,Schematic internal layout
SW-0410,JoyRPassive9,SW-0410 · 手柄 PCB 阻容器件,JoyInternalR,rubber,1,0.6746137166941166,0.9000000000000057,1.5,0.5,Schematic internal layout
SW-0411,JoyRPassive10,SW-0411 · 手柄 PCB 阻容器件,JoyInternalR,rubber,1,0.6746137166941166,0.9000000000000057,1.5,0.5,Schematic internal layout
SW-0412,JoyRPassive11,SW-0412 · 手柄 PCB 阻容器件,JoyInternalR,rubber,1,0.6746137166941167,0.9000000000000057,1.5,0.5,Schematic internal layout
SW-0413,JoyRPassive12,SW-0413 · 手柄 PCB 阻容器件,JoyInternalR,rubber,1,0.6746137166941166,0.9000000000000057,1.5,0.5,Schematic internal layout
SW-0414,JoyRHapticCase,SW-0414 · HD Rumble 金属壳,JoyInternalR,metal,1,274.39025355906233,19.0,11.799999999999997,5.4,Schematic internal layout
SW-0415,JoyRHapticMass,SW-0415 · 振动配重,JoyInternalR,rubber,1,158.0547343065321,12.800000000000011,4.0,3.1,Schematic internal layout
SW-0416,JoyRHapticCoil,SW-0416 · HD Rumble 连续铜绕组,JoyInternalR,copper,1,11.995319502823723,14.209873045685498,3.410480893088799,3.410022295481919,Schematic internal layout
SW-0417,JoyRHapticSpring0,SW-0417 · 振动悬置簧片,JoyInternalR,metal,1,6.017963893421159,0.21999999999999886,7.600000000000005,3.6,Schematic internal layout
SW-0418,JoyRHapticSpring1,SW-0418 · 振动悬置簧片,JoyInternalR,metal,1,6.017963893421158,0.21999999999999886,7.600000000000005,3.6,Schematic internal layout
SW-0419,JoyRRailFlex,SW-0419 · 导轨与主板排线,JoyInternalR,copper,1,8.798068583470558,1.6000000000000227,55.0,0.09999999999999964,Schematic internal layout
SW-0420,JoyRHapticFlex,SW-0420 · 振动模块排线,JoyInternalR,copper,1,3.1980685834705733,4.0,8.0,0.09999999999999964,Schematic internal layout
SW-0421,JoyRBoss0,SW-0421 · 手柄后盖螺钉柱,JoyInternalR,shell,1,11.611326447667867,2.8000000000000114,2.799999999999997,2.8,Schematic internal layout
SW-0422,JoyRBoss1,SW-0422 · 手柄后盖螺钉柱,JoyInternalR,shell,1,11.61132644766787,2.8000000000000114,2.799999999999997,2.8,Schematic internal layout
SW-0423,JoyRBoss2,SW-0423 · 手柄后盖螺钉柱,JoyInternalR,shell,1,11.611326447667867,2.8000000000000114,2.799999999999997,2.8,Schematic internal layout
SW-0424,JoyRBoss3,SW-0424 · 手柄后盖螺钉柱,JoyInternalR,shell,1,11.61132644766787,2.8000000000000114,2.799999999999997,2.8,Schematic internal layout
SW-0425,JoyRNFCAntenna,SW-0425 · 右手柄 NFC 四匝天线,JoyInternalR,copper,1,4.295663156353851,19.78573300271303,19.411481026801813,0.16000020000006554,Schematic internal layout
SW-0426,IRCameraPCB,SW-0426 · 红外相机小板,JoyInternalR,pcb,1,59.97072563597334,13.200000000000017,7.0,0.6500000000000004,Schematic internal layout
SW-0427,IRCameraLens,SW-0427 · 红外成像透镜,JoyInternalR,screen,1,21.382464998495532,3.3000000000000114,2.5,3.3,Schematic internal layout
SW-0428,DockGuideBack-1,SW-0428 · 主机后导向垫,Dock,rubber,1,641.4557519189487,8.0,73.0,1.1000000000000005,Approximate exterior detail; published envelope dimensions
SW-0429,DockGuideFront-1,SW-0429 · 主机前导向垫,Dock,rubber,1,553.4557519189491,8.0,63.0,1.1000000000000014,Approximate exterior detail; published envelope dimensions
SW-0430,DockFoot-1,SW-0430 · 底座防滑脚,Dock,rubber,1,908.9295571273242,41.0,0.6000000000000227,37.0,Approximate exterior detail; published envelope dimensions
SW-0431,DockGuideBack1,SW-0431 · 主机后导向垫,Dock,rubber,1,641.4557519189487,8.0,73.0,1.1000000000000005,Approximate exterior detail; published envelope dimensions
SW-0432,DockGuideFront1,SW-0432 · 主机前导向垫,Dock,rubber,1,553.4557519189491,8.0,63.0,1.1000000000000014,Approximate exterior detail; published envelope dimensions
SW-0433,DockFoot1,SW-0433 · 底座防滑脚,Dock,rubber,1,908.9295571273244,41.0,0.6000000000000227,37.0,Approximate exterior detail; published envelope dimensions
SW-0434,DockConnectorMount,SW-0434 · 浮动插接支座,DockInternal,black,1,1323.8102592124324,28.0,4.0,12.0,Schematic internal layout
SW-0435,DockUSBCPlug,SW-0435 · 底座 USB-C 插头,DockInternal,metal,1,41.33741700897888,8.2,5.099999999999994,2.5,Schematic internal layout
SW-0436,DockGuidePin-1,SW-0436 · 底座定位柱,DockInternal,black,1,16.619025137490002,2.3000000000000007,4.0,2.3000000000000007,Schematic internal layout
SW-0437,DockGuidePin1,SW-0437 · 底座定位柱,DockInternal,black,1,16.619025137490002,2.3000000000000007,4.0,2.3000000000000007,Schematic internal layout
SW-0438,DockPCB,SW-0438 · 底座接口 PCB,DockInternal,pcb,1,11083.879644737232,132.0,70.0,1.2000000000000002,Schematic internal layout
SW-0439,DockController,SW-0439 · 底座芯片 Controller,DockInternal,black,1,172.63518578948924,12.0,12.0,1.2000000000000002,Schematic internal layout
SW-0440,DockVideoBridge,SW-0440 · 底座芯片 VideoBridge,DockInternal,black,1,202.6351857894892,13.0,13.0,1.2000000000000002,Schematic internal layout
SW-0441,DockPowerIC,SW-0441 · 底座芯片 PowerIC,DockInternal,black,1,86.23518578948924,8.0,9.0,1.2000000000000002,Schematic internal layout
SW-0442,DockUSBHub,SW-0442 · 底座芯片 USBHub,DockInternal,black,1,119.83518578948926,10.0,10.0,1.2000000000000002,Schematic internal layout
SW-0443,DockSideUSB1Shell,SW-0443 · USB-A 接口金属壳,DockInternal,metal,1,196.1978756580304,12.0,13.399999999999977,5.800000000000001,Schematic internal layout
SW-0444,DockSideUSB1Tongue,SW-0444 · USB-A 绝缘舌片,DockInternal,black,1,180.36617251235197,9.0,11.800000000000011,1.6999999999999993,Schematic internal layout
SW-0445,DockSideUSB1Contact0,SW-0445 · USB-A 触点,DockInternal,gold,1,0.5019398223686149,6.0,0.7000000000000455,0.120000000000001,Schematic internal layout
SW-0446,DockSideUSB1Contact1,SW-0446 · USB-A 触点,DockInternal,gold,1,0.5019398223686149,6.0,0.7000000000000455,0.120000000000001,Schematic internal layout
SW-0447,DockSideUSB1Contact2,SW-0447 · USB-A 触点,DockInternal,gold,1,0.5019398223686149,6.0,0.7000000000000455,0.120000000000001,Schematic internal layout
SW-0448,DockSideUSB1Contact3,SW-0448 · USB-A 触点,DockInternal,gold,1,0.5019398223686149,6.0,0.7000000000000455,0.120000000000001,Schematic internal layout
SW-0449,DockTower,SW-0449 · 底座后部壳体,Dock,shell,1,58755.457786124054,173.0,103.39999999999998,25.0,Approximate exterior detail; published envelope dimensions
SW-0450,DockSideUSB2Shell,SW-0450 · USB-A 接口金属壳,DockInternal,metal,1,196.1978756580304,12.0,13.399999999999977,5.800000000000001,Schematic internal layout
SW-0451,DockSideUSB2Tongue,SW-0451 · USB-A 绝缘舌片,DockInternal,black,1,180.36617251235194,9.0,11.800000000000011,1.6999999999999993,Schematic internal layout
SW-0452,DockSideUSB2Contact0,SW-0452 · USB-A 触点,DockInternal,gold,1,0.5019398223686149,6.0,0.7000000000000455,0.120000000000001,Schematic internal layout
SW-0453,DockSideUSB2Contact1,SW-0453 · USB-A 触点,DockInternal,gold,1,0.5019398223686149,6.0,0.7000000000000455,0.120000000000001,Schematic internal layout
SW-0454,DockSideUSB2Contact2,SW-0454 · USB-A 触点,DockInternal,gold,1,0.5019398223686149,6.0,0.7000000000000455,0.120000000000001,Schematic internal layout
SW-0455,DockSideUSB2Contact3,SW-0455 · USB-A 触点,DockInternal,gold,1,0.5019398223686149,6.0,0.7000000000000455,0.120000000000001,Schematic internal layout
SW-0456,DockRearUSBShell,SW-0456 · USB-A 接口金属壳,DockInternal,metal,1,196.19787565803233,13.399999999999999,5.800000000000011,12.0,Schematic internal layout
SW-0457,DockRearUSBTongue,SW-0457 · USB-A 绝缘舌片,DockInternal,black,1,180.36617251235154,11.799999999999999,1.6999999999999886,9.0,Schematic internal layout
SW-0458,DockRearUSBContact0,SW-0458 · USB-A 触点,DockInternal,gold,1,0.5019398223686218,0.7000000000000011,0.12000000000000455,6.0,Schematic internal layout
SW-0459,DockRearUSBContact1,SW-0459 · USB-A 触点,DockInternal,gold,1,0.5019398223686216,0.6999999999999993,0.12000000000000455,6.0,Schematic internal layout
SW-0460,DockRearUSBContact2,SW-0460 · USB-A 触点,DockInternal,gold,1,0.5019398223686216,0.6999999999999993,0.12000000000000455,6.0,Schematic internal layout
SW-0461,DockRearUSBContact3,SW-0461 · USB-A 触点,DockInternal,gold,1,0.5019398223686216,0.6999999999999993,0.12000000000000455,6.0,Schematic internal layout
SW-0462,DockACSocket,SW-0462 · 底座 AC USB-C 电源接口,DockInternal,metal,1,71.4387144332885,8.800000000000011,3.1999999999999886,10.0,Schematic internal layout
SW-0463,DockHDMI,SW-0463 · HDMI 接口金属壳,DockInternal,metal,1,271.87964473723093,14.200000000000003,5.7000000000000455,10.0,Schematic internal layout
SW-0464,DockHDMITongue,SW-0464 · HDMI 绝缘舌片,DockInternal,black,1,114.64762155637057,11.799999999999999,1.3000000000000114,7.5,Schematic internal layout
SW-0465,HDMIContact1,SW-0465 · HDMI 触点,DockInternal,gold,1,0.12268772090880746,0.25,0.08999999999997499,5.5,Schematic internal layout
SW-0466,HDMIContact2,SW-0466 · HDMI 触点,DockInternal,gold,1,0.12268772090880745,0.25,0.08999999999997499,5.5,Schematic internal layout
SW-0467,HDMIContact3,SW-0467 · HDMI 触点,DockInternal,gold,1,0.12268772090880745,0.25,0.08999999999997499,5.5,Schematic internal layout
SW-0468,HDMIContact4,SW-0468 · HDMI 触点,DockInternal,gold,1,0.12268772090880746,0.25,0.08999999999997499,5.5,Schematic internal layout
SW-0469,HDMIContact5,SW-0469 · HDMI 触点,DockInternal,gold,1,0.12268772090880747,0.25,0.08999999999997499,5.5,Schematic internal layout
SW-0470,HDMIContact6,SW-0470 · HDMI 触点,DockInternal,gold,1,0.12268772090880746,0.25,0.08999999999997499,5.5,Schematic internal layout
SW-0471,HDMIContact7,SW-0471 · HDMI 触点,DockInternal,gold,1,0.12268772090880746,0.25,0.08999999999997499,5.5,Schematic internal layout
SW-0472,HDMIContact8,SW-0472 · HDMI 触点,DockInternal,gold,1,0.12268772090880747,0.25,0.08999999999997499,5.5,Schematic internal layout
SW-0473,HDMIContact9,SW-0473 · HDMI 触点,DockInternal,gold,1,0.12268772090880749,0.25,0.08999999999997499,5.5,Schematic internal layout
SW-0474,HDMIContact10,SW-0474 · HDMI 触点,DockInternal,gold,1,0.12268772090880747,0.25,0.08999999999997499,5.5,Schematic internal layout
SW-0475,HDMIContact11,SW-0475 · HDMI 触点,DockInternal,gold,1,0.12268772090880747,0.25,0.08999999999997499,5.5,Schematic internal layout
SW-0476,HDMIContact12,SW-0476 · HDMI 触点,DockInternal,gold,1,0.12268772090880746,0.25,0.08999999999997499,5.5,Schematic internal layout
SW-0477,HDMIContact13,SW-0477 · HDMI 触点,DockInternal,gold,1,0.12268772090880746,0.25,0.08999999999997499,5.5,Schematic internal layout
SW-0478,HDMIContact14,SW-0478 · HDMI 触点,DockInternal,gold,1,0.12268772090880749,0.25,0.08999999999997499,5.5,Schematic internal layout
SW-0479,HDMIContact15,SW-0479 · HDMI 触点,DockInternal,gold,1,0.12268772090880747,0.25,0.08999999999997499,5.5,Schematic internal layout
SW-0480,HDMIContact16,SW-0480 · HDMI 触点,DockInternal,gold,1,0.12268772090880746,0.25,0.08999999999997499,5.5,Schematic internal layout
SW-0481,HDMIContact17,SW-0481 · HDMI 触点,DockInternal,gold,1,0.12268772090880745,0.25,0.08999999999997499,5.5,Schematic internal layout
SW-0482,HDMIContact18,SW-0482 · HDMI 触点,DockInternal,gold,1,0.12268772090880746,0.25,0.08999999999997499,5.5,Schematic internal layout
SW-0483,HDMIContact19,SW-0483 · HDMI 触点,DockInternal,gold,1,0.12268772090880746,0.25,0.08999999999997499,5.5,Schematic internal layout
SW-0484,DockLabelACADAPTER,SW-0484 · AC ADAPTER,DockInternal,white,9,0.11343596945239094,16.25201352281878,1.9489934885905882,0.012000200000002792,Approximate exterior detail; published envelope dimensions
SW-0485,DockLabelUSB,SW-0485 · USB,DockInternal,white,3,0.041305757539075366,4.883725032214766,1.9489934885905882,0.012000200000002792,Approximate exterior detail; published envelope dimensions
SW-0486,DockLabelHDMIOUT,SW-0486 · HDMI OUT,DockInternal,white,7,0.0904307013056856,12.974496644295302,1.9489934885905882,0.012000200000002792,Approximate exterior detail; published envelope dimensions
SW-0487,DockLED,SW-0487 · TV 输出状态指示灯,Dock,led,1,3.756530964914899,4.300000000000011,1.1000000000000227,0.8000000000000007,Approximate exterior detail; published envelope dimensions
SW-0488,DockLogo,SW-0488 · Nintendo Switch 官方轮廓标识,Dock,black,19,10.948485319543035,43.0000002,43.75895128421581,0.01800020000000302,Approximate exterior detail; published envelope dimensions
SW-0489,GripRail-1,SW-0489 · 握把滑轨,Grip,metal,1,1654.6962938426345,2.3999999999999773,92.0,7.5,Approximate exterior detail; published envelope dimensions
SW-0490,GripLEDWindow-1_0,SW-0490 · 握把玩家灯导光窗,Grip,white,1,0.15496991118430767,1.0,1.3000000000000114,0.11999999999999922,Approximate exterior detail; published envelope dimensions
SW-0491,GripLEDWindow-1_1,SW-0491 · 握把玩家灯导光窗,Grip,white,1,0.15496991118430767,1.0,1.3000000000000114,0.11999999999999922,Approximate exterior detail; published envelope dimensions
SW-0492,GripLEDWindow-1_2,SW-0492 · 握把玩家灯导光窗,Grip,white,1,0.15496991118430767,1.0,1.3000000000000114,0.11999999999999922,Approximate exterior detail; published envelope dimensions
SW-0493,GripLEDWindow-1_3,SW-0493 · 握把玩家灯导光窗,Grip,white,1,0.15496991118430767,1.0,1.3000000000000114,0.11999999999999922,Approximate exterior detail; published envelope dimensions
SW-0494,GripRail1,SW-0494 · 握把滑轨,Grip,metal,1,1654.696293842634,2.3999999999999773,92.0,7.5,Approximate exterior detail; published envelope dimensions
SW-0495,GripLEDWindow1_0,SW-0495 · 握把玩家灯导光窗,Grip,white,1,0.1549699111843077,1.0,1.3000000000000114,0.11999999999999922,Approximate exterior detail; published envelope dimensions
SW-0496,GripLEDWindow1_1,SW-0496 · 握把玩家灯导光窗,Grip,white,1,0.1549699111843077,1.0,1.3000000000000114,0.11999999999999922,Approximate exterior detail; published envelope dimensions
SW-0497,GripLEDWindow1_2,SW-0497 · 握把玩家灯导光窗,Grip,white,1,0.1549699111843077,1.0,1.3000000000000114,0.11999999999999922,Approximate exterior detail; published envelope dimensions
SW-0498,GripLEDWindow1_3,SW-0498 · 握把玩家灯导光窗,Grip,white,1,0.1549699111843077,1.0,1.3000000000000114,0.11999999999999922,Approximate exterior detail; published envelope dimensions
SW-0499,GripLogo,SW-0499 · Nintendo Switch 官方轮廓标识,Grip,black,19,3.700813047438831,25.000000199999988,25.441250830358058,0.018000199999999467,Approximate exterior detail; published envelope dimensions
SW-0500,StrapLButton0,SW-0500 · 腕带 SL/SR 加长键,StrapL,rubber,1,114.47028276328619,11.700000000000017,9.0,1.0999999999999996,Approximate exterior detail; published envelope dimensions
SW-0501,StrapLButton1,SW-0501 · 腕带 SL/SR 加长键,StrapL,rubber,1,114.47028276328619,11.700000000000017,9.0,1.0999999999999996,Approximate exterior detail; published envelope dimensions
SW-0502,StrapLLock,SW-0502 · 腕带白色锁扣,StrapL,white,1,132.42477796076938,9.0,5.0,3.0,Approximate exterior detail; published envelope dimensions
SW-0503,StrapLCord,SW-0503 · 腕带闭合织绳,StrapL,black,1,355.5834337768301,37.70000020000002,63.70000020000032,1.700000200000023,Approximate exterior detail; published envelope dimensions
SW-0504,StrapRButton0,SW-0504 · 腕带 SL/SR 加长键,StrapR,rubber,1,114.4702827632862,11.700000000000017,9.0,1.0999999999999996,Approximate exterior detail; published envelope dimensions
SW-0505,StrapRButton1,SW-0505 · 腕带 SL/SR 加长键,StrapR,rubber,1,114.4702827632862,11.700000000000017,9.0,1.0999999999999996,Approximate exterior detail; published envelope dimensions
SW-0506,StrapRLock,SW-0506 · 腕带白色锁扣,StrapR,white,1,132.42477796076938,9.0,5.0,3.0,Approximate exterior detail; published envelope dimensions
SW-0507,StrapRCord,SW-0507 · 腕带闭合织绳,StrapR,black,1,355.5834337768379,37.70000019999999,63.69370280312188,1.700000200000023,Approximate exterior detail; published envelope dimensions
SW-0508,TabletFrame,SW-0508 · 主机框架,Tablet,shell,1,5950.667713296039,173.0,101.0,12.15,Approximate exterior detail; published envelope dimensions
SW-0509,GameCardLegend,SW-0509 · GAME CARD,Tablet,black,8,0.08124805847822276,13.149542985234895,0.012000200000002792,1.6566444953020136,Approximate exterior detail; published envelope dimensions
SW-0510,BumperLegendL,SW-0510 · L,JoyLeft,white,1,0.012640477906400794,1.461304530201346,0.012000000000000455,2.348993288590604,Approximate exterior detail; published envelope dimensions
SW-0511,BumperLegendR,SW-0511 · R,JoyRight,white,1,0.02266217152908403,1.829383589261738,0.012000200000002792,2.3489934885906028,Approximate exterior detail; published envelope dimensions
SW-0512,BottomLabelText,SW-0512 · SWITCH CAD,Tablet,black,9,0.05071061510461296,10.903685183221462,0.012000200000002792,1.3155706697986584,Approximate exterior detail; published envelope dimensions
SW-0513,CardReaderBoard,SW-0513 · 游戏卡与音频接口子板,TabletInternal,pcb,1,580.7945742660096,38.0,22.0,0.7000000000000126,Schematic internal layout
SW-0514,JoyLRailBack,SW-0514 · Joy-Con L · 内侧导轨底条,JoyRailL,black,1,398.3231999999961,0.5999999999999943,90.2,7.359999999999999,Approximate exterior detail; published envelope dimensions
SW-0515,JoyLRailTongue,SW-0515 · Joy-Con L · 金属插入导轨,JoyRailL,metal,1,992.5996502070415,1.7000000000000028,89.6,6.900000000000001,Approximate exterior detail; published envelope dimensions
SW-0516,JoyLEndConnector,SW-0516 · 手柄导轨端部绝缘鼻,JoyRailL,black,1,3.696000000000034,0.480000000000004,1.1000000000000014,7.0,Approximate exterior detail; published envelope dimensions
SW-0517,ConsoleRail-1,SW-0517 · 主机不锈钢滑轨,Tablet,metal,1,516.0188960501645,2.6299999999999955,92.6,8.200000000000003,Approximate exterior detail; published envelope dimensions
SW-0518,JoyLRear,SW-0518 · Joy-Con L · 后壳,JoyLeft,blue,1,5197.169877703305,33.0,102.0,8.6,Approximate exterior detail; published envelope dimensions
SW-0519,JoyLFront,SW-0519 · Joy-Con L · 前壳,JoyLeft,blue,1,5002.113639367749,33.000000099999994,102.0000002,6.4000001,Approximate exterior detail; published envelope dimensions
SW-0520,JoyLTrigger,SW-0520 · ZL 扳机,JoyLeft,black,1,2549.8897576643403,31.598675438593958,14.900000000000013,6.1,Approximate exterior detail; published envelope dimensions
SW-0521,JoyLGimbalRing,SW-0521 · 摇杆旋转环,JoyInternalL,black,1,65.09053587644078,12.400000199999994,12.400000200000001,1.0000002000027983,Schematic internal layout
SW-0522,JoyRRailBack,SW-0522 · Joy-Con R · 内侧导轨底条,JoyRailR,black,1,398.3231999999961,0.5999999999999943,90.2,7.359999999999999,Approximate exterior detail; published envelope dimensions
SW-0523,JoyRRailTongue,SW-0523 · Joy-Con R · 金属插入导轨,JoyRailR,metal,1,992.5996502070412,1.7000000000000028,89.6,6.900000000000001,Approximate exterior detail; published envelope dimensions
SW-0524,JoyREndConnector,SW-0524 · 手柄导轨端部绝缘鼻,JoyRailR,black,1,3.696000000000034,0.480000000000004,1.1000000000000014,7.0,Approximate exterior detail; published envelope dimensions
SW-0525,ConsoleRail1,SW-0525 · 主机不锈钢滑轨,Tablet,metal,1,516.0188960501645,2.6299999999999955,92.6,8.200000000000003,Approximate exterior detail; published envelope dimensions
SW-0526,JoyRRear,SW-0526 · Joy-Con R · 后壳,JoyRight,red,1,5073.07252707407,33.000000099999994,102.0000001,8.6000002,Approximate exterior detail; published envelope dimensions
SW-0527,JoyRFront,SW-0527 · Joy-Con R · 前壳,JoyRight,red,1,4984.323539471796,33.000000099999994,102.0000001,6.4000001,Approximate exterior detail; published envelope dimensions
SW-0528,JoyRTrigger,SW-0528 · ZR 扳机,JoyRight,black,1,2549.880521671497,31.598675438593958,14.900000000000013,6.1,Approximate exterior detail; published envelope dimensions
SW-0529,JoyRGimbalRing,SW-0529 · 摇杆旋转环,JoyInternalR,black,1,65.09053587644445,12.400000199999994,12.400000200000001,1.0000002000027983,Schematic internal layout
SW-0530,JoyRBumper,SW-0530 · R 肩键,JoyRight,black,1,501.4353508849444,30.48809440061636,7.900000000000006,2.4000000000000004,Approximate exterior detail; published envelope dimensions
SW-0531,StandRecess,SW-0531 · 支架底部收纳槽,Tablet,black,2,508.7897283439942,21.200000200000005,58.00000010000001,0.4500002000003047,Approximate exterior detail; published envelope dimensions
SW-0532,RearEMIShield,SW-0532 · 主机后部 EMI 屏蔽板,TabletInternal,metal,1,3848.2485560232694,165.0,92.0,0.28000000000000047,Schematic internal layout
SW-0533,BatteryPouch,SW-0533 · 主机电池铝塑软包,TabletInternal,battery,1,7037.111713137092,72.0,77.0,5.7,Schematic internal layout
SW-0534,BatteryCell,SW-0534 · 电芯卷叠布局示意,TabletInternal,rubber,1,22166.77635236891,70.20000000000002,75.2,4.2,Schematic internal layout
SW-0535,BatteryFoam,SW-0535 · 电池周边泡棉,TabletInternal,black,1,410.5265835790971,73.4,78.4,0.48,Schematic internal layout
SW-0536,Mainboard,SW-0536 · 主机主板 PCB · 布局示意,TabletInternal,pcb,1,5723.696396760841,78.0,88.00000000000003,1.0,Schematic internal layout
SW-0537,Passive1,SW-0537 · 主板阻容器件,TabletInternal,rubber,1,0.7708050880620838,1.3199999999999932,0.9000000000000057,0.6500000000000004,Schematic internal layout
SW-0538,Passive2,SW-0538 · 主板阻容器件,TabletInternal,rubber,1,0.7708050880620838,1.3199999999999932,0.9000000000000057,0.6500000000000004,Schematic internal layout
SW-0539,Passive3,SW-0539 · 主板阻容器件,TabletInternal,rubber,1,0.7708050880620838,1.3199999999999932,0.9000000000000057,0.6500000000000004,Schematic internal layout
SW-0540,Passive4,SW-0540 · 主板阻容器件,TabletInternal,rubber,1,0.7708050880620837,1.3199999999999932,0.9000000000000057,0.6500000000000004,Schematic internal layout
SW-0541,Passive5,SW-0541 · 主板阻容器件,TabletInternal,rubber,1,0.7708050880620838,1.3199999999999932,0.9000000000000057,0.6500000000000004,Schematic internal layout
SW-0542,Passive6,SW-0542 · 主板阻容器件,TabletInternal,rubber,1,0.7708050880620838,1.3199999999999932,0.9000000000000057,0.6500000000000004,Schematic internal layout
SW-0543,Passive7,SW-0543 · 主板阻容器件,TabletInternal,rubber,1,0.7708050880620837,1.3199999999999932,0.9000000000000057,0.6500000000000004,Schematic internal layout
SW-0544,Passive8,SW-0544 · 主板阻容器件,TabletInternal,rubber,1,0.7708050880620837,1.3199999999999932,0.9000000000000057,0.6500000000000004,Schematic internal layout
SW-0545,Passive9,SW-0545 · 主板阻容器件,TabletInternal,rubber,1,0.7708050880620838,1.3199999999999932,0.9000000000000057,0.6500000000000004,Schematic internal layout
SW-0546,Passive10,SW-0546 · 主板阻容器件,TabletInternal,rubber,1,0.7708050880620838,1.3199999999999932,0.9000000000000057,0.6500000000000004,Schematic internal layout
SW-0547,Passive11,SW-0547 · 主板阻容器件,TabletInternal,rubber,1,0.7708050880620839,1.3199999999999932,0.9000000000000057,0.6500000000000004,Schematic internal layout
SW-0548,Passive12,SW-0548 · 主板阻容器件,TabletInternal,rubber,1,0.7708050880620838,1.3199999999999932,0.9000000000000057,0.6500000000000004,Schematic internal layout
SW-0549,Passive13,SW-0549 · 主板阻容器件,TabletInternal,rubber,1,0.7708050880620838,1.3199999999999932,0.9000000000000057,0.6500000000000004,Schematic internal layout
SW-0550,Passive14,SW-0550 · 主板阻容器件,TabletInternal,rubber,1,0.7708050880620838,1.3199999999999932,0.9000000000000057,0.6500000000000004,Schematic internal layout
SW-0551,Passive15,SW-0551 · 主板阻容器件,TabletInternal,rubber,1,0.7708050880620819,1.3199999999999932,0.8999999999999986,0.6500000000000004,Schematic internal layout
SW-0552,Passive16,SW-0552 · 主板阻容器件,TabletInternal,rubber,1,0.7708050880620839,1.3199999999999932,0.9000000000000057,0.6500000000000004,Schematic internal layout
SW-0553,Passive17,SW-0553 · 主板阻容器件,TabletInternal,rubber,1,0.7708050880620819,1.3199999999999932,0.8999999999999986,0.6500000000000004,Schematic internal layout
SW-0554,Passive18,SW-0554 · 主板阻容器件,TabletInternal,rubber,1,0.7708050880620839,1.3199999999999932,0.9000000000000057,0.6500000000000004,Schematic internal layout
SW-0555,Passive19,SW-0555 · 主板阻容器件,TabletInternal,rubber,1,0.770805088062082,1.3199999999999932,0.8999999999999986,0.6500000000000004,Schematic internal layout
SW-0556,Passive20,SW-0556 · 主板阻容器件,TabletInternal,rubber,1,0.7708050880620819,1.3199999999999932,0.8999999999999986,0.6500000000000004,Schematic internal layout
SW-0557,Passive21,SW-0557 · 主板阻容器件,TabletInternal,rubber,1,0.770805088062082,1.3199999999999932,0.8999999999999986,0.6500000000000004,Schematic internal layout
SW-0558,Passive22,SW-0558 · 主板阻容器件,TabletInternal,rubber,1,0.770805088062082,1.3199999999999932,0.9000000000000021,0.6500000000000004,Schematic internal layout
SW-0559,Passive23,SW-0559 · 主板阻容器件,TabletInternal,rubber,1,0.7708050880620824,1.3199999999999932,0.9,0.6500000000000004,Schematic internal layout
SW-0560,Passive24,SW-0560 · 主板阻容器件,TabletInternal,rubber,1,0.7708050880620824,1.3199999999999932,0.9000000000000004,0.6500000000000004,Schematic internal layout
SW-0561,Passive25,SW-0561 · 主板阻容器件,TabletInternal,rubber,1,0.7708050880620823,1.3199999999999932,0.9000000000000012,0.6500000000000004,Schematic internal layout
SW-0562,Passive26,SW-0562 · 主板阻容器件,TabletInternal,rubber,1,0.770805088062082,1.3199999999999932,0.8999999999999986,0.6500000000000004,Schematic internal layout
SW-0563,Passive27,SW-0563 · 主板阻容器件,TabletInternal,rubber,1,0.7708050880620819,1.3199999999999932,0.8999999999999986,0.6500000000000004,Schematic internal layout
SW-0564,Passive28,SW-0564 · 主板阻容器件,TabletInternal,rubber,1,0.770805088062082,1.3199999999999932,0.8999999999999986,0.6500000000000004,Schematic internal layout
SW-0565,Passive29,SW-0565 · 主板阻容器件,TabletInternal,rubber,1,0.770805088062082,1.3199999999999932,0.9000000000000021,0.6500000000000004,Schematic internal layout
SW-0566,Passive30,SW-0566 · 主板阻容器件,TabletInternal,rubber,1,0.7708050880620824,1.3199999999999932,0.9,0.6500000000000004,Schematic internal layout
SW-0567,Passive31,SW-0567 · 主板阻容器件,TabletInternal,rubber,1,0.7708050880620824,1.3199999999999932,0.9000000000000004,0.6500000000000004,Schematic internal layout
SW-0568,Passive32,SW-0568 · 主板阻容器件,TabletInternal,rubber,1,0.7708050880620823,1.3199999999999932,0.9000000000000012,0.6500000000000004,Schematic internal layout
SW-0569,HeatPipeBridge,SW-0569 · 热管接触铜桥,TabletInternal,copper,1,3.1725309649148707,6.400000000000006,10.0,0.04999999999999982,Schematic internal layout
SW-0570,CoolingFin16,SW-0570 · 排风散热翅片,TabletInternal,metal,1,5.620356986814615,0.25,6.200000000000003,4.3,Schematic internal layout
SW-0571,CoolingFin17,SW-0571 · 排风散热翅片,TabletInternal,metal,1,5.353448601218319,0.25,6.200000000000003,4.3,Schematic internal layout
SW-0572,CoolingFin18,SW-0572 · 排风散热翅片,TabletInternal,metal,1,5.256007883461834,0.25,6.200000000000003,4.3,Schematic internal layout
SW-0573,CoolingFin19,SW-0573 · 排风散热翅片,TabletInternal,metal,1,5.271386426647251,0.25,6.200000000000003,4.3,Schematic internal layout
SW-0574,CoolingFin20,SW-0574 · 排风散热翅片,TabletInternal,metal,1,5.345678988306526,0.2500000000000071,6.200000000000003,4.3,Schematic internal layout
SW-0575,CoolingFin21,SW-0575 · 排风散热翅片,TabletInternal,metal,1,5.420284251464423,0.25000000000000355,6.200000000000003,4.3,Schematic internal layout
SW-0576,CoolingFin22,SW-0576 · 排风散热翅片,TabletInternal,metal,1,5.494889514622316,0.25000000000000355,6.200000000000003,4.3,Schematic internal layout
SW-0577,CoolingFin23,SW-0577 · 排风散热翅片,TabletInternal,metal,1,5.569494777780212,0.25000000000000355,6.200000000000003,4.3,Schematic internal layout
SW-0578,CoolingFin24,SW-0578 · 排风散热翅片,TabletInternal,metal,1,5.644100040938108,0.25000000000000355,6.200000000000003,4.3,Schematic internal layout
SW-0579,CoolingFin25,SW-0579 · 排风散热翅片,TabletInternal,metal,1,5.718705304096004,0.25000000000000355,6.200000000000003,4.3,Schematic internal layout
SW-0580,CoolingFin26,SW-0580 · 排风散热翅片,TabletInternal,metal,1,5.793310567253897,0.25000000000000355,6.200000000000003,4.3,Schematic internal layout
SW-0581,CoolingFin27,SW-0581 · 排风散热翅片,TabletInternal,metal,1,5.867915830411791,0.2500000000000071,6.200000000000003,4.3,Schematic internal layout
SW-0582,CoolingFin28,SW-0582 · 排风散热翅片,TabletInternal,metal,1,5.942521093569686,0.25000000000000355,6.200000000000003,4.3,Schematic internal layout
SW-0583,CoolingFin29,SW-0583 · 排风散热翅片,TabletInternal,metal,1,6.017126356727581,0.25000000000000355,6.200000000000003,4.3,Schematic internal layout
SW-0584,CoolingFin30,SW-0584 · 排风散热翅片,TabletInternal,metal,1,6.0917316198854765,0.25,6.200000000000003,4.3,Schematic internal layout
SW-0585,CoolingFin31,SW-0585 · 排风散热翅片,TabletInternal,metal,1,6.166336883043371,0.25,6.200000000000003,4.3,Schematic internal layout
SW-0586,CoolingFin32,SW-0586 · 排风散热翅片,TabletInternal,metal,1,6.240942146201267,0.2500000000000071,6.200000000000003,4.3,Schematic internal layout
SW-0587,CoolingFin33,SW-0587 · 排风散热翅片,TabletInternal,metal,1,6.31554740935916,0.25,6.200000000000003,4.3,Schematic internal layout
SW-0588,CoolingFin34,SW-0588 · 排风散热翅片,TabletInternal,metal,1,6.390152672517054,0.25,6.200000000000003,4.3,Schematic internal layout
SW-0589,SpeakerLDuct,SW-0589 · 前面板扬声器导音槽,TabletInternal,black,1,100.94173403523297,24.0,3.4000000000000057,2.8000000000000007,Schematic internal layout
SW-0590,SpeakerRDuct,SW-0590 · 前面板扬声器导音槽,TabletInternal,black,1,100.94173403523297,24.0,3.4000000000000057,2.8000000000000007,Schematic internal layout
SW-0591,DisplayBackplate,SW-0591 · 显示模组金属背板,Display,metal,1,7732.775707963266,166.5,94.0,0.5,Schematic internal layout
SW-0592,IRCameraSensor,SW-0592 · 红外传感器封装,JoyInternalR,black,1,96.04126653750983,5.0,5.0,4.4,Schematic internal layout
SW-0593,TabletRear,SW-0593 · 主机后壳原坯,Tablet,shell,1,11427.799212896147,172.8000002,100.8000002,1.0400001,Approximate exterior detail; published envelope dimensions
SW-0594,DockFloor,SW-0594 · 底座底部连接梁,Dock,shell,1,24907.736591796587,167.0,8.80000000000004,17.0,Approximate exterior detail; published envelope dimensions
SW-0595,GripBridge,SW-0595 · Joy-Con 握把中桥,Grip,shell,1,20147.89828735842,52.00000019999999,101.00000019999999,12.000000200188452,Approximate exterior detail; published envelope dimensions
SW-0596,GripHandle-1,SW-0596 · 人体握持侧柄,Grip,black,1,47828.22058075302,27.875110208152904,87.00000019999999,37.23076067731778,Approximate exterior detail; published envelope dimensions
SW-0597,GripHandle1,SW-0597 · 人体握持侧柄,Grip,black,1,47828.40149270831,27.875110208153018,87.00000019999999,37.23076067731778,Approximate exterior detail; published envelope dimensions
SW-0598,StrapLBody,SW-0598 · 腕带滑轨壳,StrapL,black,1,15529.368605289163,14.599999999999994,101.00000013199559,13.9000002,Approximate exterior detail; published envelope dimensions
SW-0599,StrapLCordLock,SW-0599 · 腕带调节扣,StrapL,rubber,1,125.08339362667589,5.200000199999977,7.0000002000002155,4.000000199999999,Approximate exterior detail; published envelope dimensions
SW-0600,StrapRBody,SW-0600 · 腕带滑轨壳,StrapR,black,1,15529.368621049418,14.599999999999994,101.00000013199565,13.9000002,Approximate exterior detail; published envelope dimensions
SW-0601,StrapRCordLock,SW-0601 · 腕带调节扣,StrapR,rubber,1,125.08330982751895,5.200000199999977,7.000000200000102,4.000000199999999,Approximate exterior detail; published envelope dimensions
SW-0602,DockFront,SW-0602 · 底座正面壳体,Dock,shell,1,33435.74828877171,173.0000002,86.40000019999997,6.9000001,Approximate exterior detail; published envelope dimensions
SW-0603,DockScrew1,SW-0603 · 十字槽紧固螺钉,Dock,black,1,10.490997132560292,3.1999999999999886,3.1999999999999886,5.16,Approximate exterior detail; published envelope dimensions
SW-0604,DockBoss1,SW-0604 · 底座后盖螺钉柱,DockInternal,shell,1,85.72620953483158,4.199999999999989,4.199999999999989,7.399999999999999,Schematic internal layout
SW-0605,DockScrew2,SW-0605 · 十字槽紧固螺钉,Dock,black,1,10.490997132560292,3.1999999999999886,3.1999999999999886,5.16,Approximate exterior detail; published envelope dimensions
SW-0606,DockBoss2,SW-0606 · 底座后盖螺钉柱,DockInternal,shell,1,85.72620953483158,4.199999999999989,4.199999999999989,7.399999999999999,Schematic internal layout
SW-0607,DockScrew3,SW-0607 · 十字槽紧固螺钉,Dock,black,1,10.490997132560286,3.1999999999999886,3.1999999999999886,5.16,Approximate exterior detail; published envelope dimensions
SW-0608,DockBoss3,SW-0608 · 底座后盖螺钉柱,DockInternal,shell,1,85.72620953483158,4.199999999999989,4.199999999999989,7.399999999999999,Schematic internal layout
SW-0609,DockBackCover,SW-0609 · 底座后盖,Dock,shell,1,14244.098604105366,171.6,102.60000000000002,4.399999999999999,Approximate exterior detail; published envelope dimensions
SW-0610,DockScrew4,SW-0610 · 十字槽紧固螺钉,Dock,black,1,10.490997132560286,3.1999999999999886,3.1999999999999886,5.16,Approximate exterior detail; published envelope dimensions
SW-0611,DockBoss4,SW-0611 · 底座后盖螺钉柱,DockInternal,shell,1,85.72620953483158,4.199999999999989,4.199999999999989,7.399999999999999,Schematic internal layout
SW-0612,DockPlugContact-1_0,SW-0612 · 底座 USB-C 插头触点,DockInternal,gold,1,0.06311037588411329,0.23000000000000043,3.6999999999999886,0.07500000000000284,Schematic internal layout
SW-0613,DockPlugContact-1_1,SW-0613 · 底座 USB-C 插头触点,DockInternal,gold,1,0.0631103758841133,0.23000000000000043,3.6999999999999886,0.07500000000000284,Schematic internal layout
SW-0614,DockPlugContact-1_2,SW-0614 · 底座 USB-C 插头触点,DockInternal,gold,1,0.06311037588411327,0.22999999999999998,3.6999999999999886,0.07500000000000284,Schematic internal layout
SW-0615,DockPlugContact-1_3,SW-0615 · 底座 USB-C 插头触点,DockInternal,gold,1,0.06311037588411328,0.22999999999999998,3.6999999999999886,0.07500000000000284,Schematic internal layout
SW-0616,DockPlugContact-1_4,SW-0616 · 底座 USB-C 插头触点,DockInternal,gold,1,0.06311037588411327,0.22999999999999998,3.6999999999999886,0.07500000000000284,Schematic internal layout
SW-0617,DockPlugContact-1_5,SW-0617 · 底座 USB-C 插头触点,DockInternal,gold,1,0.06311037588411328,0.22999999999999998,3.6999999999999886,0.07500000000000284,Schematic internal layout
SW-0618,DockPlugContact-1_6,SW-0618 · 底座 USB-C 插头触点,DockInternal,gold,1,0.06311037588411327,0.22999999999999998,3.6999999999999886,0.07500000000000284,Schematic internal layout
SW-0619,DockPlugContact-1_7,SW-0619 · 底座 USB-C 插头触点,DockInternal,gold,1,0.06311037588411328,0.22999999999999998,3.6999999999999886,0.07500000000000284,Schematic internal layout
SW-0620,DockPlugContact-1_8,SW-0620 · 底座 USB-C 插头触点,DockInternal,gold,1,0.06311037588411328,0.22999999999999998,3.6999999999999886,0.07500000000000284,Schematic internal layout
SW-0621,DockPlugContact-1_9,SW-0621 · 底座 USB-C 插头触点,DockInternal,gold,1,0.06311037588411328,0.22999999999999998,3.6999999999999886,0.07500000000000284,Schematic internal layout
SW-0622,DockPlugContact-1_10,SW-0622 · 底座 USB-C 插头触点,DockInternal,gold,1,0.0631103758841133,0.23000000000000043,3.6999999999999886,0.07500000000000284,Schematic internal layout
SW-0623,DockPlugContact-1_11,SW-0623 · 底座 USB-C 插头触点,DockInternal,gold,1,0.06311037588411329,0.23000000000000043,3.6999999999999886,0.07500000000000284,Schematic internal layout
SW-0624,DockPlugContact1_0,SW-0624 · 底座 USB-C 插头触点,DockInternal,gold,1,0.06311037588411329,0.23000000000000043,3.6999999999999886,0.07500000000000284,Schematic internal layout
SW-0625,DockPlugContact1_1,SW-0625 · 底座 USB-C 插头触点,DockInternal,gold,1,0.06311037588411329,0.23000000000000043,3.6999999999999886,0.07500000000000284,Schematic internal layout
SW-0626,DockPlugContact1_2,SW-0626 · 底座 USB-C 插头触点,DockInternal,gold,1,0.06311037588411327,0.22999999999999998,3.6999999999999886,0.07500000000000284,Schematic internal layout
SW-0627,DockPlugContact1_3,SW-0627 · 底座 USB-C 插头触点,DockInternal,gold,1,0.06311037588411325,0.22999999999999998,3.6999999999999886,0.07500000000000284,Schematic internal layout
SW-0628,DockPlugContact1_4,SW-0628 · 底座 USB-C 插头触点,DockInternal,gold,1,0.06311037588411327,0.22999999999999998,3.6999999999999886,0.07500000000000284,Schematic internal layout
SW-0629,DockPlugContact1_5,SW-0629 · 底座 USB-C 插头触点,DockInternal,gold,1,0.06311037588411327,0.22999999999999998,3.6999999999999886,0.07500000000000284,Schematic internal layout
SW-0630,DockPlugContact1_6,SW-0630 · 底座 USB-C 插头触点,DockInternal,gold,1,0.06311037588411328,0.22999999999999998,3.6999999999999886,0.07500000000000284,Schematic internal layout
SW-0631,DockPlugContact1_7,SW-0631 · 底座 USB-C 插头触点,DockInternal,gold,1,0.06311037588411328,0.22999999999999998,3.6999999999999886,0.07500000000000284,Schematic internal layout
SW-0632,DockPlugContact1_8,SW-0632 · 底座 USB-C 插头触点,DockInternal,gold,1,0.06311037588411327,0.22999999999999998,3.6999999999999886,0.07500000000000284,Schematic internal layout
SW-0633,DockPlugContact1_9,SW-0633 · 底座 USB-C 插头触点,DockInternal,gold,1,0.06311037588411327,0.22999999999999998,3.6999999999999886,0.07500000000000284,Schematic internal layout
SW-0634,DockPlugContact1_10,SW-0634 · 底座 USB-C 插头触点,DockInternal,gold,1,0.06311037588411329,0.23000000000000043,3.6999999999999886,0.07500000000000284,Schematic internal layout
SW-0635,DockPlugContact1_11,SW-0635 · 底座 USB-C 插头触点,DockInternal,gold,1,0.06311037588411329,0.23000000000000043,3.6999999999999886,0.07500000000000284,Schematic internal layout
SW-0636,DockPlugInsulator,SW-0636 · 底座 USB-C 插头绝缘芯,DockInternal,black,1,33.04061935858617,6.6,4.599999999999994,1.1000000000000014,Schematic internal layout
SW-0637,RailScrew-1_1,SW-0637 · 十字槽紧固螺钉,Tablet,black,1,7.023921987007961,3.760000000000005,2.4399999999999977,2.4400000000000004,Approximate exterior detail; published envelope dimensions
SW-0638,RailBoss-1_1,SW-0638 · 导轨螺钉安装柱,TabletInternal,shell,1,14.926712006854256,2.799999999999997,3.0999999999999943,3.1000000000000005,Schematic internal layout
SW-0639,RailScrew-1_2,SW-0639 · 十字槽紧固螺钉,Tablet,black,1,7.023921987007965,3.760000000000005,2.4400000000000013,2.4400000000000004,Approximate exterior detail; published envelope dimensions
SW-0640,RailBoss-1_2,SW-0640 · 导轨螺钉安装柱,TabletInternal,shell,1,14.926712006854256,2.799999999999997,3.1000000000000014,3.1000000000000005,Schematic internal layout
SW-0641,RailScrew-1_3,SW-0641 · 十字槽紧固螺钉,Tablet,black,1,7.023921987007965,3.760000000000005,2.4400000000000013,2.4400000000000004,Approximate exterior detail; published envelope dimensions
SW-0642,RailBoss-1_3,SW-0642 · 导轨螺钉安装柱,TabletInternal,shell,1,14.926712006854256,2.799999999999997,3.1000000000000014,3.1000000000000023,Schematic internal layout
SW-0643,RailScrew-1_4,SW-0643 · 十字槽紧固螺钉,Tablet,black,1,7.023921987007961,3.760000000000005,2.4399999999999977,2.4400000000000004,Approximate exterior detail; published envelope dimensions
SW-0644,RailBoss-1_4,SW-0644 · 导轨螺钉安装柱,TabletInternal,shell,1,14.926712006854256,2.799999999999997,3.0999999999999943,3.1000000000000005,Schematic internal layout
SW-0645,RailScrew1_1,SW-0645 · 十字槽紧固螺钉,Tablet,black,1,7.023921987007963,3.760000000000005,2.4399999999999977,2.4400000000000004,Approximate exterior detail; published envelope dimensions
SW-0646,RailBoss1_1,SW-0646 · 导轨螺钉安装柱,TabletInternal,shell,1,14.926712006854261,2.799999999999997,3.0999999999999943,3.1000000000000005,Schematic internal layout
SW-0647,RailScrew1_2,SW-0647 · 十字槽紧固螺钉,Tablet,black,1,7.023921987007965,3.760000000000005,2.4400000000000013,2.4400000000000004,Approximate exterior detail; published envelope dimensions
SW-0648,RailBoss1_2,SW-0648 · 导轨螺钉安装柱,TabletInternal,shell,1,14.926712006854256,2.799999999999997,3.1000000000000014,3.1000000000000005,Schematic internal layout
SW-0649,RailScrew1_3,SW-0649 · 十字槽紧固螺钉,Tablet,black,1,7.023921987007965,3.760000000000005,2.4400000000000013,2.4400000000000004,Approximate exterior detail; published envelope dimensions
SW-0650,RailBoss1_3,SW-0650 · 导轨螺钉安装柱,TabletInternal,shell,1,14.926712006854256,2.799999999999997,3.1000000000000014,3.1000000000000005,Schematic internal layout
SW-0651,RailScrew1_4,SW-0651 · 十字槽紧固螺钉,Tablet,black,1,7.023921987007963,3.760000000000005,2.4399999999999977,2.4400000000000004,Approximate exterior detail; published envelope dimensions
SW-0652,RailBoss1_4,SW-0652 · 导轨螺钉安装柱,TabletInternal,shell,1,14.926712006854261,2.799999999999997,3.0999999999999943,3.1000000000000005,Schematic internal layout
SW-0653,StrapLCordAnchor,SW-0653 · 腕带绳固定环,StrapL,black,1,9.852332593387462,1.1000001999999824,4.400000200000022,4.400000199999999,Approximate exterior detail; published envelope dimensions
SW-0654,StrapRCordAnchor,SW-0654 · 腕带绳固定环,StrapR,black,1,9.852332593387462,1.1000001999999824,4.400000200000022,4.400000199999999,Approximate exterior detail; published envelope dimensions
