Part number,Part ID,Label,Assembly,Material,Solid count,Volume mm3,X mm,Y mm,Z mm,Fidelity
FAMICOM-0001,BottomCover,FAMICOM-0001 · Burgundy bottom cover007,Body,fcred,1,71444.02538466961,150.0,220.0,2.1999999999999997,Published envelope; approximate local detail
FAMICOM-0002,LowerShell,FAMICOM-0002 · Burgundy lower enclosure skirt010,Body,fcred,1,8900.139870704428,150.0,220.0,10.600000000000065,Published envelope; approximate local detail
FAMICOM-0003,UpperShell,FAMICOM-0003 · Sloping cream upper enclosure025,Body,fccream,1,82182.95226735368,150.0,220.0,37.60000000000001,Published envelope; approximate local detail
FAMICOM-0004,RubberFoot0,FAMICOM-0004 · Bottom support foot,Body,rubber,1,133.80671430169645,8.799999999999997,8.800000000000011,2.2,Published envelope; approximate local detail
FAMICOM-0005,RubberFoot1,FAMICOM-0005 · Bottom support foot001,Body,rubber,1,133.80671430169645,8.799999999999997,8.800000000000011,2.2,Published envelope; approximate local detail
FAMICOM-0006,RubberFoot2,FAMICOM-0006 · Bottom support foot002,Body,rubber,1,133.80671430169645,8.799999999999997,8.800000000000011,2.2,Published envelope; approximate local detail
FAMICOM-0007,RubberFoot3,FAMICOM-0007 · Bottom support foot003,Body,rubber,1,133.80671430169645,8.799999999999997,8.800000000000011,2.2,Published envelope; approximate local detail
FAMICOM-0008,CartridgeDustFlap,FAMICOM-0008 · Burgundy cartridge dust flap,CardReader,fcred,1,5371.5545482457455,116.6,28.799999999999997,1.6000000000000014,Published envelope; approximate local detail
FAMICOM-0009,DustFlapRearRidge,FAMICOM-0009 · Cartridge-flap hinge ridge,CardReader,fcred,1,161.70265482457458,115.6,1.4000000000000057,1.0,Published envelope; approximate local detail
FAMICOM-0010,EjectWellFloor,FAMICOM-0010 · Eject well floor001,Controls,fccream,1,2956.228672105405,40.4,63.400000000000006,1.2000000000000028,Published envelope; approximate local detail
FAMICOM-0011,EjectLever,FAMICOM-0011 · Raised burgundy eject handle,Controls,fcred,1,2965.550000000001,37.0,14.0,8.600000000000001,Published envelope; approximate local detail
FAMICOM-0012,PowerCap,FAMICOM-0012 · Power burgundy cap,Controls,fcred,1,387.61592894744615,15.599999999999998,16.599999999999994,1.5,Published envelope; approximate local detail
FAMICOM-0013,ResetCap,FAMICOM-0013 · Reset burgundy cap,Controls,fcred,1,387.61592894744615,15.599999999999998,16.599999999999994,1.5,Published envelope; approximate local detail
FAMICOM-0014,PowerFingerRidge,FAMICOM-0014 · Power slide raised grip,Controls,fcred,1,100.28495559215385,14.0,3.0,2.3999999999999986,Published envelope; approximate local detail
FAMICOM-0015,FrontNameplate,FAMICOM-0015 · Famicom burgundy nameplate,Body,fcred,1,207.98626548245784,130.0,11.808111587440536,10.943904571374695,Published envelope; approximate local detail
FAMICOM-0016,FamilyComputerWord,FAMICOM-0016 · FAMILY COMPUTER,Body,fcgold,14,1.4652167133823715,56.70543634161073,3.4444566543904784,3.191195956783723,Published envelope; approximate local detail
FAMICOM-0017,NintendoWord,FAMICOM-0017 · Nintendo,Body,fcgold,9,0.12127551380709951,11.319798757718118,1.4777810652905004,1.3702000409504222,Published envelope; approximate local detail
FAMICOM-0018,POWERMark,FAMICOM-0018 · POWER,Body,fccream,5,0.11154541322744628,9.221896173154363,1.9489934885905882,0.01800020000000302,Published envelope; approximate local detail
FAMICOM-0019,RESETMark,FAMICOM-0019 · RESET,Body,fccream,5,0.09268518010168608,8.013422918791946,1.9489934885905882,0.01800020000000302,Published envelope; approximate local detail
FAMICOM-0020,EjectMark,FAMICOM-0020 · EJECT,Body,fccream,5,0.08070866825396496,7.143624161073825,2.4268458375838833,0.01800020000000302,Published envelope; approximate local detail
FAMICOM-0021,ControllerSeat-1,FAMICOM-0021 · Lower controller support shelf,Body,fcred,1,2279.4766721054034,14.400000000000006,132.0,1.2000000000000002,Published envelope; approximate local detail
FAMICOM-0022,ControllerSeat1,FAMICOM-0022 · Lower controller support shelf001,Body,fcred,1,2279.4766721054034,14.400000000000006,132.0,1.2000000000000002,Published envelope; approximate local detail
FAMICOM-0023,P1Back,FAMICOM-0023 · Controller 1 rear cover004,Controller1,fcred,1,7813.61362227158,1.2000000000000028,126.0,52.0,Published envelope; approximate local detail
FAMICOM-0024,P1Frame,FAMICOM-0024 · Controller middle shell001,Controller1,fcred,1,6274.733057183243,10.200000000000003,126.0,52.0,Published envelope; approximate local detail
FAMICOM-0025,P1Front,FAMICOM-0025 · Controller front cover005,Controller1,fcred,1,7668.133083784479,1.3000000000000114,125.80000000000001,51.8,Published envelope; approximate local detail
FAMICOM-0026,P1GoldPlate,FAMICOM-0026 · Gold control faceplate004,Controller1,fcgold,1,362.0555928509103,0.12000000000000455,118.0,44.0,Published envelope; approximate local detail
FAMICOM-0027,P1DPad,FAMICOM-0027 · Controller cross directional pad,Controller1,black,1,234.33194677087445,1.0,20.0,20.0,Published envelope; approximate local detail
FAMICOM-0028,P1BRim,FAMICOM-0028 · Burgundy action-button rim,Controller1,fcred,1,14.21256516484015,0.6500000000000199,12.200000000000008,12.200000000000003,Published envelope; approximate local detail
FAMICOM-0029,P1B,FAMICOM-0029 · Round B button,Controller1,black,1,110.31231364182513,1.3499999999999943,10.600000000000001,10.600000000000001,Published envelope; approximate local detail
FAMICOM-0030,P1BMark,FAMICOM-0030 · B,Controller1,fcink,1,0.044337414795558035,0.01800019999998881,1.7990564080536915,2.5369129516778557,Published envelope; approximate local detail
FAMICOM-0031,P1ARim,FAMICOM-0031 · Burgundy action-button rim001,Controller1,fcred,1,14.212565164840157,0.6500000000000199,12.200000000000003,12.200000000000003,Published envelope; approximate local detail
FAMICOM-0032,P1A,FAMICOM-0032 · Round A button,Controller1,black,1,110.31231364182513,1.3499999999999943,10.600000000000001,10.600000000000001,Published envelope; approximate local detail
FAMICOM-0033,P1AMark,FAMICOM-0033 · A,Controller1,fcink,1,0.03520088772641195,0.018000000000000682,2.3239932885906036,2.5369127516778534,Published envelope; approximate local detail
FAMICOM-0034,P1Select,FAMICOM-0034 · Select rubber button,Controller1,black,1,45.591007675795026,1.0999999999999943,10.200000000000003,4.399999999999999,Published envelope; approximate local detail
FAMICOM-0035,P1SelectMark,FAMICOM-0035 · SELECT,Controller1,fcink,6,0.0994417477323669,0.01800019999998881,9.535402784563761,1.9489934885906024,Published envelope; approximate local detail
FAMICOM-0036,P1Start,FAMICOM-0036 · Start rubber button,Controller1,black,1,45.591007675795026,1.0999999999999943,10.200000000000001,4.399999999999999,Published envelope; approximate local detail
FAMICOM-0037,P1StartMark,FAMICOM-0037 · START,Controller1,fcink,5,0.08706970289908231,0.01800019999998881,7.790436341610739,1.9489934885906024,Published envelope; approximate local detail
FAMICOM-0038,P1Screw0,FAMICOM-0038 · Cross-head fastener,Controller1,metal,1,4.78774138968758,2.8299999999999983,2.6999999999999886,2.700000000000001,Schematic internal layout
FAMICOM-0039,P1Screw1,FAMICOM-0039 · Cross-head fastener001,Controller1,metal,1,4.7877413896875805,2.8299999999999983,2.700000000000003,2.700000000000001,Schematic internal layout
FAMICOM-0040,P1Screw2,FAMICOM-0040 · Cross-head fastener002,Controller1,metal,1,4.787741389687579,2.8299999999999983,2.6999999999999886,2.700000000000003,Schematic internal layout
FAMICOM-0041,P1Screw3,FAMICOM-0041 · Cross-head fastener003,Controller1,metal,1,4.78774138968758,2.8299999999999983,2.700000000000003,2.700000000000003,Schematic internal layout
FAMICOM-0042,P1CableGrommet,FAMICOM-0042 · Wired-controller strain relief002,Controller1,black,1,74.65023753411641,4.400000200000001,5.000000100000122,4.400000200000008,Published envelope; approximate local detail
FAMICOM-0043,P2Back,FAMICOM-0043 · Controller 2 rear cover004,Controller2,fcred,1,7813.61362227158,1.2000000000000028,126.0,52.0,Published envelope; approximate local detail
FAMICOM-0044,P2Frame,FAMICOM-0044 · Controller middle shell003,Controller2,fcred,1,6274.733057183243,10.200000000000003,126.0,52.0,Published envelope; approximate local detail
FAMICOM-0045,P2Front,FAMICOM-0045 · Controller front cover011,Controller2,fcred,1,7641.113335060831,1.3000000000000114,125.80000000000001,51.8,Published envelope; approximate local detail
FAMICOM-0046,P2GoldPlate,FAMICOM-0046 · Gold control faceplate010,Controller2,fcgold,1,394.1431596350681,0.12000000000000455,118.0,44.0,Published envelope; approximate local detail
FAMICOM-0047,P2DPad,FAMICOM-0047 · Controller cross directional pad001,Controller2,black,1,234.33194677087454,1.0,20.0,20.0,Published envelope; approximate local detail
FAMICOM-0048,P2BRim,FAMICOM-0048 · Burgundy action-button rim002,Controller2,fcred,1,14.212565164840143,0.6500000000000199,12.20000000000001,12.200000000000003,Published envelope; approximate local detail
FAMICOM-0049,P2B,FAMICOM-0049 · Round B button001,Controller2,black,1,110.31231364182511,1.3499999999999943,10.599999999999994,10.600000000000001,Published envelope; approximate local detail
FAMICOM-0050,P2BMark,FAMICOM-0050 · B001,Controller2,fcink,1,0.04433741479555804,0.01800019999998881,1.7990564080536942,2.5369129516778557,Published envelope; approximate local detail
FAMICOM-0051,P2ARim,FAMICOM-0051 · Burgundy action-button rim003,Controller2,fcred,1,14.212565164840157,0.6500000000000199,12.199999999999996,12.200000000000003,Published envelope; approximate local detail
FAMICOM-0052,P2A,FAMICOM-0052 · Round A button001,Controller2,black,1,110.31231364182511,1.3499999999999943,10.599999999999994,10.600000000000001,Published envelope; approximate local detail
FAMICOM-0053,P2AMark,FAMICOM-0053 · A001,Controller2,fcink,1,0.03520088772641195,0.018000000000000682,2.3239932885906,2.5369127516778534,Published envelope; approximate local detail
FAMICOM-0054,P2MicField,FAMICOM-0054 · Raised microphone grille001,Controller2,fcred,1,163.66090007756424,0.45000000000000284,25.0,17.0,Published envelope; approximate local detail
FAMICOM-0055,P2MicMesh,FAMICOM-0055 · Player-II microphone backing,Controller2,black,1,74.19819467105881,0.20000000000000284,23.5,15.799999999999997,Schematic internal layout
FAMICOM-0056,P2VolumeTrack,FAMICOM-0056 · Microphone volume track001,Controller2,black,1,9.56997787143782,0.25,18.0,3.0,Schematic internal layout
FAMICOM-0057,P2VolumeSlider,FAMICOM-0057 · Player-II microphone volume knob006,Controller2,black,1,27.742705639667193,1.4000000000000057,7.0,2.9000000000000057,Published envelope; approximate local detail
FAMICOM-0058,P2MicMark,FAMICOM-0058 · MIC.,Controller2,fcink,4,0.054404030892471776,0.01800019999998881,5.0720637583892625,1.9489934885906024,Published envelope; approximate local detail
FAMICOM-0059,P2VolumeMark,FAMICOM-0059 · VOLUME,Controller2,fcink,6,0.0955355315436254,0.01800019999998881,9.542793624161073,1.754094159731551,Published envelope; approximate local detail
FAMICOM-0060,P2Screw0,FAMICOM-0060 · Cross-head fastener004,Controller2,metal,1,4.7877413896875805,2.8299999999999983,2.700000000000003,2.700000000000001,Schematic internal layout
FAMICOM-0061,P2Screw1,FAMICOM-0061 · Cross-head fastener005,Controller2,metal,1,4.78774138968758,2.8299999999999983,2.6999999999999886,2.700000000000001,Schematic internal layout
FAMICOM-0062,P2Screw2,FAMICOM-0062 · Cross-head fastener006,Controller2,metal,1,4.78774138968758,2.8299999999999983,2.700000000000003,2.700000000000003,Schematic internal layout
FAMICOM-0063,P2Screw3,FAMICOM-0063 · Cross-head fastener007,Controller2,metal,1,4.787741389687579,2.8299999999999983,2.6999999999999886,2.700000000000003,Schematic internal layout
FAMICOM-0064,P2CableGrommet,FAMICOM-0064 · Wired-controller strain relief003,Controller2,black,1,74.65023820136814,4.400000200000001,5.000000100000008,4.400000200000008,Published envelope; approximate local detail
FAMICOM-0065,DCJackBody,FAMICOM-0065 · Original AC-adapter DC receptacle,Ports,black,1,1147.9491475832654,10.599999999999998,11.700000000000003,11.600000000000003,Published envelope; approximate local detail
FAMICOM-0066,DCJackCenter,FAMICOM-0066 · DC center contact,Ports,metal,1,10.602875205865555,1.5,6.0,1.5,Schematic internal layout
FAMICOM-0067,RFJackSleeve,FAMICOM-0067 · RF coaxial outer contact,Ports,metal,1,217.59927355824328,8.200000000000003,11.700000000000003,8.199999999999998,Published envelope; approximate local detail
FAMICOM-0068,RFJackInsulator,FAMICOM-0068 · RF jack dielectric,Ports,white,1,167.9495432609104,6.299999999999997,8.0,6.299999999999999,Published envelope; approximate local detail
FAMICOM-0069,RFJackContact,FAMICOM-0069 · RF center socket,Ports,metal,1,33.26161221988194,3.299999999999997,7.0,3.299999999999999,Published envelope; approximate local detail
FAMICOM-0070,TVGameSwitch,FAMICOM-0070 · Original TVGame slide switch,PowerRF,metal,1,452.28562805928925,11.8,8.0,4.799999999999999,Schematic internal layout
FAMICOM-0071,TVGameSlider,FAMICOM-0071 · Rear TVGame selector,Ports,black,1,44.957327351998494,3.5,3.4000000000000057,3.8000000000000043,Published envelope; approximate local detail
FAMICOM-0072,ChannelSwitch,FAMICOM-0072 · Original Channel slide switch,PowerRF,metal,1,452.2856280592892,11.799999999999999,8.0,4.799999999999999,Schematic internal layout
FAMICOM-0073,ChannelSlider,FAMICOM-0073 · Rear Channel selector,Ports,black,1,44.957327351998494,3.5,3.4000000000000057,3.8000000000000043,Published envelope; approximate local detail
FAMICOM-0074,RearPortPlate,FAMICOM-0074 · Black rear interface label strip,Body,black,1,29.887364600329754,94.0,0.060000000000002274,5.300000000000004,Published envelope; approximate local detail
FAMICOM-0075,RearDCMark,FAMICOM-0075 · AC ADAPTER,Body,white,9,0.1378247028846552,14.626812180536916,0.01800019999998881,1.7540941597315438,Published envelope; approximate local detail
FAMICOM-0076,RearModeMark,FAMICOM-0076 · TV / GAME,Body,white,7,0.10298327836865591,11.969320469798657,0.01800019999998881,1.9328860060402668,Published envelope; approximate local detail
FAMICOM-0077,RearCHMark,FAMICOM-0077 · CH1 / CH2,Body,white,7,0.09084975327624713,11.575042146308725,0.01800019999998881,1.9328860060402668,Published envelope; approximate local detail
FAMICOM-0078,RearRFMark,FAMICOM-0078 · RF SWITCH,Body,white,8,0.11714614840681602,12.330453120134234,0.01800019999998881,1.7540941597315438,Published envelope; approximate local detail
FAMICOM-0079,ExpansionHousing,FAMICOM-0079 · Fifteen-pin expansion receptacle,Ports,fccream,1,1609.595000000001,34.0,10.5,9.500000000000004,Published envelope; approximate local detail
FAMICOM-0080,ExpansionPin0,FAMICOM-0080 · Expansion male contact,Ports,gold,1,3.3569802459199094,0.7600000000000016,7.400000000000006,0.759999999999998,Schematic internal layout
FAMICOM-0081,ExpansionPin1,FAMICOM-0081 · Expansion male contact001,Ports,gold,1,3.3569802459199094,0.7600000000000016,7.400000000000006,0.759999999999998,Schematic internal layout
FAMICOM-0082,ExpansionPin2,FAMICOM-0082 · Expansion male contact002,Ports,gold,1,3.3569802459199094,0.7599999999999998,7.400000000000006,0.759999999999998,Schematic internal layout
FAMICOM-0083,ExpansionPin3,FAMICOM-0083 · Expansion male contact003,Ports,gold,1,3.3569802459199094,0.7599999999999998,7.400000000000006,0.759999999999998,Schematic internal layout
FAMICOM-0084,ExpansionPin4,FAMICOM-0084 · Expansion male contact004,Ports,gold,1,3.35698024591991,0.7599999999999998,7.400000000000006,0.759999999999998,Schematic internal layout
FAMICOM-0085,ExpansionPin5,FAMICOM-0085 · Expansion male contact005,Ports,gold,1,3.3569802459199094,0.7599999999999998,7.400000000000006,0.759999999999998,Schematic internal layout
FAMICOM-0086,ExpansionPin6,FAMICOM-0086 · Expansion male contact006,Ports,gold,1,3.3569802459199094,0.7600000000000016,7.400000000000006,0.759999999999998,Schematic internal layout
FAMICOM-0087,ExpansionPin7,FAMICOM-0087 · Expansion male contact007,Ports,gold,1,3.3569802459199094,0.7600000000000016,7.400000000000006,0.759999999999998,Schematic internal layout
FAMICOM-0088,ExpansionPin8,FAMICOM-0088 · Expansion male contact008,Ports,gold,1,3.3569802459199107,0.7600000000000016,7.400000000000006,0.7600000000000016,Schematic internal layout
FAMICOM-0089,ExpansionPin9,FAMICOM-0089 · Expansion male contact009,Ports,gold,1,3.3569802459199107,0.7599999999999998,7.400000000000006,0.7600000000000016,Schematic internal layout
FAMICOM-0090,ExpansionPin10,FAMICOM-0090 · Expansion male contact010,Ports,gold,1,3.356980245919911,0.7599999999999998,7.400000000000006,0.7600000000000016,Schematic internal layout
FAMICOM-0091,ExpansionPin11,FAMICOM-0091 · Expansion male contact011,Ports,gold,1,3.3569802459199107,0.76,7.400000000000006,0.7600000000000016,Schematic internal layout
FAMICOM-0092,ExpansionPin12,FAMICOM-0092 · Expansion male contact012,Ports,gold,1,3.356980245919911,0.7599999999999998,7.400000000000006,0.7600000000000016,Schematic internal layout
FAMICOM-0093,ExpansionPin13,FAMICOM-0093 · Expansion male contact013,Ports,gold,1,3.3569802459199107,0.7599999999999998,7.400000000000006,0.7600000000000016,Schematic internal layout
FAMICOM-0094,ExpansionPin14,FAMICOM-0094 · Expansion male contact014,Ports,gold,1,3.3569802459199107,0.7600000000000016,7.400000000000006,0.7600000000000016,Schematic internal layout
FAMICOM-0095,CableBulkhead1,FAMICOM-0095 · Rear controller cable grommet,Cables,rubber,1,388.80350680827274,9.599999999999994,6.799999999999997,9.600000000000001,Published envelope; approximate local detail
FAMICOM-0096,ControllerCable1,FAMICOM-0096 · Attached controller cable loop,Cables,black,1,679.0493685260861,25.427893779980288,38.95270482094095,26.725305655341984,Published envelope; approximate local detail
FAMICOM-0097,CableBulkhead2,FAMICOM-0097 · Rear controller cable grommet001,Cables,rubber,1,388.80350680827274,9.599999999999994,6.799999999999997,9.600000000000001,Published envelope; approximate local detail
FAMICOM-0098,ControllerCable2,FAMICOM-0098 · Attached controller cable loop001,Cables,black,1,679.0549290008177,25.427893779979613,38.95270482094092,26.725305655347626,Published envelope; approximate local detail
FAMICOM-0099,Mainboard,FAMICOM-0099 · HVC-CPU-GPM-02 layout reference PCB006,Mainboard,pcb,1,22539.043687921003,104.0,137.0,1.6000001999999984,Schematic internal layout
FAMICOM-0100,PowerRFBoard,FAMICOM-0100 · Separate rear power/RF circuit board009,PowerRF,pcb,1,8719.645440599035,96.0000002,57.000000199999995,1.600000200000009,Schematic internal layout
FAMICOM-0101,BoardRevision,FAMICOM-0101 · HVC-CPU-GPM-02,Mainboard,white,14,0.21801035551608305,22.15427862348993,1.9489934885905882,0.018000199999999467,Published envelope; approximate local detail
FAMICOM-0102,CardSocketCarrier,FAMICOM-0102 · Blue cartridge connector mounting frame,CardReader,blue,1,1089.6353960532927,104.0,15.0,2.0,Schematic internal layout
FAMICOM-0103,CardContact0,FAMICOM-0103 · Cartridge spring contact study,CardReader,gold,1,2.240520848289863,0.5,3.440000000000005,11.700000000000001,Schematic internal layout
FAMICOM-0104,CardContact1,FAMICOM-0104 · Cartridge spring contact study001,CardReader,gold,1,2.240520848289863,0.5,3.440000000000005,11.700000000000001,Schematic internal layout
FAMICOM-0105,CardContact2,FAMICOM-0105 · Cartridge spring contact study002,CardReader,gold,1,2.240520848289863,0.5,3.440000000000005,11.700000000000001,Schematic internal layout
FAMICOM-0106,CardContact3,FAMICOM-0106 · Cartridge spring contact study003,CardReader,gold,1,2.240520848289863,0.5,3.440000000000005,11.700000000000001,Schematic internal layout
FAMICOM-0107,CardContact4,FAMICOM-0107 · Cartridge spring contact study004,CardReader,gold,1,2.240520848289863,0.5,3.440000000000005,11.700000000000001,Schematic internal layout
FAMICOM-0108,CardContact5,FAMICOM-0108 · Cartridge spring contact study005,CardReader,gold,1,2.240520848289863,0.5,3.440000000000005,11.700000000000001,Schematic internal layout
FAMICOM-0109,CardContact6,FAMICOM-0109 · Cartridge spring contact study006,CardReader,gold,1,2.240520848289863,0.5,3.440000000000005,11.700000000000001,Schematic internal layout
FAMICOM-0110,CardContact7,FAMICOM-0110 · Cartridge spring contact study007,CardReader,gold,1,2.240520848289863,0.5,3.440000000000005,11.700000000000001,Schematic internal layout
FAMICOM-0111,CardContact8,FAMICOM-0111 · Cartridge spring contact study008,CardReader,gold,1,2.240520848289863,0.5,3.440000000000005,11.700000000000001,Schematic internal layout
FAMICOM-0112,CardContact9,FAMICOM-0112 · Cartridge spring contact study009,CardReader,gold,1,2.240520848289863,0.5,3.440000000000005,11.700000000000001,Schematic internal layout
FAMICOM-0113,CardContact10,FAMICOM-0113 · Cartridge spring contact study010,CardReader,gold,1,2.2405208482898633,0.5,3.440000000000005,11.700000000000001,Schematic internal layout
FAMICOM-0114,CardContact11,FAMICOM-0114 · Cartridge spring contact study011,CardReader,gold,1,2.240520848289863,0.5,3.440000000000005,11.700000000000001,Schematic internal layout
FAMICOM-0115,CardContact12,FAMICOM-0115 · Cartridge spring contact study012,CardReader,gold,1,2.240520848289863,0.5,3.440000000000005,11.700000000000001,Schematic internal layout
FAMICOM-0116,CardContact13,FAMICOM-0116 · Cartridge spring contact study013,CardReader,gold,1,2.240520848289863,0.5,3.440000000000005,11.700000000000001,Schematic internal layout
FAMICOM-0117,CardContact14,FAMICOM-0117 · Cartridge spring contact study014,CardReader,gold,1,2.240520848289863,0.5,3.440000000000005,11.700000000000001,Schematic internal layout
FAMICOM-0118,CardContact15,FAMICOM-0118 · Cartridge spring contact study015,CardReader,gold,1,2.240520848289863,0.5,3.440000000000005,11.700000000000001,Schematic internal layout
FAMICOM-0119,CardContact16,FAMICOM-0119 · Cartridge spring contact study016,CardReader,gold,1,2.240520848289863,0.5,3.440000000000005,11.700000000000001,Schematic internal layout
FAMICOM-0120,CardContact17,FAMICOM-0120 · Cartridge spring contact study017,CardReader,gold,1,2.240520848289863,0.5,3.440000000000005,11.700000000000001,Schematic internal layout
FAMICOM-0121,CardContact18,FAMICOM-0121 · Cartridge spring contact study018,CardReader,gold,1,2.240520848289863,0.5,3.440000000000005,11.700000000000001,Schematic internal layout
FAMICOM-0122,CardContact19,FAMICOM-0122 · Cartridge spring contact study019,CardReader,gold,1,2.2405208482898633,0.5,3.440000000000005,11.700000000000001,Schematic internal layout
FAMICOM-0123,CardContact20,FAMICOM-0123 · Cartridge spring contact study020,CardReader,gold,1,2.240520848289863,0.5,3.440000000000005,11.700000000000001,Schematic internal layout
FAMICOM-0124,CardContact21,FAMICOM-0124 · Cartridge spring contact study021,CardReader,gold,1,2.240520848289863,0.5,3.440000000000005,11.700000000000001,Schematic internal layout
FAMICOM-0125,CardContact22,FAMICOM-0125 · Cartridge spring contact study022,CardReader,gold,1,2.240520848289863,0.5,3.440000000000005,11.700000000000001,Schematic internal layout
FAMICOM-0126,CardContact23,FAMICOM-0126 · Cartridge spring contact study023,CardReader,gold,1,2.240520848289863,0.5,3.440000000000005,11.700000000000001,Schematic internal layout
FAMICOM-0127,CardContact24,FAMICOM-0127 · Cartridge spring contact study024,CardReader,gold,1,2.240520848289863,0.5,3.440000000000005,11.700000000000001,Schematic internal layout
FAMICOM-0128,CardContact25,FAMICOM-0128 · Cartridge spring contact study025,CardReader,gold,1,2.240520848289863,0.5,3.440000000000005,11.700000000000001,Schematic internal layout
FAMICOM-0129,CardContact26,FAMICOM-0129 · Cartridge spring contact study026,CardReader,gold,1,2.240520848289863,0.5,3.440000000000005,11.700000000000001,Schematic internal layout
FAMICOM-0130,CardContact27,FAMICOM-0130 · Cartridge spring contact study027,CardReader,gold,1,2.240520848289863,0.5,3.440000000000005,11.700000000000001,Schematic internal layout
FAMICOM-0131,CardContact28,FAMICOM-0131 · Cartridge spring contact study028,CardReader,gold,1,2.240520848289863,0.5,3.440000000000005,11.700000000000001,Schematic internal layout
FAMICOM-0132,CardContact29,FAMICOM-0132 · Cartridge spring contact study029,CardReader,gold,1,2.240520848289863,0.5,3.440000000000005,11.700000000000001,Schematic internal layout
FAMICOM-0133,CardContact30,FAMICOM-0133 · Cartridge spring contact study030,CardReader,gold,1,2.240520848289854,0.5,3.440000000000012,11.700000000000001,Schematic internal layout
FAMICOM-0134,CardContact31,FAMICOM-0134 · Cartridge spring contact study031,CardReader,gold,1,2.240520848289854,0.5,3.440000000000012,11.700000000000001,Schematic internal layout
FAMICOM-0135,CardContact32,FAMICOM-0135 · Cartridge spring contact study032,CardReader,gold,1,2.240520848289854,0.5,3.440000000000012,11.700000000000001,Schematic internal layout
FAMICOM-0136,CardContact33,FAMICOM-0136 · Cartridge spring contact study033,CardReader,gold,1,2.2405208482898535,0.5,3.440000000000012,11.700000000000001,Schematic internal layout
FAMICOM-0137,CardContact34,FAMICOM-0137 · Cartridge spring contact study034,CardReader,gold,1,2.2405208482898535,0.5,3.440000000000012,11.700000000000001,Schematic internal layout
FAMICOM-0138,CardContact35,FAMICOM-0138 · Cartridge spring contact study035,CardReader,gold,1,2.2405208482898535,0.5,3.440000000000012,11.700000000000001,Schematic internal layout
FAMICOM-0139,CardContact36,FAMICOM-0139 · Cartridge spring contact study036,CardReader,gold,1,2.2405208482898535,0.5,3.440000000000012,11.700000000000001,Schematic internal layout
FAMICOM-0140,CardContact37,FAMICOM-0140 · Cartridge spring contact study037,CardReader,gold,1,2.2405208482898535,0.5,3.440000000000012,11.700000000000001,Schematic internal layout
FAMICOM-0141,CardContact38,FAMICOM-0141 · Cartridge spring contact study038,CardReader,gold,1,2.2405208482898535,0.5,3.440000000000012,11.700000000000001,Schematic internal layout
FAMICOM-0142,CardContact39,FAMICOM-0142 · Cartridge spring contact study039,CardReader,gold,1,2.240520848289853,0.5,3.440000000000012,11.700000000000001,Schematic internal layout
FAMICOM-0143,CardContact40,FAMICOM-0143 · Cartridge spring contact study040,CardReader,gold,1,2.240520848289854,0.5,3.440000000000012,11.700000000000001,Schematic internal layout
FAMICOM-0144,CardContact41,FAMICOM-0144 · Cartridge spring contact study041,CardReader,gold,1,2.240520848289853,0.5,3.440000000000012,11.700000000000001,Schematic internal layout
FAMICOM-0145,CardContact42,FAMICOM-0145 · Cartridge spring contact study042,CardReader,gold,1,2.2405208482898535,0.5,3.440000000000012,11.700000000000001,Schematic internal layout
FAMICOM-0146,CardContact43,FAMICOM-0146 · Cartridge spring contact study043,CardReader,gold,1,2.2405208482898535,0.5,3.440000000000012,11.700000000000001,Schematic internal layout
FAMICOM-0147,CardContact44,FAMICOM-0147 · Cartridge spring contact study044,CardReader,gold,1,2.2405208482898535,0.5,3.440000000000012,11.700000000000001,Schematic internal layout
FAMICOM-0148,CardContact45,FAMICOM-0148 · Cartridge spring contact study045,CardReader,gold,1,2.240520848289854,0.5,3.440000000000012,11.700000000000001,Schematic internal layout
FAMICOM-0149,CardContact46,FAMICOM-0149 · Cartridge spring contact study046,CardReader,gold,1,2.2405208482898535,0.5,3.440000000000012,11.700000000000001,Schematic internal layout
FAMICOM-0150,CardContact47,FAMICOM-0150 · Cartridge spring contact study047,CardReader,gold,1,2.2405208482898535,0.5,3.440000000000012,11.700000000000001,Schematic internal layout
FAMICOM-0151,CardContact48,FAMICOM-0151 · Cartridge spring contact study048,CardReader,gold,1,2.240520848289853,0.5,3.440000000000012,11.700000000000001,Schematic internal layout
FAMICOM-0152,CardContact49,FAMICOM-0152 · Cartridge spring contact study049,CardReader,gold,1,2.240520848289854,0.5,3.440000000000012,11.700000000000001,Schematic internal layout
FAMICOM-0153,CardContact50,FAMICOM-0153 · Cartridge spring contact study050,CardReader,gold,1,2.240520848289853,0.5,3.440000000000012,11.700000000000001,Schematic internal layout
FAMICOM-0154,CardContact51,FAMICOM-0154 · Cartridge spring contact study051,CardReader,gold,1,2.2405208482898535,0.5,3.440000000000012,11.700000000000001,Schematic internal layout
FAMICOM-0155,CardContact52,FAMICOM-0155 · Cartridge spring contact study052,CardReader,gold,1,2.2405208482898535,0.5,3.440000000000012,11.700000000000001,Schematic internal layout
FAMICOM-0156,CardContact53,FAMICOM-0156 · Cartridge spring contact study053,CardReader,gold,1,2.2405208482898535,0.5,3.440000000000012,11.700000000000001,Schematic internal layout
FAMICOM-0157,CardContact54,FAMICOM-0157 · Cartridge spring contact study054,CardReader,gold,1,2.2405208482898535,0.5,3.440000000000012,11.700000000000001,Schematic internal layout
FAMICOM-0158,CardContact55,FAMICOM-0158 · Cartridge spring contact study055,CardReader,gold,1,2.2405208482898535,0.5,3.440000000000012,11.700000000000001,Schematic internal layout
FAMICOM-0159,CardContact56,FAMICOM-0159 · Cartridge spring contact study056,CardReader,gold,1,2.2405208482898535,0.5,3.440000000000012,11.700000000000001,Schematic internal layout
FAMICOM-0160,CardContact57,FAMICOM-0160 · Cartridge spring contact study057,CardReader,gold,1,2.2405208482898535,0.5,3.440000000000012,11.700000000000001,Schematic internal layout
FAMICOM-0161,CardContact58,FAMICOM-0161 · Cartridge spring contact study058,CardReader,gold,1,2.240520848289854,0.5,3.440000000000012,11.700000000000001,Schematic internal layout
FAMICOM-0162,CardContact59,FAMICOM-0162 · Cartridge spring contact study059,CardReader,gold,1,2.240520848289854,0.5,3.440000000000012,11.700000000000001,Schematic internal layout
FAMICOM-0163,CardSocket,FAMICOM-0163 · 60-position cartridge socket body,CardReader,black,1,8492.864058549772,82.0,11.200000000000003,12.0,Schematic internal layout
FAMICOM-0164,CardMountScrew0,FAMICOM-0164 · Cross-head fastener008,CardReader,metal,1,8.642744371656597,4.0,4.0,4.129999999999999,Schematic internal layout
FAMICOM-0165,CardMountScrew1,FAMICOM-0165 · Cross-head fastener009,CardReader,metal,1,8.642744371656597,4.0,4.0,4.129999999999999,Schematic internal layout
FAMICOM-0166,ControllerHeader1,FAMICOM-0166 · Controller motherboard header,Mainboard,black,1,185.57422995618052,12.0,5.0,3.0999999999999996,Schematic internal layout
FAMICOM-0167,ControllerHeaderPin1_0,FAMICOM-0167 · Controller board contact,Mainboard,gold,1,0.3419313274122878,0.45000000000000284,3.8000000000000114,0.1999999999999993,Schematic internal layout
FAMICOM-0168,ControllerHeaderPin1_1,FAMICOM-0168 · Controller board contact001,Mainboard,gold,1,0.34193132741228777,0.45000000000000284,3.8000000000000114,0.1999999999999993,Schematic internal layout
FAMICOM-0169,ControllerHeaderPin1_2,FAMICOM-0169 · Controller board contact002,Mainboard,gold,1,0.34193132741228777,0.45000000000000284,3.8000000000000114,0.1999999999999993,Schematic internal layout
FAMICOM-0170,ControllerHeaderPin1_3,FAMICOM-0170 · Controller board contact003,Mainboard,gold,1,0.34193132741228777,0.45000000000000284,3.8000000000000114,0.1999999999999993,Schematic internal layout
FAMICOM-0171,ControllerHeaderPin1_4,FAMICOM-0171 · Controller board contact004,Mainboard,gold,1,0.34193132741228777,0.45000000000000284,3.8000000000000114,0.1999999999999993,Schematic internal layout
FAMICOM-0172,ControllerHeader2,FAMICOM-0172 · Controller motherboard header001,Mainboard,black,1,216.57422995618052,14.0,5.0,3.0999999999999996,Schematic internal layout
FAMICOM-0173,ControllerHeaderPin2_0,FAMICOM-0173 · Controller board contact005,Mainboard,gold,1,0.34193132741228777,0.45000000000000284,3.8000000000000114,0.1999999999999993,Schematic internal layout
FAMICOM-0174,ControllerHeaderPin2_1,FAMICOM-0174 · Controller board contact006,Mainboard,gold,1,0.34193132741228777,0.45000000000000284,3.8000000000000114,0.1999999999999993,Schematic internal layout
FAMICOM-0175,ControllerHeaderPin2_2,FAMICOM-0175 · Controller board contact007,Mainboard,gold,1,0.34193132741228777,0.45000000000000284,3.8000000000000114,0.1999999999999993,Schematic internal layout
FAMICOM-0176,ControllerHeaderPin2_3,FAMICOM-0176 · Controller board contact008,Mainboard,gold,1,0.3419313274122878,0.45000000000000284,3.8000000000000114,0.1999999999999993,Schematic internal layout
FAMICOM-0177,ControllerHeaderPin2_4,FAMICOM-0177 · Controller board contact009,Mainboard,gold,1,0.34193132741228777,0.45000000000000284,3.8000000000000114,0.1999999999999993,Schematic internal layout
FAMICOM-0178,ControllerHeaderPin2_5,FAMICOM-0178 · Controller board contact010,Mainboard,gold,1,0.3419313274122878,0.45000000000000284,3.8000000000000114,0.1999999999999993,Schematic internal layout
FAMICOM-0179,EjectGuide-1,FAMICOM-0179 · Fixed eject-frame guide002,Mechanism,fccream,1,3190.4061929829736,6.0,90.0,9.999999999999996,Schematic internal layout
FAMICOM-0180,EjectGuide1,FAMICOM-0180 · Fixed eject-frame guide003,Mechanism,fccream,1,3190.406192982973,6.0,90.0,9.999999999999996,Schematic internal layout
FAMICOM-0181,EjectCarrier,FAMICOM-0181 · Sliding crossbar frame with lifting ramps,Mechanism,fccream,1,5986.806180481591,101.5,77.0,6.299999999999997,Schematic internal layout
FAMICOM-0182,EjectLinkage,FAMICOM-0182 · Metal pull rod and handle transmission blade,Mechanism,metal,1,76.53775144292248,1.6,38.500000199999995,12.500000100000001,Schematic internal layout
FAMICOM-0183,EjectReturnSpring,FAMICOM-0183 · Eject mechanism helical return spring,Mechanism,metal,1,23.59658408609635,3.060024894358955,15.35924579631667,3.060020452223071,Schematic internal layout
FAMICOM-0184,SpringEyeFront,FAMICOM-0184 · Spring attachment eye,Mechanism,metal,1,0.9394618671294936,0.4,2.1999999999999886,2.200000000000003,Schematic internal layout
FAMICOM-0185,SpringAnchor,FAMICOM-0185 · Front spring anchoring tab001,Mechanism,fccream,1,14.215825257907154,3.2,2.0,2.299999999999997,Schematic internal layout
FAMICOM-0186,PowerSwitchBody,FAMICOM-0186 · Original latching power switch001,Mechanism,metal,1,2075.196751023819,13.000000200000006,20.000000199999995,8.000000100000015,Schematic internal layout
FAMICOM-0187,PowerSwitchPlunger,FAMICOM-0187 · Power-cap transmission sleeve,Mechanism,black,1,158.22632696012187,4.5,5.0,7.100000000000001,Schematic internal layout
FAMICOM-0188,ResetSwitchBody,FAMICOM-0188 · Reset contact switch,Mechanism,black,1,242.35619449019237,9.0,9.0,3.0,Schematic internal layout
FAMICOM-0189,ResetPlunger,FAMICOM-0189 · Reset-cap transmission sleeve,Mechanism,fccream,1,281.5771675440412,4.5,4.5,14.0,Schematic internal layout
FAMICOM-0190,PowerSwitchEar0,FAMICOM-0190 · Power-switch mounting ear001,Mechanism,metal,1,26.115044407846103,4.5,8.0,0.7999999999999972,Schematic internal layout
FAMICOM-0191,PowerSwitchScrew0,FAMICOM-0191 · Cross-head fastener010,Mechanism,metal,1,6.440230406520871,3.0,3.0,3.8299999999999983,Schematic internal layout
FAMICOM-0192,PowerSwitchEar1,FAMICOM-0192 · Power-switch mounting ear003,Mechanism,metal,1,26.1150444078461,4.5,8.0,0.7999999999999972,Schematic internal layout
FAMICOM-0193,PowerSwitchScrew1,FAMICOM-0193 · Cross-head fastener011,Mechanism,metal,1,6.440230406520871,3.0,3.0,3.8299999999999983,Schematic internal layout
FAMICOM-0194,CPU,FAMICOM-0194 · RP2A03G,Mainboard,black,1,2674.9898958902527,49.0,14.0,3.8999999999999986,Schematic internal layout
FAMICOM-0195,CPUPins,FAMICOM-0195 · Through-hole DIP leadframe study,Mainboard,metal,40,28.488739097373863,47.38,17.450000000000003,4.139999999999999,Schematic internal layout
FAMICOM-0196,CPUMark,FAMICOM-0196 · RP2A03G001,Mainboard,white,7,0.1605382773007148,12.706661273825507,2.143892817449668,0.01800020000000302,Published envelope; approximate local detail
FAMICOM-0197,CPUSolderPads,FAMICOM-0197 · Underside through-hole solder lands,Mainboard,gold,40,1.1281459219040937,48.22,17.42,0.03500000000000014,Schematic internal layout
FAMICOM-0198,PPU,FAMICOM-0198 · RP2C02G-0,Mainboard,black,1,2674.9898958902527,49.0,14.0,3.8999999999999986,Schematic internal layout
FAMICOM-0199,PPUPins,FAMICOM-0199 · Through-hole DIP leadframe study001,Mainboard,metal,40,28.488739097373816,47.38,17.449999999999996,4.139999999999999,Schematic internal layout
FAMICOM-0200,PPUMark,FAMICOM-0200 · RP2C02G-001,Mainboard,white,9,0.18294967422723304,15.617969998657724,2.143892817449668,0.01800020000000302,Published envelope; approximate local detail
FAMICOM-0201,PPUSolderPads,FAMICOM-0201 · Underside through-hole solder lands001,Mainboard,gold,40,1.1281459219040921,48.22,17.42,0.03500000000000014,Schematic internal layout
FAMICOM-0202,VRAM,FAMICOM-0202 · LH5216D,Mainboard,black,1,904.3898958902523,29.0,8.0,3.8999999999999986,Schematic internal layout
FAMICOM-0203,VRAMPins,FAMICOM-0203 · Through-hole DIP leadframe study002,Mainboard,metal,24,17.093243458424308,27.380000000000006,11.45,4.139999999999999,Schematic internal layout
FAMICOM-0204,VRAMMark,FAMICOM-0204 · LH5216D001,Mainboard,white,7,0.14933136868757504,12.651568891946319,2.1438928174496645,0.01800020000000302,Published envelope; approximate local detail
FAMICOM-0205,VRAMSolderPads,FAMICOM-0205 · Underside through-hole solder lands002,Mainboard,gold,24,0.6768875531424561,28.22,11.419999999999998,0.03500000000000014,Schematic internal layout
FAMICOM-0206,RAM,FAMICOM-0206 · LH5216D002,Mainboard,black,1,904.3898958902523,29.0,8.0,3.8999999999999986,Schematic internal layout
FAMICOM-0207,RAMPins,FAMICOM-0207 · Through-hole DIP leadframe study003,Mainboard,metal,24,17.09324345842428,27.380000000000006,11.45,4.139999999999999,Schematic internal layout
FAMICOM-0208,RAMMark,FAMICOM-0208 · LH5216D003,Mainboard,white,7,0.14933136868757502,12.651568891946312,2.1438928174496645,0.01800020000000302,Published envelope; approximate local detail
FAMICOM-0209,RAMSolderPads,FAMICOM-0209 · Underside through-hole solder lands003,Mainboard,gold,24,0.6768875531424562,28.22,11.419999999999998,0.03500000000000014,Schematic internal layout
FAMICOM-0210,Buffer0,FAMICOM-0210 · TC40H368P,Mainboard,black,1,483.18989589025216,20.0,6.199999999999989,3.8999999999999986,Schematic internal layout
FAMICOM-0211,Buffer0Pins,FAMICOM-0211 · Through-hole DIP leadframe study004,Mainboard,metal,16,11.395495638949516,18.380000000000003,9.650000000000006,4.139999999999999,Schematic internal layout
FAMICOM-0212,Buffer0Mark,FAMICOM-0212 · TC40H368P001,Mainboard,white,9,0.19912242906893524,16.303347415436242,2.143892817449654,0.01800020000000302,Published envelope; approximate local detail
FAMICOM-0213,Buffer0SolderPads,FAMICOM-0213 · Underside through-hole solder lands004,Mainboard,gold,16,0.4512583687616385,19.22,9.620000000000005,0.03500000000000014,Schematic internal layout
FAMICOM-0214,Buffer1,FAMICOM-0214 · TC40H368P002,Mainboard,black,1,483.1898958902521,20.0,6.199999999999989,3.8999999999999986,Schematic internal layout
FAMICOM-0215,Buffer1Pins,FAMICOM-0215 · Through-hole DIP leadframe study005,Mainboard,metal,16,11.395495638949507,18.380000000000003,9.650000000000006,4.139999999999999,Schematic internal layout
FAMICOM-0216,Buffer1Mark,FAMICOM-0216 · TC40H368P003,Mainboard,white,9,0.19912242906893526,16.303347415436246,2.143892817449654,0.01800020000000302,Published envelope; approximate local detail
FAMICOM-0217,Buffer1SolderPads,FAMICOM-0217 · Underside through-hole solder lands005,Mainboard,gold,16,0.45125836876163844,19.22,9.620000000000005,0.03500000000000014,Schematic internal layout
FAMICOM-0218,Decoder,FAMICOM-0218 · 74LS139,Mainboard,black,1,459.0098958902525,19.0,6.200000000000003,3.8999999999999986,Schematic internal layout
FAMICOM-0219,DecoderPins,FAMICOM-0219 · Through-hole DIP leadframe study006,Mainboard,metal,16,11.39549563894948,17.380000000000006,9.650000000000006,4.139999999999999,Schematic internal layout
FAMICOM-0220,DecoderMark,FAMICOM-0220 · 74LS140,Mainboard,white,7,0.1342703570146069,11.955394395302019,2.143892817449668,0.01800020000000302,Published envelope; approximate local detail
FAMICOM-0221,DecoderSolderPads,FAMICOM-0221 · Underside through-hole solder lands006,Mainboard,gold,16,0.4512583687616379,18.22,9.620000000000005,0.03500000000000014,Schematic internal layout
FAMICOM-0222,Latch,FAMICOM-0222 · 74LS373,Mainboard,black,1,545.5898958902525,20.0,7.0,3.8999999999999986,Schematic internal layout
FAMICOM-0223,LatchPins,FAMICOM-0223 · Through-hole DIP leadframe study007,Mainboard,metal,20,14.24436954868693,18.380000000000006,10.449999999999996,4.139999999999999,Schematic internal layout
FAMICOM-0224,LatchMark,FAMICOM-0224 · 74LS374,Mainboard,white,7,0.1284500395343976,11.927709831543627,2.143892817449668,0.01800020000000302,Published envelope; approximate local detail
FAMICOM-0225,LatchSolderPads,FAMICOM-0225 · Underside through-hole solder lands007,Mainboard,gold,20,0.5640729609520471,19.22,10.420000000000002,0.03500000000000014,Schematic internal layout
FAMICOM-0226,MasterCrystal,FAMICOM-0226 · Master oscillator metal can,Mainboard,metal,1,307.2576944093241,6.200000000000003,13.0,4.0,Schematic internal layout
FAMICOM-0227,CrystalMark,FAMICOM-0227 · XTAL,Mainboard,black,4,0.05094047551595433,5.583850671140944,1.6912751677852356,0.018000000000000682,Published envelope; approximate local detail
FAMICOM-0228,LogicCap0,FAMICOM-0228 · Radial electrolytic capacitor015,Mainboard,black,1,75.29769272124017,4.0,4.0,6.0,Schematic internal layout
FAMICOM-0229,LogicCap0Top,FAMICOM-0229 · Capacitor aluminum vent face,Mainboard,metal,1,1.2902521028293312,3.700000000000003,3.700000000000003,0.120000000000001,Schematic internal layout
FAMICOM-0230,LogicCap0Leads,FAMICOM-0230 · Radial component leads,Mainboard,metal,2,0.7037167544041146,2.0,0.4000000000000057,2.799999999999999,Schematic internal layout
FAMICOM-0231,LogicCap1,FAMICOM-0231 · Radial electrolytic capacitor016,Mainboard,black,1,60.218047984009175,4.0,4.0,4.800000000000001,Schematic internal layout
FAMICOM-0232,LogicCap1Top,FAMICOM-0232 · Capacitor aluminum vent face001,Mainboard,metal,1,1.2902521028293317,3.700000000000003,3.6999999999999997,0.120000000000001,Schematic internal layout
FAMICOM-0233,LogicCap1Leads,FAMICOM-0233 · Radial component leads001,Mainboard,metal,2,0.7037167544041145,2.0,0.40000000000000036,2.799999999999999,Schematic internal layout
FAMICOM-0234,LogicCap2,FAMICOM-0234 · Radial electrolytic capacitor017,Mainboard,black,1,75.29769272124018,4.0,4.0,6.0,Schematic internal layout
FAMICOM-0235,LogicCap2Top,FAMICOM-0235 · Capacitor aluminum vent face002,Mainboard,metal,1,1.2902521028293314,3.700000000000003,3.700000000000003,0.120000000000001,Schematic internal layout
FAMICOM-0236,LogicCap2Leads,FAMICOM-0236 · Radial component leads002,Mainboard,metal,2,0.7037167544041136,2.0,0.3999999999999986,2.799999999999999,Schematic internal layout
FAMICOM-0237,LogicCap3,FAMICOM-0237 · Radial electrolytic capacitor018,Mainboard,black,1,60.21804798400915,4.0,4.0,4.800000000000001,Schematic internal layout
FAMICOM-0238,LogicCap3Top,FAMICOM-0238 · Capacitor aluminum vent face003,Mainboard,metal,1,1.2902521028293317,3.700000000000003,3.700000000000003,0.120000000000001,Schematic internal layout
FAMICOM-0239,LogicCap3Leads,FAMICOM-0239 · Radial component leads003,Mainboard,metal,2,0.7037167544041133,2.0,0.3999999999999986,2.799999999999999,Schematic internal layout
FAMICOM-0240,LogicCap4,FAMICOM-0240 · Radial electrolytic capacitor019,Mainboard,black,1,75.29769272124017,4.0,4.0,6.0,Schematic internal layout
FAMICOM-0241,LogicCap4Top,FAMICOM-0241 · Capacitor aluminum vent face004,Mainboard,metal,1,1.2902521028293317,3.6999999999999993,3.700000000000003,0.120000000000001,Schematic internal layout
FAMICOM-0242,LogicCap4Leads,FAMICOM-0242 · Radial component leads004,Mainboard,metal,2,0.7037167544041126,2.0,0.3999999999999986,2.799999999999999,Schematic internal layout
FAMICOM-0243,LogicCap5,FAMICOM-0243 · Radial electrolytic capacitor020,Mainboard,black,1,60.21804798400916,4.0,4.0,4.800000000000001,Schematic internal layout
FAMICOM-0244,LogicCap5Top,FAMICOM-0244 · Capacitor aluminum vent face005,Mainboard,metal,1,1.2902521028293314,3.6999999999999997,3.700000000000003,0.120000000000001,Schematic internal layout
FAMICOM-0245,LogicCap5Leads,FAMICOM-0245 · Radial component leads005,Mainboard,metal,2,0.7037167544041129,2.0,0.3999999999999986,2.799999999999999,Schematic internal layout
FAMICOM-0246,LogicCap6,FAMICOM-0246 · Radial electrolytic capacitor021,Mainboard,black,1,75.29769272124015,4.0,4.0,6.0,Schematic internal layout
FAMICOM-0247,LogicCap6Top,FAMICOM-0247 · Capacitor aluminum vent face006,Mainboard,metal,1,1.2902521028293314,3.700000000000003,3.700000000000003,0.120000000000001,Schematic internal layout
FAMICOM-0248,LogicCap6Leads,FAMICOM-0248 · Radial component leads006,Mainboard,metal,2,0.7037167544041133,2.0,0.3999999999999986,2.799999999999999,Schematic internal layout
FAMICOM-0249,LogicCap7,FAMICOM-0249 · Radial electrolytic capacitor022,Mainboard,black,1,60.218047984009175,4.0,4.0,4.800000000000001,Schematic internal layout
FAMICOM-0250,LogicCap7Top,FAMICOM-0250 · Capacitor aluminum vent face007,Mainboard,metal,1,1.2902521028293317,3.700000000000003,3.700000000000003,0.120000000000001,Schematic internal layout
FAMICOM-0251,LogicCap7Leads,FAMICOM-0251 · Radial component leads007,Mainboard,metal,2,0.7037167544041136,2.0,0.3999999999999986,2.799999999999999,Schematic internal layout
FAMICOM-0252,LogicCap8,FAMICOM-0252 · Radial electrolytic capacitor023,Mainboard,black,1,75.29769272124018,4.0,4.0,6.0,Schematic internal layout
FAMICOM-0253,LogicCap8Top,FAMICOM-0253 · Capacitor aluminum vent face008,Mainboard,metal,1,1.2902521028293314,3.700000000000003,3.6999999999999997,0.120000000000001,Schematic internal layout
FAMICOM-0254,LogicCap8Leads,FAMICOM-0254 · Radial component leads008,Mainboard,metal,2,0.7037167544041145,2.0,0.40000000000000036,2.799999999999999,Schematic internal layout
FAMICOM-0255,FrontResistor0,FAMICOM-0255 · Axial resistor body study,Mainboard,fcresistor,1,5.233893360880591,3.3999999999999986,1.4000000000000057,1.3999999999999986,Schematic internal layout
FAMICOM-0256,FrontResistor0Leads,FAMICOM-0256 · Formed axial component leads,Mainboard,metal,2,1.031218849884204,7.740000000000002,0.3400000000000034,3.9700000000000024,Schematic internal layout
FAMICOM-0257,FrontResistor0Bands,FAMICOM-0257 · Resistor band geometry study,Mainboard,black,3,0.06715154297048304,1.5,1.4499999999999886,1.4500000000000028,Schematic internal layout
FAMICOM-0258,FrontResistor1,FAMICOM-0258 · Axial resistor body study001,Mainboard,fcresistor,1,5.233893360880593,3.4000000000000004,1.4000000000000057,1.3999999999999986,Schematic internal layout
FAMICOM-0259,FrontResistor1Leads,FAMICOM-0259 · Formed axial component leads001,Mainboard,metal,2,1.0312188269132727,7.74,0.3400000000000034,3.9700000000000024,Schematic internal layout
FAMICOM-0260,FrontResistor1Bands,FAMICOM-0260 · Resistor band geometry study001,Mainboard,black,3,0.06715154297048315,1.5,1.4499999999999886,1.4500000000000028,Schematic internal layout
FAMICOM-0261,FrontResistor2,FAMICOM-0261 · Axial resistor body study002,Mainboard,fcresistor,1,5.233893360880592,3.3999999999999995,1.4000000000000057,1.3999999999999986,Schematic internal layout
FAMICOM-0262,FrontResistor2Leads,FAMICOM-0262 · Formed axial component leads002,Mainboard,metal,2,1.031218781115684,7.739999999999999,0.3400000000000034,3.9700000000000024,Schematic internal layout
FAMICOM-0263,FrontResistor2Bands,FAMICOM-0263 · Resistor band geometry study002,Mainboard,black,3,0.06715154297048051,1.5,1.4499999999999886,1.4500000000000028,Schematic internal layout
FAMICOM-0264,FrontResistor3,FAMICOM-0264 · Axial resistor body study003,Mainboard,fcresistor,1,5.233893360880592,3.3999999999999995,1.4000000000000057,1.3999999999999986,Schematic internal layout
FAMICOM-0265,FrontResistor3Leads,FAMICOM-0265 · Formed axial component leads003,Mainboard,metal,2,1.031218604041023,7.739999999999999,0.3400000000000034,3.9700000000000024,Schematic internal layout
FAMICOM-0266,FrontResistor3Bands,FAMICOM-0266 · Resistor band geometry study003,Mainboard,black,3,0.0671515429704804,1.5,1.4499999999999886,1.4500000000000028,Schematic internal layout
FAMICOM-0267,FrontResistor4,FAMICOM-0267 · Axial resistor body study004,Mainboard,fcresistor,1,5.233893360880591,3.3999999999999986,1.4000000000000057,1.3999999999999986,Schematic internal layout
FAMICOM-0268,FrontResistor4Leads,FAMICOM-0268 · Formed axial component leads004,Mainboard,metal,2,1.0312186835673278,7.74,0.3400000000000034,3.9700000000000024,Schematic internal layout
FAMICOM-0269,FrontResistor4Bands,FAMICOM-0269 · Resistor band geometry study004,Mainboard,black,3,0.06715154297048309,1.4999999999999982,1.4499999999999886,1.4500000000000028,Schematic internal layout
FAMICOM-0270,FrontResistor5,FAMICOM-0270 · Axial resistor body study005,Mainboard,fcresistor,1,5.233893360880591,3.3999999999999986,1.4000000000000057,1.3999999999999986,Schematic internal layout
FAMICOM-0271,FrontResistor5Leads,FAMICOM-0271 · Formed axial component leads005,Mainboard,metal,2,1.0312185582430882,7.740000000000002,0.3400000000000034,3.9700000000000024,Schematic internal layout
FAMICOM-0272,FrontResistor5Bands,FAMICOM-0272 · Resistor band geometry study005,Mainboard,black,3,0.06715154297048304,1.5,1.4499999999999886,1.4500000000000028,Schematic internal layout
FAMICOM-0273,FrontResistor6,FAMICOM-0273 · Axial resistor body study006,Mainboard,fcresistor,1,5.233893360880591,3.3999999999999986,1.4000000000000057,1.3999999999999986,Schematic internal layout
FAMICOM-0274,FrontResistor6Leads,FAMICOM-0274 · Formed axial component leads006,Mainboard,metal,2,1.031218785816634,7.740000000000009,0.3400000000000034,3.9700000000000024,Schematic internal layout
FAMICOM-0275,FrontResistor6Bands,FAMICOM-0275 · Resistor band geometry study006,Mainboard,black,3,0.06715154297047313,1.500000000000007,1.4499999999999886,1.4500000000000028,Schematic internal layout
FAMICOM-0276,LogicResistor0,FAMICOM-0276 · Axial resistor body study007,Mainboard,fcresistor,1,5.233893360880591,3.3999999999999986,1.4000000000000057,1.3999999999999986,Schematic internal layout
FAMICOM-0277,LogicResistor0Leads,FAMICOM-0277 · Formed axial component leads007,Mainboard,metal,2,1.0312187808664373,7.740000000000009,0.3400000000000034,3.9700000000000024,Schematic internal layout
FAMICOM-0278,LogicResistor0Bands,FAMICOM-0278 · Resistor band geometry study007,Mainboard,black,3,0.06715154297047335,1.500000000000007,1.4500000000000028,1.4500000000000028,Schematic internal layout
FAMICOM-0279,LogicResistor1,FAMICOM-0279 · Axial resistor body study008,Mainboard,fcresistor,1,5.233893360880591,3.3999999999999986,1.4000000000000057,1.3999999999999986,Schematic internal layout
FAMICOM-0280,LogicResistor1Leads,FAMICOM-0280 · Formed axial component leads008,Mainboard,metal,2,1.0312190221682995,7.740000000000002,0.3400000000000034,3.9700000000000024,Schematic internal layout
FAMICOM-0281,LogicResistor1Bands,FAMICOM-0281 · Resistor band geometry study008,Mainboard,black,3,0.06715154297048406,1.5,1.4500000000000028,1.4500000000000028,Schematic internal layout
FAMICOM-0282,LogicResistor2,FAMICOM-0282 · Axial resistor body study009,Mainboard,fcresistor,1,5.233893360880593,3.4000000000000004,1.4000000000000057,1.3999999999999986,Schematic internal layout
FAMICOM-0283,LogicResistor2Leads,FAMICOM-0283 · Formed axial component leads009,Mainboard,metal,2,1.031218929316333,7.739999999999998,0.3400000000000034,3.9700000000000024,Schematic internal layout
FAMICOM-0284,LogicResistor2Bands,FAMICOM-0284 · Resistor band geometry study009,Mainboard,black,3,0.06715154297048412,1.4999999999999982,1.4500000000000028,1.4500000000000028,Schematic internal layout
FAMICOM-0285,LogicResistor3,FAMICOM-0285 · Axial resistor body study010,Mainboard,fcresistor,1,5.233893360880593,3.4,1.4000000000000057,1.3999999999999986,Schematic internal layout
FAMICOM-0286,LogicResistor3Leads,FAMICOM-0286 · Formed axial component leads010,Mainboard,metal,2,1.0312190221683109,7.74,0.3400000000000034,3.9700000000000024,Schematic internal layout
FAMICOM-0287,LogicResistor3Bands,FAMICOM-0287 · Resistor band geometry study010,Mainboard,black,3,0.06715154297048209,1.5,1.4500000000000028,1.4500000000000028,Schematic internal layout
FAMICOM-0288,LogicResistor4,FAMICOM-0288 · Axial resistor body study011,Mainboard,fcresistor,1,5.233893360880593,3.4000000000000004,1.4000000000000057,1.3999999999999986,Schematic internal layout
FAMICOM-0289,LogicResistor4Leads,FAMICOM-0289 · Formed axial component leads011,Mainboard,metal,2,1.0312189522018218,7.739999999999998,0.3400000000000034,3.9700000000000024,Schematic internal layout
FAMICOM-0290,LogicResistor4Bands,FAMICOM-0290 · Resistor band geometry study011,Mainboard,black,3,0.06715154297048417,1.4999999999999982,1.4500000000000028,1.4500000000000028,Schematic internal layout
FAMICOM-0291,LogicResistor5,FAMICOM-0291 · Axial resistor body study012,Mainboard,fcresistor,1,5.233893360880591,3.3999999999999986,1.4000000000000057,1.3999999999999986,Schematic internal layout
FAMICOM-0292,LogicResistor5Leads,FAMICOM-0292 · Formed axial component leads012,Mainboard,metal,2,1.0312190221682995,7.740000000000002,0.3400000000000034,3.9700000000000024,Schematic internal layout
FAMICOM-0293,LogicResistor5Bands,FAMICOM-0293 · Resistor band geometry study012,Mainboard,black,3,0.06715154297048406,1.5,1.4500000000000028,1.4500000000000028,Schematic internal layout
FAMICOM-0294,LogicResistor6,FAMICOM-0294 · Axial resistor body study013,Mainboard,fcresistor,1,5.233893360880591,3.3999999999999986,1.4000000000000057,1.3999999999999986,Schematic internal layout
FAMICOM-0295,LogicResistor6Leads,FAMICOM-0295 · Formed axial component leads013,Mainboard,metal,2,1.031218729164931,7.740000000000009,0.3400000000000034,3.9700000000000024,Schematic internal layout
FAMICOM-0296,LogicResistor6Bands,FAMICOM-0296 · Resistor band geometry study013,Mainboard,black,3,0.06715154297047335,1.500000000000007,1.4500000000000028,1.4500000000000028,Schematic internal layout
FAMICOM-0297,CeramicCap0,FAMICOM-0297 · Ceramic disc capacitor005,Mainboard,fcresistor,1,4.129775995837677,2.900000200000001,0.6500002000000009,2.900000200000001,Schematic internal layout
FAMICOM-0298,CeramicLeads0,FAMICOM-0298 · Ceramic capacitor leads,Mainboard,metal,2,0.6273132210688097,1.5200000000000031,0.3199999999999932,3.9000000000000004,Schematic internal layout
FAMICOM-0299,CeramicCap1,FAMICOM-0299 · Ceramic disc capacitor006,Mainboard,fcresistor,1,4.129775995837666,2.9000001999999974,0.6500002000000009,2.900000200000001,Schematic internal layout
FAMICOM-0300,CeramicLeads1,FAMICOM-0300 · Ceramic capacitor leads001,Mainboard,metal,2,0.6273132210688099,1.5199999999999996,0.3199999999999932,3.9000000000000004,Schematic internal layout
FAMICOM-0301,CeramicCap2,FAMICOM-0301 · Ceramic disc capacitor007,Mainboard,fcresistor,1,4.129775995837612,2.900000200000001,0.6500002000000009,2.900000200000001,Schematic internal layout
FAMICOM-0302,CeramicLeads2,FAMICOM-0302 · Ceramic capacitor leads002,Mainboard,metal,2,0.6273132210688097,1.5199999999999996,0.3199999999999932,3.9000000000000004,Schematic internal layout
FAMICOM-0303,CeramicCap3,FAMICOM-0303 · Ceramic disc capacitor008,Mainboard,fcresistor,1,4.129775995837665,2.900000200000001,0.6500002000000009,2.900000200000001,Schematic internal layout
FAMICOM-0304,CeramicLeads3,FAMICOM-0304 · Ceramic capacitor leads003,Mainboard,metal,2,0.6273132210688097,1.5200000000000031,0.3199999999999932,3.9000000000000004,Schematic internal layout
FAMICOM-0305,CeramicCap4,FAMICOM-0305 · Ceramic disc capacitor009,Mainboard,fcresistor,1,4.129775995837578,2.900000200000008,0.6500002000000009,2.900000200000001,Schematic internal layout
FAMICOM-0306,CeramicLeads4,FAMICOM-0306 · Ceramic capacitor leads004,Mainboard,metal,2,0.627313221068808,1.519999999999996,0.3199999999999932,3.9000000000000004,Schematic internal layout
FAMICOM-0307,RFShield,FAMICOM-0307 · Removable power/RF metal enclosure001,PowerRF,metal,5,4190.432175139997,92.0,54.00000010000003,18.4000002,Schematic internal layout
FAMICOM-0308,RegulatorHeatsink,FAMICOM-0308 · Folded regulator heat spreader001,PowerRF,metal,1,505.43556823652625,25.0,12.025000000000006,20.0,Schematic internal layout
FAMICOM-0309,RegulatorBody,FAMICOM-0309 · Linear 5 V regulator package study,PowerRF,black,1,299.47851753705595,10.0,3.0,10.0,Schematic internal layout
FAMICOM-0310,RegulatorTab,FAMICOM-0310 · Regulator metal mounting tab,PowerRF,metal,1,39.65066385686539,10.0,0.7000000000000028,6.0,Schematic internal layout
FAMICOM-0311,RegulatorScrew,FAMICOM-0311 · Cross-head fastener012,PowerRF,metal,1,8.33420989028726,3.200000000000003,5.130000000000003,3.200000000000003,Schematic internal layout
FAMICOM-0312,RegulatorLead0,FAMICOM-0312 · Regulator formed lead,PowerRF,metal,1,0.8984548667764655,0.5,0.4000000000000057,4.5,Schematic internal layout
FAMICOM-0313,RegulatorLead1,FAMICOM-0313 · Regulator formed lead001,PowerRF,metal,1,0.8984548667764655,0.5,0.4000000000000057,4.5,Schematic internal layout
FAMICOM-0314,RegulatorLead2,FAMICOM-0314 · Regulator formed lead002,PowerRF,metal,1,0.8984548667764655,0.5,0.4000000000000057,4.5,Schematic internal layout
FAMICOM-0315,RFCap0,FAMICOM-0315 · Radial electrolytic capacitor024,PowerRF,black,1,264.1074112019868,5.799999999999997,5.799999999999997,10.000000000000002,Schematic internal layout
FAMICOM-0316,RFCap0Top,FAMICOM-0316 · Capacitor aluminum vent face009,PowerRF,metal,1,2.8509953331327456,5.5,5.5,0.120000000000001,Schematic internal layout
FAMICOM-0317,RFCap0Leads,FAMICOM-0317 · Radial component leads009,PowerRF,metal,2,0.7037167544041144,2.0,0.4000000000000057,2.8000000000000007,Schematic internal layout
FAMICOM-0318,RFCap1,FAMICOM-0318 · Radial electrolytic capacitor025,PowerRF,black,1,75.29769272124015,4.0,4.0,6.000000000000002,Schematic internal layout
FAMICOM-0319,RFCap1Top,FAMICOM-0319 · Capacitor aluminum vent face010,PowerRF,metal,1,1.2902521028293314,3.6999999999999993,3.700000000000003,0.120000000000001,Schematic internal layout
FAMICOM-0320,RFCap1Leads,FAMICOM-0320 · Radial component leads010,PowerRF,metal,2,0.7037167544041137,2.0,0.4000000000000057,2.8000000000000007,Schematic internal layout
FAMICOM-0321,RFCap2,FAMICOM-0321 · Radial electrolytic capacitor026,PowerRF,black,1,264.1074112019868,5.799999999999997,5.800000000000011,10.000000000000002,Schematic internal layout
FAMICOM-0322,RFCap2Top,FAMICOM-0322 · Capacitor aluminum vent face011,PowerRF,metal,1,2.850995333132745,5.5,5.5,0.120000000000001,Schematic internal layout
FAMICOM-0323,RFCap2Leads,FAMICOM-0323 · Radial component leads011,PowerRF,metal,2,0.7037167544041132,2.0,0.4000000000000057,2.8000000000000007,Schematic internal layout
FAMICOM-0324,RFCap3,FAMICOM-0324 · Radial electrolytic capacitor027,PowerRF,black,1,75.29769272124013,4.0,4.0,6.000000000000002,Schematic internal layout
FAMICOM-0325,RFCap3Top,FAMICOM-0325 · Capacitor aluminum vent face012,PowerRF,metal,1,1.2902521028293326,3.6999999999999993,3.6999999999999886,0.120000000000001,Schematic internal layout
FAMICOM-0326,RFCap3Leads,FAMICOM-0326 · Radial component leads012,PowerRF,metal,2,0.7037167544041127,2.0,0.4000000000000057,2.8000000000000007,Schematic internal layout
FAMICOM-0327,RFCap4,FAMICOM-0327 · Radial electrolytic capacitor028,PowerRF,black,1,75.29769272124013,4.0,4.0,6.000000000000002,Schematic internal layout
FAMICOM-0328,RFCap4Top,FAMICOM-0328 · Capacitor aluminum vent face013,PowerRF,metal,1,1.2902521028293326,3.700000000000003,3.6999999999999886,0.120000000000001,Schematic internal layout
FAMICOM-0329,RFCap4Leads,FAMICOM-0329 · Radial component leads013,PowerRF,metal,2,0.7037167544041132,2.0,0.4000000000000057,2.8000000000000007,Schematic internal layout
FAMICOM-0330,RFCap5,FAMICOM-0330 · Radial electrolytic capacitor029,PowerRF,black,1,75.29769272124013,4.0,4.0,6.000000000000002,Schematic internal layout
FAMICOM-0331,RFCap5Top,FAMICOM-0331 · Capacitor aluminum vent face014,PowerRF,metal,1,1.2902521028293326,3.700000000000003,3.6999999999999886,0.120000000000001,Schematic internal layout
FAMICOM-0332,RFCap5Leads,FAMICOM-0332 · Radial component leads014,PowerRF,metal,2,0.7037167544041136,2.0,0.4000000000000057,2.8000000000000007,Schematic internal layout
FAMICOM-0333,RFTransistor0,FAMICOM-0333 · RF transistor case study003,PowerRF,black,1,34.43735327048793,3.3999999999999986,3.4000000000000057,3.799999999999999,Schematic internal layout
FAMICOM-0334,RFTransistorLeads0,FAMICOM-0334 · Transistor through-hole pins,PowerRF,metal,3,0.6149667619401975,2.0999999999999943,0.30000000000001137,2.9000000000000004,Schematic internal layout
FAMICOM-0335,RFTransistor1,FAMICOM-0335 · RF transistor case study004,PowerRF,black,1,34.43735327048793,3.4,3.4000000000000057,3.799999999999999,Schematic internal layout
FAMICOM-0336,RFTransistorLeads1,FAMICOM-0336 · Transistor through-hole pins001,PowerRF,metal,3,0.6149667619401977,2.1,0.30000000000001137,2.9000000000000004,Schematic internal layout
FAMICOM-0337,RFTransistor2,FAMICOM-0337 · RF transistor case study005,PowerRF,black,1,34.43735327048793,3.3999999999999986,3.4000000000000057,3.799999999999999,Schematic internal layout
FAMICOM-0338,RFTransistorLeads2,FAMICOM-0338 · Transistor through-hole pins002,PowerRF,metal,3,0.6149667619401981,2.1000000000000014,0.30000000000001137,2.9000000000000004,Schematic internal layout
FAMICOM-0339,RFCoilCore0,FAMICOM-0339 · RF tuning coil ferrite core,PowerRF,black,1,15.707963267948953,2.0,2.0,5.0,Schematic internal layout
FAMICOM-0340,RFCoilWinding0,FAMICOM-0340 · RF tuning coil winding,PowerRF,copper,1,6.072386226673066,3.620008457965352,3.620008470211218,4.319550831958219,Schematic internal layout
FAMICOM-0341,RFCoilCore1,FAMICOM-0341 · RF tuning coil ferrite core001,PowerRF,black,1,15.707963267948957,2.0,2.0,5.0,Schematic internal layout
FAMICOM-0342,RFCoilWinding1,FAMICOM-0342 · RF tuning coil winding001,PowerRF,copper,1,6.072386226673065,3.6200084579653513,3.620008470211218,4.319550831958219,Schematic internal layout
FAMICOM-0343,RFResistor0,FAMICOM-0343 · Axial resistor body study014,PowerRF,fcresistor,1,5.233893360880591,3.3999999999999986,1.4000000000000057,1.3999999999999986,Schematic internal layout
FAMICOM-0344,RFResistor0Leads,FAMICOM-0344 · Formed axial component leads014,PowerRF,metal,2,1.031218951995789,7.7400000000000055,0.3400000000000034,3.969999999999999,Schematic internal layout
FAMICOM-0345,RFResistor0Bands,FAMICOM-0345 · Resistor band geometry study014,PowerRF,black,3,0.06715154297047235,1.500000000000007,1.4499999999999886,1.4499999999999993,Schematic internal layout
FAMICOM-0346,RFResistor1,FAMICOM-0346 · Axial resistor body study015,PowerRF,fcresistor,1,5.233893360880591,3.3999999999999986,1.4000000000000057,1.3999999999999986,Schematic internal layout
FAMICOM-0347,RFResistor1Leads,FAMICOM-0347 · Formed axial component leads015,PowerRF,metal,2,1.0312189521000308,7.740000000000002,0.3400000000000034,3.969999999999999,Schematic internal layout
FAMICOM-0348,RFResistor1Bands,FAMICOM-0348 · Resistor band geometry study015,PowerRF,black,3,0.06715154297048309,1.5,1.4499999999999886,1.4499999999999993,Schematic internal layout
FAMICOM-0349,RFResistor2,FAMICOM-0349 · Axial resistor body study016,PowerRF,fcresistor,1,5.233893360880593,3.4,1.4000000000000057,1.3999999999999986,Schematic internal layout
FAMICOM-0350,RFResistor2Leads,FAMICOM-0350 · Formed axial component leads016,PowerRF,metal,2,1.0312189519957768,7.739999999999999,0.3400000000000034,3.969999999999999,Schematic internal layout
FAMICOM-0351,RFResistor2Bands,FAMICOM-0351 · Resistor band geometry study016,PowerRF,black,3,0.06715154297048045,1.5,1.4499999999999886,1.4499999999999993,Schematic internal layout
FAMICOM-0352,RFResistor3,FAMICOM-0352 · Axial resistor body study017,PowerRF,fcresistor,1,5.233893360880591,3.3999999999999986,1.4000000000000057,1.3999999999999986,Schematic internal layout
FAMICOM-0353,RFResistor3Leads,FAMICOM-0353 · Formed axial component leads017,PowerRF,metal,2,1.0312189519958042,7.7400000000000055,0.3400000000000034,3.969999999999999,Schematic internal layout
FAMICOM-0354,RFResistor3Bands,FAMICOM-0354 · Resistor band geometry study017,PowerRF,black,3,0.06715154297047235,1.500000000000007,1.4499999999999886,1.4499999999999993,Schematic internal layout
FAMICOM-0355,RFBoardBridge-1_0,FAMICOM-0355 · Board-to-board interconnect study,Wiring,metal,1,0.9914387713017567,0.36000020000012967,9.132126931557451,3.0843875997154235,Schematic internal layout
FAMICOM-0356,RFBoardBridge-1_1,FAMICOM-0356 · Board-to-board interconnect study001,Wiring,metal,1,0.9914387713017209,0.3600002000000657,9.132126931557494,3.0843875997154253,Schematic internal layout
FAMICOM-0357,RFBoardBridge-1_2,FAMICOM-0357 · Board-to-board interconnect study002,Wiring,metal,1,0.9914387713017518,0.3600002000001581,9.132126931557494,3.0843875997154253,Schematic internal layout
FAMICOM-0358,RFBoardBridge1_0,FAMICOM-0358 · Board-to-board interconnect study003,Wiring,metal,1,0.991438771301737,0.36000020000009414,9.132126931557465,3.0843875997154147,Schematic internal layout
FAMICOM-0359,RFBoardBridge1_1,FAMICOM-0359 · Board-to-board interconnect study004,Wiring,metal,1,0.9914387713017265,0.36000020000009414,9.132126931557494,3.08438759971542,Schematic internal layout
FAMICOM-0360,RFBoardBridge1_2,FAMICOM-0360 · Board-to-board interconnect study005,Wiring,metal,1,0.9914387713017166,0.36000020000008703,9.132126931557494,3.0843875997154253,Schematic internal layout
FAMICOM-0361,P1PCB,FAMICOM-0361 · Controller 1 phenolic PCB study002,Controller1,pcb,1,5635.514269437403,1.0,121.0,47.20000000000001,Schematic internal layout
FAMICOM-0362,P1Post0,FAMICOM-0362 · Controller case fastening post,Controller1,fcred,1,111.96636217394015,9.899999999999999,4.199999999999989,4.200000000000001,Schematic internal layout
FAMICOM-0363,P1Post1,FAMICOM-0363 · Controller case fastening post001,Controller1,fcred,1,111.96636217394015,9.899999999999999,4.199999999999989,4.200000000000003,Schematic internal layout
FAMICOM-0364,P1Post2,FAMICOM-0364 · Controller case fastening post002,Controller1,fcred,1,111.96636217394021,9.899999999999999,4.200000000000003,4.200000000000001,Schematic internal layout
FAMICOM-0365,P1Post3,FAMICOM-0365 · Controller case fastening post003,Controller1,fcred,1,111.96636217394021,9.899999999999999,4.200000000000003,4.200000000000003,Schematic internal layout
FAMICOM-0366,P1DPadMat,FAMICOM-0366 · Directional silicone mat,Controller1,fcmembrane,1,285.0995333132728,0.7500000000000071,22.0,22.0,Schematic internal layout
FAMICOM-0367,P1ActionMat,FAMICOM-0367 · Connected action-button silicone mat,Controller1,fcmembrane,1,259.718078064856,0.8000000000000043,32.0,14.0,Schematic internal layout
FAMICOM-0368,P1UpContact,FAMICOM-0368 · PCB button contact,Controller1,gold,1,1.1482913847952538,0.045000000000001705,5.699999999999996,5.700000000000003,Schematic internal layout
FAMICOM-0369,P1UpPill,FAMICOM-0369 · Conductive rubber pill,Controller1,black,1,6.283185307179591,0.3200000000000003,5.0,5.0,Schematic internal layout
FAMICOM-0370,P1UpStem,FAMICOM-0370 · Button transmission stem,Controller1,fcmembrane,1,45.25778376761451,7.349999999999994,2.8000000000000114,2.799999999999997,Schematic internal layout
FAMICOM-0371,P1RightContact,FAMICOM-0371 · PCB button contact001,Controller1,gold,1,1.1482913847952536,0.045000000000001705,5.700000000000003,5.700000000000003,Schematic internal layout
FAMICOM-0372,P1RightPill,FAMICOM-0372 · Conductive rubber pill001,Controller1,black,1,6.28318530717959,0.3200000000000003,5.0,5.0,Schematic internal layout
FAMICOM-0373,P1RightStem,FAMICOM-0373 · Button transmission stem001,Controller1,fcmembrane,1,45.25778376761453,7.349999999999994,2.799999999999997,2.799999999999997,Schematic internal layout
FAMICOM-0374,P1DownContact,FAMICOM-0374 · PCB button contact002,Controller1,gold,1,1.148291384795254,0.045000000000001705,5.699999999999996,5.700000000000003,Schematic internal layout
FAMICOM-0375,P1DownPill,FAMICOM-0375 · Conductive rubber pill002,Controller1,black,1,6.283185307179591,0.3200000000000003,5.0,5.0,Schematic internal layout
FAMICOM-0376,P1DownStem,FAMICOM-0376 · Button transmission stem002,Controller1,fcmembrane,1,45.257783767614505,7.349999999999994,2.8000000000000114,2.799999999999997,Schematic internal layout
FAMICOM-0377,P1LeftContact,FAMICOM-0377 · PCB button contact003,Controller1,gold,1,1.1482913847952536,0.045000000000001705,5.699999999999989,5.700000000000003,Schematic internal layout
FAMICOM-0378,P1LeftPill,FAMICOM-0378 · Conductive rubber pill003,Controller1,black,1,6.28318530717959,0.3200000000000003,5.0,5.0,Schematic internal layout
FAMICOM-0379,P1LeftStem,FAMICOM-0379 · Button transmission stem003,Controller1,fcmembrane,1,45.257783767614505,7.349999999999994,2.8000000000000114,2.799999999999997,Schematic internal layout
FAMICOM-0380,P1BContact,FAMICOM-0380 · PCB button contact004,Controller1,gold,1,2.2057514719935916,0.045000000000001705,7.900000000000003,7.899999999999999,Schematic internal layout
FAMICOM-0381,P1BPill,FAMICOM-0381 · Conductive rubber pill004,Controller1,black,1,13.028813052967594,0.3200000000000003,7.200000000000008,7.200000000000003,Schematic internal layout
FAMICOM-0382,P1BStem,FAMICOM-0382 · Button transmission stem004,Controller1,fcmembrane,1,263.29688029736053,7.25,6.800000000000006,6.799999999999997,Schematic internal layout
FAMICOM-0383,P1AContact,FAMICOM-0383 · PCB button contact005,Controller1,gold,1,2.2057514719935916,0.045000000000001705,7.900000000000002,7.899999999999999,Schematic internal layout
FAMICOM-0384,P1APill,FAMICOM-0384 · Conductive rubber pill005,Controller1,black,1,13.028813052967594,0.3200000000000003,7.200000000000003,7.200000000000003,Schematic internal layout
FAMICOM-0385,P1AStem,FAMICOM-0385 · Button transmission stem005,Controller1,fcmembrane,1,263.2968802973606,7.25,6.799999999999997,6.799999999999997,Schematic internal layout
FAMICOM-0386,P1SystemMat,FAMICOM-0386 · Connected system-button mat,Controller1,fcmembrane,1,227.65309649148776,0.8000000000000043,36.0,8.0,Schematic internal layout
FAMICOM-0387,P1SelectContact,FAMICOM-0387 · System-button contact,Controller1,gold,1,1.2312716694115564,0.045000000000001705,8.299999999999997,3.3999999999999986,Schematic internal layout
FAMICOM-0388,P1SelectPill,FAMICOM-0388 · System-button conductive rubber,Controller1,black,1,7.7135008158104785,0.3200000000000003,8.0,3.1000000000000014,Schematic internal layout
FAMICOM-0389,P1SelectStem,FAMICOM-0389 · System-button transmission stem,Controller1,fcmembrane,1,129.12698991265668,7.25,6.799999999999997,2.700000000000003,Schematic internal layout
FAMICOM-0390,P1StartContact,FAMICOM-0390 · System-button contact001,Controller1,gold,1,1.2312716694115562,0.045000000000001705,8.299999999999999,3.3999999999999986,Schematic internal layout
FAMICOM-0391,P1StartPill,FAMICOM-0391 · System-button conductive rubber001,Controller1,black,1,7.713500815810478,0.3200000000000003,8.0,3.1000000000000014,Schematic internal layout
FAMICOM-0392,P1StartStem,FAMICOM-0392 · System-button transmission stem001,Controller1,fcmembrane,1,129.12698991265668,7.25,6.8000000000000025,2.700000000000003,Schematic internal layout
FAMICOM-0393,P1ShiftRegister,FAMICOM-0393 · 4021,Controller1,black,1,359.295050790188,2.9000000000000057,20.0,6.200000000000003,Schematic internal layout
FAMICOM-0394,P1ShiftRegisterPins,FAMICOM-0394 · Through-hole DIP leadframe study008,Controller1,metal,16,11.39549563894948,4.139999999999986,18.380000000000003,9.650000000000006,Schematic internal layout
FAMICOM-0395,P1ShiftRegisterMark,FAMICOM-0395 · 4022,Controller1,white,4,0.08041180864818973,0.01800019999998881,6.807634228187922,2.143892817449668,Published envelope; approximate local detail
FAMICOM-0396,P1CableHeader,FAMICOM-0396 · Controller cable termination,Controller1,black,1,64.82530964914869,2.0,10.5,3.0999999999999943,Schematic internal layout
FAMICOM-0397,P1CableWire0,FAMICOM-0397 · Controller cable conductor study,Controller1,red,1,1.2958660440064782,0.3000001999999995,15.060902529564117,6.183913500644316,Schematic internal layout
FAMICOM-0398,P1CableWire1,FAMICOM-0398 · Controller cable conductor study001,Controller1,white,1,1.4194643898705976,0.3000001999999995,16.74621466238169,6.177119912491094,Schematic internal layout
FAMICOM-0399,P1CableWire2,FAMICOM-0399 · Controller cable conductor study002,Controller1,black,1,1.5448874164274138,0.3000001999999995,18.427901931260337,6.173280484081232,Schematic internal layout
FAMICOM-0400,P1CableWire3,FAMICOM-0400 · Controller cable conductor study003,Controller1,blue,1,1.6714706593586257,0.3000001999999995,20.109811603230483,6.170963622110001,Schematic internal layout
FAMICOM-0401,P1CableWire4,FAMICOM-0401 · Controller cable conductor study004,Controller1,gold,1,1.7988948164540202,0.3000001999999995,21.793089853419374,6.1694291959469325,Schematic internal layout
FAMICOM-0402,P1Passive0,FAMICOM-0402 · Controller passive component,Controller1,black,1,5.0708915851175025,1.2999999999999972,2.799999999999997,1.4000000000000057,Schematic internal layout
FAMICOM-0403,P1PassiveEnds0,FAMICOM-0403 · Controller passive terminations,Controller1,metal,2,1.0911759289474403,1.2000000000000028,3.6500000000000057,1.3000000000000114,Schematic internal layout
FAMICOM-0404,P1Passive1,FAMICOM-0404 · Controller passive component001,Controller1,black,1,5.0708915851175025,1.2999999999999972,2.799999999999997,1.4000000000000057,Schematic internal layout
FAMICOM-0405,P1PassiveEnds1,FAMICOM-0405 · Controller passive terminations001,Controller1,metal,2,1.091175928947441,1.2000000000000028,3.6500000000000057,1.3000000000000114,Schematic internal layout
FAMICOM-0406,P1Passive2,FAMICOM-0406 · Controller passive component002,Controller1,black,1,5.070891585117498,1.2999999999999972,2.8000000000000003,1.4000000000000021,Schematic internal layout
FAMICOM-0407,P1PassiveEnds2,FAMICOM-0407 · Controller passive terminations002,Controller1,metal,2,1.091175928947447,1.2000000000000028,3.649999999999997,1.3000000000000007,Schematic internal layout
FAMICOM-0408,P1PCBMark,FAMICOM-0408 · CONTROLLER 1,Controller1,white,11,0.128046362132338,0.01800020000000302,15.614026945637587,1.5591948308724817,Published envelope; approximate local detail
FAMICOM-0409,P2PCB,FAMICOM-0409 · Controller 2 phenolic PCB study003,Controller2,pcb,1,5629.703579665329,1.0,121.0,47.20000000000001,Schematic internal layout
FAMICOM-0410,P2Post0,FAMICOM-0410 · Controller case fastening post004,Controller2,fcred,1,111.96636217394021,9.899999999999999,4.200000000000003,4.200000000000001,Schematic internal layout
FAMICOM-0411,P2Post1,FAMICOM-0411 · Controller case fastening post005,Controller2,fcred,1,111.96636217394021,9.899999999999999,4.200000000000003,4.200000000000003,Schematic internal layout
FAMICOM-0412,P2Post2,FAMICOM-0412 · Controller case fastening post006,Controller2,fcred,1,111.96636217394015,9.899999999999999,4.199999999999989,4.200000000000001,Schematic internal layout
FAMICOM-0413,P2Post3,FAMICOM-0413 · Controller case fastening post007,Controller2,fcred,1,111.96636217394015,9.899999999999999,4.199999999999989,4.200000000000003,Schematic internal layout
FAMICOM-0414,P2DPadMat,FAMICOM-0414 · Directional silicone mat001,Controller2,fcmembrane,1,285.0995333132728,0.7500000000000071,22.0,22.0,Schematic internal layout
FAMICOM-0415,P2ActionMat,FAMICOM-0415 · Connected action-button silicone mat001,Controller2,fcmembrane,1,259.718078064856,0.8000000000000043,32.0,14.0,Schematic internal layout
FAMICOM-0416,P2UpContact,FAMICOM-0416 · PCB button contact006,Controller2,gold,1,1.1482913847952534,0.045000000000001705,5.700000000000003,5.700000000000003,Schematic internal layout
FAMICOM-0417,P2UpPill,FAMICOM-0417 · Conductive rubber pill006,Controller2,black,1,6.283185307179589,0.3200000000000003,5.0,5.0,Schematic internal layout
FAMICOM-0418,P2UpStem,FAMICOM-0418 · Button transmission stem006,Controller2,fcmembrane,1,45.25778376761454,7.349999999999994,2.799999999999997,2.799999999999997,Schematic internal layout
FAMICOM-0419,P2RightContact,FAMICOM-0419 · PCB button contact007,Controller2,gold,1,1.1482913847952536,0.045000000000001705,5.700000000000003,5.700000000000003,Schematic internal layout
FAMICOM-0420,P2RightPill,FAMICOM-0420 · Conductive rubber pill007,Controller2,black,1,6.28318530717959,0.3200000000000003,5.0,5.0,Schematic internal layout
FAMICOM-0421,P2RightStem,FAMICOM-0421 · Button transmission stem007,Controller2,fcmembrane,1,45.25778376761453,7.349999999999994,2.799999999999999,2.799999999999997,Schematic internal layout
FAMICOM-0422,P2DownContact,FAMICOM-0422 · PCB button contact008,Controller2,gold,1,1.1482913847952534,0.045000000000001705,5.700000000000003,5.700000000000003,Schematic internal layout
FAMICOM-0423,P2DownPill,FAMICOM-0423 · Conductive rubber pill008,Controller2,black,1,6.283185307179589,0.3200000000000003,5.0,5.0,Schematic internal layout
FAMICOM-0424,P2DownStem,FAMICOM-0424 · Button transmission stem008,Controller2,fcmembrane,1,45.25778376761453,7.349999999999994,2.799999999999997,2.799999999999997,Schematic internal layout
FAMICOM-0425,P2LeftContact,FAMICOM-0425 · PCB button contact009,Controller2,gold,1,1.1482913847952534,0.045000000000001705,5.700000000000003,5.700000000000003,Schematic internal layout
FAMICOM-0426,P2LeftPill,FAMICOM-0426 · Conductive rubber pill009,Controller2,black,1,6.28318530717959,0.3200000000000003,5.0,5.0,Schematic internal layout
FAMICOM-0427,P2LeftStem,FAMICOM-0427 · Button transmission stem009,Controller2,fcmembrane,1,45.257783767614534,7.349999999999994,2.799999999999997,2.799999999999997,Schematic internal layout
FAMICOM-0428,P2BContact,FAMICOM-0428 · PCB button contact010,Controller2,gold,1,2.2057514719935916,0.045000000000001705,7.900000000000006,7.899999999999999,Schematic internal layout
FAMICOM-0429,P2BPill,FAMICOM-0429 · Conductive rubber pill010,Controller2,black,1,13.028813052967594,0.3200000000000003,7.20000000000001,7.200000000000003,Schematic internal layout
FAMICOM-0430,P2BStem,FAMICOM-0430 · Button transmission stem010,Controller2,fcmembrane,1,263.29688029736053,7.25,6.800000000000004,6.799999999999997,Schematic internal layout
FAMICOM-0431,P2AContact,FAMICOM-0431 · PCB button contact011,Controller2,gold,1,2.2057514719935916,0.045000000000001705,7.900000000000006,7.899999999999999,Schematic internal layout
FAMICOM-0432,P2APill,FAMICOM-0432 · Conductive rubber pill011,Controller2,black,1,13.028813052967601,0.3200000000000003,7.199999999999989,7.200000000000003,Schematic internal layout
FAMICOM-0433,P2AStem,FAMICOM-0433 · Button transmission stem011,Controller2,fcmembrane,1,263.2968802973606,7.25,6.800000000000011,6.799999999999997,Schematic internal layout
FAMICOM-0434,P2ShiftRegister,FAMICOM-0434 · 4023,Controller2,black,1,359.29505079018804,2.9000000000000057,20.0,6.200000000000003,Schematic internal layout
FAMICOM-0435,P2ShiftRegisterPins,FAMICOM-0435 · Through-hole DIP leadframe study009,Controller2,metal,16,11.395495638949441,4.139999999999986,18.38000000000001,9.650000000000006,Schematic internal layout
FAMICOM-0436,P2ShiftRegisterMark,FAMICOM-0436 · 4024,Controller2,white,4,0.08041180864818966,0.01800019999998881,6.807634228187922,2.143892817449668,Published envelope; approximate local detail
FAMICOM-0437,P2Microphone,FAMICOM-0437 · Player-II electret microphone capsule,Controller2,metal,1,656.869324753782,4.800000000000004,13.200000000000001,13.200000000000003,Schematic internal layout
FAMICOM-0438,P2MicDiaphragm,FAMICOM-0438 · Microphone diaphragm,Controller2,black,1,15.310551797270051,0.15000000000000568,11.399999999999999,11.400000000000006,Schematic internal layout
FAMICOM-0439,P2VolumePot,FAMICOM-0439 · Microphone sliding potentiometer,Controller2,black,1,284.54930940799414,3.4000000000000057,20.0,4.200000000000003,Schematic internal layout
FAMICOM-0440,P2VolumeLink,FAMICOM-0440 · Volume-slider transmission tab,Controller2,fcmembrane,1,69.34320785776276,4.450000000000003,5.8000000000000025,2.700000000000003,Schematic internal layout
FAMICOM-0441,P2CableHeader,FAMICOM-0441 · Controller cable termination001,Controller2,black,1,75.36530964914868,2.0,12.20000000000001,3.0999999999999943,Schematic internal layout
FAMICOM-0442,P2CableWire0,FAMICOM-0442 · Controller cable conductor study005,Controller2,red,1,1.862861631767359,0.3000001999999995,22.63533609084135,6.168833942034006,Schematic internal layout
FAMICOM-0443,P2CableWire1,FAMICOM-0443 · Controller cable conductor study006,Controller2,white,1,1.735091109652818,0.3000001999999995,20.95125279955152,6.170127064467778,Schematic internal layout
FAMICOM-0444,P2CableWire2,FAMICOM-0444 · Controller cable conductor study007,Controller2,black,1,1.6080581326442454,0.3000001999999995,19.26872462679949,6.1719902217074605,Schematic internal layout
FAMICOM-0445,P2CableWire3,FAMICOM-0445 · Controller cable conductor study008,Controller2,blue,1,1.482004081421874,0.3000001999999995,17.587170756663284,6.1749401826986485,Schematic internal layout
FAMICOM-0446,P2CableWire4,FAMICOM-0446 · Controller cable conductor study009,Controller2,gold,1,1.3573687267730852,0.3000001999999995,15.904464415516998,6.180026451662158,Schematic internal layout
FAMICOM-0447,P2CableWire5,FAMICOM-0447 · Controller cable conductor study010,Controller2,copper,1,1.2352168694775632,0.3000001999999995,14.213731456870647,6.188981211242606,Schematic internal layout
FAMICOM-0448,P2Passive0,FAMICOM-0448 · Controller passive component003,Controller2,black,1,5.070891585117503,1.2999999999999972,2.8,1.4000000000000057,Schematic internal layout
FAMICOM-0449,P2PassiveEnds0,FAMICOM-0449 · Controller passive terminations003,Controller2,metal,2,1.091175928947446,1.2000000000000028,3.649999999999997,1.3000000000000114,Schematic internal layout
FAMICOM-0450,P2Passive1,FAMICOM-0450 · Controller passive component004,Controller2,black,1,5.070891585117504,1.2999999999999972,2.8000000000000007,1.4000000000000057,Schematic internal layout
FAMICOM-0451,P2PassiveEnds1,FAMICOM-0451 · Controller passive terminations004,Controller2,metal,2,1.0911759289474465,1.2000000000000028,3.6499999999999986,1.3000000000000114,Schematic internal layout
FAMICOM-0452,P2Passive2,FAMICOM-0452 · Controller passive component005,Controller2,black,1,5.070891585117495,1.2999999999999972,2.799999999999997,1.4000000000000021,Schematic internal layout
FAMICOM-0453,P2PassiveEnds2,FAMICOM-0453 · Controller passive terminations005,Controller2,metal,2,1.0911759289474414,1.2000000000000028,3.6500000000000057,1.3000000000000007,Schematic internal layout
FAMICOM-0454,P2PCBMark,FAMICOM-0454 · CONTROLLER 2,Controller2,white,11,0.12965833231836568,0.01800020000000302,15.597919663087254,1.5591948308724817,Published envelope; approximate local detail
FAMICOM-0455,CaseBoss-1_0,FAMICOM-0455 · Case fastening post,Internal,fccream,1,536.6609942531496,4.599999999999994,4.599999999999994,37.400000000000006,Schematic internal layout
FAMICOM-0456,CaseScrew-1_0,FAMICOM-0456 · Cross-head fastener013,Body,metal,1,11.129730884714585,4.200000000000003,4.199999999999989,5.83,Schematic internal layout
FAMICOM-0457,CaseBoss-1_1,FAMICOM-0457 · Case fastening post001,Internal,fccream,1,655.7595571489021,4.599999999999994,4.6000000000000005,45.7,Schematic internal layout
FAMICOM-0458,CaseScrew-1_1,FAMICOM-0458 · Cross-head fastener014,Body,metal,1,11.129730884714586,4.200000000000003,4.199999999999999,5.83,Schematic internal layout
FAMICOM-0459,CaseBoss-1_2,FAMICOM-0459 · Case fastening post002,Internal,fccream,1,573.9689778108551,4.599999999999994,4.599999999999994,40.0,Schematic internal layout
FAMICOM-0460,CaseScrew-1_2,FAMICOM-0460 · Cross-head fastener015,Body,metal,1,11.129730884714586,4.200000000000003,4.199999999999989,5.83,Schematic internal layout
FAMICOM-0461,BoardPost-1_0,FAMICOM-0461 · Mainboard mounting spacer,Internal,fccream,1,141.64066828250424,4.799999999999997,4.800000000000011,8.95,Schematic internal layout
FAMICOM-0462,BoardWasher-1_0,FAMICOM-0462 · Mainboard mounting washer,Mainboard,metal,1,5.928185337323935,5.400000000000006,5.400000000000006,0.29999999999999893,Schematic internal layout
FAMICOM-0463,BoardScrew-1_0,FAMICOM-0463 · Cross-head fastener016,Mainboard,metal,1,10.28439113348665,4.200000000000003,4.199999999999989,5.129999999999999,Schematic internal layout
FAMICOM-0464,BoardPost-1_1,FAMICOM-0464 · Mainboard mounting spacer001,Internal,fccream,1,141.6406682825043,4.799999999999997,4.800000000000001,8.95,Schematic internal layout
FAMICOM-0465,BoardWasher-1_1,FAMICOM-0465 · Mainboard mounting washer001,Mainboard,metal,1,5.928185337323935,5.400000000000006,5.3999999999999995,0.29999999999999893,Schematic internal layout
FAMICOM-0466,BoardScrew-1_1,FAMICOM-0466 · Cross-head fastener017,Mainboard,metal,1,10.284391133486652,4.200000000000003,4.199999999999999,5.129999999999999,Schematic internal layout
FAMICOM-0467,BoardPost-1_2,FAMICOM-0467 · Mainboard mounting spacer002,Internal,fccream,1,141.64066828250432,4.799999999999997,4.799999999999997,8.95,Schematic internal layout
FAMICOM-0468,BoardWasher-1_2,FAMICOM-0468 · Mainboard mounting washer002,Mainboard,metal,1,5.928185337323938,5.400000000000006,5.400000000000006,0.29999999999999893,Schematic internal layout
FAMICOM-0469,BoardScrew-1_2,FAMICOM-0469 · Cross-head fastener018,Mainboard,metal,1,10.284391133486649,4.200000000000003,4.200000000000003,5.129999999999999,Schematic internal layout
FAMICOM-0470,RFPost-1_0,FAMICOM-0470 · Rear board mounting spacer,Internal,fccream,1,63.13658755919407,4.599999999999994,4.599999999999994,4.3999999999999995,Schematic internal layout
FAMICOM-0471,RFScrew-1_0,FAMICOM-0471 · Cross-head fastener019,PowerRF,metal,1,8.082206369009695,3.5999999999999943,3.5999999999999943,4.33,Schematic internal layout
FAMICOM-0472,RFPost-1_1,FAMICOM-0472 · Rear board mounting spacer001,Internal,fccream,1,63.13658755919407,4.599999999999994,4.599999999999994,4.3999999999999995,Schematic internal layout
FAMICOM-0473,RFScrew-1_1,FAMICOM-0473 · Cross-head fastener020,PowerRF,metal,1,8.08220636900969,3.5999999999999943,3.5999999999999943,4.33,Schematic internal layout
FAMICOM-0474,CaseBoss1_0,FAMICOM-0474 · Case fastening post003,Internal,fccream,1,536.6609942531496,4.599999999999994,4.599999999999994,37.400000000000006,Schematic internal layout
FAMICOM-0475,CaseScrew1_0,FAMICOM-0475 · Cross-head fastener021,Body,metal,1,11.129730884714585,4.200000000000003,4.199999999999989,5.83,Schematic internal layout
FAMICOM-0476,CaseBoss1_1,FAMICOM-0476 · Case fastening post004,Internal,fccream,1,655.7595571489021,4.599999999999994,4.6000000000000005,45.7,Schematic internal layout
FAMICOM-0477,CaseScrew1_1,FAMICOM-0477 · Cross-head fastener022,Body,metal,1,11.129730884714586,4.200000000000003,4.199999999999999,5.83,Schematic internal layout
FAMICOM-0478,CaseBoss1_2,FAMICOM-0478 · Case fastening post005,Internal,fccream,1,573.9689778108551,4.599999999999994,4.599999999999994,40.0,Schematic internal layout
FAMICOM-0479,CaseScrew1_2,FAMICOM-0479 · Cross-head fastener023,Body,metal,1,11.129730884714586,4.200000000000003,4.199999999999989,5.83,Schematic internal layout
FAMICOM-0480,BoardPost1_0,FAMICOM-0480 · Mainboard mounting spacer003,Internal,fccream,1,141.64066828250424,4.799999999999997,4.800000000000011,8.95,Schematic internal layout
FAMICOM-0481,BoardWasher1_0,FAMICOM-0481 · Mainboard mounting washer003,Mainboard,metal,1,5.928185337323935,5.400000000000006,5.400000000000006,0.29999999999999893,Schematic internal layout
FAMICOM-0482,BoardScrew1_0,FAMICOM-0482 · Cross-head fastener024,Mainboard,metal,1,10.284391133486649,4.200000000000003,4.199999999999989,5.129999999999999,Schematic internal layout
FAMICOM-0483,BoardPost1_1,FAMICOM-0483 · Mainboard mounting spacer004,Internal,fccream,1,141.64066828250432,4.799999999999997,4.800000000000001,8.95,Schematic internal layout
FAMICOM-0484,BoardWasher1_1,FAMICOM-0484 · Mainboard mounting washer004,Mainboard,metal,1,5.928185337323935,5.400000000000006,5.3999999999999995,0.29999999999999893,Schematic internal layout
FAMICOM-0485,BoardScrew1_1,FAMICOM-0485 · Cross-head fastener025,Mainboard,metal,1,10.28439113348665,4.200000000000003,4.199999999999999,5.129999999999999,Schematic internal layout
FAMICOM-0486,BoardPost1_2,FAMICOM-0486 · Mainboard mounting spacer005,Internal,fccream,1,141.64066828250432,4.799999999999997,4.799999999999997,8.95,Schematic internal layout
FAMICOM-0487,BoardWasher1_2,FAMICOM-0487 · Mainboard mounting washer005,Mainboard,metal,1,5.928185337323938,5.400000000000006,5.400000000000006,0.29999999999999893,Schematic internal layout
FAMICOM-0488,BoardScrew1_2,FAMICOM-0488 · Cross-head fastener026,Mainboard,metal,1,10.284391133486649,4.200000000000003,4.200000000000003,5.129999999999999,Schematic internal layout
FAMICOM-0489,RFPost1_0,FAMICOM-0489 · Rear board mounting spacer002,Internal,fccream,1,63.13658755919407,4.599999999999994,4.599999999999994,4.3999999999999995,Schematic internal layout
FAMICOM-0490,RFScrew1_0,FAMICOM-0490 · Cross-head fastener027,PowerRF,metal,1,8.082206369009695,3.5999999999999943,3.5999999999999943,4.33,Schematic internal layout
FAMICOM-0491,RFPost1_1,FAMICOM-0491 · Rear board mounting spacer003,Internal,fccream,1,63.13658755919407,4.599999999999994,4.599999999999994,4.3999999999999995,Schematic internal layout
FAMICOM-0492,RFScrew1_1,FAMICOM-0492 · Cross-head fastener028,PowerRF,metal,1,8.082206369009688,3.5999999999999943,3.5999999999999943,4.33,Schematic internal layout
FAMICOM-0493,InternalCable1,FAMICOM-0493 · Internal controller cable harness,Wiring,black,1,247.1337001860792,21.693236069164982,176.7261540014457,1.30000020000006,Schematic internal layout
FAMICOM-0494,HeaderWire1_0,FAMICOM-0494 · Controller header conductor,Wiring,red,1,0.2468829682519127,0.30000020000007055,3.459440432677141,0.9885147998752899,Schematic internal layout
FAMICOM-0495,HeaderWire1_1,FAMICOM-0495 · Controller header conductor001,Wiring,white,1,0.2468829682519068,0.30000020000019134,3.459440432677141,0.9885147998752899,Schematic internal layout
FAMICOM-0496,HeaderWire1_2,FAMICOM-0496 · Controller header conductor002,Wiring,black,1,0.24688296825190426,0.3000002000001274,3.459440432677141,0.9885147998752899,Schematic internal layout
FAMICOM-0497,HeaderWire1_3,FAMICOM-0497 · Controller header conductor003,Wiring,blue,1,0.24688296825190975,0.3000002000001203,3.459440432677141,0.9885147998752899,Schematic internal layout
FAMICOM-0498,HeaderWire1_4,FAMICOM-0498 · Controller header conductor004,Wiring,gold,1,0.2468829682519102,0.3000002000000208,3.459440432677141,0.9885147998752899,Schematic internal layout
FAMICOM-0499,InternalCable2,FAMICOM-0499 · Internal controller cable harness001,Wiring,black,1,247.13218929526852,21.693236069164975,176.72615400144576,1.3000002000000563,Schematic internal layout
FAMICOM-0500,HeaderWire2_0,FAMICOM-0500 · Controller header conductor005,Wiring,red,1,0.24688296825191072,0.3000002000001487,3.459440432677141,0.9885147998752899,Schematic internal layout
FAMICOM-0501,HeaderWire2_1,FAMICOM-0501 · Controller header conductor006,Wiring,white,1,0.2468829682519126,0.3000002000001487,3.459440432677141,0.9885147998752899,Schematic internal layout
FAMICOM-0502,HeaderWire2_2,FAMICOM-0502 · Controller header conductor007,Wiring,black,1,0.24688296825191683,0.30000020000007055,3.459440432677141,0.9885147998752899,Schematic internal layout
FAMICOM-0503,HeaderWire2_3,FAMICOM-0503 · Controller header conductor008,Wiring,blue,1,0.24688296825190548,0.3000002000001274,3.459440432677141,0.9885147998752899,Schematic internal layout
FAMICOM-0504,HeaderWire2_4,FAMICOM-0504 · Controller header conductor009,Wiring,gold,1,0.24688296825191897,0.30000020000006344,3.459440432677141,0.9885147998752899,Schematic internal layout
FAMICOM-0505,HeaderWire2_5,FAMICOM-0505 · Controller header conductor010,Wiring,copper,1,0.246882968251922,0.30000020000008476,3.459440432677141,0.9885147998752899,Schematic internal layout
FAMICOM-0506,PowerHarness0,FAMICOM-0506 · Power-switch wire study,Wiring,red,1,30.40927229646797,14.846111729138165,114.49382768215804,25.35366340690554,Schematic internal layout
FAMICOM-0507,PowerHarness1,FAMICOM-0507 · Power-switch wire study001,Wiring,white,1,30.50200800990938,15.77677259884635,114.49286173029981,25.351933375466995,Schematic internal layout
FAMICOM-0508,PowerHarness2,FAMICOM-0508 · Power-switch wire study002,Wiring,black,1,30.591644116671194,16.667572062586927,114.49198659340831,25.350664591270576,Schematic internal layout
FAMICOM-0509,GamePakBack,FAMICOM-0509 · Blank Famicom cartridge rear half001,Accessories,fcred,1,8144.033837237893,108.0,72.0,1.2,Published envelope; approximate local detail
FAMICOM-0510,GamePakFrame,FAMICOM-0510 · Cartridge clip enclosure002,Accessories,fcred,1,5952.069207246426,108.0,72.0,13.2,Published envelope; approximate local detail
FAMICOM-0511,GamePakFront,FAMICOM-0511 · Cartridge face half018,Accessories,fcred,1,8106.307788421925,107.80000000000001,71.8,1.1999999999999993,Published envelope; approximate local detail
FAMICOM-0512,GamePakPCB,FAMICOM-0512 · Blank sixty-contact ROM cartridge PCB001,Accessories,pcb,1,4666.662585797735,100.0,47.5,1.0,Schematic internal layout
FAMICOM-0513,GamePakContactFront0,FAMICOM-0513 · Cartridge edge contact,Accessories,gold,1,0.4757896902001264,1.3999999999999773,6.799999999999997,0.04999999999999982,Schematic internal layout
FAMICOM-0514,GamePakContactFront1,FAMICOM-0514 · Cartridge edge contact001,Accessories,gold,1,0.4757896902001264,1.3999999999999773,6.799999999999997,0.04999999999999982,Schematic internal layout
FAMICOM-0515,GamePakContactFront2,FAMICOM-0515 · Cartridge edge contact002,Accessories,gold,1,0.4757896902001264,1.3999999999999773,6.799999999999997,0.04999999999999982,Schematic internal layout
FAMICOM-0516,GamePakContactFront3,FAMICOM-0516 · Cartridge edge contact003,Accessories,gold,1,0.4757896902001264,1.3999999999999773,6.799999999999997,0.04999999999999982,Schematic internal layout
FAMICOM-0517,GamePakContactFront4,FAMICOM-0517 · Cartridge edge contact004,Accessories,gold,1,0.4757896902001264,1.3999999999999773,6.799999999999997,0.04999999999999982,Schematic internal layout
FAMICOM-0518,GamePakContactFront5,FAMICOM-0518 · Cartridge edge contact005,Accessories,gold,1,0.4757896902001264,1.3999999999999773,6.799999999999997,0.04999999999999982,Schematic internal layout
FAMICOM-0519,GamePakContactFront6,FAMICOM-0519 · Cartridge edge contact006,Accessories,gold,1,0.4757896902001264,1.3999999999999773,6.799999999999997,0.04999999999999982,Schematic internal layout
FAMICOM-0520,GamePakContactFront7,FAMICOM-0520 · Cartridge edge contact007,Accessories,gold,1,0.4757896902001264,1.3999999999999773,6.799999999999997,0.04999999999999982,Schematic internal layout
FAMICOM-0521,GamePakContactFront8,FAMICOM-0521 · Cartridge edge contact008,Accessories,gold,1,0.4757896902001264,1.3999999999999773,6.799999999999997,0.04999999999999982,Schematic internal layout
FAMICOM-0522,GamePakContactFront9,FAMICOM-0522 · Cartridge edge contact009,Accessories,gold,1,0.4757896902001264,1.3999999999999773,6.799999999999997,0.04999999999999982,Schematic internal layout
FAMICOM-0523,GamePakContactFront10,FAMICOM-0523 · Cartridge edge contact010,Accessories,gold,1,0.4757896902001264,1.3999999999999773,6.799999999999997,0.04999999999999982,Schematic internal layout
FAMICOM-0524,GamePakContactFront11,FAMICOM-0524 · Cartridge edge contact011,Accessories,gold,1,0.4757896902001264,1.3999999999999773,6.799999999999997,0.04999999999999982,Schematic internal layout
FAMICOM-0525,GamePakContactFront12,FAMICOM-0525 · Cartridge edge contact012,Accessories,gold,1,0.4757896902001264,1.3999999999999773,6.799999999999997,0.04999999999999982,Schematic internal layout
FAMICOM-0526,GamePakContactFront13,FAMICOM-0526 · Cartridge edge contact013,Accessories,gold,1,0.4757896902001264,1.3999999999999773,6.799999999999997,0.04999999999999982,Schematic internal layout
FAMICOM-0527,GamePakContactFront14,FAMICOM-0527 · Cartridge edge contact014,Accessories,gold,1,0.4757896902001264,1.3999999999999773,6.799999999999997,0.04999999999999982,Schematic internal layout
FAMICOM-0528,GamePakContactFront15,FAMICOM-0528 · Cartridge edge contact015,Accessories,gold,1,0.4757896902001264,1.3999999999999773,6.799999999999997,0.04999999999999982,Schematic internal layout
FAMICOM-0529,GamePakContactFront16,FAMICOM-0529 · Cartridge edge contact016,Accessories,gold,1,0.4757896902001264,1.3999999999999773,6.799999999999997,0.04999999999999982,Schematic internal layout
FAMICOM-0530,GamePakContactFront17,FAMICOM-0530 · Cartridge edge contact017,Accessories,gold,1,0.4757896902001264,1.3999999999999773,6.799999999999997,0.04999999999999982,Schematic internal layout
FAMICOM-0531,GamePakContactFront18,FAMICOM-0531 · Cartridge edge contact018,Accessories,gold,1,0.4757896902001264,1.3999999999999773,6.799999999999997,0.04999999999999982,Schematic internal layout
FAMICOM-0532,GamePakContactFront19,FAMICOM-0532 · Cartridge edge contact019,Accessories,gold,1,0.4757896902001264,1.3999999999999773,6.799999999999997,0.04999999999999982,Schematic internal layout
FAMICOM-0533,GamePakContactFront20,FAMICOM-0533 · Cartridge edge contact020,Accessories,gold,1,0.4757896902001264,1.3999999999999773,6.799999999999997,0.04999999999999982,Schematic internal layout
FAMICOM-0534,GamePakContactFront21,FAMICOM-0534 · Cartridge edge contact021,Accessories,gold,1,0.4757896902001264,1.3999999999999773,6.799999999999997,0.04999999999999982,Schematic internal layout
FAMICOM-0535,GamePakContactFront22,FAMICOM-0535 · Cartridge edge contact022,Accessories,gold,1,0.4757896902001264,1.3999999999999773,6.799999999999997,0.04999999999999982,Schematic internal layout
FAMICOM-0536,GamePakContactFront23,FAMICOM-0536 · Cartridge edge contact023,Accessories,gold,1,0.4757896902001264,1.3999999999999773,6.799999999999997,0.04999999999999982,Schematic internal layout
FAMICOM-0537,GamePakContactFront24,FAMICOM-0537 · Cartridge edge contact024,Accessories,gold,1,0.4757896902001264,1.3999999999999773,6.799999999999997,0.04999999999999982,Schematic internal layout
FAMICOM-0538,GamePakContactFront25,FAMICOM-0538 · Cartridge edge contact025,Accessories,gold,1,0.47578969020012646,1.3999999999999773,6.799999999999997,0.04999999999999982,Schematic internal layout
FAMICOM-0539,GamePakContactFront26,FAMICOM-0539 · Cartridge edge contact026,Accessories,gold,1,0.47578969020012646,1.3999999999999773,6.799999999999997,0.04999999999999982,Schematic internal layout
FAMICOM-0540,GamePakContactFront27,FAMICOM-0540 · Cartridge edge contact027,Accessories,gold,1,0.47578969020012646,1.3999999999999773,6.799999999999997,0.04999999999999982,Schematic internal layout
FAMICOM-0541,GamePakContactFront28,FAMICOM-0541 · Cartridge edge contact028,Accessories,gold,1,0.47578969020012646,1.3999999999999773,6.799999999999997,0.04999999999999982,Schematic internal layout
FAMICOM-0542,GamePakContactFront29,FAMICOM-0542 · Cartridge edge contact029,Accessories,gold,1,0.47578969020012646,1.3999999999999773,6.799999999999997,0.04999999999999982,Schematic internal layout
FAMICOM-0543,GamePakContactRear0,FAMICOM-0543 · Cartridge edge contact030,Accessories,gold,1,0.4757896902001264,1.3999999999999773,6.799999999999997,0.04999999999999982,Schematic internal layout
FAMICOM-0544,GamePakContactRear1,FAMICOM-0544 · Cartridge edge contact031,Accessories,gold,1,0.4757896902001264,1.3999999999999773,6.799999999999997,0.04999999999999982,Schematic internal layout
FAMICOM-0545,GamePakContactRear2,FAMICOM-0545 · Cartridge edge contact032,Accessories,gold,1,0.4757896902001263,1.3999999999999773,6.799999999999997,0.04999999999999982,Schematic internal layout
FAMICOM-0546,GamePakContactRear3,FAMICOM-0546 · Cartridge edge contact033,Accessories,gold,1,0.4757896902001263,1.3999999999999773,6.799999999999997,0.04999999999999982,Schematic internal layout
FAMICOM-0547,GamePakContactRear4,FAMICOM-0547 · Cartridge edge contact034,Accessories,gold,1,0.4757896902001263,1.3999999999999773,6.799999999999997,0.04999999999999982,Schematic internal layout
FAMICOM-0548,GamePakContactRear5,FAMICOM-0548 · Cartridge edge contact035,Accessories,gold,1,0.4757896902001264,1.3999999999999773,6.799999999999997,0.04999999999999982,Schematic internal layout
FAMICOM-0549,GamePakContactRear6,FAMICOM-0549 · Cartridge edge contact036,Accessories,gold,1,0.4757896902001264,1.3999999999999773,6.799999999999997,0.04999999999999982,Schematic internal layout
FAMICOM-0550,GamePakContactRear7,FAMICOM-0550 · Cartridge edge contact037,Accessories,gold,1,0.4757896902001264,1.3999999999999773,6.799999999999997,0.04999999999999982,Schematic internal layout
FAMICOM-0551,GamePakContactRear8,FAMICOM-0551 · Cartridge edge contact038,Accessories,gold,1,0.4757896902001264,1.3999999999999773,6.799999999999997,0.04999999999999982,Schematic internal layout
FAMICOM-0552,GamePakContactRear9,FAMICOM-0552 · Cartridge edge contact039,Accessories,gold,1,0.4757896902001264,1.3999999999999773,6.799999999999997,0.04999999999999982,Schematic internal layout
FAMICOM-0553,GamePakContactRear10,FAMICOM-0553 · Cartridge edge contact040,Accessories,gold,1,0.4757896902001264,1.3999999999999773,6.799999999999997,0.04999999999999982,Schematic internal layout
FAMICOM-0554,GamePakContactRear11,FAMICOM-0554 · Cartridge edge contact041,Accessories,gold,1,0.4757896902001264,1.3999999999999773,6.799999999999997,0.04999999999999982,Schematic internal layout
FAMICOM-0555,GamePakContactRear12,FAMICOM-0555 · Cartridge edge contact042,Accessories,gold,1,0.4757896902001264,1.3999999999999773,6.799999999999997,0.04999999999999982,Schematic internal layout
FAMICOM-0556,GamePakContactRear13,FAMICOM-0556 · Cartridge edge contact043,Accessories,gold,1,0.4757896902001264,1.3999999999999773,6.799999999999997,0.04999999999999982,Schematic internal layout
FAMICOM-0557,GamePakContactRear14,FAMICOM-0557 · Cartridge edge contact044,Accessories,gold,1,0.4757896902001264,1.3999999999999773,6.799999999999997,0.04999999999999982,Schematic internal layout
FAMICOM-0558,GamePakContactRear15,FAMICOM-0558 · Cartridge edge contact045,Accessories,gold,1,0.4757896902001264,1.3999999999999773,6.799999999999997,0.04999999999999982,Schematic internal layout
FAMICOM-0559,GamePakContactRear16,FAMICOM-0559 · Cartridge edge contact046,Accessories,gold,1,0.4757896902001264,1.3999999999999773,6.799999999999997,0.04999999999999982,Schematic internal layout
FAMICOM-0560,GamePakContactRear17,FAMICOM-0560 · Cartridge edge contact047,Accessories,gold,1,0.4757896902001264,1.3999999999999773,6.799999999999997,0.04999999999999982,Schematic internal layout
FAMICOM-0561,GamePakContactRear18,FAMICOM-0561 · Cartridge edge contact048,Accessories,gold,1,0.4757896902001264,1.3999999999999773,6.799999999999997,0.04999999999999982,Schematic internal layout
FAMICOM-0562,GamePakContactRear19,FAMICOM-0562 · Cartridge edge contact049,Accessories,gold,1,0.4757896902001264,1.3999999999999773,6.799999999999997,0.04999999999999982,Schematic internal layout
FAMICOM-0563,GamePakContactRear20,FAMICOM-0563 · Cartridge edge contact050,Accessories,gold,1,0.4757896902001264,1.3999999999999773,6.799999999999997,0.04999999999999982,Schematic internal layout
FAMICOM-0564,GamePakContactRear21,FAMICOM-0564 · Cartridge edge contact051,Accessories,gold,1,0.4757896902001264,1.3999999999999773,6.799999999999997,0.04999999999999982,Schematic internal layout
FAMICOM-0565,GamePakContactRear22,FAMICOM-0565 · Cartridge edge contact052,Accessories,gold,1,0.4757896902001264,1.3999999999999773,6.799999999999997,0.04999999999999982,Schematic internal layout
FAMICOM-0566,GamePakContactRear23,FAMICOM-0566 · Cartridge edge contact053,Accessories,gold,1,0.4757896902001264,1.3999999999999773,6.799999999999997,0.04999999999999982,Schematic internal layout
FAMICOM-0567,GamePakContactRear24,FAMICOM-0567 · Cartridge edge contact054,Accessories,gold,1,0.4757896902001264,1.3999999999999773,6.799999999999997,0.04999999999999982,Schematic internal layout
FAMICOM-0568,GamePakContactRear25,FAMICOM-0568 · Cartridge edge contact055,Accessories,gold,1,0.47578969020012646,1.3999999999999773,6.799999999999997,0.04999999999999982,Schematic internal layout
FAMICOM-0569,GamePakContactRear26,FAMICOM-0569 · Cartridge edge contact056,Accessories,gold,1,0.47578969020012646,1.3999999999999773,6.799999999999997,0.04999999999999982,Schematic internal layout
FAMICOM-0570,GamePakContactRear27,FAMICOM-0570 · Cartridge edge contact057,Accessories,gold,1,0.47578969020012646,1.3999999999999773,6.799999999999997,0.04999999999999982,Schematic internal layout
FAMICOM-0571,GamePakContactRear28,FAMICOM-0571 · Cartridge edge contact058,Accessories,gold,1,0.47578969020012646,1.3999999999999773,6.799999999999997,0.04999999999999982,Schematic internal layout
FAMICOM-0572,GamePakContactRear29,FAMICOM-0572 · Cartridge edge contact059,Accessories,gold,1,0.47578969020012646,1.3999999999999773,6.799999999999997,0.04999999999999982,Schematic internal layout
FAMICOM-0573,GamePakPRG,FAMICOM-0573 · PRG STUDY,Accessories,black,1,1364.5898958902528,35.0,10.0,3.9000000000000004,Schematic internal layout
FAMICOM-0574,GamePakPRGPins,FAMICOM-0574 · Through-hole DIP leadframe study010,Accessories,metal,28,19.94211736816161,33.379999999999995,13.45,4.140000000000001,Schematic internal layout
FAMICOM-0575,GamePakPRGMark,FAMICOM-0575 · PRG STUDY001,Accessories,white,8,0.18017090425051488,15.875620905369118,2.143892817449664,0.018000199999999467,Published envelope; approximate local detail
FAMICOM-0576,GamePakCHR,FAMICOM-0576 · CHR STUDY,Accessories,black,1,1364.5898958902526,35.0,10.0,3.9000000000000004,Schematic internal layout
FAMICOM-0577,GamePakCHRPins,FAMICOM-0577 · Through-hole DIP leadframe study011,Accessories,metal,28,19.94211736816158,33.379999999999995,13.45,4.140000000000001,Schematic internal layout
FAMICOM-0578,GamePakCHRMark,FAMICOM-0578 · CHR STUDY001,Accessories,white,8,0.17735838486751979,16.201375938926162,2.143892817449664,0.018000199999999467,Published envelope; approximate local detail
FAMICOM-0579,GamePakClip0,FAMICOM-0579 · Cartridge retaining clip,Accessories,fcred,1,23.911911365173893,1.4000000000000057,3.0,5.799999999999999,Schematic internal layout
FAMICOM-0580,GamePakClip1,FAMICOM-0580 · Cartridge retaining clip001,Accessories,fcred,1,23.911911365173893,1.4000000000000057,3.0,5.799999999999999,Schematic internal layout
FAMICOM-0581,GamePakClip2,FAMICOM-0581 · Cartridge retaining clip002,Accessories,fcred,1,23.911911365173765,1.400000000000034,3.0,5.799999999999999,Schematic internal layout
FAMICOM-0582,GamePakClip3,FAMICOM-0582 · Cartridge retaining clip003,Accessories,fcred,1,23.911911365173765,1.400000000000034,3.0,5.799999999999999,Schematic internal layout
FAMICOM-0583,GamePakLabel,FAMICOM-0583 · Blank study label,Accessories,white,1,356.5549291584563,87.0,41.0,0.09999999999999964,Published envelope; approximate local detail
FAMICOM-0584,GamePakTitle,FAMICOM-0584 · FAMICOM STUDY,Accessories,black,12,1.0876724592450906,46.49271812080539,4.28778543489933,0.018000199999999467,Published envelope; approximate local detail
FAMICOM-0585,GamePakSubtitle,FAMICOM-0585 · 60 CONTACTS / CAD,Accessories,black,14,0.4253501880972477,33.38284415973152,2.791946408724833,0.018000199999999467,Published envelope; approximate local detail
FAMICOM-0586,GamePakNoROM,FAMICOM-0586 · NO GAME DATA,Accessories,black,10,0.4125758203861924,27.4081711409396,2.7285908040268447,0.018000199999999467,Published envelope; approximate local detail
FAMICOM-0587,P1Number,FAMICOM-0587 · I,Controller1,fcink,1,0.034393045358317616,0.018000000000000682,0.5083892617449663,3.7583892617449663,Published envelope; approximate local detail
FAMICOM-0588,P2Number,FAMICOM-0588 · II,Controller2,fcink,2,0.06878609071663523,0.018000000000000682,2.0332214765100716,3.7583892617449663,Published envelope; approximate local detail
FAMICOM-0589,AdapterFront,FAMICOM-0589 · AC adapter front half002,Accessories,black,1,3971.154401558693,63.0,49.0,1.3,Published envelope; approximate local detail
FAMICOM-0590,AdapterShell,FAMICOM-0590 · AC adapter casing002,Accessories,black,1,12305.320293093995,63.0,49.0,32.4,Published envelope; approximate local detail
FAMICOM-0591,AdapterBack,FAMICOM-0591 · AC adapter back half,Accessories,black,1,3661.900349113324,62.80000000000001,48.80000000000001,1.2000000000000028,Published envelope; approximate local detail
FAMICOM-0592,AdapterACBlade0,FAMICOM-0592 · Parallel AC blade study,Accessories,metal,1,89.44987650207243,5.899999999999977,1.200000000000017,13.6,Published envelope; approximate local detail
FAMICOM-0593,AdapterACBlade1,FAMICOM-0593 · Parallel AC blade study001,Accessories,metal,1,89.44987650207244,5.899999999999977,1.200000000000017,13.6,Published envelope; approximate local detail
FAMICOM-0594,AdapterTransformerCore,FAMICOM-0594 · Transformer core envelope study,Accessories,metal,1,20258.208970159983,43.0,29.0,22.400000000000002,Schematic internal layout
FAMICOM-0595,AdapterTransformerWinding,FAMICOM-0595 · Transformer winding volume study,Accessories,copper,1,4978.608845396001,22.0,16.0,19.5,Schematic internal layout
FAMICOM-0596,AdapterPCB,FAMICOM-0596 · Adapter secondary-side board study,Accessories,pcb,1,1547.8557519189494,44.0,32.0,1.1000000000000014,Schematic internal layout
FAMICOM-0597,AdapterRectifier,FAMICOM-0597 · Rectifier envelope study,Accessories,black,1,325.3493094079939,12.0,8.0,3.3999999999999986,Schematic internal layout
FAMICOM-0598,AdapterFilterCap,FAMICOM-0598 · Filter capacitor study,Accessories,black,1,236.24776754995244,8.0,8.0,4.699999999999999,Schematic internal layout
FAMICOM-0599,AdapterLabel,FAMICOM-0599 · Adapter rating label,Accessories,white,1,116.91415926535953,45.0,26.0,0.10000000000000142,Published envelope; approximate local detail
FAMICOM-0600,AdapterModel,FAMICOM-0600 · HVC-002 STUDY,Accessories,black,12,0.3368431859223724,26.55860738255035,2.5336914751677853,0.01800020000000302,Published envelope; approximate local detail
FAMICOM-0601,AdapterOutput,FAMICOM-0601 · DC 10 V / 850 mA,Accessories,black,11,0.21797939027920973,23.848477448993293,2.2550336570469796,0.01800020000000302,Published envelope; approximate local detail
FAMICOM-0602,AdapterType,FAMICOM-0602 · GEOMETRY ONLY,Accessories,black,12,0.20888137630225526,20.500553791275166,1.8515438241610553,0.01800020000000302,Published envelope; approximate local detail
FAMICOM-0603,AdapterStrainRelief,FAMICOM-0603 · Adapter cable strain relief,Accessories,black,1,190.0883466907577,8.300000000000011,5.400000000000006,5.399999999999999,Published envelope; approximate local detail
FAMICOM-0604,AdapterCable,FAMICOM-0604 · Adapter output-cable segment,Accessories,black,1,472.7369279177062,27.150555618428342,50.70885195779738,12.836500399468129,Published envelope; approximate local detail
FAMICOM-0605,AdapterPlugRelief,FAMICOM-0605 · DC plug strain relief,Accessories,black,1,133.00246658237748,9.599999999999994,4.200000000000003,4.199999999999999,Published envelope; approximate local detail
FAMICOM-0606,AdapterPlugBody,FAMICOM-0606 · DC barrel plug grip,Accessories,black,1,254.2176775284861,7.0,6.799999999999997,6.800000000000001,Published envelope; approximate local detail
FAMICOM-0607,AdapterPlugMetal,FAMICOM-0607 · DC barrel contact,Accessories,metal,1,142.79716707810707,8.5,5.0,5.0,Published envelope; approximate local detail
FAMICOM-0608,RFSwitchBack,FAMICOM-0608 · RF switch-box bottom,Accessories,fccream,1,2940.318578948924,56.0,44.0,1.2,Published envelope; approximate local detail
FAMICOM-0609,RFSwitchShell,FAMICOM-0609 · RF switch-box shell003,Accessories,fccream,1,4708.128145546783,56.0,44.0,14.0,Published envelope; approximate local detail
FAMICOM-0610,RFSwitchFace,FAMICOM-0610 · RF switch-box terminal face003,Accessories,fccream,1,2905.870615560399,55.80000000000001,43.80000000000001,1.200000000000001,Published envelope; approximate local detail
FAMICOM-0611,AntennaClamp0,FAMICOM-0611 · Antenna terminal clamp plate,Accessories,metal,1,18.37221243419693,8.0,8.0,0.3000000000000007,Published envelope; approximate local detail
FAMICOM-0612,AntennaTerminal0,FAMICOM-0612 · Antenna screw-terminal post,Accessories,metal,1,21.205750411731145,1.5,1.5,11.999999999999998,Schematic internal layout
FAMICOM-0613,AntennaNut0,FAMICOM-0613 · Knurled antenna terminal nut,Accessories,metal,1,23.326325452904193,4.800000000000011,4.800000000000011,1.5,Published envelope; approximate local detail
FAMICOM-0614,AntennaClamp1,FAMICOM-0614 · Antenna terminal clamp plate001,Accessories,metal,1,18.37221243419693,8.0,8.0,0.3000000000000007,Published envelope; approximate local detail
FAMICOM-0615,AntennaTerminal1,FAMICOM-0615 · Antenna screw-terminal post001,Accessories,metal,1,21.205750411731145,1.5,1.5,11.999999999999998,Schematic internal layout
FAMICOM-0616,AntennaNut1,FAMICOM-0616 · Knurled antenna terminal nut001,Accessories,metal,1,23.326325452904193,4.800000000000011,4.800000000000011,1.5,Published envelope; approximate local detail
FAMICOM-0617,AntennaClamp2,FAMICOM-0617 · Antenna terminal clamp plate002,Accessories,metal,1,18.37221243419693,8.0,8.0,0.3000000000000007,Published envelope; approximate local detail
FAMICOM-0618,AntennaTerminal2,FAMICOM-0618 · Antenna screw-terminal post002,Accessories,metal,1,21.205750411731145,1.5,1.5,11.999999999999998,Schematic internal layout
FAMICOM-0619,AntennaNut2,FAMICOM-0619 · Knurled antenna terminal nut002,Accessories,metal,1,23.326325452904193,4.800000000000011,4.800000000000011,1.5,Published envelope; approximate local detail
FAMICOM-0620,RFSwitchLabel,FAMICOM-0620 · RF switch routing label,Accessories,fcgold,1,80.41415926535936,23.0,35.0,0.10000000000000142,Published envelope; approximate local detail
FAMICOM-0621,RFSwitchTitle,FAMICOM-0621 · RF SWITCH001,Accessories,black,8,0.17499609823734216,15.070553791275188,2.143892817449654,0.01800020000000302,Published envelope; approximate local detail
FAMICOM-0622,RFSwitchTV,FAMICOM-0622 · TV / VHF,Accessories,black,6,0.0825061460401914,10.342168624161104,2.009664429530204,0.018000000000000682,Published envelope; approximate local detail
FAMICOM-0623,RFSwitchAntenna,FAMICOM-0623 · ANTENNA,Accessories,black,7,0.1311952789630128,11.841845637583901,1.7852348993288558,0.018000000000000682,Published envelope; approximate local detail
FAMICOM-0624,RFInputCable,FAMICOM-0624 · Console-to-RF-switch cable segment,Accessories,black,1,114.51143076460104,21.90000020000076,22.630771194735416,3.074051466045601,Published envelope; approximate local detail
FAMICOM-0625,RFPlugBody,FAMICOM-0625 · RF male-plug grip,Accessories,black,1,226.1946710584652,8.0,6.0,6.0,Published envelope; approximate local detail
FAMICOM-0626,RFPlugSleeve,FAMICOM-0626 · RF male outer sleeve,Accessories,metal,1,53.87831400906493,5.0,5.600000000000023,5.6000000000000005,Published envelope; approximate local detail
FAMICOM-0627,RFPlugPin,FAMICOM-0627 · RF male center pin,Accessories,metal,1,15.207664637864749,6.699999999999989,1.6999999999999886,1.6999999999999993,Published envelope; approximate local detail
FAMICOM-0628,RFTVCable,FAMICOM-0628 · RF switch television lead segment,Accessories,black,1,202.6816019682388,36.87714745831633,24.058313131289765,3.3196171939826877,Published envelope; approximate local detail
FAMICOM-0629,AntennaConverter,FAMICOM-0629 · 75 / 300 ohm converter body study,Accessories,black,1,2135.192027688745,18.0,12.0,10.0,Published envelope; approximate local detail
FAMICOM-0630,ConverterMark,FAMICOM-0630 · 300,Accessories,white,3,0.09370312466217853,5.9116193275167745,2.5336914751677853,0.018000199999999467,Published envelope; approximate local detail
FAMICOM-0631,ConverterLead-1,FAMICOM-0631 · Converter twin lead,Accessories,black,1,23.75044046113888,1.1999999999999886,21.0,1.1999999999999993,Published envelope; approximate local detail
FAMICOM-0632,ConverterFork-1,FAMICOM-0632 · Fork antenna terminal,Accessories,metal,1,8.585347942822153,4.5,7.000000000005457,0.34999999999999964,Published envelope; approximate local detail
FAMICOM-0633,ConverterLead1,FAMICOM-0633 · Converter twin lead001,Accessories,black,1,23.75044046113888,1.1999999999999886,21.0,1.1999999999999993,Published envelope; approximate local detail
FAMICOM-0634,ConverterFork1,FAMICOM-0634 · Fork antenna terminal001,Accessories,metal,1,8.585347942822155,4.5,7.000000000005457,0.34999999999999964,Published envelope; approximate local detail
