Part number,Part ID,Label,Assembly,Material/display role,Solid count,Volume estimate mm3,X mm,Y mm,Z mm,Fidelity
SW2-0001,DisplayGlass,SW2-0001 · 显示与触控窗口,Display,screen,1,10322.803414398926,174.89034727941205,98.37582034466928,0.5999999999999996,Approximate exterior detail; published envelope dimensions
SW2-0002,AntiShatterFilm,SW2-0002 · 前表面防碎保护膜,Display,screen,1,860.2336178665818,174.89034727941205,98.37582034466928,0.05000000000000071,Approximate exterior detail; published envelope dimensions
SW2-0003,LCDModule,SW2-0003 · 7.9 英寸 LCD 模组,Display,black,1,29046.324034802816,180.2,104.0,1.5500000000000007,Schematic internal layout
SW2-0004,DisplayBackplate,SW2-0004 · 液晶模组金属背板,Display,metal,1,10697.727047514087,191.0,109.00000000000045,0.520000000000012,Schematic internal layout
SW2-0005,SpeakerMesh-1,SW2-0005 · 前向扬声器微孔网,Tablet,black,1,3.471793849822,16.30000000000001,1.2999999999999972,0.1999999999999993,Approximate exterior detail; published envelope dimensions
SW2-0006,SpeakerMesh1,SW2-0006 · 前向扬声器微孔网,Tablet,black,1,3.4717938498219993,16.30000000000001,1.2999999999999972,0.1999999999999993,Approximate exterior detail; published envelope dimensions
SW2-0007,FrontBezel,SW2-0007 · 前玻璃黑色边框,Tablet,bezel,1,3910.6873535457653,197.8,115.8,0.6999999999999993,Approximate exterior detail; published envelope dimensions
SW2-0008,PowerButton,SW2-0008 · 电源胶囊按键,Tablet,black,1,24.129034599338045,6.650000000000006,1.1000000000000014,3.650000000000002,Approximate exterior detail; published envelope dimensions
SW2-0009,VolumeRocker,SW2-0009 · 音量按键,Tablet,black,1,56.31844181763476,15.400000000000006,1.1000000000000014,3.45,Approximate exterior detail; published envelope dimensions
SW2-0010,VolumeGlyphN70_8,SW2-0010 · -,Tablet,white,1,0.001660627899644182,0.6782718120805384,0.012000000000000455,0.20402684563758378,Approximate exterior detail; published envelope dimensions
SW2-0011,VolumeGlyphN61_9,SW2-0011 · +,Tablet,white,1,0.007726354668708689,1.6132550335570457,0.012000000000000455,1.6214765100671151,Approximate exterior detail; published envelope dimensions
SW2-0012,BrightnessSensor,SW2-0012 · 顶部亮度感应窗,Tablet,screen,1,4.241150082346224,3.0,0.6000000000000014,3.0,Approximate exterior detail; published envelope dimensions
SW2-0013,HeadphoneRim,SW2-0013 · 3.5 mm 耳机麦克风插座,Tablet,black,1,48.51222242932129,4.799999999999997,5.799999999999997,4.800000000000001,Approximate exterior detail; published envelope dimensions
SW2-0014,HeadphoneContact,SW2-0014 · 四极耳机插座接触环,Tablet,gold,1,1.6688140175868975,3.480000000000004,1.0,3.4800000000000004,Approximate exterior detail; published envelope dimensions
SW2-0015,GameCardLid,SW2-0015 · 游戏卡防尘盖,Tablet,shell,1,220.04672491250898,25.6,1.1000000000000014,7.900000000000002,Approximate exterior detail; published envelope dimensions
SW2-0016,GameCardLegend,SW2-0016 · GAME CARD,Tablet,black,8,0.0860976398233761,13.536294243624155,0.012000200000002792,1.7053693275167783,Approximate exterior detail; published envelope dimensions
SW2-0017,MicrophoneMesh,SW2-0017 · 顶部麦克风网,Tablet,black,1,0.2683486677646173,0.6599999999999966,0.20000000000000284,2.1500000000000012,Approximate exterior detail; published envelope dimensions
SW2-0018,ExhaustMesh1,SW2-0018 · 顶部金属排风格栅,Tablet,black,1,8.14083694688738,14.600000000000001,0.21999999999999886,4.300000000000001,Approximate exterior detail; published envelope dimensions
SW2-0019,ExhaustMesh2,SW2-0019 · 顶部金属排风格栅,Tablet,black,1,8.14083694688738,14.600000000000001,0.21999999999999886,4.300000000000001,Approximate exterior detail; published envelope dimensions
SW2-0020,ExhaustMesh3,SW2-0020 · 顶部金属排风格栅,Tablet,black,1,8.140836946887372,14.600000000000001,0.21999999999999886,4.300000000000001,Approximate exterior detail; published envelope dimensions
SW2-0021,USBUpperShell,SW2-0021 · USB-C 金属插座 Upper,Tablet,metal,1,35.02928771821752,8.800000000000011,5.399999999999999,3.200000000000001,Approximate exterior detail; published envelope dimensions
SW2-0022,USBUpperTongue,SW2-0022 · USB-C 舌片 Upper,Tablet,black,1,19.220737979737194,6.700000000000003,4.399999999999999,0.6600000000000001,Approximate exterior detail; published envelope dimensions
SW2-0023,USBUpperContact-1_1,SW2-0023 · USB-C 镀金触点,Tablet,gold,1,0.04082057504117329,0.23000000000000398,3.0,0.0600000000000005,Approximate exterior detail; published envelope dimensions
SW2-0024,USBUpperContact-1_2,SW2-0024 · USB-C 镀金触点,Tablet,gold,1,0.040820575041173285,0.23000000000000398,3.0,0.0600000000000005,Approximate exterior detail; published envelope dimensions
SW2-0025,USBUpperContact-1_3,SW2-0025 · USB-C 镀金触点,Tablet,gold,1,0.040820575041173285,0.23000000000000398,3.0,0.0600000000000005,Approximate exterior detail; published envelope dimensions
SW2-0026,USBUpperContact-1_4,SW2-0026 · USB-C 镀金触点,Tablet,gold,1,0.040820575041173285,0.23000000000000398,3.0,0.0600000000000005,Approximate exterior detail; published envelope dimensions
SW2-0027,USBUpperContact-1_5,SW2-0027 · USB-C 镀金触点,Tablet,gold,1,0.04082057504117329,0.23000000000000398,3.0,0.0600000000000005,Approximate exterior detail; published envelope dimensions
SW2-0028,USBUpperContact-1_6,SW2-0028 · USB-C 镀金触点,Tablet,gold,1,0.04082057504117329,0.23000000000000398,3.0,0.0600000000000005,Approximate exterior detail; published envelope dimensions
SW2-0029,USBUpperContact-1_7,SW2-0029 · USB-C 镀金触点,Tablet,gold,1,0.040820575041173285,0.23000000000000398,3.0,0.0600000000000005,Approximate exterior detail; published envelope dimensions
SW2-0030,USBUpperContact-1_8,SW2-0030 · USB-C 镀金触点,Tablet,gold,1,0.040820575041173285,0.23000000000000398,3.0,0.0600000000000005,Approximate exterior detail; published envelope dimensions
SW2-0031,USBUpperContact-1_9,SW2-0031 · USB-C 镀金触点,Tablet,gold,1,0.04082057504117329,0.23000000000000398,3.0,0.0600000000000005,Approximate exterior detail; published envelope dimensions
SW2-0032,USBUpperContact-1_10,SW2-0032 · USB-C 镀金触点,Tablet,gold,1,0.040820575041173285,0.23000000000000398,3.0,0.0600000000000005,Approximate exterior detail; published envelope dimensions
SW2-0033,USBUpperContact-1_11,SW2-0033 · USB-C 镀金触点,Tablet,gold,1,0.040820575041173285,0.23000000000000398,3.0,0.0600000000000005,Approximate exterior detail; published envelope dimensions
SW2-0034,USBUpperContact-1_12,SW2-0034 · USB-C 镀金触点,Tablet,gold,1,0.040820575041173285,0.23000000000000398,3.0,0.0600000000000005,Approximate exterior detail; published envelope dimensions
SW2-0035,USBUpperContact1_1,SW2-0035 · USB-C 镀金触点,Tablet,gold,1,0.04082057504117329,0.23000000000000398,3.0,0.0600000000000005,Approximate exterior detail; published envelope dimensions
SW2-0036,USBUpperContact1_2,SW2-0036 · USB-C 镀金触点,Tablet,gold,1,0.04082057504117329,0.23000000000000398,3.0,0.0600000000000005,Approximate exterior detail; published envelope dimensions
SW2-0037,USBUpperContact1_3,SW2-0037 · USB-C 镀金触点,Tablet,gold,1,0.04082057504117329,0.23000000000000398,3.0,0.0600000000000005,Approximate exterior detail; published envelope dimensions
SW2-0038,USBUpperContact1_4,SW2-0038 · USB-C 镀金触点,Tablet,gold,1,0.04082057504117329,0.23000000000000398,3.0,0.0600000000000005,Approximate exterior detail; published envelope dimensions
SW2-0039,USBUpperContact1_5,SW2-0039 · USB-C 镀金触点,Tablet,gold,1,0.04082057504117329,0.23000000000000398,3.0,0.0600000000000005,Approximate exterior detail; published envelope dimensions
SW2-0040,USBUpperContact1_6,SW2-0040 · USB-C 镀金触点,Tablet,gold,1,0.04082057504117329,0.23000000000000398,3.0,0.0600000000000005,Approximate exterior detail; published envelope dimensions
SW2-0041,USBUpperContact1_7,SW2-0041 · USB-C 镀金触点,Tablet,gold,1,0.04082057504117329,0.23000000000000398,3.0,0.0600000000000005,Approximate exterior detail; published envelope dimensions
SW2-0042,USBUpperContact1_8,SW2-0042 · USB-C 镀金触点,Tablet,gold,1,0.04082057504117329,0.23000000000000398,3.0,0.0600000000000005,Approximate exterior detail; published envelope dimensions
SW2-0043,USBUpperContact1_9,SW2-0043 · USB-C 镀金触点,Tablet,gold,1,0.04082057504117329,0.23000000000000398,3.0,0.0600000000000005,Approximate exterior detail; published envelope dimensions
SW2-0044,USBUpperContact1_10,SW2-0044 · USB-C 镀金触点,Tablet,gold,1,0.04082057504117329,0.23000000000000398,3.0,0.0600000000000005,Approximate exterior detail; published envelope dimensions
SW2-0045,USBUpperContact1_11,SW2-0045 · USB-C 镀金触点,Tablet,gold,1,0.04082057504117329,0.23000000000000398,3.0,0.0600000000000005,Approximate exterior detail; published envelope dimensions
SW2-0046,USBUpperContact1_12,SW2-0046 · USB-C 镀金触点,Tablet,gold,1,0.04082057504117329,0.23000000000000398,3.0,0.0600000000000005,Approximate exterior detail; published envelope dimensions
SW2-0047,USBLowerShell,SW2-0047 · USB-C 金属插座 Lower,Tablet,metal,1,35.02928771821753,8.8,5.399999999999999,3.200000000000001,Approximate exterior detail; published envelope dimensions
SW2-0048,USBLowerTongue,SW2-0048 · USB-C 舌片 Lower,Tablet,black,1,19.220737979737194,6.7,4.399999999999999,0.6600000000000001,Approximate exterior detail; published envelope dimensions
SW2-0049,USBLowerContact-1_1,SW2-0049 · USB-C 镀金触点,Tablet,gold,1,0.040820575041173215,0.23000000000000043,3.0,0.0600000000000005,Approximate exterior detail; published envelope dimensions
SW2-0050,USBLowerContact-1_2,SW2-0050 · USB-C 镀金触点,Tablet,gold,1,0.040820575041173215,0.23000000000000043,3.0,0.0600000000000005,Approximate exterior detail; published envelope dimensions
SW2-0051,USBLowerContact-1_3,SW2-0051 · USB-C 镀金触点,Tablet,gold,1,0.0408205750411732,0.22999999999999998,3.0,0.0600000000000005,Approximate exterior detail; published envelope dimensions
SW2-0052,USBLowerContact-1_4,SW2-0052 · USB-C 镀金触点,Tablet,gold,1,0.0408205750411732,0.22999999999999998,3.0,0.0600000000000005,Approximate exterior detail; published envelope dimensions
SW2-0053,USBLowerContact-1_5,SW2-0053 · USB-C 镀金触点,Tablet,gold,1,0.04082057504117321,0.22999999999999998,3.0,0.0600000000000005,Approximate exterior detail; published envelope dimensions
SW2-0054,USBLowerContact-1_6,SW2-0054 · USB-C 镀金触点,Tablet,gold,1,0.04082057504117321,0.22999999999999998,3.0,0.0600000000000005,Approximate exterior detail; published envelope dimensions
SW2-0055,USBLowerContact-1_7,SW2-0055 · USB-C 镀金触点,Tablet,gold,1,0.04082057504117321,0.22999999999999998,3.0,0.0600000000000005,Approximate exterior detail; published envelope dimensions
SW2-0056,USBLowerContact-1_8,SW2-0056 · USB-C 镀金触点,Tablet,gold,1,0.04082057504117321,0.22999999999999998,3.0,0.0600000000000005,Approximate exterior detail; published envelope dimensions
SW2-0057,USBLowerContact-1_9,SW2-0057 · USB-C 镀金触点,Tablet,gold,1,0.0408205750411732,0.22999999999999998,3.0,0.0600000000000005,Approximate exterior detail; published envelope dimensions
SW2-0058,USBLowerContact-1_10,SW2-0058 · USB-C 镀金触点,Tablet,gold,1,0.0408205750411732,0.22999999999999998,3.0,0.0600000000000005,Approximate exterior detail; published envelope dimensions
SW2-0059,USBLowerContact-1_11,SW2-0059 · USB-C 镀金触点,Tablet,gold,1,0.04082057504117322,0.23000000000000043,3.0,0.0600000000000005,Approximate exterior detail; published envelope dimensions
SW2-0060,USBLowerContact-1_12,SW2-0060 · USB-C 镀金触点,Tablet,gold,1,0.040820575041173215,0.23000000000000043,3.0,0.0600000000000005,Approximate exterior detail; published envelope dimensions
SW2-0061,USBLowerContact1_1,SW2-0061 · USB-C 镀金触点,Tablet,gold,1,0.040820575041173215,0.23000000000000043,3.0,0.0600000000000005,Approximate exterior detail; published envelope dimensions
SW2-0062,USBLowerContact1_2,SW2-0062 · USB-C 镀金触点,Tablet,gold,1,0.04082057504117322,0.23000000000000043,3.0,0.0600000000000005,Approximate exterior detail; published envelope dimensions
SW2-0063,USBLowerContact1_3,SW2-0063 · USB-C 镀金触点,Tablet,gold,1,0.0408205750411732,0.22999999999999998,3.0,0.0600000000000005,Approximate exterior detail; published envelope dimensions
SW2-0064,USBLowerContact1_4,SW2-0064 · USB-C 镀金触点,Tablet,gold,1,0.0408205750411732,0.22999999999999998,3.0,0.0600000000000005,Approximate exterior detail; published envelope dimensions
SW2-0065,USBLowerContact1_5,SW2-0065 · USB-C 镀金触点,Tablet,gold,1,0.04082057504117321,0.22999999999999998,3.0,0.0600000000000005,Approximate exterior detail; published envelope dimensions
SW2-0066,USBLowerContact1_6,SW2-0066 · USB-C 镀金触点,Tablet,gold,1,0.040820575041173195,0.22999999999999998,3.0,0.0600000000000005,Approximate exterior detail; published envelope dimensions
SW2-0067,USBLowerContact1_7,SW2-0067 · USB-C 镀金触点,Tablet,gold,1,0.0408205750411732,0.22999999999999998,3.0,0.0600000000000005,Approximate exterior detail; published envelope dimensions
SW2-0068,USBLowerContact1_8,SW2-0068 · USB-C 镀金触点,Tablet,gold,1,0.0408205750411732,0.22999999999999998,3.0,0.0600000000000005,Approximate exterior detail; published envelope dimensions
SW2-0069,USBLowerContact1_9,SW2-0069 · USB-C 镀金触点,Tablet,gold,1,0.0408205750411732,0.22999999999999998,3.0,0.0600000000000005,Approximate exterior detail; published envelope dimensions
SW2-0070,USBLowerContact1_10,SW2-0070 · USB-C 镀金触点,Tablet,gold,1,0.0408205750411732,0.22999999999999998,3.0,0.0600000000000005,Approximate exterior detail; published envelope dimensions
SW2-0071,USBLowerContact1_11,SW2-0071 · USB-C 镀金触点,Tablet,gold,1,0.04082057504117322,0.23000000000000043,3.0,0.0600000000000005,Approximate exterior detail; published envelope dimensions
SW2-0072,USBLowerContact1_12,SW2-0072 · USB-C 镀金触点,Tablet,gold,1,0.040820575041173215,0.23000000000000043,3.0,0.0600000000000005,Approximate exterior detail; published envelope dimensions
SW2-0073,IntakeMesh-1,SW2-0073 · 底部进风蜂孔网,Tablet,black,1,27.1210847166401,40.599999999999994,0.240000000000002,4.800000000000001,Approximate exterior detail; published envelope dimensions
SW2-0074,IntakeMesh1,SW2-0074 · 底部进风蜂孔网,Tablet,black,1,27.121084716640116,40.599999999999994,0.240000000000002,4.800000000000001,Approximate exterior detail; published envelope dimensions
SW2-0075,TabletFrame,SW2-0075 · 主机金属框架原坯,Tablet,shell,1,7033.656479655708,198.0,116.0,12.2,Approximate exterior detail; published envelope dimensions
SW2-0076,StandHinge-1,SW2-0076 · 支架转轴套,Tablet,metal,1,19.956967331929164,7.0,2.2,2.2,Approximate exterior detail; published envelope dimensions
SW2-0077,StandPin-1,SW2-0077 · 支架转轴销,Tablet,metal,1,5.811946409141117,7.400000000000006,1.0,1.0,Approximate exterior detail; published envelope dimensions
SW2-0078,StandMount-1,SW2-0078 · 支架铰链安装块,TabletInternal,metal,1,32.80555736846774,7.400000000000006,5.0,0.9000000000000004,Schematic internal layout
SW2-0079,StandFoot-1,SW2-0079 · 支架防滑垫,Tablet,rubber,1,9.682916802635075,18.0,4.5,0.11999999999999998,Approximate exterior detail; published envelope dimensions
SW2-0080,StandHinge1,SW2-0080 · 支架转轴套,Tablet,metal,1,19.956967331929164,7.0,2.2,2.2,Approximate exterior detail; published envelope dimensions
SW2-0081,StandPin1,SW2-0081 · 支架转轴销,Tablet,metal,1,5.811946409141117,7.400000000000006,1.0,1.0,Approximate exterior detail; published envelope dimensions
SW2-0082,StandMount1,SW2-0082 · 支架铰链安装块,TabletInternal,metal,1,32.80555736846774,7.400000000000006,5.0,0.9000000000000004,Schematic internal layout
SW2-0083,Kickstand,SW2-0083 · U 形金属支架,Tablet,shell,1,2250.9903422861566,183.0,58.87411967464943,1.1500000000000001,Approximate exterior detail; published envelope dimensions
SW2-0084,StandFoot1,SW2-0084 · 支架防滑垫,Tablet,rubber,1,9.682916802635075,18.0,4.5,0.11999999999999998,Approximate exterior detail; published envelope dimensions
SW2-0085,MicroSDPCB,SW2-0085 · microSD Express 小板,TabletInternal,pcb,1,239.33052787690332,16.0,22.0,0.700000000000053,Schematic internal layout
SW2-0086,MicroSDCage,SW2-0086 · microSD Express 金属卡座,TabletInternal,metal,1,121.61986596223193,13.0,16.0,1.4,Schematic internal layout
SW2-0087,MicroSDCard,SW2-0087 · microSD Express 示意卡片,TabletInternal,black,1,112.13696459430055,10.900000000000006,14.700000000000001,0.7000000000000002,Schematic internal layout
SW2-0088,MicroSDPad0,SW2-0088 · 存储卡接点,TabletInternal,gold,1,0.06442506192982993,0.6200000000000045,2.6000000000000014,0.040000000000000036,Schematic internal layout
SW2-0089,MicroSDPad1,SW2-0089 · 存储卡接点,TabletInternal,gold,1,0.06442506192982993,0.6200000000000045,2.6000000000000014,0.040000000000000036,Schematic internal layout
SW2-0090,MicroSDPad2,SW2-0090 · 存储卡接点,TabletInternal,gold,1,0.06442506192982993,0.6200000000000045,2.6000000000000014,0.040000000000000036,Schematic internal layout
SW2-0091,MicroSDPad3,SW2-0091 · 存储卡接点,TabletInternal,gold,1,0.06442506192982993,0.6200000000000045,2.6000000000000014,0.040000000000000036,Schematic internal layout
SW2-0092,MicroSDPad4,SW2-0092 · 存储卡接点,TabletInternal,gold,1,0.06442506192982993,0.6200000000000045,2.6000000000000014,0.040000000000000036,Schematic internal layout
SW2-0093,MicroSDPad5,SW2-0093 · 存储卡接点,TabletInternal,gold,1,0.06442506192982993,0.6200000000000045,2.6000000000000014,0.040000000000000036,Schematic internal layout
SW2-0094,MicroSDPad6,SW2-0094 · 存储卡接点,TabletInternal,gold,1,0.06442506192982993,0.6200000000000045,2.6000000000000014,0.040000000000000036,Schematic internal layout
SW2-0095,MicroSDPad7,SW2-0095 · 存储卡接点,TabletInternal,gold,1,0.06442506192982993,0.6200000000000045,2.6000000000000014,0.040000000000000036,Schematic internal layout
SW2-0096,RearScrew1,SW2-0096 · 十字槽紧固螺钉,Tablet,black,1,8.026923291788554,2.9000000000000057,2.9000000000000057,3.96,Approximate exterior detail; published envelope dimensions
SW2-0097,RearBoss1,SW2-0097 · 后壳固定柱,TabletInternal,shell,1,18.506973302125797,3.1000001999999824,3.1000001999999967,3.5000002,Schematic internal layout
SW2-0098,RearScrew2,SW2-0098 · 十字槽紧固螺钉,Tablet,black,1,8.026923291788554,2.9000000000000057,2.9000000000000057,3.96,Approximate exterior detail; published envelope dimensions
SW2-0099,RearBoss2,SW2-0099 · 后壳固定柱,TabletInternal,shell,1,18.506973302154194,3.1000001999999824,3.1000001999999967,3.5000002,Schematic internal layout
SW2-0100,RearScrew3,SW2-0100 · 十字槽紧固螺钉,Tablet,black,1,8.026923291788554,2.9000000000000057,2.9000000000000057,3.96,Approximate exterior detail; published envelope dimensions
SW2-0101,RearBoss3,SW2-0101 · 后壳固定柱,TabletInternal,shell,1,18.50697330212493,3.1000001999999824,3.1000001999999967,3.500000200000001,Schematic internal layout
SW2-0102,RearScrew4,SW2-0102 · 十字槽紧固螺钉,Tablet,black,1,8.026923291788554,2.9000000000000057,2.9000000000000057,3.96,Approximate exterior detail; published envelope dimensions
SW2-0103,RearBoss4,SW2-0103 · 后壳固定柱,TabletInternal,shell,1,18.506973302154382,3.1000001999999824,3.1000001999999967,3.5000002,Schematic internal layout
SW2-0104,RearNintendoMark,SW2-0104 · Nintendo Switch 官方轮廓标识,Tablet,white,20,10.269691803171819,40.0000002,35.73475756912352,0.018000199999999997,Approximate exterior detail; published envelope dimensions
SW2-0105,RearModelMark,SW2-0105 · BEE-001   CAD STUDY,Tablet,white,15,0.12737011547273355,23.768196408724833,1.656644495302018,0.012000199999999999,Approximate exterior detail; published envelope dimensions
SW2-0106,TabletRear,SW2-0106 · 主机后壳,Tablet,shell,1,13626.308149076565,197.8000002,115.8000002,0.9400001,Approximate exterior detail; published envelope dimensions
SW2-0107,JoyLRear,SW2-0107 · Joy-Con 2 L 后壳,JoyLeft,shell,1,6262.735801403476,37.0,116.0,9.15,Approximate exterior detail; published envelope dimensions
SW2-0108,JoyLSeam,SW2-0108 · 手柄分型边缝,JoyLeft,black,1,24.192605508706077,36.60000000000001,115.6,0.08000000000000007,Approximate exterior detail; published envelope dimensions
SW2-0109,ConsoleLinerL,SW2-0109 · 主机磁吸槽彩色内衬,Tablet,blue,1,168.0294214949841,0.18000000000000682,103.5,9.900000000000002,Approximate exterior detail; published envelope dimensions
SW2-0110,ConsoleMagnetL0,SW2-0110 · 主机磁吸磁体示意,TabletInternal,metal,1,314.8878976358713,2.75,18.0,6.400000000000004,Schematic internal layout
SW2-0111,JoyLSteelTarget0,SW2-0111 · 手柄磁吸钢质靶片,JoyInternalL,metal,1,81.42796447372308,0.75,17.599999999999998,6.200000000000002,Schematic internal layout
SW2-0112,ConsoleMagnetL1,SW2-0112 · 主机磁吸磁体示意,TabletInternal,metal,1,314.8878976358713,2.75,18.0,6.400000000000004,Schematic internal layout
SW2-0113,JoyLSteelTarget1,SW2-0113 · 手柄磁吸钢质靶片,JoyInternalL,metal,1,81.42796447372308,0.75,17.599999999999998,6.200000000000002,Schematic internal layout
SW2-0114,ConsoleConnectorL,SW2-0114 · 主机磁吸多触点接插件,Tablet,black,1,13.157079632678823,0.20000000000000284,17.6,3.75,Approximate exterior detail; published envelope dimensions
SW2-0115,JoyLMagneticSpine,SW2-0115 · 磁吸手柄彩色连接脊,JoyMountL,blue,1,3369.0649884349127,4.200000000000003,103.4,9.800000000000004,Approximate exterior detail; published envelope dimensions
SW2-0116,JoyLConnector,SW2-0116 · 手柄多触点接插件,JoyMountL,black,1,32.28808625617596,0.5,17.5,3.7,Approximate exterior detail; published envelope dimensions
SW2-0117,ConsoleContactL1,SW2-0117 · 主机连接触点示意,Tablet,gold,1,0.03330000000000772,0.025000000000005684,0.7199999999999998,1.8500000000000005,Approximate exterior detail; published envelope dimensions
SW2-0118,JoyLContact1,SW2-0118 · 手柄连接触点示意,JoyMountL,gold,1,0.025919999999994826,0.01999999999999602,0.7199999999999998,1.7999999999999998,Approximate exterior detail; published envelope dimensions
SW2-0119,ConsoleContactL2,SW2-0119 · 主机连接触点示意,Tablet,gold,1,0.03330000000000771,0.025000000000005684,0.7199999999999998,1.8500000000000005,Approximate exterior detail; published envelope dimensions
SW2-0120,JoyLContact2,SW2-0120 · 手柄连接触点示意,JoyMountL,gold,1,0.025919999999994826,0.01999999999999602,0.7199999999999998,1.7999999999999998,Approximate exterior detail; published envelope dimensions
SW2-0121,ConsoleContactL3,SW2-0121 · 主机连接触点示意,Tablet,gold,1,0.03330000000000771,0.025000000000005684,0.7199999999999998,1.8500000000000005,Approximate exterior detail; published envelope dimensions
SW2-0122,JoyLContact3,SW2-0122 · 手柄连接触点示意,JoyMountL,gold,1,0.025919999999994822,0.01999999999999602,0.7199999999999998,1.7999999999999998,Approximate exterior detail; published envelope dimensions
SW2-0123,ConsoleContactL4,SW2-0123 · 主机连接触点示意,Tablet,gold,1,0.03330000000000772,0.025000000000005684,0.7199999999999998,1.8500000000000005,Approximate exterior detail; published envelope dimensions
SW2-0124,JoyLContact4,SW2-0124 · 手柄连接触点示意,JoyMountL,gold,1,0.025919999999994826,0.01999999999999602,0.7199999999999998,1.7999999999999998,Approximate exterior detail; published envelope dimensions
SW2-0125,ConsoleContactL5,SW2-0125 · 主机连接触点示意,Tablet,gold,1,0.03330000000000772,0.025000000000005684,0.7199999999999998,1.8500000000000005,Approximate exterior detail; published envelope dimensions
SW2-0126,JoyLContact5,SW2-0126 · 手柄连接触点示意,JoyMountL,gold,1,0.025919999999994826,0.01999999999999602,0.7199999999999998,1.7999999999999998,Approximate exterior detail; published envelope dimensions
SW2-0127,ConsoleContactL6,SW2-0127 · 主机连接触点示意,Tablet,gold,1,0.03330000000000772,0.025000000000005684,0.72,1.8500000000000005,Approximate exterior detail; published envelope dimensions
SW2-0128,JoyLContact6,SW2-0128 · 手柄连接触点示意,JoyMountL,gold,1,0.02591999999999483,0.01999999999999602,0.72,1.7999999999999998,Approximate exterior detail; published envelope dimensions
SW2-0129,ConsoleContactL7,SW2-0129 · 主机连接触点示意,Tablet,gold,1,0.03330000000000772,0.025000000000005684,0.72,1.8500000000000005,Approximate exterior detail; published envelope dimensions
SW2-0130,JoyLContact7,SW2-0130 · 手柄连接触点示意,JoyMountL,gold,1,0.025919999999994826,0.01999999999999602,0.72,1.7999999999999998,Approximate exterior detail; published envelope dimensions
SW2-0131,ConsoleContactL8,SW2-0131 · 主机连接触点示意,Tablet,gold,1,0.03330000000000772,0.025000000000005684,0.72,1.8500000000000005,Approximate exterior detail; published envelope dimensions
SW2-0132,JoyLContact8,SW2-0132 · 手柄连接触点示意,JoyMountL,gold,1,0.025919999999994826,0.01999999999999602,0.72,1.7999999999999998,Approximate exterior detail; published envelope dimensions
SW2-0133,ConsoleContactL9,SW2-0133 · 主机连接触点示意,Tablet,gold,1,0.03330000000000772,0.025000000000005684,0.7199999999999998,1.8500000000000005,Approximate exterior detail; published envelope dimensions
SW2-0134,JoyLContact9,SW2-0134 · 手柄连接触点示意,JoyMountL,gold,1,0.025919999999994826,0.01999999999999602,0.7199999999999998,1.7999999999999998,Approximate exterior detail; published envelope dimensions
SW2-0135,ConsoleContactL10,SW2-0135 · 主机连接触点示意,Tablet,gold,1,0.03330000000000772,0.025000000000005684,0.7199999999999998,1.8500000000000005,Approximate exterior detail; published envelope dimensions
SW2-0136,JoyLContact10,SW2-0136 · 手柄连接触点示意,JoyMountL,gold,1,0.025919999999994826,0.01999999999999602,0.7199999999999998,1.7999999999999998,Approximate exterior detail; published envelope dimensions
SW2-0137,ConsoleContactL11,SW2-0137 · 主机连接触点示意,Tablet,gold,1,0.03330000000000771,0.025000000000005684,0.7199999999999998,1.8500000000000005,Approximate exterior detail; published envelope dimensions
SW2-0138,JoyLContact11,SW2-0138 · 手柄连接触点示意,JoyMountL,gold,1,0.025919999999994822,0.01999999999999602,0.7199999999999998,1.7999999999999998,Approximate exterior detail; published envelope dimensions
SW2-0139,ConsoleContactL12,SW2-0139 · 主机连接触点示意,Tablet,gold,1,0.03330000000000772,0.025000000000005684,0.7199999999999998,1.8500000000000005,Approximate exterior detail; published envelope dimensions
SW2-0140,JoyLContact12,SW2-0140 · 手柄连接触点示意,JoyMountL,gold,1,0.025919999999994826,0.01999999999999602,0.7199999999999998,1.7999999999999998,Approximate exterior detail; published envelope dimensions
SW2-0141,ConsoleContactL13,SW2-0141 · 主机连接触点示意,Tablet,gold,1,0.03330000000000771,0.025000000000005684,0.7199999999999998,1.8500000000000005,Approximate exterior detail; published envelope dimensions
SW2-0142,JoyLContact13,SW2-0142 · 手柄连接触点示意,JoyMountL,gold,1,0.025919999999994822,0.01999999999999602,0.7199999999999998,1.7999999999999998,Approximate exterior detail; published envelope dimensions
SW2-0143,JoyRRear,SW2-0143 · Joy-Con 2 R 后壳,JoyRight,shell,1,6262.735801403478,37.0,116.0,9.15,Approximate exterior detail; published envelope dimensions
SW2-0144,JoyRSeam,SW2-0144 · 手柄分型边缝,JoyRight,black,1,24.192605508706055,36.60000000000001,115.6,0.08000000000000007,Approximate exterior detail; published envelope dimensions
SW2-0145,ConsoleLinerR,SW2-0145 · 主机磁吸槽彩色内衬,Tablet,orange,1,168.02942149498242,0.18000000000000682,103.5,9.900000000000002,Approximate exterior detail; published envelope dimensions
SW2-0146,ConsoleMagnetR0,SW2-0146 · 主机磁吸磁体示意,TabletInternal,metal,1,314.8878976358713,2.75,18.0,6.400000000000002,Schematic internal layout
SW2-0147,JoyRSteelTarget0,SW2-0147 · 手柄磁吸钢质靶片,JoyInternalR,metal,1,81.4279644737231,0.75,17.599999999999998,6.200000000000002,Schematic internal layout
SW2-0148,ConsoleMagnetR1,SW2-0148 · 主机磁吸磁体示意,TabletInternal,metal,1,314.8878976358713,2.75,18.0,6.400000000000002,Schematic internal layout
SW2-0149,JoyRSteelTarget1,SW2-0149 · 手柄磁吸钢质靶片,JoyInternalR,metal,1,81.4279644737231,0.75,17.599999999999998,6.200000000000002,Schematic internal layout
SW2-0150,ConsoleConnectorR,SW2-0150 · 主机磁吸多触点接插件,Tablet,black,1,13.157079632679551,0.20000000000000284,17.6,3.75,Approximate exterior detail; published envelope dimensions
SW2-0151,JoyRMagneticSpine,SW2-0151 · 磁吸手柄彩色连接脊,JoyMountR,orange,1,3369.0649884349164,4.200000000000003,103.4,9.800000000000004,Approximate exterior detail; published envelope dimensions
SW2-0152,JoyRConnector,SW2-0152 · 手柄多触点接插件,JoyMountR,black,1,32.288086256175966,0.5,17.5,3.7,Approximate exterior detail; published envelope dimensions
SW2-0153,ConsoleContactR1,SW2-0153 · 主机连接触点示意,Tablet,gold,1,0.03330000000000772,0.025000000000005684,0.7199999999999998,1.8500000000000005,Approximate exterior detail; published envelope dimensions
SW2-0154,JoyRContact1,SW2-0154 · 手柄连接触点示意,JoyMountR,gold,1,0.025919999999994826,0.01999999999999602,0.7199999999999998,1.7999999999999998,Approximate exterior detail; published envelope dimensions
SW2-0155,ConsoleContactR2,SW2-0155 · 主机连接触点示意,Tablet,gold,1,0.03330000000000771,0.025000000000005684,0.7199999999999998,1.8500000000000005,Approximate exterior detail; published envelope dimensions
SW2-0156,JoyRContact2,SW2-0156 · 手柄连接触点示意,JoyMountR,gold,1,0.025919999999994826,0.01999999999999602,0.7199999999999998,1.7999999999999998,Approximate exterior detail; published envelope dimensions
SW2-0157,ConsoleContactR3,SW2-0157 · 主机连接触点示意,Tablet,gold,1,0.03330000000000771,0.025000000000005684,0.7199999999999998,1.8500000000000005,Approximate exterior detail; published envelope dimensions
SW2-0158,JoyRContact3,SW2-0158 · 手柄连接触点示意,JoyMountR,gold,1,0.025919999999994822,0.01999999999999602,0.7199999999999998,1.7999999999999998,Approximate exterior detail; published envelope dimensions
SW2-0159,ConsoleContactR4,SW2-0159 · 主机连接触点示意,Tablet,gold,1,0.03330000000000772,0.025000000000005684,0.7199999999999998,1.8500000000000005,Approximate exterior detail; published envelope dimensions
SW2-0160,JoyRContact4,SW2-0160 · 手柄连接触点示意,JoyMountR,gold,1,0.025919999999994826,0.01999999999999602,0.7199999999999998,1.7999999999999998,Approximate exterior detail; published envelope dimensions
SW2-0161,ConsoleContactR5,SW2-0161 · 主机连接触点示意,Tablet,gold,1,0.03330000000000772,0.025000000000005684,0.7199999999999998,1.8500000000000005,Approximate exterior detail; published envelope dimensions
SW2-0162,JoyRContact5,SW2-0162 · 手柄连接触点示意,JoyMountR,gold,1,0.025919999999994826,0.01999999999999602,0.7199999999999998,1.7999999999999998,Approximate exterior detail; published envelope dimensions
SW2-0163,ConsoleContactR6,SW2-0163 · 主机连接触点示意,Tablet,gold,1,0.03330000000000772,0.025000000000005684,0.72,1.8500000000000005,Approximate exterior detail; published envelope dimensions
SW2-0164,JoyRContact6,SW2-0164 · 手柄连接触点示意,JoyMountR,gold,1,0.02591999999999483,0.01999999999999602,0.72,1.7999999999999998,Approximate exterior detail; published envelope dimensions
SW2-0165,ConsoleContactR7,SW2-0165 · 主机连接触点示意,Tablet,gold,1,0.03330000000000772,0.025000000000005684,0.72,1.8500000000000005,Approximate exterior detail; published envelope dimensions
SW2-0166,JoyRContact7,SW2-0166 · 手柄连接触点示意,JoyMountR,gold,1,0.025919999999994826,0.01999999999999602,0.72,1.7999999999999998,Approximate exterior detail; published envelope dimensions
SW2-0167,ConsoleContactR8,SW2-0167 · 主机连接触点示意,Tablet,gold,1,0.03330000000000772,0.025000000000005684,0.72,1.8500000000000005,Approximate exterior detail; published envelope dimensions
SW2-0168,JoyRContact8,SW2-0168 · 手柄连接触点示意,JoyMountR,gold,1,0.025919999999994826,0.01999999999999602,0.72,1.7999999999999998,Approximate exterior detail; published envelope dimensions
SW2-0169,ConsoleContactR9,SW2-0169 · 主机连接触点示意,Tablet,gold,1,0.03330000000000772,0.025000000000005684,0.7199999999999998,1.8500000000000005,Approximate exterior detail; published envelope dimensions
SW2-0170,JoyRContact9,SW2-0170 · 手柄连接触点示意,JoyMountR,gold,1,0.025919999999994826,0.01999999999999602,0.7199999999999998,1.7999999999999998,Approximate exterior detail; published envelope dimensions
SW2-0171,ConsoleContactR10,SW2-0171 · 主机连接触点示意,Tablet,gold,1,0.03330000000000772,0.025000000000005684,0.7199999999999998,1.8500000000000005,Approximate exterior detail; published envelope dimensions
SW2-0172,JoyRContact10,SW2-0172 · 手柄连接触点示意,JoyMountR,gold,1,0.025919999999994826,0.01999999999999602,0.7199999999999998,1.7999999999999998,Approximate exterior detail; published envelope dimensions
SW2-0173,ConsoleContactR11,SW2-0173 · 主机连接触点示意,Tablet,gold,1,0.03330000000000771,0.025000000000005684,0.7199999999999998,1.8500000000000005,Approximate exterior detail; published envelope dimensions
SW2-0174,JoyRContact11,SW2-0174 · 手柄连接触点示意,JoyMountR,gold,1,0.025919999999994822,0.01999999999999602,0.7199999999999998,1.7999999999999998,Approximate exterior detail; published envelope dimensions
SW2-0175,ConsoleContactR12,SW2-0175 · 主机连接触点示意,Tablet,gold,1,0.03330000000000772,0.025000000000005684,0.7199999999999998,1.8500000000000005,Approximate exterior detail; published envelope dimensions
SW2-0176,JoyRContact12,SW2-0176 · 手柄连接触点示意,JoyMountR,gold,1,0.025919999999994826,0.01999999999999602,0.7199999999999998,1.7999999999999998,Approximate exterior detail; published envelope dimensions
SW2-0177,ConsoleContactR13,SW2-0177 · 主机连接触点示意,Tablet,gold,1,0.03330000000000771,0.025000000000005684,0.7199999999999998,1.8500000000000005,Approximate exterior detail; published envelope dimensions
SW2-0178,JoyRContact13,SW2-0178 · 手柄连接触点示意,JoyMountR,gold,1,0.025919999999994822,0.01999999999999602,0.7199999999999998,1.7999999999999998,Approximate exterior detail; published envelope dimensions
SW2-0179,JoyLStickAccent,SW2-0179 · 摇杆彩色装饰圈,JoyLeft,blue,1,7.297743805100588,14.599999999999994,14.599999999999998,0.2599999999999998,Approximate exterior detail; published envelope dimensions
SW2-0180,JoyLStickBoot,SW2-0180 · 摇杆防尘球罩,JoyLeft,black,1,773.5059262066718,12.900000000000006,12.900000000000002,6.5000000000000036,Approximate exterior detail; published envelope dimensions
SW2-0181,JoyLStickStem,SW2-0181 · 加大摇杆颈柱,JoyLeft,black,1,151.60305128611935,6.699999999999989,6.700000000000003,4.300000000000001,Approximate exterior detail; published envelope dimensions
SW2-0182,JoyLStickCap,SW2-0182 · 大尺寸凹面摇杆帽,JoyLeft,rubber,1,637.9342015050588,17.100000199999982,17.1000002,3.1000001000000026,Approximate exterior detail; published envelope dimensions
SW2-0183,JoyRStickAccent,SW2-0183 · 摇杆彩色装饰圈,JoyRight,orange,1,7.297743805100588,14.599999999999994,14.6,0.2599999999999998,Approximate exterior detail; published envelope dimensions
SW2-0184,JoyRStickBoot,SW2-0184 · 摇杆防尘球罩,JoyRight,black,1,773.5059262066721,12.900000000000006,12.9,6.5000000000000036,Approximate exterior detail; published envelope dimensions
SW2-0185,JoyRStickStem,SW2-0185 · 加大摇杆颈柱,JoyRight,black,1,151.60305128611935,6.699999999999989,6.7,4.300000000000001,Approximate exterior detail; published envelope dimensions
SW2-0186,JoyRStickCap,SW2-0186 · 大尺寸凹面摇杆帽,JoyRight,rubber,1,637.9342015050588,17.100000199999982,17.1000002,3.1000001000000026,Approximate exterior detail; published envelope dimensions
SW2-0187,JoyLFaceButton0,SW2-0187 · 方向按键,JoyLeft,black,1,79.171243910465,7.400000199999994,7.400000199999999,1.8499999999999996,Approximate exterior detail; published envelope dimensions
SW2-0188,JoyLButtonStem0,SW2-0188 · 按键传力柱,JoyLeft,black,1,9.883450488193482,2.1999999999999886,2.1999999999999993,2.5999999999999996,Approximate exterior detail; published envelope dimensions
SW2-0189,Arrow0,SW2-0189 · 方向箭头,JoyLeft,white,1,0.027280000000000065,2.200000000000003,1.5500000000000007,0.016000000000000014,Approximate exterior detail; published envelope dimensions
SW2-0190,JoyLFaceButton1,SW2-0190 · 方向按键,JoyLeft,black,1,79.17124391046501,7.400000199999994,7.400000200000001,1.8499999999999996,Approximate exterior detail; published envelope dimensions
SW2-0191,JoyLButtonStem1,SW2-0191 · 按键传力柱,JoyLeft,black,1,9.883450488193485,2.1999999999999886,2.2,2.5999999999999996,Approximate exterior detail; published envelope dimensions
SW2-0192,Arrow1,SW2-0192 · 方向箭头,JoyLeft,white,1,0.027279999999999985,1.5499999999999972,2.200000000000001,0.016000000000000014,Approximate exterior detail; published envelope dimensions
SW2-0193,JoyLFaceButton2,SW2-0193 · 方向按键,JoyLeft,black,1,79.171243910465,7.400000199999994,7.400000199999997,1.8499999999999996,Approximate exterior detail; published envelope dimensions
SW2-0194,JoyLButtonStem2,SW2-0194 · 按键传力柱,JoyLeft,black,1,9.883450488193482,2.1999999999999886,2.1999999999999993,2.5999999999999996,Approximate exterior detail; published envelope dimensions
SW2-0195,Arrow2,SW2-0195 · 方向箭头,JoyLeft,white,1,0.027280000000000065,2.200000000000003,1.5500000000000007,0.016000000000000014,Approximate exterior detail; published envelope dimensions
SW2-0196,JoyLFaceButton3,SW2-0196 · 方向按键,JoyLeft,black,1,79.17124391046498,7.40000019999998,7.400000200000001,1.8499999999999996,Approximate exterior detail; published envelope dimensions
SW2-0197,JoyLButtonStem3,SW2-0197 · 按键传力柱,JoyLeft,black,1,9.883450488193487,2.1999999999999886,2.2,2.5999999999999996,Approximate exterior detail; published envelope dimensions
SW2-0198,Arrow3,SW2-0198 · 方向箭头,JoyLeft,white,1,0.02728000000000023,1.5500000000000114,2.2000000000000006,0.016000000000000014,Approximate exterior detail; published envelope dimensions
SW2-0199,JoyRFaceButton0,SW2-0199 · X 按键,JoyRight,black,1,79.171243910465,7.400000199999994,7.400000200000008,1.8499999999999996,Approximate exterior detail; published envelope dimensions
SW2-0200,JoyRButtonStem0,SW2-0200 · 按键传力柱,JoyRight,black,1,9.883450488193473,2.1999999999999886,2.200000000000003,2.5999999999999996,Approximate exterior detail; published envelope dimensions
SW2-0201,GlyphX,SW2-0201 · X,JoyRight,white,1,0.02143581932278557,2.171098993288595,2.5369127516778534,0.012000000000000455,Approximate exterior detail; published envelope dimensions
SW2-0202,JoyRFaceButton1,SW2-0202 · A 按键,JoyRight,black,1,79.171243910465,7.40000019999998,7.400000200000001,1.8499999999999996,Approximate exterior detail; published envelope dimensions
SW2-0203,JoyRButtonStem1,SW2-0203 · 按键传力柱,JoyRight,black,1,9.883450488193505,2.1999999999999886,2.200000000000003,2.5999999999999996,Approximate exterior detail; published envelope dimensions
SW2-0204,GlyphA,SW2-0204 · A,JoyRight,white,1,0.023467258484274646,2.3239932885906143,2.5369127516778534,0.012000000000000455,Approximate exterior detail; published envelope dimensions
SW2-0205,JoyRFaceButton2,SW2-0205 · B 按键,JoyRight,black,1,79.171243910465,7.400000199999994,7.400000199999999,1.8499999999999996,Approximate exterior detail; published envelope dimensions
SW2-0206,JoyRButtonStem2,SW2-0206 · 按键传力柱,JoyRight,black,1,9.883450488193478,2.1999999999999886,2.200000000000003,2.5999999999999996,Approximate exterior detail; published envelope dimensions
SW2-0207,GlyphB,SW2-0207 · B,JoyRight,white,1,0.029558276530372046,1.7990564080536728,2.5369129516778557,0.01200019999999924,Approximate exterior detail; published envelope dimensions
SW2-0208,JoyRFaceButton3,SW2-0208 · Y 按键,JoyRight,black,1,79.17124391046501,7.400000199999994,7.400000200000001,1.8499999999999996,Approximate exterior detail; published envelope dimensions
SW2-0209,JoyRButtonStem3,SW2-0209 · 按键传力柱,JoyRight,black,1,9.883450488193487,2.1999999999999886,2.200000000000003,2.5999999999999996,Approximate exterior detail; published envelope dimensions
SW2-0210,GlyphY,SW2-0210 · Y,JoyRight,white,1,0.016028367146328073,2.138821308724843,2.5369127516778534,0.012000000000000455,Approximate exterior detail; published envelope dimensions
SW2-0211,MinusButton,SW2-0211 · 减号按键,JoyLeft,black,1,15.14452431127405,5.800000000000011,1.75,1.5,Approximate exterior detail; published envelope dimensions
SW2-0212,PlusButton,SW2-0212 · 加号按键,JoyRight,black,1,25.753241118430807,5.800000000000011,5.800000000000011,1.5,Approximate exterior detail; published envelope dimensions
SW2-0213,CaptureButton,SW2-0213 · 截图键,JoyLeft,black,1,49.81113256036261,6.0,6.0,1.4000000000000004,Approximate exterior detail; published envelope dimensions
SW2-0214,JoyLFront,SW2-0214 · Joy-Con 2 L 前壳,JoyLeft,shell,1,6333.781500412877,37.0,116.0,6.5,Approximate exterior detail; published envelope dimensions
SW2-0215,CaptureGlyph,SW2-0215 · 截图键圆圈标记,JoyLeft,rubber,1,0.07238229473870994,3.5999999999999943,3.6000000000000014,0.018000000000000682,Approximate exterior detail; published envelope dimensions
SW2-0216,HomeButton,SW2-0216 · HOME 按钮,JoyRight,black,1,52.34992918309353,6.900000000000006,6.899999999999999,1.4000000000000004,Approximate exterior detail; published envelope dimensions
SW2-0217,HomeGlyph,SW2-0217 · HOME 房屋标记,JoyRight,white,1,0.09495900000000125,2.9000000000000057,2.6999999999999993,0.018000000000000682,Approximate exterior detail; published envelope dimensions
SW2-0218,CButton,SW2-0218 · C 聊天键,JoyRight,black,1,46.50713256036261,5.800000000000011,5.800000000000004,1.4000000000000004,Approximate exterior detail; published envelope dimensions
SW2-0219,JoyRFront,SW2-0219 · Joy-Con 2 R 前壳,JoyRight,shell,1,6273.346863334344,37.0,116.0,6.5,Approximate exterior detail; published envelope dimensions
SW2-0220,CGlyph,SW2-0220 · C,JoyRight,white,1,0.024566090262685573,2.2726512067114015,2.9234901328859024,0.01200019999999924,Approximate exterior detail; published envelope dimensions
SW2-0221,JoyLBumper,SW2-0221 · L 弧形肩键,JoyLeft,black,1,164.42321780800665,33.900000000000006,29.900000000000002,1.6500000000000004,Approximate exterior detail; published envelope dimensions
SW2-0222,JoyLTrigger,SW2-0222 · ZL 后扳机,JoyLeft,black,1,4002.975809797114,35.067851380257224,23.700000000000017,6.2,Approximate exterior detail; published envelope dimensions
SW2-0223,JoyLTriggerPin,SW2-0223 · 扳机支承销,JoyLeft,metal,1,15.927874753700255,12.0,1.2999999999999972,1.3000000000000003,Approximate exterior detail; published envelope dimensions
SW2-0224,JoyLRelease,SW2-0224 · 磁吸手柄释放键,JoyLeft,black,1,74.91492689900704,7.700000000000017,6.200000000000003,1.65,Approximate exterior detail; published envelope dimensions
SW2-0225,JoyLEjector0,SW2-0225 · 磁吸分离顶脚,JoyMountL,black,1,10.38119449019235,0.75,4.200000000000003,3.5,Approximate exterior detail; published envelope dimensions
SW2-0226,JoyLEjector1,SW2-0226 · 磁吸分离顶脚,JoyMountL,black,1,4.837964473723101,0.75,2.0,3.5,Approximate exterior detail; published envelope dimensions
SW2-0227,JoyLSL,SW2-0227 · SL 侧键,JoyMountL,blue,1,153.95715851175123,1.3000000000000114,20.400000000000002,5.900000000000001,Approximate exterior detail; published envelope dimensions
SW2-0228,JoyLSR,SW2-0228 · SR 侧键,JoyMountL,blue,1,153.9571585117512,1.3000000000000114,20.400000000000002,5.900000000000001,Approximate exterior detail; published envelope dimensions
SW2-0229,JoyLMouseWindow,SW2-0229 · 光学鼠标窗口,JoyMountL,screen,1,8.75857293382213,0.5,4.5,4.0,Approximate exterior detail; published envelope dimensions
SW2-0230,JoyLSync,SW2-0230 · SYNC 同步键,JoyMountL,blue,1,4.172427743048935,0.8499999999999943,2.5,2.5,Approximate exterior detail; published envelope dimensions
SW2-0231,JoyLMouseSkate0,SW2-0231 · 鼠标滑动脚垫,JoyMountL,blue,1,8.671362215099414,0.20000000000000284,7.400000000000006,7.200000000000003,Approximate exterior detail; published envelope dimensions
SW2-0232,JoyLMouseSkate1,SW2-0232 · 鼠标滑动脚垫,JoyMountL,blue,1,8.671362215099414,0.20000000000000284,7.400000000000006,7.200000000000003,Approximate exterior detail; published envelope dimensions
SW2-0233,JoyLLED1,SW2-0233 · 玩家指示灯,JoyMountL,led,1,0.2700000000000002,1.2000000000000028,1.25,0.17999999999999972,Approximate exterior detail; published envelope dimensions
SW2-0234,JoyLLED2,SW2-0234 · 玩家指示灯,JoyMountL,rubber,1,0.2700000000000002,1.2000000000000028,1.25,0.17999999999999972,Approximate exterior detail; published envelope dimensions
SW2-0235,JoyLLED3,SW2-0235 · 玩家指示灯,JoyMountL,rubber,1,0.2700000000000002,1.2000000000000028,1.25,0.17999999999999972,Approximate exterior detail; published envelope dimensions
SW2-0236,JoyLLED4,SW2-0236 · 玩家指示灯,JoyMountL,rubber,1,0.2700000000000002,1.2000000000000028,1.25,0.17999999999999972,Approximate exterior detail; published envelope dimensions
SW2-0237,JoyLScrew0,SW2-0237 · 三翼槽紧固螺钉,JoyLeft,black,1,6.375050178625897,2.4000000000000057,2.4000000000000057,3.3600000000000003,Approximate exterior detail; published envelope dimensions
SW2-0238,JoyLScrew1,SW2-0238 · 三翼槽紧固螺钉,JoyLeft,black,1,6.375050178625897,2.4000000000000057,2.4000000000000057,3.3600000000000003,Approximate exterior detail; published envelope dimensions
SW2-0239,TriggerLegendL,SW2-0239 · ZL,JoyLeft,rubber,2,0.03291208377437914,3.8408137583892596,2.3489932885906057,0.011999999999999567,Approximate exterior detail; published envelope dimensions
SW2-0240,JoyRBumper,SW2-0240 · R 弧形肩键,JoyRight,black,1,164.42321780800592,33.900000000000006,29.900000000000002,1.6500000000000004,Approximate exterior detail; published envelope dimensions
SW2-0241,JoyRTrigger,SW2-0241 · ZR 后扳机,JoyRight,black,1,4002.9657881034946,35.0678515802572,23.70000020000002,6.2000001000000005,Approximate exterior detail; published envelope dimensions
SW2-0242,JoyRTriggerPin,SW2-0242 · 扳机支承销,JoyRight,metal,1,15.927874753700255,12.0,1.2999999999999972,1.3000000000000003,Approximate exterior detail; published envelope dimensions
SW2-0243,JoyRRelease,SW2-0243 · 磁吸手柄释放键,JoyRight,black,1,74.91492689900704,7.700000000000017,6.200000000000003,1.65,Approximate exterior detail; published envelope dimensions
SW2-0244,JoyREjector0,SW2-0244 · 磁吸分离顶脚,JoyMountR,black,1,10.38119449019235,0.75,4.200000000000003,3.5,Approximate exterior detail; published envelope dimensions
SW2-0245,JoyREjector1,SW2-0245 · 磁吸分离顶脚,JoyMountR,black,1,4.837964473723099,0.75,2.0,3.5,Approximate exterior detail; published envelope dimensions
SW2-0246,JoyRSL,SW2-0246 · SL 侧键,JoyMountR,orange,1,153.95715851175004,1.2999999999999972,20.400000000000002,5.900000000000001,Approximate exterior detail; published envelope dimensions
SW2-0247,JoyRSR,SW2-0247 · SR 侧键,JoyMountR,orange,1,153.95715851175,1.2999999999999972,20.400000000000002,5.900000000000001,Approximate exterior detail; published envelope dimensions
SW2-0248,JoyRMouseWindow,SW2-0248 · 光学鼠标窗口,JoyMountR,screen,1,8.75857293382213,0.5,4.5,4.0,Approximate exterior detail; published envelope dimensions
SW2-0249,JoyRSync,SW2-0249 · SYNC 同步键,JoyMountR,orange,1,4.172427743048935,0.8499999999999943,2.5,2.5,Approximate exterior detail; published envelope dimensions
SW2-0250,JoyRMouseSkate0,SW2-0250 · 鼠标滑动脚垫,JoyMountR,orange,1,8.671362215099649,0.20000000000000284,7.400000000000006,7.200000000000003,Approximate exterior detail; published envelope dimensions
SW2-0251,JoyRMouseSkate1,SW2-0251 · 鼠标滑动脚垫,JoyMountR,orange,1,8.671362215099649,0.20000000000000284,7.400000000000006,7.200000000000003,Approximate exterior detail; published envelope dimensions
SW2-0252,JoyRLED1,SW2-0252 · 玩家指示灯,JoyMountR,led,1,0.2700000000000002,1.2000000000000028,1.25,0.17999999999999972,Approximate exterior detail; published envelope dimensions
SW2-0253,JoyRLED2,SW2-0253 · 玩家指示灯,JoyMountR,rubber,1,0.2700000000000002,1.2000000000000028,1.25,0.17999999999999972,Approximate exterior detail; published envelope dimensions
SW2-0254,JoyRLED3,SW2-0254 · 玩家指示灯,JoyMountR,rubber,1,0.2700000000000002,1.2000000000000028,1.25,0.17999999999999972,Approximate exterior detail; published envelope dimensions
SW2-0255,JoyRLED4,SW2-0255 · 玩家指示灯,JoyMountR,rubber,1,0.2700000000000002,1.2000000000000028,1.25,0.17999999999999972,Approximate exterior detail; published envelope dimensions
SW2-0256,JoyRScrew0,SW2-0256 · 三翼槽紧固螺钉,JoyRight,black,1,6.375050178625897,2.4000000000000057,2.4000000000000057,3.3600000000000003,Approximate exterior detail; published envelope dimensions
SW2-0257,JoyRScrew1,SW2-0257 · 三翼槽紧固螺钉,JoyRight,black,1,6.375050178625897,2.4000000000000057,2.4000000000000057,3.3600000000000003,Approximate exterior detail; published envelope dimensions
SW2-0258,TriggerLegendR,SW2-0258 · ZR,JoyRight,rubber,2,0.04293377739706216,4.2088927174496575,2.348993488590608,0.012000200000000127,Approximate exterior detail; published envelope dimensions
SW2-0259,BatteryPouch,SW2-0259 · 5220 mAh 电池铝塑包,TabletInternal,battery,1,4422.409730538486,54.0,88.0,4.549999999999999,Schematic internal layout
SW2-0260,BatteryCell,SW2-0260 · 电芯卷叠布局,TabletInternal,rubber,1,15384.589289414176,52.400000000000006,86.4,3.4000000000000004,Schematic internal layout
SW2-0261,BatteryFoam,SW2-0261 · 电池泡棉定位框,TabletInternal,black,1,368.1140523247951,56.0,90.0,0.40000000000000036,Schematic internal layout
SW2-0262,BatteryMark,SW2-0262 · NINTENDO  BEE-,TabletInternal,white,15,0.29343541132806866,32.26069640872482,2.4362418107382595,0.012000200000000127,Approximate exterior detail; published envelope dimensions
SW2-0263,BatteryCapacity,SW2-0263 · 3.78 V  5220 mAh,TabletInternal,white,12,0.130923136612651,22.823490132885908,1.9973156362416127,0.012000200000000127,Approximate exterior detail; published envelope dimensions
SW2-0264,BatteryNote,SW2-0264 · INTERNAL LAYOUT STUDY,TabletInternal,white,19,0.11622286621970722,23.702269295302017,1.4130203342281868,0.012000200000000127,Approximate exterior detail; published envelope dimensions
SW2-0265,Mainboard,SW2-0265 · L 形主板 PCB 示意,TabletInternal,pcb,1,10464.00479668177,124.0,108.0,0.9500000000000615,Schematic internal layout
SW2-0266,SoCPackage,SW2-0266 · SoC 封装布局,TabletInternal,black,1,1685.3739169651387,28.0,28.0,2.1500000000000004,Schematic internal layout
SW2-0267,RAM1Package,SW2-0267 · RAM1 封装布局,TabletInternal,black,1,174.86855637508097,10.0,14.0,1.25,Schematic internal layout
SW2-0268,RAM2Package,SW2-0268 · RAM2 封装布局,TabletInternal,black,1,174.86855637508097,10.0,14.0,1.25,Schematic internal layout
SW2-0269,UFS1Package,SW2-0269 · UFS1 封装布局,TabletInternal,black,1,125.88958735506799,12.0,10.0,1.0500000000000007,Schematic internal layout
SW2-0270,UFS2Package,SW2-0270 · UFS2 封装布局,TabletInternal,black,1,125.88958735506804,12.0,10.0,1.0500000000000007,Schematic internal layout
SW2-0271,WiFiPackage,SW2-0271 · WiFi 封装布局,TabletInternal,black,1,118.68432961007125,9.0,12.0,1.0999999999999996,Schematic internal layout
SW2-0272,PMICPackage,SW2-0272 · PMIC 封装布局,TabletInternal,black,1,53.1001028450615,7.0,8.0,0.9499999999999993,Schematic internal layout
SW2-0273,SoCMark,SW2-0273 · NVIDIA,TabletInternal,white,6,0.15167080031938135,13.033011744966444,2.8187921463087235,0.012000200000000127,Approximate exterior detail; published envelope dimensions
SW2-0274,MemoryShield,SW2-0274 · 金属屏蔽盖,TabletInternal,metal,1,141.00222651207258,14.0,36.0,0.28000000000000025,Schematic internal layout
SW2-0275,PowerShield,SW2-0275 · 金属屏蔽盖,TabletInternal,metal,1,33.482226512072536,10.0,12.0,0.28000000000000025,Schematic internal layout
SW2-0276,GameCardCage,SW2-0276 · 游戏卡插座屏蔽罩,TabletInternal,metal,1,555.4853067079144,27.400000000000006,19.0,3.1000000000000005,Schematic internal layout
SW2-0277,GameCardContact1,SW2-0277 · 卡槽触点,TabletInternal,gold,1,0.29687638934211624,0.5499999999999972,6.0,0.08999999999999986,Schematic internal layout
SW2-0278,GameCardContact2,SW2-0278 · 卡槽触点,TabletInternal,gold,1,0.29687638934211624,0.5499999999999972,6.0,0.08999999999999986,Schematic internal layout
SW2-0279,GameCardContact3,SW2-0279 · 卡槽触点,TabletInternal,gold,1,0.29687638934211624,0.5499999999999972,6.0,0.08999999999999986,Schematic internal layout
SW2-0280,GameCardContact4,SW2-0280 · 卡槽触点,TabletInternal,gold,1,0.29687638934211624,0.5499999999999972,6.0,0.08999999999999986,Schematic internal layout
SW2-0281,GameCardContact5,SW2-0281 · 卡槽触点,TabletInternal,gold,1,0.29687638934211624,0.5499999999999972,6.0,0.08999999999999986,Schematic internal layout
SW2-0282,GameCardContact6,SW2-0282 · 卡槽触点,TabletInternal,gold,1,0.2968763893421188,0.5500000000000114,6.0,0.08999999999999986,Schematic internal layout
SW2-0283,GameCardContact7,SW2-0283 · 卡槽触点,TabletInternal,gold,1,0.2968763893421188,0.5500000000000114,6.0,0.08999999999999986,Schematic internal layout
SW2-0284,GameCardContact8,SW2-0284 · 卡槽触点,TabletInternal,gold,1,0.2968763893421188,0.5500000000000114,6.0,0.08999999999999986,Schematic internal layout
SW2-0285,GameCardContact9,SW2-0285 · 卡槽触点,TabletInternal,gold,1,0.2968763893421188,0.5500000000000114,6.0,0.08999999999999986,Schematic internal layout
SW2-0286,GameCardContact10,SW2-0286 · 卡槽触点,TabletInternal,gold,1,0.2968763893421188,0.5500000000000114,6.0,0.08999999999999986,Schematic internal layout
SW2-0287,GameCardContact11,SW2-0287 · 卡槽触点,TabletInternal,gold,1,0.2968763893421188,0.5500000000000114,6.0,0.08999999999999986,Schematic internal layout
SW2-0288,GameCardContact12,SW2-0288 · 卡槽触点,TabletInternal,gold,1,0.2968763893421188,0.5500000000000114,6.0,0.08999999999999986,Schematic internal layout
SW2-0289,GameCardContact13,SW2-0289 · 卡槽触点,TabletInternal,gold,1,0.2968763893421188,0.5500000000000114,6.0,0.08999999999999986,Schematic internal layout
SW2-0290,GameCardContact14,SW2-0290 · 卡槽触点,TabletInternal,gold,1,0.2968763893421188,0.5500000000000114,6.0,0.08999999999999986,Schematic internal layout
SW2-0291,GameCardContact15,SW2-0291 · 卡槽触点,TabletInternal,gold,1,0.2968763893421188,0.5500000000000114,6.0,0.08999999999999986,Schematic internal layout
SW2-0292,GameCardContact16,SW2-0292 · 卡槽触点,TabletInternal,gold,1,0.2968763893421188,0.5500000000000114,6.0,0.08999999999999986,Schematic internal layout
SW2-0293,GameCardContact17,SW2-0293 · 卡槽触点,TabletInternal,gold,1,0.2968763893421188,0.5500000000000114,6.0,0.08999999999999986,Schematic internal layout
SW2-0294,MicrophonePCB,SW2-0294 · 数字麦克风模块小板,TabletInternal,pcb,1,19.41072563597334,5.0,6.0,0.6500000000000004,Schematic internal layout
SW2-0295,MicrophoneCapsule,SW2-0295 · 数字麦克风封装,TabletInternal,metal,1,11.19663621739404,3.5999999999999943,3.5999999999999943,1.1000000000000005,Schematic internal layout
SW2-0296,TopControlFlex,SW2-0296 · 顶部按键与感应器排线,TabletInternal,copper,1,26.901816052303072,68.0,3.3000000000000043,0.11999999999999922,Schematic internal layout
SW2-0297,Passive1,SW2-0297 · 主板阻容芯体,TabletInternal,rubber,1,0.43947422550032345,1.1000000000000014,0.7999999999999972,0.5,Schematic internal layout
SW2-0298,Passive1End-1,SW2-0298 · 器件端帽,TabletInternal,metal,1,0.08390342917352932,0.20000000000000284,0.8400000000000034,0.5,Schematic internal layout
SW2-0299,Passive1End1,SW2-0299 · 器件端帽,TabletInternal,metal,1,0.08390342917352935,0.20000000000000284,0.8400000000000034,0.5,Schematic internal layout
SW2-0300,Passive2,SW2-0300 · 主板阻容芯体,TabletInternal,rubber,1,0.43947422550032345,1.1000000000000014,0.7999999999999972,0.5,Schematic internal layout
SW2-0301,Passive2End-1,SW2-0301 · 器件端帽,TabletInternal,metal,1,0.08390342917352886,0.20000000000000284,0.8400000000000034,0.5,Schematic internal layout
SW2-0302,Passive2End1,SW2-0302 · 器件端帽,TabletInternal,metal,1,0.08390342917352883,0.20000000000000284,0.8400000000000034,0.5,Schematic internal layout
SW2-0303,Passive3,SW2-0303 · 主板阻容芯体,TabletInternal,rubber,1,0.4394742255003232,1.1,0.7999999999999972,0.5,Schematic internal layout
SW2-0304,Passive3End-1,SW2-0304 · 器件端帽,TabletInternal,metal,1,0.08390342917352883,0.1999999999999993,0.8400000000000034,0.5,Schematic internal layout
SW2-0305,Passive3End1,SW2-0305 · 器件端帽,TabletInternal,metal,1,0.08390342917352896,0.20000000000000018,0.8400000000000034,0.5,Schematic internal layout
SW2-0306,Passive4,SW2-0306 · 主板阻容芯体,TabletInternal,rubber,1,0.43947422550032317,1.0999999999999996,0.7999999999999972,0.5,Schematic internal layout
SW2-0307,Passive4End-1,SW2-0307 · 器件端帽,TabletInternal,metal,1,0.08390342917352883,0.1999999999999993,0.8400000000000034,0.5,Schematic internal layout
SW2-0308,Passive4End1,SW2-0308 · 器件端帽,TabletInternal,metal,1,0.08390342917352883,0.1999999999999993,0.8400000000000034,0.5,Schematic internal layout
SW2-0309,Passive5,SW2-0309 · 主板阻容芯体,TabletInternal,rubber,1,0.4394742255003234,1.1000000000000014,0.7999999999999972,0.5,Schematic internal layout
SW2-0310,Passive5End-1,SW2-0310 · 器件端帽,TabletInternal,metal,1,0.08390342917352886,0.20000000000000284,0.8400000000000034,0.5,Schematic internal layout
SW2-0311,Passive5End1,SW2-0311 · 器件端帽,TabletInternal,metal,1,0.08390342917352885,0.20000000000000284,0.8400000000000034,0.5,Schematic internal layout
SW2-0312,Passive6,SW2-0312 · 主板阻容芯体,TabletInternal,rubber,1,0.4394742255003234,1.1000000000000014,0.7999999999999972,0.5,Schematic internal layout
SW2-0313,Passive6End-1,SW2-0313 · 器件端帽,TabletInternal,metal,1,0.0839034291735293,0.20000000000000284,0.8400000000000034,0.5,Schematic internal layout
SW2-0314,Passive6End1,SW2-0314 · 器件端帽,TabletInternal,metal,1,0.08390342917352935,0.20000000000000284,0.8400000000000034,0.5,Schematic internal layout
SW2-0315,Passive7,SW2-0315 · 主板阻容芯体,TabletInternal,rubber,1,0.439474225500323,1.0999999999999979,0.7999999999999972,0.5,Schematic internal layout
SW2-0316,Passive7End-1,SW2-0316 · 器件端帽,TabletInternal,metal,1,0.0839034291735293,0.20000000000000284,0.8400000000000034,0.5,Schematic internal layout
SW2-0317,Passive7End1,SW2-0317 · 器件端帽,TabletInternal,metal,1,0.08390342917352933,0.20000000000000284,0.8400000000000034,0.5,Schematic internal layout
SW2-0318,Passive8,SW2-0318 · 主板阻容芯体,TabletInternal,rubber,1,0.4394742255003226,1.0999999999999943,0.7999999999999972,0.5,Schematic internal layout
SW2-0319,Passive8End-1,SW2-0319 · 器件端帽,TabletInternal,metal,1,0.0839034291735293,0.20000000000000284,0.8400000000000034,0.5,Schematic internal layout
SW2-0320,Passive8End1,SW2-0320 · 器件端帽,TabletInternal,metal,1,0.0839034291735293,0.20000000000000284,0.8400000000000034,0.5,Schematic internal layout
SW2-0321,Passive9,SW2-0321 · 主板阻容芯体,TabletInternal,rubber,1,0.43947422550032256,1.0999999999999943,0.7999999999999972,0.5,Schematic internal layout
SW2-0322,Passive9End-1,SW2-0322 · 器件端帽,TabletInternal,metal,1,0.08390342917352933,0.20000000000000284,0.8400000000000034,0.5,Schematic internal layout
SW2-0323,Passive9End1,SW2-0323 · 器件端帽,TabletInternal,metal,1,0.08390342917352933,0.20000000000000284,0.8400000000000034,0.5,Schematic internal layout
SW2-0324,Passive10,SW2-0324 · 主板阻容芯体,TabletInternal,rubber,1,0.4394742255003226,1.0999999999999943,0.7999999999999972,0.5,Schematic internal layout
SW2-0325,Passive10End-1,SW2-0325 · 器件端帽,TabletInternal,metal,1,0.08390342917352932,0.20000000000000284,0.8400000000000034,0.5,Schematic internal layout
SW2-0326,Passive10End1,SW2-0326 · 器件端帽,TabletInternal,metal,1,0.08390342917352932,0.20000000000000284,0.8400000000000034,0.5,Schematic internal layout
SW2-0327,Passive11,SW2-0327 · 主板阻容芯体,TabletInternal,rubber,1,0.43947422550032256,1.0999999999999943,0.7999999999999972,0.5,Schematic internal layout
SW2-0328,Passive11End-1,SW2-0328 · 器件端帽,TabletInternal,metal,1,0.08390342917352742,0.19999999999998863,0.8400000000000034,0.5,Schematic internal layout
SW2-0329,Passive11End1,SW2-0329 · 器件端帽,TabletInternal,metal,1,0.08390342917352743,0.19999999999998863,0.8400000000000034,0.5,Schematic internal layout
SW2-0330,Passive12,SW2-0330 · 主板阻容芯体,TabletInternal,rubber,1,0.4394742255003225,1.0999999999999943,0.7999999999999972,0.5,Schematic internal layout
SW2-0331,Passive12End-1,SW2-0331 · 器件端帽,TabletInternal,metal,1,0.08390342917352742,0.19999999999998863,0.8400000000000034,0.5,Schematic internal layout
SW2-0332,Passive12End1,SW2-0332 · 器件端帽,TabletInternal,metal,1,0.08390342917352743,0.19999999999998863,0.8400000000000034,0.5,Schematic internal layout
SW2-0333,Passive13,SW2-0333 · 主板阻容芯体,TabletInternal,rubber,1,0.43947422550032317,1.0999999999999943,0.8000000000000007,0.5,Schematic internal layout
SW2-0334,Passive13End-1,SW2-0334 · 器件端帽,TabletInternal,metal,1,0.08390342917352733,0.19999999999998863,0.8399999999999999,0.5,Schematic internal layout
SW2-0335,Passive13End1,SW2-0335 · 器件端帽,TabletInternal,metal,1,0.08390342917352732,0.19999999999998863,0.8399999999999999,0.5,Schematic internal layout
SW2-0336,Passive14,SW2-0336 · 主板阻容芯体,TabletInternal,rubber,1,0.43947422550032295,1.0999999999999943,0.8000000000000003,0.5,Schematic internal layout
SW2-0337,Passive14End-1,SW2-0337 · 器件端帽,TabletInternal,metal,1,0.0839034291735273,0.19999999999998863,0.8399999999999999,0.5,Schematic internal layout
SW2-0338,Passive14End1,SW2-0338 · 器件端帽,TabletInternal,metal,1,0.08390342917352732,0.19999999999998863,0.8399999999999999,0.5,Schematic internal layout
SW2-0339,Passive15,SW2-0339 · 主板阻容芯体,TabletInternal,rubber,1,0.43947422550032317,1.0999999999999943,0.8000000000000007,0.5,Schematic internal layout
SW2-0340,Passive15End-1,SW2-0340 · 器件端帽,TabletInternal,metal,1,0.0839034291735273,0.19999999999998863,0.8399999999999999,0.5,Schematic internal layout
SW2-0341,Passive15End1,SW2-0341 · 器件端帽,TabletInternal,metal,1,0.08390342917352732,0.19999999999998863,0.8399999999999999,0.5,Schematic internal layout
SW2-0342,Passive16,SW2-0342 · 主板阻容芯体,TabletInternal,rubber,1,0.43947422550032317,1.0999999999999943,0.8000000000000007,0.5,Schematic internal layout
SW2-0343,Passive16End-1,SW2-0343 · 器件端帽,TabletInternal,metal,1,0.0839034291735273,0.19999999999998863,0.8399999999999999,0.5,Schematic internal layout
SW2-0344,Passive16End1,SW2-0344 · 器件端帽,TabletInternal,metal,1,0.08390342917352732,0.19999999999998863,0.8399999999999999,0.5,Schematic internal layout
SW2-0345,Passive17,SW2-0345 · 主板阻容芯体,TabletInternal,rubber,1,0.4394742255003225,1.0999999999999943,0.7999999999999972,0.5,Schematic internal layout
SW2-0346,Passive17End-1,SW2-0346 · 器件端帽,TabletInternal,metal,1,0.08390342917352742,0.19999999999998863,0.8400000000000034,0.5,Schematic internal layout
SW2-0347,Passive17End1,SW2-0347 · 器件端帽,TabletInternal,metal,1,0.08390342917352743,0.19999999999998863,0.8400000000000034,0.5,Schematic internal layout
SW2-0348,Passive18,SW2-0348 · 主板阻容芯体,TabletInternal,rubber,1,0.43947422550032345,1.1000000000000014,0.7999999999999972,0.5,Schematic internal layout
SW2-0349,Passive18End-1,SW2-0349 · 器件端帽,TabletInternal,metal,1,0.08390342917352935,0.20000000000000284,0.8400000000000034,0.5,Schematic internal layout
SW2-0350,Passive18End1,SW2-0350 · 器件端帽,TabletInternal,metal,1,0.08390342917352935,0.20000000000000284,0.8400000000000034,0.5,Schematic internal layout
SW2-0351,Passive19,SW2-0351 · 主板阻容芯体,TabletInternal,rubber,1,0.4394742255003235,1.1000000000000014,0.7999999999999972,0.5,Schematic internal layout
SW2-0352,Passive19End-1,SW2-0352 · 器件端帽,TabletInternal,metal,1,0.08390342917352933,0.20000000000000284,0.8400000000000034,0.5,Schematic internal layout
SW2-0353,Passive19End1,SW2-0353 · 器件端帽,TabletInternal,metal,1,0.08390342917352933,0.20000000000000284,0.8400000000000034,0.5,Schematic internal layout
SW2-0354,Passive20,SW2-0354 · 主板阻容芯体,TabletInternal,rubber,1,0.4394742255003235,1.1000000000000014,0.7999999999999972,0.5,Schematic internal layout
SW2-0355,Passive20End-1,SW2-0355 · 器件端帽,TabletInternal,metal,1,0.08390342917352933,0.20000000000000284,0.8400000000000034,0.5,Schematic internal layout
SW2-0356,Passive20End1,SW2-0356 · 器件端帽,TabletInternal,metal,1,0.08390342917352933,0.20000000000000284,0.8400000000000034,0.5,Schematic internal layout
SW2-0357,Passive21,SW2-0357 · 主板阻容芯体,TabletInternal,rubber,1,0.43947422550032345,1.1000000000000014,0.7999999999999972,0.5,Schematic internal layout
SW2-0358,Passive21End-1,SW2-0358 · 器件端帽,TabletInternal,metal,1,0.08390342917352935,0.20000000000000284,0.8400000000000034,0.5,Schematic internal layout
SW2-0359,Passive21End1,SW2-0359 · 器件端帽,TabletInternal,metal,1,0.08390342917352935,0.20000000000000284,0.8400000000000034,0.5,Schematic internal layout
SW2-0360,Passive22,SW2-0360 · 主板阻容芯体,TabletInternal,rubber,1,0.4394742255003241,1.1000000000000014,0.8000000000000007,0.5,Schematic internal layout
SW2-0361,Passive22End-1,SW2-0361 · 器件端帽,TabletInternal,metal,1,0.08390342917352923,0.20000000000000284,0.8399999999999999,0.5,Schematic internal layout
SW2-0362,Passive22End1,SW2-0362 · 器件端帽,TabletInternal,metal,1,0.08390342917352923,0.20000000000000284,0.8399999999999999,0.5,Schematic internal layout
SW2-0363,Passive23,SW2-0363 · 主板阻容芯体,TabletInternal,rubber,1,0.4394742255003239,1.1000000000000014,0.8000000000000007,0.5,Schematic internal layout
SW2-0364,Passive23End-1,SW2-0364 · 器件端帽,TabletInternal,metal,1,0.08390342917352923,0.20000000000000284,0.8399999999999999,0.5,Schematic internal layout
SW2-0365,Passive23End1,SW2-0365 · 器件端帽,TabletInternal,metal,1,0.08390342917352923,0.20000000000000284,0.8399999999999999,0.5,Schematic internal layout
SW2-0366,Passive24,SW2-0366 · 主板阻容芯体,TabletInternal,rubber,1,0.4394742255003239,1.1000000000000014,0.8000000000000007,0.5,Schematic internal layout
SW2-0367,Passive24End-1,SW2-0367 · 器件端帽,TabletInternal,metal,1,0.08390342917352923,0.20000000000000284,0.8399999999999999,0.5,Schematic internal layout
SW2-0368,Passive24End1,SW2-0368 · 器件端帽,TabletInternal,metal,1,0.08390342917352923,0.20000000000000284,0.8399999999999999,0.5,Schematic internal layout
SW2-0369,FanHousing,SW2-0369 · 大尺寸离心风扇外壳,TabletInternal,black,1,1515.7485024420762,42.0,42.0,5.300000000000001,Schematic internal layout
SW2-0370,FanCover,SW2-0370 · 风扇金属盖,TabletInternal,metal,1,224.1337862777101,42.0,42.0,0.3500000000000001,Schematic internal layout
SW2-0371,FanHub,SW2-0371 · 风扇中心电机,TabletInternal,black,1,543.4326972179624,12.399999999999999,12.399999999999999,4.5,Schematic internal layout
SW2-0372,FanBlade1,SW2-0372 · 离心风扇叶片,TabletInternal,rubber,1,13.099850000000009,11.529999999999998,3.0400000000000027,3.7,Schematic internal layout
SW2-0373,FanBlade2,SW2-0373 · 离心风扇叶片,TabletInternal,rubber,1,13.099850000000004,10.92765887517011,4.968195349230111,3.7,Schematic internal layout
SW2-0374,FanBlade3,SW2-0374 · 离心风扇叶片,TabletInternal,rubber,1,13.099849999999986,9.993286365080374,6.745434596802017,3.7,Schematic internal layout
SW2-0375,FanBlade4,SW2-0375 · 离心风扇叶片,TabletInternal,rubber,1,13.099850000000002,8.75527290563458,8.31771722750469,3.700000000000001,Schematic internal layout
SW2-0376,FanBlade5,SW2-0376 · 离心风扇叶片,TabletInternal,rubber,1,13.099849999999995,7.251234909332931,9.637270229217645,3.7,Schematic internal layout
SW2-0377,FanBlade6,SW2-0377 · 离心风扇叶片,TabletInternal,rubber,1,13.09985,5.526871809613109,10.663999651709858,3.7,Schematic internal layout
SW2-0378,FanBlade7,SW2-0378 · 离心风扇叶片,TabletInternal,rubber,1,13.099850000000005,3.6345775066902792,11.366708841029073,3.700000000000001,Schematic internal layout
SW2-0379,FanBlade8,SW2-0379 · 离心风扇叶片,TabletInternal,rubber,1,13.099850000000023,1.6318484054116276,11.729919526017255,3.700000000000002,Schematic internal layout
SW2-0380,FanBlade9,SW2-0380 · 离心风扇叶片,TabletInternal,rubber,1,13.099849999999993,1.019435789084108,11.794139239341106,3.7,Schematic internal layout
SW2-0381,FanBlade10,SW2-0381 · 离心风扇叶片,TabletInternal,rubber,1,13.099849999999991,3.04,11.530000000000001,3.7,Schematic internal layout
SW2-0382,FanBlade11,SW2-0382 · 离心风扇叶片,TabletInternal,rubber,1,13.09984999999999,4.968195349230117,10.927658875170106,3.7,Schematic internal layout
SW2-0383,FanBlade12,SW2-0383 · 离心风扇叶片,TabletInternal,rubber,1,13.09984999999997,6.745434596802007,9.99328636508038,3.7,Schematic internal layout
SW2-0384,FanBlade13,SW2-0384 · 离心风扇叶片,TabletInternal,rubber,1,13.099850000000012,8.317717227504694,8.755272905634584,3.700000000000001,Schematic internal layout
SW2-0385,FanBlade14,SW2-0385 · 离心风扇叶片,TabletInternal,rubber,1,13.099850000000009,9.637270229217645,7.251234909332936,3.7,Schematic internal layout
SW2-0386,FanBlade15,SW2-0386 · 离心风扇叶片,TabletInternal,rubber,1,13.099850000000021,10.66399965170986,5.5268718096131195,3.700000000000001,Schematic internal layout
SW2-0387,FanBlade16,SW2-0387 · 离心风扇叶片,TabletInternal,rubber,1,13.099850000000016,11.366708841029071,3.6345775066902775,3.700000000000001,Schematic internal layout
SW2-0388,FanBlade17,SW2-0388 · 离心风扇叶片,TabletInternal,rubber,1,13.099850000000007,11.729919526017252,1.6318484054116311,3.7,Schematic internal layout
SW2-0389,FanBlade18,SW2-0389 · 离心风扇叶片,TabletInternal,rubber,1,13.099850000000002,11.794139239341105,1.0194357890841204,3.7,Schematic internal layout
SW2-0390,FanBlade19,SW2-0390 · 离心风扇叶片,TabletInternal,rubber,1,13.099850000000009,11.530000000000001,3.0400000000000027,3.7,Schematic internal layout
SW2-0391,FanBlade20,SW2-0391 · 离心风扇叶片,TabletInternal,rubber,1,13.099850000000004,10.92765887517011,4.968195349230111,3.7,Schematic internal layout
SW2-0392,FanBlade21,SW2-0392 · 离心风扇叶片,TabletInternal,rubber,1,13.099850000000028,9.993286365080383,6.745434596802022,3.700000000000002,Schematic internal layout
SW2-0393,FanBlade22,SW2-0393 · 离心风扇叶片,TabletInternal,rubber,1,13.099850000000007,8.75527290563458,8.317717227504694,3.700000000000001,Schematic internal layout
SW2-0394,FanBlade23,SW2-0394 · 离心风扇叶片,TabletInternal,rubber,1,13.099849999999995,7.251234909332931,9.637270229217647,3.7,Schematic internal layout
SW2-0395,FanBlade24,SW2-0395 · 离心风扇叶片,TabletInternal,rubber,1,13.099850000000009,5.5268718096131195,10.66399965170986,3.700000000000001,Schematic internal layout
SW2-0396,FanBlade25,SW2-0396 · 离心风扇叶片,TabletInternal,rubber,1,13.09985,3.6345775066902934,11.366708841029062,3.7,Schematic internal layout
SW2-0397,FanBlade26,SW2-0397 · 离心风扇叶片,TabletInternal,rubber,1,13.09985000000001,1.6318484054116151,11.729919526017255,3.700000000000001,Schematic internal layout
SW2-0398,FanBlade27,SW2-0398 · 离心风扇叶片,TabletInternal,rubber,1,13.099849999999996,1.019435789084108,11.794139239341106,3.7,Schematic internal layout
SW2-0399,FanBlade28,SW2-0399 · 离心风扇叶片,TabletInternal,rubber,1,13.099849999999995,3.039999999999999,11.529999999999998,3.7,Schematic internal layout
SW2-0400,FanBlade29,SW2-0400 · 离心风扇叶片,TabletInternal,rubber,1,13.09985,4.968195349230106,10.927658875170112,3.7,Schematic internal layout
SW2-0401,FanBlade30,SW2-0401 · 离心风扇叶片,TabletInternal,rubber,1,13.099850000000025,6.745434596802019,9.993286365080383,3.700000000000002,Schematic internal layout
SW2-0402,FanBlade31,SW2-0402 · 离心风扇叶片,TabletInternal,rubber,1,13.099850000000002,8.317717227504694,8.75527290563458,3.700000000000001,Schematic internal layout
SW2-0403,FanBlade32,SW2-0403 · 离心风扇叶片,TabletInternal,rubber,1,13.099849999999986,9.637270229217643,7.251234909332929,3.7,Schematic internal layout
SW2-0404,FanBlade33,SW2-0404 · 离心风扇叶片,TabletInternal,rubber,1,13.099850000000005,10.663999651709862,5.5268718096131195,3.700000000000001,Schematic internal layout
SW2-0405,FanBlade34,SW2-0405 · 离心风扇叶片,TabletInternal,rubber,1,13.099849999999986,11.366708841029062,3.634577506690288,3.7,Schematic internal layout
SW2-0406,FanBlade35,SW2-0406 · 离心风扇叶片,TabletInternal,rubber,1,13.099850000000007,11.729919526017254,1.6318484054116311,3.7,Schematic internal layout
SW2-0407,FanBlade36,SW2-0407 · 离心风扇叶片,TabletInternal,rubber,1,13.099850000000002,11.794139239341105,1.0194357890841204,3.7,Schematic internal layout
SW2-0408,FanGrommet0,SW2-0408 · 风扇减振胶套,TabletInternal,rubber,1,19.787321328635315,3.5,3.5,2.6000000000000005,Schematic internal layout
SW2-0409,FanPin0,SW2-0409 · 风扇固定销,TabletInternal,metal,1,5.211525221187036,1.4399999999999995,1.4399999999999977,3.2,Schematic internal layout
SW2-0410,FanGrommet1,SW2-0410 · 风扇减振胶套,TabletInternal,rubber,1,19.78732132863531,3.5,3.5,2.6000000000000005,Schematic internal layout
SW2-0411,FanPin1,SW2-0411 · 风扇固定销,TabletInternal,metal,1,5.2115252211870375,1.4399999999999977,1.4399999999999977,3.2,Schematic internal layout
SW2-0412,FanGrommet2,SW2-0412 · 风扇减振胶套,TabletInternal,rubber,1,19.78732132863532,3.5,3.5,2.6000000000000005,Schematic internal layout
SW2-0413,FanPin2,SW2-0413 · 风扇固定销,TabletInternal,metal,1,5.211525221187036,1.4399999999999995,1.4399999999999997,3.2,Schematic internal layout
SW2-0414,SoCThermalPad,SW2-0414 · 导热垫,TabletInternal,thermal,1,371.346169813744,26.0,26.0,0.5499999999999998,Schematic internal layout
SW2-0415,ThermalFilm,SW2-0415 · 导热界面层,TabletInternal,thermal,1,33.77253096491483,26.0,26.0,0.04999999999999982,Schematic internal layout
SW2-0416,HeatSpreader,SW2-0416 · 铜质导热底座,TabletInternal,copper,1,792.0548667764617,32.0,31.0,0.7999999999999998,Schematic internal layout
SW2-0417,CopperHeatPipe,SW2-0417 · Switch 2 宽扁铜热管,TabletInternal,copper,1,896.0325416282933,46.25787592642497,71.22189590569495,1.0499999999999998,Schematic internal layout
SW2-0418,CoolingFin1,SW2-0418 · 散热鳍片,TabletInternal,metal,1,8.329999999999998,0.25,6.799999999999997,4.9,Schematic internal layout
SW2-0419,CoolingFin2,SW2-0419 · 散热鳍片,TabletInternal,metal,1,8.329999999999998,0.25,6.799999999999997,4.9,Schematic internal layout
SW2-0420,CoolingFin3,SW2-0420 · 散热鳍片,TabletInternal,metal,1,8.329999999999998,0.25,6.799999999999997,4.9,Schematic internal layout
SW2-0421,CoolingFin4,SW2-0421 · 散热鳍片,TabletInternal,metal,1,8.329999999999998,0.25,6.799999999999997,4.9,Schematic internal layout
SW2-0422,CoolingFin5,SW2-0422 · 散热鳍片,TabletInternal,metal,1,8.33,0.25,6.799999999999997,4.9,Schematic internal layout
SW2-0423,CoolingFin6,SW2-0423 · 散热鳍片,TabletInternal,metal,1,8.329999999999998,0.25,6.799999999999997,4.9,Schematic internal layout
SW2-0424,CoolingFin7,SW2-0424 · 散热鳍片,TabletInternal,metal,1,8.329999999999998,0.25,6.799999999999997,4.9,Schematic internal layout
SW2-0425,CoolingFin8,SW2-0425 · 散热鳍片,TabletInternal,metal,1,8.33,0.25,6.799999999999997,4.9,Schematic internal layout
SW2-0426,CoolingFin9,SW2-0426 · 散热鳍片,TabletInternal,metal,1,8.33,0.25,6.799999999999997,4.9,Schematic internal layout
SW2-0427,CoolingFin10,SW2-0427 · 散热鳍片,TabletInternal,metal,1,8.33,0.25,6.799999999999997,4.9,Schematic internal layout
SW2-0428,CoolingFin11,SW2-0428 · 散热鳍片,TabletInternal,metal,1,8.329999999999998,0.25,6.799999999999997,4.9,Schematic internal layout
SW2-0429,CoolingFin12,SW2-0429 · 散热鳍片,TabletInternal,metal,1,8.329999999999998,0.25,6.799999999999997,4.9,Schematic internal layout
SW2-0430,CoolingFin13,SW2-0430 · 散热鳍片,TabletInternal,metal,1,8.329999999999998,0.25,6.799999999999997,4.9,Schematic internal layout
SW2-0431,CoolingFin14,SW2-0431 · 散热鳍片,TabletInternal,metal,1,8.329999999999998,0.25,6.799999999999997,4.9,Schematic internal layout
SW2-0432,CoolingFin15,SW2-0432 · 散热鳍片,TabletInternal,metal,1,8.329999999999998,0.25,6.799999999999997,4.9,Schematic internal layout
SW2-0433,CoolingFin16,SW2-0433 · 散热鳍片,TabletInternal,metal,1,8.329999999999998,0.25,6.799999999999997,4.9,Schematic internal layout
SW2-0434,CoolingFin17,SW2-0434 · 散热鳍片,TabletInternal,metal,1,8.329999999999998,0.25,6.799999999999997,4.9,Schematic internal layout
SW2-0435,CoolingFin18,SW2-0435 · 散热鳍片,TabletInternal,metal,1,8.33,0.25,6.799999999999997,4.9,Schematic internal layout
SW2-0436,CoolingFin19,SW2-0436 · 散热鳍片,TabletInternal,metal,1,8.329999999999998,0.25,6.799999999999997,4.9,Schematic internal layout
SW2-0437,CoolingFin20,SW2-0437 · 散热鳍片,TabletInternal,metal,1,8.329999999999998,0.2499999999999999,6.799999999999997,4.9,Schematic internal layout
SW2-0438,CoolingFin21,SW2-0438 · 散热鳍片,TabletInternal,metal,1,8.329999999999998,0.25,6.799999999999997,4.9,Schematic internal layout
SW2-0439,CoolingFin22,SW2-0439 · 散热鳍片,TabletInternal,metal,1,8.329999999999998,0.25,6.799999999999997,4.9,Schematic internal layout
SW2-0440,CoolingFin23,SW2-0440 · 散热鳍片,TabletInternal,metal,1,8.329999999999998,0.25,6.799999999999997,4.9,Schematic internal layout
SW2-0441,CoolingFin24,SW2-0441 · 散热鳍片,TabletInternal,metal,1,8.329999999999998,0.25,6.799999999999997,4.9,Schematic internal layout
SW2-0442,CoolingFin25,SW2-0442 · 散热鳍片,TabletInternal,metal,1,7.086152298718717,0.25000000000000355,6.799999999999997,4.9,Schematic internal layout
SW2-0443,CoolingFin26,SW2-0443 · 散热鳍片,TabletInternal,metal,1,6.797799097894269,0.2500000000000018,6.799999999999997,4.9,Schematic internal layout
SW2-0444,CoolingFin27,SW2-0444 · 散热鳍片,TabletInternal,metal,1,6.645732802173501,0.25,6.799999999999997,4.9,Schematic internal layout
SW2-0445,CoolingFin28,SW2-0445 · 散热鳍片,TabletInternal,metal,1,6.575452821929115,0.25,6.799999999999997,4.9,Schematic internal layout
SW2-0446,CoolingFin29,SW2-0446 · 散热鳍片,TabletInternal,metal,1,6.57216442263147,0.25,6.799999999999997,4.9,Schematic internal layout
SW2-0447,CoolingFin30,SW2-0447 · 散热鳍片,TabletInternal,metal,1,6.630009202978899,0.2500000000000018,6.799999999999997,4.9,Schematic internal layout
SW2-0448,CoolingFin31,SW2-0448 · 散热鳍片,TabletInternal,metal,1,6.7014675363122205,0.2500000000000071,6.799999999999997,4.9,Schematic internal layout
SW2-0449,CoolingFin32,SW2-0449 · 散热鳍片,TabletInternal,metal,1,6.772925869645562,0.25000000000000355,6.799999999999997,4.9,Schematic internal layout
SW2-0450,CoolingFin33,SW2-0450 · 散热鳍片,TabletInternal,metal,1,6.844384202978889,0.2500000000000071,6.799999999999997,4.9,Schematic internal layout
SW2-0451,CoolingFin34,SW2-0451 · 散热鳍片,TabletInternal,metal,1,6.915842536312225,0.2500000000000071,6.799999999999997,4.9,Schematic internal layout
SW2-0452,CoolingFin35,SW2-0452 · 散热鳍片,TabletInternal,metal,1,6.987300869645555,0.2500000000000071,6.799999999999997,4.9,Schematic internal layout
SW2-0453,CoolingFin36,SW2-0453 · 散热鳍片,TabletInternal,metal,1,7.058759202978895,0.25000000000000355,6.799999999999997,4.9,Schematic internal layout
SW2-0454,CoolingFin37,SW2-0454 · 散热鳍片,TabletInternal,metal,1,7.130217536312222,0.2500000000000071,6.799999999999997,4.9,Schematic internal layout
SW2-0455,CoolingFin38,SW2-0455 · 散热鳍片,TabletInternal,metal,1,7.20167586964556,0.25000000000000355,6.799999999999997,4.9,Schematic internal layout
SW2-0456,CoolingFin39,SW2-0456 · 散热鳍片,TabletInternal,metal,1,7.27313420297889,0.25000000000000355,6.799999999999997,4.9,Schematic internal layout
SW2-0457,CoolingFin40,SW2-0457 · 散热鳍片,TabletInternal,metal,1,7.3445925363122235,0.2500000000000071,6.799999999999997,4.9,Schematic internal layout
SW2-0458,CoolingFin41,SW2-0458 · 散热鳍片,TabletInternal,metal,1,7.416050869645556,0.25000000000000355,6.799999999999997,4.9,Schematic internal layout
SW2-0459,CoolingFin42,SW2-0459 · 散热鳍片,TabletInternal,metal,1,7.48750920297889,0.2500000000000071,6.799999999999997,4.9,Schematic internal layout
SW2-0460,CoolingFin43,SW2-0460 · 散热鳍片,TabletInternal,metal,1,7.558967536312223,0.25000000000000355,6.799999999999997,4.9,Schematic internal layout
SW2-0461,CoolingFin44,SW2-0461 · 散热鳍片,TabletInternal,metal,1,7.630425869645556,0.2500000000000071,6.799999999999997,4.9,Schematic internal layout
SW2-0462,SpeakerLHousing,SW2-0462 · 立体声扬声器腔体,TabletInternal,black,1,636.6759626540468,23.0,11.0,5.6,Schematic internal layout
SW2-0463,SpeakerLMagnet,SW2-0463 · 扬声器磁体,TabletInternal,metal,1,235.81252855336652,15.0,5.799999999999997,2.799999999999999,Schematic internal layout
SW2-0464,SpeakerLDiaphragm,SW2-0464 · 扬声器振膜,TabletInternal,rubber,1,16.0274954084936,20.19999999999999,8.200000000000003,0.09999999999999964,Schematic internal layout
SW2-0465,SpeakerLLowerDuct,SW2-0465 · 扬声器水平导音道,TabletInternal,black,1,28.491330042712054,22.0,5.5,0.9000000000000004,Schematic internal layout
SW2-0466,SpeakerLMouthDuct,SW2-0466 · 扬声器前面板导音槽,TabletInternal,black,1,72.98778503643113,17.0,2.5999999999999943,3.0999999999999996,Schematic internal layout
SW2-0467,SpeakerRHousing,SW2-0467 · 立体声扬声器腔体,TabletInternal,black,1,636.6759626540468,23.0,11.0,5.6,Schematic internal layout
SW2-0468,SpeakerRMagnet,SW2-0468 · 扬声器磁体,TabletInternal,metal,1,235.81252855336652,15.0,5.799999999999997,2.799999999999999,Schematic internal layout
SW2-0469,SpeakerRDiaphragm,SW2-0469 · 扬声器振膜,TabletInternal,rubber,1,16.0274954084936,20.19999999999999,8.200000000000003,0.09999999999999964,Schematic internal layout
SW2-0470,SpeakerRLowerDuct,SW2-0470 · 扬声器水平导音道,TabletInternal,black,1,28.491330042712057,22.0,5.5,0.9000000000000004,Schematic internal layout
SW2-0471,SpeakerRMouthDuct,SW2-0471 · 扬声器前面板导音槽,TabletInternal,black,1,72.9877850364311,17.0,2.5999999999999943,3.0999999999999996,Schematic internal layout
SW2-0472,RearEMIShield,SW2-0472 · 后部金属屏蔽散热板,TabletInternal,metal,1,5503.053621642864,190.0,108.0,0.3000000000000138,Schematic internal layout
SW2-0473,BoardPost1,SW2-0473 · 主板支承柱,TabletInternal,metal,1,32.624308734174704,3.200000000000003,3.200000000000003,5.6,Schematic internal layout
SW2-0474,BoardScrew1,SW2-0474 · 十字槽紧固螺钉,TabletInternal,black,1,13.238448512975596,2.8999999999999986,2.9000000000000057,7.160000000000001,Approximate exterior detail; published envelope dimensions
SW2-0475,BoardPost2,SW2-0475 · 主板支承柱,TabletInternal,metal,1,32.624308734174704,3.200000000000003,3.200000000000003,5.6,Schematic internal layout
SW2-0476,BoardScrew2,SW2-0476 · 十字槽紧固螺钉,TabletInternal,black,1,13.238448512975596,2.8999999999999986,2.9000000000000057,7.160000000000001,Approximate exterior detail; published envelope dimensions
SW2-0477,BoardPost3,SW2-0477 · 主板支承柱,TabletInternal,metal,1,32.6243087341747,3.1999999999999886,3.200000000000003,5.6,Schematic internal layout
SW2-0478,BoardScrew3,SW2-0478 · 十字槽紧固螺钉,TabletInternal,black,1,13.238448512975593,2.9000000000000057,2.9000000000000057,7.160000000000001,Approximate exterior detail; published envelope dimensions
SW2-0479,BoardPost4,SW2-0479 · 主板支承柱,TabletInternal,metal,1,32.6243087341747,3.1999999999999886,3.200000000000003,5.6,Schematic internal layout
SW2-0480,BoardScrew4,SW2-0480 · 十字槽紧固螺钉,TabletInternal,black,1,13.238448512975593,2.9000000000000057,2.9000000000000057,7.160000000000001,Approximate exterior detail; published envelope dimensions
SW2-0481,DisplayFlex,SW2-0481 · LCD 宽排线,TabletInternal,copper,1,38.61424777960761,23.0,14.0,0.11999999999999922,Schematic internal layout
SW2-0482,BatterySocket,SW2-0482 · 电池插接座,TabletInternal,white,1,49.01705359943651,7.000000100000001,4.000000200000002,1.800000200000147,Schematic internal layout
SW2-0483,BatteryLead0,SW2-0483 · 电池连接导线,TabletInternal,blue,1,3.377840421139749,10.5,0.6400000000000006,0.6400000000000006,Schematic internal layout
SW2-0484,BatteryLead1,SW2-0484 · 电池连接导线,TabletInternal,blue,1,3.377840421139748,10.5,0.6400000000000006,0.6400000000000006,Schematic internal layout
SW2-0485,BatteryLead2,SW2-0485 · 电池连接导线,TabletInternal,black,1,3.377840421139749,10.5,0.6400000000000006,0.6400000000000006,Schematic internal layout
SW2-0486,BatteryLead3,SW2-0486 · 电池连接导线,TabletInternal,black,1,3.377840421139749,10.5,0.6400000000000006,0.6400000000000006,Schematic internal layout
SW2-0487,AntennaLeft,SW2-0487 · 左侧天线板,TabletInternal,pcb,1,31.838194671058424,5.5,29.0,0.1999999999999993,Schematic internal layout
SW2-0488,AntennaRight,SW2-0488 · 右侧天线板,TabletInternal,pcb,1,54.31093800988152,5.5,22.0,0.4499999999999993,Schematic internal layout
SW2-0489,JoyLPCB,SW2-0489 · Joy-Con 2 主板,JoyInternalL,pcb,1,1900.9402240641166,29.0,100.0,0.8000000000000007,Schematic internal layout
SW2-0490,JoyLBattery,SW2-0490 · 500 mAh 手柄电池,JoyInternalL,battery,1,4472.680775790374,22.39999999999999,46.0,4.35,Schematic internal layout
SW2-0491,JoyLBatteryMark,SW2-0491 · 500 mAh,JoyInternalL,white,6,0.09184736102315216,12.346023689932878,2.197047179865772,0.012000199999999999,Approximate exterior detail; published envelope dimensions
SW2-0492,JoyLBatteryNote,SW2-0492 · LAYOUT STUDY,JoyInternalL,white,11,0.052855794629394416,12.392860738255038,1.266845837583892,0.012000199999999999,Approximate exterior detail; published envelope dimensions
SW2-0493,JoyLBatteryCradle,SW2-0493 · 手柄电池托架,JoyInternalL,black,1,186.50123859659502,24.80000000000001,49.0,0.5000000000000009,Schematic internal layout
SW2-0494,JoyLGimbalHousing,SW2-0494 · 加大摇杆塑料框架,JoyInternalL,blue,1,300.09749664151127,18.0,18.0,4.4,Schematic internal layout
SW2-0495,JoyLGimbalRing,SW2-0495 · 摇杆内转环,JoyInternalL,black,1,46.22853589757382,12.400000000000006,12.400000000000002,0.9000000000000004,Schematic internal layout
SW2-0496,JoyLGimbalX,SW2-0496 · 摇杆横轴,JoyInternalL,metal,1,13.114578532410587,13.799999999999997,1.1000000000000014,1.0999999999999996,Schematic internal layout
SW2-0497,JoyLGimbalY0,SW2-0497 · 摇杆纵向半轴,JoyInternalL,metal,1,5.7970238440365724,1.0999999999999943,6.100000000000001,1.0999999999999996,Schematic internal layout
SW2-0498,JoyLGimbalY1,SW2-0498 · 摇杆纵向半轴,JoyInternalL,metal,1,5.797023844036572,1.0999999999999943,6.099999999999998,1.0999999999999996,Schematic internal layout
SW2-0499,JoyLPot0,SW2-0499 · 位置电位器示意,JoyInternalL,rubber,1,38.1896902001295,2.0,9.600000000000005,2.0,Schematic internal layout
SW2-0500,JoyLPot1,SW2-0500 · 位置电位器示意,JoyInternalL,rubber,1,38.18969020012949,9.599999999999994,2.0,2.0,Schematic internal layout
SW2-0501,JoyLButtonPad0,SW2-0501 · 面按键金接点,JoyInternalL,gold,1,1.477805184248642,5.599999999999994,5.6000000000000005,0.0600000000000005,Schematic internal layout
SW2-0502,JoyLButtonDome0,SW2-0502 · 按键金属弹片,JoyInternalL,metal,1,2.54887046203209,4.232446101251611,4.232446101251618,0.33999999999999986,Schematic internal layout
SW2-0503,JoyLButtonPad1,SW2-0503 · 面按键金接点,JoyInternalL,gold,1,1.477805184248643,5.599999999999994,5.6,0.0600000000000005,Schematic internal layout
SW2-0504,JoyLButtonDome1,SW2-0504 · 按键金属弹片,JoyInternalL,metal,1,2.54887046203209,4.232446101251611,4.232446101251619,0.33999999999999986,Schematic internal layout
SW2-0505,JoyLButtonPad2,SW2-0505 · 面按键金接点,JoyInternalL,gold,1,1.477805184248642,5.599999999999994,5.600000000000001,0.0600000000000005,Schematic internal layout
SW2-0506,JoyLButtonDome2,SW2-0506 · 按键金属弹片,JoyInternalL,metal,1,2.54887046203209,4.232446101251611,4.232446101251618,0.33999999999999986,Schematic internal layout
SW2-0507,JoyLButtonPad3,SW2-0507 · 面按键金接点,JoyInternalL,gold,1,1.477805184248642,5.6000000000000085,5.6,0.0600000000000005,Schematic internal layout
SW2-0508,JoyLButtonDome3,SW2-0508 · 按键金属弹片,JoyInternalL,metal,1,2.548870462032089,4.232446101251625,4.232446101251619,0.33999999999999986,Schematic internal layout
SW2-0509,JoyLWirelessIC,SW2-0509 · 手柄无线控制封装,JoyInternalL,black,1,39.84903206380688,6.0,7.0,0.9499999999999993,Schematic internal layout
SW2-0510,JoyLPassive0,SW2-0510 · 手柄阻容器件,JoyInternalL,rubber,1,0.7386952564803098,1.0999999999999943,1.3999999999999986,0.4800000000000004,Schematic internal layout
SW2-0511,JoyLPassive1,SW2-0511 · 手柄阻容器件,JoyInternalL,rubber,1,0.7386952564803096,1.0999999999999943,1.3999999999999986,0.4800000000000004,Schematic internal layout
SW2-0512,JoyLPassive2,SW2-0512 · 手柄阻容器件,JoyInternalL,rubber,1,0.7386952564803098,1.0999999999999943,1.3999999999999986,0.4800000000000004,Schematic internal layout
SW2-0513,JoyLPassive3,SW2-0513 · 手柄阻容器件,JoyInternalL,rubber,1,0.7386952564803096,1.0999999999999943,1.3999999999999986,0.4800000000000004,Schematic internal layout
SW2-0514,JoyLPassive4,SW2-0514 · 手柄阻容器件,JoyInternalL,rubber,1,0.7386952564803096,1.0999999999999943,1.3999999999999986,0.4800000000000004,Schematic internal layout
SW2-0515,JoyLPassive5,SW2-0515 · 手柄阻容器件,JoyInternalL,rubber,1,0.7386952564803102,1.0999999999999943,1.4000000000000021,0.4800000000000004,Schematic internal layout
SW2-0516,JoyLPassive6,SW2-0516 · 手柄阻容器件,JoyInternalL,rubber,1,0.7386952564803102,1.0999999999999943,1.4000000000000021,0.4800000000000004,Schematic internal layout
SW2-0517,JoyLPassive7,SW2-0517 · 手柄阻容器件,JoyInternalL,rubber,1,0.7386952564803102,1.0999999999999943,1.4000000000000021,0.4800000000000004,Schematic internal layout
SW2-0518,JoyLPassive8,SW2-0518 · 手柄阻容器件,JoyInternalL,rubber,1,0.7386952564803102,1.0999999999999943,1.4000000000000021,0.4800000000000004,Schematic internal layout
SW2-0519,JoyLPassive9,SW2-0519 · 手柄阻容器件,JoyInternalL,rubber,1,0.7386952564803102,1.0999999999999943,1.4000000000000021,0.4800000000000004,Schematic internal layout
SW2-0520,JoyLHapticCase,SW2-0520 · HD Rumble 2 金属壳,JoyInternalL,metal,1,265.9273307257344,18.00000000000003,15.000000000000036,5.0,Schematic internal layout
SW2-0521,JoyLHapticLid,SW2-0521 · 振动单元盖板,JoyInternalL,metal,1,80.7914070148223,18.0,15.0,0.2999999999999998,Schematic internal layout
SW2-0522,JoyLHapticMass,SW2-0522 · 振动配重,JoyInternalL,rubber,1,213.467028510904,12.800000000000011,5.400000000000006,3.0999999999999996,Schematic internal layout
SW2-0523,JoyLHapticCoil,SW2-0523 · 连续铜绕组示意,JoyInternalL,copper,1,6.643051069375127,12.199677890295035,3.000006603359118,3.0000102745077974,Schematic internal layout
SW2-0524,JoyLHapticSpring0,SW2-0524 · 振动悬置簧片,JoyInternalL,metal,1,6.11883256600896,0.15000000000000568,12.000000000000014,3.4,Schematic internal layout
SW2-0525,JoyLHapticSpring1,SW2-0525 · 振动悬置簧片,JoyInternalL,metal,1,6.11883256600896,0.15000000000000568,12.000000000000014,3.4,Schematic internal layout
SW2-0526,JoyLMousePCB,SW2-0526 · 光学鼠标感应小板,JoyInternalL,pcb,1,16.290725635973466,0.6500000000000057,6.0,4.200000000000002,Schematic internal layout
SW2-0527,JoyLMouseSensor,SW2-0527 · 鼠标光电传感器,JoyInternalL,black,1,14.932329610071157,1.0999999999999943,3.8000000000000007,3.6000000000000014,Schematic internal layout
SW2-0528,JoyLMouseLens,SW2-0528 · 鼠标光学透镜,JoyInternalL,screen,1,5.401183169684249,1.2999999999999972,2.3000000000000007,2.3000000000000007,Schematic internal layout
SW2-0529,JoyLReleaseLever,SW2-0529 · 磁吸分离传力杆,JoyInternalL,black,1,59.44105518575579,3.200000000000017,17.0,1.1,Schematic internal layout
SW2-0530,JoyLSpineFlex,SW2-0530 · 连接脊与主板软排线,JoyInternalL,copper,1,16.18351857894889,3.0,45.0,0.11999999999999922,Schematic internal layout
SW2-0531,JoyLHapticFlex,SW2-0531 · 振动单元软排线,JoyInternalL,copper,1,3.5965663706143554,4.5,8.0,0.09999999999999964,Schematic internal layout
SW2-0532,JoyLRearBoss0,SW2-0532 · 手柄后壳螺钉柱,JoyInternalL,shell,1,11.396190182750049,2.6999999999999886,2.700000000000003,3.2,Schematic internal layout
SW2-0533,JoyLRearBoss1,SW2-0533 · 手柄后壳螺钉柱,JoyInternalL,shell,1,11.396190182750049,2.6999999999999886,2.700000000000003,3.2,Schematic internal layout
SW2-0534,JoyRPCB,SW2-0534 · Joy-Con 2 主板,JoyInternalR,pcb,1,1900.9402240641168,29.0,100.0,0.8000000000000007,Schematic internal layout
SW2-0535,JoyRBattery,SW2-0535 · 500 mAh 手柄电池,JoyInternalR,battery,1,4472.680775790374,22.39999999999999,46.0,4.35,Schematic internal layout
SW2-0536,JoyRBatteryMark,SW2-0536 · 500 mAh,JoyInternalR,white,6,0.09184736102315219,12.346023689932878,2.197047179865772,0.012000199999999999,Approximate exterior detail; published envelope dimensions
SW2-0537,JoyRBatteryNote,SW2-0537 · LAYOUT STUDY,JoyInternalR,white,11,0.0528557946293944,12.392860738255038,1.266845837583892,0.012000199999999999,Approximate exterior detail; published envelope dimensions
SW2-0538,JoyRBatteryCradle,SW2-0538 · 手柄电池托架,JoyInternalR,black,1,186.50123859659502,24.80000000000001,49.0,0.5000000000000009,Schematic internal layout
SW2-0539,JoyRGimbalHousing,SW2-0539 · 加大摇杆塑料框架,JoyInternalR,orange,1,300.09749664151104,18.0,18.0,4.4,Schematic internal layout
SW2-0540,JoyRGimbalRing,SW2-0540 · 摇杆内转环,JoyInternalR,black,1,46.2285358975738,12.400000000000006,12.4,0.9000000000000004,Schematic internal layout
SW2-0541,JoyRGimbalX,SW2-0541 · 摇杆横轴,JoyInternalR,metal,1,13.114578532410594,13.799999999999997,1.1,1.0999999999999996,Schematic internal layout
SW2-0542,JoyRGimbalY0,SW2-0542 · 摇杆纵向半轴,JoyInternalR,metal,1,5.7970238440365724,1.0999999999999943,6.1,1.0999999999999996,Schematic internal layout
SW2-0543,JoyRGimbalY1,SW2-0543 · 摇杆纵向半轴,JoyInternalR,metal,1,5.7970238440365724,1.0999999999999943,6.1,1.0999999999999996,Schematic internal layout
SW2-0544,JoyRPot0,SW2-0544 · 位置电位器示意,JoyInternalR,rubber,1,38.1896902001295,2.0,9.6,2.0,Schematic internal layout
SW2-0545,JoyRPot1,SW2-0545 · 位置电位器示意,JoyInternalR,rubber,1,38.18969020012949,9.599999999999994,2.0,2.0,Schematic internal layout
SW2-0546,JoyRButtonPad0,SW2-0546 · 面按键金接点,JoyInternalR,gold,1,1.477805184248642,5.599999999999994,5.599999999999994,0.0600000000000005,Schematic internal layout
SW2-0547,JoyRButtonDome0,SW2-0547 · 按键金属弹片,JoyInternalR,metal,1,2.54887046203209,4.232446101251611,4.232446101251625,0.33999999999999986,Schematic internal layout
SW2-0548,JoyRButtonPad1,SW2-0548 · 面按键金接点,JoyInternalR,gold,1,1.477805184248642,5.6000000000000085,5.600000000000001,0.0600000000000005,Schematic internal layout
SW2-0549,JoyRButtonDome1,SW2-0549 · 按键金属弹片,JoyInternalR,metal,1,2.548870462032135,4.232446101251625,4.232446101251618,0.34000000000000163,Schematic internal layout
SW2-0550,JoyRButtonPad2,SW2-0550 · 面按键金接点,JoyInternalR,gold,1,1.477805184248642,5.599999999999994,5.600000000000001,0.0600000000000005,Schematic internal layout
SW2-0551,JoyRButtonDome2,SW2-0551 · 按键金属弹片,JoyInternalR,metal,1,2.54887046203209,4.232446101251611,4.232446101251618,0.33999999999999986,Schematic internal layout
SW2-0552,JoyRButtonPad3,SW2-0552 · 面按键金接点,JoyInternalR,gold,1,1.4778051842486426,5.599999999999994,5.600000000000001,0.0600000000000005,Schematic internal layout
SW2-0553,JoyRButtonDome3,SW2-0553 · 按键金属弹片,JoyInternalR,metal,1,2.54887046203209,4.232446101251611,4.232446101251618,0.33999999999999986,Schematic internal layout
SW2-0554,JoyRWirelessIC,SW2-0554 · 手柄无线控制封装,JoyInternalR,black,1,39.84903206380688,6.0,7.0,0.9499999999999993,Schematic internal layout
SW2-0555,JoyRPassive0,SW2-0555 · 手柄阻容器件,JoyInternalR,rubber,1,0.7386952564803096,1.0999999999999943,1.3999999999999986,0.4800000000000004,Schematic internal layout
SW2-0556,JoyRPassive1,SW2-0556 · 手柄阻容器件,JoyInternalR,rubber,1,0.7386952564803095,1.0999999999999943,1.3999999999999986,0.4800000000000004,Schematic internal layout
SW2-0557,JoyRPassive2,SW2-0557 · 手柄阻容器件,JoyInternalR,rubber,1,0.7386952564803096,1.0999999999999943,1.3999999999999986,0.4800000000000004,Schematic internal layout
SW2-0558,JoyRPassive3,SW2-0558 · 手柄阻容器件,JoyInternalR,rubber,1,0.7386952564803096,1.0999999999999943,1.3999999999999986,0.4800000000000004,Schematic internal layout
SW2-0559,JoyRPassive4,SW2-0559 · 手柄阻容器件,JoyInternalR,rubber,1,0.7386952564803096,1.0999999999999943,1.3999999999999986,0.4800000000000004,Schematic internal layout
SW2-0560,JoyRPassive5,SW2-0560 · 手柄阻容器件,JoyInternalR,rubber,1,0.7386952564803102,1.0999999999999943,1.4000000000000021,0.4800000000000004,Schematic internal layout
SW2-0561,JoyRPassive6,SW2-0561 · 手柄阻容器件,JoyInternalR,rubber,1,0.7386952564803101,1.0999999999999943,1.4000000000000021,0.4800000000000004,Schematic internal layout
SW2-0562,JoyRPassive7,SW2-0562 · 手柄阻容器件,JoyInternalR,rubber,1,0.7386952564803102,1.0999999999999943,1.4000000000000021,0.4800000000000004,Schematic internal layout
SW2-0563,JoyRPassive8,SW2-0563 · 手柄阻容器件,JoyInternalR,rubber,1,0.7386952564803102,1.0999999999999943,1.4000000000000021,0.4800000000000004,Schematic internal layout
SW2-0564,JoyRPassive9,SW2-0564 · 手柄阻容器件,JoyInternalR,rubber,1,0.7386952564803102,1.0999999999999943,1.4000000000000021,0.4800000000000004,Schematic internal layout
SW2-0565,JoyRHapticCase,SW2-0565 · HD Rumble 2 金属壳,JoyInternalR,metal,1,265.9273307257339,18.0,15.0,5.0,Schematic internal layout
SW2-0566,JoyRHapticLid,SW2-0566 · 振动单元盖板,JoyInternalR,metal,1,80.7914070148223,18.0,15.0,0.2999999999999998,Schematic internal layout
SW2-0567,JoyRHapticMass,SW2-0567 · 振动配重,JoyInternalR,rubber,1,213.467028510904,12.800000000000011,5.400000000000006,3.0999999999999996,Schematic internal layout
SW2-0568,JoyRHapticCoil,SW2-0568 · 连续铜绕组示意,JoyInternalR,copper,1,6.643051069375127,12.199677890295035,3.000006603359118,3.0000102745077974,Schematic internal layout
SW2-0569,JoyRHapticSpring0,SW2-0569 · 振动悬置簧片,JoyInternalR,metal,1,6.11883256600896,0.15000000000000568,12.000000000000014,3.4,Schematic internal layout
SW2-0570,JoyRHapticSpring1,SW2-0570 · 振动悬置簧片,JoyInternalR,metal,1,6.11883256600896,0.15000000000000568,12.000000000000014,3.4,Schematic internal layout
SW2-0571,JoyRMousePCB,SW2-0571 · 光学鼠标感应小板,JoyInternalR,pcb,1,16.290725635973388,0.6500000000000057,6.0,4.2,Schematic internal layout
SW2-0572,JoyRMouseSensor,SW2-0572 · 鼠标光电传感器,JoyInternalR,black,1,14.932329610071198,1.0999999999999943,3.8000000000000007,3.6000000000000014,Schematic internal layout
SW2-0573,JoyRMouseLens,SW2-0573 · 鼠标光学透镜,JoyInternalR,screen,1,5.401183169684248,1.2999999999999972,2.3000000000000007,2.3000000000000007,Schematic internal layout
SW2-0574,JoyRReleaseLever,SW2-0574 · 磁吸分离传力杆,JoyInternalR,black,1,59.44105518575579,3.200000000000017,17.0,1.1,Schematic internal layout
SW2-0575,JoyRSpineFlex,SW2-0575 · 连接脊与主板软排线,JoyInternalR,copper,1,16.183518578948892,3.0,45.0,0.11999999999999922,Schematic internal layout
SW2-0576,JoyRHapticFlex,SW2-0576 · 振动单元软排线,JoyInternalR,copper,1,3.5965663706143554,4.5,8.0,0.09999999999999964,Schematic internal layout
SW2-0577,JoyRRearBoss0,SW2-0577 · 手柄后壳螺钉柱,JoyInternalR,shell,1,11.396190182750049,2.6999999999999886,2.700000000000003,3.2,Schematic internal layout
SW2-0578,JoyRRearBoss1,SW2-0578 · 手柄后壳螺钉柱,JoyInternalR,shell,1,11.396190182750049,2.6999999999999886,2.700000000000003,3.2,Schematic internal layout
SW2-0579,JoyRNFCAntenna,SW2-0579 · 右 Joy-Con 2 NFC 天线示意,JoyInternalR,copper,1,3.0954865964835885,18.240507754132736,17.941006543355627,0.1400002000000118,Schematic internal layout
SW2-0580,DockBase,SW2-0580 · 底座下部通风基座,Dock,shell,1,51064.72846208319,201.0,19.0,45.900000000000006,Approximate exterior detail; published envelope dimensions
SW2-0581,DockTower,SW2-0581 · 底座后部电子舱壳,Dock,shell,1,52112.87012150511,201.0,94.0,24.7,Approximate exterior detail; published envelope dimensions
SW2-0582,DockFront,SW2-0582 · 底座前面板,Dock,shell,1,43078.42774574482,201.0000002,91.00000019999999,5.600000100000003,Approximate exterior detail; published envelope dimensions
SW2-0583,DockBackCover,SW2-0583 · 可拆底座后盖,Dock,shell,1,21568.383371915184,200.4,112.39999999999998,5.100000000000001,Approximate exterior detail; published envelope dimensions
SW2-0584,DockFoot-1,SW2-0584 · 2 mm 底座防滑脚,Dock,rubber,1,2013.855592949526,26.0,2.0,39.0,Approximate exterior detail; published envelope dimensions
SW2-0585,DockRearGuide-1,SW2-0585 · 主机后导向软垫,Dock,rubber,1,288.32079632679483,7.5,77.0,0.5,Approximate exterior detail; published envelope dimensions
SW2-0586,DockFrontGuideCore-1,SW2-0586 · 前导向支承肋,Dock,shell,1,1821.2530964914874,7.5,76.0,3.1999999999999993,Approximate exterior detail; published envelope dimensions
SW2-0587,DockFrontGuide-1,SW2-0587 · 主机前导向软垫,Dock,rubber,1,284.5707963267949,7.5,76.0,0.5,Approximate exterior detail; published envelope dimensions
SW2-0588,DockFoot1,SW2-0588 · 2 mm 底座防滑脚,Dock,rubber,1,2013.855592949526,26.0,2.0,39.0,Approximate exterior detail; published envelope dimensions
SW2-0589,DockRearGuide1,SW2-0589 · 主机后导向软垫,Dock,rubber,1,288.32079632679483,7.5,77.0,0.5,Approximate exterior detail; published envelope dimensions
SW2-0590,DockFrontGuideCore1,SW2-0590 · 前导向支承肋,Dock,shell,1,1821.2530964914874,7.5,76.0,3.1999999999999993,Approximate exterior detail; published envelope dimensions
SW2-0591,DockFrontGuide1,SW2-0591 · 主机前导向软垫,Dock,rubber,1,284.5707963267949,7.5,76.0,0.5,Approximate exterior detail; published envelope dimensions
SW2-0592,DockSideUSB1,SW2-0592 · USB-A 插座金属壳,DockInternal,metal,1,196.40389342116873,12.0,13.400000000000034,5.800000000000001,Schematic internal layout
SW2-0593,DockUSBTongue1,SW2-0593 · USB-A 舌片,DockInternal,black,1,159.12617251235199,9.0,11.800000000000011,1.5,Schematic internal layout
SW2-0594,DockUSB1Contact0,SW2-0594 · USB-A 触点,DockInternal,gold,1,0.48759645943005187,7.0,0.7000000000000455,0.10000000000000142,Schematic internal layout
SW2-0595,DockUSB1Contact1,SW2-0595 · USB-A 触点,DockInternal,gold,1,0.48759645943005187,7.0,0.7000000000000455,0.10000000000000142,Schematic internal layout
SW2-0596,DockUSB1Contact2,SW2-0596 · USB-A 触点,DockInternal,gold,1,0.48759645943005187,7.0,0.7000000000000455,0.10000000000000142,Schematic internal layout
SW2-0597,DockUSB1Contact3,SW2-0597 · USB-A 触点,DockInternal,gold,1,0.48759645943005187,7.0,0.7000000000000455,0.10000000000000142,Schematic internal layout
SW2-0598,DockSideUSB2,SW2-0598 · USB-A 插座金属壳,DockInternal,metal,1,196.40389342116885,12.0,13.400000000000034,5.800000000000001,Schematic internal layout
SW2-0599,DockUSBTongue2,SW2-0599 · USB-A 舌片,DockInternal,black,1,159.12617251235193,9.0,11.800000000000011,1.5,Schematic internal layout
SW2-0600,DockUSB2Contact0,SW2-0600 · USB-A 触点,DockInternal,gold,1,0.48759645943005187,7.0,0.7000000000000455,0.10000000000000142,Schematic internal layout
SW2-0601,DockUSB2Contact1,SW2-0601 · USB-A 触点,DockInternal,gold,1,0.48759645943005187,7.0,0.7000000000000455,0.10000000000000142,Schematic internal layout
SW2-0602,DockUSB2Contact2,SW2-0602 · USB-A 触点,DockInternal,gold,1,0.48759645943005187,7.0,0.7000000000000455,0.10000000000000142,Schematic internal layout
SW2-0603,DockUSB2Contact3,SW2-0603 · USB-A 触点,DockInternal,gold,1,0.48759645943005187,7.0,0.7000000000000455,0.10000000000000142,Schematic internal layout
SW2-0604,DockACSocket,SW2-0604 · AC 接口壳,DockInternal,metal,1,89.49521842190838,8.799999999999997,3.1999999999999886,11.0,Schematic internal layout
SW2-0605,DockLabelAC,SW2-0605 · AC,DockInternal,black,2,0.04021299742058418,4.365142717449665,2.5336914751677853,0.012000200000002792,Approximate exterior detail; published envelope dimensions
SW2-0606,DockHDMISocket,SW2-0606 · HDMI 接口壳,DockInternal,metal,1,180.0637157897853,14.200000000000003,5.699999999999989,12.0,Schematic internal layout
SW2-0607,HDMITongue,SW2-0607 · HDMI 绝缘舌片,DockInternal,black,1,122.4453096491491,11.800000000000011,1.3000000000000114,8.0,Schematic internal layout
SW2-0608,HDMIContact0,SW2-0608 · HDMI 金触点,DockInternal,gold,1,0.11884115008233925,0.25,0.07999999999998408,6.0,Schematic internal layout
SW2-0609,HDMIContact1,SW2-0609 · HDMI 金触点,DockInternal,gold,1,0.11884115008233925,0.25,0.07999999999998408,6.0,Schematic internal layout
SW2-0610,HDMIContact2,SW2-0610 · HDMI 金触点,DockInternal,gold,1,0.11884115008233925,0.25,0.07999999999998408,6.0,Schematic internal layout
SW2-0611,HDMIContact3,SW2-0611 · HDMI 金触点,DockInternal,gold,1,0.11884115008233927,0.25,0.07999999999998408,6.0,Schematic internal layout
SW2-0612,HDMIContact4,SW2-0612 · HDMI 金触点,DockInternal,gold,1,0.11884115008233925,0.25,0.07999999999998408,6.0,Schematic internal layout
SW2-0613,HDMIContact5,SW2-0613 · HDMI 金触点,DockInternal,gold,1,0.11884115008233925,0.25,0.07999999999998408,6.0,Schematic internal layout
SW2-0614,HDMIContact6,SW2-0614 · HDMI 金触点,DockInternal,gold,1,0.11884115008233925,0.25,0.07999999999998408,6.0,Schematic internal layout
SW2-0615,HDMIContact7,SW2-0615 · HDMI 金触点,DockInternal,gold,1,0.11884115008233925,0.25,0.07999999999998408,6.0,Schematic internal layout
SW2-0616,HDMIContact8,SW2-0616 · HDMI 金触点,DockInternal,gold,1,0.11884115008233925,0.25,0.07999999999998408,6.0,Schematic internal layout
SW2-0617,HDMIContact9,SW2-0617 · HDMI 金触点,DockInternal,gold,1,0.11884115008233927,0.25,0.07999999999998408,6.0,Schematic internal layout
SW2-0618,HDMIContact10,SW2-0618 · HDMI 金触点,DockInternal,gold,1,0.11884115008233925,0.25,0.07999999999998408,6.0,Schematic internal layout
SW2-0619,HDMIContact11,SW2-0619 · HDMI 金触点,DockInternal,gold,1,0.11884115008233923,0.25,0.07999999999998408,6.0,Schematic internal layout
SW2-0620,HDMIContact12,SW2-0620 · HDMI 金触点,DockInternal,gold,1,0.11884115008233925,0.25,0.07999999999998408,6.0,Schematic internal layout
SW2-0621,HDMIContact13,SW2-0621 · HDMI 金触点,DockInternal,gold,1,0.11884115008233925,0.25,0.07999999999998408,6.0,Schematic internal layout
SW2-0622,HDMIContact14,SW2-0622 · HDMI 金触点,DockInternal,gold,1,0.11884115008233924,0.25,0.07999999999998408,6.0,Schematic internal layout
SW2-0623,HDMIContact15,SW2-0623 · HDMI 金触点,DockInternal,gold,1,0.11884115008233925,0.25,0.07999999999998408,6.0,Schematic internal layout
SW2-0624,HDMIContact16,SW2-0624 · HDMI 金触点,DockInternal,gold,1,0.11884115008233923,0.25,0.07999999999998408,6.0,Schematic internal layout
SW2-0625,HDMIContact17,SW2-0625 · HDMI 金触点,DockInternal,gold,1,0.11884115008233925,0.25,0.07999999999998408,6.0,Schematic internal layout
SW2-0626,HDMIContact18,SW2-0626 · HDMI 金触点,DockInternal,gold,1,0.11884115008233924,0.25,0.07999999999998408,6.0,Schematic internal layout
SW2-0627,DockLabelHDMI,SW2-0627 · HDMI,DockInternal,black,4,0.09048351994279663,8.322399328859063,2.4429532201342283,0.012000200000002792,Approximate exterior detail; published envelope dimensions
SW2-0628,DockLANSocket,SW2-0628 · LAN 接口壳,DockInternal,metal,1,322.07433508808316,16.400000000000006,13.5,14.0,Schematic internal layout
SW2-0629,LANContact0,SW2-0629 · LAN 弹片触点,DockInternal,gold,1,0.4292530964914672,0.35999999999999943,0.1500000000000341,8.0,Schematic internal layout
SW2-0630,LANContact1,SW2-0630 · LAN 弹片触点,DockInternal,gold,1,0.42925309649146715,0.35999999999999943,0.1500000000000341,8.0,Schematic internal layout
SW2-0631,LANContact2,SW2-0631 · LAN 弹片触点,DockInternal,gold,1,0.42925309649146715,0.35999999999999943,0.1500000000000341,8.0,Schematic internal layout
SW2-0632,LANContact3,SW2-0632 · LAN 弹片触点,DockInternal,gold,1,0.4292530964914672,0.35999999999999943,0.1500000000000341,8.0,Schematic internal layout
SW2-0633,LANContact4,SW2-0633 · LAN 弹片触点,DockInternal,gold,1,0.4292530964914672,0.35999999999999943,0.1500000000000341,8.0,Schematic internal layout
SW2-0634,LANContact5,SW2-0634 · LAN 弹片触点,DockInternal,gold,1,0.4292530964914672,0.35999999999999943,0.1500000000000341,8.0,Schematic internal layout
SW2-0635,LANContact6,SW2-0635 · LAN 弹片触点,DockInternal,gold,1,0.42925309649146715,0.35999999999999943,0.1500000000000341,8.0,Schematic internal layout
SW2-0636,LANContact7,SW2-0636 · LAN 弹片触点,DockInternal,gold,1,0.4292530964914672,0.35999999999999943,0.1500000000000341,8.0,Schematic internal layout
SW2-0637,DockLabelLAN,SW2-0637 · LAN,DockInternal,black,3,0.06306586096910159,6.078372483221479,2.44295302013424,0.012000000000000455,Approximate exterior detail; published envelope dimensions
SW2-0638,DockLED,SW2-0638 · 底座 TV 输出灯,Dock,led,1,2.292831853071809,4.200000000000017,1.1000000000000227,0.5,Approximate exterior detail; published envelope dimensions
SW2-0639,DockLogo,SW2-0639 · Nintendo Switch 官方轮廓标识,Dock,black,20,15.410956262134917,49.0000002,43.775077977176295,0.01800020000000302,Approximate exterior detail; published envelope dimensions
SW2-0640,DockPCB,SW2-0640 · 底座接口主板,DockInternal,pcb,1,10822.93805208364,148.0,77.0,0.95,Schematic internal layout
SW2-0641,DockUSBController,SW2-0641 · USBController 封装,DockInternal,black,1,293.84226765009714,14.0,14.0,1.5,Schematic internal layout
SW2-0642,DockVideoBridge,SW2-0642 · VideoBridge 封装,DockInternal,black,1,383.8422676500971,16.0,16.0,1.5,Schematic internal layout
SW2-0643,DockPowerController,SW2-0643 · PowerController 封装,DockInternal,black,1,179.84226765009714,10.0,12.0,1.5,Schematic internal layout
SW2-0644,DockLANController,SW2-0644 · LANController 封装,DockInternal,black,1,164.84226765009714,10.0,11.0,1.5,Schematic internal layout
SW2-0645,DockFanDriver,SW2-0645 · FanDriver 封装,DockInternal,black,1,95.84226765009713,8.0,8.0,1.5,Schematic internal layout
SW2-0646,DockPassive1,SW2-0646 · 底座阻容芯体,DockInternal,rubber,1,1.1856393797973594,1.1999999999999886,0.9000000000000341,1.1,Schematic internal layout
SW2-0647,DockPassive1End-1,SW2-0647 · 器件端帽,DockInternal,metal,1,0.2086223007675751,0.19999999999998863,0.9500000000000455,1.1,Schematic internal layout
SW2-0648,DockPassive1End1,SW2-0648 · 器件端帽,DockInternal,metal,1,0.2086223007675751,0.19999999999998863,0.9500000000000455,1.1,Schematic internal layout
SW2-0649,DockPassive2,SW2-0649 · 底座阻容芯体,DockInternal,rubber,1,1.1856393797973592,1.1999999999999886,0.9000000000000341,1.1,Schematic internal layout
SW2-0650,DockPassive2End-1,SW2-0650 · 器件端帽,DockInternal,metal,1,0.2086223007675751,0.19999999999998863,0.9500000000000455,1.1,Schematic internal layout
SW2-0651,DockPassive2End1,SW2-0651 · 器件端帽,DockInternal,metal,1,0.2086223007675751,0.19999999999998863,0.9500000000000455,1.1,Schematic internal layout
SW2-0652,DockPassive3,SW2-0652 · 底座阻容芯体,DockInternal,rubber,1,1.1856393797973637,1.2000000000000028,0.9000000000000341,1.1,Schematic internal layout
SW2-0653,DockPassive3End-1,SW2-0653 · 器件端帽,DockInternal,metal,1,0.20862230076757982,0.20000000000000284,0.9500000000000455,1.1,Schematic internal layout
SW2-0654,DockPassive3End1,SW2-0654 · 器件端帽,DockInternal,metal,1,0.20862230076757982,0.20000000000000284,0.9500000000000455,1.1,Schematic internal layout
SW2-0655,DockPassive4,SW2-0655 · 底座阻容芯体,DockInternal,rubber,1,1.1856393797973637,1.2000000000000028,0.9000000000000341,1.1,Schematic internal layout
SW2-0656,DockPassive4End-1,SW2-0656 · 器件端帽,DockInternal,metal,1,0.20862230076757982,0.20000000000000284,0.9500000000000455,1.1,Schematic internal layout
SW2-0657,DockPassive4End1,SW2-0657 · 器件端帽,DockInternal,metal,1,0.20862230076757982,0.20000000000000284,0.9500000000000455,1.1,Schematic internal layout
SW2-0658,DockPassive5,SW2-0658 · 底座阻容芯体,DockInternal,rubber,1,1.1856393797973637,1.2000000000000028,0.9000000000000341,1.1,Schematic internal layout
SW2-0659,DockPassive5End-1,SW2-0659 · 器件端帽,DockInternal,metal,1,0.20862230076757984,0.20000000000000284,0.9500000000000455,1.1,Schematic internal layout
SW2-0660,DockPassive5End1,SW2-0660 · 器件端帽,DockInternal,metal,1,0.20862230076757982,0.20000000000000284,0.9500000000000455,1.1,Schematic internal layout
SW2-0661,DockPassive6,SW2-0661 · 底座阻容芯体,DockInternal,rubber,1,1.1856393797973634,1.2000000000000028,0.9000000000000341,1.1,Schematic internal layout
SW2-0662,DockPassive6End-1,SW2-0662 · 器件端帽,DockInternal,metal,1,0.20862230076757984,0.20000000000000284,0.9500000000000455,1.1,Schematic internal layout
SW2-0663,DockPassive6End1,SW2-0663 · 器件端帽,DockInternal,metal,1,0.20862230076757982,0.20000000000000284,0.9500000000000455,1.1,Schematic internal layout
SW2-0664,DockPassive7,SW2-0664 · 底座阻容芯体,DockInternal,rubber,1,1.1856393797973626,1.1999999999999993,0.9000000000000341,1.1,Schematic internal layout
SW2-0665,DockPassive7End-1,SW2-0665 · 器件端帽,DockInternal,metal,1,0.20862230076757865,0.1999999999999993,0.9500000000000455,1.1,Schematic internal layout
SW2-0666,DockPassive7End1,SW2-0666 · 器件端帽,DockInternal,metal,1,0.20862230076757862,0.1999999999999993,0.9500000000000455,1.1,Schematic internal layout
SW2-0667,DockPassive8,SW2-0667 · 底座阻容芯体,DockInternal,rubber,1,1.1856393797973626,1.1999999999999993,0.9000000000000341,1.1,Schematic internal layout
SW2-0668,DockPassive8End-1,SW2-0668 · 器件端帽,DockInternal,metal,1,0.20862230076757865,0.1999999999999993,0.9500000000000455,1.1,Schematic internal layout
SW2-0669,DockPassive8End1,SW2-0669 · 器件端帽,DockInternal,metal,1,0.20862230076757862,0.1999999999999993,0.9500000000000455,1.1,Schematic internal layout
SW2-0670,DockPassive9,SW2-0670 · 底座阻容芯体,DockInternal,rubber,1,1.1856393797973626,1.2000000000000028,0.9000000000000341,1.1,Schematic internal layout
SW2-0671,DockPassive9End-1,SW2-0671 · 器件端帽,DockInternal,metal,1,0.20862230076757865,0.1999999999999993,0.9500000000000455,1.1,Schematic internal layout
SW2-0672,DockPassive9End1,SW2-0672 · 器件端帽,DockInternal,metal,1,0.2086223007675786,0.1999999999999993,0.9500000000000455,1.1,Schematic internal layout
SW2-0673,DockPassive10,SW2-0673 · 底座阻容芯体,DockInternal,rubber,1,1.1856393797973626,1.2000000000000028,0.9000000000000341,1.1,Schematic internal layout
SW2-0674,DockPassive10End-1,SW2-0674 · 器件端帽,DockInternal,metal,1,0.20862230076757865,0.1999999999999993,0.9500000000000455,1.1,Schematic internal layout
SW2-0675,DockPassive10End1,SW2-0675 · 器件端帽,DockInternal,metal,1,0.2086223007675786,0.1999999999999993,0.9500000000000455,1.1,Schematic internal layout
SW2-0676,DockPassive11,SW2-0676 · 底座阻容芯体,DockInternal,rubber,1,1.185639379797364,1.2000000000000028,0.9000000000000341,1.1,Schematic internal layout
SW2-0677,DockPassive11End-1,SW2-0677 · 器件端帽,DockInternal,metal,1,0.20862230076757987,0.20000000000000284,0.9500000000000455,1.1,Schematic internal layout
SW2-0678,DockPassive11End1,SW2-0678 · 器件端帽,DockInternal,metal,1,0.20862230076757987,0.20000000000000284,0.9500000000000455,1.1,Schematic internal layout
SW2-0679,DockPassive12,SW2-0679 · 底座阻容芯体,DockInternal,rubber,1,1.1856393797973637,1.2000000000000028,0.9000000000000341,1.1,Schematic internal layout
SW2-0680,DockPassive12End-1,SW2-0680 · 器件端帽,DockInternal,metal,1,0.20862230076757987,0.20000000000000284,0.9500000000000455,1.1,Schematic internal layout
SW2-0681,DockPassive12End1,SW2-0681 · 器件端帽,DockInternal,metal,1,0.20862230076757987,0.20000000000000284,0.9500000000000455,1.1,Schematic internal layout
SW2-0682,DockPassive13,SW2-0682 · 底座阻容芯体,DockInternal,rubber,1,1.1856393797973637,1.2000000000000028,0.9000000000000341,1.1,Schematic internal layout
SW2-0683,DockPassive13End-1,SW2-0683 · 器件端帽,DockInternal,metal,1,0.2086223007675798,0.20000000000000284,0.9500000000000455,1.1,Schematic internal layout
SW2-0684,DockPassive13End1,SW2-0684 · 器件端帽,DockInternal,metal,1,0.20862230076757982,0.20000000000000284,0.9500000000000455,1.1,Schematic internal layout
SW2-0685,DockPassive14,SW2-0685 · 底座阻容芯体,DockInternal,rubber,1,1.1856393797973637,1.2000000000000028,0.9000000000000341,1.1,Schematic internal layout
SW2-0686,DockPassive14End-1,SW2-0686 · 器件端帽,DockInternal,metal,1,0.2086223007675798,0.20000000000000284,0.9500000000000455,1.1,Schematic internal layout
SW2-0687,DockPassive14End1,SW2-0687 · 器件端帽,DockInternal,metal,1,0.20862230076757982,0.20000000000000284,0.9500000000000455,1.1,Schematic internal layout
SW2-0688,DockFanHousing,SW2-0688 · 底座主动散热风扇壳,DockInternal,black,1,1187.9555628431376,34.0,34.0,6.200000000000001,Schematic internal layout
SW2-0689,DockFanCover,SW2-0689 · 底座风扇金属盖,DockInternal,metal,1,129.78861729775514,34.0,34.0,0.3000000000000007,Schematic internal layout
SW2-0690,DockFanHub,SW2-0690 · 底座风扇轮毂,DockInternal,black,1,318.0862561759667,9.0,9.0,5.0,Schematic internal layout
SW2-0691,DockFanBlade0,SW2-0691 · 底座风扇叶片,DockInternal,rubber,1,11.031300000000055,9.420000000000009,2.700000000000017,4.199999999999999,Schematic internal layout
SW2-0692,DockFanBlade1,SW2-0692 · 底座风扇叶片,DockInternal,rubber,1,11.031300000000105,8.53738395577055,5.015016850433938,4.199999999999999,Schematic internal layout
SW2-0693,DockFanBlade2,SW2-0693 · 底座风扇叶片,DockInternal,rubber,1,11.031299999999966,7.072959303649419,6.988268590217984,4.200000000000001,Schematic internal layout
SW2-0694,DockFanBlade3,SW2-0694 · 底座风扇叶片,DockInternal,rubber,1,11.03129999999996,5.126524163602468,8.485281374238582,4.199999999999999,Schematic internal layout
SW2-0695,DockFanBlade4,SW2-0695 · 底座风扇叶片,DockInternal,rubber,1,11.03130000000001,2.830724873787773,9.404036255195308,4.200000000000001,Schematic internal layout
SW2-0696,DockFanBlade5,SW2-0696 · 底座风扇叶片,DockInternal,rubber,1,11.031299999999998,0.34201636181847306,9.700868475363308,4.199999999999999,Schematic internal layout
SW2-0697,DockFanBlade6,SW2-0697 · 底座风扇叶片,DockInternal,rubber,1,11.031300000000009,2.700000000000003,9.420000000000016,4.199999999999999,Schematic internal layout
SW2-0698,DockFanBlade7,SW2-0698 · 底座风扇叶片,DockInternal,rubber,1,11.031299999999987,5.015016850433938,8.537383955770565,4.199999999999999,Schematic internal layout
SW2-0699,DockFanBlade8,SW2-0699 · 底座风扇叶片,DockInternal,rubber,1,11.03130000000007,6.988268590217984,7.072959303649412,4.200000000000001,Schematic internal layout
SW2-0700,DockFanBlade9,SW2-0700 · 底座风扇叶片,DockInternal,rubber,1,11.031299999999975,8.485281374238564,5.1265241636024825,4.199999999999999,Schematic internal layout
SW2-0701,DockFanBlade10,SW2-0701 · 底座风扇叶片,DockInternal,rubber,1,11.031299999999968,9.40403625519528,2.830724873787773,4.200000000000001,Schematic internal layout
SW2-0702,DockFanBlade11,SW2-0702 · 底座风扇叶片,DockInternal,rubber,1,11.031299999999957,9.700868475363293,0.34201636181845174,4.199999999999999,Schematic internal layout
SW2-0703,DockFanBlade12,SW2-0703 · 底座风扇叶片,DockInternal,rubber,1,11.031300000000053,9.419999999999998,2.700000000000017,4.199999999999999,Schematic internal layout
SW2-0704,DockFanBlade13,SW2-0704 · 底座风扇叶片,DockInternal,rubber,1,11.031300000000128,8.537383955770558,5.015016850433938,4.200000000000003,Schematic internal layout
SW2-0705,DockFanBlade14,SW2-0705 · 底座风扇叶片,DockInternal,rubber,1,11.03129999999997,7.072959303649419,6.988268590217984,4.200000000000001,Schematic internal layout
SW2-0706,DockFanBlade15,SW2-0706 · 底座风扇叶片,DockInternal,rubber,1,11.03130000000003,5.126524163602479,8.485281374238582,4.199999999999999,Schematic internal layout
SW2-0707,DockFanBlade16,SW2-0707 · 底座风扇叶片,DockInternal,rubber,1,11.031299999999986,2.830724873787787,9.404036255195308,4.199999999999999,Schematic internal layout
SW2-0708,DockFanBlade17,SW2-0708 · 底座风扇叶片,DockInternal,rubber,1,11.031299999999998,0.34201636181847306,9.700868475363308,4.199999999999999,Schematic internal layout
SW2-0709,DockFanBlade18,SW2-0709 · 底座风扇叶片,DockInternal,rubber,1,11.031300000000009,2.700000000000003,9.420000000000016,4.199999999999999,Schematic internal layout
SW2-0710,DockFanBlade19,SW2-0710 · 底座风扇叶片,DockInternal,rubber,1,11.031300000000025,5.015016850433923,8.537383955770565,4.199999999999999,Schematic internal layout
SW2-0711,DockFanBlade20,SW2-0711 · 底座风扇叶片,DockInternal,rubber,1,11.03130000000007,6.988268590217984,7.072959303649412,4.200000000000001,Schematic internal layout
SW2-0712,DockFanBlade21,SW2-0712 · 底座风扇叶片,DockInternal,rubber,1,11.031299999999971,8.485281374238568,5.1265241636024825,4.199999999999999,Schematic internal layout
SW2-0713,DockFanBlade22,SW2-0713 · 底座风扇叶片,DockInternal,rubber,1,11.031299999999947,9.404036255195273,2.830724873787773,4.199999999999999,Schematic internal layout
SW2-0714,DockFanBlade23,SW2-0714 · 底座风扇叶片,DockInternal,rubber,1,11.031299999999955,9.700868475363293,0.34201636181845174,4.199999999999999,Schematic internal layout
SW2-0715,DockExhaustDuct,SW2-0715 · 底座后部排风风道,DockInternal,black,1,1427.9406776950827,24.0,39.0,3.6999999999999993,Schematic internal layout
SW2-0716,DockFloatingCarriage,SW2-0716 · 弹簧浮动插头托架,DockInternal,black,1,1796.263245567171,36.800000000000004,4.5,13.0,Schematic internal layout
SW2-0717,DockSpringPlatform,SW2-0717 · 插接机构固定座,DockInternal,metal,1,997.9559730070321,39.0,2.0,13.0,Schematic internal layout
SW2-0718,DockSpring1,SW2-0718 · 插头浮动压缩弹簧,DockInternal,metal,1,1.656351116074607,1.900006801163876,4.457633246198924,1.9000049476275125,Schematic internal layout
SW2-0719,DockSpringRod1,SW2-0719 · 浮动导杆,DockInternal,metal,1,1.9792033717615691,0.6000000000000014,7.0,0.6000000000000014,Schematic internal layout
SW2-0720,DockSpring2,SW2-0720 · 插头浮动压缩弹簧,DockInternal,metal,1,1.656351116074607,1.900006801163876,4.457633246198924,1.9000049476275125,Schematic internal layout
SW2-0721,DockSpringRod2,SW2-0721 · 浮动导杆,DockInternal,metal,1,1.9792033717615691,0.6000000000000014,7.0,0.6000000000000014,Schematic internal layout
SW2-0722,DockSpring3,SW2-0722 · 插头浮动压缩弹簧,DockInternal,metal,1,1.656351116074607,1.900006801163876,4.457633246198924,1.9000049476275152,Schematic internal layout
SW2-0723,DockSpringRod3,SW2-0723 · 浮动导杆,DockInternal,metal,1,1.9792033717615687,0.6000000000000014,7.0,0.6000000000000014,Schematic internal layout
SW2-0724,DockSpring4,SW2-0724 · 插头浮动压缩弹簧,DockInternal,metal,1,1.656351116074607,1.900006801163876,4.457633246198924,1.9000049476275152,Schematic internal layout
SW2-0725,DockSpringRod4,SW2-0725 · 浮动导杆,DockInternal,metal,1,1.9792033717615687,0.6000000000000014,7.0,0.6000000000000014,Schematic internal layout
SW2-0726,DockUSBCPlug,SW2-0726 · 底座 USB-C 插头金属壳,DockInternal,metal,1,41.337417008978875,8.2,5.099999999999994,2.5,Schematic internal layout
SW2-0727,DockPlugInsulator,SW2-0727 · USB-C 环形绝缘芯,DockInternal,black,1,24.520024330588054,7.2,4.599999999999994,1.5,Schematic internal layout
SW2-0728,DockPlugContact-1_0,SW2-0728 · USB-C 插头触点,DockInternal,gold,1,0.02926331837999602,0.22000000000000064,3.4000000000000057,0.0400000000000027,Schematic internal layout
SW2-0729,DockPlugContact-1_1,SW2-0729 · USB-C 插头触点,DockInternal,gold,1,0.029263318379996024,0.22000000000000064,3.4000000000000057,0.0400000000000027,Schematic internal layout
SW2-0730,DockPlugContact-1_2,SW2-0730 · USB-C 插头触点,DockInternal,gold,1,0.02926331837999603,0.2200000000000002,3.4000000000000057,0.0400000000000027,Schematic internal layout
SW2-0731,DockPlugContact-1_3,SW2-0731 · USB-C 插头触点,DockInternal,gold,1,0.02926331837999603,0.2200000000000002,3.4000000000000057,0.0400000000000027,Schematic internal layout
SW2-0732,DockPlugContact-1_4,SW2-0732 · USB-C 插头触点,DockInternal,gold,1,0.029263318379996024,0.21999999999999997,3.4000000000000057,0.0400000000000027,Schematic internal layout
SW2-0733,DockPlugContact-1_5,SW2-0733 · USB-C 插头触点,DockInternal,gold,1,0.029263318379996024,0.21999999999999997,3.4000000000000057,0.0400000000000027,Schematic internal layout
SW2-0734,DockPlugContact-1_6,SW2-0734 · USB-C 插头触点,DockInternal,gold,1,0.029263318379996028,0.21999999999999997,3.4000000000000057,0.0400000000000027,Schematic internal layout
SW2-0735,DockPlugContact-1_7,SW2-0735 · USB-C 插头触点,DockInternal,gold,1,0.02926331837999603,0.21999999999999997,3.4000000000000057,0.0400000000000027,Schematic internal layout
SW2-0736,DockPlugContact-1_8,SW2-0736 · USB-C 插头触点,DockInternal,gold,1,0.02926331837999603,0.2200000000000002,3.4000000000000057,0.0400000000000027,Schematic internal layout
SW2-0737,DockPlugContact-1_9,SW2-0737 · USB-C 插头触点,DockInternal,gold,1,0.02926331837999603,0.2200000000000002,3.4000000000000057,0.0400000000000027,Schematic internal layout
SW2-0738,DockPlugContact-1_10,SW2-0738 · USB-C 插头触点,DockInternal,gold,1,0.029263318379996024,0.22000000000000064,3.4000000000000057,0.0400000000000027,Schematic internal layout
SW2-0739,DockPlugContact-1_11,SW2-0739 · USB-C 插头触点,DockInternal,gold,1,0.02926331837999602,0.22000000000000064,3.4000000000000057,0.0400000000000027,Schematic internal layout
SW2-0740,DockPlugContact1_0,SW2-0740 · USB-C 插头触点,DockInternal,gold,1,0.02926331837999602,0.22000000000000064,3.4000000000000057,0.0400000000000027,Schematic internal layout
SW2-0741,DockPlugContact1_1,SW2-0741 · USB-C 插头触点,DockInternal,gold,1,0.02926331837999602,0.22000000000000064,3.4000000000000057,0.0400000000000027,Schematic internal layout
SW2-0742,DockPlugContact1_2,SW2-0742 · USB-C 插头触点,DockInternal,gold,1,0.029263318379996028,0.2200000000000002,3.4000000000000057,0.0400000000000027,Schematic internal layout
SW2-0743,DockPlugContact1_3,SW2-0743 · USB-C 插头触点,DockInternal,gold,1,0.029263318379996028,0.2200000000000002,3.4000000000000057,0.0400000000000027,Schematic internal layout
SW2-0744,DockPlugContact1_4,SW2-0744 · USB-C 插头触点,DockInternal,gold,1,0.029263318379996028,0.21999999999999997,3.4000000000000057,0.0400000000000027,Schematic internal layout
SW2-0745,DockPlugContact1_5,SW2-0745 · USB-C 插头触点,DockInternal,gold,1,0.029263318379996024,0.21999999999999997,3.4000000000000057,0.0400000000000027,Schematic internal layout
SW2-0746,DockPlugContact1_6,SW2-0746 · USB-C 插头触点,DockInternal,gold,1,0.029263318379996028,0.21999999999999997,3.4000000000000057,0.0400000000000027,Schematic internal layout
SW2-0747,DockPlugContact1_7,SW2-0747 · USB-C 插头触点,DockInternal,gold,1,0.029263318379996024,0.21999999999999997,3.4000000000000057,0.0400000000000027,Schematic internal layout
SW2-0748,DockPlugContact1_8,SW2-0748 · USB-C 插头触点,DockInternal,gold,1,0.029263318379996028,0.2200000000000002,3.4000000000000057,0.0400000000000027,Schematic internal layout
SW2-0749,DockPlugContact1_9,SW2-0749 · USB-C 插头触点,DockInternal,gold,1,0.02926331837999603,0.2200000000000002,3.4000000000000057,0.0400000000000027,Schematic internal layout
SW2-0750,DockPlugContact1_10,SW2-0750 · USB-C 插头触点,DockInternal,gold,1,0.02926331837999602,0.22000000000000064,3.4000000000000057,0.0400000000000027,Schematic internal layout
SW2-0751,DockPlugContact1_11,SW2-0751 · USB-C 插头触点,DockInternal,gold,1,0.02926331837999602,0.22000000000000064,3.4000000000000057,0.0400000000000027,Schematic internal layout
SW2-0752,DockGuidePin-1,SW2-0752 · 底座定位销,DockInternal,black,1,17.866237420965145,2.200000000000001,4.699999999999989,2.1999999999999993,Schematic internal layout
SW2-0753,DockGuidePin1,SW2-0753 · 底座定位销,DockInternal,black,1,17.86623742096514,2.200000000000001,4.699999999999989,2.1999999999999993,Schematic internal layout
SW2-0754,DockScrew1,SW2-0754 · 十字槽紧固螺钉,Dock,black,1,10.633774007453695,3.0,3.0,5.460000000000001,Approximate exterior detail; published envelope dimensions
SW2-0755,DockBoss1,SW2-0755 · 底座后盖安装柱,DockInternal,shell,1,71.69994081434905,4.0,4.0,7.0,Schematic internal layout
SW2-0756,DockScrew2,SW2-0756 · 十字槽紧固螺钉,Dock,black,1,10.633774007453695,3.0,3.0,5.460000000000001,Approximate exterior detail; published envelope dimensions
SW2-0757,DockBoss2,SW2-0757 · 底座后盖安装柱,DockInternal,shell,1,71.69994081434905,4.0,4.0,7.0,Schematic internal layout
SW2-0758,DockScrew3,SW2-0758 · 十字槽紧固螺钉,Dock,black,1,10.633774007453697,3.0,3.0,5.460000000000001,Approximate exterior detail; published envelope dimensions
SW2-0759,DockBoss3,SW2-0759 · 底座后盖安装柱,DockInternal,shell,1,71.69994081434905,4.0,4.0,7.0,Schematic internal layout
SW2-0760,DockScrew4,SW2-0760 · 十字槽紧固螺钉,Dock,black,1,10.633774007453697,3.0,3.0,5.460000000000001,Approximate exterior detail; published envelope dimensions
SW2-0761,DockBoss4,SW2-0761 · 底座后盖安装柱,DockInternal,shell,1,71.69994081434905,4.0,4.0,7.0,Schematic internal layout
SW2-0762,GripBridge,SW2-0762 · Joy-Con 2 非充电握把中桥,Grip,shell,1,17022.128436211344,46.000000200003484,116.00000020000002,15.5000002,Approximate exterior detail; published envelope dimensions
SW2-0763,GripHandle-1,SW2-0763 · 握把人体握持柄,Grip,black,1,95204.80373891238,50.00000010002162,92.00000020000041,40.800000002219,Approximate exterior detail; published envelope dimensions
SW2-0764,GripLiner-1,SW2-0764 · 握把磁吸槽彩色内衬,Grip,blue,1,201.05643684932787,0.20000000000001705,103.5,9.900000000000002,Approximate exterior detail; published envelope dimensions
SW2-0765,GripMagnet-1_0,SW2-0765 · 握把磁体示意,Grip,metal,1,297.71219412846085,2.6000000000000227,18.0,6.400000000000002,Approximate exterior detail; published envelope dimensions
SW2-0766,GripMagnet-1_1,SW2-0766 · 握把磁体示意,Grip,metal,1,297.71219412846085,2.6000000000000227,18.0,6.400000000000002,Approximate exterior detail; published envelope dimensions
SW2-0767,GripLight-1_0,SW2-0767 · 握把玩家灯导光窗,Grip,white,1,0.16089306144752039,1.0,1.25,0.13000000000000078,Approximate exterior detail; published envelope dimensions
SW2-0768,GripLight-1_1,SW2-0768 · 握把玩家灯导光窗,Grip,white,1,0.16089306144752036,1.0,1.25,0.13000000000000078,Approximate exterior detail; published envelope dimensions
SW2-0769,GripLight-1_2,SW2-0769 · 握把玩家灯导光窗,Grip,white,1,0.16089306144752036,1.0,1.25,0.13000000000000078,Approximate exterior detail; published envelope dimensions
SW2-0770,GripLight-1_3,SW2-0770 · 握把玩家灯导光窗,Grip,white,1,0.16089306144752039,1.0,1.25,0.13000000000000078,Approximate exterior detail; published envelope dimensions
SW2-0771,GripHandle1,SW2-0771 · 握把人体握持柄,Grip,black,1,95204.8037389124,50.00000010002168,92.00000020000041,40.800000002219,Approximate exterior detail; published envelope dimensions
SW2-0772,GripLiner1,SW2-0772 · 握把磁吸槽彩色内衬,Grip,orange,1,201.0564368493201,0.19999999999998863,103.5,9.900000000000002,Approximate exterior detail; published envelope dimensions
SW2-0773,GripMagnet1_0,SW2-0773 · 握把磁体示意,Grip,metal,1,297.712194128461,2.6000000000000227,18.0,6.400000000000002,Approximate exterior detail; published envelope dimensions
SW2-0774,GripMagnet1_1,SW2-0774 · 握把磁体示意,Grip,metal,1,297.712194128461,2.6000000000000227,18.0,6.400000000000002,Approximate exterior detail; published envelope dimensions
SW2-0775,GripLight1_0,SW2-0775 · 握把玩家灯导光窗,Grip,white,1,0.16089306144752047,1.0,1.25,0.13000000000000078,Approximate exterior detail; published envelope dimensions
SW2-0776,GripLight1_1,SW2-0776 · 握把玩家灯导光窗,Grip,white,1,0.1608930614475205,1.0,1.25,0.13000000000000078,Approximate exterior detail; published envelope dimensions
SW2-0777,GripLight1_2,SW2-0777 · 握把玩家灯导光窗,Grip,white,1,0.1608930614475205,1.0,1.25,0.13000000000000078,Approximate exterior detail; published envelope dimensions
SW2-0778,GripLight1_3,SW2-0778 · 握把玩家灯导光窗,Grip,white,1,0.16089306144752047,1.0,1.25,0.13000000000000078,Approximate exterior detail; published envelope dimensions
SW2-0779,GripLogo,SW2-0779 · Nintendo Switch 官方轮廓标识,Grip,black,20,5.032148983554262,28.000000200000017,25.014330358386445,0.018000199999999467,Approximate exterior detail; published envelope dimensions
SW2-0780,StrapLFrame,SW2-0780 · Joy-Con 2 腕带框架001,StrapL,blue,1,5313.311241817433,16.40000019999998,115.96485790087274,7.000000200000001,Approximate exterior detail; published envelope dimensions
SW2-0781,StrapLUpperSole,SW2-0781 · 腕带上鼠标脚垫,StrapL,black,1,52.8931119033662,14.40000000000002,12.5,0.35,Approximate exterior detail; published envelope dimensions
SW2-0782,StrapLLowerSole,SW2-0782 · 腕带下鼠标脚垫,StrapL,black,1,32.76830893360517,14.40000000000002,12.909824561486118,0.35000000000000003,Approximate exterior detail; published envelope dimensions
SW2-0783,StrapLLight0,SW2-0783 · 腕带指示灯导光窗,StrapL,white,1,0.09514159265359098,0.8000000000000114,1.2000000000000455,0.09999999999999964,Approximate exterior detail; published envelope dimensions
SW2-0784,StrapLLight1,SW2-0784 · 腕带指示灯导光窗,StrapL,white,1,0.09514159265359098,0.8000000000000114,1.2000000000000455,0.09999999999999964,Approximate exterior detail; published envelope dimensions
SW2-0785,StrapLLight2,SW2-0785 · 腕带指示灯导光窗,StrapL,white,1,0.09514159265359098,0.8000000000000114,1.2000000000000455,0.09999999999999964,Approximate exterior detail; published envelope dimensions
SW2-0786,StrapLLight3,SW2-0786 · 腕带指示灯导光窗,StrapL,white,1,0.09514159265359098,0.8000000000000114,1.2000000000000455,0.09999999999999964,Approximate exterior detail; published envelope dimensions
SW2-0787,StrapLCord,SW2-0787 · 腕带闭合织绳示意,StrapL,black,1,951.4264326470759,85.183974676906,151.69294890887988,1.5600002000000122,Approximate exterior detail; published envelope dimensions
SW2-0788,StrapLCordLock,SW2-0788 · 腕带圆形调节扣,StrapL,rubber,1,216.56166383841236,10.000000199999988,10.00000020169034,3.0000002000000006,Approximate exterior detail; published envelope dimensions
SW2-0789,StrapLKeeper,SW2-0789 · 腕带顶端束绳扣,StrapL,black,1,186.40470593819242,17.000000199999988,4.5000001000000225,3.0000002000000006,Approximate exterior detail; published envelope dimensions
SW2-0790,StrapRFrame,SW2-0790 · Joy-Con 2 腕带框架001,StrapR,orange,1,5313.311241805488,16.40000019999998,115.96485790087274,7.000000200000001,Approximate exterior detail; published envelope dimensions
SW2-0791,StrapRUpperSole,SW2-0791 · 腕带上鼠标脚垫,StrapR,black,1,52.8931119033662,14.40000000000002,12.5,0.35,Approximate exterior detail; published envelope dimensions
SW2-0792,StrapRLowerSole,SW2-0792 · 腕带下鼠标脚垫,StrapR,black,1,32.768308933605155,14.40000000000002,12.909824561486118,0.35000000000000003,Approximate exterior detail; published envelope dimensions
SW2-0793,StrapRLight0,SW2-0793 · 腕带指示灯导光窗,StrapR,white,1,0.09514159265359098,0.8000000000000114,1.2000000000000455,0.09999999999999964,Approximate exterior detail; published envelope dimensions
SW2-0794,StrapRLight1,SW2-0794 · 腕带指示灯导光窗,StrapR,white,1,0.09514159265359098,0.8000000000000114,1.2000000000000455,0.09999999999999964,Approximate exterior detail; published envelope dimensions
SW2-0795,StrapRLight2,SW2-0795 · 腕带指示灯导光窗,StrapR,white,1,0.09514159265359098,0.8000000000000114,1.2000000000000455,0.09999999999999964,Approximate exterior detail; published envelope dimensions
SW2-0796,StrapRLight3,SW2-0796 · 腕带指示灯导光窗,StrapR,white,1,0.09514159265359098,0.8000000000000114,1.2000000000000455,0.09999999999999964,Approximate exterior detail; published envelope dimensions
SW2-0797,StrapRCord,SW2-0797 · 腕带闭合织绳示意,StrapR,black,1,951.4264326469762,85.18397467690578,151.6929489088796,1.5600002000000117,Approximate exterior detail; published envelope dimensions
SW2-0798,StrapRCordLock,SW2-0798 · 腕带圆形调节扣,StrapR,rubber,1,216.5616638380117,10.000000199999995,10.000000201690284,3.0000002000000006,Approximate exterior detail; published envelope dimensions
SW2-0799,StrapRKeeper,SW2-0799 · 腕带顶端束绳扣,StrapR,black,1,186.40470593823702,17.000000199999995,4.5000001000000225,3.0000002000000006,Approximate exterior detail; published envelope dimensions
