Part number,Part ID,Label,Assembly,Material,Solid count,Volume mm3,X mm,Y mm,Z mm,Fidelity
SATURN-0001,LowerHousing,SATURN-0001 · HST-3200 lower enclosure014,Body,saturngrey,1,149197.77589952803,260.0,230.0,29.0,Approximate original Japanese exterior
SATURN-0002,UpperHousing,SATURN-0002 · Raised central deck and sloped side shoulders037,Body,saturngrey,3,220600.73945893953,260.0000002,230.0000002,57.7500002,Approximate original Japanese exterior
SATURN-0003,Foot0,SATURN-0003 · Lower rubber support004,Body,rubber,1,361.30212253330797,17.0,12.0,2.0,Approximate original Japanese exterior
SATURN-0004,Foot1,SATURN-0004 · Lower rubber support005,Body,rubber,1,361.30212253330797,17.0,12.0,2.0,Approximate original Japanese exterior
SATURN-0005,Foot2,SATURN-0005 · Lower rubber support006,Body,rubber,1,361.30212253330814,17.0,12.0,2.0,Approximate original Japanese exterior
SATURN-0006,Foot3,SATURN-0006 · Lower rubber support007,Body,rubber,1,361.30212253330814,17.0,12.0,2.0,Approximate original Japanese exterior
SATURN-0007,DiscLid,SATURN-0007 · Native curved-front Saturn disc lid006,Body,saturngrey,1,41596.544664952846,164.21320363559641,157.5000002,7.700000200000005,Approximate original Japanese exterior
SATURN-0008,DiscWell,SATURN-0008 · Deep optical-disc well and pickup passage002,Optical,black,1,43674.42285193047,159.2031915655498,146.1054618833878,17.799999999999997,Schematic internal layout
SATURN-0009,CartridgeDeck,SATURN-0009 · Rear cartridge-bay black liner004,Ports,black,1,2037.028977473378,124.0,19.0,3.400000199999994,Approximate original Japanese exterior
SATURN-0010,CartridgeFlap0,SATURN-0010 · Full-width original cartridge dust door003,Body,saturngrey,1,2137.022689797132,118.6000002,15.100000000000009,3.200000099999997,Approximate original Japanese exterior
SATURN-0011,LidSega,SATURN-0011 · SEGA,Body,metal,4,0.9639857315425812,23.917156140268457,6.821476710067117,0.01800019999998881,Approximate original Japanese exterior
SATURN-0012,SaturnTitle,SATURN-0012 · SEGA SATURN,Body,white,10,1.9420053365854737,56.223271912080534,6.139329059060405,0.01800019999998881,Approximate original Japanese exterior
SATURN-0013,LidAccent,SATURN-0013 · Dark curved disc-lid accent,Body,darkpanel,1,12.046986634549029,68.0,8.026706508981007,0.03499999999999659,Approximate original Japanese exterior
SATURN-0014,LidGripMark0,SATURN-0014 · Three short lid grip marks,Body,saturngrey,1,1.1262477796077082,4.139589389592228,7.428678161604694,0.12000000000000455,Approximate original Japanese exterior
SATURN-0015,LidGripMark1,SATURN-0015 · Three short lid grip marks001,Body,saturngrey,1,1.1262477796077084,4.139589389592226,7.428678161604694,0.12000000000000455,Approximate original Japanese exterior
SATURN-0016,LidGripMark2,SATURN-0016 · Three short lid grip marks002,Body,saturngrey,1,1.1262477796077084,4.139589389592227,7.428678161604694,0.12000000000000455,Approximate original Japanese exterior
SATURN-0017,ControlPanel,SATURN-0017 · Dark curved front control panel005,Body,darkpanel,1,2491.5144860814607,196.14213582373094,47.42857162857143,21.000000200187074,Approximate original Japanese exterior
SATURN-0018,PowerButton,SATURN-0018 · Original blue Power key001,Controls,saturnblue,1,693.0353537858297,24.608413618416108,17.10046765256719,7.1685987692692805,Approximate original Japanese exterior
SATURN-0019,PowerMark,SATURN-0019 · POWER,Controls,saturngrey,5,0.42511197273946705,12.910654562416099,2.7285908040268367,0.03500019999999893,Approximate original Japanese exterior
SATURN-0020,ResetButton,SATURN-0020 · Original blue Reset key001,Controls,saturnblue,1,735.7609739728944,24.608413646053634,17.10046763964047,8.30000011084509,Approximate original Japanese exterior
SATURN-0021,ResetMark,SATURN-0021 · RESET,Controls,saturngrey,5,0.35323352196470564,11.218792046308721,2.7285908040268367,0.03500019999999893,Approximate original Japanese exterior
SATURN-0022,OpenButton,SATURN-0022 · Original blue Open key001,Controls,saturnblue,1,1338.7436546133397,43.00000020000002,12.000000199999988,19.977777977777784,Approximate original Japanese exterior
SATURN-0023,OpenMark,SATURN-0023 · OPEN,Controls,saturngrey,4,0.3203654194019441,9.433557246979866,2.7285908040268225,3.134585584041716,Approximate original Japanese exterior
SATURN-0024,PowerLens,SATURN-0024 · Front Power indicator lens,Controls,led,1,3.8013271108436517,2.200000000000003,2.1999999999999886,1.0,Approximate original Japanese exterior
SATURN-0025,PowerCaption,SATURN-0025 · POWER001,Body,white,5,0.3388995195083702,11.527370166442964,2.4362418107382524,2.7419353230424974,Approximate original Japanese exterior
SATURN-0026,AccessLens,SATURN-0026 · Front Access indicator lens,Controls,red,1,3.8013271108436517,2.200000000000003,2.1999999999999886,1.0,Approximate original Japanese exterior
SATURN-0027,AccessCaption,SATURN-0027 · ACCESS,Body,white,6,0.3288542932093989,12.565226710067122,2.4362418107382524,2.7419353230425116,Approximate original Japanese exterior
SATURN-0028,ControllerPort1,SATURN-0028 · Original Saturn nine-position controller socket,Ports,black,1,2366.741943334419,31.0,14.0,12.000000000000004,Schematic internal layout
SATURN-0029,ControllerTongue1,SATURN-0029 · Controller contact carrier,Ports,black,1,190.73046900494066,26.5,8.0,0.8999999999999986,Schematic internal layout
SATURN-0030,ControllerContact1_0,SATURN-0030 · Controller spring contact,Ports,gold,1,0.7553407431579606,0.9000000000000057,7.0,0.120000000000001,Schematic internal layout
SATURN-0031,ControllerContact1_1,SATURN-0031 · Controller spring contact001,Ports,gold,1,0.7553407431579606,0.9000000000000057,7.0,0.120000000000001,Schematic internal layout
SATURN-0032,ControllerContact1_2,SATURN-0032 · Controller spring contact002,Ports,gold,1,0.7553407431579606,0.9000000000000057,7.0,0.120000000000001,Schematic internal layout
SATURN-0033,ControllerContact1_3,SATURN-0033 · Controller spring contact003,Ports,gold,1,0.7553407431579606,0.9000000000000057,7.0,0.120000000000001,Schematic internal layout
SATURN-0034,ControllerContact1_4,SATURN-0034 · Controller spring contact004,Ports,gold,1,0.7553407431579605,0.9000000000000057,7.0,0.120000000000001,Schematic internal layout
SATURN-0035,ControllerContact1_5,SATURN-0035 · Controller spring contact005,Ports,gold,1,0.7553407431579606,0.9000000000000057,7.0,0.120000000000001,Schematic internal layout
SATURN-0036,ControllerContact1_6,SATURN-0036 · Controller spring contact006,Ports,gold,1,0.7553407431579607,0.9000000000000057,7.0,0.120000000000001,Schematic internal layout
SATURN-0037,ControllerContact1_7,SATURN-0037 · Controller spring contact007,Ports,gold,1,0.7553407431579587,0.8999999999999986,7.0,0.120000000000001,Schematic internal layout
SATURN-0038,ControllerContact1_8,SATURN-0038 · Controller spring contact008,Ports,gold,1,0.7553407431579587,0.8999999999999986,7.0,0.120000000000001,Schematic internal layout
SATURN-0039,ControllerIndex1,SATURN-0039 · 1,Body,metal,1,0.054413008423044695,2.2374161073825505,0.018000000000000682,3.7583892617449663,Approximate original Japanese exterior
SATURN-0040,ControllerPort2,SATURN-0040 · Original Saturn nine-position controller socket001,Ports,black,1,2366.741943334419,31.0,14.0,12.000000000000004,Schematic internal layout
SATURN-0041,ControllerTongue2,SATURN-0041 · Controller contact carrier001,Ports,black,1,190.73046900494066,26.5,8.0,0.8999999999999986,Schematic internal layout
SATURN-0042,ControllerContact2_0,SATURN-0042 · Controller spring contact009,Ports,gold,1,0.7553407431579587,0.8999999999999986,7.0,0.120000000000001,Schematic internal layout
SATURN-0043,ControllerContact2_1,SATURN-0043 · Controller spring contact010,Ports,gold,1,0.7553407431579587,0.8999999999999986,7.0,0.120000000000001,Schematic internal layout
SATURN-0044,ControllerContact2_2,SATURN-0044 · Controller spring contact011,Ports,gold,1,0.7553407431579607,0.9000000000000057,7.0,0.120000000000001,Schematic internal layout
SATURN-0045,ControllerContact2_3,SATURN-0045 · Controller spring contact012,Ports,gold,1,0.7553407431579606,0.9000000000000057,7.0,0.120000000000001,Schematic internal layout
SATURN-0046,ControllerContact2_4,SATURN-0046 · Controller spring contact013,Ports,gold,1,0.7553407431579605,0.9000000000000057,7.0,0.120000000000001,Schematic internal layout
SATURN-0047,ControllerContact2_5,SATURN-0047 · Controller spring contact014,Ports,gold,1,0.7553407431579605,0.9000000000000057,7.0,0.120000000000001,Schematic internal layout
SATURN-0048,ControllerContact2_6,SATURN-0048 · Controller spring contact015,Ports,gold,1,0.7553407431579607,0.9000000000000057,7.0,0.120000000000001,Schematic internal layout
SATURN-0049,ControllerContact2_7,SATURN-0049 · Controller spring contact016,Ports,gold,1,0.7553407431579607,0.9000000000000057,7.0,0.120000000000001,Schematic internal layout
SATURN-0050,ControllerContact2_8,SATURN-0050 · Controller spring contact017,Ports,gold,1,0.7553407431579606,0.9000000000000057,7.0,0.120000000000001,Schematic internal layout
SATURN-0051,ControllerIndex2,SATURN-0051 · 2,Body,metal,1,0.06448782208571764,2.3859062402684614,0.01800019999998881,3.8228189919463134,Approximate original Japanese exterior
SATURN-0052,ACInlet,SATURN-0052 · Original figure-eight mains inlet,Power,black,1,1812.4271877407577,31.200000000000017,3.0,22.200000000000003,Schematic internal layout
SATURN-0053,ACInletPin0,SATURN-0053 · Mains inlet pin study,Power,metal,1,15.268140296446404,1.8000000000000114,6.0,1.7999999999999972,Schematic internal layout
SATURN-0054,ACInletPin1,SATURN-0054 · Mains inlet pin study001,Power,metal,1,15.268140296446404,1.8000000000000114,6.0,1.7999999999999972,Schematic internal layout
SATURN-0055,ACFixing0,SATURN-0055 · Rear mains-inlet fixing head,Power,metal,1,4.321486315913917,3.1999999999999886,0.5999999999999943,3.200000000000003,Schematic internal layout
SATURN-0056,ACFixing1,SATURN-0056 · Rear mains-inlet fixing head001,Power,metal,1,4.321486315913917,3.1999999999999886,0.5999999999999943,3.200000000000003,Schematic internal layout
SATURN-0057,ACFixing2,SATURN-0057 · Rear mains-inlet fixing head002,Power,metal,1,4.321486315913917,3.1999999999999886,0.5999999999999943,3.200000000000003,Schematic internal layout
SATURN-0058,AVShell,SATURN-0058 · AV mini-DIN metal sleeve,Ports,metal,1,342.8105903597177,13.199999999999989,11.0,13.200000000000001,Schematic internal layout
SATURN-0059,AVCarrier,SATURN-0059 · AV contact insulator,Ports,black,1,238.91812130550392,11.0,3.0,11.0,Schematic internal layout
SATURN-0060,AVContact0,SATURN-0060 · AV mini-DIN socket contact,Ports,gold,1,3.325061664559437,1.2199999999999989,4.5,1.2199999999999989,Schematic internal layout
SATURN-0061,AVContact1,SATURN-0061 · AV mini-DIN socket contact001,Ports,gold,1,3.325061664559437,1.2199999999999989,4.5,1.2199999999999989,Schematic internal layout
SATURN-0062,AVContact2,SATURN-0062 · AV mini-DIN socket contact002,Ports,gold,1,3.3250616645594393,1.2199999999999989,4.5,1.2199999999999989,Schematic internal layout
SATURN-0063,AVContact3,SATURN-0063 · AV mini-DIN socket contact003,Ports,gold,1,3.325061664559437,1.2199999999999989,4.5,1.2199999999999989,Schematic internal layout
SATURN-0064,AVContact4,SATURN-0064 · AV mini-DIN socket contact004,Ports,gold,1,3.3250616645594393,1.2199999999999989,4.5,1.2199999999999989,Schematic internal layout
SATURN-0065,AVContact5,SATURN-0065 · AV mini-DIN socket contact005,Ports,gold,1,3.3250616645594393,1.2199999999999989,4.5,1.2199999999999989,Schematic internal layout
SATURN-0066,AVContact6,SATURN-0066 · AV mini-DIN socket contact006,Ports,gold,1,3.325061664559437,1.2199999999999989,4.5,1.2199999999999989,Schematic internal layout
SATURN-0067,AVContact7,SATURN-0067 · AV mini-DIN socket contact007,Ports,gold,1,3.325061664559441,1.2199999999999989,4.5,1.2199999999999989,Schematic internal layout
SATURN-0068,AVContact8,SATURN-0068 · AV mini-DIN socket contact008,Ports,gold,1,3.325061664559441,1.2199999999999989,4.5,1.2199999999999989,Schematic internal layout
SATURN-0069,AVContact9,SATURN-0069 · AV mini-DIN socket contact009,Ports,gold,1,3.325061664559441,1.2199999999999989,4.5,1.2199999999999989,Schematic internal layout
SATURN-0070,CommunicationShell,SATURN-0070 · Rear communication connector shield,Ports,metal,1,444.6522113490004,24.200000000000003,10.0,9.200000000000005,Schematic internal layout
SATURN-0071,CommunicationTongue,SATURN-0071 · Communication port insulator,Ports,black,1,102.8459203371761,21.0,7.0,0.6999999999999993,Schematic internal layout
SATURN-0072,CommunicationPin0,SATURN-0072 · Communication connector study contact,Ports,gold,1,0.4497853981633996,0.75,6.0,0.10000000000000142,Schematic internal layout
SATURN-0073,CommunicationPin1,SATURN-0073 · Communication connector study contact001,Ports,gold,1,0.4497853981633996,0.75,6.0,0.10000000000000142,Schematic internal layout
SATURN-0074,CommunicationPin2,SATURN-0074 · Communication connector study contact002,Ports,gold,1,0.4497853981633995,0.75,6.0,0.10000000000000142,Schematic internal layout
SATURN-0075,CommunicationPin3,SATURN-0075 · Communication connector study contact003,Ports,gold,1,0.4497853981633995,0.75,6.0,0.10000000000000142,Schematic internal layout
SATURN-0076,CommunicationPin4,SATURN-0076 · Communication connector study contact004,Ports,gold,1,0.4497853981633995,0.75,6.0,0.10000000000000142,Schematic internal layout
SATURN-0077,CommunicationPin5,SATURN-0077 · Communication connector study contact005,Ports,gold,1,0.4497853981633995,0.75,6.0,0.10000000000000142,Schematic internal layout
SATURN-0078,CommunicationPin6,SATURN-0078 · Communication connector study contact006,Ports,gold,1,0.4497853981633996,0.75,6.0,0.10000000000000142,Schematic internal layout
SATURN-0079,CommunicationPin7,SATURN-0079 · Communication connector study contact007,Ports,gold,1,0.4497853981633995,0.75,6.0,0.10000000000000142,Schematic internal layout
SATURN-0080,CommunicationPin8,SATURN-0080 · Communication connector study contact008,Ports,gold,1,0.4497853981633995,0.75,6.0,0.10000000000000142,Schematic internal layout
SATURN-0081,ServiceDoor,SATURN-0081 · Removable rear battery / expansion cover,Body,saturngrey,1,4153.299468070466,92.19999999999999,1.4000000000000057,32.2,Approximate original Japanese exterior
SATURN-0082,MainPCB,SATURN-0082 · MAIN VA0.5-inspired Saturn mainboard011,Mainboard,pcb,1,79206.26073813777,238.0,209.0,1.5999999999999996,Schematic internal layout
SATURN-0083,SH2A,SATURN-0083 · SH-2 A QFP package,Mainboard,black,1,1119.6154335088083,20.0,20.0,2.8000000000000007,Schematic internal layout
SATURN-0084,SH2AMark,SATURN-0084 · SH-2 A,Mainboard,white,5,0.07709938531062889,8.535486677181204,1.9489934885905882,0.018000199999999467,Approximate original Japanese exterior
SATURN-0085,SH2ALeads0,SATURN-0085 · QFP terminal bank 1,Mainboard,metal,25,3.0800000000000143,18.28,2.0,0.22000000000000064,Schematic internal layout
SATURN-0086,SH2ALeads1,SATURN-0086 · QFP terminal bank 2,Mainboard,metal,25,3.0800000000000183,2.000000000000007,18.28,0.22000000000000064,Schematic internal layout
SATURN-0087,SH2ALeads2,SATURN-0087 · QFP terminal bank 3,Mainboard,metal,25,3.0800000000000174,18.28,2.000000000000007,0.22000000000000064,Schematic internal layout
SATURN-0088,SH2ALeads3,SATURN-0088 · QFP terminal bank 4,Mainboard,metal,25,3.0800000000000143,2.0,18.28,0.22000000000000064,Schematic internal layout
SATURN-0089,SH2B,SATURN-0089 · SH-2 B QFP package,Mainboard,black,1,1119.615433508808,20.0,20.0,2.8000000000000007,Schematic internal layout
SATURN-0090,SH2BMark,SATURN-0090 · SH-2 B,Mainboard,white,5,0.08211256888766373,8.379446508724833,1.9489934885906024,0.018000199999999467,Approximate original Japanese exterior
SATURN-0091,SH2BLeads0,SATURN-0091 · QFP terminal bank 001,Mainboard,metal,25,3.0800000000000165,18.28,2.0,0.22000000000000064,Schematic internal layout
SATURN-0092,SH2BLeads1,SATURN-0092 · QFP terminal bank 002,Mainboard,metal,25,3.0800000000000174,2.000000000000007,18.28,0.22000000000000064,Schematic internal layout
SATURN-0093,SH2BLeads2,SATURN-0093 · QFP terminal bank 003,Mainboard,metal,25,3.0800000000000174,18.28,2.000000000000007,0.22000000000000064,Schematic internal layout
SATURN-0094,SH2BLeads3,SATURN-0094 · QFP terminal bank 004,Mainboard,metal,25,3.0800000000000125,2.0,18.28,0.22000000000000064,Schematic internal layout
SATURN-0095,VDP1,SATURN-0095 · VDP1 QFP package,Mainboard,black,1,2194.8154335088084,28.0,28.0,2.8000000000000007,Schematic internal layout
SATURN-0096,VDP1Mark,SATURN-0096 · VDP1,Mainboard,white,4,0.07153912605991944,6.681040268456378,1.8791948308724855,0.018000199999999467,Approximate original Japanese exterior
SATURN-0097,VDP1Leads0,SATURN-0097 · QFP terminal bank 005,Mainboard,metal,40,4.928000000000014,26.28,2.0,0.22000000000000064,Schematic internal layout
SATURN-0098,VDP1Leads1,SATURN-0098 · QFP terminal bank 006,Mainboard,metal,40,4.928000000000016,2.000000000000007,26.28,0.22000000000000064,Schematic internal layout
SATURN-0099,VDP1Leads2,SATURN-0099 · QFP terminal bank 007,Mainboard,metal,40,4.9280000000000195,26.28,2.000000000000007,0.22000000000000064,Schematic internal layout
SATURN-0100,VDP1Leads3,SATURN-0100 · QFP terminal bank 008,Mainboard,metal,40,4.928000000000013,2.000000000000007,26.28,0.22000000000000064,Schematic internal layout
SATURN-0101,VDP2,SATURN-0101 · VDP2 QFP package,Mainboard,black,1,2194.8154335088084,28.0,28.0,2.8000000000000007,Schematic internal layout
SATURN-0102,VDP2Mark,SATURN-0102 · VDP2,Mainboard,white,4,0.07405782947558763,6.660906140268457,1.9114095959731543,0.018000199999999467,Approximate original Japanese exterior
SATURN-0103,VDP2Leads0,SATURN-0103 · QFP terminal bank 009,Mainboard,metal,40,4.928000000000012,26.28,2.0,0.22000000000000064,Schematic internal layout
SATURN-0104,VDP2Leads1,SATURN-0104 · QFP terminal bank 010,Mainboard,metal,40,4.9280000000000195,2.0000000000000053,26.28,0.22000000000000064,Schematic internal layout
SATURN-0105,VDP2Leads2,SATURN-0105 · QFP terminal bank 011,Mainboard,metal,40,4.928000000000017,26.28,2.000000000000007,0.22000000000000064,Schematic internal layout
SATURN-0106,VDP2Leads3,SATURN-0106 · QFP terminal bank 012,Mainboard,metal,40,4.928000000000015,2.000000000000007,26.28,0.22000000000000064,Schematic internal layout
SATURN-0107,SCU,SATURN-0107 · SCU QFP package,Mainboard,black,1,1749.615433508808,25.0,25.0,2.8000000000000007,Schematic internal layout
SATURN-0108,SCUMark,SATURN-0108 · SCU,Mainboard,white,3,0.054008230203595166,4.928691475167788,1.9489934885906024,0.018000199999999467,Approximate original Japanese exterior
SATURN-0109,SCULeads0,SATURN-0109 · QFP terminal bank 013,Mainboard,metal,36,4.43520000000001,23.28,2.0,0.22000000000000064,Schematic internal layout
SATURN-0110,SCULeads1,SATURN-0110 · QFP terminal bank 014,Mainboard,metal,36,4.435200000000013,2.000000000000007,23.28,0.22000000000000064,Schematic internal layout
SATURN-0111,SCULeads2,SATURN-0111 · QFP terminal bank 015,Mainboard,metal,36,4.435200000000015,23.28,2.000000000000007,0.22000000000000064,Schematic internal layout
SATURN-0112,SCULeads3,SATURN-0112 · QFP terminal bank 016,Mainboard,metal,36,4.435200000000012,2.000000000000007,23.279999999999998,0.22000000000000064,Schematic internal layout
SATURN-0113,SCSP,SATURN-0113 · SCSP QFP package,Mainboard,black,1,1612.4154335088087,24.0,24.0,2.8000000000000007,Schematic internal layout
SATURN-0114,SCSPMark,SATURN-0114 · SCSP,Mainboard,white,4,0.07104607922362813,6.369966642953003,1.9489934885906024,0.018000199999999467,Approximate original Japanese exterior
SATURN-0115,SCSPLeads0,SATURN-0115 · QFP terminal bank 017,Mainboard,metal,32,3.9424000000000103,22.28,2.0,0.22000000000000064,Schematic internal layout
SATURN-0116,SCSPLeads1,SATURN-0116 · QFP terminal bank 018,Mainboard,metal,32,3.9424000000000086,2.0,22.28,0.22000000000000064,Schematic internal layout
SATURN-0117,SCSPLeads2,SATURN-0117 · QFP terminal bank 019,Mainboard,metal,32,3.9424000000000086,22.28,2.0,0.22000000000000064,Schematic internal layout
SATURN-0118,SCSPLeads3,SATURN-0118 · QFP terminal bank 020,Mainboard,metal,32,3.9424000000000117,2.000000000000007,22.28,0.22000000000000064,Schematic internal layout
SATURN-0119,Sound68000,SATURN-0119 · 68EC000 QFP package,Mainboard,black,1,906.8154335088082,18.0,18.0,2.8000000000000007,Schematic internal layout
SATURN-0120,Sound68000Mark,SATURN-0120 · 68EC000,Mainboard,white,7,0.1364803946753541,11.264429730201329,1.948993488590606,0.018000199999999467,Approximate original Japanese exterior
SATURN-0121,Sound68000Leads0,SATURN-0121 · QFP terminal bank 021,Mainboard,metal,16,1.9712000000000092,16.28,2.0,0.22000000000000064,Schematic internal layout
SATURN-0122,Sound68000Leads1,SATURN-0122 · QFP terminal bank 022,Mainboard,metal,16,1.9712000000000072,2.0,16.28,0.22000000000000064,Schematic internal layout
SATURN-0123,Sound68000Leads2,SATURN-0123 · QFP terminal bank 023,Mainboard,metal,16,1.971200000000003,16.28,2.000000000000007,0.22000000000000064,Schematic internal layout
SATURN-0124,Sound68000Leads3,SATURN-0124 · QFP terminal bank 024,Mainboard,metal,16,1.9712000000000076,2.0,16.28,0.22000000000000064,Schematic internal layout
SATURN-0125,SMPC,SATURN-0125 · SMPC QFP package,Mainboard,black,1,906.8154335088082,18.0,18.0,2.8000000000000007,Schematic internal layout
SATURN-0126,SMPCMark,SATURN-0126 · SMPC,Mainboard,white,4,0.08053009563899284,6.902013622818785,1.9489934885906024,0.018000199999999467,Approximate original Japanese exterior
SATURN-0127,SMPCLeads0,SATURN-0127 · QFP terminal bank 025,Mainboard,metal,25,3.0800000000000187,16.28,2.0,0.22000000000000064,Schematic internal layout
SATURN-0128,SMPCLeads1,SATURN-0128 · QFP terminal bank 026,Mainboard,metal,25,3.080000000000012,2.0,16.28,0.22000000000000064,Schematic internal layout
SATURN-0129,SMPCLeads2,SATURN-0129 · QFP terminal bank 027,Mainboard,metal,25,3.0800000000000147,16.28,2.0,0.22000000000000064,Schematic internal layout
SATURN-0130,SMPCLeads3,SATURN-0130 · QFP terminal bank 028,Mainboard,metal,25,3.080000000000014,2.0,16.28,0.22000000000000064,Schematic internal layout
SATURN-0131,BIOS,SATURN-0131 · IPL ROM low-profile package,Mainboard,black,1,935.8107211801166,40.0,13.0,1.8000000000000007,Schematic internal layout
SATURN-0132,BIOSMark,SATURN-0132 · IPL ROM,Mainboard,white,6,0.07987133041213051,8.59427013422819,1.656644495302018,0.018000199999999467,Approximate original Japanese exterior
SATURN-0133,BIOSLeads-1,SATURN-0133 · SOP lead bank,Mainboard,metal,20,1.5680000000000047,38.28,1.4000000000000057,0.1999999999999993,Schematic internal layout
SATURN-0134,BIOSLeads1,SATURN-0134 · SOP lead bank001,Mainboard,metal,20,1.5679999999999985,38.28,1.3999999999999986,0.1999999999999993,Schematic internal layout
SATURN-0135,WorkRAM0,SATURN-0135 · WORK RAM low-profile package,Mainboard,black,1,413.8107211801166,23.0,10.0,1.8000000000000007,Schematic internal layout
SATURN-0136,WorkRAM0Mark,SATURN-0136 · WORK RAM,Mainboard,white,7,0.1177113197905481,12.55967701342282,1.6566444953020136,0.018000199999999467,Approximate original Japanese exterior
SATURN-0137,WorkRAM0Leads-1,SATURN-0137 · SOP lead bank002,Mainboard,metal,14,1.0976000000000004,21.28,1.4,0.1999999999999993,Schematic internal layout
SATURN-0138,WorkRAM0Leads1,SATURN-0138 · SOP lead bank003,Mainboard,metal,14,1.0976000000000004,21.28,1.4000000000000004,0.1999999999999993,Schematic internal layout
SATURN-0139,WorkRAM1,SATURN-0139 · WORK RAM low-profile package001,Mainboard,black,1,413.8107211801166,23.0,10.0,1.8000000000000007,Schematic internal layout
SATURN-0140,WorkRAM1Mark,SATURN-0140 · WORK RAM001,Mainboard,white,7,0.1177113197905476,12.559677013422814,1.6566444953020136,0.018000199999999467,Approximate original Japanese exterior
SATURN-0141,WorkRAM1Leads-1,SATURN-0141 · SOP lead bank004,Mainboard,metal,14,1.0976000000000006,21.28,1.4,0.1999999999999993,Schematic internal layout
SATURN-0142,WorkRAM1Leads1,SATURN-0142 · SOP lead bank005,Mainboard,metal,14,1.0976000000000006,21.28,1.4000000000000004,0.1999999999999993,Schematic internal layout
SATURN-0143,SoundRAM,SATURN-0143 · SOUND RAM low-profile package,Mainboard,black,1,302.21072118011665,24.0,7.0,1.8000000000000007,Schematic internal layout
SATURN-0144,SoundRAMMark,SATURN-0144 · SOUND RAM,Mainboard,white,8,0.12750998468922933,13.17942124093959,1.6566444953019897,0.018000199999999467,Approximate original Japanese exterior
SATURN-0145,SoundRAMLeads-1,SATURN-0145 · SOP lead bank006,Mainboard,metal,14,1.0976000000000052,22.28,1.4000000000000057,0.1999999999999993,Schematic internal layout
SATURN-0146,SoundRAMLeads1,SATURN-0146 · SOP lead bank007,Mainboard,metal,14,1.0976000000000055,22.28,1.4000000000000057,0.1999999999999993,Schematic internal layout
SATURN-0147,BackupRAM,SATURN-0147 · BACKUP RAM low-profile package,Mainboard,black,1,356.21072118011654,22.0,9.0,1.8000000000000007,Schematic internal layout
SATURN-0148,BackupRAMMark,SATURN-0148 · BACKUP RAM,Mainboard,white,9,0.13417191456972813,14.463406140268454,1.6566444953019897,0.018000199999999467,Approximate original Japanese exterior
SATURN-0149,BackupRAMLeads-1,SATURN-0149 · SOP lead bank008,Mainboard,metal,14,1.0976000000000052,20.28,1.4000000000000057,0.1999999999999993,Schematic internal layout
SATURN-0150,BackupRAMLeads1,SATURN-0150 · SOP lead bank009,Mainboard,metal,14,1.097600000000005,20.28,1.4000000000000057,0.1999999999999993,Schematic internal layout
SATURN-0151,VideoEncoder,SATURN-0151 · VIDEO low-profile package,Mainboard,black,1,467.8107211801167,20.000000000000007,13.0,1.8000000000000007,Schematic internal layout
SATURN-0152,VideoEncoderMark,SATURN-0152 · VIDEO,Mainboard,white,5,0.06527810401018408,6.800499261073824,1.6566444953019897,0.018000199999999467,Approximate original Japanese exterior
SATURN-0153,VideoEncoderLeads-1,SATURN-0153 · SOP lead bank010,Mainboard,metal,12,0.9408000000000047,18.28,1.4000000000000057,0.1999999999999993,Schematic internal layout
SATURN-0154,VideoEncoderLeads1,SATURN-0154 · SOP lead bank011,Mainboard,metal,12,0.9408000000000047,18.28,1.4000000000000057,0.1999999999999993,Schematic internal layout
SATURN-0155,AudioDAC,SATURN-0155 · AUDIO DAC low-profile package,Mainboard,black,1,151.0107211801166,12.0,7.0,1.8000000000000007,Schematic internal layout
SATURN-0156,AudioDACMark,SATURN-0156 · AUDIO DAC,Mainboard,white,8,0.1050389615344386,12.122553231991049,1.6241612738255071,0.018000199999999467,Approximate original Japanese exterior
SATURN-0157,AudioDACLeads-1,SATURN-0157 · SOP lead bank012,Mainboard,metal,10,0.7839999999999996,10.280000000000001,1.3999999999999986,0.1999999999999993,Schematic internal layout
SATURN-0158,AudioDACLeads1,SATURN-0158 · SOP lead bank013,Mainboard,metal,10,0.7839999999999996,10.280000000000001,1.3999999999999986,0.1999999999999993,Schematic internal layout
SATURN-0159,VideoRAM0,SATURN-0159 · VRAM low-profile package,Mainboard,black,1,467.81072118011656,26.0,10.0,1.8000000000000007,Schematic internal layout
SATURN-0160,VideoRAM0Mark,SATURN-0160 · VRAM,Mainboard,white,4,0.06211978144778545,6.396606543624166,1.5973156362416105,0.018000199999999467,Approximate original Japanese exterior
SATURN-0161,VideoRAM0Leads-1,SATURN-0161 · SOP lead bank014,Mainboard,metal,14,1.0975999999999997,24.28,1.3999999999999986,0.1999999999999993,Schematic internal layout
SATURN-0162,VideoRAM0Leads1,SATURN-0162 · SOP lead bank015,Mainboard,metal,14,1.0975999999999997,24.28,1.3999999999999986,0.1999999999999993,Schematic internal layout
SATURN-0163,VideoRAM1,SATURN-0163 · VRAM low-profile package001,Mainboard,black,1,467.8107211801166,26.0,10.0,1.8000000000000007,Schematic internal layout
SATURN-0164,VideoRAM1Mark,SATURN-0164 · VRAM001,Mainboard,white,4,0.06211978144778534,6.396606543624159,1.5973156362416105,0.018000199999999467,Approximate original Japanese exterior
SATURN-0165,VideoRAM1Leads-1,SATURN-0165 · SOP lead bank016,Mainboard,metal,14,1.0975999999999957,24.28,1.3999999999999986,0.1999999999999993,Schematic internal layout
SATURN-0166,VideoRAM1Leads1,SATURN-0166 · SOP lead bank017,Mainboard,metal,14,1.0975999999999955,24.28,1.3999999999999986,0.1999999999999993,Schematic internal layout
SATURN-0167,VideoRAM2,SATURN-0167 · VRAM low-profile package002,Mainboard,black,1,467.81072118011656,26.0,10.0,1.8000000000000007,Schematic internal layout
SATURN-0168,VideoRAM2Mark,SATURN-0168 · VRAM002,Mainboard,white,4,0.062119781447785495,6.396606543624166,1.5973156362416034,0.018000199999999467,Approximate original Japanese exterior
SATURN-0169,VideoRAM2Leads-1,SATURN-0169 · SOP lead bank018,Mainboard,metal,14,1.0976000000000052,24.28,1.4000000000000057,0.1999999999999993,Schematic internal layout
SATURN-0170,VideoRAM2Leads1,SATURN-0170 · SOP lead bank019,Mainboard,metal,14,1.0975999999999995,24.28,1.3999999999999986,0.1999999999999993,Schematic internal layout
SATURN-0171,VideoRAM3,SATURN-0171 · VRAM low-profile package003,Mainboard,black,1,467.8107211801166,26.0,10.0,1.8000000000000007,Schematic internal layout
SATURN-0172,VideoRAM3Mark,SATURN-0172 · VRAM003,Mainboard,white,4,0.06211978144778544,6.396606543624159,1.5973156362416034,0.018000199999999467,Approximate original Japanese exterior
SATURN-0173,VideoRAM3Leads-1,SATURN-0173 · SOP lead bank020,Mainboard,metal,14,1.0976000000000017,24.28,1.4000000000000057,0.1999999999999993,Schematic internal layout
SATURN-0174,VideoRAM3Leads1,SATURN-0174 · SOP lead bank021,Mainboard,metal,14,1.0975999999999952,24.28,1.3999999999999986,0.1999999999999993,Schematic internal layout
SATURN-0175,Electrolytic0,SATURN-0175 · Mainboard filter capacitor,Mainboard,metal,1,241.5256432079834,6.199999999999989,6.199999999999989,8.0,Schematic internal layout
SATURN-0176,ElectrolyticTop0,SATURN-0176 · Capacitor vent cap,Mainboard,black,1,1.0618583169133562,5.199999999999989,5.199999999999989,0.05000000000000071,Schematic internal layout
SATURN-0177,Electrolytic1,SATURN-0177 · Mainboard filter capacitor001,Mainboard,metal,1,241.5256432079834,6.199999999999989,6.199999999999989,8.0,Schematic internal layout
SATURN-0178,ElectrolyticTop1,SATURN-0178 · Capacitor vent cap001,Mainboard,black,1,1.0618583169133562,5.199999999999989,5.199999999999989,0.05000000000000071,Schematic internal layout
SATURN-0179,Electrolytic2,SATURN-0179 · Mainboard filter capacitor002,Mainboard,metal,1,241.5256432079834,6.199999999999989,6.199999999999989,8.0,Schematic internal layout
SATURN-0180,ElectrolyticTop2,SATURN-0180 · Capacitor vent cap002,Mainboard,black,1,1.0618583169133562,5.199999999999989,5.199999999999989,0.05000000000000071,Schematic internal layout
SATURN-0181,Electrolytic3,SATURN-0181 · Mainboard filter capacitor003,Mainboard,metal,1,241.5256432079834,6.199999999999989,6.199999999999989,8.0,Schematic internal layout
SATURN-0182,ElectrolyticTop3,SATURN-0182 · Capacitor vent cap003,Mainboard,black,1,1.0618583169133562,5.199999999999989,5.199999999999989,0.05000000000000071,Schematic internal layout
SATURN-0183,Electrolytic4,SATURN-0183 · Mainboard filter capacitor004,Mainboard,metal,1,241.5256432079834,6.199999999999989,6.199999999999989,8.0,Schematic internal layout
SATURN-0184,ElectrolyticTop4,SATURN-0184 · Capacitor vent cap004,Mainboard,black,1,1.0618583169133562,5.199999999999989,5.199999999999989,0.05000000000000071,Schematic internal layout
SATURN-0185,Electrolytic5,SATURN-0185 · Mainboard filter capacitor005,Mainboard,metal,1,241.5256432079833,6.199999999999989,6.199999999999999,8.0,Schematic internal layout
SATURN-0186,ElectrolyticTop5,SATURN-0186 · Capacitor vent cap005,Mainboard,black,1,1.0618583169133555,5.199999999999989,5.199999999999999,0.05000000000000071,Schematic internal layout
SATURN-0187,Electrolytic6,SATURN-0187 · Mainboard filter capacitor006,Mainboard,metal,1,241.5256432079833,6.199999999999989,6.200000000000003,8.0,Schematic internal layout
SATURN-0188,ElectrolyticTop6,SATURN-0188 · Capacitor vent cap006,Mainboard,black,1,1.0618583169133555,5.199999999999989,5.200000000000003,0.05000000000000071,Schematic internal layout
SATURN-0189,Passive0_0_0,SATURN-0189 · Photographic-layout passive study,Mainboard,black,1,0.7167037157897848,1.5,0.8000000000000007,0.5999999999999996,Schematic internal layout
SATURN-0190,Passive0_0_1,SATURN-0190 · Photographic-layout passive study001,Mainboard,cream,1,0.7167037157897848,1.5,0.8000000000000003,0.5999999999999996,Schematic internal layout
SATURN-0191,Passive0_0_2,SATURN-0191 · Photographic-layout passive study002,Mainboard,cream,1,0.7167037157897849,1.5,0.8000000000000007,0.5999999999999996,Schematic internal layout
SATURN-0192,Passive0_0_3,SATURN-0192 · Photographic-layout passive study003,Mainboard,black,1,0.7167037157897851,1.5,0.8000000000000007,0.5999999999999996,Schematic internal layout
SATURN-0193,Passive0_0_4,SATURN-0193 · Photographic-layout passive study004,Mainboard,cream,1,0.7167037157897849,1.5,0.8000000000000007,0.5999999999999996,Schematic internal layout
SATURN-0194,Passive0_0_5,SATURN-0194 · Photographic-layout passive study005,Mainboard,cream,1,0.7167037157897839,1.5,0.7999999999999972,0.5999999999999996,Schematic internal layout
SATURN-0195,Passive0_0_6,SATURN-0195 · Photographic-layout passive study006,Mainboard,black,1,0.7167037157897841,1.5,0.7999999999999972,0.5999999999999996,Schematic internal layout
SATURN-0196,Passive0_1_0,SATURN-0196 · Photographic-layout passive study007,Mainboard,cream,1,0.7167037157897848,1.5,0.8000000000000007,0.5999999999999996,Schematic internal layout
SATURN-0197,Passive0_1_1,SATURN-0197 · Photographic-layout passive study008,Mainboard,cream,1,0.7167037157897848,1.5,0.8000000000000003,0.5999999999999996,Schematic internal layout
SATURN-0198,Passive0_1_2,SATURN-0198 · Photographic-layout passive study009,Mainboard,black,1,0.7167037157897849,1.5,0.8000000000000007,0.5999999999999996,Schematic internal layout
SATURN-0199,Passive0_1_3,SATURN-0199 · Photographic-layout passive study010,Mainboard,cream,1,0.7167037157897851,1.5,0.8000000000000007,0.5999999999999996,Schematic internal layout
SATURN-0200,Passive0_1_4,SATURN-0200 · Photographic-layout passive study011,Mainboard,cream,1,0.7167037157897849,1.5,0.8000000000000007,0.5999999999999996,Schematic internal layout
SATURN-0201,Passive0_1_5,SATURN-0201 · Photographic-layout passive study012,Mainboard,black,1,0.7167037157897839,1.5,0.7999999999999972,0.5999999999999996,Schematic internal layout
SATURN-0202,Passive0_1_6,SATURN-0202 · Photographic-layout passive study013,Mainboard,cream,1,0.7167037157897841,1.5,0.7999999999999972,0.5999999999999996,Schematic internal layout
SATURN-0203,Passive0_2_0,SATURN-0203 · Photographic-layout passive study014,Mainboard,cream,1,0.7167037157897848,1.5,0.8000000000000007,0.5999999999999996,Schematic internal layout
SATURN-0204,Passive0_2_1,SATURN-0204 · Photographic-layout passive study015,Mainboard,black,1,0.7167037157897848,1.5,0.8000000000000003,0.5999999999999996,Schematic internal layout
SATURN-0205,Passive0_2_2,SATURN-0205 · Photographic-layout passive study016,Mainboard,cream,1,0.7167037157897849,1.5,0.8000000000000007,0.5999999999999996,Schematic internal layout
SATURN-0206,Passive0_2_3,SATURN-0206 · Photographic-layout passive study017,Mainboard,cream,1,0.7167037157897851,1.5,0.8000000000000007,0.5999999999999996,Schematic internal layout
SATURN-0207,Passive0_2_4,SATURN-0207 · Photographic-layout passive study018,Mainboard,black,1,0.7167037157897849,1.5,0.8000000000000007,0.5999999999999996,Schematic internal layout
SATURN-0208,Passive0_2_5,SATURN-0208 · Photographic-layout passive study019,Mainboard,cream,1,0.7167037157897839,1.5,0.7999999999999972,0.5999999999999996,Schematic internal layout
SATURN-0209,Passive0_2_6,SATURN-0209 · Photographic-layout passive study020,Mainboard,cream,1,0.7167037157897841,1.5,0.7999999999999972,0.5999999999999996,Schematic internal layout
SATURN-0210,Passive0_3_0,SATURN-0210 · Photographic-layout passive study021,Mainboard,black,1,0.7167037157897848,1.5,0.8000000000000007,0.5999999999999996,Schematic internal layout
SATURN-0211,Passive0_3_1,SATURN-0211 · Photographic-layout passive study022,Mainboard,cream,1,0.7167037157897848,1.5,0.8000000000000003,0.5999999999999996,Schematic internal layout
SATURN-0212,Passive0_3_2,SATURN-0212 · Photographic-layout passive study023,Mainboard,cream,1,0.7167037157897849,1.5,0.8000000000000007,0.5999999999999996,Schematic internal layout
SATURN-0213,Passive0_3_3,SATURN-0213 · Photographic-layout passive study024,Mainboard,black,1,0.7167037157897851,1.5,0.8000000000000007,0.5999999999999996,Schematic internal layout
SATURN-0214,Passive0_3_4,SATURN-0214 · Photographic-layout passive study025,Mainboard,cream,1,0.7167037157897849,1.5,0.8000000000000007,0.5999999999999996,Schematic internal layout
SATURN-0215,Passive0_3_5,SATURN-0215 · Photographic-layout passive study026,Mainboard,cream,1,0.7167037157897839,1.5,0.7999999999999972,0.5999999999999996,Schematic internal layout
SATURN-0216,Passive0_3_6,SATURN-0216 · Photographic-layout passive study027,Mainboard,black,1,0.7167037157897841,1.5,0.7999999999999972,0.5999999999999996,Schematic internal layout
SATURN-0217,Passive1_0_0,SATURN-0217 · Photographic-layout passive study028,Mainboard,black,1,0.716703715789784,1.5,0.7999999999999972,0.5999999999999996,Schematic internal layout
SATURN-0218,Passive1_0_1,SATURN-0218 · Photographic-layout passive study029,Mainboard,cream,1,0.7167037157897876,1.5,0.8000000000000114,0.5999999999999996,Schematic internal layout
SATURN-0219,Passive1_0_2,SATURN-0219 · Photographic-layout passive study030,Mainboard,cream,1,0.7167037157897876,1.5,0.8000000000000114,0.5999999999999996,Schematic internal layout
SATURN-0220,Passive1_0_3,SATURN-0220 · Photographic-layout passive study031,Mainboard,black,1,0.7167037157897876,1.5,0.8000000000000114,0.5999999999999996,Schematic internal layout
SATURN-0221,Passive1_0_4,SATURN-0221 · Photographic-layout passive study032,Mainboard,cream,1,0.7167037157897876,1.5,0.8000000000000114,0.5999999999999996,Schematic internal layout
SATURN-0222,Passive1_0_5,SATURN-0222 · Photographic-layout passive study033,Mainboard,cream,1,0.7167037157897876,1.5,0.8000000000000114,0.5999999999999996,Schematic internal layout
SATURN-0223,Passive1_1_0,SATURN-0223 · Photographic-layout passive study034,Mainboard,cream,1,0.7167037157897842,1.5,0.7999999999999972,0.5999999999999996,Schematic internal layout
SATURN-0224,Passive1_1_1,SATURN-0224 · Photographic-layout passive study035,Mainboard,cream,1,0.7167037157897876,1.5,0.8000000000000114,0.5999999999999996,Schematic internal layout
SATURN-0225,Passive1_1_2,SATURN-0225 · Photographic-layout passive study036,Mainboard,black,1,0.7167037157897876,1.5,0.8000000000000114,0.5999999999999996,Schematic internal layout
SATURN-0226,Passive1_1_3,SATURN-0226 · Photographic-layout passive study037,Mainboard,cream,1,0.7167037157897876,1.5,0.8000000000000114,0.5999999999999996,Schematic internal layout
SATURN-0227,Passive1_1_4,SATURN-0227 · Photographic-layout passive study038,Mainboard,cream,1,0.7167037157897876,1.5,0.8000000000000114,0.5999999999999996,Schematic internal layout
SATURN-0228,Passive1_1_5,SATURN-0228 · Photographic-layout passive study039,Mainboard,black,1,0.7167037157897876,1.5,0.8000000000000114,0.5999999999999996,Schematic internal layout
SATURN-0229,Passive1_2_0,SATURN-0229 · Photographic-layout passive study040,Mainboard,cream,1,0.716703715789784,1.5,0.7999999999999972,0.5999999999999996,Schematic internal layout
SATURN-0230,Passive1_2_1,SATURN-0230 · Photographic-layout passive study041,Mainboard,black,1,0.7167037157897878,1.5,0.8000000000000114,0.5999999999999996,Schematic internal layout
SATURN-0231,Passive1_2_2,SATURN-0231 · Photographic-layout passive study042,Mainboard,cream,1,0.7167037157897878,1.5,0.8000000000000114,0.5999999999999996,Schematic internal layout
SATURN-0232,Passive1_2_3,SATURN-0232 · Photographic-layout passive study043,Mainboard,cream,1,0.7167037157897878,1.5,0.8000000000000114,0.5999999999999996,Schematic internal layout
SATURN-0233,Passive1_2_4,SATURN-0233 · Photographic-layout passive study044,Mainboard,black,1,0.7167037157897878,1.5,0.8000000000000114,0.5999999999999996,Schematic internal layout
SATURN-0234,Passive1_2_5,SATURN-0234 · Photographic-layout passive study045,Mainboard,cream,1,0.7167037157897878,1.5,0.8000000000000114,0.5999999999999996,Schematic internal layout
SATURN-0235,Passive1_3_0,SATURN-0235 · Photographic-layout passive study046,Mainboard,black,1,0.7167037157897841,1.5,0.7999999999999972,0.5999999999999996,Schematic internal layout
SATURN-0236,Passive1_3_1,SATURN-0236 · Photographic-layout passive study047,Mainboard,cream,1,0.7167037157897878,1.5,0.8000000000000114,0.5999999999999996,Schematic internal layout
SATURN-0237,Passive1_3_2,SATURN-0237 · Photographic-layout passive study048,Mainboard,cream,1,0.7167037157897878,1.5,0.8000000000000114,0.5999999999999996,Schematic internal layout
SATURN-0238,Passive1_3_3,SATURN-0238 · Photographic-layout passive study049,Mainboard,black,1,0.7167037157897878,1.5,0.8000000000000114,0.5999999999999996,Schematic internal layout
SATURN-0239,Passive1_3_4,SATURN-0239 · Photographic-layout passive study050,Mainboard,cream,1,0.7167037157897878,1.5,0.8000000000000114,0.5999999999999996,Schematic internal layout
SATURN-0240,Passive1_3_5,SATURN-0240 · Photographic-layout passive study051,Mainboard,cream,1,0.7167037157897878,1.5,0.8000000000000114,0.5999999999999996,Schematic internal layout
SATURN-0241,Passive2_0_0,SATURN-0241 · Photographic-layout passive study052,Mainboard,black,1,0.7167037157897839,1.5,0.7999999999999972,0.5999999999999996,Schematic internal layout
SATURN-0242,Passive2_0_1,SATURN-0242 · Photographic-layout passive study053,Mainboard,cream,1,0.7167037157897839,1.5,0.7999999999999972,0.5999999999999996,Schematic internal layout
SATURN-0243,Passive2_0_2,SATURN-0243 · Photographic-layout passive study054,Mainboard,cream,1,0.716703715789784,1.5,0.7999999999999972,0.5999999999999996,Schematic internal layout
SATURN-0244,Passive2_0_3,SATURN-0244 · Photographic-layout passive study055,Mainboard,black,1,0.7167037157897839,1.5,0.7999999999999972,0.5999999999999996,Schematic internal layout
SATURN-0245,Passive2_0_4,SATURN-0245 · Photographic-layout passive study056,Mainboard,cream,1,0.7167037157897839,1.5,0.7999999999999972,0.5999999999999996,Schematic internal layout
SATURN-0246,Passive2_1_0,SATURN-0246 · Photographic-layout passive study057,Mainboard,cream,1,0.7167037157897839,1.5,0.7999999999999972,0.5999999999999996,Schematic internal layout
SATURN-0247,Passive2_1_1,SATURN-0247 · Photographic-layout passive study058,Mainboard,cream,1,0.716703715789784,1.5,0.7999999999999972,0.5999999999999996,Schematic internal layout
SATURN-0248,Passive2_1_2,SATURN-0248 · Photographic-layout passive study059,Mainboard,black,1,0.716703715789784,1.5,0.7999999999999972,0.5999999999999996,Schematic internal layout
SATURN-0249,Passive2_1_3,SATURN-0249 · Photographic-layout passive study060,Mainboard,cream,1,0.7167037157897841,1.5,0.7999999999999972,0.5999999999999996,Schematic internal layout
SATURN-0250,Passive2_1_4,SATURN-0250 · Photographic-layout passive study061,Mainboard,cream,1,0.7167037157897841,1.5,0.7999999999999972,0.5999999999999996,Schematic internal layout
SATURN-0251,Passive2_2_0,SATURN-0251 · Photographic-layout passive study062,Mainboard,cream,1,0.7167037157897839,1.5,0.7999999999999972,0.5999999999999996,Schematic internal layout
SATURN-0252,Passive2_2_1,SATURN-0252 · Photographic-layout passive study063,Mainboard,black,1,0.716703715789784,1.5,0.7999999999999972,0.5999999999999996,Schematic internal layout
SATURN-0253,Passive2_2_2,SATURN-0253 · Photographic-layout passive study064,Mainboard,cream,1,0.716703715789784,1.5,0.7999999999999972,0.5999999999999996,Schematic internal layout
SATURN-0254,Passive2_2_3,SATURN-0254 · Photographic-layout passive study065,Mainboard,cream,1,0.7167037157897841,1.5,0.7999999999999972,0.5999999999999996,Schematic internal layout
SATURN-0255,Passive2_2_4,SATURN-0255 · Photographic-layout passive study066,Mainboard,black,1,0.7167037157897841,1.5,0.7999999999999972,0.5999999999999996,Schematic internal layout
SATURN-0256,Passive2_3_0,SATURN-0256 · Photographic-layout passive study067,Mainboard,black,1,0.7167037157897839,1.5,0.7999999999999972,0.5999999999999996,Schematic internal layout
SATURN-0257,Passive2_3_1,SATURN-0257 · Photographic-layout passive study068,Mainboard,cream,1,0.716703715789784,1.5,0.7999999999999972,0.5999999999999996,Schematic internal layout
SATURN-0258,Passive2_3_2,SATURN-0258 · Photographic-layout passive study069,Mainboard,cream,1,0.716703715789784,1.5,0.7999999999999972,0.5999999999999996,Schematic internal layout
SATURN-0259,Passive2_3_3,SATURN-0259 · Photographic-layout passive study070,Mainboard,black,1,0.7167037157897841,1.5,0.7999999999999972,0.5999999999999996,Schematic internal layout
SATURN-0260,Passive2_3_4,SATURN-0260 · Photographic-layout passive study071,Mainboard,cream,1,0.7167037157897841,1.5,0.7999999999999972,0.5999999999999996,Schematic internal layout
SATURN-0261,Passive2_4_0,SATURN-0261 · Photographic-layout passive study072,Mainboard,cream,1,0.7167037157897839,1.5,0.7999999999999972,0.5999999999999996,Schematic internal layout
SATURN-0262,Passive2_4_1,SATURN-0262 · Photographic-layout passive study073,Mainboard,cream,1,0.7167037157897839,1.5,0.7999999999999972,0.5999999999999996,Schematic internal layout
SATURN-0263,Passive2_4_2,SATURN-0263 · Photographic-layout passive study074,Mainboard,black,1,0.7167037157897839,1.5,0.7999999999999972,0.5999999999999996,Schematic internal layout
SATURN-0264,Passive2_4_3,SATURN-0264 · Photographic-layout passive study075,Mainboard,cream,1,0.716703715789784,1.5,0.7999999999999972,0.5999999999999996,Schematic internal layout
SATURN-0265,Passive2_4_4,SATURN-0265 · Photographic-layout passive study076,Mainboard,cream,1,0.716703715789784,1.5,0.7999999999999972,0.5999999999999996,Schematic internal layout
SATURN-0266,Passive2_5_0,SATURN-0266 · Photographic-layout passive study077,Mainboard,cream,1,0.7167037157897839,1.5,0.7999999999999972,0.5999999999999996,Schematic internal layout
SATURN-0267,Passive2_5_1,SATURN-0267 · Photographic-layout passive study078,Mainboard,black,1,0.7167037157897839,1.5,0.7999999999999972,0.5999999999999996,Schematic internal layout
SATURN-0268,Passive2_5_2,SATURN-0268 · Photographic-layout passive study079,Mainboard,cream,1,0.716703715789784,1.5,0.7999999999999972,0.5999999999999996,Schematic internal layout
SATURN-0269,Passive2_5_3,SATURN-0269 · Photographic-layout passive study080,Mainboard,cream,1,0.7167037157897839,1.5,0.7999999999999972,0.5999999999999996,Schematic internal layout
SATURN-0270,Passive2_5_4,SATURN-0270 · Photographic-layout passive study081,Mainboard,black,1,0.7167037157897839,1.5,0.7999999999999972,0.5999999999999996,Schematic internal layout
SATURN-0271,Passive2_6_0,SATURN-0271 · Photographic-layout passive study082,Mainboard,black,1,0.7167037157897839,1.5,0.7999999999999972,0.5999999999999996,Schematic internal layout
SATURN-0272,Passive2_6_1,SATURN-0272 · Photographic-layout passive study083,Mainboard,cream,1,0.7167037157897839,1.5,0.7999999999999972,0.5999999999999996,Schematic internal layout
SATURN-0273,Passive2_6_2,SATURN-0273 · Photographic-layout passive study084,Mainboard,cream,1,0.716703715789784,1.5,0.7999999999999972,0.5999999999999996,Schematic internal layout
SATURN-0274,Passive2_6_3,SATURN-0274 · Photographic-layout passive study085,Mainboard,black,1,0.7167037157897839,1.5,0.7999999999999972,0.5999999999999996,Schematic internal layout
SATURN-0275,Passive2_6_4,SATURN-0275 · Photographic-layout passive study086,Mainboard,cream,1,0.7167037157897839,1.5,0.7999999999999972,0.5999999999999996,Schematic internal layout
SATURN-0276,Passive2_7_0,SATURN-0276 · Photographic-layout passive study087,Mainboard,cream,1,0.7167037157897839,1.5,0.7999999999999972,0.5999999999999996,Schematic internal layout
SATURN-0277,Passive2_7_1,SATURN-0277 · Photographic-layout passive study088,Mainboard,cream,1,0.7167037157897839,1.5,0.7999999999999972,0.5999999999999996,Schematic internal layout
SATURN-0278,Passive2_7_2,SATURN-0278 · Photographic-layout passive study089,Mainboard,black,1,0.716703715789784,1.5,0.7999999999999972,0.5999999999999996,Schematic internal layout
SATURN-0279,Passive2_7_3,SATURN-0279 · Photographic-layout passive study090,Mainboard,cream,1,0.7167037157897839,1.5,0.7999999999999972,0.5999999999999996,Schematic internal layout
SATURN-0280,Passive2_7_4,SATURN-0280 · Photographic-layout passive study091,Mainboard,cream,1,0.7167037157897839,1.5,0.7999999999999972,0.5999999999999996,Schematic internal layout
SATURN-0281,Passive3_0_0,SATURN-0281 · Photographic-layout passive study092,Mainboard,black,1,0.7167037157897876,1.5,0.8000000000000114,0.5999999999999996,Schematic internal layout
SATURN-0282,Passive3_0_1,SATURN-0282 · Photographic-layout passive study093,Mainboard,cream,1,0.7167037157897876,1.5,0.8000000000000114,0.5999999999999996,Schematic internal layout
SATURN-0283,Passive3_0_2,SATURN-0283 · Photographic-layout passive study094,Mainboard,cream,1,0.7167037157897876,1.5,0.8000000000000114,0.5999999999999996,Schematic internal layout
SATURN-0284,Passive3_0_3,SATURN-0284 · Photographic-layout passive study095,Mainboard,black,1,0.7167037157897876,1.5,0.8000000000000114,0.5999999999999996,Schematic internal layout
SATURN-0285,Passive3_1_0,SATURN-0285 · Photographic-layout passive study096,Mainboard,cream,1,0.7167037157897875,1.5,0.8000000000000114,0.5999999999999996,Schematic internal layout
SATURN-0286,Passive3_1_1,SATURN-0286 · Photographic-layout passive study097,Mainboard,cream,1,0.7167037157897875,1.5,0.8000000000000114,0.5999999999999996,Schematic internal layout
SATURN-0287,Passive3_1_2,SATURN-0287 · Photographic-layout passive study098,Mainboard,black,1,0.7167037157897875,1.5,0.8000000000000114,0.5999999999999996,Schematic internal layout
SATURN-0288,Passive3_1_3,SATURN-0288 · Photographic-layout passive study099,Mainboard,cream,1,0.7167037157897875,1.5,0.8000000000000114,0.5999999999999996,Schematic internal layout
SATURN-0289,Passive3_2_0,SATURN-0289 · Photographic-layout passive study100,Mainboard,cream,1,0.7167037157897875,1.5,0.8000000000000114,0.5999999999999996,Schematic internal layout
SATURN-0290,Passive3_2_1,SATURN-0290 · Photographic-layout passive study101,Mainboard,black,1,0.7167037157897875,1.5,0.8000000000000114,0.5999999999999996,Schematic internal layout
SATURN-0291,Passive3_2_2,SATURN-0291 · Photographic-layout passive study102,Mainboard,cream,1,0.7167037157897875,1.5,0.8000000000000114,0.5999999999999996,Schematic internal layout
SATURN-0292,Passive3_2_3,SATURN-0292 · Photographic-layout passive study103,Mainboard,cream,1,0.7167037157897876,1.5,0.8000000000000114,0.5999999999999996,Schematic internal layout
SATURN-0293,Passive3_3_0,SATURN-0293 · Photographic-layout passive study104,Mainboard,black,1,0.7167037157897875,1.5,0.8000000000000114,0.5999999999999996,Schematic internal layout
SATURN-0294,Passive3_3_1,SATURN-0294 · Photographic-layout passive study105,Mainboard,cream,1,0.7167037157897875,1.5,0.8000000000000114,0.5999999999999996,Schematic internal layout
SATURN-0295,Passive3_3_2,SATURN-0295 · Photographic-layout passive study106,Mainboard,cream,1,0.7167037157897875,1.5,0.8000000000000114,0.5999999999999996,Schematic internal layout
SATURN-0296,Passive3_3_3,SATURN-0296 · Photographic-layout passive study107,Mainboard,black,1,0.7167037157897875,1.5,0.8000000000000114,0.5999999999999996,Schematic internal layout
SATURN-0297,Passive3_4_0,SATURN-0297 · Photographic-layout passive study108,Mainboard,cream,1,0.7167037157897875,1.5,0.8000000000000114,0.5999999999999996,Schematic internal layout
SATURN-0298,Passive3_4_1,SATURN-0298 · Photographic-layout passive study109,Mainboard,cream,1,0.7167037157897875,1.5,0.8000000000000114,0.5999999999999996,Schematic internal layout
SATURN-0299,Passive3_4_2,SATURN-0299 · Photographic-layout passive study110,Mainboard,black,1,0.7167037157897875,1.5,0.8000000000000114,0.5999999999999996,Schematic internal layout
SATURN-0300,Passive3_4_3,SATURN-0300 · Photographic-layout passive study111,Mainboard,cream,1,0.7167037157897876,1.5,0.8000000000000114,0.5999999999999996,Schematic internal layout
SATURN-0301,Passive3_5_0,SATURN-0301 · Photographic-layout passive study112,Mainboard,cream,1,0.7167037157897878,1.5,0.8000000000000114,0.5999999999999996,Schematic internal layout
SATURN-0302,Passive3_5_1,SATURN-0302 · Photographic-layout passive study113,Mainboard,black,1,0.7167037157897878,1.5,0.8000000000000114,0.5999999999999996,Schematic internal layout
SATURN-0303,Passive3_5_2,SATURN-0303 · Photographic-layout passive study114,Mainboard,cream,1,0.7167037157897878,1.5,0.8000000000000114,0.5999999999999996,Schematic internal layout
SATURN-0304,Passive3_5_3,SATURN-0304 · Photographic-layout passive study115,Mainboard,cream,1,0.7167037157897875,1.5,0.8000000000000114,0.5999999999999996,Schematic internal layout
SATURN-0305,Passive3_6_0,SATURN-0305 · Photographic-layout passive study116,Mainboard,black,1,0.7167037157897875,1.5,0.8000000000000114,0.5999999999999996,Schematic internal layout
SATURN-0306,Passive3_6_1,SATURN-0306 · Photographic-layout passive study117,Mainboard,cream,1,0.7167037157897875,1.5,0.8000000000000114,0.5999999999999996,Schematic internal layout
SATURN-0307,Passive3_6_2,SATURN-0307 · Photographic-layout passive study118,Mainboard,cream,1,0.7167037157897875,1.5,0.8000000000000114,0.5999999999999996,Schematic internal layout
SATURN-0308,Passive3_6_3,SATURN-0308 · Photographic-layout passive study119,Mainboard,black,1,0.7167037157897875,1.5,0.8000000000000114,0.5999999999999996,Schematic internal layout
SATURN-0309,Passive3_7_0,SATURN-0309 · Photographic-layout passive study120,Mainboard,cream,1,0.7167037157897875,1.5,0.8000000000000114,0.5999999999999996,Schematic internal layout
SATURN-0310,Passive3_7_1,SATURN-0310 · Photographic-layout passive study121,Mainboard,cream,1,0.7167037157897875,1.5,0.8000000000000114,0.5999999999999996,Schematic internal layout
SATURN-0311,Passive3_7_2,SATURN-0311 · Photographic-layout passive study122,Mainboard,black,1,0.7167037157897875,1.5,0.8000000000000114,0.5999999999999996,Schematic internal layout
SATURN-0312,Passive3_7_3,SATURN-0312 · Photographic-layout passive study123,Mainboard,cream,1,0.7167037157897876,1.5,0.8000000000000114,0.5999999999999996,Schematic internal layout
SATURN-0313,Passive4_0_0,SATURN-0313 · Photographic-layout passive study124,Mainboard,black,1,0.7167037157897875,1.5,0.8000000000000114,0.5999999999999996,Schematic internal layout
SATURN-0314,Passive4_0_1,SATURN-0314 · Photographic-layout passive study125,Mainboard,cream,1,0.7167037157897875,1.5,0.8000000000000114,0.5999999999999996,Schematic internal layout
SATURN-0315,Passive4_0_2,SATURN-0315 · Photographic-layout passive study126,Mainboard,cream,1,0.7167037157897875,1.5,0.8000000000000114,0.5999999999999996,Schematic internal layout
SATURN-0316,Passive4_1_0,SATURN-0316 · Photographic-layout passive study127,Mainboard,cream,1,0.7167037157897875,1.5,0.8000000000000114,0.5999999999999996,Schematic internal layout
SATURN-0317,Passive4_1_1,SATURN-0317 · Photographic-layout passive study128,Mainboard,cream,1,0.7167037157897875,1.5,0.8000000000000114,0.5999999999999996,Schematic internal layout
SATURN-0318,Passive4_1_2,SATURN-0318 · Photographic-layout passive study129,Mainboard,black,1,0.7167037157897875,1.5,0.8000000000000114,0.5999999999999996,Schematic internal layout
SATURN-0319,Passive4_2_0,SATURN-0319 · Photographic-layout passive study130,Mainboard,cream,1,0.7167037157897875,1.5,0.8000000000000114,0.5999999999999996,Schematic internal layout
SATURN-0320,Passive4_2_1,SATURN-0320 · Photographic-layout passive study131,Mainboard,black,1,0.7167037157897875,1.5,0.8000000000000114,0.5999999999999996,Schematic internal layout
SATURN-0321,Passive4_2_2,SATURN-0321 · Photographic-layout passive study132,Mainboard,cream,1,0.7167037157897875,1.5,0.8000000000000114,0.5999999999999996,Schematic internal layout
SATURN-0322,Passive4_3_0,SATURN-0322 · Photographic-layout passive study133,Mainboard,black,1,0.7167037157897875,1.5,0.8000000000000114,0.5999999999999996,Schematic internal layout
SATURN-0323,Passive4_3_1,SATURN-0323 · Photographic-layout passive study134,Mainboard,cream,1,0.7167037157897875,1.5,0.8000000000000114,0.5999999999999996,Schematic internal layout
SATURN-0324,Passive4_3_2,SATURN-0324 · Photographic-layout passive study135,Mainboard,cream,1,0.7167037157897875,1.5,0.8000000000000114,0.5999999999999996,Schematic internal layout
SATURN-0325,Passive4_4_0,SATURN-0325 · Photographic-layout passive study136,Mainboard,cream,1,0.7167037157897875,1.5,0.8000000000000114,0.5999999999999996,Schematic internal layout
SATURN-0326,Passive4_4_1,SATURN-0326 · Photographic-layout passive study137,Mainboard,cream,1,0.7167037157897875,1.5,0.8000000000000114,0.5999999999999996,Schematic internal layout
SATURN-0327,Passive4_4_2,SATURN-0327 · Photographic-layout passive study138,Mainboard,black,1,0.7167037157897875,1.5,0.8000000000000114,0.5999999999999996,Schematic internal layout
SATURN-0328,Passive4_5_0,SATURN-0328 · Photographic-layout passive study139,Mainboard,cream,1,0.7167037157897875,1.5,0.8000000000000114,0.5999999999999996,Schematic internal layout
SATURN-0329,Passive4_5_1,SATURN-0329 · Photographic-layout passive study140,Mainboard,black,1,0.7167037157897875,1.5,0.8000000000000114,0.5999999999999996,Schematic internal layout
SATURN-0330,Passive4_5_2,SATURN-0330 · Photographic-layout passive study141,Mainboard,cream,1,0.7167037157897875,1.5,0.8000000000000114,0.5999999999999996,Schematic internal layout
SATURN-0331,Passive4_6_0,SATURN-0331 · Photographic-layout passive study142,Mainboard,black,1,0.7167037157897875,1.5,0.8000000000000114,0.5999999999999996,Schematic internal layout
SATURN-0332,Passive4_6_1,SATURN-0332 · Photographic-layout passive study143,Mainboard,cream,1,0.7167037157897875,1.5,0.8000000000000114,0.5999999999999996,Schematic internal layout
SATURN-0333,Passive4_6_2,SATURN-0333 · Photographic-layout passive study144,Mainboard,cream,1,0.7167037157897875,1.5,0.8000000000000114,0.5999999999999996,Schematic internal layout
SATURN-0334,Passive4_7_0,SATURN-0334 · Photographic-layout passive study145,Mainboard,cream,1,0.7167037157897876,1.5,0.8000000000000114,0.5999999999999996,Schematic internal layout
SATURN-0335,Passive4_7_1,SATURN-0335 · Photographic-layout passive study146,Mainboard,cream,1,0.7167037157897876,1.5,0.8000000000000114,0.5999999999999996,Schematic internal layout
SATURN-0336,Passive4_7_2,SATURN-0336 · Photographic-layout passive study147,Mainboard,black,1,0.7167037157897876,1.5,0.8000000000000114,0.5999999999999996,Schematic internal layout
SATURN-0337,Passive5_0_0,SATURN-0337 · Photographic-layout passive study148,Mainboard,black,1,0.716703715789784,1.5,0.7999999999999972,0.5999999999999996,Schematic internal layout
SATURN-0338,Passive5_0_1,SATURN-0338 · Photographic-layout passive study149,Mainboard,cream,1,0.7167037157897841,1.5,0.7999999999999972,0.5999999999999996,Schematic internal layout
SATURN-0339,Passive5_0_2,SATURN-0339 · Photographic-layout passive study150,Mainboard,cream,1,0.716703715789784,1.5,0.7999999999999972,0.5999999999999996,Schematic internal layout
SATURN-0340,Passive5_0_3,SATURN-0340 · Photographic-layout passive study151,Mainboard,black,1,0.7167037157897841,1.5,0.7999999999999972,0.5999999999999996,Schematic internal layout
SATURN-0341,Passive5_1_0,SATURN-0341 · Photographic-layout passive study152,Mainboard,cream,1,0.716703715789784,1.5,0.7999999999999972,0.5999999999999996,Schematic internal layout
SATURN-0342,Passive5_1_1,SATURN-0342 · Photographic-layout passive study153,Mainboard,cream,1,0.7167037157897841,1.5,0.7999999999999972,0.5999999999999996,Schematic internal layout
SATURN-0343,Passive5_1_2,SATURN-0343 · Photographic-layout passive study154,Mainboard,black,1,0.716703715789784,1.5,0.7999999999999972,0.5999999999999996,Schematic internal layout
SATURN-0344,Passive5_1_3,SATURN-0344 · Photographic-layout passive study155,Mainboard,cream,1,0.7167037157897841,1.5,0.7999999999999972,0.5999999999999996,Schematic internal layout
SATURN-0345,Passive5_2_0,SATURN-0345 · Photographic-layout passive study156,Mainboard,cream,1,0.716703715789784,1.5,0.7999999999999972,0.5999999999999996,Schematic internal layout
SATURN-0346,Passive5_2_1,SATURN-0346 · Photographic-layout passive study157,Mainboard,black,1,0.7167037157897841,1.5,0.7999999999999972,0.5999999999999996,Schematic internal layout
SATURN-0347,Passive5_2_2,SATURN-0347 · Photographic-layout passive study158,Mainboard,cream,1,0.716703715789784,1.5,0.7999999999999972,0.5999999999999996,Schematic internal layout
SATURN-0348,Passive5_2_3,SATURN-0348 · Photographic-layout passive study159,Mainboard,cream,1,0.7167037157897841,1.5,0.7999999999999972,0.5999999999999996,Schematic internal layout
SATURN-0349,Passive5_3_0,SATURN-0349 · Photographic-layout passive study160,Mainboard,black,1,0.716703715789784,1.5,0.7999999999999972,0.5999999999999996,Schematic internal layout
SATURN-0350,Passive5_3_1,SATURN-0350 · Photographic-layout passive study161,Mainboard,cream,1,0.7167037157897841,1.5,0.7999999999999972,0.5999999999999996,Schematic internal layout
SATURN-0351,Passive5_3_2,SATURN-0351 · Photographic-layout passive study162,Mainboard,cream,1,0.716703715789784,1.5,0.7999999999999972,0.5999999999999996,Schematic internal layout
SATURN-0352,Passive5_3_3,SATURN-0352 · Photographic-layout passive study163,Mainboard,black,1,0.7167037157897841,1.5,0.7999999999999972,0.5999999999999996,Schematic internal layout
SATURN-0353,Passive5_4_0,SATURN-0353 · Photographic-layout passive study164,Mainboard,cream,1,0.716703715789784,1.5,0.7999999999999972,0.5999999999999996,Schematic internal layout
SATURN-0354,Passive5_4_1,SATURN-0354 · Photographic-layout passive study165,Mainboard,cream,1,0.7167037157897841,1.5,0.7999999999999972,0.5999999999999996,Schematic internal layout
SATURN-0355,Passive5_4_2,SATURN-0355 · Photographic-layout passive study166,Mainboard,black,1,0.716703715789784,1.5,0.7999999999999972,0.5999999999999996,Schematic internal layout
SATURN-0356,Passive5_4_3,SATURN-0356 · Photographic-layout passive study167,Mainboard,cream,1,0.7167037157897841,1.5,0.7999999999999972,0.5999999999999996,Schematic internal layout
SATURN-0357,Passive5_5_0,SATURN-0357 · Photographic-layout passive study168,Mainboard,cream,1,0.716703715789784,1.5,0.7999999999999972,0.5999999999999996,Schematic internal layout
SATURN-0358,Passive5_5_1,SATURN-0358 · Photographic-layout passive study169,Mainboard,black,1,0.7167037157897841,1.5,0.7999999999999972,0.5999999999999996,Schematic internal layout
SATURN-0359,Passive5_5_2,SATURN-0359 · Photographic-layout passive study170,Mainboard,cream,1,0.716703715789784,1.5,0.7999999999999972,0.5999999999999996,Schematic internal layout
SATURN-0360,Passive5_5_3,SATURN-0360 · Photographic-layout passive study171,Mainboard,cream,1,0.7167037157897841,1.5,0.7999999999999972,0.5999999999999996,Schematic internal layout
SATURN-0361,ClockCan,SATURN-0361 · Metal clock oscillator,Mainboard,metal,1,213.42477796076938,12.0,6.0,3.0,Schematic internal layout
SATURN-0362,OpticalDataSocket,SATURN-0362 · Board harness connector study,Mainboard,white,1,389.5879644737231,26.0,5.0,3.0,Schematic internal layout
SATURN-0363,PowerSocket,SATURN-0363 · Board harness connector study001,Mainboard,white,1,161.58796447372308,9.0,6.0,3.0,Schematic internal layout
SATURN-0364,CDSubsystemSocket,SATURN-0364 · Board harness connector study002,Mainboard,white,1,134.58796447372308,9.0,5.0,3.0,Schematic internal layout
SATURN-0365,DoorSensorSocket,SATURN-0365 · Board harness connector study003,Mainboard,white,1,119.58796447372306,8.0,5.0,3.0,Schematic internal layout
SATURN-0366,LampSocket,SATURN-0366 · Board harness connector study004,Mainboard,white,1,83.58796447372312,7.0,4.0,3.0,Schematic internal layout
SATURN-0367,MainboardCaption,SATURN-0367 · HST-3200 / MAIN VA0.5 STUDY,Mainboard,white,23,0.8499573299555891,58.41367449664429,3.221476610067116,0.018000199999999467,Approximate original Japanese exterior
SATURN-0368,CDSubsystemPCB,SATURN-0368 · Separate original CD-subsystem board002,Optical,pcb,1,8231.724959209472,94.0,98.0,0.8999999999999986,Schematic internal layout
SATURN-0369,CDStandoff0,SATURN-0369 · CD-subsystem board support,Optical,white,1,92.36282401553993,4.400000000000002,4.4,7.0,Schematic internal layout
SATURN-0370,CDScrew0,SATURN-0370 · Cross-head fastener,Optical,metal,1,11.705091017129453,3.6000000000000014,3.5999999999999996,7.33,Schematic internal layout
SATURN-0371,CDStandoff1,SATURN-0371 · CD-subsystem board support001,Optical,white,1,92.36282401553994,4.400000000000006,4.4,7.0,Schematic internal layout
SATURN-0372,CDScrew1,SATURN-0372 · Cross-head fastener001,Optical,metal,1,11.705091017129446,3.5999999999999943,3.5999999999999996,7.33,Schematic internal layout
SATURN-0373,CDStandoff2,SATURN-0373 · CD-subsystem board support002,Optical,white,1,92.36282401553989,4.400000000000002,4.400000000000006,7.0,Schematic internal layout
SATURN-0374,CDScrew2,SATURN-0374 · Cross-head fastener002,Optical,metal,1,11.705091017129442,3.6000000000000014,3.5999999999999943,7.33,Schematic internal layout
SATURN-0375,CDStandoff3,SATURN-0375 · CD-subsystem board support003,Optical,white,1,92.36282401553987,4.400000000000006,4.400000000000006,7.0,Schematic internal layout
SATURN-0376,CDScrew3,SATURN-0376 · Cross-head fastener003,Optical,metal,1,11.705091017129439,3.5999999999999943,3.5999999999999943,7.33,Schematic internal layout
SATURN-0377,CDSH1,SATURN-0377 · SH-1 QFP package,Optical,black,1,1480.8154335088084,23.0,23.0,2.8000000000000007,Schematic internal layout
SATURN-0378,CDSH1Mark,SATURN-0378 · SH-1,Optical,white,4,0.055266065858520515,5.736661173825503,1.9489934885906024,0.01800020000000302,Approximate original Japanese exterior
SATURN-0379,CDSH1Leads0,SATURN-0379 · QFP terminal bank 029,Optical,metal,25,3.0799999999999876,21.28,2.0,0.21999999999999886,Schematic internal layout
SATURN-0380,CDSH1Leads1,SATURN-0380 · QFP terminal bank 030,Optical,metal,25,3.0799999999999867,2.000000000000007,21.28,0.21999999999999886,Schematic internal layout
SATURN-0381,CDSH1Leads2,SATURN-0381 · QFP terminal bank 031,Optical,metal,25,3.079999999999989,21.28,2.000000000000007,0.21999999999999886,Schematic internal layout
SATURN-0382,CDSH1Leads3,SATURN-0382 · QFP terminal bank 032,Optical,metal,25,3.079999999999986,2.000000000000007,21.28,0.21999999999999886,Schematic internal layout
SATURN-0383,CDController,SATURN-0383 · CD CONTROL QFP package,Optical,black,1,1749.6154335088088,25.0,25.0,2.8000000000000007,Schematic internal layout
SATURN-0384,CDControllerMark,SATURN-0384 · CD CONTROL,Optical,white,9,0.17264898328059744,17.03565446241609,1.9489934885906024,0.01800020000000302,Approximate original Japanese exterior
SATURN-0385,CDControllerLeads0,SATURN-0385 · QFP terminal bank 033,Optical,metal,32,3.942399999999981,23.28,2.0,0.21999999999999886,Schematic internal layout
SATURN-0386,CDControllerLeads1,SATURN-0386 · QFP terminal bank 034,Optical,metal,32,3.9423999999999833,2.0,23.28,0.21999999999999886,Schematic internal layout
SATURN-0387,CDControllerLeads2,SATURN-0387 · QFP terminal bank 035,Optical,metal,32,3.9423999999999806,23.28,2.000000000000007,0.21999999999999886,Schematic internal layout
SATURN-0388,CDControllerLeads3,SATURN-0388 · QFP terminal bank 036,Optical,metal,32,3.9423999999999753,2.0,23.28,0.21999999999999886,Schematic internal layout
SATURN-0389,CDBufferRAM,SATURN-0389 · CD BUFFER low-profile package,Optical,black,1,523.4212366701099,28.0,11.0,1.6999999999999993,Schematic internal layout
SATURN-0390,CDBufferRAMMark,SATURN-0390 · CD BUFFER,Optical,white,8,0.11086479488323787,12.25704298523489,1.6566444953019897,0.01800020000000302,Approximate original Japanese exterior
SATURN-0391,CDBufferRAMLeads-1,SATURN-0391 · SOP lead bank022,Optical,metal,14,1.0976000000000061,26.28,1.4000000000000057,0.1999999999999993,Schematic internal layout
SATURN-0392,CDBufferRAMLeads1,SATURN-0392 · SOP lead bank023,Optical,metal,14,1.0976000000000061,26.28,1.4000000000000057,0.1999999999999993,Schematic internal layout
SATURN-0393,CDClockCan,SATURN-0393 · CD-subsystem clock oscillator,Optical,metal,1,98.90123859659495,10.0,5.0,2.0,Schematic internal layout
SATURN-0394,CDDriveRibbonSocket,SATURN-0394 · Optical transport data connector,Optical,white,1,307.69784061406364,28.0,5.0,2.1999999999999993,Schematic internal layout
SATURN-0395,CDPowerSocket,SATURN-0395 · CD-subsystem supply connector,Optical,white,1,119.76823001646923,8.0,5.0,3.0,Schematic internal layout
SATURN-0396,CDPassive0,SATURN-0396 · CD-subsystem support passive,Optical,cream,1,0.5572530964914881,1.4000000000000057,0.8000000000000007,0.5,Schematic internal layout
SATURN-0397,CDPassive1,SATURN-0397 · CD-subsystem support passive001,Optical,cream,1,0.5572530964914881,1.4000000000000057,0.8000000000000007,0.5,Schematic internal layout
SATURN-0398,CDPassive2,SATURN-0398 · CD-subsystem support passive002,Optical,cream,1,0.5572530964914881,1.4000000000000057,0.8000000000000007,0.5,Schematic internal layout
SATURN-0399,CDPassive3,SATURN-0399 · CD-subsystem support passive003,Optical,cream,1,0.5572530964914881,1.4000000000000057,0.8000000000000007,0.5,Schematic internal layout
SATURN-0400,CDPassive4,SATURN-0400 · CD-subsystem support passive004,Optical,cream,1,0.5572530964914881,1.4000000000000057,0.8000000000000007,0.5,Schematic internal layout
SATURN-0401,CDPassive5,SATURN-0401 · CD-subsystem support passive005,Optical,cream,1,0.557253096491488,1.4000000000000057,0.8000000000000007,0.5,Schematic internal layout
SATURN-0402,CDPassive6,SATURN-0402 · CD-subsystem support passive006,Optical,cream,1,0.557253096491488,1.4000000000000057,0.8000000000000007,0.5,Schematic internal layout
SATURN-0403,CDPassive7,SATURN-0403 · CD-subsystem support passive007,Optical,cream,1,0.5572530964914881,1.4000000000000057,0.8000000000000007,0.5,Schematic internal layout
SATURN-0404,CDPassive8,SATURN-0404 · CD-subsystem support passive008,Optical,cream,1,0.5572530964914881,1.4000000000000057,0.8000000000000007,0.5,Schematic internal layout
SATURN-0405,CDPassive9,SATURN-0405 · CD-subsystem support passive009,Optical,cream,1,0.5572530964914881,1.4000000000000057,0.8000000000000007,0.5,Schematic internal layout
SATURN-0406,CDPassive10,SATURN-0406 · CD-subsystem support passive010,Optical,cream,1,0.5572530964914881,1.4000000000000057,0.8000000000000007,0.5,Schematic internal layout
SATURN-0407,CDPassive11,SATURN-0407 · CD-subsystem support passive011,Optical,cream,1,0.5572530964914881,1.4000000000000057,0.8000000000000007,0.5,Schematic internal layout
SATURN-0408,CDPassive12,SATURN-0408 · CD-subsystem support passive012,Optical,cream,1,0.557253096491488,1.4000000000000057,0.8000000000000007,0.5,Schematic internal layout
SATURN-0409,CDPassive13,SATURN-0409 · CD-subsystem support passive013,Optical,cream,1,0.557253096491488,1.4000000000000057,0.8000000000000007,0.5,Schematic internal layout
SATURN-0410,BatteryHolderBase,SATURN-0410 · CR2032 rear holder base,Internal,black,1,437.4353610858428,23.599999999999994,23.599999999999994,1.0,Schematic internal layout
SATURN-0411,BatteryHolderRim,SATURN-0411 · Coin-cell locating rim,Internal,black,1,443.9604490273492,23.599999999999994,23.599999999999994,4.4,Schematic internal layout
SATURN-0412,ClockBattery,SATURN-0412 · Replaceable CR2032 cell,Internal,metal,1,1005.309649148734,20.0,20.0,3.200000000000001,Schematic internal layout
SATURN-0413,ClockBatteryMark,SATURN-0413 · CR2032,Internal,black,6,0.1063920328828107,9.741694830872476,1.9489934885905882,0.018000199999999467,Approximate original Japanese exterior
SATURN-0414,BatterySpringContact,SATURN-0414 · Coin-cell retaining spring strip,Internal,metal,1,11.336523450247034,3.0,21.0,0.17999999999999972,Schematic internal layout
SATURN-0415,ClockResetSwitch,SATURN-0415 · Rear backup-memory reset switch,Mainboard,black,1,89.50555736846769,5.0,5.0,3.5999999999999996,Schematic internal layout
SATURN-0416,ClockResetPlunger,SATURN-0416 · Backup reset plunger,Mainboard,saturnblue,1,4.926017280828795,2.799999999999997,2.8000000000000114,0.8000000000000007,Schematic internal layout
SATURN-0417,CartridgeReader,SATURN-0417 · Two-sided cartridge-edge connector study,Ports,black,1,18984.141102509344,123.0,13.0,14.0,Schematic internal layout
SATURN-0418,CartridgeContactBank-1,SATURN-0418 · Cartridge contact bank study,Ports,gold,66,60.40319999999882,107.8,0.1599999999999966,10.400000000000006,Schematic internal layout
SATURN-0419,CartridgeContactBank1,SATURN-0419 · Cartridge contact bank study001,Ports,gold,66,60.40319999999883,107.8,0.1599999999999966,10.400000000000006,Schematic internal layout
SATURN-0420,OpticalPost0,SATURN-0420 · Tall white optical-unit support,Internal,white,1,784.3190263209403,7.199999999999996,7.199999999999989,31.800000000000008,Schematic internal layout
SATURN-0421,OpticalBush0,SATURN-0421 · Optical-unit isolation ring,Optical,rubber,1,34.180528071056926,8.800000000000004,8.800000000000011,0.7999999999999972,Schematic internal layout
SATURN-0422,OpticalPostScrew0,SATURN-0422 · Cross-head fastener004,Internal,metal,1,8.686020477029647,3.5999999999999943,3.5999999999999943,4.830000000000001,Schematic internal layout
SATURN-0423,OpticalMountScrew0,SATURN-0423 · Cross-head fastener005,Optical,metal,1,9.893648693069565,3.5999999999999943,3.5999999999999943,5.829999999999998,Schematic internal layout
SATURN-0424,OpticalPost1,SATURN-0424 · Tall white optical-unit support001,Internal,white,1,784.3190263209403,7.199999999999996,7.199999999999989,31.800000000000008,Schematic internal layout
SATURN-0425,OpticalBush1,SATURN-0425 · Optical-unit isolation ring001,Optical,rubber,1,34.18052807105694,8.800000000000004,8.800000000000011,0.7999999999999972,Schematic internal layout
SATURN-0426,OpticalPostScrew1,SATURN-0426 · Cross-head fastener006,Internal,metal,1,8.686020477029643,3.5999999999999943,3.5999999999999943,4.830000000000001,Schematic internal layout
SATURN-0427,OpticalMountScrew1,SATURN-0427 · Cross-head fastener007,Optical,metal,1,9.893648693069565,3.5999999999999943,3.5999999999999943,5.829999999999998,Schematic internal layout
SATURN-0428,OpticalPost2,SATURN-0428 · Tall white optical-unit support002,Internal,white,1,784.3190263209401,7.199999999999996,7.200000000000003,31.800000000000008,Schematic internal layout
SATURN-0429,OpticalBush2,SATURN-0429 · Optical-unit isolation ring002,Optical,rubber,1,34.18052807105694,8.800000000000004,8.799999999999997,0.7999999999999972,Schematic internal layout
SATURN-0430,OpticalPostScrew2,SATURN-0430 · Cross-head fastener008,Internal,metal,1,8.68602047702965,3.5999999999999943,3.5999999999999943,4.830000000000001,Schematic internal layout
SATURN-0431,OpticalMountScrew2,SATURN-0431 · Cross-head fastener009,Optical,metal,1,9.893648693069572,3.5999999999999943,3.5999999999999943,5.829999999999998,Schematic internal layout
SATURN-0432,OpticalPost3,SATURN-0432 · Tall white optical-unit support003,Internal,white,1,784.3190263209403,7.199999999999996,7.200000000000003,31.800000000000008,Schematic internal layout
SATURN-0433,OpticalBush3,SATURN-0433 · Optical-unit isolation ring003,Optical,rubber,1,34.18052807105694,8.800000000000004,8.799999999999997,0.7999999999999972,Schematic internal layout
SATURN-0434,OpticalPostScrew3,SATURN-0434 · Cross-head fastener010,Internal,metal,1,8.686020477029647,3.5999999999999943,3.5999999999999943,4.830000000000001,Schematic internal layout
SATURN-0435,OpticalMountScrew3,SATURN-0435 · Cross-head fastener011,Optical,metal,1,9.893648693069569,3.5999999999999943,3.5999999999999943,5.829999999999998,Schematic internal layout
SATURN-0436,OpticalBase,SATURN-0436 · Optical transport mounting base001,Optical,metal,1,15129.045311819527,132.0,144.0,0.7999999999999972,Schematic internal layout
SATURN-0437,OpticalPCB,SATURN-0437 · Original optical-unit control board study001,Optical,pcb,1,12291.400991841885,106.0,129.0,0.8999999999999986,Schematic internal layout
SATURN-0438,OpticalPCBScrew0,SATURN-0438 · Cross-head fastener012,Optical,metal,1,6.506533052905029,3.4000000000000057,3.4000000000000057,3.3299999999999983,Schematic internal layout
SATURN-0439,OpticalPCBScrew1,SATURN-0439 · Cross-head fastener013,Optical,metal,1,6.506533052905027,3.4000000000000057,3.4000000000000057,3.3299999999999983,Schematic internal layout
SATURN-0440,OpticalPCBScrew2,SATURN-0440 · Cross-head fastener014,Optical,metal,1,6.506533052905031,3.4000000000000057,3.4000000000000057,3.3299999999999983,Schematic internal layout
SATURN-0441,OpticalPCBScrew3,SATURN-0441 · Cross-head fastener015,Optical,metal,1,6.506533052905029,3.4000000000000057,3.4000000000000057,3.3299999999999983,Schematic internal layout
SATURN-0442,OpticalFrame,SATURN-0442 · Black pickup transport frame003,Optical,black,1,5530.4393810031415,80.0,100.0,8.0,Schematic internal layout
SATURN-0443,OpticalBridge,SATURN-0443 · Open optical pickup bridge002,Optical,black,1,4023.8798246880574,80.0,100.0,1.0,Schematic internal layout
SATURN-0444,PickupRail0,SATURN-0444 · Optical pickup guide rod,Optical,metal,1,449.49907687562734,2.799999999999999,73.0,2.799999999999997,Schematic internal layout
SATURN-0445,PickupRail1,SATURN-0445 · Optical pickup guide rod001,Optical,metal,1,449.49907687562734,2.799999999999999,73.0,2.799999999999997,Schematic internal layout
SATURN-0446,PickupCarriage,SATURN-0446 · Guided optical pickup carriage,Optical,metal,1,3948.3326893502517,39.0000002,22.000000200000002,5.000000200000002,Schematic internal layout
SATURN-0447,PickupBlock,SATURN-0447 · Optical pickup lens body,Optical,black,1,1436.291680263508,24.0,20.0,3.0,Schematic internal layout
SATURN-0448,PickupLensRing,SATURN-0448 · Optical lens retaining ring,Optical,metal,1,14.306812944447897,8.0,8.0,0.6000000000000014,Schematic internal layout
SATURN-0449,PickupLens,SATURN-0449 · Blue optical lens study,Optical,blue,1,13.741326266801765,5.4,5.399999999999999,0.6000000000000014,Schematic internal layout
SATURN-0450,SpindleMotor,SATURN-0450 · Disc spindle motor,Optical,metal,1,1727.875959474386,20.0,20.0,5.5,Schematic internal layout
SATURN-0451,SpindleShaft,SATURN-0451 · Disc spindle shaft,Optical,metal,1,115.56034416964695,4.4,4.399999999999999,7.600000000000001,Schematic internal layout
SATURN-0452,Turntable,SATURN-0452 · Disc turntable,Optical,black,1,1166.159193012532,32.0,32.0,1.4500000000000028,Schematic internal layout
SATURN-0453,SpindleCone,SATURN-0453 · Disc-centering cone,Optical,black,1,252.23847415672444,12.0,12.0,3.0,Schematic internal layout
SATURN-0454,SledLeadScrew,SATURN-0454 · Optical sled screw and helical thread,Optical,metal,1,140.0862377440729,2.0400804456689308,71.0000002,2.040087186423321,Schematic internal layout
SATURN-0455,SledNut,SATURN-0455 · Optical carriage drive nut001,Optical,white,1,95.49670970561156,5.0,6.0,4.0,Schematic internal layout
SATURN-0456,SledMotor,SATURN-0456 · Optical sled motor,Optical,metal,1,1847.2564803107985,14.0,12.0,14.0,Schematic internal layout
SATURN-0457,SledMotorShaft,SATURN-0457 · Optical sled motor shaft,Optical,metal,1,28.274333882308138,2.0,9.0,2.0,Schematic internal layout
SATURN-0458,SledGear,SATURN-0458 · Sled drive gear study,Optical,white,1,42.10390856696739,8.341775038421382,1.0000000000000089,8.341775038421389,Schematic internal layout
SATURN-0459,OpticalDriver,SATURN-0459 · DRIVE CTRL QFP package,Optical,black,1,716.4154335088081,16.0,16.0,2.799999999999997,Schematic internal layout
SATURN-0460,OpticalDriverMark,SATURN-0460 · DRIVE CTRL,Optical,white,9,0.15385954354533776,15.085822247651006,1.9489934885906024,0.01800020000000302,Approximate original Japanese exterior
SATURN-0461,OpticalDriverLeads0,SATURN-0461 · QFP terminal bank 037,Optical,metal,16,1.97119999999999,14.280000000000001,2.0,0.21999999999999886,Schematic internal layout
SATURN-0462,OpticalDriverLeads1,SATURN-0462 · QFP terminal bank 038,Optical,metal,16,1.97119999999999,2.0,14.280000000000001,0.21999999999999886,Schematic internal layout
SATURN-0463,OpticalDriverLeads2,SATURN-0463 · QFP terminal bank 039,Optical,metal,16,1.9711999999999914,14.280000000000001,2.0,0.21999999999999886,Schematic internal layout
SATURN-0464,OpticalDriverLeads3,SATURN-0464 · QFP terminal bank 040,Optical,metal,16,1.971199999999989,2.000000000000007,14.280000000000001,0.21999999999999886,Schematic internal layout
SATURN-0465,OpticalUnitDataSocket,SATURN-0465 · Optical-unit flat-cable socket,Optical,white,1,159.72530964914873,20.0,4.0,2.0,Schematic internal layout
SATURN-0466,OpticalPowerSocket,SATURN-0466 · Optical-unit supply connector,Optical,white,1,107.62916802635083,8.0,5.0,2.700000000000003,Schematic internal layout
SATURN-0467,OpticalCap0,SATURN-0467 · Transport-board capacitor,Optical,metal,1,197.92033717615692,6.0,6.0,7.0,Schematic internal layout
SATURN-0468,OpticalCap1,SATURN-0468 · Transport-board capacitor001,Optical,metal,1,197.92033717615692,6.0,6.0,7.0,Schematic internal layout
SATURN-0469,OpticalPassive0,SATURN-0469 · Transport-board passive,Optical,cream,1,0.5572530964914867,1.4000000000000004,0.7999999999999972,0.5,Schematic internal layout
SATURN-0470,OpticalPassive1,SATURN-0470 · Transport-board passive001,Optical,cream,1,0.5572530964914867,1.4000000000000004,0.7999999999999972,0.5,Schematic internal layout
SATURN-0471,OpticalPassive2,SATURN-0471 · Transport-board passive002,Optical,cream,1,0.5572530964914867,1.4000000000000001,0.7999999999999972,0.5,Schematic internal layout
SATURN-0472,OpticalPassive3,SATURN-0472 · Transport-board passive003,Optical,cream,1,0.5572530964914867,1.4000000000000004,0.7999999999999972,0.5,Schematic internal layout
SATURN-0473,OpticalPassive4,SATURN-0473 · Transport-board passive004,Optical,cream,1,0.5572530964914868,1.4000000000000004,0.7999999999999972,0.5,Schematic internal layout
SATURN-0474,OpticalPassive5,SATURN-0474 · Transport-board passive005,Optical,cream,1,0.5572530964914868,1.4000000000000004,0.7999999999999972,0.5,Schematic internal layout
SATURN-0475,OpticalPassive6,SATURN-0475 · Transport-board passive006,Optical,cream,1,0.5572530964914867,1.4000000000000001,0.7999999999999972,0.5,Schematic internal layout
SATURN-0476,OpticalPassive7,SATURN-0476 · Transport-board passive007,Optical,cream,1,0.5572530964914868,1.4000000000000004,0.7999999999999972,0.5,Schematic internal layout
SATURN-0477,OpticalPassive8,SATURN-0477 · Transport-board passive008,Optical,cream,1,0.5572530964914869,1.4000000000000004,0.7999999999999972,0.5,Schematic internal layout
SATURN-0478,OpticalPassive9,SATURN-0478 · Transport-board passive009,Optical,cream,1,0.5572530964914868,1.4000000000000004,0.7999999999999972,0.5,Schematic internal layout
SATURN-0479,OpticalPassive10,SATURN-0479 · Transport-board passive010,Optical,cream,1,0.5572530964914868,1.4000000000000001,0.7999999999999972,0.5,Schematic internal layout
SATURN-0480,OpticalPassive11,SATURN-0480 · Transport-board passive011,Optical,cream,1,0.5572530964914868,1.4000000000000004,0.7999999999999972,0.5,Schematic internal layout
SATURN-0481,PSUPCB,SATURN-0481 · Upper-housing power-supply board001,Power,pcb,1,6676.7235410522635,36.0,155.0,1.2000000000000028,Schematic internal layout
SATURN-0482,PSUTransformer,SATURN-0482 · Power transformer ferrite core001,Power,black,1,8122.192833666109,24.0,26.0,20.0,Schematic internal layout
SATURN-0483,PSUWinding,SATURN-0483 · Transformer insulated winding,Power,cream,1,4065.1302640355284,18.0,26.6,8.5,Schematic internal layout
SATURN-0484,PSUBulkCap,SATURN-0484 · Primary smoothing capacitor,Power,black,1,2035.7520395261854,12.0,12.0,18.0,Schematic internal layout
SATURN-0485,PSUOutputCap,SATURN-0485 · Secondary smoothing capacitor,Power,metal,1,954.2587685278997,9.0,9.0,15.0,Schematic internal layout
SATURN-0486,PSUOutputCoil,SATURN-0486 · Secondary filter coil,Power,copper,1,785.3981633974483,10.0,10.0,10.0,Schematic internal layout
SATURN-0487,PSUInputCoil,SATURN-0487 · Input filter choke,Power,cream,1,706.8583470577034,10.0,10.0,9.0,Schematic internal layout
SATURN-0488,PSURectifier,SATURN-0488 · Primary rectifier study,Power,black,1,167.24889357189107,8.0,6.0,3.5,Schematic internal layout
SATURN-0489,PSUHeatPlate0,SATURN-0489 · Power-device heat spreader,Power,metal,1,516.6369026041846,0.8000000000000114,34.0,19.0,Schematic internal layout
SATURN-0490,PSUHeatPlate1,SATURN-0490 · Power-device heat spreader001,Power,metal,1,604.645486677649,0.8000000000000114,42.0,18.0,Schematic internal layout
SATURN-0491,PSUFuse,SATURN-0491 · Cartridge fuse study,Power,metal,1,118.02963599536855,3.4000000000000057,13.0,3.4000000000000057,Schematic internal layout
SATURN-0492,PSUFuseClip0,SATURN-0492 · Fuse retaining clip,Power,metal,1,6.679811379695268,4.400000000000006,1.5,4.400000000000006,Schematic internal layout
SATURN-0493,PSUFuseClip1,SATURN-0493 · Fuse retaining clip001,Power,metal,1,6.679811379695268,4.400000000000006,1.5,4.400000000000006,Schematic internal layout
SATURN-0494,PSUOutputSocket,SATURN-0494 · Six-position supply harness socket study,Power,white,1,209.58796447372305,14.0,5.0,3.0,Schematic internal layout
SATURN-0495,PSUOutputPin0,SATURN-0495 · Supply harness contact study,Power,gold,1,0.16857938040026016,0.6500000000000057,2.5999999999999943,0.10000000000000142,Schematic internal layout
SATURN-0496,PSUOutputPin1,SATURN-0496 · Supply harness contact study001,Power,gold,1,0.16857938040026016,0.6500000000000057,2.5999999999999943,0.10000000000000142,Schematic internal layout
SATURN-0497,PSUOutputPin2,SATURN-0497 · Supply harness contact study002,Power,gold,1,0.16857938040026013,0.6500000000000057,2.5999999999999943,0.10000000000000142,Schematic internal layout
SATURN-0498,PSUOutputPin3,SATURN-0498 · Supply harness contact study003,Power,gold,1,0.16857938040026013,0.6500000000000057,2.5999999999999943,0.10000000000000142,Schematic internal layout
SATURN-0499,PSUOutputPin4,SATURN-0499 · Supply harness contact study004,Power,gold,1,0.16857938040026016,0.6500000000000057,2.5999999999999943,0.10000000000000142,Schematic internal layout
SATURN-0500,PSUOutputPin5,SATURN-0500 · Supply harness contact study005,Power,gold,1,0.16857938040026016,0.6500000000000057,2.5999999999999943,0.10000000000000142,Schematic internal layout
SATURN-0501,PSUFixing0,SATURN-0501 · Cross-head fastener016,Power,metal,1,11.705091017129437,3.5999999999999943,3.5999999999999943,7.329999999999998,Schematic internal layout
SATURN-0502,PSUFixing1,SATURN-0502 · Cross-head fastener017,Power,metal,1,11.705091017129437,3.5999999999999943,3.5999999999999943,7.329999999999998,Schematic internal layout
SATURN-0503,PSUFixing2,SATURN-0503 · Cross-head fastener018,Power,metal,1,11.705091017129437,3.5999999999999943,3.5999999999999943,7.329999999999998,Schematic internal layout
SATURN-0504,PSUFixing3,SATURN-0504 · Cross-head fastener019,Power,metal,1,11.705091017129437,3.5999999999999943,3.5999999999999943,7.329999999999998,Schematic internal layout
SATURN-0505,PSUBracket,SATURN-0505 · Power board retaining frame,Power,metal,1,950.3671458676376,39.0,162.0,0.45000000000000284,Schematic internal layout
SATURN-0506,PowerSwitch,SATURN-0506 · Latching power-switch body,Controls,black,1,1137.1327412287183,13.0,11.0,8.0,Schematic internal layout
SATURN-0507,PowerSwitchPlunger,SATURN-0507 · Power-switch actuator,Controls,white,1,88.73814120077702,6.0,5.0,3.0,Schematic internal layout
SATURN-0508,PowerSwitchInsulator,SATURN-0508 · Power-switch insulating sleeve,Controls,cream,1,89.10555736846815,16.0,14.0,0.4000000000000057,Schematic internal layout
SATURN-0509,MainsInletLead0,SATURN-0509 · Mains inlet lead study,Power,black,1,18.763091201232104,10.140000199999989,30.532368776758034,3.4318439837901877,Schematic internal layout
SATURN-0510,MainsInletLead1,SATURN-0510 · Mains inlet lead study001,Power,white,1,18.56601380263714,9.540000199999994,30.532368776758034,3.4318439837901806,Schematic internal layout
SATURN-0511,LowerShield,SATURN-0511 · Lower mainboard screening plate,Shield,metal,1,11725.486731906029,236.0,205.0,0.25,Schematic internal layout
SATURN-0512,MainShield,SATURN-0512 · Upper mainboard shield with service passages006,Shield,metal,1,15226.11088072359,230.0,199.0,0.34999999999999787,Schematic internal layout
SATURN-0513,FrontPortBar,SATURN-0513 · Controller-port retaining crossbar002,Internal,metal,1,859.1860357071429,160.0,9.0,0.5999999999999996,Schematic internal layout
SATURN-0514,FrontPortScrew0,SATURN-0514 · Cross-head fastener020,Internal,metal,1,11.705091017129439,3.5999999999999943,3.5999999999999943,7.33,Schematic internal layout
SATURN-0515,FrontPortScrew1,SATURN-0515 · Cross-head fastener021,Internal,metal,1,11.705091017129435,3.5999999999999943,3.5999999999999943,7.33,Schematic internal layout
SATURN-0516,CaseScrew0,SATURN-0516 · Cross-head fastener022,Internal,metal,1,47.528372928141835,4.0,4.0,36.330000000000005,Schematic internal layout
SATURN-0517,CaseScrew1,SATURN-0517 · Cross-head fastener023,Internal,metal,1,47.528372928141835,4.0,4.0,36.330000000000005,Schematic internal layout
SATURN-0518,CaseScrew2,SATURN-0518 · Cross-head fastener024,Internal,metal,1,47.528372928141835,4.0,4.0,36.330000000000005,Schematic internal layout
SATURN-0519,CaseScrew3,SATURN-0519 · Cross-head fastener025,Internal,metal,1,47.528372928141835,4.0,4.0,36.330000000000005,Schematic internal layout
SATURN-0520,MainboardCenterScrew,SATURN-0520 · Cross-head fastener026,Internal,metal,1,10.497462801089526,3.6,3.6,6.33,Schematic internal layout
SATURN-0521,LidHingePin-1,SATURN-0521 · Disc-lid steel hinge pin,Optical,metal,1,85.05862109594374,30.0,1.9000000000000057,1.9000000000000057,Schematic internal layout
SATURN-0522,LidHingePin1,SATURN-0522 · Disc-lid steel hinge pin001,Optical,metal,1,85.05862109594374,30.0,1.9000000000000057,1.9000000000000057,Schematic internal layout
SATURN-0523,LidReturnSpring,SATURN-0523 · Right CD-lid return spring study,Optical,metal,1,11.979694728108099,5.978340835886399,4.680000199999178,4.680000200000094,Schematic internal layout
SATURN-0524,LidHingeWasher-1,SATURN-0524 · Hinge retaining washer,Optical,metal,1,2.3503040039668703,0.3499999999999943,3.5999999999999943,3.5999999999999943,Schematic internal layout
SATURN-0525,LidHingeWasher1,SATURN-0525 · Hinge retaining washer001,Optical,metal,1,2.3503040039668703,0.3499999999999943,3.5999999999999943,3.5999999999999943,Schematic internal layout
SATURN-0526,LidSectorGear,SATURN-0526 · Left disc-lid sector gear study,Optical,black,1,665.8578924282436,2.0000000000000284,29.95888604263721,17.97944302131861,Schematic internal layout
SATURN-0527,LidDampingPinion,SATURN-0527 · Lid gear-train pinion study,Optical,black,1,84.0395043715034,2.0000000000000284,8.1431613470304,8.1431613470304,Schematic internal layout
SATURN-0528,LidPinionShaft,SATURN-0528 · Pinion journal pin,Optical,metal,1,10.441083184205672,4.599999999999994,1.7000000000000028,1.7000000000000028,Schematic internal layout
SATURN-0529,LidGearBracket,SATURN-0529 · Metal lid-gear retaining bracket,Optical,metal,1,230.94172009607132,0.5999999999999943,16.0,24.700000000000188,Schematic internal layout
SATURN-0530,LidBracketScrew0,SATURN-0530 · Lid bracket fixing,Optical,metal,1,6.921556934389038,5.030000000000001,3.0,3.0,Schematic internal layout
SATURN-0531,LidBracketScrew1,SATURN-0531 · Lid bracket fixing001,Optical,metal,1,6.921556934389038,5.030000000000001,3.0,3.0,Schematic internal layout
SATURN-0532,CartridgeHingePin,SATURN-0532 · Full-width cartridge door hinge pin,Ports,metal,1,134.13343993766992,118.6,1.1999999999999886,1.1999999999999886,Schematic internal layout
SATURN-0533,CartridgeSpring,SATURN-0533 · Right cartridge dust-door return spring,Ports,metal,1,2.0624785195749715,4.2971678213857984,2.6000548301378075,2.59999928792476,Schematic internal layout
SATURN-0534,OpenLatchSlider,SATURN-0534 · CD-lid release slider and catch,Controls,white,1,641.0381412007772,8.0,18.80000000000001,10.150000000000006,Schematic internal layout
SATURN-0535,OpenLatchGuide-1,SATURN-0535 · Release-slider guide rail,Controls,black,1,71.69097335529233,1.5,12.0,4.0,Schematic internal layout
SATURN-0536,OpenLatchGuide1,SATURN-0536 · Release-slider guide rail001,Controls,black,1,71.69097335529233,1.5,12.0,4.0,Schematic internal layout
SATURN-0537,OpenLatchBracket,SATURN-0537 · Metal release mechanism support plate002,Controls,metal,1,198.435486858512,36.0,14.0,0.3999999999999986,Schematic internal layout
SATURN-0538,OpenBracketScrew0,SATURN-0538 · Cross-head fastener027,Controls,metal,1,11.10127690910948,3.6000000000000014,3.5999999999999943,6.829999999999998,Schematic internal layout
SATURN-0539,OpenBracketScrew1,SATURN-0539 · Cross-head fastener028,Controls,metal,1,11.101276909109485,3.6000000000000014,3.5999999999999943,6.829999999999998,Schematic internal layout
SATURN-0540,OpenSpringPin,SATURN-0540 · Release return-spring journal,Controls,metal,1,9.047786842338613,1.1999999999999993,1.1999999999999886,8.0,Schematic internal layout
SATURN-0541,OpenReturnSpring,SATURN-0541 · Release torsion-coil study,Controls,metal,1,4.28030833727714,4.000031184412195,4.000035845749835,3.398445710313453,Schematic internal layout
SATURN-0542,OpenSpringWasher,SATURN-0542 · Release spring retaining washer,Controls,metal,1,4.021238596594933,4.800000000000001,4.800000000000011,0.25,Schematic internal layout
SATURN-0543,DoorSenseSwitch,SATURN-0543 · Disc-door sensing switch,Controls,black,1,159.3132741228719,10.0,5.0,3.200000000000003,Schematic internal layout
SATURN-0544,DoorSensePlunger,SATURN-0544 · Disc-door sensing actuator,Controls,white,1,1.4702653618800245,1.3,1.1999999999999886,1.1999999999999886,Schematic internal layout
SATURN-0545,ResetPCB,SATURN-0545 · Separate reset switch board,Controls,pcb,1,55.84977871437829,10.0,8.0,0.7000000000000028,Schematic internal layout
SATURN-0546,ResetSwitch,SATURN-0546 · Reset tactile switch,Controls,black,1,191.14159265358975,8.0,6.0,4.0,Schematic internal layout
SATURN-0547,ResetSwitchPlunger,SATURN-0547 · Reset switch actuator,Controls,white,1,4.247433267653399,2.5999999999999943,2.5999999999999943,0.7999999999999972,Schematic internal layout
SATURN-0548,PowerLampPCB,SATURN-0548 · Separate Power lamp board002,Controls,pcb,1,85.79663742316806,14.0,8.0,0.7999999999999972,Schematic internal layout
SATURN-0549,PowerLamp,SATURN-0549 · Indicator emitter,Controls,led,1,35.185837720205654,4.0,4.0,2.799999999999997,Schematic internal layout
SATURN-0550,PowerLightPipe,SATURN-0550 · Indicator light pipe,Controls,white,1,23.43942278843346,1.7999999999999972,1.8000000000000114,9.211111111111109,Schematic internal layout
SATURN-0551,PowerLampScrew0,SATURN-0551 · Cross-head fastener029,Controls,metal,1,7.66952057047715,2.5999999999999943,2.5999999999999943,5.330000000000005,Schematic internal layout
SATURN-0552,PowerLampScrew1,SATURN-0552 · Cross-head fastener030,Controls,metal,1,7.66952057047715,2.5999999999999943,2.5999999999999943,5.330000000000005,Schematic internal layout
SATURN-0553,AccessLampPCB,SATURN-0553 · Separate Access lamp board002,Controls,pcb,1,85.79663742316806,14.0,8.0,0.7999999999999972,Schematic internal layout
SATURN-0554,AccessLamp,SATURN-0554 · Indicator emitter001,Controls,red,1,35.185837720205654,4.0,4.0,2.799999999999997,Schematic internal layout
SATURN-0555,AccessLightPipe,SATURN-0555 · Indicator light pipe001,Controls,white,1,23.43942278843346,1.7999999999999972,1.8000000000000114,9.211111111111109,Schematic internal layout
SATURN-0556,AccessLampScrew0,SATURN-0556 · Cross-head fastener031,Controls,metal,1,7.669520570477152,2.5999999999999943,2.5999999999999943,5.330000000000005,Schematic internal layout
SATURN-0557,AccessLampScrew1,SATURN-0557 · Cross-head fastener032,Controls,metal,1,7.669520570477152,2.5999999999999943,2.5999999999999943,5.330000000000005,Schematic internal layout
SATURN-0558,PadBack,SATURN-0558 · Original grey HSS-0101 rear shell014,Controller,padgrey,1,25425.527989515424,150.0000002,95.7032331074586,13.4000001,Approximate original Japanese exterior
SATURN-0559,PadFront,SATURN-0559 · Original grey HSS-0101 front shell012,Controller,padgrey,1,20411.019922095333,150.0000002,95.7032331074586,12.750000200000002,Approximate original Japanese exterior
SATURN-0560,PadDPad,SATURN-0560 · Floating disc and raised directional cross001,Controller,black,1,2294.633948628219,35.2,35.19999999999999,5.449999999999999,Approximate original Japanese exterior
SATURN-0561,PadDirectionMarks,SATURN-0561 · Four directional moulding marks,Controller,metal,4,0.15299999999999772,21.920310216782976,21.92031021678298,0.02499999999999858,Approximate original Japanese exterior
SATURN-0562,PadA,SATURN-0562 · Original A action key001,Controller,black,1,440.32562632714564,14.400000000000002,14.399999999999977,4.699999999999999,Approximate original Japanese exterior
SATURN-0563,PadAMark,SATURN-0563 · A,Controller,metal,1,0.04345788608199021,2.582214765100673,2.818791946308721,0.018000000000000682,Approximate original Japanese exterior
SATURN-0564,PadB,SATURN-0564 · Original B action key001,Controller,black,1,440.32562632714564,14.400000000000006,14.399999999999977,4.699999999999999,Approximate original Japanese exterior
SATURN-0565,PadBMark,SATURN-0565 · B,Controller,metal,1,0.05473754913031846,1.9989515422818869,2.8187921463087093,0.01800020000000302,Approximate original Japanese exterior
SATURN-0566,PadC,SATURN-0566 · Original C action key001,Controller,black,1,440.32562632714564,14.400000000000006,14.399999999999977,4.699999999999999,Approximate original Japanese exterior
SATURN-0567,PadCMark,SATURN-0567 · C,Controller,metal,1,0.0368491353940283,2.2726512067114086,2.9234901328859166,0.01800020000000302,Approximate original Japanese exterior
SATURN-0568,PadX,SATURN-0568 · Original X action key001,Controller,saturnblue,1,273.0421007087961,11.200000000000001,11.199999999999989,4.699999999999999,Approximate original Japanese exterior
SATURN-0569,PadXMark,SATURN-0569 · X,Controller,metal,1,0.039695961708862096,2.412332214765101,2.818791946308721,0.018000000000000682,Approximate original Japanese exterior
SATURN-0570,PadY,SATURN-0570 · Original Y action key001,Controller,saturnblue,1,273.0421007087961,11.200000000000003,11.199999999999989,4.699999999999999,Approximate original Japanese exterior
SATURN-0571,PadYMark,SATURN-0571 · Y,Controller,metal,1,0.029682161382089053,2.37646812080537,2.818791946308721,0.018000000000000682,Approximate original Japanese exterior
SATURN-0572,PadZ,SATURN-0572 · Original Z action key001,Controller,saturnblue,1,273.04210070879617,11.200000000000003,11.199999999999989,4.699999999999999,Approximate original Japanese exterior
SATURN-0573,PadZMark,SATURN-0573 · Z,Controller,metal,1,0.04378666867483484,2.30096476510068,2.818791946308721,0.018000000000000682,Approximate original Japanese exterior
SATURN-0574,PadStart,SATURN-0574 · Original blue oval START key001,Controller,saturnblue,1,95.03003617843771,11.0,5.5,3.8999999999999986,Approximate original Japanese exterior
SATURN-0575,PadStartMark,SATURN-0575 · START,Controller,metal,5,0.08706970289908238,7.790436341610739,1.9489934885905882,0.01800020000000302,Approximate original Japanese exterior
SATURN-0576,PadSegaMark,SATURN-0576 · SEGA001,Controller,saturnblue,4,0.5951136403910826,18.792051274496643,5.359731743624138,0.01800020000000302,Approximate original Japanese exterior
SATURN-0577,PadShoulderL,SATURN-0577 · Original L shoulder key,Controller,padgrey,1,991.6977054525483,31.00000020000002,9.000000199999988,4.000000799999995,Approximate original Japanese exterior
SATURN-0578,PadShoulderR,SATURN-0578 · Original R shoulder key,Controller,padgrey,1,991.6976417670201,31.000000200000006,9.000000199999988,4.000000799999995,Approximate original Japanese exterior
SATURN-0579,PadPCB,SATURN-0579 · HSS-0101 phenolic controller board study005,Controller,copper,1,7826.919636574885,132.0,63.0,1.1000000000000085,Schematic internal layout
SATURN-0580,PadDPadMembrane,SATURN-0580 · Moulded silicone button membrane,Controller,saturnblue,1,639.0956363208632,33.0,33.0,3.8000000000000007,Schematic internal layout
SATURN-0581,PadActionMembrane,SATURN-0581 · Silicone action membrane inside controller cavity,Controller,saturnblue,1,1573.4323396286236,53.000000199999995,64.00000019999999,3.800000100000002,Schematic internal layout
SATURN-0582,PadStartMembrane,SATURN-0582 · Moulded silicone button membrane002,Controller,saturnblue,1,104.85388232167104,16.0,10.0,3.8000000000000007,Schematic internal layout
SATURN-0583,PadCarbon0,SATURN-0583 · Printed carbon contact,Controller,black,1,1.1451105222334848,5.400000000000006,5.399999999999977,0.05000000000000071,Schematic internal layout
SATURN-0584,PadPill0,SATURN-0584 · Conductive silicone contact pill,Controller,black,1,1.6535395941051436,3.4200000000000017,3.420000000000016,0.17999999999999972,Schematic internal layout
SATURN-0585,PadCarbon1,SATURN-0585 · Printed carbon contact001,Controller,black,1,1.1451105222334845,5.400000000000002,5.399999999999977,0.05000000000000071,Schematic internal layout
SATURN-0586,PadPill1,SATURN-0586 · Conductive silicone contact pill001,Controller,black,1,1.6535395941051436,3.4200000000000017,3.420000000000016,0.17999999999999972,Schematic internal layout
SATURN-0587,PadCarbon2,SATURN-0587 · Printed carbon contact002,Controller,black,1,1.1451105222334848,5.400000000000006,5.399999999999977,0.05000000000000071,Schematic internal layout
SATURN-0588,PadPill2,SATURN-0588 · Conductive silicone contact pill002,Controller,black,1,1.6535395941051436,3.4200000000000017,3.420000000000016,0.17999999999999972,Schematic internal layout
SATURN-0589,PadCarbon3,SATURN-0589 · Printed carbon contact003,Controller,black,1,1.1451105222334848,5.400000000000006,5.399999999999977,0.05000000000000071,Schematic internal layout
SATURN-0590,PadPill3,SATURN-0590 · Conductive silicone contact pill003,Controller,black,1,1.6535395941051436,3.4200000000000017,3.420000000000016,0.17999999999999972,Schematic internal layout
SATURN-0591,PadCarbon4,SATURN-0591 · Printed carbon contact004,Controller,black,1,1.1451105222334845,5.399999999999999,5.399999999999977,0.05000000000000071,Schematic internal layout
SATURN-0592,PadPill4,SATURN-0592 · Conductive silicone contact pill004,Controller,black,1,1.653539594105144,3.4200000000000017,3.420000000000016,0.17999999999999972,Schematic internal layout
SATURN-0593,PadCarbon5,SATURN-0593 · Printed carbon contact005,Controller,black,1,1.1451105222334848,5.400000000000006,5.399999999999977,0.05000000000000071,Schematic internal layout
SATURN-0594,PadPill5,SATURN-0594 · Conductive silicone contact pill005,Controller,black,1,1.653539594105144,3.4200000000000017,3.420000000000016,0.17999999999999972,Schematic internal layout
SATURN-0595,PadCarbon6,SATURN-0595 · Printed carbon contact006,Controller,black,1,1.1451105222334848,5.400000000000006,5.399999999999977,0.05000000000000071,Schematic internal layout
SATURN-0596,PadPill6,SATURN-0596 · Conductive silicone contact pill006,Controller,black,1,1.6535395941051436,3.4200000000000017,3.420000000000016,0.17999999999999972,Schematic internal layout
SATURN-0597,PadCarbon7,SATURN-0597 · Printed carbon contact007,Controller,black,1,1.1451105222334845,5.399999999999999,5.399999999999977,0.05000000000000071,Schematic internal layout
SATURN-0598,PadPill7,SATURN-0598 · Conductive silicone contact pill007,Controller,black,1,1.6535395941051436,3.4200000000000017,3.420000000000016,0.17999999999999972,Schematic internal layout
SATURN-0599,PadCarbon8,SATURN-0599 · Printed carbon contact008,Controller,black,1,1.1451105222334848,5.400000000000002,5.399999999999977,0.05000000000000071,Schematic internal layout
SATURN-0600,PadPill8,SATURN-0600 · Conductive silicone contact pill008,Controller,black,1,1.6535395941051436,3.4200000000000017,3.420000000000016,0.17999999999999972,Schematic internal layout
SATURN-0601,PadCarbon9,SATURN-0601 · Printed carbon contact009,Controller,black,1,1.1451105222334848,5.400000000000006,5.399999999999977,0.05000000000000071,Schematic internal layout
SATURN-0602,PadPill9,SATURN-0602 · Conductive silicone contact pill009,Controller,black,1,1.6535395941051436,3.4200000000000017,3.420000000000016,0.17999999999999972,Schematic internal layout
SATURN-0603,PadCarbon10,SATURN-0603 · Printed carbon contact010,Controller,black,1,0.5089380098815486,3.5999999999999996,3.6000000000000227,0.05000000000000071,Schematic internal layout
SATURN-0604,PadPill10,SATURN-0604 · Conductive silicone contact pill010,Controller,black,1,0.7349064862689514,2.2800000000000002,2.2799999999999727,0.17999999999999972,Schematic internal layout
SATURN-0605,PadLogic,SATURN-0605 · Controller I/O logic study package,Controller,black,1,95.72530964914871,8.0,6.0,2.0,Schematic internal layout
SATURN-0606,PadLogicMark,SATURN-0606 · PAD I/O,Controller,white,6,0.03574311381300446,5.5304699986577175,1.2885907040268307,0.01800020000000302,Approximate original Japanese exterior
SATURN-0607,PadLogicLeads-1,SATURN-0607 · Controller logic lead bank,Controller,metal,4,0.2764799999999969,5.27,1.1999999999999886,0.17999999999999972,Schematic internal layout
SATURN-0608,PadLogicLeads1,SATURN-0608 · Controller logic lead bank001,Controller,metal,4,0.2764799999999969,5.27,1.1999999999999886,0.17999999999999972,Schematic internal layout
SATURN-0609,PadPassive0,SATURN-0609 · Controller support passive,Controller,cream,1,0.620703715789788,1.3000000000000007,0.8000000000000114,0.6000000000000014,Schematic internal layout
SATURN-0610,PadPassive1,SATURN-0610 · Controller support passive001,Controller,black,1,0.6207037157897881,1.3000000000000007,0.8000000000000114,0.6000000000000014,Schematic internal layout
SATURN-0611,PadPassive2,SATURN-0611 · Controller support passive002,Controller,cream,1,0.6207037157897882,1.3000000000000007,0.8000000000000114,0.6000000000000014,Schematic internal layout
SATURN-0612,PadPassive3,SATURN-0612 · Controller support passive003,Controller,black,1,0.620703715789788,1.3000000000000007,0.8000000000000114,0.6000000000000014,Schematic internal layout
SATURN-0613,PadPassive4,SATURN-0613 · Controller support passive004,Controller,cream,1,0.6207037157897881,1.3,0.8000000000000114,0.6000000000000014,Schematic internal layout
SATURN-0614,PadPassive5,SATURN-0614 · Controller support passive005,Controller,black,1,0.6207037157897881,1.3000000000000007,0.8000000000000114,0.6000000000000014,Schematic internal layout
SATURN-0615,PadPassive6,SATURN-0615 · Controller support passive006,Controller,cream,1,0.6207037157897882,1.3000000000000007,0.8000000000000114,0.6000000000000014,Schematic internal layout
SATURN-0616,PadPassive7,SATURN-0616 · Controller support passive007,Controller,black,1,0.6207037157897881,1.3000000000000007,0.8000000000000114,0.6000000000000014,Schematic internal layout
SATURN-0617,PadCableConnector,SATURN-0617 · Nine-position controller harness connector,Controller,white,1,155.6429025438934,12.0,5.0,2.6000000000000014,Schematic internal layout
SATURN-0618,PadShoulderSwitchL,SATURN-0618 · Shoulder microswitch,Controller,black,1,172.02743338823083,8.0,6.0,3.6000000000000014,Schematic internal layout
SATURN-0619,PadShoulderActuatorL,SATURN-0619 · Shoulder switch actuator,Controller,white,1,0.8042477193189912,1.5999999999999943,0.4000000000000057,1.6000000000000014,Schematic internal layout
SATURN-0620,PadShoulderSwitchR,SATURN-0620 · Shoulder microswitch001,Controller,black,1,172.02743338823083,8.0,6.0,3.6000000000000014,Schematic internal layout
SATURN-0621,PadShoulderActuatorR,SATURN-0621 · Shoulder switch actuator001,Controller,white,1,0.8042477193189912,1.6000000000000014,0.4000000000000057,1.6000000000000014,Schematic internal layout
SATURN-0622,PadCaseScrew0,SATURN-0622 · Cross-head fastener033,Controller,metal,1,29.451469157663386,3.4000000000000057,3.3999999999999773,22.330000000000002,Schematic internal layout
SATURN-0623,PadCaseScrew1,SATURN-0623 · Cross-head fastener034,Controller,metal,1,29.451469157663386,3.4000000000000057,3.3999999999999773,22.330000000000002,Schematic internal layout
SATURN-0624,PadCaseScrew2,SATURN-0624 · Cross-head fastener035,Controller,metal,1,29.45146915766337,3.3999999999999986,3.3999999999999773,22.330000000000002,Schematic internal layout
SATURN-0625,PadCaseScrew3,SATURN-0625 · Cross-head fastener036,Controller,metal,1,29.45146915766337,3.3999999999999986,3.3999999999999773,22.330000000000002,Schematic internal layout
SATURN-0626,PadCaseScrew4,SATURN-0626 · Cross-head fastener037,Controller,metal,1,29.45146915766337,3.3999999999999986,3.3999999999999773,22.330000000000002,Schematic internal layout
SATURN-0627,SupplyLead0,SATURN-0627 · PSU to mainboard harness study,Power,red,1,15.746552382674507,17.1100002,110.36000020000002,33.880000100000004,Schematic internal layout
SATURN-0628,SupplyLead1,SATURN-0628 · PSU to mainboard harness study001,Power,black,1,16.458169906812486,19.510000200000007,111.74744573331623,34.48000010000001,Schematic internal layout
SATURN-0629,SupplyLead2,SATURN-0629 · PSU to mainboard harness study002,Power,red,1,17.171521399601236,21.9100002,113.1382302778465,35.08000010000001,Schematic internal layout
SATURN-0630,SupplyLead3,SATURN-0630 · PSU to mainboard harness study003,Power,black,1,17.88596799642575,24.310000200000005,114.53118872355745,35.6800001,Schematic internal layout
SATURN-0631,SupplyLead4,SATURN-0631 · PSU to mainboard harness study004,Power,red,1,18.60115194576072,26.710000199999996,115.92563736354501,36.28000010000001,Schematic internal layout
SATURN-0632,SupplyLead5,SATURN-0632 · PSU to mainboard harness study005,Power,black,1,19.316857683539254,29.1100002,117.32115034114727,36.880000100000004,Schematic internal layout
SATURN-0633,PowerSwitchLead0,SATURN-0633 · Latching power-switch lead,Power,black,1,9.375810088315848,26.440000199999957,33.39677398202001,24.318387091009967,Schematic internal layout
SATURN-0634,PowerSwitchLead1,SATURN-0634 · Latching power-switch lead001,Power,white,1,9.755834487611175,29.34000020000002,33.43371397825031,24.78935428497308,Schematic internal layout
SATURN-0635,MainOpticalRibbon,SATURN-0635 · Folded optical-unit data ribbon,Optical,white,1,150.52500000000282,15.0,21.0,33.650000000000006,Schematic internal layout
SATURN-0636,CDInterfaceSocket,SATURN-0636 · CD-subsystem board interface connector,Optical,white,1,71.84548667764616,9.0,4.0,2.0,Schematic internal layout
SATURN-0637,CDInterfaceRibbon,SATURN-0637 · Mainboard to CD-subsystem interconnect,Optical,white,1,17.300000000000164,5.0,7.0,10.5,Schematic internal layout
SATURN-0638,OpticalSupplyLead0,SATURN-0638 · CD subsystem to optical-unit supply lead,Optical,white,1,17.106576343517645,69.01000009999998,124.22990473403789,23.203921405372164,Schematic internal layout
SATURN-0639,OpticalSupplyLead1,SATURN-0639 · CD subsystem to optical-unit supply lead001,Optical,black,1,17.179843985452024,69.11293538574384,124.93080795890094,23.60347918250982,Schematic internal layout
SATURN-0640,OpticalSupplyLead2,SATURN-0640 · CD subsystem to optical-unit supply lead002,Optical,white,1,17.254194013620154,69.21594552625949,125.63155427528,24.00310845055999,Schematic internal layout
SATURN-0641,OpticalSupplyLead3,SATURN-0641 · CD subsystem to optical-unit supply lead003,Optical,black,1,17.329662122496554,69.31903009895501,126.33218124922439,24.4027932430309,Schematic internal layout
SATURN-0642,PowerLampLead0,SATURN-0642 · Separate indicator-board harness lead,Controls,red,1,4.9560676621093025,33.36000020000001,19.94272873402423,48.29802554036439,Schematic internal layout
SATURN-0643,PowerLampLead1,SATURN-0643 · Separate indicator-board harness lead001,Controls,black,1,4.952899486847308,33.160000200000006,19.95406793219348,48.290168743779006,Schematic internal layout
SATURN-0644,AccessLampLead0,SATURN-0644 · Separate indicator-board harness lead002,Controls,red,1,6.302410689876631,59.160000200000006,19.958017066672795,48.29269789153051,Schematic internal layout
SATURN-0645,AccessLampLead1,SATURN-0645 · Separate indicator-board harness lead003,Controls,black,1,6.3210707885326425,59.36000020000001,19.96832435918931,48.284205896656495,Schematic internal layout
SATURN-0646,DoorSenseLead0,SATURN-0646 · Disc-door sensing harness,Controls,black,1,4.710511798080308,23.597739692469386,7.330000100000021,59.35986167323372,Schematic internal layout
SATURN-0647,ResetLead0,SATURN-0647 · Reset board harness,Controls,black,1,6.016287731375292,60.91144230397916,5.235745269495169,55.90098240498932,Schematic internal layout
SATURN-0648,DoorSenseLead1,SATURN-0648 · Disc-door sensing harness001,Controls,white,1,4.765381413308777,23.70356697156693,7.930000100000015,59.65961463426389,Schematic internal layout
SATURN-0649,ResetLead1,SATURN-0649 · Reset board harness001,Controls,white,1,5.958988954840871,60.707870630076286,4.640574104558993,55.89371972521909,Schematic internal layout
SATURN-0650,PadGrommet,SATURN-0650 · Hollow controller cable strain relief,Controller,black,1,111.49512327590179,5.2,12.0,5.200000000000001,Approximate original Japanese exterior
SATURN-0651,PadWire0,SATURN-0651 · Controller cable conductor study,Controller,red,1,1.3537185818214716,1.3200001999999993,26.0,7.590000200000002,Schematic internal layout
SATURN-0652,PadWire1,SATURN-0652 · Controller cable conductor study001,Controller,black,1,1.3524374439365907,1.0500001999999988,26.0,7.5900001999999915,Schematic internal layout
SATURN-0653,PadWire2,SATURN-0653 · Controller cable conductor study002,Controller,white,1,1.3515198480549953,0.7800002000000003,26.0,7.590000200000006,Schematic internal layout
SATURN-0654,PadWire3,SATURN-0654 · Controller cable conductor study003,Controller,blue,1,1.3509682846790378,0.5100001999999988,26.0,7.590000199999977,Schematic internal layout
SATURN-0655,PadWire4,SATURN-0655 · Controller cable conductor study004,Controller,led,1,1.3507842618838013,0.2400002,26.0,7.590000200000011,Schematic internal layout
SATURN-0656,PadWire5,SATURN-0656 · Controller cable conductor study005,Controller,gold,1,1.3509682846790387,0.5100001999999988,26.0,7.590000199999977,Schematic internal layout
SATURN-0657,PadWire6,SATURN-0657 · Controller cable conductor study006,Controller,copper,1,1.3515198480549953,0.7800002,26.0,7.590000200000006,Schematic internal layout
SATURN-0658,PadWire7,SATURN-0658 · Controller cable conductor study007,Controller,white,1,1.3524374439365912,1.0500001999999988,26.0,7.5900001999999915,Schematic internal layout
SATURN-0659,PadWire8,SATURN-0659 · Controller cable conductor study008,Controller,black,1,1.3537185818214712,1.3200001999999993,26.0,7.590000200000004,Schematic internal layout
SATURN-0660,PadCable,SATURN-0660 · Original controller cord display length,Controller,black,1,1833.4487868990018,176.7000001,25.400000199999965,3.400000200000001,Approximate original Japanese exterior
SATURN-0661,PadPlugRelief,SATURN-0661 · Controller plug cord relief,Controller,black,1,75.1468962738679,6.5,5.399999999999977,5.399999999999999,Approximate original Japanese exterior
SATURN-0662,PadPlugGrip,SATURN-0662 · Saturn controller plug grip,Controller,black,1,8108.460153515902,22.0,31.0,12.0,Approximate original Japanese exterior
SATURN-0663,PadPlugHead,SATURN-0663 · Keyed nine-position controller plug,Controller,black,1,1348.071025016911,11.0,27.0,10.0,Approximate original Japanese exterior
SATURN-0664,PadPlugTongue,SATURN-0664 · Controller plug contact carrier,Controller,black,1,134.1253096491487,8.0,24.0,0.6999999999999993,Approximate original Japanese exterior
SATURN-0665,PadPlugContact0,SATURN-0665 · Controller plug contact,Controller,gold,1,0.4153646003293857,6.0,0.6999999999999886,0.10000000000000142,Approximate original Japanese exterior
SATURN-0666,PadPlugContact1,SATURN-0666 · Controller plug contact001,Controller,gold,1,0.41536460032938566,6.0,0.6999999999999886,0.10000000000000142,Approximate original Japanese exterior
SATURN-0667,PadPlugContact2,SATURN-0667 · Controller plug contact002,Controller,gold,1,0.41536460032938566,6.0,0.6999999999999886,0.10000000000000142,Approximate original Japanese exterior
SATURN-0668,PadPlugContact3,SATURN-0668 · Controller plug contact003,Controller,gold,1,0.41536460032938566,6.0,0.6999999999999886,0.10000000000000142,Approximate original Japanese exterior
SATURN-0669,PadPlugContact4,SATURN-0669 · Controller plug contact004,Controller,gold,1,0.4153646003293856,6.0,0.6999999999999886,0.10000000000000142,Approximate original Japanese exterior
SATURN-0670,PadPlugContact5,SATURN-0670 · Controller plug contact005,Controller,gold,1,0.4153646003293856,6.0,0.6999999999999886,0.10000000000000142,Approximate original Japanese exterior
SATURN-0671,PadPlugContact6,SATURN-0671 · Controller plug contact006,Controller,gold,1,0.41536460032938566,6.0,0.6999999999999886,0.10000000000000142,Approximate original Japanese exterior
SATURN-0672,PadPlugContact7,SATURN-0672 · Controller plug contact007,Controller,gold,1,0.4153646003293856,6.0,0.6999999999999886,0.10000000000000142,Approximate original Japanese exterior
SATURN-0673,PadPlugContact8,SATURN-0673 · Controller plug contact008,Controller,gold,1,0.41536460032938566,6.0,0.6999999999999886,0.10000000000000142,Approximate original Japanese exterior
SATURN-0674,PadDPadRim,SATURN-0674 · Dark directional-pad opening liner,Controller,black,1,49.48636747934597,36.2,36.19999999999999,1.1000000000000014,Approximate original Japanese exterior
SATURN-0675,ACWallPlug,SATURN-0675 · Japanese two-blade AC plug,Accessories,black,1,4273.711230457619,23.0,17.0,11.0,Approximate original Japanese exterior
SATURN-0676,ACWallBlade0,SATURN-0676 · Flat AC blade,Accessories,metal,1,108.39269908169811,1.3999999999999773,6.199999999999989,12.500000000000002,Approximate original Japanese exterior
SATURN-0677,ACWallBlade1,SATURN-0677 · Flat AC blade001,Accessories,metal,1,108.39269908169811,1.3999999999999773,6.199999999999989,12.500000000000002,Approximate original Japanese exterior
SATURN-0678,ACCord,SATURN-0678 · Mains cord display length,Accessories,black,1,1935.1652053436053,103.60000020000004,73.10000010000003,6.1000002,Approximate original Japanese exterior
SATURN-0679,ACDeviceGrip,SATURN-0679 · Figure-eight connector grip,Accessories,black,1,2865.4929158456675,24.0,12.0,10.0,Approximate original Japanese exterior
SATURN-0680,ACDeviceHead,SATURN-0680 · C7-style two-position connector study,Accessories,black,1,864.1397982589519,10.0,14.600000000000001,8.0,Approximate original Japanese exterior
SATURN-0681,ACDeviceContact0,SATURN-0681 · Device mains socket contact,Accessories,metal,1,9.613273519984762,6.0,2.0,2.0,Approximate original Japanese exterior
SATURN-0682,ACDeviceContact1,SATURN-0682 · Device mains socket contact001,Accessories,metal,1,9.613273519984762,6.0,2.0,2.0,Approximate original Japanese exterior
SATURN-0683,AVPlugGrip,SATURN-0683 · AV mini-DIN connector grip,Accessories,black,1,3421.194399759284,13.199999999999989,25.0,13.2,Approximate original Japanese exterior
SATURN-0684,AVPlugShield,SATURN-0684 · AV plug metal sleeve,Accessories,metal,1,215.33732684765835,11.0,8.4,11.0,Approximate original Japanese exterior
SATURN-0685,AVPlugCarrier,SATURN-0685 · AV plug contact insulator,Accessories,black,1,151.42138609647375,8.755899999999997,3.0,8.8,Approximate original Japanese exterior
SATURN-0686,AVPlugPin0,SATURN-0686 · AV plug contact,Accessories,gold,1,2.9656634649887614,0.8000000000000114,5.9,0.8000000000000007,Approximate original Japanese exterior
SATURN-0687,AVPlugPin1,SATURN-0687 · AV plug contact001,Accessories,gold,1,2.9656634649887614,0.8000000000000114,5.9,0.8000000000000007,Approximate original Japanese exterior
SATURN-0688,AVPlugPin2,SATURN-0688 · AV plug contact002,Accessories,gold,1,2.965663464988761,0.8000000000000114,5.9,0.8000000000000007,Approximate original Japanese exterior
SATURN-0689,AVPlugPin3,SATURN-0689 · AV plug contact003,Accessories,gold,1,2.9656634649887605,0.8000000000000114,5.9,0.8000000000000007,Approximate original Japanese exterior
SATURN-0690,AVPlugPin4,SATURN-0690 · AV plug contact004,Accessories,gold,1,2.9656634649887605,0.8000000000000114,5.9,0.8000000000000007,Approximate original Japanese exterior
SATURN-0691,AVPlugPin5,SATURN-0691 · AV plug contact005,Accessories,gold,1,2.9656634649887614,0.8000000000000114,5.9,0.8000000000000007,Approximate original Japanese exterior
SATURN-0692,AVPlugPin6,SATURN-0692 · AV plug contact006,Accessories,gold,1,2.9656634649887605,0.8000000000000114,5.9,0.8000000000000007,Approximate original Japanese exterior
SATURN-0693,AVPlugPin7,SATURN-0693 · AV plug contact007,Accessories,gold,1,2.965663464988761,0.8000000000000114,5.9,0.8000000000000007,Approximate original Japanese exterior
SATURN-0694,AVPlugPin8,SATURN-0694 · AV plug contact008,Accessories,gold,1,2.965663464988761,0.8000000000000114,5.9,0.8000000000000007,Approximate original Japanese exterior
SATURN-0695,AVPlugPin9,SATURN-0695 · AV plug contact009,Accessories,gold,1,2.965663464988761,0.8000000000000114,5.9,0.8000000000000007,Approximate original Japanese exterior
SATURN-0696,AVCable,SATURN-0696 · AV cable display length,Accessories,black,1,1991.405463260448,93.8000002,91.6,3.8000002000000004,Approximate original Japanese exterior
SATURN-0697,AVSplitter,SATURN-0697 · Three-way AV cable splitter,Accessories,black,1,1111.4159265358978,14.0,8.0,10.0,Approximate original Japanese exterior
SATURN-0698,AVBranch0,SATURN-0698 · Individual RCA lead,Accessories,black,1,176.5678890909918,27.20000020000009,29.600000000000023,2.200000199999999,Approximate original Japanese exterior
SATURN-0699,RCAGrip0,SATURN-0699 · RCA connector grip,Accessories,black,1,1447.6458947741758,9.600000000000023,20.0,9.600000000000001,Approximate original Japanese exterior
SATURN-0700,RCAColor0,SATURN-0700 · RCA function-color ring,Accessories,yellow,1,33.151656477006384,10.399999999999977,3.0,10.399999999999999,Approximate original Japanese exterior
SATURN-0701,RCAGround0,SATURN-0701 · RCA ground sleeve,Accessories,metal,1,163.61414539895597,7.399999999999977,7.0,7.3999999999999995,Approximate original Japanese exterior
SATURN-0702,RCACenter0,SATURN-0702 · RCA signal contact,Accessories,gold,1,22.902210444669638,1.7999999999999545,9.0,1.8000000000000007,Approximate original Japanese exterior
SATURN-0703,AVBranch1,SATURN-0703 · Individual RCA lead001,Accessories,black,1,112.51928248097418,2.2000000000000455,29.600000000000023,2.1999999999999993,Approximate original Japanese exterior
SATURN-0704,RCAGrip1,SATURN-0704 · RCA connector grip001,Accessories,black,1,1447.6458947741758,9.600000000000023,20.0,9.600000000000001,Approximate original Japanese exterior
SATURN-0705,RCAColor1,SATURN-0705 · RCA function-color ring001,Accessories,white,1,33.151656477006384,10.399999999999977,3.0,10.4,Approximate original Japanese exterior
SATURN-0706,RCAGround1,SATURN-0706 · RCA ground sleeve001,Accessories,metal,1,163.61414539895597,7.399999999999977,7.0,7.3999999999999995,Approximate original Japanese exterior
SATURN-0707,RCACenter1,SATURN-0707 · RCA signal contact001,Accessories,gold,1,22.902210444669638,1.7999999999999545,9.0,1.8000000000000007,Approximate original Japanese exterior
SATURN-0708,AVBranch2,SATURN-0708 · Individual RCA lead002,Accessories,black,1,176.5678890909919,27.20000020000009,29.600000000000023,2.200000199999999,Approximate original Japanese exterior
SATURN-0709,RCAGrip2,SATURN-0709 · RCA connector grip002,Accessories,black,1,1447.6458947741758,9.600000000000023,20.0,9.600000000000001,Approximate original Japanese exterior
SATURN-0710,RCAColor2,SATURN-0710 · RCA function-color ring002,Accessories,red,1,33.151656477006384,10.399999999999977,3.0,10.399999999999999,Approximate original Japanese exterior
SATURN-0711,RCAGround2,SATURN-0711 · RCA ground sleeve002,Accessories,metal,1,163.61414539895597,7.399999999999977,7.0,7.3999999999999995,Approximate original Japanese exterior
SATURN-0712,RCACenter2,SATURN-0712 · RCA signal contact002,Accessories,gold,1,22.902210444669638,1.7999999999999545,9.0,1.8000000000000007,Approximate original Japanese exterior
SATURN-0713,BlankDisc,SATURN-0713 · Blank 12 cm optical study medium,Accessories,metal,1,13359.622759390593,120.0,120.0,1.2,Approximate original Japanese exterior
SATURN-0714,BlankDiscHub,SATURN-0714 · Transparent disc hub study,Accessories,white,1,29.153665666047935,34.0,34.0,0.040000000000000036,Approximate original Japanese exterior
SATURN-0715,BlankDiscMark,SATURN-0715 · BLANK CD,Accessories,black,7,0.3136011707542039,19.257508589261732,2.923490132885945,0.018000200000000133,Approximate original Japanese exterior
