Part number,Part ID,Label,Assembly,Material,Solid count,Volume mm3,X mm,Y mm,Z mm,Fidelity
GAMEWATCH-0001,ControlBorder-1,GAMEWATCH-0001 · Orange printed lower panel border,Body,orange,1,0.8461784067432458,22.39999999999999,30.799999999999997,0.018000000000000682,Museum specimen envelope; approximate local geometry
GAMEWATCH-0002,ControlBorder1,GAMEWATCH-0002 · Orange printed lower panel border001,Body,orange,1,0.8461784067432456,22.39999999999999,30.799999999999997,0.018000000000000682,Museum specimen envelope; approximate local geometry
GAMEWATCH-0003,UpperSideDivider-1,GAMEWATCH-0003 · Upper panel transverse molded rib,Lid,orange,1,4.402610618695416,21.700000000000003,0.7397233986319591,0.4071479727403915,Museum specimen envelope; approximate local geometry
GAMEWATCH-0004,UpperSideDivider1,GAMEWATCH-0004 · Upper panel transverse molded rib001,Lid,orange,1,4.402610618695416,21.700000000000003,0.7397233986319591,0.4071479727403915,Museum specimen envelope; approximate local geometry
GAMEWATCH-0005,MainFrame,GAMEWATCH-0005 · Original orange control-side frame002,Body,orange,1,2007.7463081415044,115.0000002,72.0000001,4.5500002,Museum specimen envelope; approximate local geometry
GAMEWATCH-0006,LidBackCover,GAMEWATCH-0006 · Original upper outer shell002,Lid,orange,1,11387.168563416482,115.0,66.39268609917988,16.66860413051435,Museum specimen envelope; approximate local geometry
GAMEWATCH-0007,LidFrame,GAMEWATCH-0007 · Upper LCD support frame003,Lid,orange,1,2037.137044300317,114.7000002,65.94978299756178,15.976384737756337,Museum specimen envelope; approximate local geometry
GAMEWATCH-0008,LidBezel,GAMEWATCH-0008 · Upper orange display face009,Lid,orange,1,3901.272209012898,114.6000002,64.98823123341283,12.34550565504999,Museum specimen envelope; approximate local geometry
GAMEWATCH-0009,HingeLeftBase,GAMEWATCH-0009 · Original orange hinge barrel,Hinge,orange,1,191.01668731989335,11.0,5.0,5.0,Museum specimen envelope; approximate local geometry
GAMEWATCH-0010,HingeLeftLid,GAMEWATCH-0010 · Original orange hinge barrel001,Hinge,orange,1,194.4897179984369,11.200000000000003,5.0,5.0,Museum specimen envelope; approximate local geometry
GAMEWATCH-0011,HingeRightLid,GAMEWATCH-0011 · Original orange hinge barrel002,Hinge,orange,1,194.48971799843693,11.200000000000003,5.0,5.0,Museum specimen envelope; approximate local geometry
GAMEWATCH-0012,HingeRightBase,GAMEWATCH-0012 · Original orange hinge barrel003,Hinge,orange,1,191.01668731989335,11.0,5.0,5.0,Museum specimen envelope; approximate local geometry
GAMEWATCH-0013,HingePin0,GAMEWATCH-0013 · Original hinge steel pin,Hinge,metal,1,39.053923674938126,22.1,1.5,1.5,Schematic internal layout
GAMEWATCH-0014,HingePin1,GAMEWATCH-0014 · Original hinge steel pin001,Hinge,metal,1,39.053923674938126,22.1,1.5,1.5,Schematic internal layout
GAMEWATCH-0015,FrontClasp,GAMEWATCH-0015 · Upper front retaining clasp001,Lid,orange,1,41.626597260168374,11.0,2.4211007679584498,2.9077965131656,Museum specimen envelope; approximate local geometry
GAMEWATCH-0016,LowerCatch,GAMEWATCH-0016 · Lower clasp retaining ledge,Body,orange,1,2.5144375203952656,8.0,0.7000000000000028,0.4500000000000002,Museum specimen envelope; approximate local geometry
GAMEWATCH-0017,LowerReflector,GAMEWATCH-0017 · Lower LCD rear reflecting sheet,Display,metal,1,435.39527786842314,59.0,41.0,0.17999999999999972,Schematic internal layout
GAMEWATCH-0018,LowerRearPolarizer,GAMEWATCH-0018 · Lower rear polarizing sheet,Display,lcd,1,145.13175928947413,59.0,41.0,0.05999999999999961,Schematic internal layout
GAMEWATCH-0019,LowerLCDGlassRear,GAMEWATCH-0019 · Lower rear LCD glass substrate,Display,lcd,1,1330.3744601535159,59.0,41.0,0.5499999999999998,Schematic internal layout
GAMEWATCH-0020,LowerLCDGap,GAMEWATCH-0020 · Lower schematic liquid-crystal cell,Display,lcd,1,107.50431802950284,58.7,40.7,0.04499999999999993,Schematic internal layout
GAMEWATCH-0021,LowerLCDGlassFront,GAMEWATCH-0021 · Lower front LCD glass substrate,Display,lcd,1,1330.3744601535166,59.0,41.0,0.5500000000000007,Schematic internal layout
GAMEWATCH-0022,LowerArtworkFilm,GAMEWATCH-0022 · Lower fixed-color graphic carrier,Display,lcd,1,107.50431802950284,58.7,40.7,0.04499999999999993,Museum specimen envelope; approximate local geometry
GAMEWATCH-0023,LowerFrontPolarizer,GAMEWATCH-0023 · Lower front polarizer perimeter study,Display,ink,1,32.62024424657433,59.0,41.0,0.0649999999999995,Museum specimen envelope; approximate local geometry
GAMEWATCH-0024,LowerDisplayGasket,GAMEWATCH-0024 · Lower black LCD border gasket001,Display,black,1,290.92449718844813,60.6,42.6,0.5,Museum specimen envelope; approximate local geometry
GAMEWATCH-0025,LowerStabilizer-1,GAMEWATCH-0025 · Lower transparent stabilizing strip,Display,white,1,10.392274333882305,0.6499999999999986,40.0,0.40000000000000036,Schematic internal layout
GAMEWATCH-0026,LowerStabilizer1,GAMEWATCH-0026 · Lower transparent stabilizing strip001,Display,white,1,10.392274333882305,0.6499999999999986,40.0,0.40000000000000036,Schematic internal layout
GAMEWATCH-0027,LowerContactStripe0,GAMEWATCH-0027 · LCD elastomer conductive lamination,Display,ink,1,0.15235851320177635,0.21999999999999886,1.0200000000000031,0.6800000000000006,Schematic internal layout
GAMEWATCH-0028,LowerContactStripe1,GAMEWATCH-0028 · LCD elastomer conductive lamination001,Display,ink,1,0.15235851320177635,0.21999999999999886,1.0200000000000031,0.6800000000000006,Schematic internal layout
GAMEWATCH-0029,LowerContactStripe2,GAMEWATCH-0029 · LCD elastomer conductive lamination002,Display,ink,1,0.15235851320177635,0.21999999999999886,1.0200000000000031,0.6800000000000006,Schematic internal layout
GAMEWATCH-0030,LowerContactStripe3,GAMEWATCH-0030 · LCD elastomer conductive lamination003,Display,ink,1,0.15235851320177637,0.21999999999999886,1.0200000000000031,0.6800000000000006,Schematic internal layout
GAMEWATCH-0031,LowerContactStripe4,GAMEWATCH-0031 · LCD elastomer conductive lamination004,Display,ink,1,0.15235851320177637,0.21999999999999886,1.0200000000000031,0.6800000000000006,Schematic internal layout
GAMEWATCH-0032,LowerContactStripe5,GAMEWATCH-0032 · LCD elastomer conductive lamination005,Display,ink,1,0.15235851320177637,0.21999999999999886,1.0200000000000031,0.6800000000000006,Schematic internal layout
GAMEWATCH-0033,LowerContactStripe6,GAMEWATCH-0033 · LCD elastomer conductive lamination006,Display,ink,1,0.15235851320177635,0.21999999999999886,1.0200000000000031,0.6800000000000006,Schematic internal layout
GAMEWATCH-0034,LowerContactStripe7,GAMEWATCH-0034 · LCD elastomer conductive lamination007,Display,ink,1,0.15235851320177635,0.21999999999999886,1.0200000000000031,0.6800000000000006,Schematic internal layout
GAMEWATCH-0035,LowerContactStripe8,GAMEWATCH-0035 · LCD elastomer conductive lamination008,Display,ink,1,0.15235851320177637,0.21999999999999886,1.0200000000000031,0.6800000000000006,Schematic internal layout
GAMEWATCH-0036,LowerContactStripe9,GAMEWATCH-0036 · LCD elastomer conductive lamination009,Display,ink,1,0.15235851320177635,0.21999999999999886,1.0200000000000031,0.6800000000000006,Schematic internal layout
GAMEWATCH-0037,LowerContactStripe10,GAMEWATCH-0037 · LCD elastomer conductive lamination010,Display,ink,1,0.15235851320177674,0.22000000000000064,1.0200000000000031,0.6800000000000006,Schematic internal layout
GAMEWATCH-0038,LowerContactStripe11,GAMEWATCH-0038 · LCD elastomer conductive lamination011,Display,ink,1,0.15235851320177674,0.22000000000000064,1.0200000000000031,0.6800000000000006,Schematic internal layout
GAMEWATCH-0039,LowerContactStripe12,GAMEWATCH-0039 · LCD elastomer conductive lamination012,Display,ink,1,0.1523585132017768,0.22000000000000064,1.0200000000000031,0.6800000000000006,Schematic internal layout
GAMEWATCH-0040,LowerContactStripe13,GAMEWATCH-0040 · LCD elastomer conductive lamination013,Display,ink,1,0.15235851320177657,0.21999999999999975,1.0200000000000031,0.6800000000000006,Schematic internal layout
GAMEWATCH-0041,LowerContactStripe14,GAMEWATCH-0041 · LCD elastomer conductive lamination014,Display,ink,1,0.1523585132017766,0.21999999999999997,1.0200000000000031,0.6800000000000006,Schematic internal layout
GAMEWATCH-0042,LowerContactStripe15,GAMEWATCH-0042 · LCD elastomer conductive lamination015,Display,ink,1,0.1523585132017766,0.21999999999999997,1.0200000000000031,0.6800000000000006,Schematic internal layout
GAMEWATCH-0043,LowerContactStripe16,GAMEWATCH-0043 · LCD elastomer conductive lamination016,Display,ink,1,0.15235851320177662,0.21999999999999997,1.0200000000000031,0.6800000000000006,Schematic internal layout
GAMEWATCH-0044,LowerContactStripe17,GAMEWATCH-0044 · LCD elastomer conductive lamination017,Display,ink,1,0.15235851320177662,0.21999999999999997,1.0200000000000031,0.6800000000000006,Schematic internal layout
GAMEWATCH-0045,LowerContactStripe18,GAMEWATCH-0045 · LCD elastomer conductive lamination018,Display,ink,1,0.15235851320177654,0.21999999999999975,1.0200000000000031,0.6800000000000006,Schematic internal layout
GAMEWATCH-0046,LowerContactStripe19,GAMEWATCH-0046 · LCD elastomer conductive lamination019,Display,ink,1,0.1523585132017768,0.22000000000000064,1.0200000000000031,0.6800000000000006,Schematic internal layout
GAMEWATCH-0047,LowerContactStripe20,GAMEWATCH-0047 · LCD elastomer conductive lamination020,Display,ink,1,0.15235851320177676,0.22000000000000064,1.0200000000000031,0.6800000000000006,Schematic internal layout
GAMEWATCH-0048,LowerContactStripe21,GAMEWATCH-0048 · LCD elastomer conductive lamination021,Display,ink,1,0.15235851320177676,0.22000000000000064,1.0200000000000031,0.6800000000000006,Schematic internal layout
GAMEWATCH-0049,LowerContactStripe22,GAMEWATCH-0049 · LCD elastomer conductive lamination022,Display,ink,1,0.15235851320177635,0.21999999999999886,1.0200000000000031,0.6800000000000006,Schematic internal layout
GAMEWATCH-0050,LowerContactStripe23,GAMEWATCH-0050 · LCD elastomer conductive lamination023,Display,ink,1,0.15235851320177637,0.21999999999999886,1.0200000000000031,0.6800000000000006,Schematic internal layout
GAMEWATCH-0051,LowerContactStripe24,GAMEWATCH-0051 · LCD elastomer conductive lamination024,Display,ink,1,0.1523585132017764,0.21999999999999886,1.0200000000000031,0.6800000000000006,Schematic internal layout
GAMEWATCH-0052,LowerContactStripe25,GAMEWATCH-0052 · LCD elastomer conductive lamination025,Display,ink,1,0.15235851320177635,0.21999999999999886,1.0200000000000031,0.6800000000000006,Schematic internal layout
GAMEWATCH-0053,LowerContactStripe26,GAMEWATCH-0053 · LCD elastomer conductive lamination026,Display,ink,1,0.15235851320177635,0.21999999999999886,1.0200000000000031,0.6800000000000006,Schematic internal layout
GAMEWATCH-0054,LowerContactStripe27,GAMEWATCH-0054 · LCD elastomer conductive lamination027,Display,ink,1,0.15235851320177635,0.21999999999999886,1.0200000000000031,0.6800000000000006,Schematic internal layout
GAMEWATCH-0055,LowerContactStripe28,GAMEWATCH-0055 · LCD elastomer conductive lamination028,Display,ink,1,0.15235851320177637,0.21999999999999886,1.0200000000000031,0.6800000000000006,Schematic internal layout
GAMEWATCH-0056,LowerContactStripe29,GAMEWATCH-0056 · LCD elastomer conductive lamination029,Display,ink,1,0.15235851320177635,0.21999999999999886,1.0200000000000031,0.6800000000000006,Schematic internal layout
GAMEWATCH-0057,LowerContactStripe30,GAMEWATCH-0057 · LCD elastomer conductive lamination030,Display,ink,1,0.15235851320177635,0.21999999999999886,1.0200000000000031,0.6800000000000006,Schematic internal layout
GAMEWATCH-0058,LowerContactStripe31,GAMEWATCH-0058 · LCD elastomer conductive lamination031,Display,ink,1,0.15235851320177635,0.21999999999999886,1.0200000000000031,0.6800000000000006,Schematic internal layout
GAMEWATCH-0059,LowerContactStrip,GAMEWATCH-0059 · Lower original LCD elastomeric contact001,Display,silicone,1,27.400035391693965,46.0,1.0,0.6999999999999993,Schematic internal layout
GAMEWATCH-0060,UpperReflector,GAMEWATCH-0060 · Upper LCD rear reflecting sheet,LidDisplay,metal,1,435.39527786842314,59.0,40.408374545480584,7.296840679886346,Schematic internal layout
GAMEWATCH-0061,UpperRearPolarizer,GAMEWATCH-0061 · Upper rear polarizing sheet,LidDisplay,lcd,1,145.13175928947487,59.0,40.38753676416055,7.1786637495248815,Schematic internal layout
GAMEWATCH-0062,UpperLCDGlassRear,GAMEWATCH-0062 · Upper rear LCD glass substrate,LidDisplay,lcd,1,1330.3744601535163,59.0,40.47262437121735,7.661219548500862,Schematic internal layout
GAMEWATCH-0063,UpperLCDGap,GAMEWATCH-0063 · Upper schematic liquid-crystal cell,LidDisplay,lcd,1,107.50431802950295,58.7,40.089489715591895,7.111797179929614,Schematic internal layout
GAMEWATCH-0064,UpperLCDGlassFront,GAMEWATCH-0064 · Upper front LCD glass substrate,LidDisplay,lcd,1,1330.3744601535163,59.0,40.47262437121735,7.661219548500862,Schematic internal layout
GAMEWATCH-0065,UpperArtworkFilm,GAMEWATCH-0065 · Upper fixed-color graphic carrier,LidDisplay,lcd,1,107.50431802950287,58.7,40.089489715591895,7.111797179929614,Museum specimen envelope; approximate local geometry
GAMEWATCH-0066,UpperFrontPolarizer,GAMEWATCH-0066 · Upper front polarizer perimeter study,LidDisplay,ink,1,32.62024424657413,59.0,40.38840500504889,7.183587788289939,Museum specimen envelope; approximate local geometry
GAMEWATCH-0067,UpperDisplayGasket,GAMEWATCH-0067 · Upper black LCD border gasket,LidDisplay,black,1,291.49699111843034,60.6,42.03963436715354,7.889816245117338,Museum specimen envelope; approximate local geometry
GAMEWATCH-0068,UpperStabilizer-1,GAMEWATCH-0068 · Upper transparent stabilizing strip,LidDisplay,white,1,10.3922743338823,0.6499999999999986,39.4617693915551,7.339850207882099,Schematic internal layout
GAMEWATCH-0069,UpperStabilizer1,GAMEWATCH-0069 · Upper transparent stabilizing strip001,LidDisplay,white,1,10.3922743338823,0.6499999999999986,39.4617693915551,7.339850207882099,Schematic internal layout
GAMEWATCH-0070,UpperContactStripe0,GAMEWATCH-0070 · LCD elastomer conductive lamination032,LidDisplay,ink,1,0.15235851320177635,0.21999999999999886,1.1225846688859633,0.8467904132685717,Schematic internal layout
GAMEWATCH-0071,UpperContactStripe1,GAMEWATCH-0071 · LCD elastomer conductive lamination033,LidDisplay,ink,1,0.15235851320177635,0.21999999999999886,1.1225846688859633,0.8467904132685717,Schematic internal layout
GAMEWATCH-0072,UpperContactStripe2,GAMEWATCH-0072 · LCD elastomer conductive lamination034,LidDisplay,ink,1,0.15235851320177635,0.21999999999999886,1.1225846688859633,0.8467904132685717,Schematic internal layout
GAMEWATCH-0073,UpperContactStripe3,GAMEWATCH-0073 · LCD elastomer conductive lamination035,LidDisplay,ink,1,0.15235851320177632,0.21999999999999886,1.1225846688859633,0.8467904132685717,Schematic internal layout
GAMEWATCH-0074,UpperContactStripe4,GAMEWATCH-0074 · LCD elastomer conductive lamination036,LidDisplay,ink,1,0.15235851320177632,0.21999999999999886,1.1225846688859633,0.8467904132685717,Schematic internal layout
GAMEWATCH-0075,UpperContactStripe5,GAMEWATCH-0075 · LCD elastomer conductive lamination037,LidDisplay,ink,1,0.15235851320177632,0.21999999999999886,1.1225846688859633,0.8467904132685717,Schematic internal layout
GAMEWATCH-0076,UpperContactStripe6,GAMEWATCH-0076 · LCD elastomer conductive lamination038,LidDisplay,ink,1,0.15235851320177635,0.21999999999999886,1.1225846688859633,0.8467904132685717,Schematic internal layout
GAMEWATCH-0077,UpperContactStripe7,GAMEWATCH-0077 · LCD elastomer conductive lamination039,LidDisplay,ink,1,0.15235851320177635,0.21999999999999886,1.1225846688859633,0.8467904132685717,Schematic internal layout
GAMEWATCH-0078,UpperContactStripe8,GAMEWATCH-0078 · LCD elastomer conductive lamination040,LidDisplay,ink,1,0.15235851320177635,0.21999999999999886,1.1225846688859633,0.8467904132685717,Schematic internal layout
GAMEWATCH-0079,UpperContactStripe9,GAMEWATCH-0079 · LCD elastomer conductive lamination041,LidDisplay,ink,1,0.15235851320177635,0.21999999999999886,1.1225846688859633,0.8467904132685717,Schematic internal layout
GAMEWATCH-0080,UpperContactStripe10,GAMEWATCH-0080 · LCD elastomer conductive lamination042,LidDisplay,ink,1,0.15235851320177674,0.22000000000000064,1.1225846688859633,0.8467904132685717,Schematic internal layout
GAMEWATCH-0081,UpperContactStripe11,GAMEWATCH-0081 · LCD elastomer conductive lamination043,LidDisplay,ink,1,0.1523585132017767,0.22000000000000064,1.1225846688859633,0.8467904132685717,Schematic internal layout
GAMEWATCH-0082,UpperContactStripe12,GAMEWATCH-0082 · LCD elastomer conductive lamination044,LidDisplay,ink,1,0.15235851320177674,0.22000000000000064,1.1225846688859633,0.8467904132685717,Schematic internal layout
GAMEWATCH-0083,UpperContactStripe13,GAMEWATCH-0083 · LCD elastomer conductive lamination045,LidDisplay,ink,1,0.15235851320177654,0.21999999999999975,1.1225846688859633,0.8467904132685717,Schematic internal layout
GAMEWATCH-0084,UpperContactStripe14,GAMEWATCH-0084 · LCD elastomer conductive lamination046,LidDisplay,ink,1,0.15235851320177657,0.21999999999999997,1.1225846688859633,0.8467904132685717,Schematic internal layout
GAMEWATCH-0085,UpperContactStripe15,GAMEWATCH-0085 · LCD elastomer conductive lamination047,LidDisplay,ink,1,0.15235851320177657,0.21999999999999997,1.1225846688859633,0.8467904132685717,Schematic internal layout
GAMEWATCH-0086,UpperContactStripe16,GAMEWATCH-0086 · LCD elastomer conductive lamination048,LidDisplay,ink,1,0.15235851320177657,0.21999999999999997,1.1225846688859633,0.8467904132685717,Schematic internal layout
GAMEWATCH-0087,UpperContactStripe17,GAMEWATCH-0087 · LCD elastomer conductive lamination049,LidDisplay,ink,1,0.15235851320177657,0.21999999999999997,1.1225846688859633,0.8467904132685717,Schematic internal layout
GAMEWATCH-0088,UpperContactStripe18,GAMEWATCH-0088 · LCD elastomer conductive lamination050,LidDisplay,ink,1,0.1523585132017765,0.21999999999999975,1.1225846688859633,0.8467904132685717,Schematic internal layout
GAMEWATCH-0089,UpperContactStripe19,GAMEWATCH-0089 · LCD elastomer conductive lamination051,LidDisplay,ink,1,0.15235851320177674,0.22000000000000064,1.1225846688859633,0.8467904132685717,Schematic internal layout
GAMEWATCH-0090,UpperContactStripe20,GAMEWATCH-0090 · LCD elastomer conductive lamination052,LidDisplay,ink,1,0.1523585132017767,0.22000000000000064,1.1225846688859633,0.8467904132685717,Schematic internal layout
GAMEWATCH-0091,UpperContactStripe21,GAMEWATCH-0091 · LCD elastomer conductive lamination053,LidDisplay,ink,1,0.15235851320177674,0.22000000000000064,1.1225846688859633,0.8467904132685717,Schematic internal layout
GAMEWATCH-0092,UpperContactStripe22,GAMEWATCH-0092 · LCD elastomer conductive lamination054,LidDisplay,ink,1,0.15235851320177635,0.21999999999999886,1.1225846688859633,0.8467904132685717,Schematic internal layout
GAMEWATCH-0093,UpperContactStripe23,GAMEWATCH-0093 · LCD elastomer conductive lamination055,LidDisplay,ink,1,0.15235851320177632,0.21999999999999886,1.1225846688859633,0.8467904132685717,Schematic internal layout
GAMEWATCH-0094,UpperContactStripe24,GAMEWATCH-0094 · LCD elastomer conductive lamination056,LidDisplay,ink,1,0.15235851320177635,0.21999999999999886,1.1225846688859633,0.8467904132685717,Schematic internal layout
GAMEWATCH-0095,UpperContactStripe25,GAMEWATCH-0095 · LCD elastomer conductive lamination057,LidDisplay,ink,1,0.15235851320177635,0.21999999999999886,1.1225846688859633,0.8467904132685717,Schematic internal layout
GAMEWATCH-0096,UpperContactStripe26,GAMEWATCH-0096 · LCD elastomer conductive lamination058,LidDisplay,ink,1,0.15235851320177635,0.21999999999999886,1.1225846688859633,0.8467904132685717,Schematic internal layout
GAMEWATCH-0097,UpperContactStripe27,GAMEWATCH-0097 · LCD elastomer conductive lamination059,LidDisplay,ink,1,0.15235851320177635,0.21999999999999886,1.1225846688859633,0.8467904132685717,Schematic internal layout
GAMEWATCH-0098,UpperContactStripe28,GAMEWATCH-0098 · LCD elastomer conductive lamination060,LidDisplay,ink,1,0.15235851320177632,0.21999999999999886,1.1225846688859633,0.8467904132685717,Schematic internal layout
GAMEWATCH-0099,UpperContactStripe29,GAMEWATCH-0099 · LCD elastomer conductive lamination061,LidDisplay,ink,1,0.15235851320177632,0.21999999999999886,1.1225846688859633,0.8467904132685717,Schematic internal layout
GAMEWATCH-0100,UpperContactStripe30,GAMEWATCH-0100 · LCD elastomer conductive lamination062,LidDisplay,ink,1,0.15235851320177635,0.21999999999999886,1.1225846688859633,0.8467904132685717,Schematic internal layout
GAMEWATCH-0101,UpperContactStripe31,GAMEWATCH-0101 · LCD elastomer conductive lamination063,LidDisplay,ink,1,0.15235851320177635,0.21999999999999886,1.1225846688859633,0.8467904132685717,Schematic internal layout
GAMEWATCH-0102,UpperContactStrip,GAMEWATCH-0102 · Upper original LCD elastomeric contact001,LidDisplay,silicone,1,27.40003539169391,46.0,1.1063614773790533,0.8630136047754782,Schematic internal layout
GAMEWATCH-0103,ControlPaint-1,GAMEWATCH-0103 · Orange printed upper faceplate area002,Body,orange,1,13.178692880910296,23.100000200000007,31.699538602496144,0.018000200000001243,Museum specimen envelope; approximate local geometry
GAMEWATCH-0104,LowerGirder0,GAMEWATCH-0104 · Reconstructed fixed red girder,Display,artred,1,1.2089952824252799,45.185727739979555,4.871828073512839,0.01800000000000601,Museum specimen envelope; approximate local geometry
GAMEWATCH-0105,LowerGirder1,GAMEWATCH-0105 · Reconstructed fixed red girder001,Display,artred,1,1.1674153622357126,44.15672925669417,4.871744338553186,0.01800000000000246,Museum specimen envelope; approximate local geometry
GAMEWATCH-0106,LowerGirder2,GAMEWATCH-0106 · Reconstructed fixed red girder002,Display,artred,1,1.1743153470711098,44.172678257017736,3.873503760984443,0.01800000000000601,Museum specimen envelope; approximate local geometry
GAMEWATCH-0107,LowerLadder0,GAMEWATCH-0107 · Reconstructed fixed ladder,Display,artred,1,0.25917218760198885,3.1500000000000057,11.0,0.018000000000000682,Museum specimen envelope; approximate local geometry
GAMEWATCH-0108,LowerLadder1,GAMEWATCH-0108 · Reconstructed fixed ladder001,Display,artred,1,0.25917218760198835,3.150000000000002,11.0,0.018000000000000682,Museum specimen envelope; approximate local geometry
GAMEWATCH-0109,HangingPlatform0,GAMEWATCH-0109 · Fixed suspended platform,Display,artred,1,0.3148454866776502,7.0,2.5,0.018000000000000682,Museum specimen envelope; approximate local geometry
GAMEWATCH-0110,PlatformCable0,GAMEWATCH-0110 · Reconstructed fixed screen artwork,Display,artred,1,0.012111371669411689,0.25000000000000355,2.6999999999999993,0.018000000000000682,Museum specimen envelope; approximate local geometry
GAMEWATCH-0111,PlatformCable1,GAMEWATCH-0111 · Reconstructed fixed screen artwork001,Display,artred,1,0.012111371669411695,0.25000000000000355,2.700000000000001,0.018000000000000682,Museum specimen envelope; approximate local geometry
GAMEWATCH-0112,HangingPlatform2,GAMEWATCH-0112 · Fixed suspended platform002,Display,artred,1,0.31484548667765017,7.0,2.5,0.018000000000000682,Museum specimen envelope; approximate local geometry
GAMEWATCH-0113,UpperGirder0,GAMEWATCH-0113 · Reconstructed fixed red girder003,LidDisplay,artred,1,1.1743153470710597,44.172678257017736,3.817782202337426,0.6903534088351684,Museum specimen envelope; approximate local geometry
GAMEWATCH-0114,UpperGirder1,GAMEWATCH-0114 · Reconstructed fixed red girder004,LidDisplay,artred,1,0.7205184008675274,27.172355949113346,2.834447957108111,0.5169650503466432,Museum specimen envelope; approximate local geometry
GAMEWATCH-0115,UpperGirder2,GAMEWATCH-0115 · Reconstructed fixed red girder005,LidDisplay,artred,1,0.15737831699430058,6.118514756684263,2.834447957108111,0.516965050346645,Museum specimen envelope; approximate local geometry
GAMEWATCH-0116,UpperLadder0,GAMEWATCH-0116 · Reconstructed fixed ladder002,LidDisplay,artred,1,0.24297218760203138,3.1500000000000057,9.851203197320089,1.754208316223524,Museum specimen envelope; approximate local geometry
GAMEWATCH-0117,Building0,GAMEWATCH-0117 · Reconstructed fixed blue building,LidDisplay,artblue,1,0.6929613716694017,5.5,6.896779938283473,1.2332637832227356,Museum specimen envelope; approximate local geometry
GAMEWATCH-0118,BuildingWindow0_0,GAMEWATCH-0118 · Building window stripe,LidDisplay,lcd,1,0.027076093800988126,4.300000000000001,0.3478083807522836,0.07850340173764714,Museum specimen envelope; approximate local geometry
GAMEWATCH-0119,BuildingWindow0_1,GAMEWATCH-0119 · Building window stripe001,LidDisplay,lcd,1,0.02707609380098812,4.300000000000001,0.3478083807522836,0.07850340173764714,Museum specimen envelope; approximate local geometry
GAMEWATCH-0120,BuildingWindow0_2,GAMEWATCH-0120 · Building window stripe002,LidDisplay,lcd,1,0.02707609380098811,4.300000000000001,0.3478083807522836,0.07850340173764536,Museum specimen envelope; approximate local geometry
GAMEWATCH-0121,Building1,GAMEWATCH-0121 · Reconstructed fixed blue building001,LidDisplay,artblue,1,0.9899613716694167,5.5,9.851203197320089,1.754208316223524,Museum specimen envelope; approximate local geometry
GAMEWATCH-0122,BuildingWindow1_0,GAMEWATCH-0122 · Building window stripe003,LidDisplay,lcd,1,0.02707609380098812,4.300000000000001,0.3478083807522836,0.07850340173764714,Museum specimen envelope; approximate local geometry
GAMEWATCH-0123,BuildingWindow1_1,GAMEWATCH-0123 · Building window stripe004,LidDisplay,lcd,1,0.027076093800988122,4.300000000000001,0.3478083807522836,0.07850340173764714,Museum specimen envelope; approximate local geometry
GAMEWATCH-0124,BuildingWindow1_2,GAMEWATCH-0124 · Building window stripe005,LidDisplay,lcd,1,0.02707609380098811,4.300000000000001,0.3478083807522836,0.07850340173764536,Museum specimen envelope; approximate local geometry
GAMEWATCH-0125,BuildingWindow1_3,GAMEWATCH-0125 · Building window stripe006,LidDisplay,lcd,1,0.02707609380098811,4.300000000000001,0.3478083807522836,0.07850340173764536,Museum specimen envelope; approximate local geometry
GAMEWATCH-0126,BuildingWindow1_4,GAMEWATCH-0126 · Building window stripe007,LidDisplay,lcd,1,0.027076093800988115,4.300000000000001,0.3478083807522836,0.07850340173764536,Museum specimen envelope; approximate local geometry
GAMEWATCH-0127,Building2,GAMEWATCH-0127 · Reconstructed fixed blue building002,LidDisplay,artblue,1,0.6929613716694017,5.5,6.896779938283473,1.2332637832227356,Museum specimen envelope; approximate local geometry
GAMEWATCH-0128,BuildingWindow2_0,GAMEWATCH-0128 · Building window stripe008,LidDisplay,lcd,1,0.02707609380098812,4.3,0.3478083807522836,0.07850340173764714,Museum specimen envelope; approximate local geometry
GAMEWATCH-0129,BuildingWindow2_1,GAMEWATCH-0129 · Building window stripe009,LidDisplay,lcd,1,0.02707609380098812,4.3,0.3478083807522836,0.07850340173764714,Museum specimen envelope; approximate local geometry
GAMEWATCH-0130,BuildingWindow2_2,GAMEWATCH-0130 · Building window stripe010,LidDisplay,lcd,1,0.02707609380098811,4.3,0.3478083807522836,0.07850340173764536,Museum specimen envelope; approximate local geometry
GAMEWATCH-0131,Building3,GAMEWATCH-0131 · Reconstructed fixed blue building003,LidDisplay,artblue,1,1.0889613716694109,5.5,10.836010950332295,1.9278564938904559,Museum specimen envelope; approximate local geometry
GAMEWATCH-0132,BuildingWindow3_0,GAMEWATCH-0132 · Building window stripe011,LidDisplay,lcd,1,0.02707609380098812,4.300000000000001,0.3478083807522836,0.07850340173764714,Museum specimen envelope; approximate local geometry
GAMEWATCH-0133,BuildingWindow3_1,GAMEWATCH-0133 · Building window stripe012,LidDisplay,lcd,1,0.027076093800988122,4.300000000000001,0.3478083807522836,0.07850340173764714,Museum specimen envelope; approximate local geometry
GAMEWATCH-0134,BuildingWindow3_2,GAMEWATCH-0134 · Building window stripe013,LidDisplay,lcd,1,0.02707609380098811,4.300000000000001,0.3478083807522836,0.07850340173764536,Museum specimen envelope; approximate local geometry
GAMEWATCH-0135,BuildingWindow3_3,GAMEWATCH-0135 · Building window stripe014,LidDisplay,lcd,1,0.02707609380098811,4.300000000000001,0.3478083807522836,0.07850340173764536,Museum specimen envelope; approximate local geometry
GAMEWATCH-0136,BuildingWindow3_4,GAMEWATCH-0136 · Building window stripe015,LidDisplay,lcd,1,0.027076093800988115,4.300000000000001,0.3478083807522836,0.07850340173764536,Museum specimen envelope; approximate local geometry
GAMEWATCH-0137,BuildingWindow3_5,GAMEWATCH-0137 · Building window stripe016,LidDisplay,lcd,1,0.027076093800988115,4.300000000000001,0.3478083807522836,0.07850340173764536,Museum specimen envelope; approximate local geometry
GAMEWATCH-0138,Building4,GAMEWATCH-0138 · Reconstructed fixed blue building004,LidDisplay,artblue,1,0.6929613716694019,5.5,6.896779938283473,1.2332637832227356,Museum specimen envelope; approximate local geometry
GAMEWATCH-0139,BuildingWindow4_0,GAMEWATCH-0139 · Building window stripe017,LidDisplay,lcd,1,0.027076093800988115,4.3000000000000025,0.3478083807522836,0.07850340173764714,Museum specimen envelope; approximate local geometry
GAMEWATCH-0140,BuildingWindow4_1,GAMEWATCH-0140 · Building window stripe018,LidDisplay,lcd,1,0.02707609380098812,4.3000000000000025,0.3478083807522836,0.07850340173764714,Museum specimen envelope; approximate local geometry
GAMEWATCH-0141,BuildingWindow4_2,GAMEWATCH-0141 · Building window stripe019,LidDisplay,lcd,1,0.027076093800988108,4.3000000000000025,0.3478083807522836,0.07850340173764536,Museum specimen envelope; approximate local geometry
GAMEWATCH-0142,UpperHook,GAMEWATCH-0142 · Schematic fixed crane hook,LidDisplay,ink,1,0.0869362050009739,3.0,5.02564520756026,0.9033322456555659,Museum specimen envelope; approximate local geometry
GAMEWATCH-0143,ControlPlate-1,GAMEWATCH-0143 · Original painted metal control faceplate004,Body,foil,1,225.08561344213544,23.3000002,64.34412451617364,0.1700001999999987,Museum specimen envelope; approximate local geometry
GAMEWATCH-0144,DPad,GAMEWATCH-0144 · Original raised black directional cross,Controls,black,1,200.21403522483337,17.0,17.0,1.3000000000000007,Museum specimen envelope; approximate local geometry
GAMEWATCH-0145,DPadPivot,GAMEWATCH-0145 · D-pad pivot stem,Controls,black,1,8.494866535306805,2.5999999999999943,2.6000000000000014,1.5999999999999996,Schematic internal layout
GAMEWATCH-0146,JumpKey,GAMEWATCH-0146 · Jump original black key,Controls,black,1,90.0615353547926,9.200000000000003,9.200000000000003,1.3499999999999996,Museum specimen envelope; approximate local geometry
GAMEWATCH-0147,JumpStem,GAMEWATCH-0147 · Jump actuator stem,Controls,black,1,5.701990666265474,2.200000000000003,2.200000000000003,1.5,Schematic internal layout
GAMEWATCH-0148,GameAKey,GAMEWATCH-0148 · GameA original black key,Controls,black,1,25.226083464655375,6.200000000000003,3.4000000000000057,1.3499999999999996,Museum specimen envelope; approximate local geometry
GAMEWATCH-0149,GameAStem,GAMEWATCH-0149 · GameA actuator stem,Controls,black,1,5.701990666265474,2.200000000000003,2.200000000000003,1.5,Schematic internal layout
GAMEWATCH-0150,GameBKey,GAMEWATCH-0150 · GameB original black key,Controls,black,1,25.226083464655375,6.200000000000003,3.400000000000004,1.3499999999999996,Museum specimen envelope; approximate local geometry
GAMEWATCH-0151,GameBStem,GAMEWATCH-0151 · GameB actuator stem,Controls,black,1,5.701990666265477,2.200000000000003,2.200000000000001,1.5,Schematic internal layout
GAMEWATCH-0152,TimeKey,GAMEWATCH-0152 · Time original black key,Controls,black,1,25.22608346465537,6.200000000000003,3.3999999999999995,1.3499999999999996,Museum specimen envelope; approximate local geometry
GAMEWATCH-0153,TimeStem,GAMEWATCH-0153 · Time actuator stem,Controls,black,1,5.701990666265477,2.200000000000003,2.1999999999999993,1.5,Schematic internal layout
GAMEWATCH-0154,AlarmDisc,GAMEWATCH-0154 · Alarm original recessed metal disc,Controls,metal,1,0.5387831400906493,1.4000000000000057,1.3999999999999986,0.34999999999999964,Museum specimen envelope; approximate local geometry
GAMEWATCH-0155,AlarmStem,GAMEWATCH-0155 · Alarm contact stem,Controls,metal,1,1.0053096491487348,0.7999999999999972,0.7999999999999972,2.0,Schematic internal layout
GAMEWATCH-0156,FrontDeck,GAMEWATCH-0156 · Orange lower control deck012,Body,orange,1,4021.564217426806,114.6,68.01964914980178,0.9000000000000465,Museum specimen envelope; approximate local geometry
GAMEWATCH-0157,ControlPlate1,GAMEWATCH-0157 · Original painted metal control faceplate010,Body,foil,1,227.67512973947046,23.3000002,64.34412451617364,0.1700001999999987,Museum specimen envelope; approximate local geometry
GAMEWATCH-0158,ControlPaint1,GAMEWATCH-0158 · Orange printed upper faceplate area008,Body,orange,1,11.731276705982802,23.100000200000007,31.699538602496144,0.018000200000001243,Museum specimen envelope; approximate local geometry
GAMEWATCH-0159,ACLDisc,GAMEWATCH-0159 · ACL original recessed metal disc,Controls,metal,1,0.5387831400906492,1.4000000000000057,1.3999999999999986,0.34999999999999964,Museum specimen envelope; approximate local geometry
GAMEWATCH-0160,ACLStem,GAMEWATCH-0160 · ACL contact stem,Controls,metal,1,1.0053096491487343,0.7999999999999972,0.8000000000000007,2.0,Schematic internal layout
GAMEWATCH-0161,DpadMembrane,GAMEWATCH-0161 · Dpad silicone contact membrane,ControlsInternal,silicone,1,79.44302422765188,17.0,17.0,0.34999999999999964,Schematic internal layout
GAMEWATCH-0162,DpadDome0,GAMEWATCH-0162 · Rubber switch dome,ControlsInternal,silicone,1,9.971415082494003,4.599999999999994,4.600000000000001,0.6000000000000005,Schematic internal layout
GAMEWATCH-0163,DpadCarbon0,GAMEWATCH-0163 · Conductive switch carbon,ControlsInternal,ink,1,2.041406906302646,3.799999999999997,3.8000000000000007,0.17999999999999972,Schematic internal layout
GAMEWATCH-0164,DpadDome1,GAMEWATCH-0164 · Rubber switch dome001,ControlsInternal,silicone,1,9.971415082494005,4.599999999999994,4.600000000000001,0.6000000000000005,Schematic internal layout
GAMEWATCH-0165,DpadCarbon1,GAMEWATCH-0165 · Conductive switch carbon001,ControlsInternal,ink,1,2.041406906302646,3.799999999999997,3.799999999999997,0.17999999999999972,Schematic internal layout
GAMEWATCH-0166,DpadDome2,GAMEWATCH-0166 · Rubber switch dome002,ControlsInternal,silicone,1,9.971415082494005,4.599999999999994,4.600000000000001,0.6000000000000005,Schematic internal layout
GAMEWATCH-0167,DpadCarbon2,GAMEWATCH-0167 · Conductive switch carbon002,ControlsInternal,ink,1,2.041406906302646,3.799999999999997,3.799999999999997,0.17999999999999972,Schematic internal layout
GAMEWATCH-0168,DpadDome3,GAMEWATCH-0168 · Rubber switch dome003,ControlsInternal,silicone,1,9.971415082494005,4.599999999999994,4.600000000000001,0.6000000000000005,Schematic internal layout
GAMEWATCH-0169,DpadCarbon3,GAMEWATCH-0169 · Conductive switch carbon003,ControlsInternal,ink,1,2.041406906302646,3.799999999999997,3.799999999999997,0.17999999999999972,Schematic internal layout
GAMEWATCH-0170,JumpMembrane,GAMEWATCH-0170 · Jump silicone contact membrane,ControlsInternal,silicone,1,33.26161221988192,11.0,11.0,0.34999999999999964,Schematic internal layout
GAMEWATCH-0171,JumpDome0,GAMEWATCH-0171 · Rubber switch dome004,ControlsInternal,silicone,1,9.971415082494005,4.599999999999994,4.600000000000001,0.6000000000000005,Schematic internal layout
GAMEWATCH-0172,JumpCarbon0,GAMEWATCH-0172 · Conductive switch carbon004,ControlsInternal,ink,1,2.041406906302646,3.799999999999997,3.799999999999997,0.17999999999999972,Schematic internal layout
GAMEWATCH-0173,MenuRubber,GAMEWATCH-0173 · Three-button system silicone carrier001,ControlsInternal,silicone,1,68.64291420254474,9.0,22.0,0.34999999999999964,Schematic internal layout
GAMEWATCH-0174,MenuDome0,GAMEWATCH-0174 · System button rubber dome,ControlsInternal,silicone,1,7.539822368615507,4.0,4.0,0.6000000000000005,Schematic internal layout
GAMEWATCH-0175,MenuCarbon0,GAMEWATCH-0175 · System button carbon contact,ControlsInternal,ink,1,1.4476458947741762,3.200000000000003,3.200000000000003,0.17999999999999972,Schematic internal layout
GAMEWATCH-0176,MenuDome1,GAMEWATCH-0176 · System button rubber dome001,ControlsInternal,silicone,1,7.539822368615507,4.0,4.0,0.6000000000000005,Schematic internal layout
GAMEWATCH-0177,MenuCarbon1,GAMEWATCH-0177 · System button carbon contact001,ControlsInternal,ink,1,1.4476458947741762,3.200000000000003,3.200000000000001,0.17999999999999972,Schematic internal layout
GAMEWATCH-0178,MenuDome2,GAMEWATCH-0178 · System button rubber dome002,ControlsInternal,silicone,1,7.539822368615507,4.0,4.0,0.6000000000000005,Schematic internal layout
GAMEWATCH-0179,MenuCarbon2,GAMEWATCH-0179 · System button carbon contact002,ControlsInternal,ink,1,1.4476458947741762,3.200000000000003,3.1999999999999993,0.17999999999999972,Schematic internal layout
GAMEWATCH-0180,PlatformCable2,GAMEWATCH-0180 · Reconstructed fixed screen artwork003,Display,artred,1,0.01037020101713834,0.25000000000000056,2.3144629698334738,0.01800000000000246,Museum specimen envelope; approximate local geometry
GAMEWATCH-0181,HangingPlatform1,GAMEWATCH-0181 · Fixed suspended platform003,Display,artred,4,0.27120329661170123,7.0,2.5,0.018000000000000682,Museum specimen envelope; approximate local geometry
GAMEWATCH-0182,OuterTitlePlate,GAMEWATCH-0182 · Ridged outer metal title plate,Lid,foil,1,1341.938194671059,110.0,60.10800256927809,10.789500388285195,Museum specimen envelope; approximate local geometry
GAMEWATCH-0183,OuterTitleRidge0,GAMEWATCH-0183 · Horizontal title-plate embossed ridge,Lid,metal,1,1.2838351857894932,107.0,0.3991325465348865,0.09900350365713861,Museum specimen envelope; approximate local geometry
GAMEWATCH-0184,OuterTitleRidge1,GAMEWATCH-0184 · Horizontal title-plate embossed ridge001,Lid,metal,1,1.2838351857894914,107.0,0.3991325465348865,0.09900350365713839,Museum specimen envelope; approximate local geometry
GAMEWATCH-0185,OuterTitleRidge2,GAMEWATCH-0185 · Horizontal title-plate embossed ridge002,Lid,metal,1,1.2838351857894912,107.0,0.3991325465348865,0.09900350365713839,Museum specimen envelope; approximate local geometry
GAMEWATCH-0186,OuterTitleRidge3,GAMEWATCH-0186 · Horizontal title-plate embossed ridge003,Lid,metal,1,1.2838351857894912,107.0,0.3991325465348865,0.09900350365713839,Museum specimen envelope; approximate local geometry
GAMEWATCH-0187,OuterTitleRidge4,GAMEWATCH-0187 · Horizontal title-plate embossed ridge004,Lid,metal,1,1.2838351857894938,107.0,0.3991325465349007,0.09900350365713884,Museum specimen envelope; approximate local geometry
GAMEWATCH-0188,OuterTitleRidge5,GAMEWATCH-0188 · Horizontal title-plate embossed ridge005,Lid,metal,1,1.2838351857894936,107.0,0.3991325465349007,0.09900350365713884,Museum specimen envelope; approximate local geometry
GAMEWATCH-0189,OuterTitleRidge6,GAMEWATCH-0189 · Horizontal title-plate embossed ridge006,Lid,metal,1,1.2838351857894938,107.0,0.3991325465349007,0.09900350365713884,Museum specimen envelope; approximate local geometry
GAMEWATCH-0190,OuterTitleRidge7,GAMEWATCH-0190 · Horizontal title-plate embossed ridge007,Lid,metal,1,1.2838351857894936,107.0,0.3991325465349007,0.09900350365713884,Museum specimen envelope; approximate local geometry
GAMEWATCH-0191,OuterTitleRidge8,GAMEWATCH-0191 · Horizontal title-plate embossed ridge008,Lid,metal,1,1.2838351857894938,107.0,0.3991325465349007,0.09900350365713884,Museum specimen envelope; approximate local geometry
GAMEWATCH-0192,OuterTitlePill,GAMEWATCH-0192 · Outer black Donkey Kong nameplate,Lid,black,1,8.79445302414505,43.0,5.914924204291609,1.0763573373570097,Museum specimen envelope; approximate local geometry
GAMEWATCH-0193,OuterTitleText,GAMEWATCH-0193 · DONKEY KONG,Lid,white,10,0.4729040004198161,28.046728387919465,2.882201418957166,0.5253854388274739,Museum specimen envelope; approximate local geometry
GAMEWATCH-0194,OuterMark0,GAMEWATCH-0194 · GAME,Lid,ink,4,0.22573242673753485,11.6800001,3.074139789074465,0.559229352112357,Museum specimen envelope; approximate local geometry
GAMEWATCH-0195,OuterMark1,GAMEWATCH-0195 · & WATCH,Lid,ink,6,0.19181672759936963,14.433515200671145,2.402355493663997,0.4407756556152642,Museum specimen envelope; approximate local geometry
GAMEWATCH-0196,OuterMark2,GAMEWATCH-0196 · Nintendo,Lid,ink,9,0.08762155872562435,9.621828959060402,1.6750518349964523,0.31253239742419714,Museum specimen envelope; approximate local geometry
GAMEWATCH-0197,OuterMark3,GAMEWATCH-0197 · MULTI SCREEN,Lid,ink,11,0.290068831106708,21.898590604026843,2.30638630860534,0.4238536989728203,Museum specimen envelope; approximate local geometry
GAMEWATCH-0198,UpperTitlePill,GAMEWATCH-0198 · Upper inner black Donkey Kong nameplate,Lid,black,1,6.825398163397462,32.0,5.423388568673829,0.9944572872886077,Museum specimen envelope; approximate local geometry
GAMEWATCH-0199,UpperTitleText,GAMEWATCH-0199 · DONKEY KONG001,Lid,white,10,0.3552034492042292,24.307164629530206,2.4983246787226108,0.4576976122577108,Museum specimen envelope; approximate local geometry
GAMEWATCH-0200,LowerNintendoRim,GAMEWATCH-0200 · Lower Nintendo silver nameplate rim,Body,foil,1,6.049398163397407,29.0,5.399999999999999,0.03999999999999915,Museum specimen envelope; approximate local geometry
GAMEWATCH-0201,LowerNintendoPill,GAMEWATCH-0201 · Lower Nintendo black nameplate,Body,black,1,4.145622971502577,27.7,4.399999999999999,0.03500000000000014,Museum specimen envelope; approximate local geometry
GAMEWATCH-0202,LowerNintendoText,GAMEWATCH-0202 · Nintendo001,Body,white,9,0.25498176777941406,16.413708153691275,2.8961075825503393,0.018000199999999467,Museum specimen envelope; approximate local geometry
GAMEWATCH-0203,GameWatchBadge,GAMEWATCH-0203 · Metallic Game and Watch badge,Body,foil,1,5.450729200658732,14.0,13.0,0.02999999999999936,Museum specimen envelope; approximate local geometry
GAMEWATCH-0204,GameWatchWord0,GAMEWATCH-0204 · GAME001,Body,ink,4,0.1728263892209268,10.2200001,2.7285908040268474,0.018000199999999467,Museum specimen envelope; approximate local geometry
GAMEWATCH-0205,GameWatchWord1,GAMEWATCH-0205 · &,Body,ink,1,0.04361235108018836,2.475251877852358,2.7285908040268474,0.018000199999999467,Museum specimen envelope; approximate local geometry
GAMEWATCH-0206,GameWatchWord2,GAMEWATCH-0206 · WATCH,Body,ink,5,0.16986444536458334,11.432256711409401,2.533691475167789,0.018000199999999467,Museum specimen envelope; approximate local geometry
GAMEWATCH-0207,ControlLegend0,GAMEWATCH-0207 · CONTROLLER,Body,ink,10,0.12691559157664536,14.204326961744968,1.6079196630872516,0.018000199999999467,Museum specimen envelope; approximate local geometry
GAMEWATCH-0208,ControlLegend1,GAMEWATCH-0208 · JUMP,Body,ink,4,0.0767806188840038,6.469211609395977,2.394631072483225,0.018000199999999467,Museum specimen envelope; approximate local geometry
GAMEWATCH-0209,ControlLegend2,GAMEWATCH-0209 · START,Body,ink,5,0.04266415442055031,5.453305469127521,1.3642955020134213,0.018000199999999467,Museum specimen envelope; approximate local geometry
GAMEWATCH-0210,ControlLegend3,GAMEWATCH-0210 · GAME A,Body,ink,5,0.060463881692319664,7.519819730872484,1.4617451664429524,0.018000199999999467,Museum specimen envelope; approximate local geometry
GAMEWATCH-0211,ControlLegend4,GAMEWATCH-0211 · GAME B,Body,ink,5,0.06328379745440177,7.402789629530204,1.4617451664429524,0.018000199999999467,Museum specimen envelope; approximate local geometry
GAMEWATCH-0212,ControlLegend5,GAMEWATCH-0212 · TIME,Body,ink,4,0.03917702859404605,4.522084731543622,1.4093959731543642,0.018000000000000682,Museum specimen envelope; approximate local geometry
GAMEWATCH-0213,ControlLegend6,GAMEWATCH-0213 · ALARM,Body,ink,5,0.02510212279993048,4.379907718120812,0.9395975154362439,0.018000199999999467,Museum specimen envelope; approximate local geometry
GAMEWATCH-0214,ControlLegend7,GAMEWATCH-0214 · ACL,Body,ink,3,0.011956717083760452,2.459312080536918,0.9744968442953006,0.018000199999999467,Museum specimen envelope; approximate local geometry
GAMEWATCH-0215,RearLegend0,GAMEWATCH-0215 · MODEL NO. DK-52,Body,orange,13,0.23171940228621407,22.723406140268455,1.948993488590606,0.018000200000000237,Museum specimen envelope; approximate local geometry
GAMEWATCH-0216,RearLegend1,GAMEWATCH-0216 · DC3V  LR44 / SR44 x2,Body,orange,15,0.20541449858600055,25.220461609395972,1.9328860060402686,0.018000200000000216,Museum specimen envelope; approximate local geometry
GAMEWATCH-0217,RearLegend2,GAMEWATCH-0217 · Nintendo 1982,Body,orange,13,0.19335909000439158,18.57843969731544,1.997315636241611,0.018000200000000244,Museum specimen envelope; approximate local geometry
GAMEWATCH-0218,RearLegend3,GAMEWATCH-0218 · MADE IN JAPAN,Body,orange,11,0.17461110298255106,17.081124161073824,2.155167985234899,0.01800020000000026,Museum specimen envelope; approximate local geometry
GAMEWATCH-0219,MCUPackage,GAMEWATCH-0219 · SM510 diamond-oriented flat package001,Mainboard,black,1,233.7077398632544,17.387720036002523,17.387720036002523,1.5,Schematic internal layout
GAMEWATCH-0220,MCUPin0,GAMEWATCH-0220 · Approximate flat-pack lead geometry,Mainboard,metal,1,0.061347292006587714,1.3327922061357853,1.3327922061357855,0.1200000000000001,Schematic internal layout
GAMEWATCH-0221,MCUPin1,GAMEWATCH-0221 · Approximate flat-pack lead geometry001,Mainboard,metal,1,0.0613472920065877,1.3327922061357853,1.3327922061357855,0.1200000000000001,Schematic internal layout
GAMEWATCH-0222,MCUPin2,GAMEWATCH-0222 · Approximate flat-pack lead geometry002,Mainboard,metal,1,0.0613472920065877,1.3327922061357853,1.3327922061357853,0.1200000000000001,Schematic internal layout
GAMEWATCH-0223,MCUPin3,GAMEWATCH-0223 · Approximate flat-pack lead geometry003,Mainboard,metal,1,0.0613472920065877,1.3327922061357853,1.3327922061357858,0.1200000000000001,Schematic internal layout
GAMEWATCH-0224,MCUPin4,GAMEWATCH-0224 · Approximate flat-pack lead geometry004,Mainboard,metal,1,0.06134729200658771,1.3327922061357855,1.3327922061357858,0.1200000000000001,Schematic internal layout
GAMEWATCH-0225,MCUPin5,GAMEWATCH-0225 · Approximate flat-pack lead geometry005,Mainboard,metal,1,0.061347292006587714,1.3327922061357855,1.3327922061357862,0.1200000000000001,Schematic internal layout
GAMEWATCH-0226,MCUPin6,GAMEWATCH-0226 · Approximate flat-pack lead geometry006,Mainboard,metal,1,0.061347292006587714,1.3327922061357853,1.332792206135787,0.1200000000000001,Schematic internal layout
GAMEWATCH-0227,MCUPin7,GAMEWATCH-0227 · Approximate flat-pack lead geometry007,Mainboard,metal,1,0.061347292006587714,1.3327922061357858,1.332792206135787,0.1200000000000001,Schematic internal layout
GAMEWATCH-0228,MCUPin8,GAMEWATCH-0228 · Approximate flat-pack lead geometry008,Mainboard,metal,1,0.0613472920065877,1.3327922061357855,1.332792206135787,0.1200000000000001,Schematic internal layout
GAMEWATCH-0229,MCUPin9,GAMEWATCH-0229 · Approximate flat-pack lead geometry009,Mainboard,metal,1,0.06134729200658771,1.3327922061357855,1.332792206135787,0.1200000000000001,Schematic internal layout
GAMEWATCH-0230,MCUPin10,GAMEWATCH-0230 · Approximate flat-pack lead geometry010,Mainboard,metal,1,0.061347292006587714,1.3327922061357855,1.332792206135787,0.1200000000000001,Schematic internal layout
GAMEWATCH-0231,MCUPin11,GAMEWATCH-0231 · Approximate flat-pack lead geometry011,Mainboard,metal,1,0.061347292006587714,1.3327922061357858,1.3327922061357862,0.1200000000000001,Schematic internal layout
GAMEWATCH-0232,MCUPin12,GAMEWATCH-0232 · Approximate flat-pack lead geometry012,Mainboard,metal,1,0.06134729200658769,1.3327922061357853,1.3327922061357862,0.1200000000000001,Schematic internal layout
GAMEWATCH-0233,MCUPin13,GAMEWATCH-0233 · Approximate flat-pack lead geometry013,Mainboard,metal,1,0.06134729200658769,1.3327922061357855,1.3327922061357853,0.1200000000000001,Schematic internal layout
GAMEWATCH-0234,MCUPin14,GAMEWATCH-0234 · Approximate flat-pack lead geometry014,Mainboard,metal,1,0.061347292006587686,1.3327922061357855,1.3327922061357853,0.1200000000000001,Schematic internal layout
GAMEWATCH-0235,MCUPin15,GAMEWATCH-0235 · Approximate flat-pack lead geometry015,Mainboard,metal,1,0.0613472920065877,1.3327922061357853,1.3327922061357853,0.1200000000000001,Schematic internal layout
GAMEWATCH-0236,MCUPin16,GAMEWATCH-0236 · Approximate flat-pack lead geometry016,Mainboard,metal,1,0.06134729200658771,1.3327922061357853,1.3327922061357844,0.1200000000000001,Schematic internal layout
GAMEWATCH-0237,MCUPin17,GAMEWATCH-0237 · Approximate flat-pack lead geometry017,Mainboard,metal,1,0.06134729200658772,1.3327922061357855,1.3327922061357853,0.1200000000000001,Schematic internal layout
GAMEWATCH-0238,MCUPin18,GAMEWATCH-0238 · Approximate flat-pack lead geometry018,Mainboard,metal,1,0.061347292006587714,1.3327922061357855,1.332792206135787,0.1200000000000001,Schematic internal layout
GAMEWATCH-0239,MCUPin19,GAMEWATCH-0239 · Approximate flat-pack lead geometry019,Mainboard,metal,1,0.06134729200658773,1.3327922061357855,1.3327922061357853,0.1200000000000001,Schematic internal layout
GAMEWATCH-0240,MCUPin20,GAMEWATCH-0240 · Approximate flat-pack lead geometry020,Mainboard,metal,1,0.06134729200658772,1.3327922061357858,1.332792206135787,0.1200000000000001,Schematic internal layout
GAMEWATCH-0241,MCUPin21,GAMEWATCH-0241 · Approximate flat-pack lead geometry021,Mainboard,metal,1,0.061347292006587714,1.3327922061357858,1.3327922061357853,0.1200000000000001,Schematic internal layout
GAMEWATCH-0242,MCUPin22,GAMEWATCH-0242 · Approximate flat-pack lead geometry022,Mainboard,metal,1,0.061347292006587714,1.3327922061357858,1.3327922061357862,0.1200000000000001,Schematic internal layout
GAMEWATCH-0243,MCUPin23,GAMEWATCH-0243 · Approximate flat-pack lead geometry023,Mainboard,metal,1,0.06134729200658772,1.3327922061357858,1.3327922061357862,0.1200000000000001,Schematic internal layout
GAMEWATCH-0244,MCUPin24,GAMEWATCH-0244 · Approximate flat-pack lead geometry024,Mainboard,metal,1,0.06134729200658772,1.3327922061357858,1.3327922061357853,0.1200000000000001,Schematic internal layout
GAMEWATCH-0245,MCUPin25,GAMEWATCH-0245 · Approximate flat-pack lead geometry025,Mainboard,metal,1,0.061347292006587714,1.3327922061357855,1.3327922061357853,0.1200000000000001,Schematic internal layout
GAMEWATCH-0246,MCUPin26,GAMEWATCH-0246 · Approximate flat-pack lead geometry026,Mainboard,metal,1,0.061347292006587735,1.3327922061357855,1.3327922061357855,0.1200000000000001,Schematic internal layout
GAMEWATCH-0247,MCUPin27,GAMEWATCH-0247 · Approximate flat-pack lead geometry027,Mainboard,metal,1,0.06134729200658771,1.3327922061357855,1.3327922061357855,0.1200000000000001,Schematic internal layout
GAMEWATCH-0248,MCUPin28,GAMEWATCH-0248 · Approximate flat-pack lead geometry028,Mainboard,metal,1,0.06134729200658771,1.3327922061357853,1.3327922061357855,0.1200000000000001,Schematic internal layout
GAMEWATCH-0249,MCUPin29,GAMEWATCH-0249 · Approximate flat-pack lead geometry029,Mainboard,metal,1,0.061347292006587714,1.3327922061357862,1.3327922061357858,0.1200000000000001,Schematic internal layout
GAMEWATCH-0250,MCUPin30,GAMEWATCH-0250 · Approximate flat-pack lead geometry030,Mainboard,metal,1,0.06134729200658773,1.3327922061357862,1.3327922061357858,0.1200000000000001,Schematic internal layout
GAMEWATCH-0251,MCUPin31,GAMEWATCH-0251 · Approximate flat-pack lead geometry031,Mainboard,metal,1,0.06134729200658773,1.332792206135787,1.3327922061357858,0.1200000000000001,Schematic internal layout
GAMEWATCH-0252,MCUPin32,GAMEWATCH-0252 · Approximate flat-pack lead geometry032,Mainboard,metal,1,0.06134729200658768,1.3327922061357853,1.3327922061357855,0.1200000000000001,Schematic internal layout
GAMEWATCH-0253,MCUPin33,GAMEWATCH-0253 · Approximate flat-pack lead geometry033,Mainboard,metal,1,0.06134729200658768,1.3327922061357853,1.3327922061357853,0.1200000000000001,Schematic internal layout
GAMEWATCH-0254,MCUPin34,GAMEWATCH-0254 · Approximate flat-pack lead geometry034,Mainboard,metal,1,0.061347292006587686,1.3327922061357853,1.3327922061357855,0.1200000000000001,Schematic internal layout
GAMEWATCH-0255,MCUPin35,GAMEWATCH-0255 · Approximate flat-pack lead geometry035,Mainboard,metal,1,0.06134729200658769,1.3327922061357853,1.3327922061357853,0.1200000000000001,Schematic internal layout
GAMEWATCH-0256,MCUPin36,GAMEWATCH-0256 · Approximate flat-pack lead geometry036,Mainboard,metal,1,0.06134729200658768,1.3327922061357853,1.3327922061357855,0.1200000000000001,Schematic internal layout
GAMEWATCH-0257,MCUPin37,GAMEWATCH-0257 · Approximate flat-pack lead geometry037,Mainboard,metal,1,0.06134729200658768,1.3327922061357853,1.3327922061357855,0.1200000000000001,Schematic internal layout
GAMEWATCH-0258,MCUPin38,GAMEWATCH-0258 · Approximate flat-pack lead geometry038,Mainboard,metal,1,0.061347292006587666,1.3327922061357853,1.3327922061357853,0.1200000000000001,Schematic internal layout
GAMEWATCH-0259,MCUPin39,GAMEWATCH-0259 · Approximate flat-pack lead geometry039,Mainboard,metal,1,0.061347292006587666,1.3327922061357853,1.3327922061357853,0.1200000000000001,Schematic internal layout
GAMEWATCH-0260,MCUPin40,GAMEWATCH-0260 · Approximate flat-pack lead geometry040,Mainboard,metal,1,0.061347292006587666,1.3327922061357853,1.3327922061357853,0.1200000000000001,Schematic internal layout
GAMEWATCH-0261,MCUPin41,GAMEWATCH-0261 · Approximate flat-pack lead geometry041,Mainboard,metal,1,0.0613472920065877,1.3327922061357853,1.3327922061357853,0.1200000000000001,Schematic internal layout
GAMEWATCH-0262,MCUPin42,GAMEWATCH-0262 · Approximate flat-pack lead geometry042,Mainboard,metal,1,0.06134729200658769,1.3327922061357844,1.3327922061357853,0.1200000000000001,Schematic internal layout
GAMEWATCH-0263,MCUPin43,GAMEWATCH-0263 · Approximate flat-pack lead geometry043,Mainboard,metal,1,0.0613472920065877,1.3327922061357853,1.3327922061357853,0.1200000000000001,Schematic internal layout
GAMEWATCH-0264,MCUPin44,GAMEWATCH-0264 · Approximate flat-pack lead geometry044,Mainboard,metal,1,0.0613472920065877,1.3327922061357853,1.3327922061357853,0.1200000000000001,Schematic internal layout
GAMEWATCH-0265,MCUPin45,GAMEWATCH-0265 · Approximate flat-pack lead geometry045,Mainboard,metal,1,0.0613472920065877,1.3327922061357853,1.3327922061357853,0.1200000000000001,Schematic internal layout
GAMEWATCH-0266,MCUPin46,GAMEWATCH-0266 · Approximate flat-pack lead geometry046,Mainboard,metal,1,0.0613472920065877,1.3327922061357853,1.3327922061357853,0.1200000000000001,Schematic internal layout
GAMEWATCH-0267,MCUPin47,GAMEWATCH-0267 · Approximate flat-pack lead geometry047,Mainboard,metal,1,0.06134729200658769,1.3327922061357853,1.3327922061357853,0.1200000000000001,Schematic internal layout
GAMEWATCH-0268,MCUPin48,GAMEWATCH-0268 · Approximate flat-pack lead geometry048,Mainboard,metal,1,0.06134729200658771,1.3327922061357853,1.3327922061357853,0.1200000000000001,Schematic internal layout
GAMEWATCH-0269,MCUPin49,GAMEWATCH-0269 · Approximate flat-pack lead geometry049,Mainboard,metal,1,0.0613472920065877,1.3327922061357853,1.3327922061357853,0.1200000000000001,Schematic internal layout
GAMEWATCH-0270,MCUPin50,GAMEWATCH-0270 · Approximate flat-pack lead geometry050,Mainboard,metal,1,0.0613472920065877,1.3327922061357853,1.3327922061357853,0.1200000000000001,Schematic internal layout
GAMEWATCH-0271,MCUPin51,GAMEWATCH-0271 · Approximate flat-pack lead geometry051,Mainboard,metal,1,0.06134729200658771,1.3327922061357853,1.3327922061357862,0.1200000000000001,Schematic internal layout
GAMEWATCH-0272,MCUPin52,GAMEWATCH-0272 · Approximate flat-pack lead geometry052,Mainboard,metal,1,0.061347292006587714,1.3327922061357853,1.3327922061357862,0.1200000000000001,Schematic internal layout
GAMEWATCH-0273,MCUPin53,GAMEWATCH-0273 · Approximate flat-pack lead geometry053,Mainboard,metal,1,0.061347292006587714,1.3327922061357844,1.332792206135787,0.1200000000000001,Schematic internal layout
GAMEWATCH-0274,MCUPin54,GAMEWATCH-0274 · Approximate flat-pack lead geometry054,Mainboard,metal,1,0.0613472920065877,1.3327922061357853,1.332792206135787,0.1200000000000001,Schematic internal layout
GAMEWATCH-0275,MCUPin55,GAMEWATCH-0275 · Approximate flat-pack lead geometry055,Mainboard,metal,1,0.061347292006587686,1.3327922061357853,1.3327922061357853,0.1200000000000001,Schematic internal layout
GAMEWATCH-0276,MCUPin56,GAMEWATCH-0276 · Approximate flat-pack lead geometry056,Mainboard,metal,1,0.0613472920065877,1.3327922061357853,1.332792206135787,0.1200000000000001,Schematic internal layout
GAMEWATCH-0277,MCUPin57,GAMEWATCH-0277 · Approximate flat-pack lead geometry057,Mainboard,metal,1,0.0613472920065877,1.3327922061357853,1.332792206135787,0.1200000000000001,Schematic internal layout
GAMEWATCH-0278,MCUPin58,GAMEWATCH-0278 · Approximate flat-pack lead geometry058,Mainboard,metal,1,0.061347292006587714,1.3327922061357853,1.3327922061357862,0.1200000000000001,Schematic internal layout
GAMEWATCH-0279,MCUPin59,GAMEWATCH-0279 · Approximate flat-pack lead geometry059,Mainboard,metal,1,0.0613472920065877,1.3327922061357853,1.3327922061357858,0.1200000000000001,Schematic internal layout
GAMEWATCH-0280,MCUPin60,GAMEWATCH-0280 · Approximate flat-pack lead geometry060,Mainboard,metal,1,0.061347292006587686,1.3327922061357853,1.3327922061357858,0.1200000000000001,Schematic internal layout
GAMEWATCH-0281,MCUPin61,GAMEWATCH-0281 · Approximate flat-pack lead geometry061,Mainboard,metal,1,0.061347292006587686,1.3327922061357853,1.3327922061357853,0.1200000000000001,Schematic internal layout
GAMEWATCH-0282,MCUPin62,GAMEWATCH-0282 · Approximate flat-pack lead geometry062,Mainboard,metal,1,0.06134729200658769,1.3327922061357853,1.3327922061357855,0.1200000000000001,Schematic internal layout
GAMEWATCH-0283,MCUPin63,GAMEWATCH-0283 · Approximate flat-pack lead geometry063,Mainboard,metal,1,0.0613472920065877,1.3327922061357853,1.3327922061357855,0.1200000000000001,Schematic internal layout
GAMEWATCH-0284,MCUMark,GAMEWATCH-0284 · SM510,Mainboard,white,5,0.09660301690379904,8.434228387919463,1.948993488590604,0.018000200000000355,Museum specimen envelope; approximate local geometry
GAMEWATCH-0285,BoardRearMark0,GAMEWATCH-0285 · Nintendo002,Mainboard,white,9,0.18949299032358044,14.14974842214765,2.496644495302018,0.018000200000000355,Museum specimen envelope; approximate local geometry
GAMEWATCH-0286,BoardRearMark1,GAMEWATCH-0286 · 4.3 mm SCREW,Mainboard,white,10,0.1504278437799107,17.963607382550336,1.7540941597315438,0.018000200000000355,Museum specimen envelope; approximate local geometry
GAMEWATCH-0287,BoardRearMark2,GAMEWATCH-0287 · DK-52 STUDY,Mainboard,white,10,0.13467308711474107,15.033171240939598,1.7540941597315438,0.018000200000000355,Museum specimen envelope; approximate local geometry
GAMEWATCH-0288,SwitchFinger0_0,GAMEWATCH-0288 · Interdigitated carbon switch finger,Mainboard,ink,1,0.02853682300164704,0.28000000000000114,3.3999999999999986,0.03000000000000025,Schematic internal layout
GAMEWATCH-0289,SwitchFinger0_1,GAMEWATCH-0289 · Interdigitated carbon switch finger001,Mainboard,ink,1,0.02853682300164704,0.28000000000000114,3.3999999999999986,0.03000000000000025,Schematic internal layout
GAMEWATCH-0290,SwitchFinger0_2,GAMEWATCH-0290 · Interdigitated carbon switch finger002,Mainboard,ink,1,0.02853682300164704,0.28000000000000114,3.3999999999999986,0.03000000000000025,Schematic internal layout
GAMEWATCH-0291,SwitchFinger0_3,GAMEWATCH-0291 · Interdigitated carbon switch finger003,Mainboard,ink,1,0.02853682300164704,0.28000000000000114,3.3999999999999986,0.03000000000000025,Schematic internal layout
GAMEWATCH-0292,SwitchFinger0_4,GAMEWATCH-0292 · Interdigitated carbon switch finger004,Mainboard,ink,1,0.02853682300164704,0.28000000000000114,3.3999999999999986,0.03000000000000025,Schematic internal layout
GAMEWATCH-0293,SwitchFinger0_5,GAMEWATCH-0293 · Interdigitated carbon switch finger005,Mainboard,ink,1,0.028536823001647036,0.28000000000000114,3.3999999999999986,0.03000000000000025,Schematic internal layout
GAMEWATCH-0294,SwitchFinger1_0,GAMEWATCH-0294 · Interdigitated carbon switch finger006,Mainboard,ink,1,0.028536823001647036,0.28000000000000114,3.4000000000000057,0.03000000000000025,Schematic internal layout
GAMEWATCH-0295,SwitchFinger1_1,GAMEWATCH-0295 · Interdigitated carbon switch finger007,Mainboard,ink,1,0.028536823001647036,0.28000000000000114,3.4000000000000057,0.03000000000000025,Schematic internal layout
GAMEWATCH-0296,SwitchFinger1_2,GAMEWATCH-0296 · Interdigitated carbon switch finger008,Mainboard,ink,1,0.028536823001647036,0.28000000000000114,3.4000000000000057,0.03000000000000025,Schematic internal layout
GAMEWATCH-0297,SwitchFinger1_3,GAMEWATCH-0297 · Interdigitated carbon switch finger009,Mainboard,ink,1,0.028536823001647036,0.28000000000000114,3.4000000000000057,0.03000000000000025,Schematic internal layout
GAMEWATCH-0298,SwitchFinger1_4,GAMEWATCH-0298 · Interdigitated carbon switch finger010,Mainboard,ink,1,0.028536823001647036,0.28000000000000114,3.4000000000000057,0.03000000000000025,Schematic internal layout
GAMEWATCH-0299,SwitchFinger1_5,GAMEWATCH-0299 · Interdigitated carbon switch finger011,Mainboard,ink,1,0.028536823001647036,0.28000000000000114,3.4000000000000057,0.03000000000000025,Schematic internal layout
GAMEWATCH-0300,SwitchFinger2_0,GAMEWATCH-0300 · Interdigitated carbon switch finger012,Mainboard,ink,1,0.028536823001647036,0.28000000000000114,3.4000000000000057,0.03000000000000025,Schematic internal layout
GAMEWATCH-0301,SwitchFinger2_1,GAMEWATCH-0301 · Interdigitated carbon switch finger013,Mainboard,ink,1,0.028536823001647036,0.28000000000000114,3.4000000000000057,0.03000000000000025,Schematic internal layout
GAMEWATCH-0302,SwitchFinger2_2,GAMEWATCH-0302 · Interdigitated carbon switch finger014,Mainboard,ink,1,0.028536823001647036,0.28000000000000114,3.4000000000000057,0.03000000000000025,Schematic internal layout
GAMEWATCH-0303,SwitchFinger2_3,GAMEWATCH-0303 · Interdigitated carbon switch finger015,Mainboard,ink,1,0.028536823001647036,0.28000000000000114,3.4000000000000057,0.03000000000000025,Schematic internal layout
GAMEWATCH-0304,SwitchFinger2_4,GAMEWATCH-0304 · Interdigitated carbon switch finger016,Mainboard,ink,1,0.028536823001647036,0.28000000000000114,3.4000000000000057,0.03000000000000025,Schematic internal layout
GAMEWATCH-0305,SwitchFinger2_5,GAMEWATCH-0305 · Interdigitated carbon switch finger017,Mainboard,ink,1,0.028536823001647036,0.28000000000000114,3.4000000000000057,0.03000000000000025,Schematic internal layout
GAMEWATCH-0306,SwitchFinger3_0,GAMEWATCH-0306 · Interdigitated carbon switch finger018,Mainboard,ink,1,0.028536823001647036,0.28000000000000114,3.4000000000000057,0.03000000000000025,Schematic internal layout
GAMEWATCH-0307,SwitchFinger3_1,GAMEWATCH-0307 · Interdigitated carbon switch finger019,Mainboard,ink,1,0.02853682300164704,0.28000000000000114,3.4000000000000057,0.03000000000000025,Schematic internal layout
GAMEWATCH-0308,SwitchFinger3_2,GAMEWATCH-0308 · Interdigitated carbon switch finger020,Mainboard,ink,1,0.02853682300164704,0.28000000000000114,3.4000000000000057,0.03000000000000025,Schematic internal layout
GAMEWATCH-0309,SwitchFinger3_3,GAMEWATCH-0309 · Interdigitated carbon switch finger021,Mainboard,ink,1,0.02853682300164704,0.28000000000000114,3.4000000000000057,0.03000000000000025,Schematic internal layout
GAMEWATCH-0310,SwitchFinger3_4,GAMEWATCH-0310 · Interdigitated carbon switch finger022,Mainboard,ink,1,0.028536823001647036,0.28000000000000114,3.4000000000000057,0.03000000000000025,Schematic internal layout
GAMEWATCH-0311,SwitchFinger3_5,GAMEWATCH-0311 · Interdigitated carbon switch finger023,Mainboard,ink,1,0.02853682300164704,0.28000000000000114,3.4000000000000057,0.03000000000000025,Schematic internal layout
GAMEWATCH-0312,SwitchFinger4_0,GAMEWATCH-0312 · Interdigitated carbon switch finger024,Mainboard,ink,1,0.02853682300164704,0.28000000000000114,3.4000000000000057,0.03000000000000025,Schematic internal layout
GAMEWATCH-0313,SwitchFinger4_1,GAMEWATCH-0313 · Interdigitated carbon switch finger025,Mainboard,ink,1,0.02853682300164704,0.28000000000000114,3.4000000000000057,0.03000000000000025,Schematic internal layout
GAMEWATCH-0314,SwitchFinger4_2,GAMEWATCH-0314 · Interdigitated carbon switch finger026,Mainboard,ink,1,0.02853682300164704,0.28000000000000114,3.4000000000000057,0.03000000000000025,Schematic internal layout
GAMEWATCH-0315,SwitchFinger4_3,GAMEWATCH-0315 · Interdigitated carbon switch finger027,Mainboard,ink,1,0.02853682300164704,0.28000000000000114,3.4000000000000057,0.03000000000000025,Schematic internal layout
GAMEWATCH-0316,SwitchFinger4_4,GAMEWATCH-0316 · Interdigitated carbon switch finger028,Mainboard,ink,1,0.028536823001647033,0.28000000000000114,3.4000000000000057,0.03000000000000025,Schematic internal layout
GAMEWATCH-0317,SwitchFinger4_5,GAMEWATCH-0317 · Interdigitated carbon switch finger029,Mainboard,ink,1,0.028536823001647033,0.28000000000000114,3.4000000000000057,0.03000000000000025,Schematic internal layout
GAMEWATCH-0318,SwitchFinger5_0,GAMEWATCH-0318 · Interdigitated carbon switch finger030,Mainboard,ink,1,0.02853682300164704,0.28000000000000114,3.4000000000000057,0.03000000000000025,Schematic internal layout
GAMEWATCH-0319,SwitchFinger5_1,GAMEWATCH-0319 · Interdigitated carbon switch finger031,Mainboard,ink,1,0.02853682300164704,0.28000000000000114,3.4000000000000057,0.03000000000000025,Schematic internal layout
GAMEWATCH-0320,SwitchFinger5_2,GAMEWATCH-0320 · Interdigitated carbon switch finger032,Mainboard,ink,1,0.02853682300164704,0.28000000000000114,3.4000000000000057,0.03000000000000025,Schematic internal layout
GAMEWATCH-0321,SwitchFinger5_3,GAMEWATCH-0321 · Interdigitated carbon switch finger033,Mainboard,ink,1,0.02853682300164704,0.28000000000000114,3.4000000000000057,0.03000000000000025,Schematic internal layout
GAMEWATCH-0322,SwitchFinger5_4,GAMEWATCH-0322 · Interdigitated carbon switch finger034,Mainboard,ink,1,0.02853682300164704,0.28000000000000114,3.4000000000000057,0.03000000000000025,Schematic internal layout
GAMEWATCH-0323,SwitchFinger5_5,GAMEWATCH-0323 · Interdigitated carbon switch finger035,Mainboard,ink,1,0.02853682300164704,0.28000000000000114,3.4000000000000057,0.03000000000000025,Schematic internal layout
GAMEWATCH-0324,SwitchFinger6_0,GAMEWATCH-0324 · Interdigitated carbon switch finger036,Mainboard,ink,1,0.02853682300164704,0.28000000000000114,3.400000000000002,0.03000000000000025,Schematic internal layout
GAMEWATCH-0325,SwitchFinger6_1,GAMEWATCH-0325 · Interdigitated carbon switch finger037,Mainboard,ink,1,0.02853682300164704,0.28000000000000114,3.400000000000002,0.03000000000000025,Schematic internal layout
GAMEWATCH-0326,SwitchFinger6_2,GAMEWATCH-0326 · Interdigitated carbon switch finger038,Mainboard,ink,1,0.02853682300164704,0.28000000000000114,3.400000000000002,0.03000000000000025,Schematic internal layout
GAMEWATCH-0327,SwitchFinger6_3,GAMEWATCH-0327 · Interdigitated carbon switch finger039,Mainboard,ink,1,0.02853682300164704,0.28000000000000114,3.400000000000002,0.03000000000000025,Schematic internal layout
GAMEWATCH-0328,SwitchFinger6_4,GAMEWATCH-0328 · Interdigitated carbon switch finger040,Mainboard,ink,1,0.02853682300164704,0.28000000000000114,3.400000000000002,0.03000000000000025,Schematic internal layout
GAMEWATCH-0329,SwitchFinger6_5,GAMEWATCH-0329 · Interdigitated carbon switch finger041,Mainboard,ink,1,0.02853682300164704,0.28000000000000114,3.400000000000002,0.03000000000000025,Schematic internal layout
GAMEWATCH-0330,SwitchFinger7_0,GAMEWATCH-0330 · Interdigitated carbon switch finger042,Mainboard,ink,1,0.02853682300164704,0.28000000000000114,3.3999999999999995,0.03000000000000025,Schematic internal layout
GAMEWATCH-0331,SwitchFinger7_1,GAMEWATCH-0331 · Interdigitated carbon switch finger043,Mainboard,ink,1,0.02853682300164704,0.28000000000000114,3.3999999999999995,0.03000000000000025,Schematic internal layout
GAMEWATCH-0332,SwitchFinger7_2,GAMEWATCH-0332 · Interdigitated carbon switch finger044,Mainboard,ink,1,0.02853682300164704,0.28000000000000114,3.3999999999999995,0.03000000000000025,Schematic internal layout
GAMEWATCH-0333,SwitchFinger7_3,GAMEWATCH-0333 · Interdigitated carbon switch finger045,Mainboard,ink,1,0.02853682300164704,0.28000000000000114,3.3999999999999995,0.03000000000000025,Schematic internal layout
GAMEWATCH-0334,SwitchFinger7_4,GAMEWATCH-0334 · Interdigitated carbon switch finger046,Mainboard,ink,1,0.02853682300164704,0.28000000000000114,3.3999999999999995,0.03000000000000025,Schematic internal layout
GAMEWATCH-0335,SwitchFinger7_5,GAMEWATCH-0335 · Interdigitated carbon switch finger047,Mainboard,ink,1,0.02853682300164704,0.28000000000000114,3.3999999999999995,0.03000000000000025,Schematic internal layout
GAMEWATCH-0336,MetalButtonPad0,GAMEWATCH-0336 · Alarm or ACL copper contact pad,Mainboard,copper,1,0.11078041094721025,2.200000000000003,2.200000000000003,0.03500000000000014,Schematic internal layout
GAMEWATCH-0337,MetalButtonPad1,GAMEWATCH-0337 · Alarm or ACL copper contact pad001,Mainboard,copper,1,0.11078041094721033,2.200000000000003,2.1999999999999993,0.03500000000000014,Schematic internal layout
GAMEWATCH-0338,CapBody0,GAMEWATCH-0338 · Original discrete capacitor body,Mainboard,blue,1,55.98318108697012,5.5,3.6000000000000014,3.6000000000000005,Schematic internal layout
GAMEWATCH-0339,CapLead0_0,GAMEWATCH-0339 · Capacitor axial lead,Mainboard,metal,1,0.14980684568642955,0.3400000000000034,0.33999999999999986,1.6499999999999995,Schematic internal layout
GAMEWATCH-0340,CapLead0_1,GAMEWATCH-0340 · Capacitor axial lead001,Mainboard,metal,1,0.14980684568642957,0.3400000000000034,0.33999999999999986,1.6499999999999995,Schematic internal layout
GAMEWATCH-0341,CapBody1,GAMEWATCH-0341 · Original discrete capacitor body001,Mainboard,pcb,1,24.047320966903072,4.199999999999999,2.6999999999999997,2.7,Schematic internal layout
GAMEWATCH-0342,CapLead1_0,GAMEWATCH-0342 · Capacitor axial lead002,Mainboard,metal,1,0.1498068456864295,0.3400000000000034,0.33999999999999986,1.6499999999999995,Schematic internal layout
GAMEWATCH-0343,CapLead1_1,GAMEWATCH-0343 · Capacitor axial lead003,Mainboard,metal,1,0.1498068456864295,0.3400000000000034,0.33999999999999986,1.6499999999999995,Schematic internal layout
GAMEWATCH-0344,CrystalCan,GAMEWATCH-0344 · Original cylindrical watch timing crystal,Mainboard,metal,1,27.143360527015812,6.0,2.4,2.4000000000000004,Schematic internal layout
GAMEWATCH-0345,CrystalLead0,GAMEWATCH-0345 · Crystal lead,Mainboard,metal,1,0.1130973355292325,0.29999999999999716,0.29999999999999993,1.5999999999999996,Schematic internal layout
GAMEWATCH-0346,CrystalLead1,GAMEWATCH-0346 · Crystal lead001,Mainboard,metal,1,0.11309733552923248,0.29999999999999716,0.29999999999999993,1.5999999999999996,Schematic internal layout
GAMEWATCH-0347,DiscreteBody0,GAMEWATCH-0347 · Original ceramic discrete body,Mainboard,foil,1,10.191132560362595,3.5,2.2,1.3999999999999995,Schematic internal layout
GAMEWATCH-0348,DiscreteLead0_0,GAMEWATCH-0348 · Discrete component wire lead,Mainboard,metal,1,0.1024944603233669,0.29999999999999716,0.3000000000000007,1.4500000000000002,Schematic internal layout
GAMEWATCH-0349,DiscreteLead0_1,GAMEWATCH-0349 · Discrete component wire lead001,Mainboard,metal,1,0.1024944603233669,0.29999999999999716,0.3000000000000007,1.4500000000000002,Schematic internal layout
GAMEWATCH-0350,DiscreteBody1,GAMEWATCH-0350 · Original ceramic discrete body001,Mainboard,foil,1,10.191132560362595,3.5,2.2,1.3999999999999995,Schematic internal layout
GAMEWATCH-0351,DiscreteLead1_0,GAMEWATCH-0351 · Discrete component wire lead002,Mainboard,metal,1,0.1024944603233669,0.29999999999999716,0.3000000000000007,1.4500000000000002,Schematic internal layout
GAMEWATCH-0352,DiscreteLead1_1,GAMEWATCH-0352 · Discrete component wire lead003,Mainboard,metal,1,0.10249446032336693,0.29999999999999716,0.30000000000000027,1.4500000000000002,Schematic internal layout
GAMEWATCH-0353,DiscreteBody2,GAMEWATCH-0353 · Original axial resistor body,Mainboard,blue,1,10.214103114983818,1.7000000000000028,4.5,1.6999999999999997,Schematic internal layout
GAMEWATCH-0354,DiscreteLead2_0,GAMEWATCH-0354 · Discrete component wire lead004,Mainboard,metal,1,0.10249446032336679,0.29999999999999716,0.3000000000000007,1.4500000000000002,Schematic internal layout
GAMEWATCH-0355,DiscreteLead2_1,GAMEWATCH-0355 · Discrete component wire lead005,Mainboard,metal,1,0.10249446032336682,0.29999999999999716,0.30000000000000004,1.4500000000000002,Schematic internal layout
GAMEWATCH-0356,SolderJoint0,GAMEWATCH-0356 · Through-hole solder annulus,Mainboard,metal,1,0.05274734065377268,0.9600000000000009,0.9600000000000009,0.09999999999999964,Schematic internal layout
GAMEWATCH-0357,SolderJoint1,GAMEWATCH-0357 · Through-hole solder annulus001,Mainboard,metal,1,0.052747340653772665,0.9600000000000009,0.9600000000000009,0.09999999999999964,Schematic internal layout
GAMEWATCH-0358,SolderJoint2,GAMEWATCH-0358 · Through-hole solder annulus002,Mainboard,metal,1,0.05274734065377265,0.9600000000000009,0.96,0.09999999999999964,Schematic internal layout
GAMEWATCH-0359,SolderJoint3,GAMEWATCH-0359 · Through-hole solder annulus003,Mainboard,metal,1,0.05274734065377265,0.9600000000000009,0.96,0.09999999999999964,Schematic internal layout
GAMEWATCH-0360,SolderJoint4,GAMEWATCH-0360 · Through-hole solder annulus004,Mainboard,metal,1,0.05274734065377265,0.9600000000000009,0.96,0.09999999999999964,Schematic internal layout
GAMEWATCH-0361,SolderJoint5,GAMEWATCH-0361 · Through-hole solder annulus005,Mainboard,metal,1,0.05274734065377265,0.9600000000000009,0.96,0.09999999999999964,Schematic internal layout
GAMEWATCH-0362,SolderJoint6,GAMEWATCH-0362 · Through-hole solder annulus006,Mainboard,metal,1,0.05274734065377265,0.9600000000000009,0.9600000000000009,0.09999999999999964,Schematic internal layout
GAMEWATCH-0363,SolderJoint7,GAMEWATCH-0363 · Through-hole solder annulus007,Mainboard,metal,1,0.05274734065377268,0.9600000000000009,0.9600000000000009,0.09999999999999964,Schematic internal layout
GAMEWATCH-0364,SolderJoint8,GAMEWATCH-0364 · Through-hole solder annulus008,Mainboard,metal,1,0.05274734065377268,0.9600000000000009,0.9600000000000009,0.09999999999999964,Schematic internal layout
GAMEWATCH-0365,SolderJoint9,GAMEWATCH-0365 · Through-hole solder annulus009,Mainboard,metal,1,0.05274734065377265,0.9600000000000009,0.9600000000000004,0.09999999999999964,Schematic internal layout
GAMEWATCH-0366,SolderJoint10,GAMEWATCH-0366 · Through-hole solder annulus010,Mainboard,metal,1,0.05274734065377272,0.9599999999999937,0.9600000000000009,0.09999999999999964,Schematic internal layout
GAMEWATCH-0367,SolderJoint11,GAMEWATCH-0367 · Through-hole solder annulus011,Mainboard,metal,1,0.05274734065377273,0.9599999999999937,0.96,0.09999999999999964,Schematic internal layout
GAMEWATCH-0368,Mainboard,GAMEWATCH-0368 · Original shaped phenolic controller PCB016,Mainboard,phenolic,1,3962.586262535902,106.0,63.0,0.6500000000000021,Schematic internal layout
GAMEWATCH-0369,BoardMask,GAMEWATCH-0369 · Green control-side solder mask016,Mainboard,pcb,1,152.58251918747865,106.0,63.0,0.025000000000001243,Schematic internal layout
GAMEWATCH-0370,BackCover,GAMEWATCH-0370 · Original orange lower rear shell010,Body,orange,1,11674.390727087319,115.0,72.0,5.4,Museum specimen envelope; approximate local geometry
GAMEWATCH-0371,BatteryDoor,GAMEWATCH-0371 · Original orange sliding battery cover,Body,orange,1,408.5157145867644,15.599999999999994,29.1,0.9,Museum specimen envelope; approximate local geometry
GAMEWATCH-0372,BatteryDoorTab0,GAMEWATCH-0372 · Battery cover retaining tab,Body,orange,1,2.9974247779607692,10.0,1.0,0.30000000000000004,Museum specimen envelope; approximate local geometry
GAMEWATCH-0373,BatteryDoorTab1,GAMEWATCH-0373 · Battery cover retaining tab001,Body,orange,1,2.9974247779607697,10.0,1.0,0.30000000000000004,Museum specimen envelope; approximate local geometry
GAMEWATCH-0374,CellWell0,GAMEWATCH-0374 · Original round button-cell well002,Battery,orange,1,95.4993637337763,12.799999999999997,12.800000000000002,5.85,Schematic internal layout
GAMEWATCH-0375,CellCan0,GAMEWATCH-0375 · LR44/SR44 metal cell can,Battery,metal,1,66.57352133814788,11.599999999999994,11.600000000000001,5.1,Schematic internal layout
GAMEWATCH-0376,CellBottom0,GAMEWATCH-0376 · Button-cell negative end,Battery,metal,1,22.564175075143325,10.719999999999999,10.719999999999999,0.24999999999999978,Schematic internal layout
GAMEWATCH-0377,CellCore0,GAMEWATCH-0377 · Schematic nonfunctional cell core,Battery,battery,1,376.66714168837365,10.5,10.5,4.35,Schematic internal layout
GAMEWATCH-0378,CellSeal0,GAMEWATCH-0378 · Button-cell insulating gasket,Battery,black,1,4.34293768432253,10.780000000000001,10.780000000000001,0.25,Schematic internal layout
GAMEWATCH-0379,CellPositive0,GAMEWATCH-0379 · Button-cell positive cap,Battery,metal,1,23.162334316386833,9.599999999999994,9.600000000000001,0.3200000000000003,Schematic internal layout
GAMEWATCH-0380,CellRearSpring0,GAMEWATCH-0380 · Original rear spring contact strip,Battery,metal,1,4.31802222947387,3.0,9.0,0.15999999999999992,Schematic internal layout
GAMEWATCH-0381,CellFrontContact0,GAMEWATCH-0381 · Original front contact strip,Battery,metal,1,4.798022229473872,3.0,10.0,0.16000000000000014,Schematic internal layout
GAMEWATCH-0382,CellMark0,GAMEWATCH-0382 · LR44,Battery,ink,4,0.04948476494946012,5.19049077181208,1.5973156362416105,0.018000200000000355,Museum specimen envelope; approximate local geometry
GAMEWATCH-0383,CellTerminal0,GAMEWATCH-0383 · Button-cell terminal tail,Battery,metal,1,1.0071209908772758,7.0,0.8999999999999986,0.16000000000000014,Schematic internal layout
GAMEWATCH-0384,CellWell1,GAMEWATCH-0384 · Original round button-cell well003,Battery,orange,1,95.49936373377619,12.799999999999997,12.799999999999997,5.85,Schematic internal layout
GAMEWATCH-0385,CellCan1,GAMEWATCH-0385 · LR44/SR44 metal cell can001,Battery,metal,1,66.57352133814788,11.599999999999994,11.600000000000001,5.1,Schematic internal layout
GAMEWATCH-0386,CellBottom1,GAMEWATCH-0386 · Button-cell negative end001,Battery,metal,1,22.564175075143325,10.719999999999999,10.719999999999999,0.24999999999999978,Schematic internal layout
GAMEWATCH-0387,CellCore1,GAMEWATCH-0387 · Schematic nonfunctional cell core001,Battery,battery,1,376.66714168837365,10.5,10.5,4.35,Schematic internal layout
GAMEWATCH-0388,CellSeal1,GAMEWATCH-0388 · Button-cell insulating gasket001,Battery,black,1,4.342937684322536,10.780000000000001,10.780000000000001,0.25,Schematic internal layout
GAMEWATCH-0389,CellPositive1,GAMEWATCH-0389 · Button-cell positive cap001,Battery,metal,1,23.162334316386833,9.599999999999994,9.600000000000001,0.3200000000000003,Schematic internal layout
GAMEWATCH-0390,CellRearSpring1,GAMEWATCH-0390 · Original rear spring contact strip001,Battery,metal,1,4.31802222947387,3.0,9.0,0.15999999999999992,Schematic internal layout
GAMEWATCH-0391,CellFrontContact1,GAMEWATCH-0391 · Original front contact strip001,Battery,metal,1,4.798022229473872,3.0,10.0,0.16000000000000014,Schematic internal layout
GAMEWATCH-0392,CellMark1,GAMEWATCH-0392 · LR001,Battery,ink,4,0.049484764949460136,5.19049077181208,1.597315636241614,0.018000200000000355,Museum specimen envelope; approximate local geometry
GAMEWATCH-0393,CellTerminal1,GAMEWATCH-0393 · Button-cell terminal tail001,Battery,metal,1,1.0071209908772758,7.0,0.8999999999999986,0.16000000000000014,Schematic internal layout
GAMEWATCH-0394,BatteryDoorArrow,GAMEWATCH-0394 · Molded battery-cover slide direction,Body,orange,1,0.288,7.0,6.0,0.018000000000000002,Museum specimen envelope; approximate local geometry
GAMEWATCH-0395,PiezoSeat,GAMEWATCH-0395 · Rear-case piezo locating ring001,Audio,orange,1,33.5045632441807,27.200000199999998,27.2000002,0.8000002000087534,Schematic internal layout
GAMEWATCH-0396,PiezoBrass,GAMEWATCH-0396 · Original rear-case brass piezo disk,Audio,foil,1,116.8044148604685,26.0,26.0,0.21999999999999997,Schematic internal layout
GAMEWATCH-0397,PiezoCeramic,GAMEWATCH-0397 · Piezo ceramic element,Audio,white,1,70.94218866630327,19.4,19.4,0.24,Schematic internal layout
GAMEWATCH-0398,PiezoElectrode,GAMEWATCH-0398 · Piezo silver electrode face,Audio,metal,1,6.809402076655877,17.0,17.0,0.030000000000000027,Schematic internal layout
GAMEWATCH-0399,PiezoWire0,GAMEWATCH-0399 · Original piezo red lead,Audio,red,1,4.21807109267423,38.21425315545821,9.290352014136907,3.716486993711654,Schematic internal layout
GAMEWATCH-0400,PiezoSolder0,GAMEWATCH-0400 · Piezo wire solder pad002,Audio,metal,1,0.11000379782567002,1.0999999999999943,1.1000000000000014,0.1200000000000001,Schematic internal layout
GAMEWATCH-0401,PiezoWire1,GAMEWATCH-0401 · Original piezo red lead001,Audio,red,1,3.907051566199041,36.202158915983325,6.301109833466867,3.9802238262359904,Schematic internal layout
GAMEWATCH-0402,PiezoSolder1,GAMEWATCH-0402 · Piezo wire solder pad003,Audio,metal,1,0.10909846158986529,1.0999999999999943,1.1000000000000014,0.12000000000000277,Schematic internal layout
GAMEWATCH-0403,UpperRetainer,GAMEWATCH-0403 · Original stamped upper LCD retaining plate009,LidInternal,metal,1,1308.5777304820717,106.0,58.150542435690355,10.51114057566219,Schematic internal layout
GAMEWATCH-0404,UpperPressedRib0,GAMEWATCH-0404 · Retainer pressed stiffening rib,LidInternal,metal,1,4.495171458676449,0.6000000000000014,29.587644634782983,5.455647268260961,Schematic internal layout
GAMEWATCH-0405,UpperPressedRib1,GAMEWATCH-0405 · Retainer pressed stiffening rib001,LidInternal,metal,1,4.495171458676449,0.6000000000000014,29.587644634782983,5.455647268260961,Schematic internal layout
GAMEWATCH-0406,UpperPressedRib2,GAMEWATCH-0406 · Retainer pressed stiffening rib002,LidInternal,metal,1,7.945171458676448,53.0,0.6342966962240553,0.3503908448532087,Schematic internal layout
GAMEWATCH-0407,UpperPressedRib3,GAMEWATCH-0407 · Retainer pressed stiffening rib003,LidInternal,metal,1,7.9451714586764455,53.0,0.6342966962240624,0.3503908448532105,Schematic internal layout
GAMEWATCH-0408,UpperPressedRib4,GAMEWATCH-0408 · Retainer pressed stiffening rib004,LidInternal,metal,1,7.045171458676419,0.5999999999999943,46.329376435990525,8.40766628859878,Schematic internal layout
GAMEWATCH-0409,UpperPressedRib5,GAMEWATCH-0409 · Retainer pressed stiffening rib005,LidInternal,metal,1,7.045171458676419,0.5999999999999943,46.329376435990525,8.40766628859878,Schematic internal layout
GAMEWATCH-0410,RetainerPost0,GAMEWATCH-0410 · Upper retainer screw boss,LidInternal,orange,1,34.870170490372985,3.4000000000000057,4.18185761304278,5.317481018526163,Schematic internal layout
GAMEWATCH-0411,RetainerScrew0,GAMEWATCH-0411 · Cross-head fastener,LidInternal,metal,1,5.967810317458816,2.5,2.5413926541305614,4.293497336876358,Schematic internal layout
GAMEWATCH-0412,RetainerPost1,GAMEWATCH-0412 · Upper retainer screw boss001,LidInternal,orange,1,34.870170490372985,3.4000000000000057,4.18185761304278,5.317481018526163,Schematic internal layout
GAMEWATCH-0413,RetainerScrew1,GAMEWATCH-0413 · Cross-head fastener001,LidInternal,metal,1,5.967810317458815,2.5,2.5413926541305614,4.293497336876358,Schematic internal layout
GAMEWATCH-0414,RetainerPost2,GAMEWATCH-0414 · Upper retainer screw boss002,LidInternal,orange,1,34.87017049037299,3.4,4.18185761304278,5.317481018526163,Schematic internal layout
GAMEWATCH-0415,RetainerScrew2,GAMEWATCH-0415 · Cross-head fastener002,LidInternal,metal,1,5.967810317458811,2.5,2.5413926541305614,4.293497336876358,Schematic internal layout
GAMEWATCH-0416,RetainerPost3,GAMEWATCH-0416 · Upper retainer screw boss003,LidInternal,orange,1,34.87017049037298,3.4000000000000057,4.18185761304278,5.317481018526163,Schematic internal layout
GAMEWATCH-0417,RetainerScrew3,GAMEWATCH-0417 · Cross-head fastener003,LidInternal,metal,1,5.9678103174588095,2.5,2.5413926541305543,4.293497336876359,Schematic internal layout
GAMEWATCH-0418,RetainerPost4,GAMEWATCH-0418 · Upper retainer screw boss004,LidInternal,orange,1,34.87017049037298,3.4000000000000057,4.18185761304278,5.317481018526163,Schematic internal layout
GAMEWATCH-0419,RetainerScrew4,GAMEWATCH-0419 · Cross-head fastener004,LidInternal,metal,1,5.9678103174588095,2.5,2.5413926541305543,4.293497336876359,Schematic internal layout
GAMEWATCH-0420,LowerGlassGuide-1,GAMEWATCH-0420 · LCD lateral locating ledge,Internal,orange,1,51.84651397500228,0.7000000000000028,39.0,1.9000000000000004,Schematic internal layout
GAMEWATCH-0421,LowerGlassGuide1,GAMEWATCH-0421 · LCD lateral locating ledge001,Internal,orange,1,51.84651397500228,0.7000000000000028,39.0,1.9000000000000004,Schematic internal layout
GAMEWATCH-0422,UpperGlassGuide-1,GAMEWATCH-0422 · LCD lateral locating ledge002,LidInternal,orange,1,51.84651397500229,0.7000000000000028,38.7374339050433,8.64341365973348,Schematic internal layout
GAMEWATCH-0423,UpperGlassGuide1,GAMEWATCH-0423 · LCD lateral locating ledge003,LidInternal,orange,1,51.846513975002296,0.7000000000000028,38.7374339050433,8.64341365973348,Schematic internal layout
GAMEWATCH-0424,LowerCaseBoss0,GAMEWATCH-0424 · Lower case screw guide,Internal,orange,1,33.48937768726719,3.5999999999999943,3.6000000000000014,4.1,Schematic internal layout
GAMEWATCH-0425,UpperCaseBoss0,GAMEWATCH-0425 · Control deck threaded boss,Internal,orange,1,30.237829290801763,3.5999999999999943,3.6000000000000014,3.5,Schematic internal layout
GAMEWATCH-0426,CaseScrew0,GAMEWATCH-0426 · Cross-head fastener005,Fixings,metal,1,11.814011367569115,2.799999999999997,2.799999999999997,8.53,Schematic internal layout
GAMEWATCH-0427,LowerCaseBoss1,GAMEWATCH-0427 · Lower case screw guide001,Internal,orange,1,33.48937768726718,3.5999999999999943,3.6000000000000014,4.1,Schematic internal layout
GAMEWATCH-0428,UpperCaseBoss1,GAMEWATCH-0428 · Control deck threaded boss001,Internal,orange,1,30.237829290801763,3.5999999999999943,3.6000000000000014,3.5,Schematic internal layout
GAMEWATCH-0429,CaseScrew1,GAMEWATCH-0429 · Cross-head fastener006,Fixings,metal,1,11.814011367569119,2.799999999999997,2.799999999999997,8.53,Schematic internal layout
GAMEWATCH-0430,LowerCaseBoss2,GAMEWATCH-0430 · Lower case screw guide002,Internal,orange,1,33.48937768726719,3.5999999999999943,3.6000000000000014,4.1,Schematic internal layout
GAMEWATCH-0431,UpperCaseBoss2,GAMEWATCH-0431 · Control deck threaded boss002,Internal,orange,1,30.237829290801763,3.5999999999999943,3.6000000000000014,3.5,Schematic internal layout
GAMEWATCH-0432,CaseScrew2,GAMEWATCH-0432 · Cross-head fastener007,Fixings,metal,1,11.814011367569112,2.799999999999997,2.799999999999997,8.53,Schematic internal layout
GAMEWATCH-0433,LowerCaseBoss3,GAMEWATCH-0433 · Lower case screw guide003,Internal,orange,1,33.48937768726718,3.6,3.6000000000000014,4.1,Schematic internal layout
GAMEWATCH-0434,UpperCaseBoss3,GAMEWATCH-0434 · Control deck threaded boss003,Internal,orange,1,30.237829290801756,3.6,3.6000000000000014,3.5,Schematic internal layout
GAMEWATCH-0435,CaseScrew3,GAMEWATCH-0435 · Cross-head fastener008,Fixings,metal,1,11.814011367569112,2.8,2.799999999999997,8.53,Schematic internal layout
GAMEWATCH-0436,LowerCaseBoss4,GAMEWATCH-0436 · Lower case screw guide004,Internal,orange,1,33.48937768726718,3.5999999999999943,3.6000000000000014,4.1,Schematic internal layout
GAMEWATCH-0437,UpperCaseBoss4,GAMEWATCH-0437 · Control deck threaded boss004,Internal,orange,1,30.237829290801763,3.5999999999999943,3.6000000000000014,3.5,Schematic internal layout
GAMEWATCH-0438,CaseScrew4,GAMEWATCH-0438 · Cross-head fastener009,Fixings,metal,1,11.814011367569119,2.799999999999997,2.799999999999997,8.53,Schematic internal layout
GAMEWATCH-0439,UpperExternalBoss0,GAMEWATCH-0439 · Upper outer case threaded boss,LidInternal,orange,1,73.00275928779281,3.6000000000000014,5.012635012129508,8.94675895255411,Schematic internal layout
GAMEWATCH-0440,UpperCaseScrew0,GAMEWATCH-0440 · Cross-head fastener010,Fixings,metal,1,8.191126719449366,2.799999999999997,2.949586083582801,5.796756193044711,Schematic internal layout
GAMEWATCH-0441,UpperExternalBoss1,GAMEWATCH-0441 · Upper outer case threaded boss001,LidInternal,orange,1,73.00275928779283,3.6000000000000014,5.012635012129508,8.94675895255411,Schematic internal layout
GAMEWATCH-0442,UpperCaseScrew1,GAMEWATCH-0442 · Cross-head fastener011,Fixings,metal,1,8.191126719449368,2.799999999999997,2.949586083582801,5.796756193044711,Schematic internal layout
GAMEWATCH-0443,UpperExternalBoss2,GAMEWATCH-0443 · Upper outer case threaded boss002,LidInternal,orange,1,73.00275928779288,3.5999999999999943,5.012635012129508,8.94675895255411,Schematic internal layout
GAMEWATCH-0444,UpperCaseScrew2,GAMEWATCH-0444 · Cross-head fastener012,Fixings,metal,1,8.19112671944937,2.799999999999997,2.94958608358278,5.796756193044711,Schematic internal layout
GAMEWATCH-0445,UpperExternalBoss3,GAMEWATCH-0445 · Upper outer case threaded boss003,LidInternal,orange,1,73.00275928779288,3.5999999999999943,5.012635012129508,8.94675895255411,Schematic internal layout
GAMEWATCH-0446,UpperCaseScrew3,GAMEWATCH-0446 · Cross-head fastener013,Fixings,metal,1,8.19112671944937,2.799999999999997,2.94958608358278,5.796756193044711,Schematic internal layout
GAMEWATCH-0447,PCBPost0,GAMEWATCH-0447 · Original PCB mounting post,Internal,orange,1,22.448564465491227,3.200000000000003,3.200000000000003,3.5,Schematic internal layout
GAMEWATCH-0448,PCBScrew0,GAMEWATCH-0448 · Cross-head fastener014,Fixings,metal,1,5.841514532436148,2.3999999999999986,2.3999999999999986,4.029999999999999,Schematic internal layout
GAMEWATCH-0449,PCBPost1,GAMEWATCH-0449 · Original PCB mounting post001,Internal,orange,1,22.448564465491227,3.200000000000003,3.200000000000003,3.5,Schematic internal layout
GAMEWATCH-0450,PCBScrew1,GAMEWATCH-0450 · Cross-head fastener015,Fixings,metal,1,5.8415145324361495,2.3999999999999986,2.3999999999999986,4.029999999999999,Schematic internal layout
GAMEWATCH-0451,PCBPost2,GAMEWATCH-0451 · Original PCB mounting post002,Internal,orange,1,22.44856446549123,3.2,3.200000000000003,3.5,Schematic internal layout
GAMEWATCH-0452,PCBScrew2,GAMEWATCH-0452 · Cross-head fastener016,Fixings,metal,1,5.8415145324361495,2.4,2.3999999999999986,4.029999999999999,Schematic internal layout
GAMEWATCH-0453,PCBPost3,GAMEWATCH-0453 · Original PCB mounting post003,Internal,orange,1,22.448564465491227,3.200000000000003,3.200000000000003,3.5,Schematic internal layout
GAMEWATCH-0454,PCBScrew3,GAMEWATCH-0454 · Cross-head fastener017,Fixings,metal,1,5.841514532436149,2.3999999999999986,2.3999999999999986,4.029999999999999,Schematic internal layout
GAMEWATCH-0455,PCBPost4,GAMEWATCH-0455 · Original PCB mounting post004,Internal,orange,1,22.448564465491227,3.200000000000003,3.200000000000003,3.5,Schematic internal layout
GAMEWATCH-0456,PCBScrew4,GAMEWATCH-0456 · Cross-head fastener018,Fixings,metal,1,5.841514532436147,2.3999999999999986,2.3999999999999986,4.029999999999999,Schematic internal layout
GAMEWATCH-0457,HingeRibbon,GAMEWATCH-0457 · White printed inter-screen flex bridge,Wiring,white,1,58.03589772682585,66.0,3.200000000000003,3.1999999999999993,Schematic internal layout
GAMEWATCH-0458,HingeConductor0,GAMEWATCH-0458 · Printed black flex conductor,Wiring,ink,1,0.11879744123991554,0.6499999999999986,3.25,3.25,Schematic internal layout
GAMEWATCH-0459,HingeConductor1,GAMEWATCH-0459 · Printed black flex conductor001,Wiring,ink,1,0.11879744123991509,0.6499999999999986,3.25,3.25,Schematic internal layout
GAMEWATCH-0460,HingeConductor2,GAMEWATCH-0460 · Printed black flex conductor002,Wiring,ink,1,0.11879744123991554,0.6499999999999986,3.25,3.25,Schematic internal layout
GAMEWATCH-0461,HingeConductor3,GAMEWATCH-0461 · Printed black flex conductor003,Wiring,ink,1,0.11879744123991509,0.6499999999999986,3.25,3.25,Schematic internal layout
GAMEWATCH-0462,HingeConductor4,GAMEWATCH-0462 · Printed black flex conductor004,Wiring,ink,1,0.11879744123991598,0.6499999999999986,3.25,3.25,Schematic internal layout
GAMEWATCH-0463,HingeConductor5,GAMEWATCH-0463 · Printed black flex conductor005,Wiring,ink,1,0.11879744123991598,0.6499999999999986,3.25,3.25,Schematic internal layout
GAMEWATCH-0464,HingeConductor6,GAMEWATCH-0464 · Printed black flex conductor006,Wiring,ink,1,0.11879744123991554,0.6499999999999986,3.25,3.25,Schematic internal layout
GAMEWATCH-0465,HingeConductor7,GAMEWATCH-0465 · Printed black flex conductor007,Wiring,ink,1,0.11879744123991554,0.6499999999999986,3.25,3.25,Schematic internal layout
GAMEWATCH-0466,HingeConductor8,GAMEWATCH-0466 · Printed black flex conductor008,Wiring,ink,1,0.11879744123991554,0.6499999999999986,3.25,3.25,Schematic internal layout
GAMEWATCH-0467,HingeConductor9,GAMEWATCH-0467 · Printed black flex conductor009,Wiring,ink,1,0.11879744123991509,0.6499999999999986,3.25,3.25,Schematic internal layout
GAMEWATCH-0468,HingeConductor10,GAMEWATCH-0468 · Printed black flex conductor010,Wiring,ink,1,0.11879744123990621,0.6500000000000004,3.25,3.25,Schematic internal layout
GAMEWATCH-0469,HingeConductor11,GAMEWATCH-0469 · Printed black flex conductor011,Wiring,ink,1,0.11879744123990621,0.6500000000000004,3.25,3.25,Schematic internal layout
GAMEWATCH-0470,HingeConductor12,GAMEWATCH-0470 · Printed black flex conductor012,Wiring,ink,1,0.11879744123990577,0.6500000000000004,3.25,3.25,Schematic internal layout
GAMEWATCH-0471,HingeConductor13,GAMEWATCH-0471 · Printed black flex conductor013,Wiring,ink,1,0.11879744123990621,0.6500000000000004,3.25,3.25,Schematic internal layout
GAMEWATCH-0472,HingeConductor14,GAMEWATCH-0472 · Printed black flex conductor014,Wiring,ink,1,0.11879744123990621,0.6500000000000004,3.25,3.25,Schematic internal layout
GAMEWATCH-0473,HingeConductor15,GAMEWATCH-0473 · Printed black flex conductor015,Wiring,ink,1,0.11879744123990665,0.6500000000000004,3.25,3.25,Schematic internal layout
GAMEWATCH-0474,HingeConductor16,GAMEWATCH-0474 · Printed black flex conductor016,Wiring,ink,1,0.1187974412399071,0.6500000000000004,3.25,3.25,Schematic internal layout
GAMEWATCH-0475,HingeConductor17,GAMEWATCH-0475 · Printed black flex conductor017,Wiring,ink,1,0.11879744123990799,0.6499999999999999,3.25,3.25,Schematic internal layout
GAMEWATCH-0476,HingeConductor18,GAMEWATCH-0476 · Printed black flex conductor018,Wiring,ink,1,0.11879744123990799,0.6499999999999999,3.25,3.25,Schematic internal layout
GAMEWATCH-0477,HingeConductor19,GAMEWATCH-0477 · Printed black flex conductor019,Wiring,ink,1,0.11879744123990843,0.65,3.25,3.25,Schematic internal layout
GAMEWATCH-0478,HingeConductor20,GAMEWATCH-0478 · Printed black flex conductor020,Wiring,ink,1,0.11879744123990843,0.6499999999999999,3.25,3.25,Schematic internal layout
GAMEWATCH-0479,HingeConductor21,GAMEWATCH-0479 · Printed black flex conductor021,Wiring,ink,1,0.11879744123990887,0.6499999999999999,3.25,3.25,Schematic internal layout
GAMEWATCH-0480,HingeConductor22,GAMEWATCH-0480 · Printed black flex conductor022,Wiring,ink,1,0.1187974412399071,0.6500000000000004,3.25,3.25,Schematic internal layout
GAMEWATCH-0481,HingeConductor23,GAMEWATCH-0481 · Printed black flex conductor023,Wiring,ink,1,0.1187974412399071,0.6500000000000004,3.25,3.25,Schematic internal layout
GAMEWATCH-0482,HingeConductor24,GAMEWATCH-0482 · Printed black flex conductor024,Wiring,ink,1,0.11879744123990621,0.6500000000000004,3.25,3.25,Schematic internal layout
GAMEWATCH-0483,HingeConductor25,GAMEWATCH-0483 · Printed black flex conductor025,Wiring,ink,1,0.11879744123990577,0.6500000000000004,3.25,3.25,Schematic internal layout
GAMEWATCH-0484,HingeConductor26,GAMEWATCH-0484 · Printed black flex conductor026,Wiring,ink,1,0.11879744123990577,0.6500000000000004,3.25,3.25,Schematic internal layout
GAMEWATCH-0485,HingeConductor27,GAMEWATCH-0485 · Printed black flex conductor027,Wiring,ink,1,0.11879744123990621,0.6500000000000004,3.25,3.25,Schematic internal layout
GAMEWATCH-0486,HingeConductor28,GAMEWATCH-0486 · Printed black flex conductor028,Wiring,ink,1,0.11879744123990665,0.6500000000000004,3.25,3.25,Schematic internal layout
GAMEWATCH-0487,HingeConductor29,GAMEWATCH-0487 · Printed black flex conductor029,Wiring,ink,1,0.11879744123990621,0.6500000000000004,3.25,3.25,Schematic internal layout
GAMEWATCH-0488,HingeConductor30,GAMEWATCH-0488 · Printed black flex conductor030,Wiring,ink,1,0.11879744123991509,0.6499999999999986,3.25,3.25,Schematic internal layout
GAMEWATCH-0489,HingeConductor31,GAMEWATCH-0489 · Printed black flex conductor031,Wiring,ink,1,0.11879744123991509,0.6499999999999986,3.25,3.25,Schematic internal layout
GAMEWATCH-0490,HingeConductor32,GAMEWATCH-0490 · Printed black flex conductor032,Wiring,ink,1,0.11879744123991598,0.6499999999999986,3.25,3.25,Schematic internal layout
GAMEWATCH-0491,HingeConductor33,GAMEWATCH-0491 · Printed black flex conductor033,Wiring,ink,1,0.11879744123991554,0.6499999999999986,3.25,3.25,Schematic internal layout
GAMEWATCH-0492,HingeConductor34,GAMEWATCH-0492 · Printed black flex conductor034,Wiring,ink,1,0.11879744123991509,0.6499999999999986,3.25,3.25,Schematic internal layout
GAMEWATCH-0493,HingeConductor35,GAMEWATCH-0493 · Printed black flex conductor035,Wiring,ink,1,0.11879744123991509,0.6499999999999986,3.25,3.25,Schematic internal layout
GAMEWATCH-0494,HingeConductor36,GAMEWATCH-0494 · Printed black flex conductor036,Wiring,ink,1,0.11879744123991509,0.6499999999999986,3.25,3.25,Schematic internal layout
GAMEWATCH-0495,HingeConductor37,GAMEWATCH-0495 · Printed black flex conductor037,Wiring,ink,1,0.11879744123991598,0.6499999999999986,3.25,3.25,Schematic internal layout
GAMEWATCH-0496,HingeConductor38,GAMEWATCH-0496 · Printed black flex conductor038,Wiring,ink,1,0.11879744123991554,0.6499999999999986,3.25,3.25,Schematic internal layout
GAMEWATCH-0497,HingeConductor39,GAMEWATCH-0497 · Printed black flex conductor039,Wiring,ink,1,0.11879744123991509,0.6499999999999986,3.25,3.25,Schematic internal layout
GAMEWATCH-0498,LowerRibbonTail,GAMEWATCH-0498 · Lower inter-screen printed film tail001,Wiring,white,1,39.95636549353646,66.0,8.00000000000005,0.08000000000000007,Schematic internal layout
GAMEWATCH-0499,LowerRibbonTrace0,GAMEWATCH-0499 · Individual printed conductor040,Wiring,ink,1,0.08791907962549977,0.6500000000000021,7.799999999999997,0.018000000000000682,Schematic internal layout
GAMEWATCH-0500,LowerRibbonTrace1,GAMEWATCH-0500 · Individual printed conductor041,Wiring,ink,1,0.059636554662168245,0.650000000000027,5.185510279995903,0.018000000000000682,Schematic internal layout
GAMEWATCH-0501,LowerRibbonTrace2,GAMEWATCH-0501 · Individual printed conductor042,Wiring,ink,1,0.06517490144386076,0.6500000000000519,5.945916670306108,0.018000000000000682,Schematic internal layout
GAMEWATCH-0502,LowerRibbonTrace3,GAMEWATCH-0502 · Individual printed conductor003,Wiring,ink,1,0.09125034291735395,0.6499999999999986,7.799999999999997,0.018000000000000682,Schematic internal layout
GAMEWATCH-0503,LowerRibbonTrace4,GAMEWATCH-0503 · Individual printed conductor004,Wiring,ink,1,0.09125034291735394,0.6499999999999986,7.799999999999997,0.018000000000000682,Schematic internal layout
GAMEWATCH-0504,LowerRibbonTrace5,GAMEWATCH-0504 · Individual printed conductor005,Wiring,ink,1,0.09125034291735394,0.6499999999999986,7.799999999999997,0.018000000000000682,Schematic internal layout
GAMEWATCH-0505,LowerRibbonTrace6,GAMEWATCH-0505 · Individual printed conductor006,Wiring,ink,1,0.09125034291735395,0.6499999999999986,7.799999999999997,0.018000000000000682,Schematic internal layout
GAMEWATCH-0506,LowerRibbonTrace7,GAMEWATCH-0506 · Individual printed conductor007,Wiring,ink,1,0.09125034291735394,0.6499999999999986,7.799999999999997,0.018000000000000682,Schematic internal layout
GAMEWATCH-0507,LowerRibbonTrace8,GAMEWATCH-0507 · Individual printed conductor008,Wiring,ink,1,0.09125034291735395,0.6499999999999986,7.799999999999997,0.018000000000000682,Schematic internal layout
GAMEWATCH-0508,LowerRibbonTrace9,GAMEWATCH-0508 · Individual printed conductor009,Wiring,ink,1,0.09125034291735394,0.6499999999999986,7.799999999999997,0.018000000000000682,Schematic internal layout
GAMEWATCH-0509,LowerRibbonTrace10,GAMEWATCH-0509 · Individual printed conductor010,Wiring,ink,1,0.09125034291735394,0.6500000000000004,7.799999999999997,0.018000000000000682,Schematic internal layout
GAMEWATCH-0510,LowerRibbonTrace11,GAMEWATCH-0510 · Individual printed conductor011,Wiring,ink,1,0.09125034291735395,0.6500000000000021,7.799999999999997,0.018000000000000682,Schematic internal layout
GAMEWATCH-0511,LowerRibbonTrace12,GAMEWATCH-0511 · Individual printed conductor012,Wiring,ink,1,0.09125034291735395,0.6500000000000021,7.799999999999997,0.018000000000000682,Schematic internal layout
GAMEWATCH-0512,LowerRibbonTrace13,GAMEWATCH-0512 · Individual printed conductor013,Wiring,ink,1,0.09125034291735394,0.6500000000000021,7.799999999999997,0.018000000000000682,Schematic internal layout
GAMEWATCH-0513,LowerRibbonTrace14,GAMEWATCH-0513 · Individual printed conductor014,Wiring,ink,1,0.09125034291735394,0.6500000000000021,7.799999999999997,0.018000000000000682,Schematic internal layout
GAMEWATCH-0514,LowerRibbonTrace15,GAMEWATCH-0514 · Individual printed conductor015,Wiring,ink,1,0.09125034291735402,0.6500000000000004,7.799999999999997,0.018000000000000682,Schematic internal layout
GAMEWATCH-0515,LowerRibbonTrace16,GAMEWATCH-0515 · Individual printed conductor016,Wiring,ink,1,0.09125034291735402,0.6500000000000004,7.799999999999997,0.018000000000000682,Schematic internal layout
GAMEWATCH-0516,LowerRibbonTrace17,GAMEWATCH-0516 · Individual printed conductor017,Wiring,ink,1,0.09125034291735404,0.6500000000000004,7.799999999999997,0.018000000000000682,Schematic internal layout
GAMEWATCH-0517,LowerRibbonTrace18,GAMEWATCH-0517 · Individual printed conductor018,Wiring,ink,1,0.09125034291735402,0.6500000000000004,7.799999999999997,0.018000000000000682,Schematic internal layout
GAMEWATCH-0518,LowerRibbonTrace19,GAMEWATCH-0518 · Individual printed conductor043,Wiring,ink,2,0.05568785507781077,0.650000000000015,7.799999999999997,0.018000000000000682,Schematic internal layout
GAMEWATCH-0519,LowerRibbonTrace20,GAMEWATCH-0519 · Individual printed conductor044,Wiring,ink,2,0.05056561818050612,0.6500000000000041,7.799999999999997,0.018000000000000682,Schematic internal layout
GAMEWATCH-0520,LowerRibbonTrace21,GAMEWATCH-0520 · Individual printed conductor021,Wiring,ink,1,0.09125034291735401,0.6500000000000001,7.799999999999997,0.018000000000000682,Schematic internal layout
GAMEWATCH-0521,LowerRibbonTrace22,GAMEWATCH-0521 · Individual printed conductor022,Wiring,ink,1,0.09125034291735404,0.6500000000000004,7.799999999999997,0.018000000000000682,Schematic internal layout
GAMEWATCH-0522,LowerRibbonTrace23,GAMEWATCH-0522 · Individual printed conductor023,Wiring,ink,1,0.09125034291735404,0.6500000000000004,7.799999999999997,0.018000000000000682,Schematic internal layout
GAMEWATCH-0523,LowerRibbonTrace24,GAMEWATCH-0523 · Individual printed conductor024,Wiring,ink,1,0.09125034291735404,0.6500000000000004,7.799999999999997,0.018000000000000682,Schematic internal layout
GAMEWATCH-0524,LowerRibbonTrace25,GAMEWATCH-0524 · Individual printed conductor025,Wiring,ink,1,0.09125034291735394,0.6500000000000021,7.799999999999997,0.018000000000000682,Schematic internal layout
GAMEWATCH-0525,LowerRibbonTrace26,GAMEWATCH-0525 · Individual printed conductor026,Wiring,ink,1,0.09125034291735395,0.6500000000000021,7.799999999999997,0.018000000000000682,Schematic internal layout
GAMEWATCH-0526,LowerRibbonTrace27,GAMEWATCH-0526 · Individual printed conductor027,Wiring,ink,1,0.09125034291735394,0.6500000000000021,7.799999999999997,0.018000000000000682,Schematic internal layout
GAMEWATCH-0527,LowerRibbonTrace28,GAMEWATCH-0527 · Individual printed conductor028,Wiring,ink,1,0.09125034291735395,0.6500000000000021,7.799999999999997,0.018000000000000682,Schematic internal layout
GAMEWATCH-0528,LowerRibbonTrace29,GAMEWATCH-0528 · Individual printed conductor029,Wiring,ink,1,0.09125034291735395,0.6500000000000021,7.799999999999997,0.018000000000000682,Schematic internal layout
GAMEWATCH-0529,LowerRibbonTrace30,GAMEWATCH-0529 · Individual printed conductor030,Wiring,ink,1,0.09125034291735395,0.6499999999999986,7.799999999999997,0.018000000000000682,Schematic internal layout
GAMEWATCH-0530,LowerRibbonTrace31,GAMEWATCH-0530 · Individual printed conductor031,Wiring,ink,1,0.09125034291735395,0.6499999999999986,7.799999999999997,0.018000000000000682,Schematic internal layout
GAMEWATCH-0531,LowerRibbonTrace32,GAMEWATCH-0531 · Individual printed conductor032,Wiring,ink,1,0.09125034291735394,0.6499999999999986,7.799999999999997,0.018000000000000682,Schematic internal layout
GAMEWATCH-0532,LowerRibbonTrace33,GAMEWATCH-0532 · Individual printed conductor033,Wiring,ink,1,0.09125034291735394,0.6499999999999986,7.799999999999997,0.018000000000000682,Schematic internal layout
GAMEWATCH-0533,LowerRibbonTrace34,GAMEWATCH-0533 · Individual printed conductor034,Wiring,ink,1,0.09125034291735394,0.6499999999999986,7.799999999999997,0.018000000000000682,Schematic internal layout
GAMEWATCH-0534,LowerRibbonTrace35,GAMEWATCH-0534 · Individual printed conductor035,Wiring,ink,1,0.09125034291735394,0.6499999999999986,7.799999999999997,0.018000000000000682,Schematic internal layout
GAMEWATCH-0535,LowerRibbonTrace36,GAMEWATCH-0535 · Individual printed conductor036,Wiring,ink,1,0.09125034291735394,0.6499999999999986,7.799999999999997,0.018000000000000682,Schematic internal layout
GAMEWATCH-0536,LowerRibbonTrace37,GAMEWATCH-0536 · Individual printed conductor045,Wiring,ink,1,0.07714165375695055,0.6499999999999986,7.800000000000054,0.018000000000000682,Schematic internal layout
GAMEWATCH-0537,LowerRibbonTrace38,GAMEWATCH-0537 · Individual printed conductor046,Wiring,ink,1,0.059203593944909955,0.6500000000000163,5.090504213876191,0.018000000000000682,Schematic internal layout
GAMEWATCH-0538,LowerRibbonTrace39,GAMEWATCH-0538 · Individual printed conductor047,Wiring,ink,1,0.0723672436024881,0.650000000000027,7.799999999999997,0.018000000000000682,Schematic internal layout
GAMEWATCH-0539,UpperRibbonTail,GAMEWATCH-0539 · Upper inter-screen printed film tail,LidInternal,white,1,42.23845486677647,66.0,7.892353878311027,1.4679700415764216,Schematic internal layout
GAMEWATCH-0540,UpperRibbonTrace0,GAMEWATCH-0540 · Individual printed conductor048,LidInternal,ink,1,0.09125034291735294,0.6500000000000021,7.684626140693226,1.3721823253562757,Schematic internal layout
GAMEWATCH-0541,UpperRibbonTrace1,GAMEWATCH-0541 · Individual printed conductor049,LidInternal,ink,1,0.09125034291735279,0.6499999999999986,7.684626140693226,1.3721823253562757,Schematic internal layout
GAMEWATCH-0542,UpperRibbonTrace2,GAMEWATCH-0542 · Individual printed conductor050,LidInternal,ink,1,0.09125034291735279,0.6499999999999986,7.684626140693226,1.3721823253562757,Schematic internal layout
GAMEWATCH-0543,UpperRibbonTrace3,GAMEWATCH-0543 · Individual printed conductor051,LidInternal,ink,1,0.09125034291735279,0.6499999999999986,7.684626140693226,1.3721823253562757,Schematic internal layout
GAMEWATCH-0544,UpperRibbonTrace4,GAMEWATCH-0544 · Individual printed conductor052,LidInternal,ink,1,0.09125034291735278,0.6499999999999986,7.684626140693226,1.3721823253562757,Schematic internal layout
GAMEWATCH-0545,UpperRibbonTrace5,GAMEWATCH-0545 · Individual printed conductor053,LidInternal,ink,1,0.09125034291735278,0.6499999999999986,7.684626140693226,1.3721823253562757,Schematic internal layout
GAMEWATCH-0546,UpperRibbonTrace6,GAMEWATCH-0546 · Individual printed conductor054,LidInternal,ink,1,0.09125034291735279,0.6499999999999986,7.684626140693226,1.3721823253562757,Schematic internal layout
GAMEWATCH-0547,UpperRibbonTrace7,GAMEWATCH-0547 · Individual printed conductor055,LidInternal,ink,1,0.09125034291735278,0.6499999999999986,7.684626140693226,1.3721823253562757,Schematic internal layout
GAMEWATCH-0548,UpperRibbonTrace8,GAMEWATCH-0548 · Individual printed conductor056,LidInternal,ink,1,0.09125034291735279,0.6499999999999986,7.684626140693226,1.3721823253562757,Schematic internal layout
GAMEWATCH-0549,UpperRibbonTrace9,GAMEWATCH-0549 · Individual printed conductor057,LidInternal,ink,1,0.09125034291735278,0.6499999999999986,7.684626140693226,1.3721823253562757,Schematic internal layout
GAMEWATCH-0550,UpperRibbonTrace10,GAMEWATCH-0550 · Individual printed conductor058,LidInternal,ink,1,0.09125034291735279,0.6500000000000004,7.684626140693226,1.3721823253562757,Schematic internal layout
GAMEWATCH-0551,UpperRibbonTrace11,GAMEWATCH-0551 · Individual printed conductor059,LidInternal,ink,1,0.09125034291735279,0.6500000000000021,7.684626140693226,1.3721823253562757,Schematic internal layout
GAMEWATCH-0552,UpperRibbonTrace12,GAMEWATCH-0552 · Individual printed conductor060,LidInternal,ink,1,0.09125034291735279,0.6500000000000021,7.684626140693226,1.3721823253562757,Schematic internal layout
GAMEWATCH-0553,UpperRibbonTrace13,GAMEWATCH-0553 · Individual printed conductor061,LidInternal,ink,1,0.09125034291735279,0.6500000000000021,7.684626140693226,1.3721823253562757,Schematic internal layout
GAMEWATCH-0554,UpperRibbonTrace14,GAMEWATCH-0554 · Individual printed conductor062,LidInternal,ink,1,0.09125034291735279,0.6500000000000021,7.684626140693226,1.3721823253562757,Schematic internal layout
GAMEWATCH-0555,UpperRibbonTrace15,GAMEWATCH-0555 · Individual printed conductor063,LidInternal,ink,1,0.09125034291735287,0.6500000000000004,7.684626140693226,1.3721823253562757,Schematic internal layout
GAMEWATCH-0556,UpperRibbonTrace16,GAMEWATCH-0556 · Individual printed conductor064,LidInternal,ink,1,0.09125034291735286,0.6500000000000004,7.684626140693226,1.3721823253562757,Schematic internal layout
GAMEWATCH-0557,UpperRibbonTrace17,GAMEWATCH-0557 · Individual printed conductor065,LidInternal,ink,1,0.09125034291735286,0.6500000000000004,7.684626140693226,1.3721823253562757,Schematic internal layout
GAMEWATCH-0558,UpperRibbonTrace18,GAMEWATCH-0558 · Individual printed conductor066,LidInternal,ink,1,0.09125034291735286,0.6500000000000004,7.684626140693226,1.3721823253562757,Schematic internal layout
GAMEWATCH-0559,UpperRibbonTrace19,GAMEWATCH-0559 · Individual printed conductor067,LidInternal,ink,1,0.09125034291735284,0.65,7.684626140693226,1.3721823253562757,Schematic internal layout
GAMEWATCH-0560,UpperRibbonTrace20,GAMEWATCH-0560 · Individual printed conductor068,LidInternal,ink,1,0.09125034291735284,0.6500000000000001,7.684626140693226,1.3721823253562757,Schematic internal layout
GAMEWATCH-0561,UpperRibbonTrace21,GAMEWATCH-0561 · Individual printed conductor069,LidInternal,ink,1,0.09125034291735286,0.6500000000000001,7.684626140693226,1.3721823253562757,Schematic internal layout
GAMEWATCH-0562,UpperRibbonTrace22,GAMEWATCH-0562 · Individual printed conductor070,LidInternal,ink,1,0.09125034291735287,0.6500000000000004,7.684626140693226,1.3721823253562757,Schematic internal layout
GAMEWATCH-0563,UpperRibbonTrace23,GAMEWATCH-0563 · Individual printed conductor071,LidInternal,ink,1,0.09125034291735286,0.6500000000000004,7.684626140693226,1.3721823253562757,Schematic internal layout
GAMEWATCH-0564,UpperRibbonTrace24,GAMEWATCH-0564 · Individual printed conductor072,LidInternal,ink,1,0.09125034291735286,0.6500000000000004,7.684626140693226,1.3721823253562757,Schematic internal layout
GAMEWATCH-0565,UpperRibbonTrace25,GAMEWATCH-0565 · Individual printed conductor073,LidInternal,ink,1,0.09125034291735279,0.6500000000000021,7.684626140693226,1.3721823253562757,Schematic internal layout
GAMEWATCH-0566,UpperRibbonTrace26,GAMEWATCH-0566 · Individual printed conductor074,LidInternal,ink,1,0.09125034291735279,0.6500000000000021,7.684626140693226,1.3721823253562757,Schematic internal layout
GAMEWATCH-0567,UpperRibbonTrace27,GAMEWATCH-0567 · Individual printed conductor075,LidInternal,ink,1,0.09125034291735279,0.6500000000000021,7.684626140693226,1.3721823253562757,Schematic internal layout
GAMEWATCH-0568,UpperRibbonTrace28,GAMEWATCH-0568 · Individual printed conductor076,LidInternal,ink,1,0.09125034291735278,0.6500000000000021,7.684626140693226,1.3721823253562757,Schematic internal layout
GAMEWATCH-0569,UpperRibbonTrace29,GAMEWATCH-0569 · Individual printed conductor077,LidInternal,ink,1,0.09125034291735279,0.6500000000000021,7.684626140693226,1.3721823253562757,Schematic internal layout
GAMEWATCH-0570,UpperRibbonTrace30,GAMEWATCH-0570 · Individual printed conductor078,LidInternal,ink,1,0.09125034291735279,0.6499999999999986,7.684626140693226,1.3721823253562757,Schematic internal layout
GAMEWATCH-0571,UpperRibbonTrace31,GAMEWATCH-0571 · Individual printed conductor079,LidInternal,ink,1,0.09125034291735279,0.6499999999999986,7.684626140693226,1.3721823253562757,Schematic internal layout
GAMEWATCH-0572,UpperRibbonTrace32,GAMEWATCH-0572 · Individual printed conductor080,LidInternal,ink,1,0.09125034291735278,0.6499999999999986,7.684626140693226,1.3721823253562757,Schematic internal layout
GAMEWATCH-0573,UpperRibbonTrace33,GAMEWATCH-0573 · Individual printed conductor081,LidInternal,ink,1,0.09125034291735278,0.6499999999999986,7.684626140693226,1.3721823253562757,Schematic internal layout
GAMEWATCH-0574,UpperRibbonTrace34,GAMEWATCH-0574 · Individual printed conductor082,LidInternal,ink,1,0.09125034291735278,0.6499999999999986,7.684626140693226,1.3721823253562757,Schematic internal layout
GAMEWATCH-0575,UpperRibbonTrace35,GAMEWATCH-0575 · Individual printed conductor083,LidInternal,ink,1,0.09125034291735278,0.6499999999999986,7.684626140693226,1.3721823253562757,Schematic internal layout
GAMEWATCH-0576,UpperRibbonTrace36,GAMEWATCH-0576 · Individual printed conductor084,LidInternal,ink,1,0.09125034291735279,0.6499999999999986,7.684626140693226,1.3721823253562757,Schematic internal layout
GAMEWATCH-0577,UpperRibbonTrace37,GAMEWATCH-0577 · Individual printed conductor085,LidInternal,ink,1,0.09125034291735279,0.6499999999999986,7.684626140693226,1.3721823253562757,Schematic internal layout
GAMEWATCH-0578,UpperRibbonTrace38,GAMEWATCH-0578 · Individual printed conductor086,LidInternal,ink,1,0.09125034291735278,0.6499999999999986,7.684626140693226,1.3721823253562757,Schematic internal layout
GAMEWATCH-0579,UpperRibbonTrace39,GAMEWATCH-0579 · Individual printed conductor087,LidInternal,ink,1,0.09125034291735279,0.6499999999999986,7.684626140693226,1.3721823253562757,Schematic internal layout
GAMEWATCH-0580,LCDPlayer0,GAMEWATCH-0580 · Schematic fixed-game character segments,Display,ink,1,0.15929746967655967,3.8000000000000007,4.9,0.018000000000000682,Museum specimen envelope; approximate local geometry
GAMEWATCH-0581,LCDPlayer1,GAMEWATCH-0581 · Schematic fixed-game character segments001,LidDisplay,ink,1,0.15929746967656183,3.799999999999997,4.8286836569578355,0.8686026101221813,Museum specimen envelope; approximate local geometry
GAMEWATCH-0582,LCDBarrel0,GAMEWATCH-0582 · Schematic barrel segment,Display,ink,1,0.07788349685973898,2.8000000000000007,2.8000000000000007,0.018000000000000682,Museum specimen envelope; approximate local geometry
GAMEWATCH-0583,LCDBarrel1,GAMEWATCH-0583 · Schematic barrel segment001,Display,ink,1,0.07788349685973903,2.8,2.8000000000000007,0.018000000000000682,Museum specimen envelope; approximate local geometry
GAMEWATCH-0584,LCDClock,GAMEWATCH-0584 · 12:00,Display,ink,6,0.09070191781428973,7.838947247651012,2.192617649664429,0.018000199999999467,Museum specimen envelope; approximate local geometry
GAMEWATCH-0585,LowerScreenRidge,GAMEWATCH-0585 · Molded lower-screen upper ridge,Body,orange,1,4.078969008218394,53.0,0.5499999999999972,0.14000000000000057,Museum specimen envelope; approximate local geometry
GAMEWATCH-0586,LowerSideLip0,GAMEWATCH-0586 · Fine molded side lip,Body,orange,1,2.8793407431579645,0.4000000000000057,60.0,0.11999999999999922,Museum specimen envelope; approximate local geometry
GAMEWATCH-0587,LowerSideLip1,GAMEWATCH-0587 · Fine molded side lip001,Body,orange,1,2.8793407431579645,0.4000000000000057,60.0,0.11999999999999922,Museum specimen envelope; approximate local geometry
GAMEWATCH-0588,LowerLCDCarrier,GAMEWATCH-0588 · Original lower LCD insulating support rim,Internal,silicone,1,244.51491369632842,61.0,43.0,0.3200000000000003,Schematic internal layout
GAMEWATCH-0589,LowerLCDStop-1,GAMEWATCH-0589 · LCD transverse locating stop,Internal,orange,1,15.83484955592151,48.0,0.5500000000000043,0.5999999999999996,Schematic internal layout
GAMEWATCH-0590,LowerLCDStop1,GAMEWATCH-0590 · LCD transverse locating stop001,Internal,orange,1,15.83484955592151,48.0,0.5500000000000043,0.5999999999999996,Schematic internal layout
GAMEWATCH-0591,UpperLCDStop-1,GAMEWATCH-0591 · LCD transverse locating stop002,LidInternal,orange,1,15.834849555921544,48.0,0.6458331707568732,0.6863911495241375,Schematic internal layout
GAMEWATCH-0592,UpperLCDStop1,GAMEWATCH-0592 · LCD transverse locating stop003,LidInternal,orange,1,15.834849555921558,48.0,0.6458331707568874,0.6863911495241375,Schematic internal layout
