Part number,Part ID,Label,Assembly,Material,Solid count,Volume mm3,X mm,Y mm,Z mm,Fidelity
XBOXONE-0001,BottomShell,XBOXONE-0001 · Original lower case · editable width,Body,matte,1,162373.97500815813,343.0,263.0,1.7999999999999998,"Original black enclosure study; published envelope, approximate local detail"
XBOXONE-0002,Foot0,XBOXONE-0002 · Independent lower rubber foot,Frame,rubber,1,273.1327412287183,14.0,10.0,2.0,"Original black enclosure study; published envelope, approximate local detail"
XBOXONE-0003,Foot1,XBOXONE-0003 · Independent lower rubber foot001,Frame,rubber,1,273.1327412287183,14.0,10.0,2.0,"Original black enclosure study; published envelope, approximate local detail"
XBOXONE-0004,Foot2,XBOXONE-0004 · Independent lower rubber foot002,Frame,rubber,1,273.1327412287183,14.0,10.0,2.0,"Original black enclosure study; published envelope, approximate local detail"
XBOXONE-0005,Foot3,XBOXONE-0005 · Independent lower rubber foot003,Frame,rubber,1,273.1327412287183,14.0,10.0,2.0,"Original black enclosure study; published envelope, approximate local detail"
XBOXONE-0006,SlotUpperTrim,XBOXONE-0006 · Separate silver optical slot lip,Optical,chrome,1,43.48841150082331,145.0,0.5999999999999943,0.5,"Original black enclosure study; published envelope, approximate local detail"
XBOXONE-0007,SlotLowerTrim,XBOXONE-0007 · Separate silver optical slot lip001,Optical,chrome,1,43.48841150082331,145.0,0.5999999999999943,0.5,"Original black enclosure study; published envelope, approximate local detail"
XBOXONE-0008,PowerLight,XBOXONE-0008 · Front capacitive power light,Controls,white,1,21.205750411731376,15.0,0.12000000000000455,15.0,"Original black enclosure study; published envelope, approximate local detail"
XBOXONE-0009,PowerX,XBOXONE-0009 · Power light cross study marking,Controls,gloss,1,0.8692685834696734,10.470205614730332,0.018000000000000682,10.470205614730318,"Original black enclosure study; published envelope, approximate local detail"
XBOXONE-0010,EjectTouch,XBOXONE-0010 · Separate capacitive eject marker,Controls,chrome,1,0.18760938009881784,3.5,0.018000000000000682,3.0,"Original black enclosure study; published envelope, approximate local detail"
XBOXONE-0011,FrontFascia,XBOXONE-0011 · Original front fascia004,Body,gloss,1,53196.34067577291,338.2,2.2000000000000455,74.2,"Original black enclosure study; published envelope, approximate local detail"
XBOXONE-0012,TopStudyMark,XBOXONE-0012 · XBOX ONE,Body,chrome,7,0.6225014302516192,27.233699664429537,3.995436441610721,0.01800019999998881,"Original black enclosure study; published envelope, approximate local detail"
XBOXONE-0013,GlossTop,XBOXONE-0013 · Separate glossy left top panel001,Body,gloss,1,80732.73521526379,170.80000020000003,262.6000002,1.8000000999999912,"Original black enclosure study; published envelope, approximate local detail"
XBOXONE-0014,VentTop,XBOXONE-0014 · Separate matte right top grille panel001,Body,matte,1,49247.39340529266,171.60000000000002,262.6,1.7999999999999972,"Original black enclosure study; published envelope, approximate local detail"
XBOXONE-0015,RightSide,XBOXONE-0015 · Original separate side grille wall003,Body,matte,1,33232.835555740676,2.2000000000000455,258.2,74.2,"Original black enclosure study; published envelope, approximate local detail"
XBOXONE-0016,HDMIOutShield,XBOXONE-0016 · HDMIOut formed shield,Ports,metal,1,193.74999999999932,15.599999999999994,12.500000000000014,6.600000000000001,"Original black enclosure study; published envelope, approximate local detail"
XBOXONE-0017,HDMIOutCarrier,XBOXONE-0017 · HDMIOut insulating back,Ports,black,1,45.987292006587914,12.0,0.8000000000000114,4.800000000000001,Schematic internal layout
XBOXONE-0018,HDMIOutTongue,XBOXONE-0018 · HDMIOut contact tongue,Ports,black,1,73.28261946710579,11.699999999999989,8.700000000000003,0.7199999999999989,Schematic internal layout
XBOXONE-0019,HDMIOutContact0_0,XBOXONE-0019 · Separate HDMI contact,Ports,gold,1,0.15116909733552925,0.28000000000000114,6.000000000000014,0.08999999999999986,Schematic internal layout
XBOXONE-0020,HDMIOutContact0_1,XBOXONE-0020 · Separate HDMI contact001,Ports,gold,1,0.15116909733552925,0.28000000000000114,6.000000000000014,0.08999999999999986,Schematic internal layout
XBOXONE-0021,HDMIOutContact0_2,XBOXONE-0021 · Separate HDMI contact002,Ports,gold,1,0.15116909733552927,0.28000000000000114,6.000000000000014,0.08999999999999986,Schematic internal layout
XBOXONE-0022,HDMIOutContact0_3,XBOXONE-0022 · Separate HDMI contact003,Ports,gold,1,0.15116909733552927,0.28000000000000114,6.000000000000014,0.08999999999999986,Schematic internal layout
XBOXONE-0023,HDMIOutContact0_4,XBOXONE-0023 · Separate HDMI contact004,Ports,gold,1,0.15116909733552925,0.28000000000000114,6.000000000000014,0.08999999999999986,Schematic internal layout
XBOXONE-0024,HDMIOutContact0_5,XBOXONE-0024 · Separate HDMI contact005,Ports,gold,1,0.15116909733552925,0.28000000000000114,6.000000000000014,0.08999999999999986,Schematic internal layout
XBOXONE-0025,HDMIOutContact0_6,XBOXONE-0025 · Separate HDMI contact006,Ports,gold,1,0.15116909733552927,0.28000000000000114,6.000000000000014,0.08999999999999986,Schematic internal layout
XBOXONE-0026,HDMIOutContact0_7,XBOXONE-0026 · Separate HDMI contact007,Ports,gold,1,0.15116909733552927,0.28000000000000114,6.000000000000014,0.08999999999999986,Schematic internal layout
XBOXONE-0027,HDMIOutContact0_8,XBOXONE-0027 · Separate HDMI contact008,Ports,gold,1,0.15116909733552925,0.28000000000000114,6.000000000000014,0.08999999999999986,Schematic internal layout
XBOXONE-0028,HDMIOutContact0_9,XBOXONE-0028 · Separate HDMI contact009,Ports,gold,1,0.15116909733552925,0.28000000000000114,6.000000000000014,0.08999999999999986,Schematic internal layout
XBOXONE-0029,HDMIOutContact1_0,XBOXONE-0029 · Separate HDMI contact010,Ports,gold,1,0.15116909733552927,0.28000000000000114,6.000000000000014,0.08999999999999986,Schematic internal layout
XBOXONE-0030,HDMIOutContact1_1,XBOXONE-0030 · Separate HDMI contact011,Ports,gold,1,0.15116909733552927,0.28000000000000114,6.000000000000014,0.08999999999999986,Schematic internal layout
XBOXONE-0031,HDMIOutContact1_2,XBOXONE-0031 · Separate HDMI contact012,Ports,gold,1,0.15116909733552925,0.28000000000000114,6.000000000000014,0.08999999999999986,Schematic internal layout
XBOXONE-0032,HDMIOutContact1_3,XBOXONE-0032 · Separate HDMI contact013,Ports,gold,1,0.15116909733552927,0.28000000000000114,6.000000000000014,0.08999999999999986,Schematic internal layout
XBOXONE-0033,HDMIOutContact1_4,XBOXONE-0033 · Separate HDMI contact014,Ports,gold,1,0.15116909733552927,0.28000000000000114,6.000000000000014,0.08999999999999986,Schematic internal layout
XBOXONE-0034,HDMIOutContact1_5,XBOXONE-0034 · Separate HDMI contact015,Ports,gold,1,0.15116909733552925,0.28000000000000114,6.000000000000014,0.08999999999999986,Schematic internal layout
XBOXONE-0035,HDMIOutContact1_6,XBOXONE-0035 · Separate HDMI contact016,Ports,gold,1,0.15116909733552927,0.28000000000000114,6.000000000000014,0.08999999999999986,Schematic internal layout
XBOXONE-0036,HDMIOutContact1_7,XBOXONE-0036 · Separate HDMI contact017,Ports,gold,1,0.15116909733552927,0.28000000000000114,6.000000000000014,0.08999999999999986,Schematic internal layout
XBOXONE-0037,HDMIOutContact1_8,XBOXONE-0037 · Separate HDMI contact018,Ports,gold,1,0.15116909733552927,0.28000000000000114,6.000000000000014,0.08999999999999986,Schematic internal layout
XBOXONE-0038,HDMIInShield,XBOXONE-0038 · HDMIIn formed shield,Ports,metal,1,193.7499999999992,15.600000000000001,12.500000000000014,6.600000000000001,"Original black enclosure study; published envelope, approximate local detail"
XBOXONE-0039,HDMIInCarrier,XBOXONE-0039 · HDMIIn insulating back,Ports,black,1,45.987292006587914,12.0,0.8000000000000114,4.800000000000001,Schematic internal layout
XBOXONE-0040,HDMIInTongue,XBOXONE-0040 · HDMIIn contact tongue,Ports,black,1,73.28261946710582,11.700000000000003,8.700000000000003,0.7199999999999989,Schematic internal layout
XBOXONE-0041,HDMIInContact0_0,XBOXONE-0041 · Separate HDMI contact019,Ports,gold,1,0.15116909733552927,0.28000000000000114,6.000000000000014,0.08999999999999986,Schematic internal layout
XBOXONE-0042,HDMIInContact0_1,XBOXONE-0042 · Separate HDMI contact020,Ports,gold,1,0.15116909733552927,0.28000000000000114,6.000000000000014,0.08999999999999986,Schematic internal layout
XBOXONE-0043,HDMIInContact0_2,XBOXONE-0043 · Separate HDMI contact021,Ports,gold,1,0.15116909733552927,0.28000000000000114,6.000000000000014,0.08999999999999986,Schematic internal layout
XBOXONE-0044,HDMIInContact0_3,XBOXONE-0044 · Separate HDMI contact022,Ports,gold,1,0.15116909733552927,0.28000000000000114,6.000000000000014,0.08999999999999986,Schematic internal layout
XBOXONE-0045,HDMIInContact0_4,XBOXONE-0045 · Separate HDMI contact023,Ports,gold,1,0.15116909733552927,0.28000000000000114,6.000000000000014,0.08999999999999986,Schematic internal layout
XBOXONE-0046,HDMIInContact0_5,XBOXONE-0046 · Separate HDMI contact024,Ports,gold,1,0.15116909733552927,0.28000000000000114,6.000000000000014,0.08999999999999986,Schematic internal layout
XBOXONE-0047,HDMIInContact0_6,XBOXONE-0047 · Separate HDMI contact025,Ports,gold,1,0.15116909733552925,0.28000000000000114,6.000000000000014,0.08999999999999986,Schematic internal layout
XBOXONE-0048,HDMIInContact0_7,XBOXONE-0048 · Separate HDMI contact026,Ports,gold,1,0.15116909733552927,0.28000000000000114,6.000000000000014,0.08999999999999986,Schematic internal layout
XBOXONE-0049,HDMIInContact0_8,XBOXONE-0049 · Separate HDMI contact027,Ports,gold,1,0.15116909733552927,0.28000000000000114,6.000000000000014,0.08999999999999986,Schematic internal layout
XBOXONE-0050,HDMIInContact0_9,XBOXONE-0050 · Separate HDMI contact028,Ports,gold,1,0.15116909733552927,0.28000000000000114,6.000000000000014,0.08999999999999986,Schematic internal layout
XBOXONE-0051,HDMIInContact1_0,XBOXONE-0051 · Separate HDMI contact029,Ports,gold,1,0.15116909733552927,0.28000000000000114,6.000000000000014,0.08999999999999986,Schematic internal layout
XBOXONE-0052,HDMIInContact1_1,XBOXONE-0052 · Separate HDMI contact030,Ports,gold,1,0.15116909733552927,0.28000000000000114,6.000000000000014,0.08999999999999986,Schematic internal layout
XBOXONE-0053,HDMIInContact1_2,XBOXONE-0053 · Separate HDMI contact031,Ports,gold,1,0.15116909733552925,0.28000000000000114,6.000000000000014,0.08999999999999986,Schematic internal layout
XBOXONE-0054,HDMIInContact1_3,XBOXONE-0054 · Separate HDMI contact032,Ports,gold,1,0.15116909733552925,0.28000000000000114,6.000000000000014,0.08999999999999986,Schematic internal layout
XBOXONE-0055,HDMIInContact1_4,XBOXONE-0055 · Separate HDMI contact033,Ports,gold,1,0.15116909733552927,0.28000000000000114,6.000000000000014,0.08999999999999986,Schematic internal layout
XBOXONE-0056,HDMIInContact1_5,XBOXONE-0056 · Separate HDMI contact034,Ports,gold,1,0.15116909733552927,0.28000000000000114,6.000000000000014,0.08999999999999986,Schematic internal layout
XBOXONE-0057,HDMIInContact1_6,XBOXONE-0057 · Separate HDMI contact035,Ports,gold,1,0.15116909733552925,0.28000000000000114,6.000000000000014,0.08999999999999986,Schematic internal layout
XBOXONE-0058,HDMIInContact1_7,XBOXONE-0058 · Separate HDMI contact036,Ports,gold,1,0.15116909733552927,0.28000000000000114,6.000000000000014,0.08999999999999986,Schematic internal layout
XBOXONE-0059,HDMIInContact1_8,XBOXONE-0059 · Separate HDMI contact037,Ports,gold,1,0.15116909733552925,0.28000000000000114,6.000000000000014,0.08999999999999986,Schematic internal layout
XBOXONE-0060,RearUSB0Shield,XBOXONE-0060 · USB Type-A formed metal shield,Ports,metal,1,182.00042088168678,14.400000000000002,12.000000000000014,6.700000000000003,"Original black enclosure study; published envelope, approximate local detail"
XBOXONE-0061,RearUSB0Tongue,XBOXONE-0061 · USB connector tongue,Ports,blue,1,112.70772012644107,12.200000000000003,8.800000000000026,1.0500000000000007,"Original black enclosure study; published envelope, approximate local detail"
XBOXONE-0062,RearUSB0Contact0,XBOXONE-0062 · USB legacy contact,Ports,gold,1,0.38852145127194526,0.6499999999999986,4.6000000000000085,0.129999999999999,Schematic internal layout
XBOXONE-0063,RearUSB0Contact1,XBOXONE-0063 · USB legacy contact001,Ports,gold,1,0.38852145127194526,0.6499999999999986,4.6000000000000085,0.129999999999999,Schematic internal layout
XBOXONE-0064,RearUSB0Contact2,XBOXONE-0064 · USB legacy contact002,Ports,gold,1,0.38852145127194526,0.6499999999999986,4.6000000000000085,0.129999999999999,Schematic internal layout
XBOXONE-0065,RearUSB0Contact3,XBOXONE-0065 · USB legacy contact003,Ports,gold,1,0.38852145127194526,0.6499999999999986,4.6000000000000085,0.129999999999999,Schematic internal layout
XBOXONE-0066,RearUSB0SuperSpeed0,XBOXONE-0066 · USB additional data contact,Ports,gold,1,0.0857302544031038,0.4399999999999977,1.5,0.129999999999999,Schematic internal layout
XBOXONE-0067,RearUSB0SuperSpeed1,XBOXONE-0067 · USB additional data contact001,Ports,gold,1,0.0857302544031038,0.4399999999999977,1.5,0.129999999999999,Schematic internal layout
XBOXONE-0068,RearUSB0SuperSpeed2,XBOXONE-0068 · USB additional data contact002,Ports,gold,1,0.0857302544031038,0.4399999999999977,1.5,0.129999999999999,Schematic internal layout
XBOXONE-0069,RearUSB0SuperSpeed3,XBOXONE-0069 · USB additional data contact003,Ports,gold,1,0.0857302544031038,0.4399999999999977,1.5,0.129999999999999,Schematic internal layout
XBOXONE-0070,RearUSB0SuperSpeed4,XBOXONE-0070 · USB additional data contact004,Ports,gold,1,0.0857302544031038,0.4399999999999977,1.5,0.129999999999999,Schematic internal layout
XBOXONE-0071,RearUSB0Tail0,XBOXONE-0071 · USB board terminal,Ports,gold,1,0.19584977871437878,0.28000000000000114,2.5,0.28000000000000114,Schematic internal layout
XBOXONE-0072,RearUSB0Tail1,XBOXONE-0072 · USB board terminal001,Ports,gold,1,0.19584977871437878,0.28000000000000114,2.5,0.28000000000000114,Schematic internal layout
XBOXONE-0073,RearUSB0Tail2,XBOXONE-0073 · USB board terminal002,Ports,gold,1,0.19584977871437872,0.28000000000000114,2.5,0.28000000000000114,Schematic internal layout
XBOXONE-0074,RearUSB0Tail3,XBOXONE-0074 · USB board terminal003,Ports,gold,1,0.19584977871437875,0.28000000000000114,2.5,0.28000000000000114,Schematic internal layout
XBOXONE-0075,RearUSB0Tail4,XBOXONE-0075 · USB board terminal004,Ports,gold,1,0.19584977871437872,0.28000000000000114,2.5,0.28000000000000114,Schematic internal layout
XBOXONE-0076,RearUSB0Tail5,XBOXONE-0076 · USB board terminal005,Ports,gold,1,0.19584977871437878,0.28000000000000114,2.5,0.28000000000000114,Schematic internal layout
XBOXONE-0077,RearUSB0Tail6,XBOXONE-0077 · USB board terminal006,Ports,gold,1,0.19584977871437878,0.28000000000000114,2.5,0.28000000000000114,Schematic internal layout
XBOXONE-0078,RearUSB0Tail7,XBOXONE-0078 · USB board terminal007,Ports,gold,1,0.19584977871437878,0.28000000000000114,2.5,0.28000000000000114,Schematic internal layout
XBOXONE-0079,RearUSB0Tail8,XBOXONE-0079 · USB board terminal008,Ports,gold,1,0.19584977871437875,0.28000000000000114,2.5,0.28000000000000114,Schematic internal layout
XBOXONE-0080,RearUSB0RearCarrier,XBOXONE-0080 · USB rear insulator001,Ports,black,1,61.16170216466641,13.100000000000005,0.8499999999999943,5.5,Schematic internal layout
XBOXONE-0081,RearUSB1Shield,XBOXONE-0081 · USB Type-A formed metal shield001,Ports,metal,1,182.0004208816874,14.400000000000002,12.000000000000014,6.700000000000003,"Original black enclosure study; published envelope, approximate local detail"
XBOXONE-0082,RearUSB1Tongue,XBOXONE-0082 · USB connector tongue001,Ports,blue,1,112.70772012644096,12.200000000000003,8.800000000000026,1.0499999999999972,"Original black enclosure study; published envelope, approximate local detail"
XBOXONE-0083,RearUSB1Contact0,XBOXONE-0083 · USB legacy contact004,Ports,gold,1,0.3885214512719488,0.6499999999999986,4.6000000000000085,0.13000000000000256,Schematic internal layout
XBOXONE-0084,RearUSB1Contact1,XBOXONE-0084 · USB legacy contact005,Ports,gold,1,0.3885214512719488,0.6499999999999986,4.6000000000000085,0.13000000000000256,Schematic internal layout
XBOXONE-0085,RearUSB1Contact2,XBOXONE-0085 · USB legacy contact006,Ports,gold,1,0.3885214512719488,0.6499999999999986,4.6000000000000085,0.13000000000000256,Schematic internal layout
XBOXONE-0086,RearUSB1Contact3,XBOXONE-0086 · USB legacy contact007,Ports,gold,1,0.3885214512719488,0.6499999999999986,4.6000000000000085,0.13000000000000256,Schematic internal layout
XBOXONE-0087,RearUSB1SuperSpeed0,XBOXONE-0087 · USB additional data contact005,Ports,gold,1,0.0857302544031046,0.4399999999999977,1.5,0.13000000000000256,Schematic internal layout
XBOXONE-0088,RearUSB1SuperSpeed1,XBOXONE-0088 · USB additional data contact006,Ports,gold,1,0.0857302544031046,0.4399999999999977,1.5,0.13000000000000256,Schematic internal layout
XBOXONE-0089,RearUSB1SuperSpeed2,XBOXONE-0089 · USB additional data contact007,Ports,gold,1,0.08573025440310458,0.4399999999999977,1.5,0.13000000000000256,Schematic internal layout
XBOXONE-0090,RearUSB1SuperSpeed3,XBOXONE-0090 · USB additional data contact008,Ports,gold,1,0.08573025440310458,0.4399999999999977,1.5,0.13000000000000256,Schematic internal layout
XBOXONE-0091,RearUSB1SuperSpeed4,XBOXONE-0091 · USB additional data contact009,Ports,gold,1,0.08573025440310458,0.4399999999999977,1.5,0.13000000000000256,Schematic internal layout
XBOXONE-0092,RearUSB1Tail0,XBOXONE-0092 · USB board terminal009,Ports,gold,1,0.19584977871437875,0.28000000000000114,2.5,0.28000000000000114,Schematic internal layout
XBOXONE-0093,RearUSB1Tail1,XBOXONE-0093 · USB board terminal010,Ports,gold,1,0.19584977871437878,0.28000000000000114,2.5,0.28000000000000114,Schematic internal layout
XBOXONE-0094,RearUSB1Tail2,XBOXONE-0094 · USB board terminal011,Ports,gold,1,0.19584977871437872,0.28000000000000114,2.5,0.28000000000000114,Schematic internal layout
XBOXONE-0095,RearUSB1Tail3,XBOXONE-0095 · USB board terminal012,Ports,gold,1,0.19584977871437875,0.28000000000000114,2.5,0.28000000000000114,Schematic internal layout
XBOXONE-0096,RearUSB1Tail4,XBOXONE-0096 · USB board terminal013,Ports,gold,1,0.19584977871437872,0.28000000000000114,2.5,0.28000000000000114,Schematic internal layout
XBOXONE-0097,RearUSB1Tail5,XBOXONE-0097 · USB board terminal014,Ports,gold,1,0.19584977871437878,0.28000000000000114,2.5,0.28000000000000114,Schematic internal layout
XBOXONE-0098,RearUSB1Tail6,XBOXONE-0098 · USB board terminal015,Ports,gold,1,0.19584977871437878,0.28000000000000114,2.5,0.28000000000000114,Schematic internal layout
XBOXONE-0099,RearUSB1Tail7,XBOXONE-0099 · USB board terminal016,Ports,gold,1,0.19584977871437875,0.28000000000000114,2.5,0.28000000000000114,Schematic internal layout
XBOXONE-0100,RearUSB1Tail8,XBOXONE-0100 · USB board terminal017,Ports,gold,1,0.19584977871437875,0.28000000000000114,2.5,0.28000000000000114,Schematic internal layout
XBOXONE-0101,RearUSB1RearCarrier,XBOXONE-0101 · USB rear insulator003,Ports,black,1,61.16170216466641,13.100000000000005,0.8499999999999943,5.5,Schematic internal layout
XBOXONE-0102,LANShield,XBOXONE-0102 · Ethernet formed shield,Ports,metal,1,551.2123889803863,16.0,12.500000000000014,14.0,"Original black enclosure study; published envelope, approximate local detail"
XBOXONE-0103,LANCarrier,XBOXONE-0103 · Ethernet rear insulator,Ports,black,1,163.1616989912656,14.100000000000001,1.0,11.599999999999998,Schematic internal layout
XBOXONE-0104,LANContact0,XBOXONE-0104 · Ethernet spring terminal,Ports,gold,1,0.6034341060965185,0.35000000000002274,7.500000000000014,0.23000000000000043,Schematic internal layout
XBOXONE-0105,LANContact1,XBOXONE-0105 · Ethernet spring terminal001,Ports,gold,1,0.6034341060965185,0.35000000000002274,7.500000000000014,0.23000000000000043,Schematic internal layout
XBOXONE-0106,LANContact2,XBOXONE-0106 · Ethernet spring terminal002,Ports,gold,1,0.6034341060965184,0.3499999999999943,7.500000000000014,0.23000000000000043,Schematic internal layout
XBOXONE-0107,LANContact3,XBOXONE-0107 · Ethernet spring terminal003,Ports,gold,1,0.6034341060965184,0.3499999999999943,7.500000000000014,0.23000000000000043,Schematic internal layout
XBOXONE-0108,LANContact4,XBOXONE-0108 · Ethernet spring terminal004,Ports,gold,1,0.6034341060965185,0.3499999999999943,7.500000000000014,0.23000000000000043,Schematic internal layout
XBOXONE-0109,LANContact5,XBOXONE-0109 · Ethernet spring terminal005,Ports,gold,1,0.6034341060965185,0.3499999999999943,7.500000000000014,0.23000000000000043,Schematic internal layout
XBOXONE-0110,LANContact6,XBOXONE-0110 · Ethernet spring terminal006,Ports,gold,1,0.6034341060965185,0.3499999999999943,7.500000000000014,0.23000000000000043,Schematic internal layout
XBOXONE-0111,LANContact7,XBOXONE-0111 · Ethernet spring terminal007,Ports,gold,1,0.6034341060965185,0.3499999999999943,7.500000000000014,0.23000000000000043,Schematic internal layout
XBOXONE-0112,LANLight0,XBOXONE-0112 · Ethernet status light,Ports,led,1,2.1984955592153876,1.5,1.0,1.4999999999999964,"Original black enclosure study; published envelope, approximate local detail"
XBOXONE-0113,LANLight1,XBOXONE-0113 · Ethernet status light001,Ports,led,1,2.1984955592153863,1.5,1.0,1.4999999999999964,"Original black enclosure study; published envelope, approximate local detail"
XBOXONE-0114,OpticalSocket,XBOXONE-0114 · TOSLINK square receptacle,Ports,matte,1,754.7638934211695,12.0,12.000000000000014,12.0,"Original black enclosure study; published envelope, approximate local detail"
XBOXONE-0115,OpticalShutter,XBOXONE-0115 · Independent TOSLINK dust flap,Ports,black,1,29.41789817846907,8.600000000000023,0.4000000000000341,8.599999999999998,"Original black enclosure study; published envelope, approximate local detail"
XBOXONE-0116,OpticalEmitter,XBOXONE-0116 · Separate optical emitter envelope,Ports,red,1,4.5238934211693,2.4000000000000057,1.0,2.400000000000002,Schematic internal layout
XBOXONE-0117,IRSocket,XBOXONE-0117 · Separate IR-out barrel receptacle,Ports,matte,1,426.02352577167795,8.599999999999998,9.000000000000014,8.599999999999998,"Original black enclosure study; published envelope, approximate local detail"
XBOXONE-0118,IRSocketContact,XBOXONE-0118 · Independent IR-out sleeve,Ports,metal,1,17.86780821729193,3.5,7.0,3.5,Schematic internal layout
XBOXONE-0119,DCInlet,XBOXONE-0119 · Original external-supply DC inlet,Ports,matte,1,2055.286775313869,23.0,11.000000000000014,12.0,"Original black enclosure study; published envelope, approximate local detail"
XBOXONE-0120,DCPowerContact0,XBOXONE-0120 · Separate original DC contact envelope,Ports,metal,1,51.18439830861175,3.3999999999999915,7.0,3.3999999999999986,Schematic internal layout
XBOXONE-0121,DCPowerContact1,XBOXONE-0121 · Separate original DC contact envelope001,Ports,metal,1,51.18439830861176,3.3999999999999773,7.0,3.3999999999999986,Schematic internal layout
XBOXONE-0122,KinectSocket,XBOXONE-0122 · Original divided Kinect proprietary receptacle,Ports,matte,1,1155.461144656364,18.0,12.000000000000014,13.0,"Original black enclosure study; published envelope, approximate local detail"
XBOXONE-0123,KinectPortContact0_0,XBOXONE-0123 · Separate Kinect contact envelope,Ports,gold,1,0.5398609380098812,0.5,6.0,0.17999999999999972,Schematic internal layout
XBOXONE-0124,KinectPortContact0_1,XBOXONE-0124 · Separate Kinect contact envelope001,Ports,gold,1,0.5398609380098812,0.5,6.0,0.17999999999999972,Schematic internal layout
XBOXONE-0125,KinectPortContact0_2,XBOXONE-0125 · Separate Kinect contact envelope002,Ports,gold,1,0.5398609380098812,0.5,6.0,0.17999999999999972,Schematic internal layout
XBOXONE-0126,KinectPortContact0_3,XBOXONE-0126 · Separate Kinect contact envelope003,Ports,gold,1,0.5398609380098811,0.5,6.0,0.17999999999999972,Schematic internal layout
XBOXONE-0127,KinectPortContact0_4,XBOXONE-0127 · Separate Kinect contact envelope004,Ports,gold,1,0.5398609380098816,0.5000000000000009,6.0,0.17999999999999972,Schematic internal layout
XBOXONE-0128,KinectPortContact1_0,XBOXONE-0128 · Separate Kinect contact envelope005,Ports,gold,1,0.5398609380098811,0.5,6.0,0.17999999999999972,Schematic internal layout
XBOXONE-0129,KinectPortContact1_1,XBOXONE-0129 · Separate Kinect contact envelope006,Ports,gold,1,0.5398609380098811,0.4999999999999998,6.0,0.17999999999999972,Schematic internal layout
XBOXONE-0130,KinectPortContact1_2,XBOXONE-0130 · Separate Kinect contact envelope007,Ports,gold,1,0.5398609380098811,0.5,6.0,0.17999999999999972,Schematic internal layout
XBOXONE-0131,KinectPortContact1_3,XBOXONE-0131 · Separate Kinect contact envelope008,Ports,gold,1,0.5398609380098812,0.5,6.0,0.17999999999999972,Schematic internal layout
XBOXONE-0132,KinectPortContact2_0,XBOXONE-0132 · Separate Kinect contact envelope009,Ports,gold,1,0.5398609380098811,0.5,6.0,0.17999999999999972,Schematic internal layout
XBOXONE-0133,KinectPortContact2_1,XBOXONE-0133 · Separate Kinect contact envelope010,Ports,gold,1,0.5398609380098811,0.4999999999999998,6.0,0.17999999999999972,Schematic internal layout
XBOXONE-0134,KinectPortContact2_2,XBOXONE-0134 · Separate Kinect contact envelope011,Ports,gold,1,0.5398609380098811,0.5,6.0,0.17999999999999972,Schematic internal layout
XBOXONE-0135,KinectPortContact2_3,XBOXONE-0135 · Separate Kinect contact envelope012,Ports,gold,1,0.5398609380098812,0.5,6.0,0.17999999999999972,Schematic internal layout
XBOXONE-0136,HDMIOutMark,XBOXONE-0136 · HDMI OUT,Body,chrome,7,0.10987330208640778,11.677046979865779,0.01800019999998881,1.754094159731551,"Original black enclosure study; published envelope, approximate local detail"
XBOXONE-0137,HDMIInMark,XBOXONE-0137 · HDMI IN,Body,chrome,6,0.09188252761277767,8.924345637583897,0.01800019999998881,1.691275367785238,"Original black enclosure study; published envelope, approximate local detail"
XBOXONE-0138,KinectMark,XBOXONE-0138 · KINECT,Body,chrome,6,0.08286599050296256,8.222013422818792,0.01800019999998881,1.754094159731551,"Original black enclosure study; published envelope, approximate local detail"
XBOXONE-0139,LANMark,XBOXONE-0139 · LAN,Body,chrome,3,0.045340249158259134,4.208104026845646,0.018000000000000682,1.6912751677852356,"Original black enclosure study; published envelope, approximate local detail"
XBOXONE-0140,RearFascia,XBOXONE-0140 · Original rear closure007,Body,matte,1,48772.273152185175,338.2,2.2000000000000455,74.2,"Original black enclosure study; published envelope, approximate local detail"
XBOXONE-0141,SideUSBShield,XBOXONE-0141 · USB Type-A formed metal shield002,Ports,metal,1,182.00042088168732,12.0,14.400000000000006,6.700000000000003,"Original black enclosure study; published envelope, approximate local detail"
XBOXONE-0142,SideUSBTongue,XBOXONE-0142 · USB connector tongue002,Ports,blue,1,112.70772012644107,8.800000000000011,12.200000000000017,1.0500000000000007,"Original black enclosure study; published envelope, approximate local detail"
XBOXONE-0143,SideUSBContact0,XBOXONE-0143 · USB legacy contact008,Ports,gold,1,0.38852145127194737,4.600000000000023,0.6500000000000057,0.129999999999999,Schematic internal layout
XBOXONE-0144,SideUSBContact1,XBOXONE-0144 · USB legacy contact009,Ports,gold,1,0.38852145127194737,4.600000000000023,0.6500000000000057,0.129999999999999,Schematic internal layout
XBOXONE-0145,SideUSBContact2,XBOXONE-0145 · USB legacy contact010,Ports,gold,1,0.38852145127194737,4.600000000000023,0.6500000000000057,0.129999999999999,Schematic internal layout
XBOXONE-0146,SideUSBContact3,XBOXONE-0146 · USB legacy contact011,Ports,gold,1,0.38852145127194737,4.600000000000023,0.6500000000000057,0.129999999999999,Schematic internal layout
XBOXONE-0147,SideUSBSuperSpeed0,XBOXONE-0147 · USB additional data contact010,Ports,gold,1,0.08573025440310382,1.5,0.4399999999999977,0.129999999999999,Schematic internal layout
XBOXONE-0148,SideUSBSuperSpeed1,XBOXONE-0148 · USB additional data contact011,Ports,gold,1,0.08573025440310382,1.5,0.4399999999999977,0.129999999999999,Schematic internal layout
XBOXONE-0149,SideUSBSuperSpeed2,XBOXONE-0149 · USB additional data contact012,Ports,gold,1,0.08573025440310382,1.5,0.4399999999999977,0.129999999999999,Schematic internal layout
XBOXONE-0150,SideUSBSuperSpeed3,XBOXONE-0150 · USB additional data contact013,Ports,gold,1,0.08573025440310382,1.5,0.4399999999999977,0.129999999999999,Schematic internal layout
XBOXONE-0151,SideUSBSuperSpeed4,XBOXONE-0151 · USB additional data contact014,Ports,gold,1,0.08573025440310382,1.5,0.4399999999999977,0.129999999999999,Schematic internal layout
XBOXONE-0152,SideUSBTail0,XBOXONE-0152 · USB board terminal018,Ports,gold,1,0.19584977871437875,2.5,0.28000000000000114,0.28000000000000114,Schematic internal layout
XBOXONE-0153,SideUSBTail1,XBOXONE-0153 · USB board terminal019,Ports,gold,1,0.19584977871437875,2.5,0.28000000000000114,0.28000000000000114,Schematic internal layout
XBOXONE-0154,SideUSBTail2,XBOXONE-0154 · USB board terminal020,Ports,gold,1,0.19584977871437875,2.5,0.28000000000000114,0.28000000000000114,Schematic internal layout
XBOXONE-0155,SideUSBTail3,XBOXONE-0155 · USB board terminal021,Ports,gold,1,0.19584977871437875,2.5,0.28000000000000114,0.28000000000000114,Schematic internal layout
XBOXONE-0156,SideUSBTail4,XBOXONE-0156 · USB board terminal022,Ports,gold,1,0.19584977871437878,2.5,0.28000000000000114,0.28000000000000114,Schematic internal layout
XBOXONE-0157,SideUSBTail5,XBOXONE-0157 · USB board terminal023,Ports,gold,1,0.19584977871437875,2.5,0.28000000000000114,0.28000000000000114,Schematic internal layout
XBOXONE-0158,SideUSBTail6,XBOXONE-0158 · USB board terminal024,Ports,gold,1,0.19584977871437878,2.5,0.28000000000000114,0.28000000000000114,Schematic internal layout
XBOXONE-0159,SideUSBTail7,XBOXONE-0159 · USB board terminal025,Ports,gold,1,0.19584977871437875,2.5,0.28000000000000114,0.28000000000000114,Schematic internal layout
XBOXONE-0160,SideUSBTail8,XBOXONE-0160 · USB board terminal026,Ports,gold,1,0.19584977871437872,2.5,0.28000000000000114,0.28000000000000114,Schematic internal layout
XBOXONE-0161,SideUSBRearCarrier,XBOXONE-0161 · USB rear insulator005,Ports,black,1,61.1617021646671,0.8500000000000227,13.099999999999994,5.5,Schematic internal layout
XBOXONE-0162,LeftSide,XBOXONE-0162 · Original separate side grille wall005,Body,matte,1,34804.883132258925,2.2000000000000455,258.2,74.2,"Original black enclosure study; published envelope, approximate local detail"
XBOXONE-0163,PairingKey,XBOXONE-0163 · Separate original side wireless pairing key,Controls,matte,1,32.32014138164335,0.5500000000000114,5.0,12.00000000000001,"Original black enclosure study; published envelope, approximate local detail"
XBOXONE-0164,ChassisFloor,XBOXONE-0164 · Native sheet-metal chassis floor,Frame,metal,1,57749.70556628018,330.0,250.0,0.7000000000000002,"Original black enclosure study; published envelope, approximate local detail"
XBOXONE-0165,ChassisFront,XBOXONE-0165 · Separate bent chassis end wall004,Frame,metal,1,13867.756794434972,328.0,0.7000000000000028,63.0,Schematic internal layout
XBOXONE-0166,ChassisRear,XBOXONE-0166 · Separate bent chassis end wall005,Frame,metal,1,10003.977739093929,328.0,0.7000000000000028,63.000000000000014,Schematic internal layout
XBOXONE-0167,ChassisLeft,XBOXONE-0167 · Separate bent chassis side wall003,Frame,metal,1,8909.34942465738,0.6999999999999886,247.0,63.0,Schematic internal layout
XBOXONE-0168,ChassisRight,XBOXONE-0168 · Separate bent chassis side wall004,Frame,metal,1,9002.159203371732,0.6999999999999886,247.0,63.0,Schematic internal layout
XBOXONE-0169,BoardStandoff0,XBOXONE-0169 · Independent motherboard support,Frame,metal,1,102.786628440151,5.199999999999989,5.199999999999989,6.1499999999999995,Schematic internal layout
XBOXONE-0170,BoardStandoff1,XBOXONE-0170 · Independent motherboard support001,Frame,metal,1,102.786628440151,5.199999999999989,5.199999999999989,6.1499999999999995,Schematic internal layout
XBOXONE-0171,BoardStandoff2,XBOXONE-0171 · Independent motherboard support002,Frame,metal,1,102.786628440151,5.199999999999989,5.199999999999989,6.1499999999999995,Schematic internal layout
XBOXONE-0172,BoardStandoff3,XBOXONE-0172 · Independent motherboard support003,Frame,metal,1,102.786628440151,5.199999999999989,5.199999999999989,6.1499999999999995,Schematic internal layout
XBOXONE-0173,BoardStandoff4,XBOXONE-0173 · Independent motherboard support004,Frame,metal,1,102.78662844015093,5.2,5.199999999999989,6.1499999999999995,Schematic internal layout
XBOXONE-0174,BoardStandoff5,XBOXONE-0174 · Independent motherboard support005,Frame,metal,1,102.78662844015093,5.2,5.199999999999989,6.1499999999999995,Schematic internal layout
XBOXONE-0175,BoardMountLand0,XBOXONE-0175 · Independent motherboard mounting land,Mainboard,gold,1,0.5374086933047045,5.399999999999977,5.400000000000006,0.03500000000000014,Schematic internal layout
XBOXONE-0176,BoardMountLand1,XBOXONE-0176 · Independent motherboard mounting land001,Mainboard,gold,1,0.5374086933047045,5.399999999999977,5.400000000000006,0.03500000000000014,Schematic internal layout
XBOXONE-0177,BoardMountLand2,XBOXONE-0177 · Independent motherboard mounting land002,Mainboard,gold,1,0.5374086933047045,5.399999999999977,5.400000000000006,0.03500000000000014,Schematic internal layout
XBOXONE-0178,BoardMountLand3,XBOXONE-0178 · Independent motherboard mounting land003,Mainboard,gold,1,0.5374086933047045,5.399999999999977,5.400000000000006,0.03500000000000014,Schematic internal layout
XBOXONE-0179,BoardMountLand4,XBOXONE-0179 · Independent motherboard mounting land004,Mainboard,gold,1,0.5374086933047049,5.4,5.400000000000006,0.03500000000000014,Schematic internal layout
XBOXONE-0180,BoardMountLand5,XBOXONE-0180 · Independent motherboard mounting land005,Mainboard,gold,1,0.5374086933047049,5.4,5.400000000000006,0.03500000000000014,Schematic internal layout
XBOXONE-0181,APUSubstrate,XBOXONE-0181 · Separate APU BGA substrate,Mainboard,pcb,1,1382.3536460032938,48.0,48.0,0.5999999999999996,Schematic internal layout
XBOXONE-0182,APU,XBOXONE-0182 · APU package envelope,Mainboard,black,1,5522.306858347057,47.0,47.0,2.5,Schematic internal layout
XBOXONE-0183,APUMark,XBOXONE-0183 · APU,Mainboard,white,3,0.05640004068651258,4.954949764429529,1.9167787234899336,0.01800020000000302,"Original black enclosure study; published envelope, approximate local detail"
XBOXONE-0184,SouthbridgeSubstrate,XBOXONE-0184 · Separate Southbridge BGA substrate,Mainboard,pcb,1,345.55364600329375,24.0,24.0,0.5999999999999996,Schematic internal layout
XBOXONE-0185,Southbridge,XBOXONE-0185 · Southbridge package envelope,Mainboard,black,1,1163.6300353454105,23.0,23.0,2.1999999999999993,Schematic internal layout
XBOXONE-0186,SouthbridgeMark,XBOXONE-0186 · Southbridge,Mainboard,white,12,0.16541511031316336,15.453020334228185,2.4966444953020144,0.01800020000000302,"Original black enclosure study; published envelope, approximate local detail"
XBOXONE-0187,EMMCSubstrate,XBOXONE-0187 · Separate EMMC BGA substrate,Mainboard,pcb,1,151.1536460032938,14.0,18.0,0.5999999999999996,Schematic internal layout
XBOXONE-0188,EMMC,XBOXONE-0188 · EMMC package envelope,Mainboard,black,1,287.19956634047,13.0,17.0,1.3000000000000007,Schematic internal layout
XBOXONE-0189,EMMCMark,XBOXONE-0189 · EMMC,Mainboard,white,4,0.09151854720085924,7.479362516107386,1.9489934885905882,0.01800020000000302,"Original black enclosure study; published envelope, approximate local detail"
XBOXONE-0190,FlashControllerSubstrate,XBOXONE-0190 · Separate FlashController BGA substrate,Mainboard,pcb,1,59.95364600329382,10.0,10.0,0.5999999999999996,Schematic internal layout
XBOXONE-0191,FlashController,XBOXONE-0191 · FlashController package envelope,Mainboard,black,1,89.01501767270537,9.0,9.0,1.0999999999999996,Schematic internal layout
XBOXONE-0192,FlashControllerMark,XBOXONE-0192 · FlashController,Mainboard,white,15,0.189685862348545,19.16367459664429,1.997315636241595,0.018000199999999467,"Original black enclosure study; published envelope, approximate local detail"
XBOXONE-0193,APUThermal,XBOXONE-0193 · Independent APU thermal interface,Cooling,thermal,1,269.93561944901944,30.0,30.0,0.3000000000000007,Schematic internal layout
XBOXONE-0194,DDR3Substrate0,XBOXONE-0194 · Separate original DDR3 BGA carrier,Mainboard,pcb,1,50.014699111843115,11.5,14.5,0.3000000000000007,Schematic internal layout
XBOXONE-0195,DDR30,XBOXONE-0195 · Original sixteen-package DDR3 memory envelope,Mainboard,black,1,172.1232300767579,11.100000000000005,14.099999999999994,1.0999999999999996,Schematic internal layout
XBOXONE-0196,DDR3Substrate1,XBOXONE-0196 · Separate original DDR3 BGA carrier001,Mainboard,pcb,1,50.014699111843115,11.5,14.5,0.3000000000000007,Schematic internal layout
XBOXONE-0197,DDR31,XBOXONE-0197 · Original sixteen-package DDR3 memory envelope001,Mainboard,black,1,172.1232300767579,11.100000000000005,14.100000000000001,1.0999999999999996,Schematic internal layout
XBOXONE-0198,DDR3Substrate2,XBOXONE-0198 · Separate original DDR3 BGA carrier002,Mainboard,pcb,1,50.014699111843115,11.5,14.5,0.3000000000000007,Schematic internal layout
XBOXONE-0199,DDR32,XBOXONE-0199 · Original sixteen-package DDR3 memory envelope002,Mainboard,black,1,172.1232300767579,11.100000000000005,14.100000000000005,1.0999999999999996,Schematic internal layout
XBOXONE-0200,DDR3Substrate3,XBOXONE-0200 · Separate original DDR3 BGA carrier003,Mainboard,pcb,1,50.014699111843115,11.5,14.5,0.3000000000000007,Schematic internal layout
XBOXONE-0201,DDR33,XBOXONE-0201 · Original sixteen-package DDR3 memory envelope003,Mainboard,black,1,172.12323007675792,11.100000000000005,14.100000000000001,1.0999999999999996,Schematic internal layout
XBOXONE-0202,DDR3Substrate4,XBOXONE-0202 · Separate original DDR3 BGA carrier004,Mainboard,pcb,1,50.014699111843115,11.5,14.5,0.3000000000000007,Schematic internal layout
XBOXONE-0203,DDR34,XBOXONE-0203 · Original sixteen-package DDR3 memory envelope004,Mainboard,black,1,172.12323007675792,11.100000000000005,14.100000000000001,1.0999999999999996,Schematic internal layout
XBOXONE-0204,DDR3Substrate5,XBOXONE-0204 · Separate original DDR3 BGA carrier005,Mainboard,pcb,1,50.014699111843115,11.5,14.5,0.3000000000000007,Schematic internal layout
XBOXONE-0205,DDR35,XBOXONE-0205 · Original sixteen-package DDR3 memory envelope005,Mainboard,black,1,172.12323007675792,11.100000000000009,14.099999999999994,1.0999999999999996,Schematic internal layout
XBOXONE-0206,DDR3Substrate6,XBOXONE-0206 · Separate original DDR3 BGA carrier006,Mainboard,pcb,1,50.014699111843115,11.5,14.5,0.3000000000000007,Schematic internal layout
XBOXONE-0207,DDR36,XBOXONE-0207 · Original sixteen-package DDR3 memory envelope006,Mainboard,black,1,172.12323007675792,11.100000000000009,14.100000000000001,1.0999999999999996,Schematic internal layout
XBOXONE-0208,DDR3Substrate7,XBOXONE-0208 · Separate original DDR3 BGA carrier007,Mainboard,pcb,1,50.014699111843115,11.5,14.5,0.3000000000000007,Schematic internal layout
XBOXONE-0209,DDR37,XBOXONE-0209 · Original sixteen-package DDR3 memory envelope007,Mainboard,black,1,172.12323007675792,11.100000000000009,14.100000000000005,1.0999999999999996,Schematic internal layout
XBOXONE-0210,DDR3Substrate8,XBOXONE-0210 · Separate original DDR3 BGA carrier008,Mainboard,pcb,1,50.014699111843115,11.5,14.5,0.3000000000000007,Schematic internal layout
XBOXONE-0211,DDR38,XBOXONE-0211 · Original sixteen-package DDR3 memory envelope008,Mainboard,black,1,172.12323007675798,11.100000000000009,14.100000000000001,1.0999999999999996,Schematic internal layout
XBOXONE-0212,DDR3Substrate9,XBOXONE-0212 · Separate original DDR3 BGA carrier009,Mainboard,pcb,1,50.014699111843115,11.5,14.5,0.3000000000000007,Schematic internal layout
XBOXONE-0213,DDR39,XBOXONE-0213 · Original sixteen-package DDR3 memory envelope009,Mainboard,black,1,172.12323007675798,11.100000000000009,14.100000000000001,1.0999999999999996,Schematic internal layout
XBOXONE-0214,DDR3Substrate10,XBOXONE-0214 · Separate original DDR3 BGA carrier010,Mainboard,pcb,1,50.014699111843115,11.5,14.5,0.3000000000000007,Schematic internal layout
XBOXONE-0215,DDR310,XBOXONE-0215 · Original sixteen-package DDR3 memory envelope010,Mainboard,black,1,172.1232300767579,11.100000000000009,14.100000000000001,1.0999999999999996,Schematic internal layout
XBOXONE-0216,DDR3Substrate11,XBOXONE-0216 · Separate original DDR3 BGA carrier011,Mainboard,pcb,1,50.01469911184311,11.5,14.5,0.3000000000000007,Schematic internal layout
XBOXONE-0217,DDR311,XBOXONE-0217 · Original sixteen-package DDR3 memory envelope011,Mainboard,black,1,172.12323007675792,11.100000000000001,14.100000000000001,1.0999999999999996,Schematic internal layout
XBOXONE-0218,DDR3Substrate12,XBOXONE-0218 · Separate original DDR3 BGA carrier012,Mainboard,pcb,1,50.014699111843115,11.5,14.5,0.3000000000000007,Schematic internal layout
XBOXONE-0219,DDR312,XBOXONE-0219 · Original sixteen-package DDR3 memory envelope012,Mainboard,black,1,172.12323007675792,11.099999999999994,14.100000000000001,1.0999999999999996,Schematic internal layout
XBOXONE-0220,DDR3Substrate13,XBOXONE-0220 · Separate original DDR3 BGA carrier013,Mainboard,pcb,1,50.014699111843115,11.5,14.5,0.3000000000000007,Schematic internal layout
XBOXONE-0221,DDR313,XBOXONE-0221 · Original sixteen-package DDR3 memory envelope013,Mainboard,black,1,172.1232300767579,11.099999999999994,14.100000000000001,1.0999999999999996,Schematic internal layout
XBOXONE-0222,DDR3Substrate14,XBOXONE-0222 · Separate original DDR3 BGA carrier014,Mainboard,pcb,1,50.014699111843115,11.5,14.5,0.3000000000000007,Schematic internal layout
XBOXONE-0223,DDR314,XBOXONE-0223 · Original sixteen-package DDR3 memory envelope014,Mainboard,black,1,172.1232300767579,11.099999999999994,14.100000000000001,1.0999999999999996,Schematic internal layout
XBOXONE-0224,DDR3Substrate15,XBOXONE-0224 · Separate original DDR3 BGA carrier015,Mainboard,pcb,1,50.01469911184311,11.5,14.5,0.3000000000000007,Schematic internal layout
XBOXONE-0225,DDR315,XBOXONE-0225 · Original sixteen-package DDR3 memory envelope015,Mainboard,black,1,172.1232300767579,11.099999999999994,14.100000000000001,1.0999999999999996,Schematic internal layout
XBOXONE-0226,VRMInductor0,XBOXONE-0226 · Separate regulator inductor enclosure,Mainboard,thermal,1,403.92699081698726,9.0,9.0,5.000000000000002,Schematic internal layout
XBOXONE-0227,VRMPackage0,XBOXONE-0227 · Separate regulator power-stage package,Mainboard,black,1,54.555362817986676,6.0,7.0,1.3000000000000007,Schematic internal layout
XBOXONE-0228,VRMTerminal0_0,XBOXONE-0228 · Independent inductor termination,Mainboard,metal,1,1.7974247779607708,6.0,1.0,0.3000000000000007,Schematic internal layout
XBOXONE-0229,VRMTerminal0_1,XBOXONE-0229 · Independent inductor termination001,Mainboard,metal,1,1.7974247779607708,6.0,1.0,0.3000000000000007,Schematic internal layout
XBOXONE-0230,VRMInductor1,XBOXONE-0230 · Separate regulator inductor enclosure001,Mainboard,thermal,1,403.9269908169873,9.0,9.0,5.000000000000002,Schematic internal layout
XBOXONE-0231,VRMPackage1,XBOXONE-0231 · Separate regulator power-stage package001,Mainboard,black,1,54.555362817986676,6.0,7.0,1.3000000000000007,Schematic internal layout
XBOXONE-0232,VRMTerminal1_0,XBOXONE-0232 · Independent inductor termination002,Mainboard,metal,1,1.7974247779607708,6.0,1.0,0.3000000000000007,Schematic internal layout
XBOXONE-0233,VRMTerminal1_1,XBOXONE-0233 · Independent inductor termination003,Mainboard,metal,1,1.7974247779607706,6.0,1.0,0.3000000000000007,Schematic internal layout
XBOXONE-0234,VRMInductor2,XBOXONE-0234 · Separate regulator inductor enclosure002,Mainboard,thermal,1,403.9269908169873,9.0,9.0,5.000000000000002,Schematic internal layout
XBOXONE-0235,VRMPackage2,XBOXONE-0235 · Separate regulator power-stage package002,Mainboard,black,1,54.555362817986676,6.0,7.0,1.3000000000000007,Schematic internal layout
XBOXONE-0236,VRMTerminal2_0,XBOXONE-0236 · Independent inductor termination004,Mainboard,metal,1,1.7974247779607708,6.0,1.0,0.3000000000000007,Schematic internal layout
XBOXONE-0237,VRMTerminal2_1,XBOXONE-0237 · Independent inductor termination005,Mainboard,metal,1,1.7974247779607708,6.0,1.0,0.3000000000000007,Schematic internal layout
XBOXONE-0238,VRMInductor3,XBOXONE-0238 · Separate regulator inductor enclosure003,Mainboard,thermal,1,403.9269908169873,9.0,9.0,5.000000000000002,Schematic internal layout
XBOXONE-0239,VRMPackage3,XBOXONE-0239 · Separate regulator power-stage package003,Mainboard,black,1,54.55536281798668,6.0,7.0,1.3000000000000007,Schematic internal layout
XBOXONE-0240,VRMTerminal3_0,XBOXONE-0240 · Independent inductor termination006,Mainboard,metal,1,1.7974247779607708,6.0,1.0,0.3000000000000007,Schematic internal layout
XBOXONE-0241,VRMTerminal3_1,XBOXONE-0241 · Independent inductor termination007,Mainboard,metal,1,1.7974247779607708,6.0,1.0,0.3000000000000007,Schematic internal layout
XBOXONE-0242,VRMInductor4,XBOXONE-0242 · Separate regulator inductor enclosure004,Mainboard,thermal,1,403.9269908169873,9.0,9.0,5.000000000000002,Schematic internal layout
XBOXONE-0243,VRMPackage4,XBOXONE-0243 · Separate regulator power-stage package004,Mainboard,black,1,54.55536281798669,6.0,7.0,1.3000000000000007,Schematic internal layout
XBOXONE-0244,VRMTerminal4_0,XBOXONE-0244 · Independent inductor termination008,Mainboard,metal,1,1.7974247779607708,6.0,1.0,0.3000000000000007,Schematic internal layout
XBOXONE-0245,VRMTerminal4_1,XBOXONE-0245 · Independent inductor termination009,Mainboard,metal,1,1.7974247779607708,6.0,1.0,0.3000000000000007,Schematic internal layout
XBOXONE-0246,VRMInductor5,XBOXONE-0246 · Separate regulator inductor enclosure005,Mainboard,thermal,1,403.9269908169873,9.0,9.0,5.000000000000002,Schematic internal layout
XBOXONE-0247,VRMPackage5,XBOXONE-0247 · Separate regulator power-stage package005,Mainboard,black,1,54.55536281798669,6.0,7.0,1.3000000000000007,Schematic internal layout
XBOXONE-0248,VRMTerminal5_0,XBOXONE-0248 · Independent inductor termination010,Mainboard,metal,1,1.797424777960771,6.0,1.0,0.3000000000000007,Schematic internal layout
XBOXONE-0249,VRMTerminal5_1,XBOXONE-0249 · Independent inductor termination011,Mainboard,metal,1,1.797424777960771,6.0,1.0,0.3000000000000007,Schematic internal layout
XBOXONE-0250,BulkCap0,XBOXONE-0250 · Separate power-filter capacitor,Mainboard,black,1,257.35927018207576,6.399999999999977,6.400000000000006,8.000000000000002,Schematic internal layout
XBOXONE-0251,BulkCapTop0,XBOXONE-0251 · Independent capacitor vent top,Mainboard,metal,1,3.170495306002826,5.800000000000011,5.800000000000011,0.120000000000001,Schematic internal layout
XBOXONE-0252,BulkCapLead0_0,XBOXONE-0252 · Separate capacitor lead,Mainboard,metal,1,0.04487136787122322,0.45999999999997954,0.46000000000000796,0.2699999999999996,Schematic internal layout
XBOXONE-0253,BulkCapLead0_1,XBOXONE-0253 · Separate capacitor lead001,Mainboard,metal,1,0.04487136787122323,0.45999999999997954,0.46000000000000796,0.2699999999999996,Schematic internal layout
XBOXONE-0254,BulkCap1,XBOXONE-0254 · Separate power-filter capacitor001,Mainboard,black,1,257.3592701820758,6.399999999999977,6.400000000000006,8.000000000000002,Schematic internal layout
XBOXONE-0255,BulkCapTop1,XBOXONE-0255 · Independent capacitor vent top001,Mainboard,metal,1,3.170495306002826,5.800000000000011,5.799999999999997,0.120000000000001,Schematic internal layout
XBOXONE-0256,BulkCapLead1_0,XBOXONE-0256 · Separate capacitor lead002,Mainboard,metal,1,0.04487136787122314,0.45999999999997954,0.45999999999999375,0.2699999999999996,Schematic internal layout
XBOXONE-0257,BulkCapLead1_1,XBOXONE-0257 · Separate capacitor lead003,Mainboard,metal,1,0.04487136787122313,0.45999999999997954,0.45999999999999375,0.2699999999999996,Schematic internal layout
XBOXONE-0258,BulkCap2,XBOXONE-0258 · Separate power-filter capacitor002,Mainboard,black,1,257.3592701820758,6.399999999999977,6.399999999999999,8.000000000000002,Schematic internal layout
XBOXONE-0259,BulkCapTop2,XBOXONE-0259 · Independent capacitor vent top002,Mainboard,metal,1,3.170495306002826,5.800000000000011,5.799999999999997,0.120000000000001,Schematic internal layout
XBOXONE-0260,BulkCapLead2_0,XBOXONE-0260 · Separate capacitor lead004,Mainboard,metal,1,0.0448713678712232,0.45999999999997954,0.46000000000000085,0.2699999999999996,Schematic internal layout
XBOXONE-0261,BulkCapLead2_1,XBOXONE-0261 · Separate capacitor lead005,Mainboard,metal,1,0.0448713678712232,0.45999999999997954,0.46000000000000085,0.2699999999999996,Schematic internal layout
XBOXONE-0262,BulkCap3,XBOXONE-0262 · Separate power-filter capacitor003,Mainboard,black,1,257.3592701820758,6.399999999999977,6.3999999999999995,8.000000000000002,Schematic internal layout
XBOXONE-0263,BulkCapTop3,XBOXONE-0263 · Independent capacitor vent top003,Mainboard,metal,1,3.170495306002826,5.800000000000011,5.800000000000001,0.120000000000001,Schematic internal layout
XBOXONE-0264,BulkCapLead3_0,XBOXONE-0264 · Separate capacitor lead006,Mainboard,metal,1,0.044871367871223145,0.45999999999997954,0.46000000000000085,0.2699999999999996,Schematic internal layout
XBOXONE-0265,BulkCapLead3_1,XBOXONE-0265 · Separate capacitor lead007,Mainboard,metal,1,0.044871367871223145,0.45999999999997954,0.46000000000000085,0.2699999999999996,Schematic internal layout
XBOXONE-0266,BulkCap4,XBOXONE-0266 · Separate power-filter capacitor004,Mainboard,black,1,257.3592701820759,6.400000000000006,6.400000000000006,8.000000000000002,Schematic internal layout
XBOXONE-0267,BulkCapTop4,XBOXONE-0267 · Independent capacitor vent top004,Mainboard,metal,1,3.1704953060028287,5.800000000000011,5.799999999999997,0.120000000000001,Schematic internal layout
XBOXONE-0268,BulkCapLead4_0,XBOXONE-0268 · Separate capacitor lead008,Mainboard,metal,1,0.04487136787122299,0.46000000000000796,0.45999999999999375,0.2699999999999996,Schematic internal layout
XBOXONE-0269,BulkCapLead4_1,XBOXONE-0269 · Separate capacitor lead009,Mainboard,metal,1,0.04487136787122299,0.46000000000000796,0.45999999999999375,0.2699999999999996,Schematic internal layout
XBOXONE-0270,BulkCap5,XBOXONE-0270 · Separate power-filter capacitor005,Mainboard,black,1,257.3592701820759,6.400000000000006,6.400000000000006,8.000000000000002,Schematic internal layout
XBOXONE-0271,BulkCapTop5,XBOXONE-0271 · Independent capacitor vent top005,Mainboard,metal,1,3.1704953060028287,5.800000000000011,5.799999999999997,0.120000000000001,Schematic internal layout
XBOXONE-0272,BulkCapLead5_0,XBOXONE-0272 · Separate capacitor lead010,Mainboard,metal,1,0.04487136787122299,0.46000000000000796,0.45999999999999375,0.2699999999999996,Schematic internal layout
XBOXONE-0273,BulkCapLead5_1,XBOXONE-0273 · Separate capacitor lead011,Mainboard,metal,1,0.04487136787122299,0.46000000000000796,0.45999999999999375,0.2699999999999996,Schematic internal layout
XBOXONE-0274,BulkCap6,XBOXONE-0274 · Separate power-filter capacitor006,Mainboard,black,1,257.3592701820759,6.400000000000006,6.400000000000006,8.000000000000002,Schematic internal layout
XBOXONE-0275,BulkCapTop6,XBOXONE-0275 · Independent capacitor vent top006,Mainboard,metal,1,3.1704953060028283,5.799999999999997,5.799999999999997,0.120000000000001,Schematic internal layout
XBOXONE-0276,BulkCapLead6_0,XBOXONE-0276 · Separate capacitor lead012,Mainboard,metal,1,0.044871367871222964,0.45999999999999375,0.45999999999999375,0.2699999999999996,Schematic internal layout
XBOXONE-0277,BulkCapLead6_1,XBOXONE-0277 · Separate capacitor lead013,Mainboard,metal,1,0.04487136787122297,0.45999999999999375,0.45999999999999375,0.2699999999999996,Schematic internal layout
XBOXONE-0278,BulkCap7,XBOXONE-0278 · Separate power-filter capacitor007,Mainboard,black,1,257.3592701820759,6.400000000000002,6.400000000000006,8.000000000000002,Schematic internal layout
XBOXONE-0279,BulkCapTop7,XBOXONE-0279 · Independent capacitor vent top007,Mainboard,metal,1,3.170495306002828,5.799999999999997,5.799999999999997,0.120000000000001,Schematic internal layout
XBOXONE-0280,BulkCapLead7_0,XBOXONE-0280 · Separate capacitor lead014,Mainboard,metal,1,0.044871367871222964,0.45999999999999375,0.45999999999999375,0.2699999999999996,Schematic internal layout
XBOXONE-0281,BulkCapLead7_1,XBOXONE-0281 · Separate capacitor lead015,Mainboard,metal,1,0.044871367871222964,0.45999999999999375,0.45999999999999375,0.2699999999999996,Schematic internal layout
XBOXONE-0282,Passive0,XBOXONE-0282 · Photo-guided schematic passive body,Mainboard,black,1,0.9972530964914873,2.0,1.0,0.5,Schematic internal layout
XBOXONE-0283,PassiveEnd0_0,XBOXONE-0283 · Separate passive termination,Mainboard,metal,1,0.25664460153515656,0.44999999999998863,1.0400000000000205,0.5500000000000007,Schematic internal layout
XBOXONE-0284,PassiveEnd0_1,XBOXONE-0284 · Separate passive termination001,Mainboard,metal,1,0.25664460153515656,0.44999999999998863,1.0400000000000205,0.5500000000000007,Schematic internal layout
XBOXONE-0285,Passive1,XBOXONE-0285 · Photo-guided schematic passive body001,Mainboard,thermal,1,0.9972530964914876,2.0,1.0,0.5,Schematic internal layout
XBOXONE-0286,PassiveEnd1_0,XBOXONE-0286 · Separate passive termination002,Mainboard,metal,1,0.25664460153515667,0.45000000000001705,1.0400000000000205,0.5500000000000007,Schematic internal layout
XBOXONE-0287,PassiveEnd1_1,XBOXONE-0287 · Separate passive termination003,Mainboard,metal,1,0.2566446015351567,0.45000000000001705,1.0400000000000205,0.5500000000000007,Schematic internal layout
XBOXONE-0288,Passive2,XBOXONE-0288 · Photo-guided schematic passive body002,Mainboard,thermal,1,0.9972530964914876,2.0,1.0,0.5,Schematic internal layout
XBOXONE-0289,PassiveEnd2_0,XBOXONE-0289 · Separate passive termination004,Mainboard,metal,1,0.2566446015351567,0.45000000000001705,1.0400000000000205,0.5500000000000007,Schematic internal layout
XBOXONE-0290,PassiveEnd2_1,XBOXONE-0290 · Separate passive termination005,Mainboard,metal,1,0.25664460153515667,0.45000000000001705,1.0400000000000205,0.5500000000000007,Schematic internal layout
XBOXONE-0291,Passive3,XBOXONE-0291 · Photo-guided schematic passive body003,Mainboard,black,1,0.9972530964914874,2.0,1.0,0.5,Schematic internal layout
XBOXONE-0292,PassiveEnd3_0,XBOXONE-0292 · Separate passive termination006,Mainboard,metal,1,0.2566446015351591,0.45000000000000284,1.0400000000000205,0.5500000000000007,Schematic internal layout
XBOXONE-0293,PassiveEnd3_1,XBOXONE-0293 · Separate passive termination007,Mainboard,metal,1,0.2566446015351592,0.45000000000000284,1.0400000000000205,0.5500000000000007,Schematic internal layout
XBOXONE-0294,Passive4,XBOXONE-0294 · Photo-guided schematic passive body004,Mainboard,thermal,1,0.9972530964914875,2.0,1.0,0.5,Schematic internal layout
XBOXONE-0295,PassiveEnd4_0,XBOXONE-0295 · Separate passive termination008,Mainboard,metal,1,0.25664460153515856,0.4499999999999993,1.0400000000000205,0.5500000000000007,Schematic internal layout
XBOXONE-0296,PassiveEnd4_1,XBOXONE-0296 · Separate passive termination009,Mainboard,metal,1,0.25664460153515856,0.4499999999999993,1.0400000000000205,0.5500000000000007,Schematic internal layout
XBOXONE-0297,Passive5,XBOXONE-0297 · Photo-guided schematic passive body005,Mainboard,thermal,1,0.9972530964914874,2.0,1.0,0.5,Schematic internal layout
XBOXONE-0298,PassiveEnd5_0,XBOXONE-0298 · Separate passive termination010,Mainboard,metal,1,0.2566446015351591,0.45000000000000284,1.0400000000000205,0.5500000000000007,Schematic internal layout
XBOXONE-0299,PassiveEnd5_1,XBOXONE-0299 · Separate passive termination011,Mainboard,metal,1,0.25664460153515917,0.45000000000000284,1.0400000000000205,0.5500000000000007,Schematic internal layout
XBOXONE-0300,Passive6,XBOXONE-0300 · Photo-guided schematic passive body006,Mainboard,black,1,0.9972530964914876,2.0,1.0,0.5,Schematic internal layout
XBOXONE-0301,PassiveEnd6_0,XBOXONE-0301 · Separate passive termination012,Mainboard,metal,1,0.25664460153515667,0.45000000000001705,1.0400000000000205,0.5500000000000007,Schematic internal layout
XBOXONE-0302,PassiveEnd6_1,XBOXONE-0302 · Separate passive termination013,Mainboard,metal,1,0.2566446015351567,0.45000000000001705,1.0400000000000205,0.5500000000000007,Schematic internal layout
XBOXONE-0303,Passive7,XBOXONE-0303 · Photo-guided schematic passive body007,Mainboard,thermal,1,0.9972530964914876,2.0,1.0,0.5,Schematic internal layout
XBOXONE-0304,PassiveEnd7_0,XBOXONE-0304 · Separate passive termination014,Mainboard,metal,1,0.2566446015351567,0.45000000000001705,1.0400000000000205,0.5500000000000007,Schematic internal layout
XBOXONE-0305,PassiveEnd7_1,XBOXONE-0305 · Separate passive termination015,Mainboard,metal,1,0.25664460153515667,0.45000000000001705,1.0400000000000205,0.5500000000000007,Schematic internal layout
XBOXONE-0306,Passive8,XBOXONE-0306 · Photo-guided schematic passive body008,Mainboard,thermal,1,0.9972530964914873,2.0,1.0,0.5,Schematic internal layout
XBOXONE-0307,PassiveEnd8_0,XBOXONE-0307 · Separate passive termination016,Mainboard,metal,1,0.25664460153515656,0.44999999999998863,1.0400000000000205,0.5500000000000007,Schematic internal layout
XBOXONE-0308,PassiveEnd8_1,XBOXONE-0308 · Separate passive termination017,Mainboard,metal,1,0.25664460153515656,0.44999999999998863,1.0400000000000205,0.5500000000000007,Schematic internal layout
XBOXONE-0309,Passive9,XBOXONE-0309 · Photo-guided schematic passive body009,Mainboard,black,1,0.9972530964914876,2.0,1.0,0.5,Schematic internal layout
XBOXONE-0310,PassiveEnd9_0,XBOXONE-0310 · Separate passive termination018,Mainboard,metal,1,0.2566446015351567,0.45000000000001705,1.0400000000000205,0.5500000000000007,Schematic internal layout
XBOXONE-0311,PassiveEnd9_1,XBOXONE-0311 · Separate passive termination019,Mainboard,metal,1,0.25664460153515667,0.45000000000001705,1.0400000000000205,0.5500000000000007,Schematic internal layout
XBOXONE-0312,Passive10,XBOXONE-0312 · Photo-guided schematic passive body010,Mainboard,thermal,1,0.9972530964914876,2.0,1.0,0.5,Schematic internal layout
XBOXONE-0313,PassiveEnd10_0,XBOXONE-0313 · Separate passive termination020,Mainboard,metal,1,0.25664460153515667,0.45000000000001705,1.0400000000000205,0.5500000000000007,Schematic internal layout
XBOXONE-0314,PassiveEnd10_1,XBOXONE-0314 · Separate passive termination021,Mainboard,metal,1,0.25664460153515667,0.45000000000001705,1.0400000000000205,0.5500000000000007,Schematic internal layout
XBOXONE-0315,Passive11,XBOXONE-0315 · Photo-guided schematic passive body011,Mainboard,thermal,1,0.9972530964914874,2.0,1.0,0.5,Schematic internal layout
XBOXONE-0316,PassiveEnd11_0,XBOXONE-0316 · Separate passive termination022,Mainboard,metal,1,0.2566446015351591,0.45000000000000284,1.0400000000000205,0.5500000000000007,Schematic internal layout
XBOXONE-0317,PassiveEnd11_1,XBOXONE-0317 · Separate passive termination023,Mainboard,metal,1,0.25664460153515917,0.45000000000000284,1.0400000000000205,0.5500000000000007,Schematic internal layout
XBOXONE-0318,Passive12,XBOXONE-0318 · Photo-guided schematic passive body012,Mainboard,black,1,0.9972530964914875,2.0,1.0,0.5,Schematic internal layout
XBOXONE-0319,PassiveEnd12_0,XBOXONE-0319 · Separate passive termination024,Mainboard,metal,1,0.2566446015351585,0.4499999999999993,1.0400000000000205,0.5500000000000007,Schematic internal layout
XBOXONE-0320,PassiveEnd12_1,XBOXONE-0320 · Separate passive termination025,Mainboard,metal,1,0.25664460153515856,0.4499999999999993,1.0400000000000205,0.5500000000000007,Schematic internal layout
XBOXONE-0321,Passive13,XBOXONE-0321 · Photo-guided schematic passive body013,Mainboard,thermal,1,0.9972530964914873,2.0,1.0,0.5,Schematic internal layout
XBOXONE-0322,PassiveEnd13_0,XBOXONE-0322 · Separate passive termination026,Mainboard,metal,1,0.25664460153515656,0.44999999999998863,1.0400000000000205,0.5500000000000007,Schematic internal layout
XBOXONE-0323,PassiveEnd13_1,XBOXONE-0323 · Separate passive termination027,Mainboard,metal,1,0.2566446015351565,0.44999999999998863,1.0400000000000205,0.5500000000000007,Schematic internal layout
XBOXONE-0324,Passive14,XBOXONE-0324 · Photo-guided schematic passive body014,Mainboard,thermal,1,0.9972530964914876,2.0,1.0,0.5,Schematic internal layout
XBOXONE-0325,PassiveEnd14_0,XBOXONE-0325 · Separate passive termination028,Mainboard,metal,1,0.25664460153515667,0.45000000000001705,1.0400000000000205,0.5500000000000007,Schematic internal layout
XBOXONE-0326,PassiveEnd14_1,XBOXONE-0326 · Separate passive termination029,Mainboard,metal,1,0.25664460153515667,0.45000000000001705,1.0400000000000205,0.5500000000000007,Schematic internal layout
XBOXONE-0327,Passive15,XBOXONE-0327 · Photo-guided schematic passive body015,Mainboard,black,1,0.9972530964914876,2.0,1.0,0.5,Schematic internal layout
XBOXONE-0328,PassiveEnd15_0,XBOXONE-0328 · Separate passive termination030,Mainboard,metal,1,0.25664460153515667,0.45000000000001705,1.0400000000000205,0.5500000000000007,Schematic internal layout
XBOXONE-0329,PassiveEnd15_1,XBOXONE-0329 · Separate passive termination031,Mainboard,metal,1,0.25664460153515667,0.45000000000001705,1.0400000000000205,0.5500000000000007,Schematic internal layout
XBOXONE-0330,Passive16,XBOXONE-0330 · Photo-guided schematic passive body016,Mainboard,thermal,1,0.9972530964914874,2.0,1.0,0.5,Schematic internal layout
XBOXONE-0331,PassiveEnd16_0,XBOXONE-0331 · Separate passive termination032,Mainboard,metal,1,0.25664460153515917,0.45000000000000284,1.0400000000000205,0.5500000000000007,Schematic internal layout
XBOXONE-0332,PassiveEnd16_1,XBOXONE-0332 · Separate passive termination033,Mainboard,metal,1,0.2566446015351591,0.45000000000000284,1.0400000000000205,0.5500000000000007,Schematic internal layout
XBOXONE-0333,Passive17,XBOXONE-0333 · Photo-guided schematic passive body017,Mainboard,thermal,1,0.9972530964914875,2.0,1.0,0.5,Schematic internal layout
XBOXONE-0334,PassiveEnd17_0,XBOXONE-0334 · Separate passive termination034,Mainboard,metal,1,0.25664460153515856,0.4499999999999993,1.0400000000000205,0.5500000000000007,Schematic internal layout
XBOXONE-0335,PassiveEnd17_1,XBOXONE-0335 · Separate passive termination035,Mainboard,metal,1,0.2566446015351585,0.4499999999999993,1.0400000000000205,0.5500000000000007,Schematic internal layout
XBOXONE-0336,Passive18,XBOXONE-0336 · Photo-guided schematic passive body018,Mainboard,black,1,0.9972530964914873,2.0,1.0,0.5,Schematic internal layout
XBOXONE-0337,PassiveEnd18_0,XBOXONE-0337 · Separate passive termination036,Mainboard,metal,1,0.25664460153515656,0.44999999999998863,1.0400000000000205,0.5500000000000007,Schematic internal layout
XBOXONE-0338,PassiveEnd18_1,XBOXONE-0338 · Separate passive termination037,Mainboard,metal,1,0.25664460153515656,0.44999999999998863,1.0400000000000205,0.5500000000000007,Schematic internal layout
XBOXONE-0339,Passive19,XBOXONE-0339 · Photo-guided schematic passive body019,Mainboard,thermal,1,0.9972530964914876,2.0,1.0,0.5,Schematic internal layout
XBOXONE-0340,PassiveEnd19_0,XBOXONE-0340 · Separate passive termination038,Mainboard,metal,1,0.2566446015351567,0.45000000000001705,1.0400000000000205,0.5500000000000007,Schematic internal layout
XBOXONE-0341,PassiveEnd19_1,XBOXONE-0341 · Separate passive termination039,Mainboard,metal,1,0.25664460153515667,0.45000000000001705,1.0400000000000205,0.5500000000000007,Schematic internal layout
XBOXONE-0342,Passive20,XBOXONE-0342 · Photo-guided schematic passive body020,Mainboard,thermal,1,0.9972530964914876,2.0,1.0,0.5,Schematic internal layout
XBOXONE-0343,PassiveEnd20_0,XBOXONE-0343 · Separate passive termination040,Mainboard,metal,1,0.25664460153515667,0.45000000000001705,1.0400000000000205,0.5500000000000007,Schematic internal layout
XBOXONE-0344,PassiveEnd20_1,XBOXONE-0344 · Separate passive termination041,Mainboard,metal,1,0.25664460153515667,0.45000000000001705,1.0400000000000205,0.5500000000000007,Schematic internal layout
XBOXONE-0345,Passive21,XBOXONE-0345 · Photo-guided schematic passive body021,Mainboard,black,1,0.9972530964914874,2.0,1.0,0.5,Schematic internal layout
XBOXONE-0346,PassiveEnd21_0,XBOXONE-0346 · Separate passive termination042,Mainboard,metal,1,0.2566446015351591,0.45000000000000284,1.0400000000000205,0.5500000000000007,Schematic internal layout
XBOXONE-0347,PassiveEnd21_1,XBOXONE-0347 · Separate passive termination043,Mainboard,metal,1,0.25664460153515917,0.45000000000000284,1.0400000000000205,0.5500000000000007,Schematic internal layout
XBOXONE-0348,Passive22,XBOXONE-0348 · Photo-guided schematic passive body022,Mainboard,thermal,1,0.9972530964914875,2.0,1.0,0.5,Schematic internal layout
XBOXONE-0349,PassiveEnd22_0,XBOXONE-0349 · Separate passive termination044,Mainboard,metal,1,0.2566446015351585,0.4499999999999993,1.0400000000000205,0.5500000000000007,Schematic internal layout
XBOXONE-0350,PassiveEnd22_1,XBOXONE-0350 · Separate passive termination045,Mainboard,metal,1,0.25664460153515856,0.4499999999999993,1.0400000000000205,0.5500000000000007,Schematic internal layout
XBOXONE-0351,Passive23,XBOXONE-0351 · Photo-guided schematic passive body023,Mainboard,thermal,1,0.9972530964914873,2.0,1.0,0.5,Schematic internal layout
XBOXONE-0352,PassiveEnd23_0,XBOXONE-0352 · Separate passive termination046,Mainboard,metal,1,0.2566446015351565,0.44999999999998863,1.0400000000000205,0.5500000000000007,Schematic internal layout
XBOXONE-0353,PassiveEnd23_1,XBOXONE-0353 · Separate passive termination047,Mainboard,metal,1,0.25664460153515656,0.44999999999998863,1.0400000000000205,0.5500000000000007,Schematic internal layout
XBOXONE-0354,Passive24,XBOXONE-0354 · Photo-guided schematic passive body024,Mainboard,black,1,0.9972530964914876,2.0,1.0,0.5,Schematic internal layout
XBOXONE-0355,PassiveEnd24_0,XBOXONE-0355 · Separate passive termination048,Mainboard,metal,1,0.25664460153515667,0.45000000000001705,1.0400000000000205,0.5500000000000007,Schematic internal layout
XBOXONE-0356,PassiveEnd24_1,XBOXONE-0356 · Separate passive termination049,Mainboard,metal,1,0.25664460153515667,0.45000000000001705,1.0400000000000205,0.5500000000000007,Schematic internal layout
XBOXONE-0357,Passive25,XBOXONE-0357 · Photo-guided schematic passive body025,Mainboard,thermal,1,0.9972530964914876,2.0,1.0,0.5,Schematic internal layout
XBOXONE-0358,PassiveEnd25_0,XBOXONE-0358 · Separate passive termination050,Mainboard,metal,1,0.25664460153515667,0.45000000000001705,1.0400000000000205,0.5500000000000007,Schematic internal layout
XBOXONE-0359,PassiveEnd25_1,XBOXONE-0359 · Separate passive termination051,Mainboard,metal,1,0.25664460153515667,0.45000000000001705,1.0400000000000205,0.5500000000000007,Schematic internal layout
XBOXONE-0360,Passive26,XBOXONE-0360 · Photo-guided schematic passive body026,Mainboard,thermal,1,0.9972530964914874,2.0,1.0,0.5,Schematic internal layout
XBOXONE-0361,PassiveEnd26_0,XBOXONE-0361 · Separate passive termination052,Mainboard,metal,1,0.2566446015351591,0.45000000000000284,1.0400000000000205,0.5500000000000007,Schematic internal layout
XBOXONE-0362,PassiveEnd26_1,XBOXONE-0362 · Separate passive termination053,Mainboard,metal,1,0.2566446015351591,0.45000000000000284,1.0400000000000205,0.5500000000000007,Schematic internal layout
XBOXONE-0363,Passive27,XBOXONE-0363 · Photo-guided schematic passive body027,Mainboard,black,1,0.9972530964914875,2.0,1.0,0.5,Schematic internal layout
XBOXONE-0364,PassiveEnd27_0,XBOXONE-0364 · Separate passive termination054,Mainboard,metal,1,0.25664460153515856,0.4499999999999993,1.0400000000000205,0.5500000000000007,Schematic internal layout
XBOXONE-0365,PassiveEnd27_1,XBOXONE-0365 · Separate passive termination055,Mainboard,metal,1,0.25664460153515856,0.4499999999999993,1.0400000000000205,0.5500000000000007,Schematic internal layout
XBOXONE-0366,Passive28,XBOXONE-0366 · Photo-guided schematic passive body028,Mainboard,thermal,1,0.9972530964914873,2.0,1.0,0.5,Schematic internal layout
XBOXONE-0367,PassiveEnd28_0,XBOXONE-0367 · Separate passive termination056,Mainboard,metal,1,0.2566446015351574,0.44999999999998863,1.0400000000000063,0.5500000000000007,Schematic internal layout
XBOXONE-0368,PassiveEnd28_1,XBOXONE-0368 · Separate passive termination057,Mainboard,metal,1,0.25664460153515745,0.44999999999998863,1.0400000000000063,0.5500000000000007,Schematic internal layout
XBOXONE-0369,Passive29,XBOXONE-0369 · Photo-guided schematic passive body029,Mainboard,thermal,1,0.9972530964914874,2.0,1.0,0.5,Schematic internal layout
XBOXONE-0370,PassiveEnd29_0,XBOXONE-0370 · Separate passive termination058,Mainboard,metal,1,0.25664460153515756,0.45000000000001705,1.0400000000000063,0.5500000000000007,Schematic internal layout
XBOXONE-0371,PassiveEnd29_1,XBOXONE-0371 · Separate passive termination059,Mainboard,metal,1,0.25664460153515756,0.45000000000001705,1.0400000000000063,0.5500000000000007,Schematic internal layout
XBOXONE-0372,Passive30,XBOXONE-0372 · Photo-guided schematic passive body030,Mainboard,black,1,0.9972530964914874,2.0,1.0,0.5,Schematic internal layout
XBOXONE-0373,PassiveEnd30_0,XBOXONE-0373 · Separate passive termination060,Mainboard,metal,1,0.25664460153515756,0.45000000000001705,1.0400000000000063,0.5500000000000007,Schematic internal layout
XBOXONE-0374,PassiveEnd30_1,XBOXONE-0374 · Separate passive termination061,Mainboard,metal,1,0.25664460153515756,0.45000000000001705,1.0400000000000063,0.5500000000000007,Schematic internal layout
XBOXONE-0375,Passive31,XBOXONE-0375 · Photo-guided schematic passive body031,Mainboard,thermal,1,0.9972530964914873,2.0,1.0,0.5,Schematic internal layout
XBOXONE-0376,PassiveEnd31_0,XBOXONE-0376 · Separate passive termination062,Mainboard,metal,1,0.25664460153516006,0.45000000000000284,1.0400000000000063,0.5500000000000007,Schematic internal layout
XBOXONE-0377,PassiveEnd31_1,XBOXONE-0377 · Separate passive termination063,Mainboard,metal,1,0.25664460153516,0.45000000000000284,1.0400000000000063,0.5500000000000007,Schematic internal layout
XBOXONE-0378,Passive32,XBOXONE-0378 · Photo-guided schematic passive body032,Mainboard,thermal,1,0.9972530964914874,2.0,1.0,0.5,Schematic internal layout
XBOXONE-0379,PassiveEnd32_0,XBOXONE-0379 · Separate passive termination064,Mainboard,metal,1,0.25664460153515944,0.4499999999999993,1.0400000000000063,0.5500000000000007,Schematic internal layout
XBOXONE-0380,PassiveEnd32_1,XBOXONE-0380 · Separate passive termination065,Mainboard,metal,1,0.2566446015351594,0.4499999999999993,1.0400000000000063,0.5500000000000007,Schematic internal layout
XBOXONE-0381,Passive33,XBOXONE-0381 · Photo-guided schematic passive body033,Mainboard,black,1,0.9972530964914873,2.0,1.0,0.5,Schematic internal layout
XBOXONE-0382,PassiveEnd33_0,XBOXONE-0382 · Separate passive termination066,Mainboard,metal,1,0.2566446015351574,0.44999999999998863,1.0400000000000063,0.5500000000000007,Schematic internal layout
XBOXONE-0383,PassiveEnd33_1,XBOXONE-0383 · Separate passive termination067,Mainboard,metal,1,0.25664460153515745,0.44999999999998863,1.0400000000000063,0.5500000000000007,Schematic internal layout
XBOXONE-0384,Passive34,XBOXONE-0384 · Photo-guided schematic passive body034,Mainboard,thermal,1,0.9972530964914874,2.0,1.0,0.5,Schematic internal layout
XBOXONE-0385,PassiveEnd34_0,XBOXONE-0385 · Separate passive termination068,Mainboard,metal,1,0.25664460153515756,0.45000000000001705,1.0400000000000063,0.5500000000000007,Schematic internal layout
XBOXONE-0386,PassiveEnd34_1,XBOXONE-0386 · Separate passive termination069,Mainboard,metal,1,0.25664460153515756,0.45000000000001705,1.0400000000000063,0.5500000000000007,Schematic internal layout
XBOXONE-0387,Passive35,XBOXONE-0387 · Photo-guided schematic passive body035,Mainboard,thermal,1,0.9972530964914874,2.0,1.0,0.5,Schematic internal layout
XBOXONE-0388,PassiveEnd35_0,XBOXONE-0388 · Separate passive termination070,Mainboard,metal,1,0.25664460153515756,0.45000000000001705,1.0400000000000063,0.5500000000000007,Schematic internal layout
XBOXONE-0389,PassiveEnd35_1,XBOXONE-0389 · Separate passive termination071,Mainboard,metal,1,0.25664460153515756,0.45000000000001705,1.0400000000000063,0.5500000000000007,Schematic internal layout
XBOXONE-0390,Passive36,XBOXONE-0390 · Photo-guided schematic passive body036,Mainboard,black,1,0.9972530964914873,2.0,1.0,0.5,Schematic internal layout
XBOXONE-0391,PassiveEnd36_0,XBOXONE-0391 · Separate passive termination072,Mainboard,metal,1,0.25664460153516006,0.45000000000000284,1.0400000000000063,0.5500000000000007,Schematic internal layout
XBOXONE-0392,PassiveEnd36_1,XBOXONE-0392 · Separate passive termination073,Mainboard,metal,1,0.25664460153516,0.45000000000000284,1.0400000000000063,0.5500000000000007,Schematic internal layout
XBOXONE-0393,Passive37,XBOXONE-0393 · Photo-guided schematic passive body037,Mainboard,thermal,1,0.9972530964914874,2.0,1.0,0.5,Schematic internal layout
XBOXONE-0394,PassiveEnd37_0,XBOXONE-0394 · Separate passive termination074,Mainboard,metal,1,0.25664460153515944,0.4499999999999993,1.0400000000000063,0.5500000000000007,Schematic internal layout
XBOXONE-0395,PassiveEnd37_1,XBOXONE-0395 · Separate passive termination075,Mainboard,metal,1,0.2566446015351594,0.4499999999999993,1.0400000000000063,0.5500000000000007,Schematic internal layout
XBOXONE-0396,Passive38,XBOXONE-0396 · Photo-guided schematic passive body038,Mainboard,thermal,1,0.9972530964914873,2.0,1.0,0.5,Schematic internal layout
XBOXONE-0397,PassiveEnd38_0,XBOXONE-0397 · Separate passive termination076,Mainboard,metal,1,0.2566446015351574,0.44999999999998863,1.0400000000000063,0.5500000000000007,Schematic internal layout
XBOXONE-0398,PassiveEnd38_1,XBOXONE-0398 · Separate passive termination077,Mainboard,metal,1,0.25664460153515745,0.44999999999998863,1.0400000000000063,0.5500000000000007,Schematic internal layout
XBOXONE-0399,Passive39,XBOXONE-0399 · Photo-guided schematic passive body039,Mainboard,black,1,0.9972530964914873,2.0,1.0,0.5,Schematic internal layout
XBOXONE-0400,PassiveEnd39_0,XBOXONE-0400 · Separate passive termination078,Mainboard,metal,1,0.25664460153515756,0.45000000000001705,1.0400000000000063,0.5500000000000007,Schematic internal layout
XBOXONE-0401,PassiveEnd39_1,XBOXONE-0401 · Separate passive termination079,Mainboard,metal,1,0.25664460153515756,0.45000000000001705,1.0400000000000063,0.5500000000000007,Schematic internal layout
XBOXONE-0402,Passive40,XBOXONE-0402 · Photo-guided schematic passive body040,Mainboard,thermal,1,0.9972530964914873,2.0,1.0,0.5,Schematic internal layout
XBOXONE-0403,PassiveEnd40_0,XBOXONE-0403 · Separate passive termination080,Mainboard,metal,1,0.25664460153515756,0.45000000000001705,1.0400000000000063,0.5500000000000007,Schematic internal layout
XBOXONE-0404,PassiveEnd40_1,XBOXONE-0404 · Separate passive termination081,Mainboard,metal,1,0.25664460153515756,0.45000000000001705,1.0400000000000063,0.5500000000000007,Schematic internal layout
XBOXONE-0405,Passive41,XBOXONE-0405 · Photo-guided schematic passive body041,Mainboard,thermal,1,0.9972530964914873,2.0,1.0,0.5,Schematic internal layout
XBOXONE-0406,PassiveEnd41_0,XBOXONE-0406 · Separate passive termination082,Mainboard,metal,1,0.25664460153516006,0.45000000000000284,1.0400000000000063,0.5500000000000007,Schematic internal layout
XBOXONE-0407,PassiveEnd41_1,XBOXONE-0407 · Separate passive termination083,Mainboard,metal,1,0.25664460153516,0.45000000000000284,1.0400000000000063,0.5500000000000007,Schematic internal layout
XBOXONE-0408,Passive42,XBOXONE-0408 · Photo-guided schematic passive body042,Mainboard,black,1,0.9972530964914873,2.0,1.0,0.5,Schematic internal layout
XBOXONE-0409,PassiveEnd42_0,XBOXONE-0409 · Separate passive termination084,Mainboard,metal,1,0.25664460153515944,0.4499999999999993,1.0400000000000063,0.5500000000000007,Schematic internal layout
XBOXONE-0410,PassiveEnd42_1,XBOXONE-0410 · Separate passive termination085,Mainboard,metal,1,0.2566446015351594,0.4499999999999993,1.0400000000000063,0.5500000000000007,Schematic internal layout
XBOXONE-0411,Passive43,XBOXONE-0411 · Photo-guided schematic passive body043,Mainboard,thermal,1,0.9972530964914873,2.0,1.0,0.5,Schematic internal layout
XBOXONE-0412,PassiveEnd43_0,XBOXONE-0412 · Separate passive termination086,Mainboard,metal,1,0.25664460153515695,0.44999999999998863,1.0399999999999991,0.5500000000000007,Schematic internal layout
XBOXONE-0413,PassiveEnd43_1,XBOXONE-0413 · Separate passive termination087,Mainboard,metal,1,0.25664460153515695,0.44999999999998863,1.0399999999999991,0.5500000000000007,Schematic internal layout
XBOXONE-0414,Passive44,XBOXONE-0414 · Photo-guided schematic passive body044,Mainboard,thermal,1,0.9972530964914874,2.0,1.0,0.5,Schematic internal layout
XBOXONE-0415,PassiveEnd44_0,XBOXONE-0415 · Separate passive termination088,Mainboard,metal,1,0.25664460153515706,0.45000000000001705,1.0399999999999991,0.5500000000000007,Schematic internal layout
XBOXONE-0416,PassiveEnd44_1,XBOXONE-0416 · Separate passive termination089,Mainboard,metal,1,0.2566446015351571,0.45000000000001705,1.0399999999999991,0.5500000000000007,Schematic internal layout
XBOXONE-0417,Passive45,XBOXONE-0417 · Photo-guided schematic passive body045,Mainboard,black,1,0.9972530964914874,2.0,1.0,0.5,Schematic internal layout
XBOXONE-0418,PassiveEnd45_0,XBOXONE-0418 · Separate passive termination090,Mainboard,metal,1,0.2566446015351571,0.45000000000001705,1.0399999999999991,0.5500000000000007,Schematic internal layout
XBOXONE-0419,PassiveEnd45_1,XBOXONE-0419 · Separate passive termination091,Mainboard,metal,1,0.2566446015351571,0.45000000000001705,1.0399999999999991,0.5500000000000007,Schematic internal layout
XBOXONE-0420,Passive46,XBOXONE-0420 · Photo-guided schematic passive body046,Mainboard,thermal,1,0.9972530964914873,2.0,1.0,0.5,Schematic internal layout
XBOXONE-0421,PassiveEnd46_0,XBOXONE-0421 · Separate passive termination092,Mainboard,metal,1,0.25664460153515956,0.45000000000000284,1.0399999999999991,0.5500000000000007,Schematic internal layout
XBOXONE-0422,PassiveEnd46_1,XBOXONE-0422 · Separate passive termination093,Mainboard,metal,1,0.25664460153515956,0.45000000000000284,1.0399999999999991,0.5500000000000007,Schematic internal layout
XBOXONE-0423,Passive47,XBOXONE-0423 · Photo-guided schematic passive body047,Mainboard,thermal,1,0.9972530964914874,2.0,1.0,0.5,Schematic internal layout
XBOXONE-0424,PassiveEnd47_0,XBOXONE-0424 · Separate passive termination094,Mainboard,metal,1,0.25664460153515894,0.4499999999999993,1.0399999999999991,0.5500000000000007,Schematic internal layout
XBOXONE-0425,PassiveEnd47_1,XBOXONE-0425 · Separate passive termination095,Mainboard,metal,1,0.25664460153515894,0.4499999999999993,1.0399999999999991,0.5500000000000007,Schematic internal layout
XBOXONE-0426,Passive48,XBOXONE-0426 · Photo-guided schematic passive body048,Mainboard,black,1,0.9972530964914872,2.0,1.0,0.5,Schematic internal layout
XBOXONE-0427,PassiveEnd48_0,XBOXONE-0427 · Separate passive termination096,Mainboard,metal,1,0.25664460153515695,0.44999999999998863,1.0399999999999991,0.5500000000000007,Schematic internal layout
XBOXONE-0428,PassiveEnd48_1,XBOXONE-0428 · Separate passive termination097,Mainboard,metal,1,0.256644601535157,0.44999999999998863,1.0399999999999991,0.5500000000000007,Schematic internal layout
XBOXONE-0429,Passive49,XBOXONE-0429 · Photo-guided schematic passive body049,Mainboard,thermal,1,0.9972530964914875,2.0,1.0,0.5,Schematic internal layout
XBOXONE-0430,PassiveEnd49_0,XBOXONE-0430 · Separate passive termination098,Mainboard,metal,1,0.2566446015351571,0.45000000000001705,1.0399999999999991,0.5500000000000007,Schematic internal layout
XBOXONE-0431,PassiveEnd49_1,XBOXONE-0431 · Separate passive termination099,Mainboard,metal,1,0.2566446015351571,0.45000000000001705,1.0399999999999991,0.5500000000000007,Schematic internal layout
XBOXONE-0432,Passive50,XBOXONE-0432 · Photo-guided schematic passive body050,Mainboard,thermal,1,0.9972530964914875,2.0,1.0,0.5,Schematic internal layout
XBOXONE-0433,PassiveEnd50_0,XBOXONE-0433 · Separate passive termination100,Mainboard,metal,1,0.2566446015351571,0.45000000000001705,1.0399999999999991,0.5500000000000007,Schematic internal layout
XBOXONE-0434,PassiveEnd50_1,XBOXONE-0434 · Separate passive termination101,Mainboard,metal,1,0.2566446015351571,0.45000000000001705,1.0399999999999991,0.5500000000000007,Schematic internal layout
XBOXONE-0435,Passive51,XBOXONE-0435 · Photo-guided schematic passive body051,Mainboard,black,1,0.9972530964914874,2.0,1.0,0.5,Schematic internal layout
XBOXONE-0436,PassiveEnd51_0,XBOXONE-0436 · Separate passive termination102,Mainboard,metal,1,0.25664460153515956,0.45000000000000284,1.0399999999999991,0.5500000000000007,Schematic internal layout
XBOXONE-0437,PassiveEnd51_1,XBOXONE-0437 · Separate passive termination103,Mainboard,metal,1,0.25664460153515956,0.45000000000000284,1.0399999999999991,0.5500000000000007,Schematic internal layout
XBOXONE-0438,Passive52,XBOXONE-0438 · Photo-guided schematic passive body052,Mainboard,thermal,1,0.9972530964914873,2.0,1.0,0.5,Schematic internal layout
XBOXONE-0439,PassiveEnd52_0,XBOXONE-0439 · Separate passive termination104,Mainboard,metal,1,0.256644601535159,0.4499999999999993,1.0399999999999991,0.5500000000000007,Schematic internal layout
XBOXONE-0440,PassiveEnd52_1,XBOXONE-0440 · Separate passive termination105,Mainboard,metal,1,0.256644601535159,0.4499999999999993,1.0399999999999991,0.5500000000000007,Schematic internal layout
XBOXONE-0441,Passive53,XBOXONE-0441 · Photo-guided schematic passive body053,Mainboard,thermal,1,0.9972530964914873,2.0,1.0,0.5,Schematic internal layout
XBOXONE-0442,PassiveEnd53_0,XBOXONE-0442 · Separate passive termination106,Mainboard,metal,1,0.256644601535157,0.44999999999998863,1.040000000000001,0.5500000000000007,Schematic internal layout
XBOXONE-0443,PassiveEnd53_1,XBOXONE-0443 · Separate passive termination107,Mainboard,metal,1,0.25664460153515695,0.44999999999998863,1.040000000000001,0.5500000000000007,Schematic internal layout
XBOXONE-0444,Passive54,XBOXONE-0444 · Photo-guided schematic passive body054,Mainboard,black,1,0.9972530964914873,2.0,1.0,0.5,Schematic internal layout
XBOXONE-0445,PassiveEnd54_0,XBOXONE-0445 · Separate passive termination108,Mainboard,metal,1,0.25664460153515706,0.45000000000001705,1.040000000000001,0.5500000000000007,Schematic internal layout
XBOXONE-0446,PassiveEnd54_1,XBOXONE-0446 · Separate passive termination109,Mainboard,metal,1,0.2566446015351571,0.45000000000001705,1.040000000000001,0.5500000000000007,Schematic internal layout
XBOXONE-0447,Passive55,XBOXONE-0447 · Photo-guided schematic passive body055,Mainboard,thermal,1,0.9972530964914873,2.0,1.0,0.5,Schematic internal layout
XBOXONE-0448,PassiveEnd55_0,XBOXONE-0448 · Separate passive termination110,Mainboard,metal,1,0.2566446015351571,0.45000000000001705,1.040000000000001,0.5500000000000007,Schematic internal layout
XBOXONE-0449,PassiveEnd55_1,XBOXONE-0449 · Separate passive termination111,Mainboard,metal,1,0.2566446015351571,0.45000000000001705,1.040000000000001,0.5500000000000007,Schematic internal layout
XBOXONE-0450,Passive56,XBOXONE-0450 · Photo-guided schematic passive body056,Mainboard,thermal,1,0.9972530964914873,2.0,1.0,0.5,Schematic internal layout
XBOXONE-0451,PassiveEnd56_0,XBOXONE-0451 · Separate passive termination112,Mainboard,metal,1,0.25664460153515956,0.45000000000000284,1.040000000000001,0.5500000000000007,Schematic internal layout
XBOXONE-0452,PassiveEnd56_1,XBOXONE-0452 · Separate passive termination113,Mainboard,metal,1,0.25664460153515956,0.45000000000000284,1.040000000000001,0.5500000000000007,Schematic internal layout
XBOXONE-0453,Passive57,XBOXONE-0453 · Photo-guided schematic passive body057,Mainboard,black,1,0.9972530964914873,2.0,1.0,0.5,Schematic internal layout
XBOXONE-0454,PassiveEnd57_0,XBOXONE-0454 · Separate passive termination114,Mainboard,metal,1,0.25664460153515894,0.4499999999999993,1.040000000000001,0.5500000000000007,Schematic internal layout
XBOXONE-0455,PassiveEnd57_1,XBOXONE-0455 · Separate passive termination115,Mainboard,metal,1,0.25664460153515894,0.4499999999999993,1.040000000000001,0.5500000000000007,Schematic internal layout
XBOXONE-0456,Passive58,XBOXONE-0456 · Photo-guided schematic passive body058,Mainboard,thermal,1,0.9972530964914873,2.0,1.0,0.5,Schematic internal layout
XBOXONE-0457,PassiveEnd58_0,XBOXONE-0457 · Separate passive termination116,Mainboard,metal,1,0.256644601535157,0.44999999999998863,1.0400000000000005,0.5500000000000007,Schematic internal layout
XBOXONE-0458,PassiveEnd58_1,XBOXONE-0458 · Separate passive termination117,Mainboard,metal,1,0.256644601535157,0.44999999999998863,1.0400000000000005,0.5500000000000007,Schematic internal layout
XBOXONE-0459,Passive59,XBOXONE-0459 · Photo-guided schematic passive body059,Mainboard,thermal,1,0.9972530964914874,2.0,1.0,0.5,Schematic internal layout
XBOXONE-0460,PassiveEnd59_0,XBOXONE-0460 · Separate passive termination118,Mainboard,metal,1,0.25664460153515717,0.45000000000001705,1.0400000000000005,0.5500000000000007,Schematic internal layout
XBOXONE-0461,PassiveEnd59_1,XBOXONE-0461 · Separate passive termination119,Mainboard,metal,1,0.2566446015351571,0.45000000000001705,1.0400000000000005,0.5500000000000007,Schematic internal layout
XBOXONE-0462,Passive60,XBOXONE-0462 · Photo-guided schematic passive body060,Mainboard,black,1,0.9972530964914874,2.0,1.0,0.5,Schematic internal layout
XBOXONE-0463,PassiveEnd60_0,XBOXONE-0463 · Separate passive termination120,Mainboard,metal,1,0.2566446015351571,0.45000000000001705,1.0400000000000005,0.5500000000000007,Schematic internal layout
XBOXONE-0464,PassiveEnd60_1,XBOXONE-0464 · Separate passive termination121,Mainboard,metal,1,0.25664460153515717,0.45000000000001705,1.0400000000000005,0.5500000000000007,Schematic internal layout
XBOXONE-0465,Passive61,XBOXONE-0465 · Photo-guided schematic passive body061,Mainboard,thermal,1,0.9972530964914873,2.0,1.0,0.5,Schematic internal layout
XBOXONE-0466,PassiveEnd61_0,XBOXONE-0466 · Separate passive termination122,Mainboard,metal,1,0.2566446015351596,0.45000000000000284,1.0400000000000005,0.5500000000000007,Schematic internal layout
XBOXONE-0467,PassiveEnd61_1,XBOXONE-0467 · Separate passive termination123,Mainboard,metal,1,0.2566446015351596,0.45000000000000284,1.0400000000000005,0.5500000000000007,Schematic internal layout
XBOXONE-0468,Passive62,XBOXONE-0468 · Photo-guided schematic passive body062,Mainboard,thermal,1,0.9972530964914874,2.0,1.0,0.5,Schematic internal layout
XBOXONE-0469,PassiveEnd62_0,XBOXONE-0469 · Separate passive termination124,Mainboard,metal,1,0.256644601535159,0.4499999999999993,1.0400000000000005,0.5500000000000007,Schematic internal layout
XBOXONE-0470,PassiveEnd62_1,XBOXONE-0470 · Separate passive termination125,Mainboard,metal,1,0.256644601535159,0.4499999999999993,1.0400000000000005,0.5500000000000007,Schematic internal layout
XBOXONE-0471,Passive63,XBOXONE-0471 · Photo-guided schematic passive body063,Mainboard,black,1,0.9972530964914873,2.0,1.0,0.5,Schematic internal layout
XBOXONE-0472,PassiveEnd63_0,XBOXONE-0472 · Separate passive termination126,Mainboard,metal,1,0.256644601535157,0.44999999999998863,1.0399999999999991,0.5500000000000007,Schematic internal layout
XBOXONE-0473,PassiveEnd63_1,XBOXONE-0473 · Separate passive termination127,Mainboard,metal,1,0.25664460153515695,0.44999999999998863,1.0399999999999991,0.5500000000000007,Schematic internal layout
XBOXONE-0474,Passive64,XBOXONE-0474 · Photo-guided schematic passive body064,Mainboard,thermal,1,0.9972530964914874,2.0,1.0,0.5,Schematic internal layout
XBOXONE-0475,PassiveEnd64_0,XBOXONE-0475 · Separate passive termination128,Mainboard,metal,1,0.2566446015351571,0.45000000000001705,1.0399999999999991,0.5500000000000007,Schematic internal layout
XBOXONE-0476,PassiveEnd64_1,XBOXONE-0476 · Separate passive termination129,Mainboard,metal,1,0.2566446015351571,0.45000000000001705,1.0399999999999991,0.5500000000000007,Schematic internal layout
XBOXONE-0477,Passive65,XBOXONE-0477 · Photo-guided schematic passive body065,Mainboard,thermal,1,0.9972530964914874,2.0,1.0,0.5,Schematic internal layout
XBOXONE-0478,PassiveEnd65_0,XBOXONE-0478 · Separate passive termination130,Mainboard,metal,1,0.2566446015351571,0.45000000000001705,1.0399999999999991,0.5500000000000007,Schematic internal layout
XBOXONE-0479,PassiveEnd65_1,XBOXONE-0479 · Separate passive termination131,Mainboard,metal,1,0.2566446015351571,0.45000000000001705,1.0399999999999991,0.5500000000000007,Schematic internal layout
XBOXONE-0480,Passive66,XBOXONE-0480 · Photo-guided schematic passive body066,Mainboard,black,1,0.9972530964914873,2.0,1.0,0.5,Schematic internal layout
XBOXONE-0481,PassiveEnd66_0,XBOXONE-0481 · Separate passive termination132,Mainboard,metal,1,0.25664460153515956,0.45000000000000284,1.0399999999999991,0.5500000000000007,Schematic internal layout
XBOXONE-0482,PassiveEnd66_1,XBOXONE-0482 · Separate passive termination133,Mainboard,metal,1,0.25664460153515956,0.45000000000000284,1.0399999999999991,0.5500000000000007,Schematic internal layout
XBOXONE-0483,Passive67,XBOXONE-0483 · Photo-guided schematic passive body067,Mainboard,thermal,1,0.9972530964914874,2.0,1.0,0.5,Schematic internal layout
XBOXONE-0484,PassiveEnd67_0,XBOXONE-0484 · Separate passive termination134,Mainboard,metal,1,0.25664460153515894,0.4499999999999993,1.0399999999999991,0.5500000000000007,Schematic internal layout
XBOXONE-0485,PassiveEnd67_1,XBOXONE-0485 · Separate passive termination135,Mainboard,metal,1,0.25664460153515894,0.4499999999999993,1.0399999999999991,0.5500000000000007,Schematic internal layout
XBOXONE-0486,Passive68,XBOXONE-0486 · Photo-guided schematic passive body068,Mainboard,thermal,1,0.9972530964914873,2.0,1.0,0.5,Schematic internal layout
XBOXONE-0487,PassiveEnd68_0,XBOXONE-0487 · Separate passive termination136,Mainboard,metal,1,0.25664460153515695,0.44999999999998863,1.0399999999999991,0.5500000000000007,Schematic internal layout
XBOXONE-0488,PassiveEnd68_1,XBOXONE-0488 · Separate passive termination137,Mainboard,metal,1,0.25664460153515695,0.44999999999998863,1.0399999999999991,0.5500000000000007,Schematic internal layout
XBOXONE-0489,Passive69,XBOXONE-0489 · Photo-guided schematic passive body069,Mainboard,black,1,0.9972530964914874,2.0,1.0,0.5,Schematic internal layout
XBOXONE-0490,PassiveEnd69_0,XBOXONE-0490 · Separate passive termination138,Mainboard,metal,1,0.25664460153515706,0.45000000000001705,1.0399999999999991,0.5500000000000007,Schematic internal layout
XBOXONE-0491,PassiveEnd69_1,XBOXONE-0491 · Separate passive termination139,Mainboard,metal,1,0.2566446015351571,0.45000000000001705,1.0399999999999991,0.5500000000000007,Schematic internal layout
XBOXONE-0492,Passive70,XBOXONE-0492 · Photo-guided schematic passive body070,Mainboard,thermal,1,0.9972530964914874,2.0,1.0,0.5,Schematic internal layout
XBOXONE-0493,PassiveEnd70_0,XBOXONE-0493 · Separate passive termination140,Mainboard,metal,1,0.2566446015351571,0.45000000000001705,1.0399999999999991,0.5500000000000007,Schematic internal layout
XBOXONE-0494,PassiveEnd70_1,XBOXONE-0494 · Separate passive termination141,Mainboard,metal,1,0.2566446015351571,0.45000000000001705,1.0399999999999991,0.5500000000000007,Schematic internal layout
XBOXONE-0495,Passive71,XBOXONE-0495 · Photo-guided schematic passive body071,Mainboard,thermal,1,0.9972530964914873,2.0,1.0,0.5,Schematic internal layout
XBOXONE-0496,PassiveEnd71_0,XBOXONE-0496 · Separate passive termination142,Mainboard,metal,1,0.25664460153515956,0.45000000000000284,1.0399999999999991,0.5500000000000007,Schematic internal layout
XBOXONE-0497,PassiveEnd71_1,XBOXONE-0497 · Separate passive termination143,Mainboard,metal,1,0.25664460153515956,0.45000000000000284,1.0399999999999991,0.5500000000000007,Schematic internal layout
XBOXONE-0498,Passive72,XBOXONE-0498 · Photo-guided schematic passive body072,Mainboard,black,1,0.9972530964914874,2.0,1.0,0.5,Schematic internal layout
XBOXONE-0499,PassiveEnd72_0,XBOXONE-0499 · Separate passive termination144,Mainboard,metal,1,0.25664460153515894,0.4499999999999993,1.0399999999999991,0.5500000000000007,Schematic internal layout
XBOXONE-0500,PassiveEnd72_1,XBOXONE-0500 · Separate passive termination145,Mainboard,metal,1,0.25664460153515894,0.4499999999999993,1.0399999999999991,0.5500000000000007,Schematic internal layout
XBOXONE-0501,Passive73,XBOXONE-0501 · Photo-guided schematic passive body073,Mainboard,thermal,1,0.9972530964914874,2.0,1.0,0.5,Schematic internal layout
XBOXONE-0502,PassiveEnd73_0,XBOXONE-0502 · Separate passive termination146,Mainboard,metal,1,0.25664460153515956,0.45000000000000284,1.0399999999999991,0.5500000000000007,Schematic internal layout
XBOXONE-0503,PassiveEnd73_1,XBOXONE-0503 · Separate passive termination147,Mainboard,metal,1,0.25664460153515956,0.45000000000000284,1.0399999999999991,0.5500000000000007,Schematic internal layout
XBOXONE-0504,Passive74,XBOXONE-0504 · Photo-guided schematic passive body074,Mainboard,thermal,1,0.9972530964914873,2.0,1.0,0.5,Schematic internal layout
XBOXONE-0505,PassiveEnd74_0,XBOXONE-0505 · Separate passive termination148,Mainboard,metal,1,0.25664460153515956,0.45000000000000284,1.0399999999999991,0.5500000000000007,Schematic internal layout
XBOXONE-0506,PassiveEnd74_1,XBOXONE-0506 · Separate passive termination149,Mainboard,metal,1,0.2566446015351595,0.45000000000000284,1.0399999999999991,0.5500000000000007,Schematic internal layout
XBOXONE-0507,Passive75,XBOXONE-0507 · Photo-guided schematic passive body075,Mainboard,black,1,0.9972530964914874,2.0,1.0,0.5,Schematic internal layout
XBOXONE-0508,PassiveEnd75_0,XBOXONE-0508 · Separate passive termination150,Mainboard,metal,1,0.2566446015351571,0.45000000000001705,1.0399999999999991,0.5500000000000007,Schematic internal layout
XBOXONE-0509,PassiveEnd75_1,XBOXONE-0509 · Separate passive termination151,Mainboard,metal,1,0.25664460153515706,0.45000000000001705,1.0399999999999991,0.5500000000000007,Schematic internal layout
XBOXONE-0510,Passive76,XBOXONE-0510 · Photo-guided schematic passive body076,Mainboard,thermal,1,0.9972530964914874,2.0,1.0,0.5,Schematic internal layout
XBOXONE-0511,PassiveEnd76_0,XBOXONE-0511 · Separate passive termination152,Mainboard,metal,1,0.2566446015351571,0.45000000000001705,1.0399999999999991,0.5500000000000007,Schematic internal layout
XBOXONE-0512,PassiveEnd76_1,XBOXONE-0512 · Separate passive termination153,Mainboard,metal,1,0.2566446015351571,0.45000000000001705,1.0399999999999991,0.5500000000000007,Schematic internal layout
XBOXONE-0513,Passive77,XBOXONE-0513 · Photo-guided schematic passive body077,Mainboard,thermal,1,0.9972530964914873,2.0,1.0,0.5,Schematic internal layout
XBOXONE-0514,PassiveEnd77_0,XBOXONE-0514 · Separate passive termination154,Mainboard,metal,1,0.2566446015351574,0.44999999999998863,1.0400000000000063,0.5500000000000007,Schematic internal layout
XBOXONE-0515,PassiveEnd77_1,XBOXONE-0515 · Separate passive termination155,Mainboard,metal,1,0.25664460153515745,0.44999999999998863,1.0400000000000063,0.5500000000000007,Schematic internal layout
XBOXONE-0516,Passive78,XBOXONE-0516 · Photo-guided schematic passive body078,Mainboard,black,1,0.9972530964914873,2.0,1.0,0.5,Schematic internal layout
XBOXONE-0517,PassiveEnd78_0,XBOXONE-0517 · Separate passive termination156,Mainboard,metal,1,0.25664460153515756,0.45000000000001705,1.0400000000000063,0.5500000000000007,Schematic internal layout
XBOXONE-0518,PassiveEnd78_1,XBOXONE-0518 · Separate passive termination157,Mainboard,metal,1,0.25664460153515756,0.45000000000001705,1.0400000000000063,0.5500000000000007,Schematic internal layout
XBOXONE-0519,Passive79,XBOXONE-0519 · Photo-guided schematic passive body079,Mainboard,thermal,1,0.9972530964914873,2.0,1.0,0.5,Schematic internal layout
XBOXONE-0520,PassiveEnd79_0,XBOXONE-0520 · Separate passive termination158,Mainboard,metal,1,0.25664460153515756,0.45000000000001705,1.0400000000000063,0.5500000000000007,Schematic internal layout
XBOXONE-0521,PassiveEnd79_1,XBOXONE-0521 · Separate passive termination159,Mainboard,metal,1,0.25664460153515756,0.45000000000001705,1.0400000000000063,0.5500000000000007,Schematic internal layout
XBOXONE-0522,Passive80,XBOXONE-0522 · Photo-guided schematic passive body080,Mainboard,thermal,1,0.9972530964914873,2.0,1.0,0.5,Schematic internal layout
XBOXONE-0523,PassiveEnd80_0,XBOXONE-0523 · Separate passive termination160,Mainboard,metal,1,0.25664460153516006,0.45000000000000284,1.0400000000000063,0.5500000000000007,Schematic internal layout
XBOXONE-0524,PassiveEnd80_1,XBOXONE-0524 · Separate passive termination161,Mainboard,metal,1,0.25664460153516,0.45000000000000284,1.0400000000000063,0.5500000000000007,Schematic internal layout
XBOXONE-0525,Passive81,XBOXONE-0525 · Photo-guided schematic passive body081,Mainboard,black,1,0.9972530964914873,2.0,1.0,0.5,Schematic internal layout
XBOXONE-0526,PassiveEnd81_0,XBOXONE-0526 · Separate passive termination162,Mainboard,metal,1,0.25664460153515944,0.4499999999999993,1.0400000000000063,0.5500000000000007,Schematic internal layout
XBOXONE-0527,PassiveEnd81_1,XBOXONE-0527 · Separate passive termination163,Mainboard,metal,1,0.2566446015351594,0.4499999999999993,1.0400000000000063,0.5500000000000007,Schematic internal layout
XBOXONE-0528,Passive82,XBOXONE-0528 · Photo-guided schematic passive body082,Mainboard,thermal,1,0.9972530964914874,2.0,1.0,0.5,Schematic internal layout
XBOXONE-0529,PassiveEnd82_0,XBOXONE-0529 · Separate passive termination164,Mainboard,metal,1,0.25664460153516006,0.45000000000000284,1.0400000000000063,0.5500000000000007,Schematic internal layout
XBOXONE-0530,PassiveEnd82_1,XBOXONE-0530 · Separate passive termination165,Mainboard,metal,1,0.25664460153516006,0.45000000000000284,1.0400000000000063,0.5500000000000007,Schematic internal layout
XBOXONE-0531,Passive83,XBOXONE-0531 · Photo-guided schematic passive body083,Mainboard,thermal,1,0.9972530964914873,2.0,1.0,0.5,Schematic internal layout
XBOXONE-0532,PassiveEnd83_0,XBOXONE-0532 · Separate passive termination166,Mainboard,metal,1,0.25664460153516006,0.45000000000000284,1.0400000000000063,0.5500000000000007,Schematic internal layout
XBOXONE-0533,PassiveEnd83_1,XBOXONE-0533 · Separate passive termination167,Mainboard,metal,1,0.25664460153516,0.45000000000000284,1.0400000000000063,0.5500000000000007,Schematic internal layout
XBOXONE-0534,Passive84,XBOXONE-0534 · Photo-guided schematic passive body084,Mainboard,black,1,0.9972530964914873,2.0,1.0,0.5,Schematic internal layout
XBOXONE-0535,PassiveEnd84_0,XBOXONE-0535 · Separate passive termination168,Mainboard,metal,1,0.25664460153515756,0.45000000000001705,1.0400000000000063,0.5500000000000007,Schematic internal layout
XBOXONE-0536,PassiveEnd84_1,XBOXONE-0536 · Separate passive termination169,Mainboard,metal,1,0.25664460153515756,0.45000000000001705,1.0400000000000063,0.5500000000000007,Schematic internal layout
XBOXONE-0537,Passive85,XBOXONE-0537 · Photo-guided schematic passive body085,Mainboard,thermal,1,0.9972530964914873,2.0,1.0,0.5,Schematic internal layout
XBOXONE-0538,PassiveEnd85_0,XBOXONE-0538 · Separate passive termination170,Mainboard,metal,1,0.25664460153515756,0.45000000000001705,1.0400000000000063,0.5500000000000007,Schematic internal layout
XBOXONE-0539,PassiveEnd85_1,XBOXONE-0539 · Separate passive termination171,Mainboard,metal,1,0.25664460153515756,0.45000000000001705,1.0400000000000063,0.5500000000000007,Schematic internal layout
XBOXONE-0540,Passive86,XBOXONE-0540 · Photo-guided schematic passive body086,Mainboard,thermal,1,0.9972530964914873,2.0,1.0,0.5,Schematic internal layout
XBOXONE-0541,PassiveEnd86_0,XBOXONE-0541 · Separate passive termination172,Mainboard,metal,1,0.2566446015351574,0.44999999999998863,1.0400000000000063,0.5500000000000007,Schematic internal layout
XBOXONE-0542,PassiveEnd86_1,XBOXONE-0542 · Separate passive termination173,Mainboard,metal,1,0.25664460153515745,0.44999999999998863,1.0400000000000063,0.5500000000000007,Schematic internal layout
XBOXONE-0543,Passive87,XBOXONE-0543 · Photo-guided schematic passive body087,Mainboard,black,1,0.9972530964914874,2.0,1.0,0.5,Schematic internal layout
XBOXONE-0544,PassiveEnd87_0,XBOXONE-0544 · Separate passive termination174,Mainboard,metal,1,0.25664460153515756,0.45000000000001705,1.0400000000000063,0.5500000000000007,Schematic internal layout
XBOXONE-0545,PassiveEnd87_1,XBOXONE-0545 · Separate passive termination175,Mainboard,metal,1,0.25664460153515756,0.45000000000001705,1.0400000000000063,0.5500000000000007,Schematic internal layout
XBOXONE-0546,Passive88,XBOXONE-0546 · Photo-guided schematic passive body088,Mainboard,thermal,1,0.9972530964914874,2.0,1.0,0.5,Schematic internal layout
XBOXONE-0547,PassiveEnd88_0,XBOXONE-0547 · Separate passive termination176,Mainboard,metal,1,0.25664460153515756,0.45000000000001705,1.0400000000000063,0.5500000000000007,Schematic internal layout
XBOXONE-0548,PassiveEnd88_1,XBOXONE-0548 · Separate passive termination177,Mainboard,metal,1,0.25664460153515756,0.45000000000001705,1.0400000000000063,0.5500000000000007,Schematic internal layout
XBOXONE-0549,Passive89,XBOXONE-0549 · Photo-guided schematic passive body089,Mainboard,thermal,1,0.9972530964914873,2.0,1.0,0.5,Schematic internal layout
XBOXONE-0550,PassiveEnd89_0,XBOXONE-0550 · Separate passive termination178,Mainboard,metal,1,0.25664460153516006,0.45000000000000284,1.0400000000000063,0.5500000000000007,Schematic internal layout
XBOXONE-0551,PassiveEnd89_1,XBOXONE-0551 · Separate passive termination179,Mainboard,metal,1,0.25664460153516,0.45000000000000284,1.0400000000000063,0.5500000000000007,Schematic internal layout
XBOXONE-0552,Passive90,XBOXONE-0552 · Photo-guided schematic passive body090,Mainboard,black,1,0.9972530964914874,2.0,1.0,0.5,Schematic internal layout
XBOXONE-0553,PassiveEnd90_0,XBOXONE-0553 · Separate passive termination180,Mainboard,metal,1,0.25664460153515944,0.4499999999999993,1.0400000000000063,0.5500000000000007,Schematic internal layout
XBOXONE-0554,PassiveEnd90_1,XBOXONE-0554 · Separate passive termination181,Mainboard,metal,1,0.2566446015351594,0.4499999999999993,1.0400000000000063,0.5500000000000007,Schematic internal layout
XBOXONE-0555,Passive91,XBOXONE-0555 · Photo-guided schematic passive body091,Mainboard,thermal,1,0.9972530964914874,2.0,1.0,0.5,Schematic internal layout
XBOXONE-0556,PassiveEnd91_0,XBOXONE-0556 · Separate passive termination182,Mainboard,metal,1,0.25664460153516006,0.45000000000000284,1.0400000000000063,0.5500000000000007,Schematic internal layout
XBOXONE-0557,PassiveEnd91_1,XBOXONE-0557 · Separate passive termination183,Mainboard,metal,1,0.25664460153516006,0.45000000000000284,1.0400000000000063,0.5500000000000007,Schematic internal layout
XBOXONE-0558,Passive92,XBOXONE-0558 · Photo-guided schematic passive body092,Mainboard,thermal,1,0.9972530964914873,2.0,1.0,0.5,Schematic internal layout
XBOXONE-0559,PassiveEnd92_0,XBOXONE-0559 · Separate passive termination184,Mainboard,metal,1,0.2566446015351574,0.44999999999998863,1.0400000000000063,0.5500000000000007,Schematic internal layout
XBOXONE-0560,PassiveEnd92_1,XBOXONE-0560 · Separate passive termination185,Mainboard,metal,1,0.2566446015351574,0.44999999999998863,1.0400000000000063,0.5500000000000007,Schematic internal layout
XBOXONE-0561,Passive93,XBOXONE-0561 · Photo-guided schematic passive body093,Mainboard,black,1,0.9972530964914873,2.0,1.0,0.5,Schematic internal layout
XBOXONE-0562,PassiveEnd93_0,XBOXONE-0562 · Separate passive termination186,Mainboard,metal,1,0.25664460153515745,0.44999999999998863,1.0400000000000063,0.5500000000000007,Schematic internal layout
XBOXONE-0563,PassiveEnd93_1,XBOXONE-0563 · Separate passive termination187,Mainboard,metal,1,0.25664460153515745,0.44999999999998863,1.0400000000000063,0.5500000000000007,Schematic internal layout
XBOXONE-0564,Passive94,XBOXONE-0564 · Photo-guided schematic passive body094,Mainboard,thermal,1,0.9972530964914874,2.0,1.0,0.5,Schematic internal layout
XBOXONE-0565,PassiveEnd94_0,XBOXONE-0565 · Separate passive termination188,Mainboard,metal,1,0.25664460153515756,0.45000000000001705,1.0400000000000063,0.5500000000000007,Schematic internal layout
XBOXONE-0566,PassiveEnd94_1,XBOXONE-0566 · Separate passive termination189,Mainboard,metal,1,0.25664460153515756,0.45000000000001705,1.0400000000000063,0.5500000000000007,Schematic internal layout
XBOXONE-0567,Passive95,XBOXONE-0567 · Photo-guided schematic passive body095,Mainboard,thermal,1,0.9972530964914875,2.0,1.0,0.5,Schematic internal layout
XBOXONE-0568,PassiveEnd95_0,XBOXONE-0568 · Separate passive termination190,Mainboard,metal,1,0.25664460153515756,0.45000000000001705,1.0400000000000063,0.5500000000000007,Schematic internal layout
XBOXONE-0569,PassiveEnd95_1,XBOXONE-0569 · Separate passive termination191,Mainboard,metal,1,0.2566446015351576,0.45000000000001705,1.0400000000000063,0.5500000000000007,Schematic internal layout
XBOXONE-0570,Passive96,XBOXONE-0570 · Photo-guided schematic passive body096,Mainboard,black,1,0.9972530964914873,2.0,1.0,0.5,Schematic internal layout
XBOXONE-0571,PassiveEnd96_0,XBOXONE-0571 · Separate passive termination192,Mainboard,metal,1,0.25664460153516006,0.45000000000000284,1.0400000000000063,0.5500000000000007,Schematic internal layout
XBOXONE-0572,PassiveEnd96_1,XBOXONE-0572 · Separate passive termination193,Mainboard,metal,1,0.25664460153516006,0.45000000000000284,1.0400000000000063,0.5500000000000007,Schematic internal layout
XBOXONE-0573,Passive97,XBOXONE-0573 · Photo-guided schematic passive body097,Mainboard,thermal,1,0.9972530964914874,2.0,1.0,0.5,Schematic internal layout
XBOXONE-0574,PassiveEnd97_0,XBOXONE-0574 · Separate passive termination194,Mainboard,metal,1,0.25664460153516006,0.45000000000000284,1.0400000000000063,0.5500000000000007,Schematic internal layout
XBOXONE-0575,PassiveEnd97_1,XBOXONE-0575 · Separate passive termination195,Mainboard,metal,1,0.25664460153516006,0.45000000000000284,1.0400000000000063,0.5500000000000007,Schematic internal layout
XBOXONE-0576,Passive98,XBOXONE-0576 · Photo-guided schematic passive body098,Mainboard,thermal,1,0.9972530964914874,2.0,1.0,0.5,Schematic internal layout
XBOXONE-0577,PassiveEnd98_0,XBOXONE-0577 · Separate passive termination196,Mainboard,metal,1,0.2566446015351576,0.45000000000001705,1.0400000000000063,0.5500000000000007,Schematic internal layout
XBOXONE-0578,PassiveEnd98_1,XBOXONE-0578 · Separate passive termination197,Mainboard,metal,1,0.25664460153515756,0.45000000000001705,1.0400000000000063,0.5500000000000007,Schematic internal layout
XBOXONE-0579,Passive99,XBOXONE-0579 · Photo-guided schematic passive body099,Mainboard,black,1,0.9972530964914874,2.0,1.0,0.5,Schematic internal layout
XBOXONE-0580,PassiveEnd99_0,XBOXONE-0580 · Separate passive termination198,Mainboard,metal,1,0.2566446015351576,0.45000000000001705,1.0400000000000063,0.5500000000000007,Schematic internal layout
XBOXONE-0581,PassiveEnd99_1,XBOXONE-0581 · Separate passive termination199,Mainboard,metal,1,0.25664460153515756,0.45000000000001705,1.0400000000000063,0.5500000000000007,Schematic internal layout
XBOXONE-0582,Passive100,XBOXONE-0582 · Photo-guided schematic passive body100,Mainboard,thermal,1,0.9972530964914873,2.0,1.0,0.5,Schematic internal layout
XBOXONE-0583,PassiveEnd100_0,XBOXONE-0583 · Separate passive termination200,Mainboard,metal,1,0.256644601535157,0.44999999999998863,1.0400000000000134,0.5500000000000007,Schematic internal layout
XBOXONE-0584,PassiveEnd100_1,XBOXONE-0584 · Separate passive termination201,Mainboard,metal,1,0.256644601535157,0.44999999999998863,1.0400000000000134,0.5500000000000007,Schematic internal layout
XBOXONE-0585,Passive101,XBOXONE-0585 · Photo-guided schematic passive body101,Mainboard,thermal,1,0.9972530964914875,2.0,1.0,0.5,Schematic internal layout
XBOXONE-0586,PassiveEnd101_0,XBOXONE-0586 · Separate passive termination202,Mainboard,metal,1,0.2566446015351571,0.45000000000001705,1.0400000000000134,0.5500000000000007,Schematic internal layout
XBOXONE-0587,PassiveEnd101_1,XBOXONE-0587 · Separate passive termination203,Mainboard,metal,1,0.2566446015351571,0.45000000000001705,1.0400000000000134,0.5500000000000007,Schematic internal layout
XBOXONE-0588,Passive102,XBOXONE-0588 · Photo-guided schematic passive body102,Mainboard,black,1,0.9972530964914874,2.0,1.0,0.5,Schematic internal layout
XBOXONE-0589,PassiveEnd102_0,XBOXONE-0589 · Separate passive termination204,Mainboard,metal,1,0.25664460153515956,0.45000000000000284,1.0400000000000134,0.5500000000000007,Schematic internal layout
XBOXONE-0590,PassiveEnd102_1,XBOXONE-0590 · Separate passive termination205,Mainboard,metal,1,0.2566446015351596,0.45000000000000284,1.0400000000000134,0.5500000000000007,Schematic internal layout
XBOXONE-0591,Passive103,XBOXONE-0591 · Photo-guided schematic passive body103,Mainboard,thermal,1,0.9972530964914874,2.0,1.0,0.5,Schematic internal layout
XBOXONE-0592,PassiveEnd103_0,XBOXONE-0592 · Separate passive termination206,Mainboard,metal,1,0.2566446015351596,0.45000000000000284,1.0400000000000134,0.5500000000000007,Schematic internal layout
XBOXONE-0593,PassiveEnd103_1,XBOXONE-0593 · Separate passive termination207,Mainboard,metal,1,0.2566446015351596,0.45000000000000284,1.0400000000000134,0.5500000000000007,Schematic internal layout
XBOXONE-0594,Passive104,XBOXONE-0594 · Photo-guided schematic passive body104,Mainboard,thermal,1,0.9972530964914874,2.0,1.0,0.5,Schematic internal layout
XBOXONE-0595,PassiveEnd104_0,XBOXONE-0595 · Separate passive termination208,Mainboard,metal,1,0.25664460153515956,0.45000000000000284,1.0400000000000134,0.5500000000000007,Schematic internal layout
XBOXONE-0596,PassiveEnd104_1,XBOXONE-0596 · Separate passive termination209,Mainboard,metal,1,0.25664460153515956,0.45000000000000284,1.0400000000000134,0.5500000000000007,Schematic internal layout
XBOXONE-0597,Passive105,XBOXONE-0597 · Photo-guided schematic passive body105,Mainboard,black,1,0.9972530964914875,2.0,1.0,0.5,Schematic internal layout
XBOXONE-0598,PassiveEnd105_0,XBOXONE-0598 · Separate passive termination210,Mainboard,metal,1,0.25664460153515717,0.45000000000001705,1.0400000000000134,0.5500000000000007,Schematic internal layout
XBOXONE-0599,PassiveEnd105_1,XBOXONE-0599 · Separate passive termination211,Mainboard,metal,1,0.2566446015351571,0.45000000000001705,1.0400000000000134,0.5500000000000007,Schematic internal layout
XBOXONE-0600,Passive106,XBOXONE-0600 · Photo-guided schematic passive body106,Mainboard,thermal,1,0.9972530964914875,2.0,1.0,0.5,Schematic internal layout
XBOXONE-0601,PassiveEnd106_0,XBOXONE-0601 · Separate passive termination212,Mainboard,metal,1,0.2566446015351571,0.45000000000001705,1.0400000000000134,0.5500000000000007,Schematic internal layout
XBOXONE-0602,PassiveEnd106_1,XBOXONE-0602 · Separate passive termination213,Mainboard,metal,1,0.2566446015351571,0.45000000000001705,1.0400000000000134,0.5500000000000007,Schematic internal layout
XBOXONE-0603,Passive107,XBOXONE-0603 · Photo-guided schematic passive body107,Mainboard,thermal,1,0.9972530964914873,2.0,1.0,0.5,Schematic internal layout
XBOXONE-0604,PassiveEnd107_0,XBOXONE-0604 · Separate passive termination214,Mainboard,metal,1,0.25664460153515656,0.44999999999998863,1.0400000000000205,0.5500000000000007,Schematic internal layout
XBOXONE-0605,PassiveEnd107_1,XBOXONE-0605 · Separate passive termination215,Mainboard,metal,1,0.25664460153515656,0.44999999999998863,1.0400000000000205,0.5500000000000007,Schematic internal layout
XBOXONE-0606,Passive108,XBOXONE-0606 · Photo-guided schematic passive body108,Mainboard,black,1,0.9972530964914876,2.0,1.0,0.5,Schematic internal layout
XBOXONE-0607,PassiveEnd108_0,XBOXONE-0607 · Separate passive termination216,Mainboard,metal,1,0.2566446015351567,0.45000000000001705,1.0400000000000205,0.5500000000000007,Schematic internal layout
XBOXONE-0608,PassiveEnd108_1,XBOXONE-0608 · Separate passive termination217,Mainboard,metal,1,0.25664460153515667,0.45000000000001705,1.0400000000000205,0.5500000000000007,Schematic internal layout
XBOXONE-0609,Passive109,XBOXONE-0609 · Photo-guided schematic passive body109,Mainboard,thermal,1,0.9972530964914874,2.0,1.0,0.5,Schematic internal layout
XBOXONE-0610,PassiveEnd109_0,XBOXONE-0610 · Separate passive termination218,Mainboard,metal,1,0.2566446015351591,0.45000000000000284,1.0400000000000205,0.5500000000000007,Schematic internal layout
XBOXONE-0611,PassiveEnd109_1,XBOXONE-0611 · Separate passive termination219,Mainboard,metal,1,0.2566446015351592,0.45000000000000284,1.0400000000000205,0.5500000000000007,Schematic internal layout
XBOXONE-0612,Passive110,XBOXONE-0612 · Photo-guided schematic passive body110,Mainboard,thermal,1,0.9972530964914876,2.0,1.0,0.5,Schematic internal layout
XBOXONE-0613,PassiveEnd110_0,XBOXONE-0613 · Separate passive termination220,Mainboard,metal,1,0.25664460153515917,0.45000000000000284,1.0400000000000205,0.5500000000000007,Schematic internal layout
XBOXONE-0614,PassiveEnd110_1,XBOXONE-0614 · Separate passive termination221,Mainboard,metal,1,0.2566446015351592,0.45000000000000284,1.0400000000000205,0.5500000000000007,Schematic internal layout
XBOXONE-0615,Passive111,XBOXONE-0615 · Photo-guided schematic passive body111,Mainboard,black,1,0.9972530964914876,2.0,1.0,0.5,Schematic internal layout
XBOXONE-0616,PassiveEnd111_0,XBOXONE-0616 · Separate passive termination222,Mainboard,metal,1,0.2566446015351591,0.45000000000000284,1.0400000000000205,0.5500000000000007,Schematic internal layout
XBOXONE-0617,PassiveEnd111_1,XBOXONE-0617 · Separate passive termination223,Mainboard,metal,1,0.25664460153515667,0.45000000000001705,1.0400000000000205,0.5500000000000007,Schematic internal layout
XBOXONE-0618,Passive112,XBOXONE-0618 · Photo-guided schematic passive body112,Mainboard,thermal,1,0.9972530964914876,2.0,1.0,0.5,Schematic internal layout
XBOXONE-0619,PassiveEnd112_0,XBOXONE-0619 · Separate passive termination224,Mainboard,metal,1,0.25664460153515667,0.45000000000001705,1.0400000000000205,0.5500000000000007,Schematic internal layout
XBOXONE-0620,PassiveEnd112_1,XBOXONE-0620 · Separate passive termination225,Mainboard,metal,1,0.2566446015351567,0.45000000000001705,1.0400000000000205,0.5500000000000007,Schematic internal layout
XBOXONE-0621,Passive113,XBOXONE-0621 · Photo-guided schematic passive body113,Mainboard,thermal,1,0.9972530964914873,2.0,1.0,0.5,Schematic internal layout
XBOXONE-0622,PassiveEnd113_0,XBOXONE-0622 · Separate passive termination226,Mainboard,metal,1,0.25664460153515656,0.44999999999998863,1.0400000000000205,0.5500000000000007,Schematic internal layout
XBOXONE-0623,PassiveEnd113_1,XBOXONE-0623 · Separate passive termination227,Mainboard,metal,1,0.25664460153515656,0.44999999999998863,1.0400000000000205,0.5500000000000007,Schematic internal layout
XBOXONE-0624,Passive114,XBOXONE-0624 · Photo-guided schematic passive body114,Mainboard,black,1,0.9972530964914873,2.0,1.0,0.5,Schematic internal layout
XBOXONE-0625,PassiveEnd114_0,XBOXONE-0625 · Separate passive termination228,Mainboard,metal,1,0.25664460153515656,0.44999999999998863,1.0400000000000205,0.5500000000000007,Schematic internal layout
XBOXONE-0626,PassiveEnd114_1,XBOXONE-0626 · Separate passive termination229,Mainboard,metal,1,0.25664460153515656,0.44999999999998863,1.0400000000000205,0.5500000000000007,Schematic internal layout
XBOXONE-0627,Passive115,XBOXONE-0627 · Photo-guided schematic passive body115,Mainboard,thermal,1,0.9972530964914876,2.0,1.0,0.5,Schematic internal layout
XBOXONE-0628,PassiveEnd115_0,XBOXONE-0628 · Separate passive termination230,Mainboard,metal,1,0.25664460153515667,0.45000000000001705,1.0400000000000205,0.5500000000000007,Schematic internal layout
XBOXONE-0629,PassiveEnd115_1,XBOXONE-0629 · Separate passive termination231,Mainboard,metal,1,0.25664460153515667,0.45000000000001705,1.0400000000000205,0.5500000000000007,Schematic internal layout
XBOXONE-0630,Passive116,XBOXONE-0630 · Photo-guided schematic passive body116,Mainboard,thermal,1,0.9972530964914876,2.0,1.0,0.5,Schematic internal layout
XBOXONE-0631,PassiveEnd116_0,XBOXONE-0631 · Separate passive termination232,Mainboard,metal,1,0.25664460153515667,0.45000000000001705,1.0400000000000205,0.5500000000000007,Schematic internal layout
XBOXONE-0632,PassiveEnd116_1,XBOXONE-0632 · Separate passive termination233,Mainboard,metal,1,0.25664460153515667,0.45000000000001705,1.0400000000000205,0.5500000000000007,Schematic internal layout
XBOXONE-0633,Passive117,XBOXONE-0633 · Photo-guided schematic passive body117,Mainboard,black,1,0.9972530964914874,2.0,1.0,0.5,Schematic internal layout
XBOXONE-0634,PassiveEnd117_0,XBOXONE-0634 · Separate passive termination234,Mainboard,metal,1,0.2566446015351591,0.45000000000000284,1.0400000000000205,0.5500000000000007,Schematic internal layout
XBOXONE-0635,PassiveEnd117_1,XBOXONE-0635 · Separate passive termination235,Mainboard,metal,1,0.25664460153515917,0.45000000000000284,1.0400000000000205,0.5500000000000007,Schematic internal layout
XBOXONE-0636,Passive118,XBOXONE-0636 · Photo-guided schematic passive body118,Mainboard,thermal,1,0.9972530964914876,2.0,1.0,0.5,Schematic internal layout
XBOXONE-0637,PassiveEnd118_0,XBOXONE-0637 · Separate passive termination236,Mainboard,metal,1,0.2566446015351591,0.45000000000000284,1.0400000000000205,0.5500000000000007,Schematic internal layout
XBOXONE-0638,PassiveEnd118_1,XBOXONE-0638 · Separate passive termination237,Mainboard,metal,1,0.25664460153515917,0.45000000000000284,1.0400000000000205,0.5500000000000007,Schematic internal layout
XBOXONE-0639,Passive119,XBOXONE-0639 · Photo-guided schematic passive body119,Mainboard,thermal,1,0.9972530964914876,2.0,1.0,0.5,Schematic internal layout
XBOXONE-0640,PassiveEnd119_0,XBOXONE-0640 · Separate passive termination238,Mainboard,metal,1,0.25664460153515917,0.45000000000000284,1.0400000000000205,0.5500000000000007,Schematic internal layout
XBOXONE-0641,PassiveEnd119_1,XBOXONE-0641 · Separate passive termination239,Mainboard,metal,1,0.25664460153515667,0.45000000000001705,1.0400000000000205,0.5500000000000007,Schematic internal layout
XBOXONE-0642,Passive120,XBOXONE-0642 · Photo-guided schematic passive body120,Mainboard,black,1,0.9972530964914876,2.0,1.0,0.5,Schematic internal layout
XBOXONE-0643,PassiveEnd120_0,XBOXONE-0643 · Separate passive termination240,Mainboard,metal,1,0.25664460153515667,0.45000000000001705,1.0400000000000205,0.5500000000000007,Schematic internal layout
XBOXONE-0644,PassiveEnd120_1,XBOXONE-0644 · Separate passive termination241,Mainboard,metal,1,0.25664460153515667,0.45000000000001705,1.0400000000000205,0.5500000000000007,Schematic internal layout
XBOXONE-0645,Passive121,XBOXONE-0645 · Photo-guided schematic passive body121,Mainboard,thermal,1,0.9972530964914873,2.0,1.0,0.5,Schematic internal layout
XBOXONE-0646,PassiveEnd121_0,XBOXONE-0646 · Separate passive termination242,Mainboard,metal,1,0.25664460153515656,0.44999999999998863,1.0400000000000205,0.5500000000000007,Schematic internal layout
XBOXONE-0647,PassiveEnd121_1,XBOXONE-0647 · Separate passive termination243,Mainboard,metal,1,0.25664460153515656,0.44999999999998863,1.0400000000000205,0.5500000000000007,Schematic internal layout
XBOXONE-0648,Passive122,XBOXONE-0648 · Photo-guided schematic passive body122,Mainboard,thermal,1,0.9972530964914873,2.0,1.0,0.5,Schematic internal layout
XBOXONE-0649,PassiveEnd122_0,XBOXONE-0649 · Separate passive termination244,Mainboard,metal,1,0.25664460153515656,0.44999999999998863,1.0400000000000205,0.5500000000000007,Schematic internal layout
XBOXONE-0650,PassiveEnd122_1,XBOXONE-0650 · Separate passive termination245,Mainboard,metal,1,0.25664460153515656,0.44999999999998863,1.0400000000000205,0.5500000000000007,Schematic internal layout
XBOXONE-0651,Passive123,XBOXONE-0651 · Photo-guided schematic passive body123,Mainboard,black,1,0.9972530964914876,2.0,1.0,0.5,Schematic internal layout
XBOXONE-0652,PassiveEnd123_0,XBOXONE-0652 · Separate passive termination246,Mainboard,metal,1,0.25664460153515667,0.45000000000001705,1.0400000000000205,0.5500000000000007,Schematic internal layout
XBOXONE-0653,PassiveEnd123_1,XBOXONE-0653 · Separate passive termination247,Mainboard,metal,1,0.2566446015351567,0.45000000000001705,1.0400000000000205,0.5500000000000007,Schematic internal layout
XBOXONE-0654,Passive124,XBOXONE-0654 · Photo-guided schematic passive body124,Mainboard,thermal,1,0.9972530964914876,2.0,1.0,0.5,Schematic internal layout
XBOXONE-0655,PassiveEnd124_0,XBOXONE-0655 · Separate passive termination248,Mainboard,metal,1,0.2566446015351567,0.45000000000001705,1.0400000000000205,0.5500000000000007,Schematic internal layout
XBOXONE-0656,PassiveEnd124_1,XBOXONE-0656 · Separate passive termination249,Mainboard,metal,1,0.25664460153515667,0.45000000000001705,1.0400000000000205,0.5500000000000007,Schematic internal layout
XBOXONE-0657,Passive125,XBOXONE-0657 · Photo-guided schematic passive body125,Mainboard,thermal,1,0.9972530964914874,2.0,1.0,0.5,Schematic internal layout
XBOXONE-0658,PassiveEnd125_0,XBOXONE-0658 · Separate passive termination250,Mainboard,metal,1,0.2566446015351591,0.45000000000000284,1.0400000000000205,0.5500000000000007,Schematic internal layout
XBOXONE-0659,PassiveEnd125_1,XBOXONE-0659 · Separate passive termination251,Mainboard,metal,1,0.2566446015351592,0.45000000000000284,1.0400000000000205,0.5500000000000007,Schematic internal layout
XBOXONE-0660,Passive126,XBOXONE-0660 · Photo-guided schematic passive body126,Mainboard,black,1,0.9972530964914876,2.0,1.0,0.5,Schematic internal layout
XBOXONE-0661,PassiveEnd126_0,XBOXONE-0661 · Separate passive termination252,Mainboard,metal,1,0.25664460153515917,0.45000000000000284,1.0400000000000205,0.5500000000000007,Schematic internal layout
XBOXONE-0662,PassiveEnd126_1,XBOXONE-0662 · Separate passive termination253,Mainboard,metal,1,0.2566446015351592,0.45000000000000284,1.0400000000000205,0.5500000000000007,Schematic internal layout
XBOXONE-0663,Passive127,XBOXONE-0663 · Photo-guided schematic passive body127,Mainboard,thermal,1,0.9972530964914876,2.0,1.0,0.5,Schematic internal layout
XBOXONE-0664,PassiveEnd127_0,XBOXONE-0664 · Separate passive termination254,Mainboard,metal,1,0.2566446015351591,0.45000000000000284,1.0400000000000205,0.5500000000000007,Schematic internal layout
XBOXONE-0665,PassiveEnd127_1,XBOXONE-0665 · Separate passive termination255,Mainboard,metal,1,0.25664460153515667,0.45000000000001705,1.0400000000000205,0.5500000000000007,Schematic internal layout
XBOXONE-0666,Passive128,XBOXONE-0666 · Photo-guided schematic passive body128,Mainboard,thermal,1,0.9972530964914876,2.0,1.0,0.5,Schematic internal layout
XBOXONE-0667,PassiveEnd128_0,XBOXONE-0667 · Separate passive termination256,Mainboard,metal,1,0.25664460153515667,0.45000000000001705,1.0400000000000205,0.5500000000000007,Schematic internal layout
XBOXONE-0668,PassiveEnd128_1,XBOXONE-0668 · Separate passive termination257,Mainboard,metal,1,0.2566446015351567,0.45000000000001705,1.0400000000000205,0.5500000000000007,Schematic internal layout
XBOXONE-0669,Passive129,XBOXONE-0669 · Photo-guided schematic passive body129,Mainboard,black,1,0.9972530964914873,2.0,1.0,0.5,Schematic internal layout
XBOXONE-0670,PassiveEnd129_0,XBOXONE-0670 · Separate passive termination258,Mainboard,metal,1,0.25664460153515656,0.44999999999998863,1.0400000000000205,0.5500000000000007,Schematic internal layout
XBOXONE-0671,PassiveEnd129_1,XBOXONE-0671 · Separate passive termination259,Mainboard,metal,1,0.25664460153515656,0.44999999999998863,1.0400000000000205,0.5500000000000007,Schematic internal layout
XBOXONE-0672,Passive130,XBOXONE-0672 · Photo-guided schematic passive body130,Mainboard,thermal,1,0.9972530964914873,2.0,1.0,0.5,Schematic internal layout
XBOXONE-0673,PassiveEnd130_0,XBOXONE-0673 · Separate passive termination260,Mainboard,metal,1,0.25664460153515656,0.44999999999998863,1.0400000000000205,0.5500000000000007,Schematic internal layout
XBOXONE-0674,PassiveEnd130_1,XBOXONE-0674 · Separate passive termination261,Mainboard,metal,1,0.25664460153515656,0.44999999999998863,1.0400000000000205,0.5500000000000007,Schematic internal layout
XBOXONE-0675,Passive131,XBOXONE-0675 · Photo-guided schematic passive body131,Mainboard,thermal,1,0.9972530964914876,2.0,1.0,0.5,Schematic internal layout
XBOXONE-0676,PassiveEnd131_0,XBOXONE-0676 · Separate passive termination262,Mainboard,metal,1,0.25664460153515667,0.45000000000001705,1.0400000000000205,0.5500000000000007,Schematic internal layout
XBOXONE-0677,PassiveEnd131_1,XBOXONE-0677 · Separate passive termination263,Mainboard,metal,1,0.2566446015351567,0.45000000000001705,1.0400000000000205,0.5500000000000007,Schematic internal layout
XBOXONE-0678,Passive132,XBOXONE-0678 · Photo-guided schematic passive body132,Mainboard,black,1,0.9972530964914876,2.0,1.0,0.5,Schematic internal layout
XBOXONE-0679,PassiveEnd132_0,XBOXONE-0679 · Separate passive termination264,Mainboard,metal,1,0.2566446015351567,0.45000000000001705,1.0400000000000205,0.5500000000000007,Schematic internal layout
XBOXONE-0680,PassiveEnd132_1,XBOXONE-0680 · Separate passive termination265,Mainboard,metal,1,0.25664460153515667,0.45000000000001705,1.0400000000000205,0.5500000000000007,Schematic internal layout
XBOXONE-0681,Passive133,XBOXONE-0681 · Photo-guided schematic passive body133,Mainboard,thermal,1,0.9972530964914874,2.0,1.0,0.5,Schematic internal layout
XBOXONE-0682,PassiveEnd133_0,XBOXONE-0682 · Separate passive termination266,Mainboard,metal,1,0.2566446015351591,0.45000000000000284,1.0400000000000205,0.5500000000000007,Schematic internal layout
XBOXONE-0683,PassiveEnd133_1,XBOXONE-0683 · Separate passive termination267,Mainboard,metal,1,0.2566446015351592,0.45000000000000284,1.0400000000000205,0.5500000000000007,Schematic internal layout
XBOXONE-0684,Passive134,XBOXONE-0684 · Photo-guided schematic passive body134,Mainboard,thermal,1,0.9972530964914876,2.0,1.0,0.5,Schematic internal layout
XBOXONE-0685,PassiveEnd134_0,XBOXONE-0685 · Separate passive termination268,Mainboard,metal,1,0.25664460153515917,0.45000000000000284,1.0400000000000205,0.5500000000000007,Schematic internal layout
XBOXONE-0686,PassiveEnd134_1,XBOXONE-0686 · Separate passive termination269,Mainboard,metal,1,0.2566446015351592,0.45000000000000284,1.0400000000000205,0.5500000000000007,Schematic internal layout
XBOXONE-0687,Passive135,XBOXONE-0687 · Photo-guided schematic passive body135,Mainboard,black,1,0.9972530964914876,2.0,1.0,0.5,Schematic internal layout
XBOXONE-0688,PassiveEnd135_0,XBOXONE-0688 · Separate passive termination270,Mainboard,metal,1,0.2566446015351591,0.45000000000000284,1.0400000000000205,0.5500000000000007,Schematic internal layout
XBOXONE-0689,PassiveEnd135_1,XBOXONE-0689 · Separate passive termination271,Mainboard,metal,1,0.25664460153515667,0.45000000000001705,1.0400000000000205,0.5500000000000007,Schematic internal layout
XBOXONE-0690,Passive136,XBOXONE-0690 · Photo-guided schematic passive body136,Mainboard,thermal,1,0.9972530964914876,2.0,1.0,0.5,Schematic internal layout
XBOXONE-0691,PassiveEnd136_0,XBOXONE-0691 · Separate passive termination272,Mainboard,metal,1,0.25664460153515667,0.45000000000001705,1.0400000000000205,0.5500000000000007,Schematic internal layout
XBOXONE-0692,PassiveEnd136_1,XBOXONE-0692 · Separate passive termination273,Mainboard,metal,1,0.2566446015351567,0.45000000000001705,1.0400000000000205,0.5500000000000007,Schematic internal layout
XBOXONE-0693,Passive137,XBOXONE-0693 · Photo-guided schematic passive body137,Mainboard,thermal,1,0.9972530964914873,2.0,1.0,0.5,Schematic internal layout
XBOXONE-0694,PassiveEnd137_0,XBOXONE-0694 · Separate passive termination274,Mainboard,metal,1,0.25664460153515656,0.44999999999998863,1.0400000000000205,0.5500000000000007,Schematic internal layout
XBOXONE-0695,PassiveEnd137_1,XBOXONE-0695 · Separate passive termination275,Mainboard,metal,1,0.25664460153515656,0.44999999999998863,1.0400000000000205,0.5500000000000007,Schematic internal layout
XBOXONE-0696,RearPassive0,XBOXONE-0696 · Independent backside passive body,Mainboard,thermal,1,1.327978406140633,2.1999999999999886,1.0999999999999943,0.5500000000000007,Schematic internal layout
XBOXONE-0697,RearPassiveEnd0_0,XBOXONE-0697 · Independent backside passive termination,Mainboard,metal,1,0.2731364600329387,0.4000000000000057,1.1400000000000148,0.5999999999999996,Schematic internal layout
XBOXONE-0698,RearPassiveEnd0_1,XBOXONE-0698 · Independent backside passive termination001,Mainboard,metal,1,0.27313646003293873,0.4000000000000057,1.1400000000000148,0.5999999999999996,Schematic internal layout
XBOXONE-0699,RearPassive1,XBOXONE-0699 · Independent backside passive body001,Mainboard,thermal,1,1.3279784061406328,2.1999999999999886,1.0999999999999943,0.5500000000000007,Schematic internal layout
XBOXONE-0700,RearPassiveEnd1_0,XBOXONE-0700 · Independent backside passive termination002,Mainboard,metal,1,0.2731364600329397,0.4000000000000057,1.1400000000000006,0.5999999999999996,Schematic internal layout
XBOXONE-0701,RearPassiveEnd1_1,XBOXONE-0701 · Independent backside passive termination003,Mainboard,metal,1,0.2731364600329397,0.4000000000000057,1.1400000000000006,0.5999999999999996,Schematic internal layout
XBOXONE-0702,RearPassive2,XBOXONE-0702 · Independent backside passive body002,Mainboard,thermal,1,1.3279784061406354,2.1999999999999886,1.1000000000000014,0.5500000000000007,Schematic internal layout
XBOXONE-0703,RearPassiveEnd2_0,XBOXONE-0703 · Independent backside passive termination004,Mainboard,metal,1,0.2731364600329397,0.4000000000000057,1.1400000000000006,0.5999999999999996,Schematic internal layout
XBOXONE-0704,RearPassiveEnd2_1,XBOXONE-0704 · Independent backside passive termination005,Mainboard,metal,1,0.2731364600329397,0.4000000000000057,1.1400000000000006,0.5999999999999996,Schematic internal layout
XBOXONE-0705,RearPassive3,XBOXONE-0705 · Independent backside passive body003,Mainboard,thermal,1,1.327978406140633,2.1999999999999886,1.0999999999999943,0.5500000000000007,Schematic internal layout
XBOXONE-0706,RearPassiveEnd3_0,XBOXONE-0706 · Independent backside passive termination006,Mainboard,metal,1,0.2731364600329387,0.4000000000000057,1.1400000000000148,0.5999999999999996,Schematic internal layout
XBOXONE-0707,RearPassiveEnd3_1,XBOXONE-0707 · Independent backside passive termination007,Mainboard,metal,1,0.27313646003293873,0.4000000000000057,1.1400000000000148,0.5999999999999996,Schematic internal layout
XBOXONE-0708,RearPassive4,XBOXONE-0708 · Independent backside passive body004,Mainboard,thermal,1,1.3279784061406328,2.1999999999999886,1.0999999999999943,0.5500000000000007,Schematic internal layout
XBOXONE-0709,RearPassiveEnd4_0,XBOXONE-0709 · Independent backside passive termination008,Mainboard,metal,1,0.2731364600329387,0.4000000000000057,1.1400000000000148,0.5999999999999996,Schematic internal layout
XBOXONE-0710,RearPassiveEnd4_1,XBOXONE-0710 · Independent backside passive termination009,Mainboard,metal,1,0.27313646003293873,0.4000000000000057,1.1400000000000148,0.5999999999999996,Schematic internal layout
XBOXONE-0711,RearPassive5,XBOXONE-0711 · Independent backside passive body005,Mainboard,thermal,1,1.3279784061406323,2.1999999999999886,1.0999999999999943,0.5500000000000007,Schematic internal layout
XBOXONE-0712,RearPassiveEnd5_0,XBOXONE-0712 · Independent backside passive termination010,Mainboard,metal,1,0.2731364600329397,0.4000000000000057,1.1400000000000006,0.5999999999999996,Schematic internal layout
XBOXONE-0713,RearPassiveEnd5_1,XBOXONE-0713 · Independent backside passive termination011,Mainboard,metal,1,0.2731364600329397,0.4000000000000057,1.1400000000000006,0.5999999999999996,Schematic internal layout
XBOXONE-0714,RearPassive6,XBOXONE-0714 · Independent backside passive body006,Mainboard,thermal,1,1.3279784061406352,2.1999999999999886,1.1000000000000014,0.5500000000000007,Schematic internal layout
XBOXONE-0715,RearPassiveEnd6_0,XBOXONE-0715 · Independent backside passive termination012,Mainboard,metal,1,0.2731364600329397,0.4000000000000057,1.1400000000000006,0.5999999999999996,Schematic internal layout
XBOXONE-0716,RearPassiveEnd6_1,XBOXONE-0716 · Independent backside passive termination013,Mainboard,metal,1,0.2731364600329397,0.4000000000000057,1.1400000000000006,0.5999999999999996,Schematic internal layout
XBOXONE-0717,RearPassive7,XBOXONE-0717 · Independent backside passive body007,Mainboard,thermal,1,1.3279784061406328,2.1999999999999886,1.0999999999999943,0.5500000000000007,Schematic internal layout
XBOXONE-0718,RearPassiveEnd7_0,XBOXONE-0718 · Independent backside passive termination014,Mainboard,metal,1,0.2731364600329387,0.4000000000000057,1.1400000000000148,0.5999999999999996,Schematic internal layout
XBOXONE-0719,RearPassiveEnd7_1,XBOXONE-0719 · Independent backside passive termination015,Mainboard,metal,1,0.27313646003293873,0.4000000000000057,1.1400000000000148,0.5999999999999996,Schematic internal layout
XBOXONE-0720,RearPassive8,XBOXONE-0720 · Independent backside passive body008,Mainboard,thermal,1,1.327978406140633,2.1999999999999886,1.0999999999999943,0.5500000000000007,Schematic internal layout
XBOXONE-0721,RearPassiveEnd8_0,XBOXONE-0721 · Independent backside passive termination016,Mainboard,metal,1,0.27313646003293873,0.4000000000000057,1.1400000000000148,0.5999999999999996,Schematic internal layout
XBOXONE-0722,RearPassiveEnd8_1,XBOXONE-0722 · Independent backside passive termination017,Mainboard,metal,1,0.2731364600329387,0.4000000000000057,1.1400000000000148,0.5999999999999996,Schematic internal layout
XBOXONE-0723,RearPassive9,XBOXONE-0723 · Independent backside passive body009,Mainboard,thermal,1,1.3279784061406326,2.1999999999999886,1.0999999999999943,0.5500000000000007,Schematic internal layout
XBOXONE-0724,RearPassiveEnd9_0,XBOXONE-0724 · Independent backside passive termination018,Mainboard,metal,1,0.2731364600329397,0.4000000000000057,1.1400000000000006,0.5999999999999996,Schematic internal layout
XBOXONE-0725,RearPassiveEnd9_1,XBOXONE-0725 · Independent backside passive termination019,Mainboard,metal,1,0.2731364600329397,0.4000000000000057,1.1400000000000006,0.5999999999999996,Schematic internal layout
XBOXONE-0726,RearPassive10,XBOXONE-0726 · Independent backside passive body010,Mainboard,thermal,1,1.3279784061406352,2.1999999999999886,1.1000000000000014,0.5500000000000007,Schematic internal layout
XBOXONE-0727,RearPassiveEnd10_0,XBOXONE-0727 · Independent backside passive termination020,Mainboard,metal,1,0.2731364600329397,0.4000000000000057,1.1400000000000006,0.5999999999999996,Schematic internal layout
XBOXONE-0728,RearPassiveEnd10_1,XBOXONE-0728 · Independent backside passive termination021,Mainboard,metal,1,0.2731364600329397,0.4000000000000057,1.1400000000000006,0.5999999999999996,Schematic internal layout
XBOXONE-0729,RearPassive11,XBOXONE-0729 · Independent backside passive body011,Mainboard,thermal,1,1.327978406140633,2.1999999999999886,1.0999999999999943,0.5500000000000007,Schematic internal layout
XBOXONE-0730,RearPassiveEnd11_0,XBOXONE-0730 · Independent backside passive termination022,Mainboard,metal,1,0.27313646003293873,0.4000000000000057,1.1400000000000148,0.5999999999999996,Schematic internal layout
XBOXONE-0731,RearPassiveEnd11_1,XBOXONE-0731 · Independent backside passive termination023,Mainboard,metal,1,0.27313646003293873,0.4000000000000057,1.1400000000000148,0.5999999999999996,Schematic internal layout
XBOXONE-0732,RearPassive12,XBOXONE-0732 · Independent backside passive body012,Mainboard,thermal,1,1.3279784061406352,2.200000000000003,1.0999999999999943,0.5500000000000007,Schematic internal layout
XBOXONE-0733,RearPassiveEnd12_0,XBOXONE-0733 · Independent backside passive termination024,Mainboard,metal,1,0.2731364600329387,0.4000000000000057,1.1400000000000148,0.5999999999999996,Schematic internal layout
XBOXONE-0734,RearPassiveEnd12_1,XBOXONE-0734 · Independent backside passive termination025,Mainboard,metal,1,0.27313646003293873,0.4000000000000057,1.1400000000000148,0.5999999999999996,Schematic internal layout
XBOXONE-0735,RearPassive13,XBOXONE-0735 · Independent backside passive body013,Mainboard,thermal,1,1.3279784061406348,2.200000000000003,1.0999999999999943,0.5500000000000007,Schematic internal layout
XBOXONE-0736,RearPassiveEnd13_0,XBOXONE-0736 · Independent backside passive termination026,Mainboard,metal,1,0.2731364600329397,0.4000000000000057,1.1400000000000006,0.5999999999999996,Schematic internal layout
XBOXONE-0737,RearPassiveEnd13_1,XBOXONE-0737 · Independent backside passive termination027,Mainboard,metal,1,0.27313646003293973,0.4000000000000057,1.1400000000000006,0.5999999999999996,Schematic internal layout
XBOXONE-0738,RearPassive14,XBOXONE-0738 · Independent backside passive body014,Mainboard,thermal,1,1.327978406140638,2.200000000000003,1.1000000000000014,0.5500000000000007,Schematic internal layout
XBOXONE-0739,RearPassiveEnd14_0,XBOXONE-0739 · Independent backside passive termination028,Mainboard,metal,1,0.2731364600329397,0.4000000000000057,1.1400000000000006,0.5999999999999996,Schematic internal layout
XBOXONE-0740,RearPassiveEnd14_1,XBOXONE-0740 · Independent backside passive termination029,Mainboard,metal,1,0.2731364600329397,0.4000000000000057,1.1400000000000006,0.5999999999999996,Schematic internal layout
XBOXONE-0741,RearPassive15,XBOXONE-0741 · Independent backside passive body015,Mainboard,thermal,1,1.3279784061406352,2.200000000000003,1.0999999999999943,0.5500000000000007,Schematic internal layout
XBOXONE-0742,RearPassiveEnd15_0,XBOXONE-0742 · Independent backside passive termination030,Mainboard,metal,1,0.27313646003293873,0.4000000000000057,1.1400000000000148,0.5999999999999996,Schematic internal layout
XBOXONE-0743,RearPassiveEnd15_1,XBOXONE-0743 · Independent backside passive termination031,Mainboard,metal,1,0.27313646003293873,0.4000000000000057,1.1400000000000148,0.5999999999999996,Schematic internal layout
XBOXONE-0744,RearPassive16,XBOXONE-0744 · Independent backside passive body016,Mainboard,thermal,1,1.3279784061406352,2.200000000000003,1.0999999999999943,0.5500000000000007,Schematic internal layout
XBOXONE-0745,RearPassiveEnd16_0,XBOXONE-0745 · Independent backside passive termination032,Mainboard,metal,1,0.2731364600329372,0.4000000000000057,1.1400000000000148,0.5999999999999996,Schematic internal layout
XBOXONE-0746,RearPassiveEnd16_1,XBOXONE-0746 · Independent backside passive termination033,Mainboard,metal,1,0.2731364600329371,0.4000000000000057,1.1400000000000148,0.5999999999999996,Schematic internal layout
XBOXONE-0747,RearPassive17,XBOXONE-0747 · Independent backside passive body017,Mainboard,thermal,1,1.327978406140635,2.200000000000003,1.0999999999999943,0.5500000000000007,Schematic internal layout
XBOXONE-0748,RearPassiveEnd17_0,XBOXONE-0748 · Independent backside passive termination034,Mainboard,metal,1,0.2731364600329382,0.4000000000000057,1.1400000000000006,0.5999999999999996,Schematic internal layout
XBOXONE-0749,RearPassiveEnd17_1,XBOXONE-0749 · Independent backside passive termination035,Mainboard,metal,1,0.2731364600329382,0.4000000000000057,1.1400000000000006,0.5999999999999996,Schematic internal layout
XBOXONE-0750,RearPassive18,XBOXONE-0750 · Independent backside passive body018,Mainboard,thermal,1,1.3279784061406377,2.200000000000003,1.1000000000000014,0.5500000000000007,Schematic internal layout
XBOXONE-0751,RearPassiveEnd18_0,XBOXONE-0751 · Independent backside passive termination036,Mainboard,metal,1,0.2731364600329381,0.4000000000000057,1.1400000000000006,0.5999999999999996,Schematic internal layout
XBOXONE-0752,RearPassiveEnd18_1,XBOXONE-0752 · Independent backside passive termination037,Mainboard,metal,1,0.2731364600329382,0.4000000000000057,1.1400000000000006,0.5999999999999996,Schematic internal layout
XBOXONE-0753,RearPassive19,XBOXONE-0753 · Independent backside passive body019,Mainboard,thermal,1,1.3279784061406354,2.200000000000003,1.0999999999999943,0.5500000000000007,Schematic internal layout
XBOXONE-0754,RearPassiveEnd19_0,XBOXONE-0754 · Independent backside passive termination038,Mainboard,metal,1,0.27313646003293723,0.4000000000000057,1.1400000000000148,0.5999999999999996,Schematic internal layout
XBOXONE-0755,RearPassiveEnd19_1,XBOXONE-0755 · Independent backside passive termination039,Mainboard,metal,1,0.2731364600329372,0.4000000000000057,1.1400000000000148,0.5999999999999996,Schematic internal layout
XBOXONE-0756,RearPassive20,XBOXONE-0756 · Independent backside passive body020,Mainboard,thermal,1,1.3279784061406346,2.1999999999999997,1.0999999999999943,0.5500000000000007,Schematic internal layout
XBOXONE-0757,RearPassiveEnd20_0,XBOXONE-0757 · Independent backside passive termination040,Mainboard,metal,1,0.27313646003293757,0.40000000000000036,1.1400000000000148,0.5999999999999996,Schematic internal layout
XBOXONE-0758,RearPassiveEnd20_1,XBOXONE-0758 · Independent backside passive termination041,Mainboard,metal,1,0.27313646003293757,0.40000000000000036,1.1400000000000148,0.5999999999999996,Schematic internal layout
XBOXONE-0759,RearPassive21,XBOXONE-0759 · Independent backside passive body021,Mainboard,thermal,1,1.3279784061406348,2.1999999999999997,1.0999999999999943,0.5500000000000007,Schematic internal layout
XBOXONE-0760,RearPassiveEnd21_0,XBOXONE-0760 · Independent backside passive termination042,Mainboard,metal,1,0.2731364600329385,0.40000000000000036,1.1400000000000006,0.5999999999999996,Schematic internal layout
XBOXONE-0761,RearPassiveEnd21_1,XBOXONE-0761 · Independent backside passive termination043,Mainboard,metal,1,0.27313646003293857,0.40000000000000036,1.1400000000000006,0.5999999999999996,Schematic internal layout
XBOXONE-0762,RearPassive22,XBOXONE-0762 · Independent backside passive body022,Mainboard,thermal,1,1.327978406140637,2.1999999999999997,1.1000000000000014,0.5500000000000007,Schematic internal layout
XBOXONE-0763,RearPassiveEnd22_0,XBOXONE-0763 · Independent backside passive termination044,Mainboard,metal,1,0.2731364600329385,0.40000000000000036,1.1400000000000006,0.5999999999999996,Schematic internal layout
XBOXONE-0764,RearPassiveEnd22_1,XBOXONE-0764 · Independent backside passive termination045,Mainboard,metal,1,0.27313646003293857,0.40000000000000036,1.1400000000000006,0.5999999999999996,Schematic internal layout
XBOXONE-0765,RearPassive23,XBOXONE-0765 · Independent backside passive body023,Mainboard,thermal,1,1.3279784061406348,2.1999999999999997,1.0999999999999943,0.5500000000000007,Schematic internal layout
XBOXONE-0766,RearPassiveEnd23_0,XBOXONE-0766 · Independent backside passive termination046,Mainboard,metal,1,0.27313646003293757,0.40000000000000036,1.1400000000000148,0.5999999999999996,Schematic internal layout
XBOXONE-0767,RearPassiveEnd23_1,XBOXONE-0767 · Independent backside passive termination047,Mainboard,metal,1,0.27313646003293757,0.40000000000000036,1.1400000000000148,0.5999999999999996,Schematic internal layout
XBOXONE-0768,RearPassive24,XBOXONE-0768 · Independent backside passive body024,Mainboard,thermal,1,1.327978406140635,2.200000000000003,1.0999999999999943,0.5500000000000007,Schematic internal layout
XBOXONE-0769,RearPassiveEnd24_0,XBOXONE-0769 · Independent backside passive termination048,Mainboard,metal,1,0.2731364600329371,0.4000000000000057,1.1400000000000148,0.5999999999999996,Schematic internal layout
XBOXONE-0770,RearPassiveEnd24_1,XBOXONE-0770 · Independent backside passive termination049,Mainboard,metal,1,0.2731364600329387,0.4000000000000057,1.1400000000000148,0.5999999999999996,Schematic internal layout
XBOXONE-0771,RearPassive25,XBOXONE-0771 · Independent backside passive body025,Mainboard,thermal,1,1.3279784061406352,2.200000000000003,1.0999999999999943,0.5500000000000007,Schematic internal layout
XBOXONE-0772,RearPassiveEnd25_0,XBOXONE-0772 · Independent backside passive termination050,Mainboard,metal,1,0.2731364600329382,0.4000000000000057,1.1400000000000006,0.5999999999999996,Schematic internal layout
XBOXONE-0773,RearPassiveEnd25_1,XBOXONE-0773 · Independent backside passive termination051,Mainboard,metal,1,0.2731364600329397,0.4000000000000057,1.1400000000000006,0.5999999999999996,Schematic internal layout
XBOXONE-0774,RearPassive26,XBOXONE-0774 · Independent backside passive body026,Mainboard,thermal,1,1.3279784061406377,2.200000000000003,1.1000000000000014,0.5500000000000007,Schematic internal layout
XBOXONE-0775,RearPassiveEnd26_0,XBOXONE-0775 · Independent backside passive termination052,Mainboard,metal,1,0.2731364600329381,0.4000000000000057,1.1400000000000006,0.5999999999999996,Schematic internal layout
XBOXONE-0776,RearPassiveEnd26_1,XBOXONE-0776 · Independent backside passive termination053,Mainboard,metal,1,0.2731364600329396,0.4000000000000057,1.1400000000000006,0.5999999999999996,Schematic internal layout
XBOXONE-0777,RearPassive27,XBOXONE-0777 · Independent backside passive body027,Mainboard,thermal,1,1.3279784061406352,2.200000000000003,1.0999999999999943,0.5500000000000007,Schematic internal layout
XBOXONE-0778,RearPassiveEnd27_0,XBOXONE-0778 · Independent backside passive termination054,Mainboard,metal,1,0.27313646003293723,0.4000000000000057,1.1400000000000148,0.5999999999999996,Schematic internal layout
XBOXONE-0779,RearPassiveEnd27_1,XBOXONE-0779 · Independent backside passive termination055,Mainboard,metal,1,0.2731364600329387,0.4000000000000057,1.1400000000000148,0.5999999999999996,Schematic internal layout
XBOXONE-0780,RearPassive28,XBOXONE-0780 · Independent backside passive body028,Mainboard,thermal,1,1.3279784061406352,2.200000000000003,1.0999999999999943,0.5500000000000007,Schematic internal layout
XBOXONE-0781,RearPassiveEnd28_0,XBOXONE-0781 · Independent backside passive termination056,Mainboard,metal,1,0.2731364600329387,0.4000000000000057,1.1400000000000148,0.5999999999999996,Schematic internal layout
XBOXONE-0782,RearPassiveEnd28_1,XBOXONE-0782 · Independent backside passive termination057,Mainboard,metal,1,0.2731364600329387,0.4000000000000057,1.1400000000000148,0.5999999999999996,Schematic internal layout
XBOXONE-0783,RearPassive30,XBOXONE-0783 · Independent backside passive body029,Mainboard,thermal,1,1.327978406140638,2.200000000000003,1.1000000000000014,0.5500000000000007,Schematic internal layout
XBOXONE-0784,RearPassiveEnd30_0,XBOXONE-0784 · Independent backside passive termination058,Mainboard,metal,1,0.2731364600329397,0.4000000000000057,1.1400000000000006,0.5999999999999996,Schematic internal layout
XBOXONE-0785,RearPassiveEnd30_1,XBOXONE-0785 · Independent backside passive termination059,Mainboard,metal,1,0.2731364600329397,0.4000000000000057,1.1400000000000006,0.5999999999999996,Schematic internal layout
XBOXONE-0786,RearPassive31,XBOXONE-0786 · Independent backside passive body030,Mainboard,thermal,1,1.3279784061406352,2.200000000000003,1.0999999999999943,0.5500000000000007,Schematic internal layout
XBOXONE-0787,RearPassiveEnd31_0,XBOXONE-0787 · Independent backside passive termination060,Mainboard,metal,1,0.2731364600329387,0.4000000000000057,1.1400000000000148,0.5999999999999996,Schematic internal layout
XBOXONE-0788,RearPassiveEnd31_1,XBOXONE-0788 · Independent backside passive termination061,Mainboard,metal,1,0.2731364600329387,0.4000000000000057,1.1400000000000148,0.5999999999999996,Schematic internal layout
XBOXONE-0789,RearPassive32,XBOXONE-0789 · Independent backside passive body031,Mainboard,thermal,1,1.3279784061406326,2.1999999999999886,1.0999999999999943,0.5500000000000007,Schematic internal layout
XBOXONE-0790,RearPassiveEnd32_0,XBOXONE-0790 · Independent backside passive termination062,Mainboard,metal,1,0.27313646003293873,0.4000000000000057,1.1400000000000148,0.5999999999999996,Schematic internal layout
XBOXONE-0791,RearPassiveEnd32_1,XBOXONE-0791 · Independent backside passive termination063,Mainboard,metal,1,0.2731364600329387,0.4000000000000057,1.1400000000000148,0.5999999999999996,Schematic internal layout
XBOXONE-0792,RearPassive34,XBOXONE-0792 · Independent backside passive body032,Mainboard,thermal,1,1.3279784061406352,2.1999999999999886,1.1000000000000014,0.5500000000000007,Schematic internal layout
XBOXONE-0793,RearPassiveEnd34_0,XBOXONE-0793 · Independent backside passive termination064,Mainboard,metal,1,0.2731364600329397,0.4000000000000057,1.1400000000000006,0.5999999999999996,Schematic internal layout
XBOXONE-0794,RearPassiveEnd34_1,XBOXONE-0794 · Independent backside passive termination065,Mainboard,metal,1,0.2731364600329397,0.4000000000000057,1.1400000000000006,0.5999999999999996,Schematic internal layout
XBOXONE-0795,RearPassive35,XBOXONE-0795 · Independent backside passive body033,Mainboard,thermal,1,1.3279784061406328,2.1999999999999886,1.0999999999999943,0.5500000000000007,Schematic internal layout
XBOXONE-0796,RearPassiveEnd35_0,XBOXONE-0796 · Independent backside passive termination066,Mainboard,metal,1,0.27313646003293873,0.4000000000000057,1.1400000000000148,0.5999999999999996,Schematic internal layout
XBOXONE-0797,RearPassiveEnd35_1,XBOXONE-0797 · Independent backside passive termination067,Mainboard,metal,1,0.27313646003293873,0.4000000000000057,1.1400000000000148,0.5999999999999996,Schematic internal layout
XBOXONE-0798,RearPassive36,XBOXONE-0798 · Independent backside passive body034,Mainboard,thermal,1,1.327978406140633,2.1999999999999886,1.0999999999999943,0.5500000000000007,Schematic internal layout
XBOXONE-0799,RearPassiveEnd36_0,XBOXONE-0799 · Independent backside passive termination068,Mainboard,metal,1,0.2731364600329387,0.4000000000000057,1.1400000000000148,0.5999999999999996,Schematic internal layout
XBOXONE-0800,RearPassiveEnd36_1,XBOXONE-0800 · Independent backside passive termination069,Mainboard,metal,1,0.27313646003293873,0.4000000000000057,1.1400000000000148,0.5999999999999996,Schematic internal layout
XBOXONE-0801,RearPassive38,XBOXONE-0801 · Independent backside passive body035,Mainboard,thermal,1,1.3279784061406352,2.1999999999999886,1.1000000000000014,0.5500000000000007,Schematic internal layout
XBOXONE-0802,RearPassiveEnd38_0,XBOXONE-0802 · Independent backside passive termination070,Mainboard,metal,1,0.2731364600329397,0.4000000000000057,1.1400000000000006,0.5999999999999996,Schematic internal layout
XBOXONE-0803,RearPassiveEnd38_1,XBOXONE-0803 · Independent backside passive termination071,Mainboard,metal,1,0.2731364600329397,0.4000000000000057,1.1400000000000006,0.5999999999999996,Schematic internal layout
XBOXONE-0804,RearPassive39,XBOXONE-0804 · Independent backside passive body036,Mainboard,thermal,1,1.327978406140633,2.1999999999999886,1.0999999999999943,0.5500000000000007,Schematic internal layout
XBOXONE-0805,RearPassiveEnd39_0,XBOXONE-0805 · Independent backside passive termination072,Mainboard,metal,1,0.27313646003293873,0.4000000000000057,1.1400000000000148,0.5999999999999996,Schematic internal layout
XBOXONE-0806,RearPassiveEnd39_1,XBOXONE-0806 · Independent backside passive termination073,Mainboard,metal,1,0.27313646003293873,0.4000000000000057,1.1400000000000148,0.5999999999999996,Schematic internal layout
XBOXONE-0807,RearPassive40,XBOXONE-0807 · Independent backside passive body037,Mainboard,thermal,1,1.327978406140633,2.2000000000000455,1.0999999999999943,0.5500000000000007,Schematic internal layout
XBOXONE-0808,RearPassiveEnd40_0,XBOXONE-0808 · Independent backside passive termination074,Mainboard,metal,1,0.27313646003293257,0.39999999999997726,1.1400000000000148,0.5999999999999996,Schematic internal layout
XBOXONE-0809,RearPassiveEnd40_1,XBOXONE-0809 · Independent backside passive termination075,Mainboard,metal,1,0.2731364600329326,0.39999999999997726,1.1400000000000148,0.5999999999999996,Schematic internal layout
XBOXONE-0810,RearPassive41,XBOXONE-0810 · Independent backside passive body038,Mainboard,thermal,1,1.3279784061406328,2.2000000000000455,1.0999999999999943,0.5500000000000007,Schematic internal layout
XBOXONE-0811,RearPassiveEnd41_0,XBOXONE-0811 · Independent backside passive termination076,Mainboard,metal,1,0.27313646003293357,0.39999999999997726,1.1400000000000006,0.5999999999999996,Schematic internal layout
XBOXONE-0812,RearPassiveEnd41_1,XBOXONE-0812 · Independent backside passive termination077,Mainboard,metal,1,0.2731364600329336,0.39999999999997726,1.1400000000000006,0.5999999999999996,Schematic internal layout
XBOXONE-0813,RearPassive42,XBOXONE-0813 · Independent backside passive body039,Mainboard,thermal,1,1.3279784061406354,2.2000000000000455,1.1000000000000014,0.5500000000000007,Schematic internal layout
XBOXONE-0814,RearPassiveEnd42_0,XBOXONE-0814 · Independent backside passive termination078,Mainboard,metal,1,0.27313646003293357,0.39999999999997726,1.1400000000000006,0.5999999999999996,Schematic internal layout
XBOXONE-0815,RearPassiveEnd42_1,XBOXONE-0815 · Independent backside passive termination079,Mainboard,metal,1,0.27313646003293357,0.39999999999997726,1.1400000000000006,0.5999999999999996,Schematic internal layout
XBOXONE-0816,RearPassive43,XBOXONE-0816 · Independent backside passive body040,Mainboard,thermal,1,1.3279784061406332,2.2000000000000455,1.0999999999999943,0.5500000000000007,Schematic internal layout
XBOXONE-0817,RearPassiveEnd43_0,XBOXONE-0817 · Independent backside passive termination080,Mainboard,metal,1,0.2731364600329326,0.39999999999997726,1.1400000000000148,0.5999999999999996,Schematic internal layout
XBOXONE-0818,RearPassiveEnd43_1,XBOXONE-0818 · Independent backside passive termination081,Mainboard,metal,1,0.2731364600329326,0.39999999999997726,1.1400000000000148,0.5999999999999996,Schematic internal layout
XBOXONE-0819,APUHeatpipe0,XBOXONE-0819 · Separate original three-route copper heatpipe study,Cooling,copper,1,1906.0291317690326,109.6500001,15.3000002,3.3000001999999995,Schematic internal layout
XBOXONE-0820,APUHeatpipe1,XBOXONE-0820 · Separate original three-route copper heatpipe study001,Cooling,copper,1,1906.029131769029,109.6500001,15.3000002,3.3000001999999995,Schematic internal layout
XBOXONE-0821,APUHeatpipe2,XBOXONE-0821 · Separate original three-route copper heatpipe study002,Cooling,copper,1,1906.0291317690298,109.6500001,15.3000002,3.3000001999999995,Schematic internal layout
XBOXONE-0822,APUFin0,XBOXONE-0822 · Separate original heatsink fin study,Cooling,metal,1,1622.257161017556,0.6499999999999986,96.0,25.999999999999996,Schematic internal layout
XBOXONE-0823,APUFin1,XBOXONE-0823 · Separate original heatsink fin study001,Cooling,metal,1,1594.1432877611717,0.6500000000000057,96.0,26.00000000000007,Schematic internal layout
XBOXONE-0824,APUFin2,XBOXONE-0824 · Separate original heatsink fin study002,Cooling,metal,1,1594.1432877611776,0.6500000000000057,96.0,26.00000000000007,Schematic internal layout
XBOXONE-0825,APUFin3,XBOXONE-0825 · Separate original heatsink fin study003,Cooling,metal,1,1594.1432877611774,0.6500000000000128,96.0,26.00000000000007,Schematic internal layout
XBOXONE-0826,APUFin4,XBOXONE-0826 · Separate original heatsink fin study004,Cooling,metal,1,1594.1432877611771,0.6500000000000128,96.0,26.00000000000007,Schematic internal layout
XBOXONE-0827,APUFin5,XBOXONE-0827 · Separate original heatsink fin study005,Cooling,metal,1,1594.1432877611776,0.6500000000000057,96.0,26.00000000000007,Schematic internal layout
XBOXONE-0828,APUFin6,XBOXONE-0828 · Separate original heatsink fin study006,Cooling,metal,1,1594.1432877611774,0.6500000000000057,96.0,26.00000000000007,Schematic internal layout
XBOXONE-0829,APUFin7,XBOXONE-0829 · Separate original heatsink fin study007,Cooling,metal,1,1594.1432877611774,0.6500000000000057,96.0,26.00000000000007,Schematic internal layout
XBOXONE-0830,APUFin8,XBOXONE-0830 · Separate original heatsink fin study008,Cooling,metal,1,1594.1432877611774,0.6500000000000057,96.0,26.00000000000007,Schematic internal layout
XBOXONE-0831,APUFin9,XBOXONE-0831 · Separate original heatsink fin study009,Cooling,metal,1,1594.143287761177,0.6500000000000128,96.0,26.00000000000007,Schematic internal layout
XBOXONE-0832,APUFin10,XBOXONE-0832 · Separate original heatsink fin study010,Cooling,metal,1,1594.1432877611774,0.6500000000000057,96.0,26.00000000000007,Schematic internal layout
XBOXONE-0833,APUFin11,XBOXONE-0833 · Separate original heatsink fin study011,Cooling,metal,1,1594.1432877611774,0.6500000000000057,96.0,26.00000000000007,Schematic internal layout
XBOXONE-0834,APUFin12,XBOXONE-0834 · Separate original heatsink fin study012,Cooling,metal,1,1594.1432877611774,0.6500000000000057,96.0,26.00000000000007,Schematic internal layout
XBOXONE-0835,APUFin13,XBOXONE-0835 · Separate original heatsink fin study013,Cooling,metal,1,1594.1432877611778,0.6500000000000057,96.0,26.00000000000007,Schematic internal layout
XBOXONE-0836,APUFin14,XBOXONE-0836 · Separate original heatsink fin study014,Cooling,metal,1,1594.1432877611774,0.6500000000000057,96.0,26.00000000000007,Schematic internal layout
XBOXONE-0837,APUFin15,XBOXONE-0837 · Separate original heatsink fin study015,Cooling,metal,1,1594.1432877611774,0.6500000000000057,96.0,26.00000000000007,Schematic internal layout
XBOXONE-0838,APUFin16,XBOXONE-0838 · Separate original heatsink fin study016,Cooling,metal,1,1594.1432877611774,0.6500000000000057,96.0,26.00000000000007,Schematic internal layout
XBOXONE-0839,APUFin17,XBOXONE-0839 · Separate original heatsink fin study017,Cooling,metal,1,1594.1432877611778,0.6500000000000057,96.0,26.00000000000007,Schematic internal layout
XBOXONE-0840,APUFin18,XBOXONE-0840 · Separate original heatsink fin study018,Cooling,metal,1,1594.1432877611776,0.6500000000000057,96.0,26.00000000000007,Schematic internal layout
XBOXONE-0841,APUFin19,XBOXONE-0841 · Separate original heatsink fin study019,Cooling,metal,1,1594.1432877611774,0.6500000000000057,96.0,26.00000000000007,Schematic internal layout
XBOXONE-0842,APUFin20,XBOXONE-0842 · Separate original heatsink fin study020,Cooling,metal,1,1594.1432877611776,0.6500000000000057,96.0,26.00000000000007,Schematic internal layout
XBOXONE-0843,APUFin21,XBOXONE-0843 · Separate original heatsink fin study021,Cooling,metal,1,1594.1432877611774,0.6500000000000057,96.0,26.00000000000007,Schematic internal layout
XBOXONE-0844,APUFin22,XBOXONE-0844 · Separate original heatsink fin study022,Cooling,metal,1,1594.1432877611776,0.6500000000000057,96.0,26.00000000000007,Schematic internal layout
XBOXONE-0845,APUFin23,XBOXONE-0845 · Separate original heatsink fin study023,Cooling,metal,1,1594.1432877611774,0.6500000000000057,96.0,26.00000000000007,Schematic internal layout
XBOXONE-0846,APUFin24,XBOXONE-0846 · Separate original heatsink fin study024,Cooling,metal,1,1594.1432877611774,0.6500000000000057,96.0,26.00000000000007,Schematic internal layout
XBOXONE-0847,APUFin25,XBOXONE-0847 · Separate original heatsink fin study025,Cooling,metal,1,1594.1432877611774,0.6500000000000057,96.0,26.00000000000007,Schematic internal layout
XBOXONE-0848,APUFin26,XBOXONE-0848 · Separate original heatsink fin study026,Cooling,metal,1,1594.1432877611774,0.6500000000000057,96.0,26.00000000000007,Schematic internal layout
XBOXONE-0849,APUFin27,XBOXONE-0849 · Separate original heatsink fin study027,Cooling,metal,1,1594.143287761177,0.6500000000000057,96.0,26.00000000000007,Schematic internal layout
XBOXONE-0850,APUFin28,XBOXONE-0850 · Separate original heatsink fin study028,Cooling,metal,1,1594.1432877611774,0.6500000000000057,96.0,26.00000000000007,Schematic internal layout
XBOXONE-0851,APUFin29,XBOXONE-0851 · Separate original heatsink fin study029,Cooling,metal,1,1594.1432877611776,0.6500000000000057,96.0,26.00000000000007,Schematic internal layout
XBOXONE-0852,APUFin30,XBOXONE-0852 · Separate original heatsink fin study030,Cooling,metal,1,1594.1432877611776,0.6500000000000057,96.0,26.00000000000007,Schematic internal layout
XBOXONE-0853,APUFin31,XBOXONE-0853 · Separate original heatsink fin study031,Cooling,metal,1,1594.1432877611774,0.6500000000000057,96.0,26.00000000000007,Schematic internal layout
XBOXONE-0854,APUFin32,XBOXONE-0854 · Separate original heatsink fin study032,Cooling,metal,1,1594.1432877611774,0.6500000000000057,96.0,26.00000000000007,Schematic internal layout
XBOXONE-0855,APUFin33,XBOXONE-0855 · Separate original heatsink fin study033,Cooling,metal,1,1594.1432877611776,0.6500000000000057,96.0,26.00000000000007,Schematic internal layout
XBOXONE-0856,APUFin34,XBOXONE-0856 · Separate original heatsink fin study034,Cooling,metal,1,1594.1432877611771,0.6500000000000057,96.0,26.00000000000007,Schematic internal layout
XBOXONE-0857,APUFin35,XBOXONE-0857 · Separate original heatsink fin study035,Cooling,metal,1,1594.1432877611776,0.6500000000000057,96.0,26.00000000000007,Schematic internal layout
XBOXONE-0858,APUFin36,XBOXONE-0858 · Separate original heatsink fin study036,Cooling,metal,1,1594.1432877611774,0.6500000000000057,96.0,26.00000000000007,Schematic internal layout
XBOXONE-0859,APUFin37,XBOXONE-0859 · Separate original heatsink fin study037,Cooling,metal,1,1594.1432877611776,0.6500000000000057,96.0,26.00000000000007,Schematic internal layout
XBOXONE-0860,APUFin38,XBOXONE-0860 · Separate original heatsink fin study038,Cooling,metal,1,1594.1432877611774,0.6500000000000057,96.0,26.00000000000007,Schematic internal layout
XBOXONE-0861,APUFin39,XBOXONE-0861 · Separate original heatsink fin study039,Cooling,metal,1,1594.1432877611776,0.6500000000000057,96.0,26.00000000000007,Schematic internal layout
XBOXONE-0862,APUFin40,XBOXONE-0862 · Separate original heatsink fin study040,Cooling,metal,1,1594.1432877611776,0.6500000000000057,96.0,26.00000000000007,Schematic internal layout
XBOXONE-0863,APUFin41,XBOXONE-0863 · Separate original heatsink fin study041,Cooling,metal,1,1594.143287761177,0.6500000000000057,96.0,26.00000000000007,Schematic internal layout
XBOXONE-0864,APUFin42,XBOXONE-0864 · Separate original heatsink fin study042,Cooling,metal,1,1594.1432877611776,0.6500000000000057,96.0,26.00000000000007,Schematic internal layout
XBOXONE-0865,APUFin43,XBOXONE-0865 · Separate original heatsink fin study043,Cooling,metal,1,1594.143287761177,0.6500000000000057,96.0,26.00000000000007,Schematic internal layout
XBOXONE-0866,APUFin44,XBOXONE-0866 · Separate original heatsink fin study044,Cooling,metal,1,1594.1432877611776,0.6500000000000057,96.0,26.00000000000007,Schematic internal layout
XBOXONE-0867,APUFin45,XBOXONE-0867 · Separate original heatsink fin study045,Cooling,metal,1,1594.143287761177,0.6500000000000057,96.0,26.00000000000007,Schematic internal layout
XBOXONE-0868,APUFin46,XBOXONE-0868 · Separate original heatsink fin study046,Cooling,metal,1,1594.1432877611542,0.6500000000000341,96.0,26.00000000000007,Schematic internal layout
XBOXONE-0869,APUFin47,XBOXONE-0869 · Separate original heatsink fin study047,Cooling,metal,1,1593.9181921499169,0.6500001999999654,96.0,26.000000200219674,Schematic internal layout
XBOXONE-0870,APUColdplate,XBOXONE-0870 · Native shared APU heatsink base002,Cooling,metal,1,39632.11671963716,111.0000001,98.0,3.8000002000000066,"Original black enclosure study; published envelope, approximate local detail"
XBOXONE-0871,APUClampPost0,XBOXONE-0871 · Separate heatsink clamp post,Cooling,metal,1,53.09291584566754,2.5999999999999943,2.5999999999999943,10.0,Schematic internal layout
XBOXONE-0872,APUClampWasher0,XBOXONE-0872 · Independent insulating clamp washer,Cooling,black,1,2.847853740479146,4.400000000000006,4.400000000000006,0.34999999999999964,Schematic internal layout
XBOXONE-0873,APUClampPost1,XBOXONE-0873 · Separate heatsink clamp post001,Cooling,metal,1,53.09291584566753,2.5999999999999943,2.5999999999999996,10.0,Schematic internal layout
XBOXONE-0874,APUClampWasher1,XBOXONE-0874 · Independent insulating clamp washer001,Cooling,black,1,2.8478537404791497,4.400000000000006,4.4,0.34999999999999964,Schematic internal layout
XBOXONE-0875,APUClampPost2,XBOXONE-0875 · Separate heatsink clamp post002,Cooling,metal,1,53.09291584566754,2.5999999999999943,2.5999999999999943,10.0,Schematic internal layout
XBOXONE-0876,APUClampWasher2,XBOXONE-0876 · Independent insulating clamp washer002,Cooling,black,1,2.847853740479148,4.400000000000006,4.400000000000006,0.34999999999999964,Schematic internal layout
XBOXONE-0877,APUClampPost3,XBOXONE-0877 · Separate heatsink clamp post003,Cooling,metal,1,53.092915845667534,2.5999999999999943,2.5999999999999996,10.0,Schematic internal layout
XBOXONE-0878,APUClampWasher3,XBOXONE-0878 · Independent insulating clamp washer003,Cooling,black,1,2.8478537404791533,4.400000000000006,4.4,0.34999999999999964,Schematic internal layout
XBOXONE-0879,APUXClamp,XBOXONE-0879 · Separate original underside X spring clamp,Cooling,metal,1,768.8345186895798,74.41778489984137,74.41778489984125,0.8000000000000025,Schematic internal layout
XBOXONE-0880,MainFanFrame,XBOXONE-0880 · Original 112 mm axial-fan frame study,Cooling,matte,1,87458.65837074001,112.0,112.0,25.0,Schematic internal layout
XBOXONE-0881,FanSupport0,XBOXONE-0881 · Independent fan motor-support arm,Cooling,matte,1,113.79398223686155,27.95290039756344,27.952900397563425,1.5,Schematic internal layout
XBOXONE-0882,FanSupport1,XBOXONE-0882 · Independent fan motor-support arm001,Cooling,matte,1,113.79398223686158,27.952900397563432,27.952900397563432,1.5,Schematic internal layout
XBOXONE-0883,FanSupport2,XBOXONE-0883 · Independent fan motor-support arm002,Cooling,matte,1,113.79398223686154,27.952900397563432,27.952900397563432,1.5,Schematic internal layout
XBOXONE-0884,FanSupport3,XBOXONE-0884 · Independent fan motor-support arm003,Cooling,matte,1,113.79398223686154,27.95290039756344,27.952900397563432,1.5,Schematic internal layout
XBOXONE-0885,FanDriverPCB,XBOXONE-0885 · Separate fan driver board,Cooling,pcb,1,368.4836855248545,26.0,26.0,0.7000000000000028,Schematic internal layout
XBOXONE-0886,FanShaft,XBOXONE-0886 · Separate fan shaft,Cooling,metal,1,58.527871136377776,1.8000000000000114,1.7999999999999972,23.000000000000007,Schematic internal layout
XBOXONE-0887,FanBearing0,XBOXONE-0887 · Independent fan bearing,Cooling,metal,1,30.9603956011274,5.0,5.0,2.0,Schematic internal layout
XBOXONE-0888,FanBearing1,XBOXONE-0888 · Independent fan bearing001,Cooling,metal,1,30.9603956011274,5.0,5.0,2.0,Schematic internal layout
XBOXONE-0889,FanStator,XBOXONE-0889 · Separate fan stator core,Cooling,metal,1,338.66368805697994,8.400000000000006,8.400000000000006,11.0,Schematic internal layout
XBOXONE-0890,FanCoil0,XBOXONE-0890 · Separate fan stator winding envelope,Cooling,copper,1,75.70452896988016,3.5999999999999943,3.5999999999999943,9.0,Schematic internal layout
XBOXONE-0891,FanCoil1,XBOXONE-0891 · Separate fan stator winding envelope001,Cooling,copper,1,75.70452896988016,3.5999999999999943,3.5999999999999943,9.0,Schematic internal layout
XBOXONE-0892,FanCoil2,XBOXONE-0892 · Separate fan stator winding envelope002,Cooling,copper,1,75.70452896988016,3.5999999999999943,3.5999999999999943,9.0,Schematic internal layout
XBOXONE-0893,FanCoil3,XBOXONE-0893 · Separate fan stator winding envelope003,Cooling,copper,1,75.70452896988016,3.5999999999999943,3.5999999999999943,9.0,Schematic internal layout
XBOXONE-0894,FanCoil4,XBOXONE-0894 · Separate fan stator winding envelope004,Cooling,copper,1,75.70452896988016,3.5999999999999943,3.5999999999999943,9.0,Schematic internal layout
XBOXONE-0895,FanCoil5,XBOXONE-0895 · Separate fan stator winding envelope005,Cooling,copper,1,75.70452896988016,3.5999999999999943,3.5999999999999943,9.0,Schematic internal layout
XBOXONE-0896,FanRotorMagnet,XBOXONE-0896 · Separate rotor magnet ring,Cooling,black,1,1548.01978005637,23.400000000000006,23.400000000000002,15.0,Schematic internal layout
XBOXONE-0897,FanHub,XBOXONE-0897 · Separate axial fan rotor hub,Cooling,matte,1,4546.010233450578,30.0,30.0,18.999999999999993,Schematic internal layout
XBOXONE-0898,FanHubCap,XBOXONE-0898 · Separate fan hub top cap,Cooling,matte,1,702.3344536365341,30.0,30.0,1.0,Schematic internal layout
XBOXONE-0899,OpticalFrame,XBOXONE-0899 · Separate slot-load Blu-ray side enclosure,Optical,metal,1,14729.481665376863,145.0000002,167.0000001,23.000000200000002,Schematic internal layout
XBOXONE-0900,OpticalFloor,XBOXONE-0900 · Separate optical-drive bottom plate,Optical,metal,1,14045.594336052709,142.39999999999998,164.4,0.6000000000000014,Schematic internal layout
XBOXONE-0901,OpticalCover,XBOXONE-0901 · Independent Blu-ray upper metal lid,Optical,metal,1,15737.51814089932,145.0,167.0,0.6499999999999986,Schematic internal layout
XBOXONE-0902,OpticalStudyLabel,XBOXONE-0902 · Blank optical-drive study label,Optical,white,1,148.7670371578997,62.0,40.0,0.060000000000002274,Schematic internal layout
XBOXONE-0903,OpticalStudyMark,XBOXONE-0903 · BD / CAD STUDY,Optical,black,11,0.4544008175536205,31.35327191208053,3.221476610067115,0.01800020000000302,"Original black enclosure study; published envelope, approximate local detail"
XBOXONE-0904,OpticalPCB,XBOXONE-0904 · Separate optical-drive controller PCB,Optical,pcb,1,16156.113274122876,132.0,153.0,0.8000000000000007,Schematic internal layout
XBOXONE-0905,OpticalIC0,XBOXONE-0905 · Independent optical controller package,Optical,black,1,469.1214512719468,19.0,19.0,1.3000000000000007,Schematic internal layout
XBOXONE-0906,OpticalIC1,XBOXONE-0906 · Independent optical controller package001,Optical,black,1,219.52145127194672,13.0,13.0,1.3000000000000007,Schematic internal layout
XBOXONE-0907,OpticalIC2,XBOXONE-0907 · Independent optical controller package002,Optical,black,1,114.2214512719467,11.0,8.0,1.3000000000000007,Schematic internal layout
XBOXONE-0908,OpticalDeckRail0,XBOXONE-0908 · Independent stamped drive mechanism rail,Optical,metal,1,571.7853981633974,4.0,143.0,1.0,Schematic internal layout
XBOXONE-0909,OpticalDeckRail1,XBOXONE-0909 · Independent stamped drive mechanism rail001,Optical,metal,1,571.7853981633974,4.0,143.0,1.0,Schematic internal layout
XBOXONE-0910,OpticalSpindleShaft,XBOXONE-0910 · Separate spindle shaft,Optical,metal,1,30.410616886749157,2.1999999999999886,2.200000000000003,8.0,Schematic internal layout
XBOXONE-0911,OpticalSpindleTable,XBOXONE-0911 · Separate disc support table; no media included,Optical,matte,1,957.7082372615419,32.0,32.0,1.2000000000000028,Schematic internal layout
XBOXONE-0912,OpticalClamp,XBOXONE-0912 · Independent magnetic disc clamp,Optical,matte,1,629.7259642267674,26.0,26.0,1.2000000000000028,Schematic internal layout
XBOXONE-0913,PickupGuide0,XBOXONE-0913 · Independent optical pickup guide rod,Optical,metal,1,278.3686710529575,2.3000000000000114,67.0,2.299999999999997,Schematic internal layout
XBOXONE-0914,PickupGuide1,XBOXONE-0914 · Independent optical pickup guide rod001,Optical,metal,1,278.3686710529575,2.3000000000000043,67.0,2.299999999999997,Schematic internal layout
XBOXONE-0915,PickupCarriage,XBOXONE-0915 · Separate optical pickup carriage,Optical,matte,1,2432.5663706143587,29.0,21.0,4.0,Schematic internal layout
XBOXONE-0916,PickupLensBarrel,XBOXONE-0916 · Separate optical pickup lens barrel,Optical,matte,1,54.72654402553418,8.0,8.0,2.0,Schematic internal layout
XBOXONE-0917,PickupLens,XBOXONE-0917 · Independent optical lens envelope,Optical,blue,1,10.799224746714893,5.0,5.0,0.5499999999999972,Schematic internal layout
XBOXONE-0918,PickupLeadScrew,XBOXONE-0918 · Separate optical sled leadscrew,Optical,metal,1,286.67818362170254,2.299999999999997,69.0,2.299999999999997,Schematic internal layout
XBOXONE-0919,PickupMotor,XBOXONE-0919 · Independent optical sled motor,Optical,metal,1,580.8804816487527,8.599999999999994,10.0,8.599999999999998,Schematic internal layout
XBOXONE-0920,LoadingRoller0,XBOXONE-0920 · Separate slot-loading rubber roller,Optical,rubber,1,2153.373268476587,119.0,4.800000000000011,4.799999999999997,Schematic internal layout
XBOXONE-0921,LoadingAxle0,XBOXONE-0921 · Independent loading-roller axle end,Optical,metal,1,13.618804153311757,6.0,1.6999999999999886,1.7000000000000028,Schematic internal layout
XBOXONE-0922,LoadingRoller1,XBOXONE-0922 · Separate slot-loading rubber roller001,Optical,rubber,1,2153.3732684765864,119.0,4.800000000000011,4.799999999999997,Schematic internal layout
XBOXONE-0923,LoadingAxle1,XBOXONE-0923 · Independent loading-roller axle end001,Optical,metal,1,13.618804153311757,6.0,1.6999999999999886,1.7000000000000028,Schematic internal layout
XBOXONE-0924,LoadingMotor,XBOXONE-0924 · Separate slot-loading drive motor,Optical,metal,1,703.7167544041132,8.0,14.0,8.0,Schematic internal layout
XBOXONE-0925,LoadingGear0,XBOXONE-0925 · Separate slot-loading gear envelope,Optical,white,1,55.29203070318039,8.0,8.0,1.1000000000000014,Schematic internal layout
XBOXONE-0926,LoadingGear1,XBOXONE-0926 · Separate slot-loading gear envelope001,Optical,white,1,11.196636217394017,3.6000000000000085,3.5999999999999943,1.1000000000000014,Schematic internal layout
XBOXONE-0927,LoadingGear2,XBOXONE-0927 · Separate slot-loading gear envelope002,Optical,white,1,11.196636217394037,3.5999999999999943,3.5999999999999943,1.1000000000000014,Schematic internal layout
XBOXONE-0928,PickupFlex,XBOXONE-0928 · Independent optical pickup flex ribbon,Optical,copper,1,78.22995574287575,13.0,43.0,0.14000000000000057,Schematic internal layout
XBOXONE-0929,HDDTray,XBOXONE-0929 · Separate original plastic hard-drive cradle,Storage,matte,1,3252.051237089375,108.0,79.0,3.0,Schematic internal layout
XBOXONE-0930,HDDBottomSupport,XBOXONE-0930 · Independent hard-drive support plate,Storage,matte,1,4787.484955592157,105.0,76.0,0.6000000000000014,Schematic internal layout
XBOXONE-0931,HDDBase,XBOXONE-0931 · Original 500 GB 2.5-inch drive side frame,Storage,metal,1,2467.831110878443,100.0,69.85,6.100000000000001,Schematic internal layout
XBOXONE-0932,HDDFloor,XBOXONE-0932 · Independent hard-drive floor,Storage,metal,1,3581.248729910959,97.19999999999999,67.0,0.5499999999999972,Schematic internal layout
XBOXONE-0933,HDDCover,XBOXONE-0933 · Independent hard-drive metal lid,Storage,metal,1,4188.939822368618,100.0,69.85,0.6000000000000014,Schematic internal layout
XBOXONE-0934,HDDLabel,XBOXONE-0934 · Blank drive-study label,Storage,white,1,186.15707963267596,76.0,49.0,0.04999999999999716,Schematic internal layout
XBOXONE-0935,HDDMark,XBOXONE-0935 · 500 GB / CAD,Storage,black,9,0.5174673865435111,30.1067535557047,3.7583893617449604,0.01800020000000302,"Original black enclosure study; published envelope, approximate local detail"
XBOXONE-0936,HDDPCB,XBOXONE-0936 · Separate hard-drive control PCB,Storage,pcb,1,4391.313274122867,90.0,61.0,0.7999999999999972,Schematic internal layout
XBOXONE-0937,HDDChip0,XBOXONE-0937 · Separate HDD controller envelope,Storage,black,1,332.2611548396463,17.0,17.0,1.1499999999999986,Schematic internal layout
XBOXONE-0938,HDDChip1,XBOXONE-0938 · Separate HDD controller envelope001,Storage,black,1,149.41115483964643,13.0,10.0,1.1499999999999986,Schematic internal layout
XBOXONE-0939,HDDChip2,XBOXONE-0939 · Separate HDD controller envelope002,Storage,black,1,93.06115483964649,9.0,9.0,1.1499999999999986,Schematic internal layout
XBOXONE-0940,HDDPlatter,XBOXONE-0940 · Independent disk platter envelope,Storage,metal,1,1593.2398647121431,60.0,60.0,0.6000000000000014,Schematic internal layout
XBOXONE-0941,HDDSpindle,XBOXONE-0941 · Independent hard-drive spindle,Storage,metal,1,354.0574920595694,14.0,14.0,2.299999999999997,Schematic internal layout
XBOXONE-0942,HDDActuatorPivot,XBOXONE-0942 · Independent head actuator pivot,Storage,metal,1,138.5442360233099,8.400000000000006,8.400000000000006,2.5,Schematic internal layout
XBOXONE-0943,HDDActuatorArm,XBOXONE-0943 · Independent head actuator arm study,Storage,metal,1,190.80000000000013,43.0,34.0,0.6000000000000014,Schematic internal layout
XBOXONE-0944,HDDHead,XBOXONE-0944 · Independent head slider envelope,Storage,black,1,1.189699111843074,2.0,2.0,0.29999999999999716,Schematic internal layout
XBOXONE-0945,HDDVoiceCoil,XBOXONE-0945 · Separate hard-drive actuator coil,Storage,copper,1,52.92610567450016,12.0,13.0,0.6499999999999986,Schematic internal layout
XBOXONE-0946,HDDMagnet,XBOXONE-0946 · Independent actuator magnet,Storage,black,1,142.85309649148718,13.0,14.0,0.7999999999999972,Schematic internal layout
XBOXONE-0947,HDDScrew0,XBOXONE-0947 · Separate drive cover screw-head envelope,Storage,metal,1,1.5927874753700217,2.5999999999999943,2.5999999999999943,0.29999999999999716,Schematic internal layout
XBOXONE-0948,HDDScrew1,XBOXONE-0948 · Separate drive cover screw-head envelope001,Storage,metal,1,1.5927874753700213,2.5999999999999943,2.5999999999999943,0.29999999999999716,Schematic internal layout
XBOXONE-0949,HDDScrew2,XBOXONE-0949 · Separate drive cover screw-head envelope002,Storage,metal,1,1.5927874753700217,2.5999999999999943,2.5999999999999943,0.29999999999999716,Schematic internal layout
XBOXONE-0950,HDDScrew3,XBOXONE-0950 · Separate drive cover screw-head envelope003,Storage,metal,1,1.5927874753700213,2.5999999999999943,2.5999999999999943,0.29999999999999716,Schematic internal layout
XBOXONE-0951,FanBlade0,XBOXONE-0951 · Separate twisted axial fan blade study007,Cooling,matte,1,6553.990741446931,37.54092074353045,35.99820078461655,15.000000199999995,Schematic internal layout
XBOXONE-0952,FanBlade1,XBOXONE-0952 · Separate twisted axial fan blade study008,Cooling,matte,1,6553.99074166008,37.602527725714225,41.04581089400975,15.000000199999995,Schematic internal layout
XBOXONE-0953,FanBlade2,XBOXONE-0953 · Separate twisted axial fan blade study009,Cooling,matte,1,6553.990741660073,35.37414390340586,40.5107696926419,15.000000199999995,Schematic internal layout
XBOXONE-0954,FanBlade3,XBOXONE-0954 · Separate twisted axial fan blade study010,Cooling,matte,1,6553.990741660099,38.8449331195291,35.18731531133059,15.000000199999995,Schematic internal layout
XBOXONE-0955,FanBlade4,XBOXONE-0955 · Separate twisted axial fan blade study011,Cooling,matte,1,6553.990741660081,41.611448548942235,39.265787380088675,15.000000199999995,Schematic internal layout
XBOXONE-0956,FanBlade5,XBOXONE-0956 · Separate twisted axial fan blade study012,Cooling,matte,1,6553.990741660073,36.50809213504301,37.16837409219384,15.000000199999995,Schematic internal layout
XBOXONE-0957,FanBlade6,XBOXONE-0957 · Separate twisted axial fan blade study013,Cooling,matte,1,6553.99074166006,41.18848032791347,40.625555630750206,15.000000199999995,Schematic internal layout
XBOXONE-0958,OpticalSpindleMotor,XBOXONE-0958 · Independent optical spindle motor001,Optical,metal,1,1564.7801768632723,24.0,24.0,3.5,Schematic internal layout
XBOXONE-0959,FrontRFPCB,XBOXONE-0959 · Separate original front RF/UI circuit board,Wireless,pcb,1,2022.4506192982976,119.0,1.0,17.0,Schematic internal layout
XBOXONE-0960,FrontRFIC0,XBOXONE-0960 · Independent front-board IC envelope,Wireless,black,1,107.92274333882305,12.0,1.0,9.0,Schematic internal layout
XBOXONE-0961,FrontRFIC1,XBOXONE-0961 · Independent front-board IC envelope001,Wireless,black,1,63.922743338823075,8.0,1.0,8.0,Schematic internal layout
XBOXONE-0962,FrontRFIC2,XBOXONE-0962 · Independent front-board IC envelope002,Wireless,black,1,35.92274333882308,6.0,1.0,6.0,Schematic internal layout
XBOXONE-0963,PowerGuideRear,XBOXONE-0963 · Separate front power light-guide stem,Wireless,white,1,37.699111843077496,4.0,3.0,4.0,Schematic internal layout
XBOXONE-0964,PowerSensePad,XBOXONE-0964 · Separate capacitive power electrode study001,Wireless,copper,1,2.847637175984402,10.0,0.03499999999999659,10.0,Schematic internal layout
XBOXONE-0965,WirelessPCB,XBOXONE-0965 · Independent top-mounted Wi-Fi daughterboard,Wireless,pcb,1,1208.9132741228705,54.0,28.0,0.7999999999999972,Schematic internal layout
XBOXONE-0966,WirelessIC0,XBOXONE-0966 · Separate wireless IC envelope,Wireless,black,1,107.9420575041173,12.0,12.0,0.75,Schematic internal layout
XBOXONE-0967,WirelessIC1,XBOXONE-0967 · Separate wireless IC envelope001,Wireless,black,1,74.94205750411732,10.0,10.0,0.75,Schematic internal layout
XBOXONE-0968,WirelessAntenna0,XBOXONE-0968 · Independent antenna conductor study,Wireless,gold,1,3.1986265482459104,4.0,20.0,0.04000000000000625,Schematic internal layout
XBOXONE-0969,WirelessAntenna1,XBOXONE-0969 · Independent antenna conductor study001,Wireless,gold,1,3.1986265482459104,4.0,20.0,0.04000000000000625,Schematic internal layout
XBOXONE-0970,SpeakerBasket,XBOXONE-0970 · Separate original console piezo/speaker basket,Wireless,matte,1,435.89598068558416,20.0,20.0,5.0,Schematic internal layout
XBOXONE-0971,SpeakerDiaphragm,XBOXONE-0971 · Separate console sound diaphragm,Wireless,metal,1,42.24813800547573,16.399999999999977,16.400000000000002,0.20000000000000284,Schematic internal layout
XBOXONE-0972,SpeakerMagnet,XBOXONE-0972 · Separate sound-transducer magnet study,Wireless,black,1,100.53096491487338,8.0,8.0,2.0,Schematic internal layout
XBOXONE-0973,SpeakerBracket,XBOXONE-0973 · Independent speaker holder,Wireless,matte,1,399.8955929770633,25.0,25.0,1.0,Schematic internal layout
XBOXONE-0974,OpticalDataHeaderHousing,XBOXONE-0974 · Independent internal cable header,Wiring,matte,1,124.65192906802335,13.0,6.0,4.0,Schematic internal layout
XBOXONE-0975,OpticalDataHeaderPin0,XBOXONE-0975 · Independent schematic header contact,Wiring,gold,1,0.3801327110843654,0.4399999999999995,0.4399999999999977,2.5,Schematic internal layout
XBOXONE-0976,OpticalDataHeaderPin1,XBOXONE-0976 · Independent schematic header contact001,Wiring,gold,1,0.38013271108436525,0.4400000000000004,0.4399999999999977,2.5,Schematic internal layout
XBOXONE-0977,OpticalDataHeaderPin2,XBOXONE-0977 · Independent schematic header contact002,Wiring,gold,1,0.3801327110843654,0.43999999999999995,0.4399999999999977,2.5,Schematic internal layout
XBOXONE-0978,OpticalDataHeaderPin3,XBOXONE-0978 · Independent schematic header contact003,Wiring,gold,1,0.38013271108436536,0.44,0.4399999999999977,2.5,Schematic internal layout
XBOXONE-0979,OpticalDataHeaderPin4,XBOXONE-0979 · Independent schematic header contact004,Wiring,gold,1,0.3801327110843654,0.43999999999999995,0.4399999999999977,2.5,Schematic internal layout
XBOXONE-0980,OpticalDataHeaderPin5,XBOXONE-0980 · Independent schematic header contact005,Wiring,gold,1,0.38013271108436525,0.4400000000000004,0.4399999999999977,2.5,Schematic internal layout
XBOXONE-0981,OpticalDataHeaderPin6,XBOXONE-0981 · Independent schematic header contact006,Wiring,gold,1,0.3801327110843654,0.4399999999999995,0.4399999999999977,2.5,Schematic internal layout
XBOXONE-0982,OpticalPowerHeaderHousing,XBOXONE-0982 · Independent internal cable header001,Wiring,matte,1,149.13192906802345,16.0,6.0,4.0,Schematic internal layout
XBOXONE-0983,OpticalPowerHeaderPin0,XBOXONE-0983 · Independent schematic header contact007,Wiring,gold,1,0.3801327110843652,0.4399999999999977,0.4399999999999977,2.5,Schematic internal layout
XBOXONE-0984,OpticalPowerHeaderPin1,XBOXONE-0984 · Independent schematic header contact008,Wiring,gold,1,0.3801327110843652,0.4399999999999977,0.4399999999999977,2.5,Schematic internal layout
XBOXONE-0985,OpticalPowerHeaderPin2,XBOXONE-0985 · Independent schematic header contact009,Wiring,gold,1,0.3801327110843652,0.4399999999999977,0.4399999999999977,2.5,Schematic internal layout
XBOXONE-0986,OpticalPowerHeaderPin3,XBOXONE-0986 · Independent schematic header contact010,Wiring,gold,1,0.3801327110843655,0.4400000000000013,0.4399999999999977,2.5,Schematic internal layout
XBOXONE-0987,OpticalDataPlug,XBOXONE-0987 · Independent optical SATA data plug,Wiring,matte,1,191.14159265358978,12.0,4.0,4.0,Schematic internal layout
XBOXONE-0988,OpticalPowerPlug,XBOXONE-0988 · Independent optical power plug,Wiring,matte,1,239.14159265358978,15.0,4.0,4.0,Schematic internal layout
XBOXONE-0989,OpticalDataCable,XBOXONE-0989 · Independent insulated cable route study,Wiring,red,1,414.04842949448675,97.00000019999999,32.78086890944305,22.5000001,Schematic internal layout
XBOXONE-0990,OpticalPowerWire0,XBOXONE-0990 · Independent insulated cable route study001,Wiring,gold,1,27.049868592140122,53.6000002,45.10000009999999,16.8000001,Schematic internal layout
XBOXONE-0991,OpticalPowerWire1,XBOXONE-0991 · Independent insulated cable route study002,Wiring,black,1,27.04986859214011,53.6000002,45.10000009999999,16.8000001,Schematic internal layout
XBOXONE-0992,OpticalPowerWire2,XBOXONE-0992 · Independent insulated cable route study003,Wiring,gold,1,27.049868592140097,53.60000019999998,45.10000009999999,16.8000001,Schematic internal layout
XBOXONE-0993,OpticalPowerWire3,XBOXONE-0993 · Independent insulated cable route study004,Wiring,black,1,27.049868592140104,53.60000019999998,45.10000009999999,16.8000001,Schematic internal layout
XBOXONE-0994,HDDDataHeaderHousing,XBOXONE-0994 · Independent internal cable header002,Wiring,matte,1,124.65192906802332,13.0,6.0,4.0,Schematic internal layout
XBOXONE-0995,HDDDataHeaderPin0,XBOXONE-0995 · Independent schematic header contact011,Wiring,gold,1,0.3801327110843654,0.4399999999999995,0.4399999999999977,2.5,Schematic internal layout
XBOXONE-0996,HDDDataHeaderPin1,XBOXONE-0996 · Independent schematic header contact012,Wiring,gold,1,0.38013271108436525,0.4400000000000004,0.4399999999999977,2.5,Schematic internal layout
XBOXONE-0997,HDDDataHeaderPin2,XBOXONE-0997 · Independent schematic header contact013,Wiring,gold,1,0.3801327110843654,0.43999999999999995,0.4399999999999977,2.5,Schematic internal layout
XBOXONE-0998,HDDDataHeaderPin3,XBOXONE-0998 · Independent schematic header contact014,Wiring,gold,1,0.38013271108436536,0.44,0.4399999999999977,2.5,Schematic internal layout
XBOXONE-0999,HDDDataHeaderPin4,XBOXONE-0999 · Independent schematic header contact015,Wiring,gold,1,0.3801327110843654,0.43999999999999995,0.4399999999999977,2.5,Schematic internal layout
XBOXONE-1000,HDDDataHeaderPin5,XBOXONE-1000 · Independent schematic header contact016,Wiring,gold,1,0.38013271108436525,0.4400000000000004,0.4399999999999977,2.5,Schematic internal layout
XBOXONE-1001,HDDDataHeaderPin6,XBOXONE-1001 · Independent schematic header contact017,Wiring,gold,1,0.3801327110843654,0.4399999999999995,0.4399999999999977,2.5,Schematic internal layout
XBOXONE-1002,HDDPowerHeaderHousing,XBOXONE-1002 · Independent internal cable header003,Wiring,matte,1,149.13192906802323,16.0,6.0,4.0,Schematic internal layout
XBOXONE-1003,HDDPowerHeaderPin0,XBOXONE-1003 · Independent schematic header contact018,Wiring,gold,1,0.3801327110843652,0.4399999999999977,0.4399999999999977,2.5,Schematic internal layout
XBOXONE-1004,HDDPowerHeaderPin1,XBOXONE-1004 · Independent schematic header contact019,Wiring,gold,1,0.3801327110843652,0.4399999999999977,0.4399999999999977,2.5,Schematic internal layout
XBOXONE-1005,HDDPowerHeaderPin2,XBOXONE-1005 · Independent schematic header contact020,Wiring,gold,1,0.3801327110843652,0.4399999999999977,0.4399999999999977,2.5,Schematic internal layout
XBOXONE-1006,HDDPowerHeaderPin3,XBOXONE-1006 · Independent schematic header contact021,Wiring,gold,1,0.3801327110843655,0.4400000000000013,0.4399999999999977,2.5,Schematic internal layout
XBOXONE-1007,HDDDataPlug,XBOXONE-1007 · Independent hard-drive SATA data plug,Wiring,matte,1,191.1415926535898,12.0,4.0,4.0,Schematic internal layout
XBOXONE-1008,HDDPowerPlug,XBOXONE-1008 · Independent hard-drive SATA power plug,Wiring,matte,1,430.7123889803847,18.0,4.0,6.0,Schematic internal layout
XBOXONE-1009,HDDDataCable,XBOXONE-1009 · Independent insulated cable route study005,Wiring,red,1,187.52514421355602,49.60000019999997,21.600000199999997,32.3000001,Schematic internal layout
XBOXONE-1010,HDDPowerWire0,XBOXONE-1010 · Independent insulated cable route study006,Wiring,gold,1,22.4789772536025,87.50000019999999,14.00000020000003,28.2500001,Schematic internal layout
XBOXONE-1011,HDDPowerWire1,XBOXONE-1011 · Independent insulated cable route study007,Wiring,black,1,22.636056886281928,87.50000019999997,14.00000020000003,29.0500001,Schematic internal layout
XBOXONE-1012,HDDPowerWire2,XBOXONE-1012 · Independent insulated cable route study008,Wiring,gold,1,22.793136518961376,87.50000019999999,14.000000200000045,29.850000100000003,Schematic internal layout
XBOXONE-1013,HDDPowerWire3,XBOXONE-1013 · Independent insulated cable route study009,Wiring,black,1,22.95021615164088,87.50000019999999,14.000000200000045,30.6500001,Schematic internal layout
XBOXONE-1014,FanHeaderHousing,XBOXONE-1014 · Independent internal cable header004,Wiring,matte,1,108.33192906802347,11.0,6.0,4.0,Schematic internal layout
XBOXONE-1015,FanHeaderPin0,XBOXONE-1015 · Independent schematic header contact022,Wiring,gold,1,0.38013271108436314,0.4399999999999977,0.4399999999999977,2.5,Schematic internal layout
XBOXONE-1016,FanHeaderPin1,XBOXONE-1016 · Independent schematic header contact023,Wiring,gold,1,0.3801327110843632,0.4399999999999977,0.4399999999999977,2.5,Schematic internal layout
XBOXONE-1017,FanHeaderPin2,XBOXONE-1017 · Independent schematic header contact024,Wiring,gold,1,0.3801327110843632,0.4399999999999977,0.4399999999999977,2.5,Schematic internal layout
XBOXONE-1018,FanHeaderPin3,XBOXONE-1018 · Independent schematic header contact025,Wiring,gold,1,0.3801327110843632,0.4399999999999977,0.4399999999999977,2.5,Schematic internal layout
XBOXONE-1019,FanWire0,XBOXONE-1019 · Independent insulated cable route study010,Wiring,black,1,17.860094500389977,17.220000099999993,52.790000199999994,44.72000009999999,Schematic internal layout
XBOXONE-1020,FanWire1,XBOXONE-1020 · Independent insulated cable route study011,Wiring,red,1,17.741529723867778,17.22000010000002,51.890000199999996,44.72000009999999,Schematic internal layout
XBOXONE-1021,FanWire2,XBOXONE-1021 · Independent insulated cable route study012,Wiring,gold,1,17.63369993384603,17.220000099999993,51.41558434304886,44.72000009999999,Schematic internal layout
XBOXONE-1022,FanWire3,XBOXONE-1022 · Independent insulated cable route study013,Wiring,blue,1,17.538127765261507,17.220000099999993,51.36021486660138,44.72000009999999,Schematic internal layout
XBOXONE-1023,WirelessHeaderHousing,XBOXONE-1023 · Independent internal cable header005,Wiring,matte,1,116.4919290680235,12.0,6.0,4.0,Schematic internal layout
XBOXONE-1024,WirelessHeaderPin0,XBOXONE-1024 · Independent schematic header contact026,Wiring,gold,1,0.3801327110843651,0.4399999999999977,0.4399999999999977,2.5,Schematic internal layout
XBOXONE-1025,WirelessHeaderPin1,XBOXONE-1025 · Independent schematic header contact027,Wiring,gold,1,0.3801327110843651,0.4399999999999977,0.4399999999999977,2.5,Schematic internal layout
XBOXONE-1026,WirelessHeaderPin2,XBOXONE-1026 · Independent schematic header contact028,Wiring,gold,1,0.3801327110843651,0.4399999999999977,0.4399999999999977,2.5,Schematic internal layout
XBOXONE-1027,WirelessHeaderPin3,XBOXONE-1027 · Independent schematic header contact029,Wiring,gold,1,0.3801327110843651,0.4399999999999977,0.4399999999999977,2.5,Schematic internal layout
XBOXONE-1028,WirelessHeaderPin4,XBOXONE-1028 · Independent schematic header contact030,Wiring,gold,1,0.3801327110843651,0.4399999999999977,0.4399999999999977,2.5,Schematic internal layout
XBOXONE-1029,WirelessHeaderPin5,XBOXONE-1029 · Independent schematic header contact031,Wiring,gold,1,0.3801327110843651,0.4399999999999977,0.4399999999999977,2.5,Schematic internal layout
XBOXONE-1030,WirelessCable,XBOXONE-1030 · Independent insulated cable route study014,Wiring,black,1,101.94125356859696,34.60000009999997,22.20000020000002,57.1000001,Schematic internal layout
XBOXONE-1031,FrontRFHeaderHousing,XBOXONE-1031 · Independent internal cable header006,Wiring,matte,1,116.49192906802338,12.0,6.0,4.0,Schematic internal layout
XBOXONE-1032,FrontRFHeaderPin0,XBOXONE-1032 · Independent schematic header contact032,Wiring,gold,1,0.3801327110843655,0.4400000000000013,0.4399999999999977,2.5,Schematic internal layout
XBOXONE-1033,FrontRFHeaderPin1,XBOXONE-1033 · Independent schematic header contact033,Wiring,gold,1,0.3801327110843656,0.4400000000000013,0.4399999999999977,2.5,Schematic internal layout
XBOXONE-1034,FrontRFHeaderPin2,XBOXONE-1034 · Independent schematic header contact034,Wiring,gold,1,0.3801327110843656,0.4400000000000013,0.4399999999999977,2.5,Schematic internal layout
XBOXONE-1035,FrontRFHeaderPin3,XBOXONE-1035 · Independent schematic header contact035,Wiring,gold,1,0.3801327110843655,0.4400000000000013,0.4399999999999977,2.5,Schematic internal layout
XBOXONE-1036,FrontRFHeaderPin4,XBOXONE-1036 · Independent schematic header contact036,Wiring,gold,1,0.38013271108436536,0.4399999999999995,0.4399999999999977,2.5,Schematic internal layout
XBOXONE-1037,FrontRFHeaderPin5,XBOXONE-1037 · Independent schematic header contact037,Wiring,gold,1,0.3801327110843652,0.4399999999999977,0.4399999999999977,2.5,Schematic internal layout
XBOXONE-1038,FrontRFCable,XBOXONE-1038 · Independent insulated cable route study015,Wiring,black,1,56.91009529776007,25.734985118348995,20.067958151377155,38.0500001,Schematic internal layout
XBOXONE-1039,SpeakerWire0,XBOXONE-1039 · Independent insulated cable route study016,Wiring,red,1,5.1884665110367845,6.440000200000156,28.720000099999936,5.220000099999993,Schematic internal layout
XBOXONE-1040,SpeakerWire1,XBOXONE-1040 · Independent insulated cable route study017,Wiring,black,1,5.188466511036797,6.440000200000128,28.720000099999943,5.220000099999993,Schematic internal layout
XBOXONE-1041,UpperShield,XBOXONE-1041 · Independent perforated upper EMI shield001,Shielding,metal,1,36722.27729466452,329.0,249.0,0.5499999999999972,Schematic internal layout
XBOXONE-1042,Mainboard,XBOXONE-1042 · Original 1540 green motherboard laminate003,Mainboard,pcb,1,119208.67458874086,315.00000000000125,237.00000000000023,1.5999999999999996,Schematic internal layout
XBOXONE-1043,CoverTower0,XBOXONE-1043 · Independent long cover screw guide tower,Frame,matte,1,1495.3981031087415,6.0,6.0,64.0,Schematic internal layout
XBOXONE-1044,CoverShaft0,XBOXONE-1044 · Separate long cover screw shaft study,Frame,metal,1,221.6707776372954,2.1000000000000227,2.0999999999999943,64.0,Schematic internal layout
XBOXONE-1045,CoverHead0,XBOXONE-1045 · Independent recessed fastener head study,Frame,metal,1,9.171986088832652,4.199999999999989,4.199999999999989,0.7000000000000028,Schematic internal layout
XBOXONE-1046,CoverTower1,XBOXONE-1046 · Independent long cover screw guide tower001,Frame,matte,1,1495.3981031087415,6.0,6.0,64.0,Schematic internal layout
XBOXONE-1047,CoverShaft1,XBOXONE-1047 · Separate long cover screw shaft study001,Frame,metal,1,221.6707776372954,2.1000000000000227,2.0999999999999943,64.0,Schematic internal layout
XBOXONE-1048,CoverHead1,XBOXONE-1048 · Independent recessed fastener head study001,Frame,metal,1,9.17198608883265,4.199999999999989,4.199999999999989,0.7000000000000028,Schematic internal layout
XBOXONE-1049,CoverTower2,XBOXONE-1049 · Independent long cover screw guide tower002,Frame,matte,1,1495.3981031087415,6.0,6.0,64.0,Schematic internal layout
XBOXONE-1050,CoverShaft2,XBOXONE-1050 · Separate long cover screw shaft study002,Frame,metal,1,221.6707776372954,2.1000000000000227,2.0999999999999943,64.0,Schematic internal layout
XBOXONE-1051,CoverHead2,XBOXONE-1051 · Independent recessed fastener head study002,Frame,metal,1,9.171986088832652,4.199999999999989,4.199999999999989,0.7000000000000028,Schematic internal layout
XBOXONE-1052,CoverTower3,XBOXONE-1052 · Independent long cover screw guide tower003,Frame,matte,1,1495.3981031087415,6.0,6.0,64.0,Schematic internal layout
XBOXONE-1053,CoverShaft3,XBOXONE-1053 · Separate long cover screw shaft study003,Frame,metal,1,221.6707776372954,2.1000000000000227,2.0999999999999943,64.0,Schematic internal layout
XBOXONE-1054,CoverHead3,XBOXONE-1054 · Independent recessed fastener head study003,Frame,metal,1,9.17198608883265,4.199999999999989,4.199999999999989,0.7000000000000028,Schematic internal layout
XBOXONE-1055,CoverTower4,XBOXONE-1055 · Independent long cover screw guide tower004,Frame,matte,1,1495.3981031087421,6.0,6.0,64.0,Schematic internal layout
XBOXONE-1056,CoverShaft4,XBOXONE-1056 · Separate long cover screw shaft study004,Frame,metal,1,221.67077763729586,2.0999999999999996,2.0999999999999943,64.0,Schematic internal layout
XBOXONE-1057,CoverHead4,XBOXONE-1057 · Independent recessed fastener head study004,Frame,metal,1,9.171986088832675,4.199999999999999,4.199999999999989,0.7000000000000028,Schematic internal layout
XBOXONE-1058,CoverTower5,XBOXONE-1058 · Independent long cover screw guide tower005,Frame,matte,1,1495.3981031087421,6.0,6.0,64.0,Schematic internal layout
XBOXONE-1059,CoverShaft5,XBOXONE-1059 · Separate long cover screw shaft study005,Frame,metal,1,221.67077763729586,2.0999999999999996,2.0999999999999943,64.0,Schematic internal layout
XBOXONE-1060,CoverHead5,XBOXONE-1060 · Independent recessed fastener head study005,Frame,metal,1,9.171986088832677,4.199999999999999,4.199999999999989,0.7000000000000028,Schematic internal layout
XBOXONE-1061,CoverTower6,XBOXONE-1061 · Independent long cover screw guide tower006,Frame,matte,1,1495.3981031087408,6.0,6.0,64.0,Schematic internal layout
XBOXONE-1062,CoverShaft6,XBOXONE-1062 · Separate long cover screw shaft study006,Frame,metal,1,221.67077763729537,2.1000000000000227,2.1,64.0,Schematic internal layout
XBOXONE-1063,CoverHead6,XBOXONE-1063 · Independent recessed fastener head study006,Frame,metal,1,9.171986088832652,4.199999999999989,4.2,0.7000000000000028,Schematic internal layout
XBOXONE-1064,CoverTower7,XBOXONE-1064 · Independent long cover screw guide tower007,Frame,matte,1,1495.3981031087408,6.0,6.0,64.0,Schematic internal layout
XBOXONE-1065,CoverShaft7,XBOXONE-1065 · Separate long cover screw shaft study007,Frame,metal,1,221.67077763729537,2.1000000000000227,2.1,64.0,Schematic internal layout
XBOXONE-1066,CoverHead7,XBOXONE-1066 · Independent recessed fastener head study007,Frame,metal,1,9.171986088832652,4.199999999999989,4.2,0.7000000000000028,Schematic internal layout
XBOXONE-1067,BoardScrewShaft0,XBOXONE-1067 · Separate motherboard mounting screw shank,Frame,metal,1,22.513438353787816,2.1000000000000227,2.0999999999999943,6.5,Schematic internal layout
XBOXONE-1068,BoardScrewHead0,XBOXONE-1068 · Independent motherboard mounting head,Frame,metal,1,8.734805674224706,4.399999999999977,4.400000000000006,0.6500000000000004,Schematic internal layout
XBOXONE-1069,BoardScrewShaft1,XBOXONE-1069 · Separate motherboard mounting screw shank001,Frame,metal,1,22.513438353787816,2.1000000000000227,2.0999999999999943,6.5,Schematic internal layout
XBOXONE-1070,BoardScrewHead1,XBOXONE-1070 · Independent motherboard mounting head001,Frame,metal,1,8.734805674224706,4.399999999999977,4.400000000000006,0.6500000000000004,Schematic internal layout
XBOXONE-1071,BoardScrewShaft2,XBOXONE-1071 · Separate motherboard mounting screw shank002,Frame,metal,1,22.513438353787816,2.1000000000000227,2.0999999999999943,6.5,Schematic internal layout
XBOXONE-1072,BoardScrewHead2,XBOXONE-1072 · Independent motherboard mounting head002,Frame,metal,1,8.734805674224706,4.399999999999977,4.400000000000006,0.6500000000000004,Schematic internal layout
XBOXONE-1073,BoardScrewShaft3,XBOXONE-1073 · Separate motherboard mounting screw shank003,Frame,metal,1,22.513438353787816,2.1000000000000227,2.0999999999999943,6.5,Schematic internal layout
XBOXONE-1074,BoardScrewHead3,XBOXONE-1074 · Independent motherboard mounting head003,Frame,metal,1,8.734805674224706,4.399999999999977,4.400000000000006,0.6500000000000004,Schematic internal layout
XBOXONE-1075,BoardScrewShaft4,XBOXONE-1075 · Separate motherboard mounting screw shank004,Frame,metal,1,22.513438353787862,2.1,2.0999999999999943,6.5,Schematic internal layout
XBOXONE-1076,BoardScrewHead4,XBOXONE-1076 · Independent motherboard mounting head004,Frame,metal,1,8.734805674224718,4.4,4.400000000000006,0.6500000000000004,Schematic internal layout
XBOXONE-1077,BoardScrewShaft5,XBOXONE-1077 · Separate motherboard mounting screw shank005,Frame,metal,1,22.513438353787862,2.1,2.0999999999999943,6.5,Schematic internal layout
XBOXONE-1078,BoardScrewHead5,XBOXONE-1078 · Independent motherboard mounting head005,Frame,metal,1,8.734805674224718,4.4,4.400000000000006,0.6500000000000004,Schematic internal layout
XBOXONE-1079,PadBack,XBOXONE-1079 · PadBack010,Controller,matte,1,12278.181943704814,90.00000020077132,101.76415267483875,20.00000020037332,"Original black enclosure study; published envelope, approximate local detail"
XBOXONE-1080,PadFront,XBOXONE-1080 · PadFront009,Controller,matte,1,27586.497003056098,154.1875002,108.48712637333969,14.700000200953419,"Original black enclosure study; published envelope, approximate local detail"
XBOXONE-1081,PadGripCover0,XBOXONE-1081 · Separate original removable rear grip panel004,Controller,matte,1,9984.204850734392,32.15317577956612,106.5224269586239,20.00000020000577,"Original black enclosure study; published envelope, approximate local detail"
XBOXONE-1082,PadGripCover1,XBOXONE-1082 · Separate original removable rear grip panel005,Controller,matte,1,9984.217074836568,32.15317578097515,106.52242695862395,20.000000200005758,"Original black enclosure study; published envelope, approximate local detail"
XBOXONE-1083,PadBatteryDoor,XBOXONE-1083 · Separate original flush dual-AA battery door,Controller,matte,1,2848.328120965801,57.5,35.5,1.4,"Original black enclosure study; published envelope, approximate local detail"
XBOXONE-1084,PadStickDome0,XBOXONE-1084 · Independent original thumbstick dust dome,Controller,matte,1,1761.6040982033287,23.531255810092247,23.53125581009226,4.800000000000004,Schematic internal layout
XBOXONE-1085,PadStickStem0,XBOXONE-1085 · Independent hollow thumbstick neck,Controller,matte,1,108.57344210806329,5.599999999999994,5.600000000000023,9.0,Schematic internal layout
XBOXONE-1086,PadStickCap0,XBOXONE-1086 · Original concave rubber thumb cap,Controller,rubber,1,570.0723557228539,19.0,19.0,2.5,"Original black enclosure study; published envelope, approximate local detail"
XBOXONE-1087,PadStickDome1,XBOXONE-1087 · Independent original thumbstick dust dome001,Controller,matte,1,1761.6040982033285,23.531255810092247,23.53125581009226,4.800000000000004,Schematic internal layout
XBOXONE-1088,PadStickStem1,XBOXONE-1088 · Independent hollow thumbstick neck001,Controller,matte,1,108.57344210806292,5.600000000000001,5.600000000000023,9.0,Schematic internal layout
XBOXONE-1089,PadStickCap1,XBOXONE-1089 · Original concave rubber thumb cap001,Controller,rubber,1,570.072355722854,19.0,19.0,2.5,"Original black enclosure study; published envelope, approximate local detail"
XBOXONE-1090,PadDPad,XBOXONE-1090 · Independent original glossy cross directional key,Controller,gloss,1,561.98389342117,25.5,25.5,2.0,"Original black enclosure study; published envelope, approximate local detail"
XBOXONE-1091,PadButtonY,XBOXONE-1091 · Original black Y key with colored legend,Controller,gloss,1,381.10299001210444,8.799999999999997,8.800000000000011,6.299999999999997,"Original black enclosure study; published envelope, approximate local detail"
XBOXONE-1092,PadButtonMarkY,XBOXONE-1092 · Y,Controller,yellow,1,0.038125087286327755,2.693330536912754,3.1946308724832306,0.018000000000000682,"Original black enclosure study; published envelope, approximate local detail"
XBOXONE-1093,PadButtonX,XBOXONE-1093 · Original black X key with colored legend,Controller,gloss,1,381.10299001210444,8.800000099999998,8.800000100000005,6.299999999999997,"Original black enclosure study; published envelope, approximate local detail"
XBOXONE-1094,PadButtonMarkX,XBOXONE-1094 · X,Controller,blue,1,0.05098725748382745,2.7339765100671123,3.1946308724832306,0.018000000000000682,"Original black enclosure study; published envelope, approximate local detail"
XBOXONE-1095,PadButtonB,XBOXONE-1095 · Original black B key with colored legend,Controller,gloss,1,381.10299001210444,8.799999999999997,8.800000000000011,6.299999999999997,"Original black enclosure study; published envelope, approximate local detail"
XBOXONE-1096,PadButtonMarkB,XBOXONE-1096 · B,Controller,red,1,0.07030734088294256,2.2654783879194653,3.1946310724832188,0.01800020000000302,"Original black enclosure study; published envelope, approximate local detail"
XBOXONE-1097,PadButtonA,XBOXONE-1097 · Original black A key with colored legend,Controller,gloss,1,381.1029900121047,8.800000099999998,8.799999999999955,6.299999999999997,"Original black enclosure study; published envelope, approximate local detail"
XBOXONE-1098,PadButtonMarkA,XBOXONE-1098 · A,Controller,xboxgreen,1,0.05581924034531156,2.9265100671140942,3.1946308724832306,0.018000000000000682,"Original black enclosure study; published envelope, approximate local detail"
XBOXONE-1099,PadXboxButton,XBOXONE-1099 · Independent original Xbox guide key,Controller,chrome,1,450.9536342742395,15.8,15.800000000000011,2.299999999999997,"Original black enclosure study; published envelope, approximate local detail"
XBOXONE-1100,PadXboxMark,XBOXONE-1100 · X001,Controller,gloss,1,0.28228239437413105,6.432885906040267,7.516778523489933,0.018000000000000682,"Original black enclosure study; published envelope, approximate local detail"
XBOXONE-1101,PadMenuKey0,XBOXONE-1101 · Original View or Menu key,Controller,matte,1,66.35275781622703,6.300000000000004,5.300000000000011,2.299999999999997,"Original black enclosure study; published envelope, approximate local detail"
XBOXONE-1102,PadMenuMark0,XBOXONE-1102 · =,Controller,chrome,2,0.013579536349714207,1.6939177852349019,0.7610738255033596,0.018000000000000682,"Original black enclosure study; published envelope, approximate local detail"
XBOXONE-1103,PadMenuKey1,XBOXONE-1103 · Original View or Menu key001,Controller,matte,1,66.35275781622703,6.300000000000004,5.300000000000011,2.299999999999997,"Original black enclosure study; published envelope, approximate local detail"
XBOXONE-1104,PadMenuMark1,XBOXONE-1104 · #,Controller,chrome,1,0.024160601448133295,1.8511535234899341,1.9393288590603959,0.018000000000000682,"Original black enclosure study; published envelope, approximate local detail"
XBOXONE-1105,PadBumper0,XBOXONE-1105 · Independent original bumper key,Controller,gloss,1,1491.1527889715726,27.5,9.5,5.799999999999997,"Original black enclosure study; published envelope, approximate local detail"
XBOXONE-1106,PadBumperMark0,XBOXONE-1106 · LB,Controller,chrome,2,0.05250622810121228,3.3194296302013413,2.2550337570469594,0.01800020000000302,"Original black enclosure study; published envelope, approximate local detail"
XBOXONE-1107,PadBumper1,XBOXONE-1107 · Independent original bumper key001,Controller,gloss,1,1491.1527889715726,27.5,9.5,5.799999999999997,"Original black enclosure study; published envelope, approximate local detail"
XBOXONE-1108,PadBumperMark1,XBOXONE-1108 · RB,Controller,chrome,2,0.06636021736520958,3.7511075825503397,2.2550337570469594,0.01800020000000302,"Original black enclosure study; published envelope, approximate local detail"
XBOXONE-1109,PadStickPCB,XBOXONE-1109 · PadStickPCBExtrusion003,Controller,pcb,1,6139.617260009306,136.0,56.000000000000114,1.1999999999999993,Schematic internal layout
XBOXONE-1110,PadContactPCB,XBOXONE-1110 · PadContactPCBExtrusion004,Controller,pcb,2,6564.513517541088,127.00000019999999,65.00000020000002,1.2000002000000123,Schematic internal layout
XBOXONE-1111,PadMCU,XBOXONE-1111 · Original 1537 leaded controller IC study,Controller,black,1,281.51501767270537,16.0,16.0,1.0999999999999996,Schematic internal layout
XBOXONE-1112,PadMCULead0_0,XBOXONE-1112 · Independent schematic controller IC lead,Controller,metal,1,0.035568663675999784,0.29999999999999716,0.7000000000000455,0.16999999999999993,Schematic internal layout
XBOXONE-1113,PadMCULead0_1,XBOXONE-1113 · Independent schematic controller IC lead001,Controller,metal,1,0.03556866367599979,0.29999999999999716,0.7000000000000455,0.16999999999999993,Schematic internal layout
XBOXONE-1114,PadMCULead0_2,XBOXONE-1114 · Independent schematic controller IC lead002,Controller,metal,1,0.03556866367599979,0.29999999999999716,0.7000000000000455,0.16999999999999993,Schematic internal layout
XBOXONE-1115,PadMCULead0_3,XBOXONE-1115 · Independent schematic controller IC lead003,Controller,metal,1,0.035568663675999784,0.29999999999999716,0.7000000000000455,0.16999999999999993,Schematic internal layout
XBOXONE-1116,PadMCULead0_4,XBOXONE-1116 · Independent schematic controller IC lead004,Controller,metal,1,0.035568663675999784,0.29999999999999716,0.7000000000000455,0.16999999999999993,Schematic internal layout
XBOXONE-1117,PadMCULead0_5,XBOXONE-1117 · Independent schematic controller IC lead005,Controller,metal,1,0.035568663675999784,0.29999999999999716,0.7000000000000455,0.16999999999999993,Schematic internal layout
XBOXONE-1118,PadMCULead0_6,XBOXONE-1118 · Independent schematic controller IC lead006,Controller,metal,1,0.035568663675999784,0.29999999999999716,0.7000000000000455,0.16999999999999993,Schematic internal layout
XBOXONE-1119,PadMCULead0_7,XBOXONE-1119 · Independent schematic controller IC lead007,Controller,metal,1,0.03556866367599979,0.29999999999999716,0.7000000000000455,0.16999999999999993,Schematic internal layout
XBOXONE-1120,PadMCULead0_8,XBOXONE-1120 · Independent schematic controller IC lead008,Controller,metal,1,0.035568663675999784,0.29999999999999716,0.7000000000000455,0.16999999999999993,Schematic internal layout
XBOXONE-1121,PadMCULead0_9,XBOXONE-1121 · Independent schematic controller IC lead009,Controller,metal,1,0.035568663675999784,0.29999999999999716,0.7000000000000455,0.16999999999999993,Schematic internal layout
XBOXONE-1122,PadMCULead0_10,XBOXONE-1122 · Independent schematic controller IC lead010,Controller,metal,1,0.035568663675999784,0.29999999999999716,0.7000000000000455,0.16999999999999993,Schematic internal layout
XBOXONE-1123,PadMCULead0_11,XBOXONE-1123 · Independent schematic controller IC lead011,Controller,metal,1,0.03556866367599979,0.29999999999999716,0.7000000000000455,0.16999999999999993,Schematic internal layout
XBOXONE-1124,PadMCULead1_0,XBOXONE-1124 · Independent schematic controller IC lead012,Controller,metal,1,0.03556866367599979,0.29999999999999716,0.7000000000000455,0.16999999999999993,Schematic internal layout
XBOXONE-1125,PadMCULead1_1,XBOXONE-1125 · Independent schematic controller IC lead013,Controller,metal,1,0.03556866367599979,0.29999999999999716,0.7000000000000455,0.16999999999999993,Schematic internal layout
XBOXONE-1126,PadMCULead1_2,XBOXONE-1126 · Independent schematic controller IC lead014,Controller,metal,1,0.0355686636759998,0.29999999999999716,0.7000000000000455,0.16999999999999993,Schematic internal layout
XBOXONE-1127,PadMCULead1_3,XBOXONE-1127 · Independent schematic controller IC lead015,Controller,metal,1,0.03556866367599979,0.29999999999999716,0.7000000000000455,0.16999999999999993,Schematic internal layout
XBOXONE-1128,PadMCULead1_4,XBOXONE-1128 · Independent schematic controller IC lead016,Controller,metal,1,0.03556866367599979,0.29999999999999716,0.7000000000000455,0.16999999999999993,Schematic internal layout
XBOXONE-1129,PadMCULead1_5,XBOXONE-1129 · Independent schematic controller IC lead017,Controller,metal,1,0.03556866367599979,0.29999999999999716,0.7000000000000455,0.16999999999999993,Schematic internal layout
XBOXONE-1130,PadMCULead1_6,XBOXONE-1130 · Independent schematic controller IC lead018,Controller,metal,1,0.03556866367599979,0.29999999999999716,0.7000000000000455,0.16999999999999993,Schematic internal layout
XBOXONE-1131,PadMCULead1_7,XBOXONE-1131 · Independent schematic controller IC lead019,Controller,metal,1,0.0355686636759998,0.29999999999999716,0.7000000000000455,0.16999999999999993,Schematic internal layout
XBOXONE-1132,PadMCULead1_8,XBOXONE-1132 · Independent schematic controller IC lead020,Controller,metal,1,0.03556866367599979,0.29999999999999716,0.7000000000000455,0.16999999999999993,Schematic internal layout
XBOXONE-1133,PadMCULead1_9,XBOXONE-1133 · Independent schematic controller IC lead021,Controller,metal,1,0.03556866367599979,0.29999999999999716,0.7000000000000455,0.16999999999999993,Schematic internal layout
XBOXONE-1134,PadMCULead1_10,XBOXONE-1134 · Independent schematic controller IC lead022,Controller,metal,1,0.03556866367599979,0.29999999999999716,0.7000000000000455,0.16999999999999993,Schematic internal layout
XBOXONE-1135,PadMCULead1_11,XBOXONE-1135 · Independent schematic controller IC lead023,Controller,metal,1,0.03556866367599979,0.29999999999999716,0.7000000000000455,0.16999999999999993,Schematic internal layout
XBOXONE-1136,PadMCULead2_0,XBOXONE-1136 · Independent schematic controller IC lead024,Controller,metal,1,0.03556866367599761,0.7000000000000028,0.2999999999999545,0.16999999999999993,Schematic internal layout
XBOXONE-1137,PadMCULead2_1,XBOXONE-1137 · Independent schematic controller IC lead025,Controller,metal,1,0.03556866367599761,0.7000000000000028,0.2999999999999545,0.16999999999999993,Schematic internal layout
XBOXONE-1138,PadMCULead2_2,XBOXONE-1138 · Independent schematic controller IC lead026,Controller,metal,1,0.03556866367599761,0.7000000000000028,0.2999999999999545,0.16999999999999993,Schematic internal layout
XBOXONE-1139,PadMCULead2_3,XBOXONE-1139 · Independent schematic controller IC lead027,Controller,metal,1,0.03556866367599761,0.7000000000000028,0.2999999999999545,0.16999999999999993,Schematic internal layout
XBOXONE-1140,PadMCULead2_4,XBOXONE-1140 · Independent schematic controller IC lead028,Controller,metal,1,0.03556866367599761,0.7000000000000028,0.2999999999999545,0.16999999999999993,Schematic internal layout
XBOXONE-1141,PadMCULead2_5,XBOXONE-1141 · Independent schematic controller IC lead029,Controller,metal,1,0.03556866367599761,0.7000000000000028,0.2999999999999545,0.16999999999999993,Schematic internal layout
XBOXONE-1142,PadMCULead2_6,XBOXONE-1142 · Independent schematic controller IC lead030,Controller,metal,1,0.03556866367599761,0.7000000000000028,0.2999999999999545,0.16999999999999993,Schematic internal layout
XBOXONE-1143,PadMCULead2_7,XBOXONE-1143 · Independent schematic controller IC lead031,Controller,metal,1,0.03556866367599761,0.7000000000000028,0.2999999999999545,0.16999999999999993,Schematic internal layout
XBOXONE-1144,PadMCULead2_8,XBOXONE-1144 · Independent schematic controller IC lead032,Controller,metal,1,0.03556866367599762,0.7000000000000028,0.2999999999999545,0.16999999999999993,Schematic internal layout
XBOXONE-1145,PadMCULead2_9,XBOXONE-1145 · Independent schematic controller IC lead033,Controller,metal,1,0.03556866367599761,0.7000000000000028,0.2999999999999545,0.16999999999999993,Schematic internal layout
XBOXONE-1146,PadMCULead2_10,XBOXONE-1146 · Independent schematic controller IC lead034,Controller,metal,1,0.03556866367599761,0.7000000000000028,0.2999999999999545,0.16999999999999993,Schematic internal layout
XBOXONE-1147,PadMCULead2_11,XBOXONE-1147 · Independent schematic controller IC lead035,Controller,metal,1,0.03556866367599761,0.7000000000000028,0.2999999999999545,0.16999999999999993,Schematic internal layout
XBOXONE-1148,PadMCULead3_0,XBOXONE-1148 · Independent schematic controller IC lead036,Controller,metal,1,0.03556866367599762,0.7000000000000028,0.2999999999999545,0.16999999999999993,Schematic internal layout
XBOXONE-1149,PadMCULead3_1,XBOXONE-1149 · Independent schematic controller IC lead037,Controller,metal,1,0.03556866367599762,0.7000000000000028,0.2999999999999545,0.16999999999999993,Schematic internal layout
XBOXONE-1150,PadMCULead3_2,XBOXONE-1150 · Independent schematic controller IC lead038,Controller,metal,1,0.03556866367599762,0.7000000000000028,0.2999999999999545,0.16999999999999993,Schematic internal layout
XBOXONE-1151,PadMCULead3_3,XBOXONE-1151 · Independent schematic controller IC lead039,Controller,metal,1,0.03556866367599762,0.7000000000000028,0.2999999999999545,0.16999999999999993,Schematic internal layout
XBOXONE-1152,PadMCULead3_4,XBOXONE-1152 · Independent schematic controller IC lead040,Controller,metal,1,0.03556866367599761,0.7000000000000028,0.2999999999999545,0.16999999999999993,Schematic internal layout
XBOXONE-1153,PadMCULead3_5,XBOXONE-1153 · Independent schematic controller IC lead041,Controller,metal,1,0.03556866367599762,0.7000000000000028,0.2999999999999545,0.16999999999999993,Schematic internal layout
XBOXONE-1154,PadMCULead3_6,XBOXONE-1154 · Independent schematic controller IC lead042,Controller,metal,1,0.03556866367599762,0.7000000000000028,0.2999999999999545,0.16999999999999993,Schematic internal layout
XBOXONE-1155,PadMCULead3_7,XBOXONE-1155 · Independent schematic controller IC lead043,Controller,metal,1,0.03556866367599762,0.7000000000000028,0.2999999999999545,0.16999999999999993,Schematic internal layout
XBOXONE-1156,PadMCULead3_8,XBOXONE-1156 · Independent schematic controller IC lead044,Controller,metal,1,0.03556866367599762,0.7000000000000028,0.2999999999999545,0.16999999999999993,Schematic internal layout
XBOXONE-1157,PadMCULead3_9,XBOXONE-1157 · Independent schematic controller IC lead045,Controller,metal,1,0.03556866367599761,0.7000000000000028,0.2999999999999545,0.16999999999999993,Schematic internal layout
XBOXONE-1158,PadMCULead3_10,XBOXONE-1158 · Independent schematic controller IC lead046,Controller,metal,1,0.03556866367599762,0.7000000000000028,0.2999999999999545,0.16999999999999993,Schematic internal layout
XBOXONE-1159,PadMCULead3_11,XBOXONE-1159 · Independent schematic controller IC lead047,Controller,metal,1,0.03556866367599761,0.7000000000000028,0.2999999999999545,0.16999999999999993,Schematic internal layout
XBOXONE-1160,PadRadioPCB,XBOXONE-1160 · Original 1537 separate wireless daughterboard,Controller,pcb,1,386.2712388980384,23.0,28.0,0.5999999999999996,Schematic internal layout
XBOXONE-1161,PadRadioChip,XBOXONE-1161 · Independent controller radio package,Controller,black,1,72.83046900494078,9.0,9.0,0.9000000000000004,Schematic internal layout
XBOXONE-1162,PadRadioClock,XBOXONE-1162 · Independent controller radio resonator,Controller,metal,1,20.862654824574367,7.0,3.0,1.0,Schematic internal layout
XBOXONE-1163,PadStackSocket0,XBOXONE-1163 · Independent controller board-stack socket,Controller,matte,1,109.8454866776462,11.0,5.0,2.0000000000000018,Schematic internal layout
XBOXONE-1164,PadStackPlug0,XBOXONE-1164 · Independent controller board-stack mating carrier,Controller,matte,1,93.36866367599923,11.0,5.0,1.6999999999999993,Schematic internal layout
XBOXONE-1165,PadStackPin0_0,XBOXONE-1165 · Independent schematic board-stack contact,Controller,gold,1,0.6819769332412662,0.35999999999999943,0.36000000000001364,6.699999999999999,Schematic internal layout
XBOXONE-1166,PadStackPin0_1,XBOXONE-1166 · Independent schematic board-stack contact001,Controller,gold,1,0.6819769332412662,0.35999999999999943,0.36000000000001364,6.699999999999999,Schematic internal layout
XBOXONE-1167,PadStackPin0_2,XBOXONE-1167 · Independent schematic board-stack contact002,Controller,gold,1,0.6819769332412662,0.35999999999999943,0.36000000000001364,6.699999999999999,Schematic internal layout
XBOXONE-1168,PadStackPin0_3,XBOXONE-1168 · Independent schematic board-stack contact003,Controller,gold,1,0.6819769332412662,0.35999999999999943,0.36000000000001364,6.699999999999999,Schematic internal layout
XBOXONE-1169,PadStackPin0_4,XBOXONE-1169 · Independent schematic board-stack contact004,Controller,gold,1,0.6819769332412662,0.35999999999999943,0.36000000000001364,6.699999999999999,Schematic internal layout
XBOXONE-1170,PadStackPin0_5,XBOXONE-1170 · Independent schematic board-stack contact005,Controller,gold,1,0.6819769332412672,0.35999999999999943,0.36000000000001364,6.699999999999999,Schematic internal layout
XBOXONE-1171,PadStackPin0_6,XBOXONE-1171 · Independent schematic board-stack contact006,Controller,gold,1,0.6819769332412672,0.35999999999999943,0.36000000000001364,6.699999999999999,Schematic internal layout
XBOXONE-1172,PadStackPin0_7,XBOXONE-1172 · Independent schematic board-stack contact007,Controller,gold,1,0.6819769332412672,0.35999999999999943,0.36000000000001364,6.699999999999999,Schematic internal layout
XBOXONE-1173,PadStackPin0_8,XBOXONE-1173 · Independent schematic board-stack contact008,Controller,gold,1,0.6819769332412672,0.35999999999999943,0.36000000000001364,6.699999999999999,Schematic internal layout
XBOXONE-1174,PadStackPin0_9,XBOXONE-1174 · Independent schematic board-stack contact009,Controller,gold,1,0.6819769332412668,0.3599999999999999,0.36000000000001364,6.699999999999999,Schematic internal layout
XBOXONE-1175,PadStackSocket1,XBOXONE-1175 · Independent controller board-stack socket001,Controller,matte,1,109.84548667764619,11.0,5.0,2.0000000000000018,Schematic internal layout
XBOXONE-1176,PadStackPlug1,XBOXONE-1176 · Independent controller board-stack mating carrier001,Controller,matte,1,93.36866367599924,11.0,5.0,1.6999999999999993,Schematic internal layout
XBOXONE-1177,PadStackPin1_0,XBOXONE-1177 · Independent schematic board-stack contact010,Controller,gold,1,0.6819769332412663,0.35999999999999943,0.36000000000001364,6.699999999999999,Schematic internal layout
XBOXONE-1178,PadStackPin1_1,XBOXONE-1178 · Independent schematic board-stack contact011,Controller,gold,1,0.6819769332412662,0.35999999999999943,0.36000000000001364,6.699999999999999,Schematic internal layout
XBOXONE-1179,PadStackPin1_2,XBOXONE-1179 · Independent schematic board-stack contact012,Controller,gold,1,0.6819769332412663,0.35999999999999943,0.36000000000001364,6.699999999999999,Schematic internal layout
XBOXONE-1180,PadStackPin1_3,XBOXONE-1180 · Independent schematic board-stack contact013,Controller,gold,1,0.6819769332412662,0.35999999999999943,0.36000000000001364,6.699999999999999,Schematic internal layout
XBOXONE-1181,PadStackPin1_4,XBOXONE-1181 · Independent schematic board-stack contact014,Controller,gold,1,0.6819769332412663,0.35999999999999943,0.36000000000001364,6.699999999999999,Schematic internal layout
XBOXONE-1182,PadStackPin1_5,XBOXONE-1182 · Independent schematic board-stack contact015,Controller,gold,1,0.6819769332412663,0.35999999999999943,0.36000000000001364,6.699999999999999,Schematic internal layout
XBOXONE-1183,PadStackPin1_6,XBOXONE-1183 · Independent schematic board-stack contact016,Controller,gold,1,0.6819769332412662,0.35999999999999943,0.36000000000001364,6.699999999999999,Schematic internal layout
XBOXONE-1184,PadStackPin1_7,XBOXONE-1184 · Independent schematic board-stack contact017,Controller,gold,1,0.6819769332412663,0.35999999999999943,0.36000000000001364,6.699999999999999,Schematic internal layout
XBOXONE-1185,PadStackPin1_8,XBOXONE-1185 · Independent schematic board-stack contact018,Controller,gold,1,0.6819769332412662,0.35999999999999943,0.36000000000001364,6.699999999999999,Schematic internal layout
XBOXONE-1186,PadStackPin1_9,XBOXONE-1186 · Independent schematic board-stack contact019,Controller,gold,1,0.6819769332412663,0.35999999999999943,0.36000000000001364,6.699999999999999,Schematic internal layout
XBOXONE-1187,PadJoy0Base,XBOXONE-1187 · Joystick insulating base001,Controller,black,1,355.32338020159096,16.000000000000526,16.000000000000284,1.4000000000000004,Schematic internal layout
XBOXONE-1188,PadJoy0Frame,"XBOXONE-1188 · Stamped joystick cage, cap and board legs",Controller,metal,1,332.5511471693589,17.5,17.5,9.150000000000004,Schematic internal layout
XBOXONE-1189,PadJoy0OuterGimbal,XBOXONE-1189 · X-axis gimbal and potentiometer axle,Controller,ivory,1,111.95263966678206,18.950000000000003,11.0,2.0000000000000178,Schematic internal layout
XBOXONE-1190,PadJoy0InnerGimbal,XBOXONE-1190 · Y-axis gimbal and potentiometer axle,Controller,ivory,2,66.52528555547343,9.5,18.25000000000003,1.5000000000055422,Schematic internal layout
XBOXONE-1191,PadJoy0Shaft,"XBOXONE-1191 · Joystick pivot ball, cross pin and cap shaft",Controller,metal,1,124.94340075017932,9.200000199999998,4.399999999999977,11.25,Schematic internal layout
XBOXONE-1192,PadJoy0ClickSpring,XBOXONE-1192 · Joystick push-click return spring study,Controller,metal,1,1.026516427720524,2.640020768899568,2.640027020954932,2.0392438813160787,Schematic internal layout
XBOXONE-1193,PadJoy0ClickSwitch,XBOXONE-1193 · Left/right stick click switch body,Controller,black,1,13.384115008234623,3.0,3.0,1.5,Schematic internal layout
XBOXONE-1194,PadJoy0ClickActuator,XBOXONE-1194 · Left/right stick switch actuator,Controller,black,1,0.8042477193189861,1.5999999999999943,1.6000000000000227,0.3999999999999986,Schematic internal layout
XBOXONE-1195,PadJoy0ClickLever,XBOXONE-1195 · Joystick click transfer lever,Controller,metal,1,1.4375277868423324,6.0,1.1999999999999886,0.1999999999999993,Schematic internal layout
XBOXONE-1196,PadJoy0ClickPin0,XBOXONE-1196 · Click-switch board terminal,Controller,metal,1,0.39584067435231773,0.4000000000000057,0.39999999999997726,3.1500000000000004,Schematic internal layout
XBOXONE-1197,PadJoy0ClickPin1,XBOXONE-1197 · Click-switch board terminal001,Controller,metal,1,0.39584067435231773,0.4000000000000057,0.39999999999997726,3.1500000000000004,Schematic internal layout
XBOXONE-1198,PadJoy0XPin0,XBOXONE-1198 · Potentiometer board terminal,Controller,metal,1,0.38955748904513815,0.4000000000000057,0.39999999999997726,3.0999999999999996,Schematic internal layout
XBOXONE-1199,PadJoy0XPin1,XBOXONE-1199 · Potentiometer board terminal001,Controller,metal,1,0.38955748904513815,0.4000000000000057,0.39999999999997726,3.0999999999999996,Schematic internal layout
XBOXONE-1200,PadJoy0XPin2,XBOXONE-1200 · Potentiometer board terminal002,Controller,metal,1,0.38955748904513815,0.4000000000000057,0.39999999999997726,3.0999999999999996,Schematic internal layout
XBOXONE-1201,PadJoy0XPot,XBOXONE-1201 · Cyan potentiometer housing,Controller,potcyan,1,67.20532457053012,2.3000000000000007,6.800000000000011,6.399999999999999,Schematic internal layout
XBOXONE-1202,PadJoy0XRotor,XBOXONE-1202 · Potentiometer rotor disc,Controller,ivory,1,3.288854809226815,0.25,4.600000000000023,4.600000000000001,Schematic internal layout
XBOXONE-1203,PadJoy0XTrack,XBOXONE-1203 · Potentiometer resistive track,Controller,black,1,0.23887885139734683,0.03499999999999659,4.5,4.5,Schematic internal layout
XBOXONE-1204,PadJoy0XWiper,XBOXONE-1204 · Potentiometer moving wiper study,Controller,metal,1,0.045392699081698816,0.04999999999999716,0.35000000000002274,2.6000000000000014,Schematic internal layout
XBOXONE-1205,PadJoy0YPin0,XBOXONE-1205 · Potentiometer board terminal003,Controller,metal,1,0.38955748904513815,0.4000000000000057,0.39999999999997726,3.0999999999999996,Schematic internal layout
XBOXONE-1206,PadJoy0YPin1,XBOXONE-1206 · Potentiometer board terminal004,Controller,metal,1,0.38955748904513815,0.4000000000000057,0.39999999999997726,3.0999999999999996,Schematic internal layout
XBOXONE-1207,PadJoy0YPin2,XBOXONE-1207 · Potentiometer board terminal005,Controller,metal,1,0.38955748904513815,0.4000000000000057,0.39999999999997726,3.0999999999999996,Schematic internal layout
XBOXONE-1208,PadJoy0YPot,XBOXONE-1208 · Cyan potentiometer housing001,Controller,potcyan,1,68.15372295893941,6.799999999999997,2.3000000000000114,6.400000000000059,Schematic internal layout
XBOXONE-1209,PadJoy0YRotor,XBOXONE-1209 · Potentiometer rotor disc001,Controller,ivory,1,3.2888548092268133,4.599999999999994,0.25,4.600000000000001,Schematic internal layout
XBOXONE-1210,PadJoy0YTrack,XBOXONE-1210 · Potentiometer resistive track001,Controller,black,1,0.23887885139734674,4.5,0.03499999999999659,4.5,Schematic internal layout
XBOXONE-1211,PadJoy0YWiper,XBOXONE-1211 · Potentiometer moving wiper study001,Controller,metal,1,0.045392699081701925,0.3499999999999943,0.05000000000001137,2.6000000000000014,Schematic internal layout
XBOXONE-1212,PadJoy1Base,XBOXONE-1212 · Joystick insulating base003,Controller,black,1,355.32338020151195,16.0,16.0,1.4000000000000004,Schematic internal layout
XBOXONE-1213,PadJoy1Frame,"XBOXONE-1213 · Stamped joystick cage, cap and board legs001",Controller,metal,1,332.55114716936095,17.5,17.5,9.150000000000004,Schematic internal layout
XBOXONE-1214,PadJoy1OuterGimbal,XBOXONE-1214 · X-axis gimbal and potentiometer axle001,Controller,ivory,1,111.95263966678343,18.950000000000003,11.0,2.0,Schematic internal layout
XBOXONE-1215,PadJoy1InnerGimbal,XBOXONE-1215 · Y-axis gimbal and potentiometer axle001,Controller,ivory,2,66.52528555551373,9.5,18.25,1.5000000000014957,Schematic internal layout
XBOXONE-1216,PadJoy1Shaft,"XBOXONE-1216 · Joystick pivot ball, cross pin and cap shaft001",Controller,metal,1,124.94340075020226,9.200000200000002,4.399999999999977,11.25,Schematic internal layout
XBOXONE-1217,PadJoy1ClickSpring,XBOXONE-1217 · Joystick push-click return spring study001,Controller,metal,1,1.0265164277205236,2.6400207688995643,2.6400270209549603,2.0392438813160787,Schematic internal layout
XBOXONE-1218,PadJoy1ClickSwitch,XBOXONE-1218 · Left/right stick click switch body001,Controller,black,1,13.384115008234625,3.0,3.0,1.5,Schematic internal layout
XBOXONE-1219,PadJoy1ClickActuator,XBOXONE-1219 · Left/right stick switch actuator001,Controller,black,1,0.8042477193189852,1.6000000000000014,1.6000000000000227,0.3999999999999986,Schematic internal layout
XBOXONE-1220,PadJoy1ClickLever,XBOXONE-1220 · Joystick click transfer lever001,Controller,metal,1,1.4375277868423544,6.0,1.2000000000000455,0.1999999999999993,Schematic internal layout
XBOXONE-1221,PadJoy1ClickPin0,XBOXONE-1221 · Click-switch board terminal002,Controller,metal,1,0.3958406743523095,0.3999999999999986,0.39999999999997726,3.1500000000000004,Schematic internal layout
XBOXONE-1222,PadJoy1ClickPin1,XBOXONE-1222 · Click-switch board terminal003,Controller,metal,1,0.3958406743523095,0.3999999999999986,0.39999999999997726,3.1500000000000004,Schematic internal layout
XBOXONE-1223,PadJoy1XPin0,XBOXONE-1223 · Potentiometer board terminal006,Controller,metal,1,0.38955748904513016,0.4000000000000057,0.39999999999997726,3.0999999999999996,Schematic internal layout
XBOXONE-1224,PadJoy1XPin1,XBOXONE-1224 · Potentiometer board terminal007,Controller,metal,1,0.38955748904513016,0.4000000000000057,0.39999999999997726,3.0999999999999996,Schematic internal layout
XBOXONE-1225,PadJoy1XPin2,XBOXONE-1225 · Potentiometer board terminal008,Controller,metal,1,0.38955748904513016,0.4000000000000057,0.39999999999997726,3.0999999999999996,Schematic internal layout
XBOXONE-1226,PadJoy1XPot,XBOXONE-1226 · Cyan potentiometer housing002,Controller,potcyan,1,67.20532457052997,2.299999999999997,6.7999999999999545,6.399999999999999,Schematic internal layout
XBOXONE-1227,PadJoy1XRotor,XBOXONE-1227 · Potentiometer rotor disc002,Controller,ivory,1,3.288854809226814,0.25,4.600000000000023,4.600000000000001,Schematic internal layout
XBOXONE-1228,PadJoy1XTrack,XBOXONE-1228 · Potentiometer resistive track002,Controller,black,1,0.23887885139734694,0.03499999999999659,4.5,4.5,Schematic internal layout
XBOXONE-1229,PadJoy1XWiper,XBOXONE-1229 · Potentiometer moving wiper study002,Controller,metal,1,0.04539269908169882,0.04999999999999716,0.35000000000002274,2.6000000000000014,Schematic internal layout
XBOXONE-1230,PadJoy1YPin0,XBOXONE-1230 · Potentiometer board terminal009,Controller,metal,1,0.38955748904512993,0.3999999999999986,0.39999999999997726,3.0999999999999996,Schematic internal layout
XBOXONE-1231,PadJoy1YPin1,XBOXONE-1231 · Potentiometer board terminal010,Controller,metal,1,0.38955748904512993,0.3999999999999986,0.39999999999997726,3.0999999999999996,Schematic internal layout
XBOXONE-1232,PadJoy1YPin2,XBOXONE-1232 · Potentiometer board terminal011,Controller,metal,1,0.38955748904512993,0.3999999999999986,0.39999999999997726,3.0999999999999996,Schematic internal layout
XBOXONE-1233,PadJoy1YPot,XBOXONE-1233 · Cyan potentiometer housing003,Controller,potcyan,1,68.15372295893941,6.799999999999997,2.3000000000000114,6.400000000000059,Schematic internal layout
XBOXONE-1234,PadJoy1YRotor,XBOXONE-1234 · Potentiometer rotor disc003,Controller,ivory,1,3.2888548092268124,4.600000000000001,0.25,4.600000000000001,Schematic internal layout
XBOXONE-1235,PadJoy1YTrack,XBOXONE-1235 · Potentiometer resistive track003,Controller,black,1,0.2388788513972395,4.5,0.03500000000002501,4.5,Schematic internal layout
XBOXONE-1236,PadJoy1YWiper,XBOXONE-1236 · Potentiometer moving wiper study003,Controller,metal,1,0.04539269908170222,0.3500000000000014,0.05000000000001137,2.6000000000000014,Schematic internal layout
XBOXONE-1237,PadDPadLand0,XBOXONE-1237 · Independent directional copper contact,Controller,gold,1,0.743300821839345,5.200000000000003,5.2000000000000455,0.03500000000000014,Schematic internal layout
XBOXONE-1238,PadDPadDome0,XBOXONE-1238 · Independent original directional metal dome,Controller,metal,1,4.697699940334082,4.711305551543017,4.711305551542978,0.5300000000000011,Schematic internal layout
XBOXONE-1239,PadDPadPlunger0,XBOXONE-1239 · Independent cross-key plunger study,Controller,matte,1,36.94512960621594,2.799999999999997,2.7999999999999545,5.9999999999999964,Schematic internal layout
XBOXONE-1240,PadDPadLand1,XBOXONE-1240 · Independent directional copper contact001,Controller,gold,1,0.743300821839345,5.200000000000001,5.2000000000000455,0.03500000000000014,Schematic internal layout
XBOXONE-1241,PadDPadDome1,XBOXONE-1241 · Independent original directional metal dome001,Controller,metal,1,4.697699940334082,4.711305551543017,4.711305551542978,0.5300000000000011,Schematic internal layout
XBOXONE-1242,PadDPadPlunger1,XBOXONE-1242 · Independent cross-key plunger study001,Controller,matte,1,36.94512960621594,2.799999999999997,2.7999999999999545,5.9999999999999964,Schematic internal layout
XBOXONE-1243,PadDPadLand2,XBOXONE-1243 · Independent directional copper contact002,Controller,gold,1,0.743300821839345,5.200000000000003,5.2000000000000455,0.03500000000000014,Schematic internal layout
XBOXONE-1244,PadDPadDome2,XBOXONE-1244 · Independent original directional metal dome002,Controller,metal,1,4.697699940334082,4.711305551543017,4.711305551542978,0.5300000000000011,Schematic internal layout
XBOXONE-1245,PadDPadPlunger2,XBOXONE-1245 · Independent cross-key plunger study002,Controller,matte,1,36.94512960621594,2.799999999999997,2.7999999999999545,5.9999999999999964,Schematic internal layout
XBOXONE-1246,PadDPadLand3,XBOXONE-1246 · Independent directional copper contact003,Controller,gold,1,0.7433008218393451,5.200000000000003,5.2000000000000455,0.03500000000000014,Schematic internal layout
XBOXONE-1247,PadDPadDome3,XBOXONE-1247 · Independent original directional metal dome003,Controller,metal,1,4.697699940334082,4.71130555154302,4.711305551542978,0.5300000000000011,Schematic internal layout
XBOXONE-1248,PadDPadPlunger3,XBOXONE-1248 · Independent cross-key plunger study003,Controller,matte,1,36.945129606215936,2.799999999999997,2.7999999999999545,5.9999999999999964,Schematic internal layout
XBOXONE-1249,PadDPadRetainer,XBOXONE-1249 · Separate original metal D-pad retaining ring,Controller,metal,1,40.715040790524284,28.200000000000003,28.200000000000045,0.3999999999999986,Schematic internal layout
XBOXONE-1250,PadAContact0,XBOXONE-1250 · Independent split key contact,Controller,gold,1,0.49580005059486754,6.1927376821564195,2.9500000000000455,0.03500000000000014,Schematic internal layout
XBOXONE-1251,PadAContact1,XBOXONE-1251 · Independent split key contact001,Controller,gold,1,0.49580005059486737,6.1927376821564195,2.9500000000000455,0.03500000000000014,Schematic internal layout
XBOXONE-1252,PadACarbon,XBOXONE-1252 · Separate conductive key pill,Controller,black,1,3.694512960621584,5.599999999999994,5.600000000000023,0.14999999999999858,Schematic internal layout
XBOXONE-1253,PadASilicone,XBOXONE-1253 · Independent silicone key dome study,Controller,rubber,1,20.084453541747394,8.400000000000006,8.399999999999977,2.0000000000000036,Schematic internal layout
XBOXONE-1254,PadBContact0,XBOXONE-1254 · Independent split key contact002,Controller,gold,1,0.4958000505948662,6.1927376821564195,2.9499999999999886,0.03500000000000014,Schematic internal layout
XBOXONE-1255,PadBContact1,XBOXONE-1255 · Independent split key contact003,Controller,gold,1,0.49580005059486604,6.1927376821564195,2.9499999999999886,0.03500000000000014,Schematic internal layout
XBOXONE-1256,PadBCarbon,XBOXONE-1256 · Separate conductive key pill001,Controller,black,1,3.694512960621585,5.599999999999994,5.600000000000023,0.14999999999999858,Schematic internal layout
XBOXONE-1257,PadBSilicone,XBOXONE-1257 · Independent silicone key dome study001,Controller,rubber,1,20.084453541747386,8.400000000000006,8.399999999999977,2.0000000000000036,Schematic internal layout
XBOXONE-1258,PadXContact0,XBOXONE-1258 · Independent split key contact004,Controller,gold,1,0.4958000505948662,6.1927376821564195,2.9499999999999886,0.03500000000000014,Schematic internal layout
XBOXONE-1259,PadXContact1,XBOXONE-1259 · Independent split key contact005,Controller,gold,1,0.49580005059486604,6.1927376821564195,2.9499999999999886,0.03500000000000014,Schematic internal layout
XBOXONE-1260,PadXCarbon,XBOXONE-1260 · Separate conductive key pill002,Controller,black,1,3.6945129606215854,5.599999999999998,5.600000000000023,0.14999999999999858,Schematic internal layout
XBOXONE-1261,PadXSilicone,XBOXONE-1261 · Independent silicone key dome study002,Controller,rubber,1,20.08445354174738,8.400000000000002,8.399999999999977,2.0000000000000036,Schematic internal layout
XBOXONE-1262,PadYContact0,XBOXONE-1262 · Independent split key contact006,Controller,gold,1,0.4958000505948662,6.1927376821564195,2.9499999999999886,0.03500000000000014,Schematic internal layout
XBOXONE-1263,PadYContact1,XBOXONE-1263 · Independent split key contact007,Controller,gold,1,0.49580005059486604,6.1927376821564195,2.9499999999999886,0.03500000000000014,Schematic internal layout
XBOXONE-1264,PadYCarbon,XBOXONE-1264 · Separate conductive key pill003,Controller,black,1,3.6945129606215854,5.599999999999994,5.600000000000023,0.14999999999999858,Schematic internal layout
XBOXONE-1265,PadYSilicone,XBOXONE-1265 · Independent silicone key dome study003,Controller,rubber,1,20.08445354174738,8.400000000000006,8.399999999999977,2.0000000000000036,Schematic internal layout
XBOXONE-1266,PadViewContact0,XBOXONE-1266 · Independent split key contact008,Controller,gold,1,0.220421177416494,4.189272013130683,1.9499999999999886,0.03500000000000014,Schematic internal layout
XBOXONE-1267,PadViewContact1,XBOXONE-1267 · Independent split key contact009,Controller,gold,1,0.22042117741649409,4.189272013130683,1.9499999999999886,0.03500000000000014,Schematic internal layout
XBOXONE-1268,PadViewCarbon,XBOXONE-1268 · Separate conductive key pill004,Controller,black,1,1.5268140296446342,3.6000000000000014,3.6000000000000227,0.14999999999999858,Schematic internal layout
XBOXONE-1269,PadViewSilicone,XBOXONE-1269 · Independent silicone key dome study004,Controller,rubber,1,39.05509714688516,6.399999999999999,6.399999999999977,5.800000000000004,Schematic internal layout
XBOXONE-1270,PadMenuContact0,XBOXONE-1270 · Independent split key contact010,Controller,gold,1,0.22042117741649403,4.189272013130683,1.9499999999999886,0.03500000000000014,Schematic internal layout
XBOXONE-1271,PadMenuContact1,XBOXONE-1271 · Independent split key contact011,Controller,gold,1,0.22042117741649403,4.189272013130683,1.9499999999999886,0.03500000000000014,Schematic internal layout
XBOXONE-1272,PadMenuCarbon,XBOXONE-1272 · Separate conductive key pill005,Controller,black,1,1.5268140296446342,3.6000000000000014,3.6000000000000227,0.14999999999999858,Schematic internal layout
XBOXONE-1273,PadMenuSilicone,XBOXONE-1273 · Independent silicone key dome study005,Controller,rubber,1,39.05509714688517,6.399999999999999,6.399999999999977,5.800000000000004,Schematic internal layout
XBOXONE-1274,PadXboxContact0,XBOXONE-1274 · Independent split key contact012,Controller,gold,1,0.636740178214837,6.993568473962345,3.3499999999999943,0.03500000000000014,Schematic internal layout
XBOXONE-1275,PadXboxContact1,XBOXONE-1275 · Independent split key contact013,Controller,gold,1,0.6367401782148371,6.993568473962345,3.3499999999999943,0.03500000000000014,Schematic internal layout
XBOXONE-1276,PadXboxCarbon,XBOXONE-1276 · Separate conductive key pill006,Controller,black,1,4.82548631591391,6.4,6.399999999999977,0.14999999999999858,Schematic internal layout
XBOXONE-1277,PadXboxSilicone,XBOXONE-1277 · Independent silicone key dome study006,Controller,rubber,1,62.575935107646245,9.2,9.199999999999989,5.800000000000004,Schematic internal layout
XBOXONE-1278,PadBumperSwitch0,XBOXONE-1278 · Independent bumper switch carrier,Controller,matte,1,74.5879644737231,5.0,5.0,3.0,Schematic internal layout
XBOXONE-1279,PadBumperActuator0,XBOXONE-1279 · Independent bumper-switch actuator,Controller,matte,1,7.4330082183934385,2.5999999999999943,2.6000000000000227,1.3999999999999986,Schematic internal layout
XBOXONE-1280,PadBumperSwitch1,XBOXONE-1280 · Independent bumper switch carrier001,Controller,matte,1,74.5879644737231,5.0,5.0,3.0,Schematic internal layout
XBOXONE-1281,PadBumperActuator1,XBOXONE-1281 · Independent bumper-switch actuator001,Controller,matte,1,7.4330082183934385,2.5999999999999943,2.6000000000000227,1.3999999999999986,Schematic internal layout
XBOXONE-1282,PadMicroUSBShell,XBOXONE-1282 · Separate original controller connector shield,Controller,metal,1,43.96938009881545,8.0,6.0,3.5000000000000036,Schematic internal layout
XBOXONE-1283,PadMicroUSBTongue,XBOXONE-1283 · Independent original connector tongue,Controller,matte,1,12.272445792558743,6.3,3.0,0.6499999999999986,Schematic internal layout
XBOXONE-1284,PadMicroUSBContact0,XBOXONE-1284 · Independent schematic connector contact,Controller,gold,1,0.06437253096491448,0.34999999999999964,2.3000000000000114,0.0799999999999983,Schematic internal layout
XBOXONE-1285,PadMicroUSBContact1,XBOXONE-1285 · Independent schematic connector contact001,Controller,gold,1,0.06437253096491449,0.3500000000000001,2.3000000000000114,0.0799999999999983,Schematic internal layout
XBOXONE-1286,PadMicroUSBContact2,XBOXONE-1286 · Independent schematic connector contact002,Controller,gold,1,0.06437253096491449,0.35,2.3000000000000114,0.0799999999999983,Schematic internal layout
XBOXONE-1287,PadMicroUSBContact3,XBOXONE-1287 · Independent schematic connector contact003,Controller,gold,1,0.06437253096491449,0.3500000000000001,2.3000000000000114,0.0799999999999983,Schematic internal layout
XBOXONE-1288,PadMicroUSBContact4,XBOXONE-1288 · Independent schematic connector contact004,Controller,gold,1,0.06437253096491448,0.34999999999999964,2.3000000000000114,0.0799999999999983,Schematic internal layout
XBOXONE-1289,PadHeadsetShell,XBOXONE-1289 · Separate original controller connector shield001,Controller,metal,1,73.39115008234609,16.0,5.0,6.0000000000000036,Schematic internal layout
XBOXONE-1290,PadHeadsetTongue,XBOXONE-1290 · Independent original connector tongue001,Controller,matte,1,27.87244579255872,14.3,3.0,0.6499999999999986,Schematic internal layout
XBOXONE-1291,PadHeadsetContact0,XBOXONE-1291 · Independent schematic connector contact005,Controller,gold,1,0.06437253096491402,0.34999999999999964,2.2999999999999545,0.0799999999999983,Schematic internal layout
XBOXONE-1292,PadHeadsetContact1,XBOXONE-1292 · Independent schematic connector contact006,Controller,gold,1,0.06437253096491402,0.34999999999999964,2.2999999999999545,0.0799999999999983,Schematic internal layout
XBOXONE-1293,PadHeadsetContact2,XBOXONE-1293 · Independent schematic connector contact007,Controller,gold,1,0.06437253096491402,0.34999999999999964,2.2999999999999545,0.0799999999999983,Schematic internal layout
XBOXONE-1294,PadHeadsetContact3,XBOXONE-1294 · Independent schematic connector contact008,Controller,gold,1,0.06437253096491405,0.3500000000000001,2.2999999999999545,0.0799999999999983,Schematic internal layout
XBOXONE-1295,PadHeadsetContact4,XBOXONE-1295 · Independent schematic connector contact009,Controller,gold,1,0.06437253096491403,0.35,2.2999999999999545,0.0799999999999983,Schematic internal layout
XBOXONE-1296,PadHeadsetContact5,XBOXONE-1296 · Independent schematic connector contact010,Controller,gold,1,0.06437253096491403,0.3500000000000001,2.2999999999999545,0.0799999999999983,Schematic internal layout
XBOXONE-1297,PadHeadsetContact6,XBOXONE-1297 · Independent schematic connector contact011,Controller,gold,1,0.06437253096491402,0.34999999999999964,2.2999999999999545,0.0799999999999983,Schematic internal layout
XBOXONE-1298,PadHeadsetContact7,XBOXONE-1298 · Independent schematic connector contact012,Controller,gold,1,0.06437253096491402,0.34999999999999964,2.2999999999999545,0.0799999999999983,Schematic internal layout
XBOXONE-1299,PadHeadsetContact8,XBOXONE-1299 · Independent schematic connector contact013,Controller,gold,1,0.06437253096491402,0.34999999999999964,2.2999999999999545,0.0799999999999983,Schematic internal layout
XBOXONE-1300,PadAABay,XBOXONE-1300 · Independent original two-AA compartment wall001,Controller,matte,1,2882.1007498215436,56.0000002,38.00000020000002,13.6000002,Schematic internal layout
XBOXONE-1301,PadAADivider,XBOXONE-1301 · Separate double-AA divider,Controller,matte,1,561.1364600329413,52.0,0.8000000000000114,13.5,Schematic internal layout
XBOXONE-1302,PadAA0,XBOXONE-1302 · Independent opposed-polarity AA cell,Controller,battery,1,7176.201868518404,49.4,13.600000000000023,13.600000000000001,Schematic internal layout
XBOXONE-1303,PadAAPositive0,XBOXONE-1303 · Separate AA positive button,Controller,metal,1,9.0477868423386,0.5,4.800000000000011,4.800000000000001,Schematic internal layout
XBOXONE-1304,PadAANegative0,XBOXONE-1304 · Separate AA negative cap,Controller,metal,1,11.82244147398914,0.120000000000001,11.199999999999989,11.2,Schematic internal layout
XBOXONE-1305,PadAAContactSpring0,XBOXONE-1305 · Independent AA negative contact spring,Controller,metal,1,1.1344737178748399,1.579302325645667,3.879996634374521,3.880004374884299,Schematic internal layout
XBOXONE-1306,PadAA1,XBOXONE-1306 · Independent opposed-polarity AA cell001,Controller,battery,1,7176.201868518403,49.4,13.600000000000023,13.600000000000001,Schematic internal layout
XBOXONE-1307,PadAAPositive1,XBOXONE-1307 · Separate AA positive button001,Controller,metal,1,9.047786842338597,0.5,4.800000000000011,4.800000000000001,Schematic internal layout
XBOXONE-1308,PadAANegative1,XBOXONE-1308 · Separate AA negative cap001,Controller,metal,1,11.822441473989143,0.120000000000001,11.199999999999989,11.2,Schematic internal layout
XBOXONE-1309,PadAAContactSpring1,XBOXONE-1309 · Independent AA negative contact spring001,Controller,metal,1,1.1344737178748399,1.579302325645667,3.879996634374521,3.8800043748843,Schematic internal layout
XBOXONE-1310,PadBatteryContact0_0,XBOXONE-1310 · Independent battery compartment metal contact,Controller,metal,1,8.728368134870461,0.25,5.0,6.999999999999999,Schematic internal layout
XBOXONE-1311,PadBatteryContact0_1,XBOXONE-1311 · Independent battery compartment metal contact001,Controller,metal,1,8.728368134870461,0.25,5.0,6.999999999999999,Schematic internal layout
XBOXONE-1312,PadBatteryContact1_0,XBOXONE-1312 · Independent battery compartment metal contact002,Controller,metal,1,8.728368134870461,0.25,5.0,6.999999999999999,Schematic internal layout
XBOXONE-1313,PadBatteryContact1_1,XBOXONE-1313 · Independent battery compartment metal contact003,Controller,metal,1,8.728368134870461,0.25,5.0,6.999999999999999,Schematic internal layout
XBOXONE-1314,PadScrewBoss0,XBOXONE-1314 · Independent controller case screw boss,Controller,matte,1,67.38716241950101,4.599999999999994,4.600000000000023,5.0,Schematic internal layout
XBOXONE-1315,PadCaseScrew0,XBOXONE-1315 · Separate controller case screw envelope,Controller,metal,1,11.460530000295568,1.5999999999999943,1.6000000000000227,5.700000000000001,Schematic internal layout
XBOXONE-1316,PadScrewBoss1,XBOXONE-1316 · Independent controller case screw boss001,Controller,matte,1,67.38716241950101,4.599999999999994,4.600000000000023,5.0,Schematic internal layout
XBOXONE-1317,PadCaseScrew1,XBOXONE-1317 · Separate controller case screw envelope001,Controller,metal,1,11.460530000295568,1.5999999999999943,1.6000000000000227,5.700000000000001,Schematic internal layout
XBOXONE-1318,PadScrewBoss2,XBOXONE-1318 · Independent controller case screw boss002,Controller,matte,1,67.38716241950111,4.599999999999994,4.600000000000023,5.0,Schematic internal layout
XBOXONE-1319,PadCaseScrew2,XBOXONE-1319 · Separate controller case screw envelope002,Controller,metal,1,11.460530000295547,1.5999999999999943,1.6000000000000227,5.700000000000001,Schematic internal layout
XBOXONE-1320,PadScrewBoss3,XBOXONE-1320 · Independent controller case screw boss003,Controller,matte,1,67.38716241950111,4.599999999999994,4.600000000000023,5.0,Schematic internal layout
XBOXONE-1321,PadCaseScrew3,XBOXONE-1321 · Separate controller case screw envelope003,Controller,metal,1,11.460530000295547,1.5999999999999943,1.6000000000000227,5.700000000000001,Schematic internal layout
XBOXONE-1322,PadScrewBoss4,XBOXONE-1322 · Independent controller case screw boss004,Controller,matte,1,67.38716241950111,4.6,4.600000000000023,5.0,Schematic internal layout
XBOXONE-1323,PadCaseScrew4,XBOXONE-1323 · Separate controller case screw envelope004,Controller,metal,1,11.460530000295552,1.6,1.6000000000000227,5.700000000000001,Schematic internal layout
XBOXONE-1324,PadGripMotorLCan,XBOXONE-1324 · Separate vibration motor metal can,Controller,metal,1,449.56190872869956,16.400000000000006,18.0,16.4,Schematic internal layout
XBOXONE-1325,PadGripMotorLEnd,XBOXONE-1325 · Separate vibration motor end cap,Controller,matte,1,122.74830816106193,16.200000000000003,0.6000000000000227,16.200000000000003,Schematic internal layout
XBOXONE-1326,PadGripMotorLShaft,XBOXONE-1326 · Independent vibration-motor shaft,Controller,metal,1,17.121679962064366,1.0,21.80000000000001,1.0,Schematic internal layout
XBOXONE-1327,PadGripMotorLRotor,XBOXONE-1327 · Independent vibration rotor core,Controller,metal,1,637.8233941586532,7.0519999999999925,17.0,7.052,Schematic internal layout
XBOXONE-1328,PadGripMotorLWinding,XBOXONE-1328 · Independent vibration winding envelope,Controller,copper,1,677.6749204561302,10.659999999999997,16.69999999999999,10.659999999999998,Schematic internal layout
XBOXONE-1329,PadGripMotorLMagnet,XBOXONE-1329 · Independent vibration stator-magnet ring,Controller,black,1,1062.9494800065363,14.799999999999997,17.0,14.799999999999997,Schematic internal layout
XBOXONE-1330,PadGripMotorLEccentric,XBOXONE-1330 · Separate asymmetric vibration eccentric weight,Controller,metal,1,133.92609482253343,12.975265537596343,2.1000000000000227,6.5,Schematic internal layout
XBOXONE-1331,PadGripMotorRCan,XBOXONE-1331 · Separate vibration motor metal can001,Controller,metal,1,449.56190872869956,16.400000000000006,18.0,16.400000000000002,Schematic internal layout
XBOXONE-1332,PadGripMotorREnd,XBOXONE-1332 · Separate vibration motor end cap001,Controller,matte,1,122.74830816106193,16.200000000000003,0.6000000000000227,16.200000000000003,Schematic internal layout
XBOXONE-1333,PadGripMotorRShaft,XBOXONE-1333 · Independent vibration-motor shaft001,Controller,metal,1,17.121679962064366,1.0,21.80000000000001,1.0,Schematic internal layout
XBOXONE-1334,PadGripMotorRRotor,XBOXONE-1334 · Independent vibration rotor core001,Controller,metal,1,637.8233941586532,7.0519999999999925,17.0,7.052,Schematic internal layout
XBOXONE-1335,PadGripMotorRWinding,XBOXONE-1335 · Independent vibration winding envelope001,Controller,copper,1,677.6749204561302,10.659999999999997,16.69999999999999,10.659999999999998,Schematic internal layout
XBOXONE-1336,PadGripMotorRMagnet,XBOXONE-1336 · Independent vibration stator-magnet ring001,Controller,black,1,1062.9494800065363,14.799999999999997,17.0,14.799999999999997,Schematic internal layout
XBOXONE-1337,PadGripMotorREccentric,XBOXONE-1337 · Separate asymmetric vibration eccentric weight001,Controller,metal,1,214.07008691101774,16.36879652435232,2.1000000000000227,8.2,Schematic internal layout
XBOXONE-1338,PadTrigger0,XBOXONE-1338 · Independent original impulse trigger cap007,Controller,gloss,1,2286.9119009484925,25.0,19.0,13.0,"Original black enclosure study; published envelope, approximate local detail"
XBOXONE-1339,PadTriggerAxle0,XBOXONE-1339 · Separate trigger pivot axle,Controller,metal,1,48.25486315913925,24.0,1.6000000000000227,1.6000000000000014,Schematic internal layout
XBOXONE-1340,PadTriggerMotor0Can,XBOXONE-1340 · Separate vibration motor metal can002,Controller,metal,1,94.71901850573224,7.200000000000003,9.0,7.200000000000001,Schematic internal layout
XBOXONE-1341,PadTriggerMotor0End,XBOXONE-1341 · Separate vibration motor end cap002,Controller,matte,1,22.167077763729512,7.0,0.5999999999999943,7.0,Schematic internal layout
XBOXONE-1342,PadTriggerMotor0Shaft,XBOXONE-1342 · Independent vibration-motor shaft002,Controller,metal,1,10.053096491487334,1.0,12.800000000000011,1.0,Schematic internal layout
XBOXONE-1343,PadTriggerMotor0Rotor,XBOXONE-1343 · Independent vibration rotor core002,Controller,metal,1,47.91064513527072,3.0960000000000036,8.0,3.0960000000000036,Schematic internal layout
XBOXONE-1344,PadTriggerMotor0Winding,XBOXONE-1344 · Independent vibration winding envelope002,Controller,copper,1,60.22446688611907,4.680000000000007,7.699999999999989,4.68,Schematic internal layout
XBOXONE-1345,PadTriggerMotor0Magnet,XBOXONE-1345 · Independent vibration stator-magnet ring002,Controller,black,1,28.18727406669187,5.599999999999994,8.0,5.600000000000001,Schematic internal layout
XBOXONE-1346,PadTriggerMotor0Eccentric,XBOXONE-1346 · Separate asymmetric vibration eccentric weight002,Controller,metal,1,35.501960480973125,6.787061973511932,2.1000000000000227,3.3999999999999986,Schematic internal layout
XBOXONE-1347,PadTriggerSpring0,XBOXONE-1347 · Independent trigger return spring,Controller,metal,1,6.590821299919537,4.359312627898177,3.9600198658123134,3.9600168372974416,Schematic internal layout
XBOXONE-1348,PadTriggerMagnet0,XBOXONE-1348 · Independent magnetic trigger sensor target,Controller,black,1,8.922743338823082,3.0,3.0,1.0,Schematic internal layout
XBOXONE-1349,PadTriggerHall0,XBOXONE-1349 · Independent trigger Hall-sensor package,Controller,black,1,8.030469004940775,3.0,3.0,0.9000000000000004,Schematic internal layout
XBOXONE-1350,PadTrigger1,XBOXONE-1350 · Independent original impulse trigger cap009,Controller,gloss,1,2286.9119009484934,25.0,19.0,13.0,"Original black enclosure study; published envelope, approximate local detail"
XBOXONE-1351,PadTriggerAxle1,XBOXONE-1351 · Separate trigger pivot axle001,Controller,metal,1,48.25486315913925,24.0,1.6000000000000227,1.6000000000000014,Schematic internal layout
XBOXONE-1352,PadTriggerMotor1Can,XBOXONE-1352 · Separate vibration motor metal can003,Controller,metal,1,94.71901850573224,7.200000000000003,9.0,7.200000000000001,Schematic internal layout
XBOXONE-1353,PadTriggerMotor1End,XBOXONE-1353 · Separate vibration motor end cap003,Controller,matte,1,22.167077763729512,7.0,0.5999999999999943,7.0,Schematic internal layout
XBOXONE-1354,PadTriggerMotor1Shaft,XBOXONE-1354 · Independent vibration-motor shaft003,Controller,metal,1,10.053096491487334,1.0,12.800000000000011,1.0,Schematic internal layout
XBOXONE-1355,PadTriggerMotor1Rotor,XBOXONE-1355 · Independent vibration rotor core003,Controller,metal,1,47.91064513527072,3.0960000000000036,8.0,3.0960000000000036,Schematic internal layout
XBOXONE-1356,PadTriggerMotor1Winding,XBOXONE-1356 · Independent vibration winding envelope003,Controller,copper,1,60.22446688611907,4.680000000000007,7.699999999999989,4.68,Schematic internal layout
XBOXONE-1357,PadTriggerMotor1Magnet,XBOXONE-1357 · Independent vibration stator-magnet ring003,Controller,black,1,28.18727406669187,5.599999999999994,8.0,5.600000000000001,Schematic internal layout
XBOXONE-1358,PadTriggerMotor1Eccentric,XBOXONE-1358 · Separate asymmetric vibration eccentric weight003,Controller,metal,1,35.501960480973125,6.787061973511932,2.1000000000000227,3.3999999999999986,Schematic internal layout
XBOXONE-1359,PadTriggerSpring1,XBOXONE-1359 · Independent trigger return spring001,Controller,metal,1,6.590821299919537,4.359312627898177,3.9600198658123134,3.9600168372974416,Schematic internal layout
XBOXONE-1360,PadTriggerMagnet1,XBOXONE-1360 · Independent magnetic trigger sensor target001,Controller,black,1,8.922743338823082,3.0,3.0,1.0,Schematic internal layout
XBOXONE-1361,PadTriggerHall1,XBOXONE-1361 · Independent trigger Hall-sensor package001,Controller,black,1,8.030469004940775,3.0,3.0,0.9000000000000004,Schematic internal layout
XBOXONE-1362,PadMotorWire0_0,XBOXONE-1362 · Independent grip-motor rear lead,Controller,red,1,5.85444645654687,10.860000199999945,43.36000020000006,1.425152999254026,Schematic internal layout
XBOXONE-1363,PadMotorWire0_1,XBOXONE-1363 · Independent grip-motor rear lead001,Controller,black,1,5.854446456546872,10.860000199999945,43.36000020000006,1.425152999254026,Schematic internal layout
XBOXONE-1364,PadMotorWire1_0,XBOXONE-1364 · Independent grip-motor rear lead002,Controller,red,1,5.8544464565468735,10.860000199999945,43.36000020000006,1.425152999254026,Schematic internal layout
XBOXONE-1365,PadMotorWire1_1,XBOXONE-1365 · Independent grip-motor rear lead003,Controller,black,1,5.854446456546876,10.860000199999945,43.36000020000006,1.425152999254026,Schematic internal layout
XBOXONE-1366,PadMotorWire2_0,XBOXONE-1366 · Independent impulse-trigger motor lead,Controller,red,1,1.9201536677891382,10.285941260139772,7.304910696361901,6.960294356304466,Schematic internal layout
XBOXONE-1367,PadMotorWire2_1,XBOXONE-1367 · Independent impulse-trigger motor lead001,Controller,black,1,1.9201536677891355,10.285941260139772,7.304910696361901,6.960294356304466,Schematic internal layout
XBOXONE-1368,PadMotorWire3_0,XBOXONE-1368 · Independent impulse-trigger motor lead002,Controller,red,1,1.92015366778914,10.285941260139772,7.304910696361901,6.960294356304466,Schematic internal layout
XBOXONE-1369,PadMotorWire3_1,XBOXONE-1369 · Independent impulse-trigger motor lead003,Controller,black,1,1.9201536677891375,10.285941260139772,7.304910696361901,6.960294356304466,Schematic internal layout
XBOXONE-1370,KinectBottom,XBOXONE-1370 · Native original Kinect2 lower shell,Kinect,matte,1,24649.145840131758,249.0,66.0,1.5,"Original black enclosure study; published envelope, approximate local detail"
XBOXONE-1371,KinectTop,XBOXONE-1371 · Independent Kinect2 top cover,Kinect,matte,1,24649.145840131754,249.0,66.0,1.5,"Original black enclosure study; published envelope, approximate local detail"
XBOXONE-1372,KinectRear,XBOXONE-1372 · Independent Kinect2 rear cover003,Kinect,matte,1,20079.110290167857,246.0,1.6000000000000227,57.699999999999996,"Original black enclosure study; published envelope, approximate local detail"
XBOXONE-1373,KinectSide0,XBOXONE-1373 · Independent vented Kinect end cap001,Kinect,matte,1,4154.959776648335,1.6000000000000227,62.60000000000002,57.699999999999996,"Original black enclosure study; published envelope, approximate local detail"
XBOXONE-1374,KinectSide1,XBOXONE-1374 · Independent vented Kinect end cap003,Kinect,matte,1,4154.959776648335,1.6000000000000227,62.60000000000002,57.699999999999996,"Original black enclosure study; published envelope, approximate local detail"
XBOXONE-1375,KinectFace,XBOXONE-1375 · Separate glossy Kinect front fascia003,Kinect,gloss,1,15813.325009962915,246.0,1.3000000000000114,57.699999999999996,"Original black enclosure study; published envelope, approximate local detail"
XBOXONE-1376,KinectRGBWindow,XBOXONE-1376 · Independent Kinect optical protective window,Kinect,screen,1,125.88833001832266,21.400000000000006,0.3499999999999943,21.400000000000006,"Original black enclosure study; published envelope, approximate local detail"
XBOXONE-1377,KinectDepthWindow,XBOXONE-1377 · Independent Kinect optical protective window001,Kinect,screen,1,87.09594393179616,17.799999999999997,0.3499999999999943,17.799999999999997,"Original black enclosure study; published envelope, approximate local detail"
XBOXONE-1378,KinectIRWindow,XBOXONE-1378 · Separate three-field IR protective window,Kinect,screen,1,426.3702167544018,62.5,0.3499999999999943,19.5,"Original black enclosure study; published envelope, approximate local detail"
XBOXONE-1379,KinectStatusWindow,XBOXONE-1379 · Separate original Kinect status guide,Kinect,white,1,33.92920065877019,12.0,0.30000000000001137,12.0,"Original black enclosure study; published envelope, approximate local detail"
XBOXONE-1380,KinectStatusMark,XBOXONE-1380 · X002,Kinect,gloss,1,0.15878384683544858,4.824664429530202,0.018000000000000682,5.6375838926174495,"Original black enclosure study; published envelope, approximate local detail"
XBOXONE-1381,KinectMicBar,XBOXONE-1381 · Separate lower four-microphone bar005,Kinect,matte,1,5410.976852630649,239.0,10.0,8.0,"Original black enclosure study; published envelope, approximate local detail"
XBOXONE-1382,KinectFoot,XBOXONE-1382 · Independent tilt-stand ground foot,Kinect,matte,1,13597.677868423385,99.0,43.0,3.2,"Original black enclosure study; published envelope, approximate local detail"
XBOXONE-1383,KinectTiltStand,XBOXONE-1383 · Separate manual-tilt U stand,Kinect,matte,1,5521.699111843078,93.0,35.0,4.0,Schematic internal layout
XBOXONE-1384,KinectStandArm0,XBOXONE-1384 · Separate manual-tilt stand support001,Kinect,matte,1,375.14152616670634,6.0,8.0,9.0,Schematic internal layout
XBOXONE-1385,KinectTiltAxle0,XBOXONE-1385 · Independent manual-tilt pivot,Kinect,metal,1,56.297340352329115,7.0,3.2000000000000455,3.200000000000001,Schematic internal layout
XBOXONE-1386,KinectStandArm1,XBOXONE-1386 · Separate manual-tilt stand support003,Kinect,matte,1,375.14152616670634,6.0,8.0,9.0,Schematic internal layout
XBOXONE-1387,KinectTiltAxle1,XBOXONE-1387 · Independent manual-tilt pivot001,Kinect,metal,1,56.297340352329115,7.0,3.2000000000000455,3.200000000000001,Schematic internal layout
XBOXONE-1388,KinectMainPCB,XBOXONE-1388 · Separate Kinect2 main processing board,Kinect,pcb,1,12094.96991118427,224.0,1.1999999999999886,45.0,Schematic internal layout
XBOXONE-1389,KinectSensorPCB,XBOXONE-1389 · Independent Kinect2 sensor board,Kinect,pcb,1,8321.141592653588,219.0,1.0,38.0,Schematic internal layout
XBOXONE-1390,KinectProcessor,XBOXONE-1390 · Separate Kinect processing package study,Kinect,black,1,740.4077167544002,23.0,1.3999999999999773,23.0,Schematic internal layout
XBOXONE-1391,KinectRAM,XBOXONE-1391 · Separate Kinect processing package study001,Kinect,black,1,335.80771675440235,12.0,1.3999999999999773,20.0,Schematic internal layout
XBOXONE-1392,KinectUSBController,XBOXONE-1392 · Separate Kinect processing package study002,Kinect,black,1,236.40771675440283,13.0,1.3999999999999773,13.0,Schematic internal layout
XBOXONE-1393,KinectFlash,XBOXONE-1393 · Separate Kinect processing package study003,Kinect,black,1,167.8077167544032,12.0,1.3999999999999773,10.0,Schematic internal layout
XBOXONE-1394,KinectThermalBar,XBOXONE-1394 · Separate sensor aluminum thermal spine,Kinect,metal,1,22002.814150222053,216.0,3.0,34.0,Schematic internal layout
XBOXONE-1395,KinectThermalPad0,XBOXONE-1395 · Independent Kinect thermal interface,Kinect,thermal,1,202.1497787143771,17.0,0.6999999999999886,17.0,Schematic internal layout
XBOXONE-1396,KinectThermalPad1,XBOXONE-1396 · Independent Kinect thermal interface001,Kinect,thermal,1,202.1497787143771,17.0,0.6999999999999886,17.0,Schematic internal layout
XBOXONE-1397,KinectThermalPad2,XBOXONE-1397 · Independent Kinect thermal interface002,Kinect,thermal,1,202.1497787143771,17.0,0.6999999999999886,17.0,Schematic internal layout
XBOXONE-1398,KinectThermalPad3,XBOXONE-1398 · Independent Kinect thermal interface003,Kinect,thermal,1,202.1497787143771,17.0,0.6999999999999886,17.0,Schematic internal layout
XBOXONE-1399,KinectRGBBarrel,XBOXONE-1399 · Independent color or depth lens barrel,Kinect,matte,1,1315.9503307356922,19.0,17.0,19.0,Schematic internal layout
XBOXONE-1400,KinectRGBLens0,XBOXONE-1400 · Separate optical element envelope,Kinect,blue,1,86.01052366998063,15.599999999999994,0.44999999999998863,15.599999999999994,Schematic internal layout
XBOXONE-1401,KinectRGBLens1,XBOXONE-1401 · Separate optical element envelope001,Kinect,blue,1,83.81926279410177,15.400000000000006,0.44999999999998863,15.400000000000006,Schematic internal layout
XBOXONE-1402,KinectRGBLens2,XBOXONE-1402 · Separate optical element envelope002,Kinect,blue,1,86.01052366998063,15.599999999999994,0.44999999999998863,15.599999999999994,Schematic internal layout
XBOXONE-1403,KinectRGBImager,XBOXONE-1403 · Independent sensor package envelope,Kinect,black,1,99.36327982457433,9.975000000000023,1.0,9.974999999999994,Schematic internal layout
XBOXONE-1404,KinectDepthBarrel,XBOXONE-1404 · Independent color or depth lens barrel001,Kinect,matte,1,1061.7326532072057,15.599999999999994,17.0,15.599999999999994,Schematic internal layout
XBOXONE-1405,KinectDepthLens0,XBOXONE-1405 · Separate optical element envelope003,Kinect,blue,1,52.604398188033834,12.200000000000003,0.44999999999998863,12.200000000000003,Schematic internal layout
XBOXONE-1406,KinectDepthLens1,XBOXONE-1406 · Separate optical element envelope004,Kinect,blue,1,50.89380098815421,12.0,0.44999999999998863,12.0,Schematic internal layout
XBOXONE-1407,KinectDepthLens2,XBOXONE-1407 · Separate optical element envelope005,Kinect,blue,1,52.604398188033834,12.200000000000003,0.44999999999998863,12.200000000000003,Schematic internal layout
XBOXONE-1408,KinectDepthImager,XBOXONE-1408 · Independent sensor package envelope001,Kinect,black,1,66.93875482457435,8.189999999999998,1.0,8.189999999999998,Schematic internal layout
XBOXONE-1409,KinectIRBoard,XBOXONE-1409 · Independent triple IR-emitter daughterboard,Kinect,pcb,1,1689.690973355292,65.0,1.0,26.0,Schematic internal layout
XBOXONE-1410,KinectIRSink,XBOXONE-1410 · Separate IR module metal backplate,Kinect,metal,1,3199.3819467105836,64.0,2.0,25.0,Schematic internal layout
XBOXONE-1411,KinectIREmitterFrame0,XBOXONE-1411 · Independent IR emitter cell frame,Kinect,metal,1,174.79821524573612,12.0,4.0,12.0,Schematic internal layout
XBOXONE-1412,KinectIREmitter0,XBOXONE-1412 · Separate IR emitter envelope,Kinect,red,1,60.8212337734984,8.799999999999999,1.0,8.799999999999997,Schematic internal layout
XBOXONE-1413,KinectIRFilter0,XBOXONE-1413 · Independent rectangular IR optical filter,Kinect,blue,1,121.43819467105743,18.0,0.44999999999998863,15.0,Schematic internal layout
XBOXONE-1414,KinectIREmitterFrame1,XBOXONE-1414 · Independent IR emitter cell frame001,Kinect,metal,1,174.79821524573615,12.0,4.0,12.0,Schematic internal layout
XBOXONE-1415,KinectIREmitter1,XBOXONE-1415 · Separate IR emitter envelope001,Kinect,red,1,60.8212337734984,8.8,1.0,8.799999999999997,Schematic internal layout
XBOXONE-1416,KinectIRFilter1,XBOXONE-1416 · Independent rectangular IR optical filter001,Kinect,blue,1,121.43819467105745,18.0,0.44999999999998863,15.0,Schematic internal layout
XBOXONE-1417,KinectIREmitterFrame2,XBOXONE-1417 · Independent IR emitter cell frame002,Kinect,metal,1,174.79821524573612,12.0,4.0,12.0,Schematic internal layout
XBOXONE-1418,KinectIREmitter2,XBOXONE-1418 · Separate IR emitter envelope002,Kinect,red,1,60.8212337734984,8.799999999999999,1.0,8.799999999999997,Schematic internal layout
XBOXONE-1419,KinectIRFilter2,XBOXONE-1419 · Independent rectangular IR optical filter002,Kinect,blue,1,121.43819467105743,18.0,0.44999999999998863,15.0,Schematic internal layout
XBOXONE-1420,KinectMicPCB0,XBOXONE-1420 · Separate microphone local board,Kinect,pcb,1,32.317592894744614,9.0,6.0,0.5999999999999996,Schematic internal layout
XBOXONE-1421,KinectMic0,XBOXONE-1421 · Independent microphone capsule,Kinect,metal,1,25.13274122871833,4.0,4.0,2.000000000000001,Schematic internal layout
XBOXONE-1422,KinectMicPCB1,XBOXONE-1422 · Separate microphone local board001,Kinect,pcb,1,32.31759289474461,9.0,6.0,0.5999999999999996,Schematic internal layout
XBOXONE-1423,KinectMic1,XBOXONE-1423 · Independent microphone capsule001,Kinect,metal,1,25.13274122871833,4.0,4.0,2.000000000000001,Schematic internal layout
XBOXONE-1424,KinectMicPCB2,XBOXONE-1424 · Separate microphone local board002,Kinect,pcb,1,32.31759289474461,9.0,6.0,0.5999999999999996,Schematic internal layout
XBOXONE-1425,KinectMic2,XBOXONE-1425 · Independent microphone capsule002,Kinect,metal,1,25.13274122871833,4.0,4.0,2.000000000000001,Schematic internal layout
XBOXONE-1426,KinectMicPCB3,XBOXONE-1426 · Separate microphone local board003,Kinect,pcb,1,32.317592894744614,9.0,6.0,0.5999999999999996,Schematic internal layout
XBOXONE-1427,KinectMic3,XBOXONE-1427 · Independent microphone capsule003,Kinect,metal,1,25.13274122871833,4.0,4.0,2.000000000000001,Schematic internal layout
XBOXONE-1428,KinectLEDPCB,XBOXONE-1428 · Separate Kinect status LED daughterboard,Kinect,pcb,1,216.5175928947439,19.0,0.5999999999999943,19.0,Schematic internal layout
XBOXONE-1429,KinectLED,XBOXONE-1429 · Independent Kinect status emitter,Kinect,white,1,25.13274122871833,4.0,2.0,4.0,Schematic internal layout
XBOXONE-1430,KinectFanFrame,XBOXONE-1430 · Separate Kinect rear axial fan frame,Kinect,matte,1,5326.460937269087,38.0,10.0,38.0,Schematic internal layout
XBOXONE-1431,KinectFanHub,XBOXONE-1431 · Independent rear fan hub,Kinect,matte,1,769.6902001294993,12.0,7.0,12.0,Schematic internal layout
XBOXONE-1432,KinectFanShaft,XBOXONE-1432 · Separate rear fan shaft,Kinect,metal,1,12.315043202071987,1.4,8.0,1.4000000000000057,Schematic internal layout
XBOXONE-1433,KinectFanBlade0,XBOXONE-1433 · Separate sensor cooling fan blade study,Kinect,matte,1,150.4666229548116,9.445054044752467,4.0,5.28132228331458,Schematic internal layout
XBOXONE-1434,KinectFanBlade1,XBOXONE-1434 · Separate sensor cooling fan blade study001,Kinect,matte,1,150.46662295481158,9.088963783432135,4.0,9.78760562651697,Schematic internal layout
XBOXONE-1435,KinectFanBlade2,XBOXONE-1435 · Separate sensor cooling fan blade study002,Kinect,matte,1,150.46662295481158,5.859462388831911,4.0,10.082279224811643,Schematic internal layout
XBOXONE-1436,KinectFanBlade3,XBOXONE-1436 · Separate sensor cooling fan blade study003,Kinect,matte,1,150.46662295481178,10.18205134169267,4.0,7.798876300605912,Schematic internal layout
XBOXONE-1437,KinectFanBlade4,XBOXONE-1437 · Separate sensor cooling fan blade study004,Kinect,matte,1,150.46662295481175,10.260026225933975,4.0,7.570729435544507,Schematic internal layout
XBOXONE-1438,KinectFanBlade5,XBOXONE-1438 · Separate sensor cooling fan blade study005,Kinect,matte,1,150.46662295481178,6.117720594795902,4.0,10.065926486052177,Schematic internal layout
XBOXONE-1439,KinectFanBlade6,XBOXONE-1439 · Separate sensor cooling fan blade study006,Kinect,matte,1,150.4666229548115,8.902368495745838,4.0,9.92329266994949,Schematic internal layout
XBOXONE-1440,KinectFanGrille,XBOXONE-1440 · Separate Kinect fan outlet grille,Kinect,matte,1,1582.0262559678565,41.0,1.3000000000000114,41.0,"Original black enclosure study; published envelope, approximate local detail"
XBOXONE-1441,KinectFanWire0,XBOXONE-1441 · Independent sensor fan lead,Kinect,black,1,2.136084082165522,15.152054836588022,5.047978455861653,10.296028538894426,Schematic internal layout
XBOXONE-1442,KinectFanWire1,XBOXONE-1442 · Independent sensor fan lead001,Kinect,red,1,2.1360840821655325,15.152054836588022,5.047978455861653,10.296028538894426,Schematic internal layout
XBOXONE-1443,KinectFanWire2,XBOXONE-1443 · Independent sensor fan lead002,Kinect,gold,1,2.1360840821655325,15.152054836588022,5.047978455861653,10.296028538894426,Schematic internal layout
XBOXONE-1444,KinectBoardFlex0,XBOXONE-1444 · Independent sensor-board flex interconnect,Kinect,copper,1,20.97939822368642,10.0,14.0,0.15000000000000568,Schematic internal layout
XBOXONE-1445,KinectBoardFlex1,XBOXONE-1445 · Independent sensor-board flex interconnect001,Kinect,copper,1,20.97939822368642,10.0,14.0,0.15000000000000568,Schematic internal layout
XBOXONE-1446,KinectStatusFlex,XBOXONE-1446 · Independent LED-board interconnect,Kinect,copper,1,8.988411500823576,5.0,12.0,0.15000000000000568,Schematic internal layout
XBOXONE-1447,KinectCablePlug,XBOXONE-1447 · Independent original sensor cable plug,Kinect,matte,1,961.1327412287183,11.0,11.0,8.0,Schematic internal layout
XBOXONE-1448,KinectCable,XBOXONE-1448 · Separate coiled-display sensor cable study,Kinect,black,1,4492.421315714535,93.00000020000006,128.00000020000002,15.000000200000002,Schematic internal layout
XBOXONE-1449,KinectConsolePlug,XBOXONE-1449 · Independent Kinect console-end overmold,Kinect,matte,1,6762.79644737231,21.0,27.0,12.0,"Original black enclosure study; published envelope, approximate local detail"
XBOXONE-1450,KinectCableRelief0,XBOXONE-1450 · Independent molded cable relief rib,Kinect,matte,1,8.505076711431071,0.6999999999999886,6.600000000000023,6.600000000000001,Schematic internal layout
XBOXONE-1451,KinectCableRelief1,XBOXONE-1451 · Independent molded cable relief rib001,Kinect,matte,1,8.505076711431071,0.6999999999999886,6.600000000000023,6.600000000000001,Schematic internal layout
XBOXONE-1452,KinectCableRelief2,XBOXONE-1452 · Independent molded cable relief rib002,Kinect,matte,1,8.505076711431071,0.6999999999999886,6.600000000000023,6.600000000000001,Schematic internal layout
XBOXONE-1453,KinectCableRelief3,XBOXONE-1453 · Independent molded cable relief rib003,Kinect,matte,1,8.505076711431071,0.6999999999999886,6.600000000000023,6.600000000000001,Schematic internal layout
XBOXONE-1454,PSUBottom,XBOXONE-1454 · Native original external power-supply lower shell,Accessories,matte,1,23994.506192982975,200.0,75.0,1.6,"Original black enclosure study; published envelope, approximate local detail"
XBOXONE-1455,PSUTop,XBOXONE-1455 · Separate external power-supply top cover,Accessories,matte,1,23994.506192982983,200.0,75.0,1.6000000000000014,"Original black enclosure study; published envelope, approximate local detail"
XBOXONE-1456,PSUFront,XBOXONE-1456 · Independent external power-supply long wall002,Accessories,matte,1,15362.72452903566,196.4,1.5999999999999943,49.0,Schematic internal layout
XBOXONE-1457,PSURear,XBOXONE-1457 · Independent external power-supply long wall001,Accessories,matte,1,15391.030086404126,196.4,1.5999999999999943,49.0,Schematic internal layout
XBOXONE-1458,PSUACEnd,XBOXONE-1458 · Independent external power-supply end wall003,Accessories,matte,1,5054.907188683365,1.6000000000000227,71.4,49.0,Schematic internal layout
XBOXONE-1459,PSUDCEnd,XBOXONE-1459 · Independent external power-supply end wall004,Accessories,matte,1,4207.403587344623,1.6000000000000227,71.4,49.0,Schematic internal layout
XBOXONE-1460,PSUFoot0,XBOXONE-1460 · Separate original power-brick rubber foot,Accessories,rubber,1,204.4194671058465,13.0,9.0,1.8,"Original black enclosure study; published envelope, approximate local detail"
XBOXONE-1461,PSUFoot1,XBOXONE-1461 · Separate original power-brick rubber foot001,Accessories,rubber,1,204.4194671058465,13.0,9.0,1.8,"Original black enclosure study; published envelope, approximate local detail"
XBOXONE-1462,PSUFoot2,XBOXONE-1462 · Separate original power-brick rubber foot002,Accessories,rubber,1,204.4194671058465,13.0,9.0,1.8,"Original black enclosure study; published envelope, approximate local detail"
XBOXONE-1463,PSUFoot3,XBOXONE-1463 · Separate original power-brick rubber foot003,Accessories,rubber,1,204.4194671058465,13.0,9.0,1.8,"Original black enclosure study; published envelope, approximate local detail"
XBOXONE-1464,PSUShieldFloor,XBOXONE-1464 · Independent external-supply lower metal shield,Accessories,metal,1,5788.413716694116,192.0,67.0,0.4500000000000002,Schematic internal layout
XBOXONE-1465,PSUPCB,XBOXONE-1465 · Independent external-supply PCB; nonfunctional study,Accessories,pcb,1,18949.02654824574,188.0,63.0,1.5999999999999996,Schematic internal layout
XBOXONE-1466,PSUTransformerCore,XBOXONE-1466 · Separate power-transformer ferrite frame study001,Accessories,black,1,10890.53981633974,29.0,32.0,25.0,Schematic internal layout
XBOXONE-1467,PSUTransformerBobbin,XBOXONE-1467 · Separate transformer insulating bobbin,Accessories,yellow,1,6068.690706003885,15.0,27.0,15.0,Schematic internal layout
XBOXONE-1468,PSUTransformerWinding,XBOXONE-1468 · Independent transformer winding envelope,Accessories,copper,2,2426.3407044966666,23.0,25.0,13.0,Schematic internal layout
XBOXONE-1469,PSUCap0,XBOXONE-1469 · Separate original supply capacitor envelope,Accessories,black,1,2714.3360527015802,12.0,12.0,24.0,Schematic internal layout
XBOXONE-1470,PSUCapTop0,XBOXONE-1470 · Independent supply capacitor vent,Accessories,metal,1,11.82244147398902,11.199999999999989,11.200000000000001,0.11999999999999744,Schematic internal layout
XBOXONE-1471,PSUCap1,XBOXONE-1471 · Separate original supply capacitor envelope001,Accessories,black,1,2714.3360527015802,12.0,12.0,24.0,Schematic internal layout
XBOXONE-1472,PSUCapTop1,XBOXONE-1472 · Independent supply capacitor vent001,Accessories,metal,1,11.82244147398902,11.199999999999989,11.200000000000001,0.11999999999999744,Schematic internal layout
XBOXONE-1473,PSUCap2,XBOXONE-1473 · Separate original supply capacitor envelope002,Accessories,black,1,1145.1105222334804,9.0,9.0,18.0,Schematic internal layout
XBOXONE-1474,PSUCapTop2,XBOXONE-1474 · Independent supply capacitor vent002,Accessories,metal,1,6.33722070082134,8.200000000000045,8.200000000000001,0.120000000000001,Schematic internal layout
XBOXONE-1475,PSUCap3,XBOXONE-1475 · Separate original supply capacitor envelope003,Accessories,black,1,1145.1105222334804,9.0,9.0,18.0,Schematic internal layout
XBOXONE-1476,PSUCapTop3,XBOXONE-1476 · Independent supply capacitor vent003,Accessories,metal,1,6.33722070082134,8.200000000000045,8.2,0.120000000000001,Schematic internal layout
XBOXONE-1477,PSUCap4,XBOXONE-1477 · Separate original supply capacitor envelope004,Accessories,black,1,1145.1105222334804,9.0,9.0,18.0,Schematic internal layout
XBOXONE-1478,PSUCapTop4,XBOXONE-1478 · Independent supply capacitor vent004,Accessories,metal,1,6.33722070082134,8.200000000000045,8.2,0.120000000000001,Schematic internal layout
XBOXONE-1479,PSUCap5,XBOXONE-1479 · Separate original supply capacitor envelope005,Accessories,black,1,1145.1105222334804,9.0,9.0,18.0,Schematic internal layout
XBOXONE-1480,PSUCapTop5,XBOXONE-1480 · Independent supply capacitor vent005,Accessories,metal,1,6.33722070082134,8.200000000000045,8.200000000000001,0.120000000000001,Schematic internal layout
XBOXONE-1481,PSUHeatsink0,XBOXONE-1481 · Separate power-stage aluminum heatsink,Accessories,metal,1,2752.5514376029323,2.0,51.0,27.0,Schematic internal layout
XBOXONE-1482,PSUPowerDevice0_0,XBOXONE-1482 · Independent insulated power-switch package,Accessories,black,1,148.12230076757947,1.5,9.0,11.0,Schematic internal layout
XBOXONE-1483,PSUPowerDevice0_1,XBOXONE-1483 · Independent insulated power-switch package001,Accessories,black,1,148.12230076757953,1.5,9.0,11.0,Schematic internal layout
XBOXONE-1484,PSUPowerDevice0_2,XBOXONE-1484 · Independent insulated power-switch package002,Accessories,black,1,148.12230076757947,1.5,9.0,11.0,Schematic internal layout
XBOXONE-1485,PSUHeatsink1,XBOXONE-1485 · Separate power-stage aluminum heatsink001,Accessories,metal,1,2752.5514376029323,2.0,51.0,27.0,Schematic internal layout
XBOXONE-1486,PSUPowerDevice1_0,XBOXONE-1486 · Independent insulated power-switch package003,Accessories,black,1,148.1223007675795,1.5,9.0,11.0,Schematic internal layout
XBOXONE-1487,PSUPowerDevice1_1,XBOXONE-1487 · Independent insulated power-switch package004,Accessories,black,1,148.12230076757953,1.5,9.0,11.0,Schematic internal layout
XBOXONE-1488,PSUPowerDevice1_2,XBOXONE-1488 · Independent insulated power-switch package005,Accessories,black,1,148.12230076757953,1.5,9.0,11.0,Schematic internal layout
XBOXONE-1489,PSUChokeCore,XBOXONE-1489 · Separate filter choke core envelope,Accessories,thermal,1,1138.0419387629029,15.0,15.0,9.0,Schematic internal layout
XBOXONE-1490,PSUChokeTurn0,XBOXONE-1490 · Independent insulated filter winding,Accessories,copper,1,1.4780719551071364,10.640000200000031,0.24000020000000433,10.640000200000001,Schematic internal layout
XBOXONE-1491,PSUChokeTurn1,XBOXONE-1491 · Independent insulated filter winding001,Accessories,copper,1,1.4780719551071426,9.246664399358224,5.440000199999998,10.640000200000001,Schematic internal layout
XBOXONE-1492,PSUChokeTurn2,XBOXONE-1492 · Independent insulated filter winding002,Accessories,copper,1,1.4780719551071315,5.440000200000043,9.246664399358163,10.640000200000001,Schematic internal layout
XBOXONE-1493,PSUChokeTurn3,XBOXONE-1493 · Independent insulated filter winding003,Accessories,copper,1,1.478071955107098,0.24000020000005406,10.640000200000003,10.640000200000001,Schematic internal layout
XBOXONE-1494,PSUChokeTurn4,XBOXONE-1494 · Independent insulated filter winding004,Accessories,copper,1,1.4780719551071295,5.440000200000043,9.246664399358167,10.640000200000001,Schematic internal layout
XBOXONE-1495,PSUChokeTurn5,XBOXONE-1495 · Independent insulated filter winding005,Accessories,copper,1,1.47807195510714,9.246664399358224,5.440000199999998,10.640000200000001,Schematic internal layout
XBOXONE-1496,PSUChokeTurn6,XBOXONE-1496 · Independent insulated filter winding006,Accessories,copper,1,1.4780719551071413,10.640000200000031,0.24000020000000433,10.640000200000001,Schematic internal layout
XBOXONE-1497,PSUChokeTurn7,XBOXONE-1497 · Independent insulated filter winding007,Accessories,copper,1,1.4780719551071426,9.246664399358224,5.4400002,10.640000200000001,Schematic internal layout
XBOXONE-1498,PSUChokeTurn8,XBOXONE-1498 · Independent insulated filter winding008,Accessories,copper,1,1.4780719551071295,5.4400002000000995,9.246664399358167,10.640000200000001,Schematic internal layout
XBOXONE-1499,PSUChokeTurn9,XBOXONE-1499 · Independent insulated filter winding009,Accessories,copper,1,1.4780719551071015,0.24000020000005406,10.640000200000003,10.640000200000001,Schematic internal layout
XBOXONE-1500,PSUChokeTurn10,XBOXONE-1500 · Independent insulated filter winding010,Accessories,copper,1,1.4780719551071329,5.440000200000043,9.246664399358167,10.640000200000001,Schematic internal layout
XBOXONE-1501,PSUChokeTurn11,XBOXONE-1501 · Independent insulated filter winding011,Accessories,copper,1,1.4780719551071442,9.246664399358224,5.440000200000007,10.640000200000001,Schematic internal layout
XBOXONE-1502,PSUShieldTop,XBOXONE-1502 · Independent supply upper metal screen,Accessories,metal,1,3378.8566370614312,132.0,64.0,0.3999999999999986,Schematic internal layout
XBOXONE-1503,PSUBlowerShroud,XBOXONE-1503 · Independent original centrifugal blower duct,Accessories,matte,1,17780.815234616006,53.0,57.0,13.0,Schematic internal layout
XBOXONE-1504,PSUBlowerDisc,XBOXONE-1504 · Independent centrifugal impeller disk,Accessories,matte,1,829.564243717941,42.0,42.0,0.6000000000000014,Schematic internal layout
XBOXONE-1505,PSUBlowerHub,XBOXONE-1505 · Independent centrifugal impeller hub,Accessories,matte,1,763.4070148223198,12.0,12.0,9.0,Schematic internal layout
XBOXONE-1506,PSUBlowerShaft,XBOXONE-1506 · Separate blower motor shaft,Accessories,metal,1,18.472564803107897,1.3999999999999773,1.4,12.0,Schematic internal layout
XBOXONE-1507,PSUBlowerStator,XBOXONE-1507 · Separate blower stator core,Accessories,metal,1,110.4112738104132,5.2000000000000455,5.2,6.0,Schematic internal layout
XBOXONE-1508,PSUBlowerPCB,XBOXONE-1508 · Independent blower driver board,Accessories,pcb,1,263.893782901543,22.0,22.0,0.7000000000000028,Schematic internal layout
XBOXONE-1509,PSUBlowerBlade0,XBOXONE-1509 · Independent centrifugal impeller blade study,Accessories,matte,1,25.931327412287196,4.988668744390338,1.6381425362554576,8.0,Schematic internal layout
XBOXONE-1510,PSUBlowerBlade1,XBOXONE-1510 · Independent centrifugal impeller blade study001,Accessories,matte,1,25.93132741228721,4.812112100468994,2.436669155947355,8.0,Schematic internal layout
XBOXONE-1511,PSUBlowerBlade2,XBOXONE-1511 · Independent centrifugal impeller blade study002,Accessories,matte,1,25.93132741228728,4.487318378780287,3.163307388629594,8.0,Schematic internal layout
XBOXONE-1512,PSUBlowerBlade3,XBOXONE-1512 · Independent centrifugal impeller blade study003,Accessories,matte,1,25.931327412287207,4.024726716780151,3.7947024836238334,8.0,Schematic internal layout
XBOXONE-1513,PSUBlowerBlade4,XBOXONE-1513 · Independent centrifugal impeller blade study004,Accessories,matte,1,25.931327412287164,3.439205191107021,4.310560883063351,8.0,Schematic internal layout
XBOXONE-1514,PSUBlowerBlade5,XBOXONE-1514 · Independent centrifugal impeller blade study005,Accessories,matte,1,25.931327412287033,2.749572945364889,4.694302473540452,8.0,Schematic internal layout
XBOXONE-1515,PSUBlowerBlade6,XBOXONE-1515 · Independent centrifugal impeller blade study006,Accessories,matte,1,25.93132741228696,1.9779953273631463,4.933593484593571,8.0,Schematic internal layout
XBOXONE-1516,PSUBlowerBlade7,XBOXONE-1516 · Independent centrifugal impeller blade study007,Accessories,matte,1,25.931327412287292,1.149271476600461,5.0207429062381586,8.0,Schematic internal layout
XBOXONE-1517,PSUBlowerBlade8,XBOXONE-1517 · Independent centrifugal impeller blade study008,Accessories,matte,1,25.931327412287096,1.0074461579464469,5.020206768583556,8.0,Schematic internal layout
XBOXONE-1518,PSUBlowerBlade9,XBOXONE-1518 · Independent centrifugal impeller blade study009,Accessories,matte,1,25.93132741228722,1.8431421027764827,4.958820836248227,8.0,Schematic internal layout
XBOXONE-1519,PSUBlowerBlade10,XBOXONE-1519 · Independent centrifugal impeller blade study010,Accessories,matte,1,25.931327412287157,2.626026108441465,4.744482486665056,8.0,Schematic internal layout
XBOXONE-1520,PSUBlowerBlade11,XBOXONE-1520 · Independent centrifugal impeller blade study011,Accessories,matte,1,25.93132741228718,3.3309356388402875,4.384080730747824,8.0,Schematic internal layout
XBOXONE-1521,PSUBlowerBlade12,XBOXONE-1521 · Independent centrifugal impeller blade study012,Accessories,matte,1,25.93132741228729,3.9352143216642617,3.889199177471262,8.0,Schematic internal layout
XBOXONE-1522,PSUBlowerBlade13,XBOXONE-1522 · Independent centrifugal impeller blade study013,Accessories,matte,1,25.931327412287306,4.419440142845474,3.2757437271475816,8.0,Schematic internal layout
XBOXONE-1523,PSUBlowerBlade14,XBOXONE-1523 · Independent centrifugal impeller blade study014,Accessories,matte,1,25.931327412287185,4.7680496860685935,2.563431342703012,8.0,Schematic internal layout
XBOXONE-1524,PSUBlowerBlade15,XBOXONE-1524 · Independent centrifugal impeller blade study015,Accessories,matte,1,25.931327412287164,4.969838353777732,1.7751563302661801,8.0,Schematic internal layout
XBOXONE-1525,PSUBlowerBlade16,XBOXONE-1525 · Independent centrifugal impeller blade study016,Accessories,matte,1,25.931327412287196,5.018320492160456,0.9362544973316443,8.0,Schematic internal layout
XBOXONE-1526,PSUBlowerBlade17,XBOXONE-1526 · Independent centrifugal impeller blade study017,Accessories,matte,1,25.931327412287217,5.019392647483983,1.219873394647001,8.0,Schematic internal layout
XBOXONE-1527,PSUBlowerBlade18,XBOXONE-1527 · Independent centrifugal impeller blade study018,Accessories,matte,1,25.931327412287164,4.919389296258373,2.044832599776102,8.0,Schematic internal layout
XBOXONE-1528,PSUBlowerBlade19,XBOXONE-1528 · Independent centrifugal impeller blade study019,Accessories,matte,1,25.93132741228717,4.667700889924731,2.810497367215082,8.0,Schematic internal layout
XBOXONE-1529,PSUBlowerBlade20,XBOXONE-1529 · Independent centrifugal impeller blade study020,Accessories,matte,1,25.931327412287107,4.27241690095218,3.492258601347384,8.0,Schematic internal layout
XBOXONE-1530,PSUBlowerBlade21,XBOXONE-1530 · Independent centrifugal impeller blade study021,Accessories,matte,1,25.931327412287093,3.7462420819873614,4.0682039351529795,8.0,Schematic internal layout
XBOXONE-1531,PSUBlowerBlade22,XBOXONE-1531 · Independent centrifugal impeller blade study022,Accessories,matte,1,25.93132741228719,3.106088124649773,4.519822011713959,8.0,Schematic internal layout
XBOXONE-1532,PSUBlowerBlade23,XBOXONE-1532 · Independent centrifugal impeller blade study023,Accessories,matte,1,25.931327412287114,2.3725301038485895,4.8325974544570585,8.0,Schematic internal layout
XBOXONE-1533,PSUBlowerBlade24,XBOXONE-1533 · Independent centrifugal impeller blade study024,Accessories,matte,1,25.931327412287164,1.5691451779460976,4.99647740330003,8.0,Schematic internal layout
XBOXONE-1534,PSUBlowerBlade25,XBOXONE-1534 · Independent centrifugal impeller blade study025,Accessories,matte,1,25.931327412287,0.7217547994879396,5.006194621846182,8.0,Schematic internal layout
XBOXONE-1535,PSUBlowerBlade26,XBOXONE-1535 · Independent centrifugal impeller blade study026,Accessories,matte,1,25.93132741228729,1.4302467420583298,5.008872910969718,8.0,Schematic internal layout
XBOXONE-1536,PSUBlowerBlade27,XBOXONE-1536 · Independent centrifugal impeller blade study027,Accessories,matte,1,25.931327412287107,2.242807849435053,4.87045353429461,8.0,Schematic internal layout
XBOXONE-1537,PSUBlowerBlade28,XBOXONE-1537 · Independent centrifugal impeller blade study028,Accessories,matte,1,25.931327412287114,2.9897114317030855,4.5819219381653085,8.0,Schematic internal layout
XBOXONE-1538,PSUBlowerBlade29,XBOXONE-1538 · Independent centrifugal impeller blade study029,Accessories,matte,1,25.931327412287146,3.6469513931739357,4.152551765485988,8.0,Schematic internal layout
XBOXONE-1539,PSUBlowerBlade30,XBOXONE-1539 · Independent centrifugal impeller blade study030,Accessories,matte,1,25.931327412287196,4.193403500707063,3.596143326893529,8.0,Schematic internal layout
XBOXONE-1540,PSUBlowerBlade31,XBOXONE-1540 · Independent centrifugal impeller blade study031,Accessories,matte,1,25.931327412287324,4.611504333944254,2.9305800474186734,8.0,Schematic internal layout
XBOXONE-1541,PSUBlowerBlade32,XBOXONE-1541 · Independent centrifugal impeller blade study032,Accessories,matte,1,25.931327412287196,4.887815788090506,2.177253678491031,8.0,Schematic internal layout
XBOXONE-1542,PSUBlowerBlade33,XBOXONE-1542 · Independent centrifugal impeller blade study033,Accessories,matte,1,25.931327412287178,5.0134569856599,1.3603767494469459,8.0,Schematic internal layout
XBOXONE-1543,PSUBlowerBlade34,XBOXONE-1543 · Independent centrifugal impeller blade study034,Accessories,matte,1,25.931327412287203,5.011313634737121,0.7933928321406893,8.0,Schematic internal layout
XBOXONE-1544,PSUFanWire0,XBOXONE-1544 · Independent blower supply lead,Accessories,black,1,7.64713403749445,40.19840991527428,16.397985527537166,17.207061554578768,Schematic internal layout
XBOXONE-1545,PSUFanWire1,XBOXONE-1545 · Independent blower supply lead001,Accessories,red,1,7.647134037494449,40.19840991527428,16.397985527537166,17.207061554578768,Schematic internal layout
XBOXONE-1546,PSUACSocket,XBOXONE-1546 · Independent original two-pin AC appliance inlet,Accessories,matte,1,1113.3716694115408,9.0,22.0,14.0,Schematic internal layout
XBOXONE-1547,PSUACContact0,XBOXONE-1547 · Independent appliance inlet contact,Accessories,metal,1,15.707963267948967,5.0,2.0,2.0,Schematic internal layout
XBOXONE-1548,PSUACContact1,XBOXONE-1548 · Independent appliance inlet contact001,Accessories,metal,1,15.707963267948966,5.0,2.0,2.0,Schematic internal layout
XBOXONE-1549,PSUDCRelief,XBOXONE-1549 · Independent molded DC output strain relief,Accessories,matte,1,125.34954687823273,10.0,6.399999999999999,6.399999999999999,Schematic internal layout
XBOXONE-1550,PSUDCCable,XBOXONE-1550 · Separate external DC display cable,Accessories,black,1,3319.6302890909164,84.30000010000003,106.60000020000001,11.600000200000002,Schematic internal layout
XBOXONE-1551,PSUDCPlug,XBOXONE-1551 · Independent console DC plug overmold,Accessories,matte,1,5790.79644737231,27.0,18.0,12.0,"Original black enclosure study; published envelope, approximate local detail"
XBOXONE-1552,PSUStatusLens,XBOXONE-1552 · Independent original power-brick status lens,Accessories,led,1,6.761475628437253,5.5,0.5,2.5,"Original black enclosure study; published envelope, approximate local detail"
XBOXONE-1553,HeadsetBand,XBOXONE-1553 · Separate curved original single-ear headband study,Accessories,matte,1,4856.990187471682,141.4213562373095,50.0,9.0,"Original black enclosure study; published envelope, approximate local detail"
XBOXONE-1554,HeadsetSlider0,XBOXONE-1554 · Separate adjustable headset end arm,Accessories,matte,1,605.1327412287183,4.5,17.0,8.0,"Original black enclosure study; published envelope, approximate local detail"
XBOXONE-1555,HeadsetDetent0_0,XBOXONE-1555 · Separate adjustment detent marker,Accessories,matte,1,0.1191415926535882,3.0,0.39999999999997726,0.10000000000000142,"Original black enclosure study; published envelope, approximate local detail"
XBOXONE-1556,HeadsetDetent0_1,XBOXONE-1556 · Separate adjustment detent marker001,Accessories,matte,1,0.1191415926535882,3.0,0.39999999999997726,0.10000000000000142,"Original black enclosure study; published envelope, approximate local detail"
XBOXONE-1557,HeadsetDetent0_2,XBOXONE-1557 · Separate adjustment detent marker002,Accessories,matte,1,0.1191415926535882,3.0,0.39999999999997726,0.10000000000000142,"Original black enclosure study; published envelope, approximate local detail"
XBOXONE-1558,HeadsetDetent0_3,XBOXONE-1558 · Separate adjustment detent marker003,Accessories,matte,1,0.1191415926535882,3.0,0.39999999999997726,0.10000000000000142,"Original black enclosure study; published envelope, approximate local detail"
XBOXONE-1559,HeadsetDetent0_4,XBOXONE-1559 · Separate adjustment detent marker004,Accessories,matte,1,0.1191415926535882,3.0,0.39999999999997726,0.10000000000000142,"Original black enclosure study; published envelope, approximate local detail"
XBOXONE-1560,HeadsetSlider1,XBOXONE-1560 · Separate adjustable headset end arm001,Accessories,matte,1,605.1327412287184,4.5,17.0,8.0,"Original black enclosure study; published envelope, approximate local detail"
XBOXONE-1561,HeadsetDetent1_0,XBOXONE-1561 · Separate adjustment detent marker005,Accessories,matte,1,0.1191415926535882,3.0,0.39999999999997726,0.10000000000000142,"Original black enclosure study; published envelope, approximate local detail"
XBOXONE-1562,HeadsetDetent1_1,XBOXONE-1562 · Separate adjustment detent marker006,Accessories,matte,1,0.1191415926535882,3.0,0.39999999999997726,0.10000000000000142,"Original black enclosure study; published envelope, approximate local detail"
XBOXONE-1563,HeadsetDetent1_2,XBOXONE-1563 · Separate adjustment detent marker007,Accessories,matte,1,0.1191415926535882,3.0,0.39999999999997726,0.10000000000000142,"Original black enclosure study; published envelope, approximate local detail"
XBOXONE-1564,HeadsetDetent1_3,XBOXONE-1564 · Separate adjustment detent marker008,Accessories,matte,1,0.1191415926535882,3.0,0.39999999999997726,0.10000000000000142,"Original black enclosure study; published envelope, approximate local detail"
XBOXONE-1565,HeadsetDetent1_4,XBOXONE-1565 · Separate adjustment detent marker009,Accessories,matte,1,0.1191415926535882,3.0,0.39999999999997726,0.10000000000000142,"Original black enclosure study; published envelope, approximate local detail"
XBOXONE-1566,HeadsetTemple,XBOXONE-1566 · Opposite-side cushioned temple support,Accessories,matte,1,2082.5840131753953,14.0,27.0,6.0,"Original black enclosure study; published envelope, approximate local detail"
XBOXONE-1567,HeadsetTemplePad,XBOXONE-1567 · Separate soft temple pad,Accessories,rubber,1,747.5829444277282,13.0,25.0,2.5,"Original black enclosure study; published envelope, approximate local detail"
XBOXONE-1568,HeadsetCup,XBOXONE-1568 · Separate single-ear speaker shell,Accessories,matte,1,2647.1845097310993,38.0,38.0,7.0,"Original black enclosure study; published envelope, approximate local detail"
XBOXONE-1569,HeadsetDriverBasket,XBOXONE-1569 · Separate speaker basket,Accessories,metal,1,402.9092578228908,30.0,30.0,3.0,Schematic internal layout
XBOXONE-1570,HeadsetMagnet,XBOXONE-1570 · Separate speaker magnet envelope,Accessories,black,1,196.3495408493621,10.0,10.0,2.5,Schematic internal layout
XBOXONE-1571,HeadsetVoiceCoil,XBOXONE-1571 · Separate speaker voice-coil envelope,Accessories,copper,1,56.80313676955748,13.0,13.0,2.0999999999999996,Schematic internal layout
XBOXONE-1572,HeadsetDiaphragm,XBOXONE-1572 · Separate speaker diaphragm study,Accessories,black,1,51.077060559618076,26.0,26.0,0.10000000000001208,Schematic internal layout
XBOXONE-1573,HeadsetCushion,XBOXONE-1573 · Separate single-ear soft cushion,Accessories,rubber,1,4674.6898685416145,39.0,39.0,6.0,"Original black enclosure study; published envelope, approximate local detail"
XBOXONE-1574,HeadsetGrille,XBOXONE-1574 · Separate perforated speaker grille,Accessories,matte,1,41.966651303713824,22.0,22.0,0.11999999999999922,Schematic internal layout
XBOXONE-1575,HeadsetBoomPivot,XBOXONE-1575 · Separate reversible microphone pivot,Accessories,matte,1,100.53096491487344,8.0,8.0,2.0,"Original black enclosure study; published envelope, approximate local detail"
XBOXONE-1576,HeadsetBoom,XBOXONE-1576 · Separate adjustable microphone boom study,Accessories,matte,1,534.4189072956979,67.58884115747765,35.63958803809527,3.0000002000000023,"Original black enclosure study; published envelope, approximate local detail"
XBOXONE-1577,HeadsetMicShell,XBOXONE-1577 · Separate microphone capsule shell,Accessories,matte,1,450.127424344925,17.0,8.0,6.0,"Original black enclosure study; published envelope, approximate local detail"
XBOXONE-1578,HeadsetMicCapsule,XBOXONE-1578 · Separate electret microphone envelope,Accessories,metal,1,30.410616886749285,4.399999999999977,4.399999999999977,2.0,Schematic internal layout
XBOXONE-1579,HeadsetMicMesh,XBOXONE-1579 · Separate microphone opening mesh envelope,Accessories,matte,1,4.606858347057726,12.0,4.0,0.10000000000000142,"Original black enclosure study; published envelope, approximate local detail"
XBOXONE-1580,HeadsetCable,XBOXONE-1580 · Separate original mono headset cable display route,Accessories,matte,1,501.94971278184664,156.4000001,69.70000010000001,1.8000002000000013,"Original black enclosure study; published envelope, approximate local detail"
XBOXONE-1581,HeadsetAdapterBottom,XBOXONE-1581 · Original Xbox One headset control adapter001,Accessories,matte,1,2132.348661735746,36.0,24.0,7.0,"Original black enclosure study; published envelope, approximate local detail"
XBOXONE-1582,HeadsetAdapterTop,XBOXONE-1582 · Separate original headset adapter lid003,Accessories,matte,1,918.3724230597322,36.0,24.0,1.1999999999999993,"Original black enclosure study; published envelope, approximate local detail"
XBOXONE-1583,HeadsetAdapterPCB,XBOXONE-1583 · Independent headset control circuit board,Accessories,pcb,1,323.4849555921538,30.0,18.0,0.5999999999999996,Schematic internal layout
XBOXONE-1584,HeadsetAdapterIC,XBOXONE-1584 · Separate headset control package,Accessories,black,1,48.92274333882308,7.0,7.0,1.0,Schematic internal layout
XBOXONE-1585,HeadsetSwitch0,XBOXONE-1585 · Independent mute or volume switch,Accessories,black,1,31.72530964914874,4.0,4.0,2.0,Schematic internal layout
XBOXONE-1586,HeadsetButton0,XBOXONE-1586 · Separate original mute or volume key,Accessories,matte,1,34.02656606917083,5.0,5.0,1.4000000000000004,"Original black enclosure study; published envelope, approximate local detail"
XBOXONE-1587,HeadsetMark0,XBOXONE-1587 · -,Accessories,white,1,0.0024909418494663033,0.6782718120805669,0.20402684563759976,0.018000000000000682,"Original black enclosure study; published envelope, approximate local detail"
XBOXONE-1588,HeadsetSwitch1,XBOXONE-1588 · Independent mute or volume switch001,Accessories,black,1,31.72530964914874,4.0,4.0,2.0,Schematic internal layout
XBOXONE-1589,HeadsetButton1,XBOXONE-1589 · Separate original mute or volume key001,Accessories,matte,1,34.02656606917083,5.0,5.0,1.4000000000000004,"Original black enclosure study; published envelope, approximate local detail"
XBOXONE-1590,HeadsetMark1,XBOXONE-1590 · +,Accessories,white,1,0.011589532003063398,1.613255033557067,1.6214765100671116,0.018000000000000682,"Original black enclosure study; published envelope, approximate local detail"
XBOXONE-1591,HeadsetSwitch2,XBOXONE-1591 · Independent mute or volume switch002,Accessories,black,1,31.72530964914874,4.0,4.0,2.0,Schematic internal layout
XBOXONE-1592,HeadsetButton2,XBOXONE-1592 · Separate original mute or volume key002,Accessories,matte,1,34.02656606917083,5.0,5.0,1.4000000000000004,"Original black enclosure study; published envelope, approximate local detail"
XBOXONE-1593,HeadsetMark2,XBOXONE-1593 · M,Accessories,white,1,0.027888715668776723,1.7189597315436345,1.8791946308724619,0.018000000000000682,"Original black enclosure study; published envelope, approximate local detail"
XBOXONE-1594,HeadsetExpansionPlug,XBOXONE-1594 · Independent original proprietary controller plug001,Accessories,matte,1,424.2139694328228,15.5,5.0,5.500000000000002,"Original black enclosure study; published envelope, approximate local detail"
XBOXONE-1595,HeadsetExpansionContact0,XBOXONE-1595 · Independent schematic expansion contact,Accessories,gold,1,0.14992274333882288,0.5,3.0,0.09999999999999964,Schematic internal layout
XBOXONE-1596,HeadsetExpansionContact1,XBOXONE-1596 · Independent schematic expansion contact001,Accessories,gold,1,0.14992274333882286,0.5,3.0,0.09999999999999964,Schematic internal layout
XBOXONE-1597,HeadsetExpansionContact2,XBOXONE-1597 · Independent schematic expansion contact002,Accessories,gold,1,0.14992274333882286,0.5,3.0,0.09999999999999964,Schematic internal layout
XBOXONE-1598,HeadsetExpansionContact3,XBOXONE-1598 · Independent schematic expansion contact003,Accessories,gold,1,0.14992274333882288,0.5,3.0,0.09999999999999964,Schematic internal layout
XBOXONE-1599,HeadsetExpansionContact4,XBOXONE-1599 · Independent schematic expansion contact004,Accessories,gold,1,0.14992274333882286,0.5,3.0,0.09999999999999964,Schematic internal layout
XBOXONE-1600,HeadsetExpansionContact5,XBOXONE-1600 · Independent schematic expansion contact005,Accessories,gold,1,0.14992274333882288,0.5,3.0,0.09999999999999964,Schematic internal layout
XBOXONE-1601,HeadsetExpansionContact6,XBOXONE-1601 · Independent schematic expansion contact006,Accessories,gold,1,0.14992274333882288,0.5,3.0,0.09999999999999964,Schematic internal layout
XBOXONE-1602,HeadsetExpansionContact7,XBOXONE-1602 · Independent schematic expansion contact007,Accessories,gold,1,0.14992274333882286,0.5,3.0,0.09999999999999964,Schematic internal layout
XBOXONE-1603,HeadsetExpansionContact8,XBOXONE-1603 · Independent schematic expansion contact008,Accessories,gold,1,0.14992274333882286,0.5,3.0,0.09999999999999964,Schematic internal layout
XBOXONE-1604,HDMIGrip0,XBOXONE-1604 · Separate original HDMI cable overmold,Accessories,matte,1,10508.495559215386,22.0,32.0,15.0,"Original black enclosure study; published envelope, approximate local detail"
XBOXONE-1605,HDMIPlugShield0,XBOXONE-1605 · Independent HDMI plug formed shield,Accessories,metal,1,180.7574999999996,14.199999999999989,11.0,5.500000000000002,"Original black enclosure study; published envelope, approximate local detail"
XBOXONE-1606,HDMIPlugTongue0,XBOXONE-1606 · Independent HDMI plug insulator,Accessories,matte,1,66.05253096491492,11.800000000000011,7.0,0.8000000000000007,Schematic internal layout
XBOXONE-1607,HDMIPlugContact0_0_0,XBOXONE-1607 · Independent HDMI cable contact,Accessories,gold,1,0.13496909733553086,0.30000000000001137,5.0,0.08999999999999986,Schematic internal layout
XBOXONE-1608,HDMIPlugContact0_0_1,XBOXONE-1608 · Independent HDMI cable contact001,Accessories,gold,1,0.13496909733553086,0.30000000000001137,5.0,0.08999999999999986,Schematic internal layout
XBOXONE-1609,HDMIPlugContact0_0_2,XBOXONE-1609 · Independent HDMI cable contact002,Accessories,gold,1,0.13496909733553084,0.30000000000001137,5.0,0.08999999999999986,Schematic internal layout
XBOXONE-1610,HDMIPlugContact0_0_3,XBOXONE-1610 · Independent HDMI cable contact003,Accessories,gold,1,0.13496909733553084,0.30000000000001137,5.0,0.08999999999999986,Schematic internal layout
XBOXONE-1611,HDMIPlugContact0_0_4,XBOXONE-1611 · Independent HDMI cable contact004,Accessories,gold,1,0.13496909733553084,0.30000000000001137,5.0,0.08999999999999986,Schematic internal layout
XBOXONE-1612,HDMIPlugContact0_0_5,XBOXONE-1612 · Independent HDMI cable contact005,Accessories,gold,1,0.13496909733553084,0.30000000000001137,5.0,0.08999999999999986,Schematic internal layout
XBOXONE-1613,HDMIPlugContact0_0_6,XBOXONE-1613 · Independent HDMI cable contact006,Accessories,gold,1,0.13496909733553084,0.30000000000001137,5.0,0.08999999999999986,Schematic internal layout
XBOXONE-1614,HDMIPlugContact0_0_7,XBOXONE-1614 · Independent HDMI cable contact007,Accessories,gold,1,0.13496909733553086,0.30000000000001137,5.0,0.08999999999999986,Schematic internal layout
XBOXONE-1615,HDMIPlugContact0_0_8,XBOXONE-1615 · Independent HDMI cable contact008,Accessories,gold,1,0.13496909733553084,0.30000000000001137,5.0,0.08999999999999986,Schematic internal layout
XBOXONE-1616,HDMIPlugContact0_0_9,XBOXONE-1616 · Independent HDMI cable contact009,Accessories,gold,1,0.13496909733553084,0.30000000000001137,5.0,0.08999999999999986,Schematic internal layout
XBOXONE-1617,HDMIPlugContact0_1_0,XBOXONE-1617 · Independent HDMI cable contact010,Accessories,gold,1,0.13496909733553084,0.30000000000001137,5.0,0.08999999999999986,Schematic internal layout
XBOXONE-1618,HDMIPlugContact0_1_1,XBOXONE-1618 · Independent HDMI cable contact011,Accessories,gold,1,0.13496909733553084,0.30000000000001137,5.0,0.08999999999999986,Schematic internal layout
XBOXONE-1619,HDMIPlugContact0_1_2,XBOXONE-1619 · Independent HDMI cable contact012,Accessories,gold,1,0.13496909733553084,0.30000000000001137,5.0,0.08999999999999986,Schematic internal layout
XBOXONE-1620,HDMIPlugContact0_1_3,XBOXONE-1620 · Independent HDMI cable contact013,Accessories,gold,1,0.13496909733553084,0.30000000000001137,5.0,0.08999999999999986,Schematic internal layout
XBOXONE-1621,HDMIPlugContact0_1_4,XBOXONE-1621 · Independent HDMI cable contact014,Accessories,gold,1,0.13496909733553084,0.30000000000001137,5.0,0.08999999999999986,Schematic internal layout
XBOXONE-1622,HDMIPlugContact0_1_5,XBOXONE-1622 · Independent HDMI cable contact015,Accessories,gold,1,0.13496909733553084,0.30000000000001137,5.0,0.08999999999999986,Schematic internal layout
XBOXONE-1623,HDMIPlugContact0_1_6,XBOXONE-1623 · Independent HDMI cable contact016,Accessories,gold,1,0.13496909733553084,0.30000000000001137,5.0,0.08999999999999986,Schematic internal layout
XBOXONE-1624,HDMIPlugContact0_1_7,XBOXONE-1624 · Independent HDMI cable contact017,Accessories,gold,1,0.13496909733553084,0.30000000000001137,5.0,0.08999999999999986,Schematic internal layout
XBOXONE-1625,HDMIPlugContact0_1_8,XBOXONE-1625 · Independent HDMI cable contact018,Accessories,gold,1,0.13496909733553084,0.30000000000001137,5.0,0.08999999999999986,Schematic internal layout
XBOXONE-1626,HDMIGrip1,XBOXONE-1626 · Separate original HDMI cable overmold001,Accessories,matte,1,10508.495559215386,22.0,32.0,15.0,"Original black enclosure study; published envelope, approximate local detail"
XBOXONE-1627,HDMIPlugShield1,XBOXONE-1627 · Independent HDMI plug formed shield001,Accessories,metal,1,180.75750000000212,14.200000000000045,11.0,5.500000000000002,"Original black enclosure study; published envelope, approximate local detail"
XBOXONE-1628,HDMIPlugTongue1,XBOXONE-1628 · Independent HDMI plug insulator001,Accessories,matte,1,66.05253096491481,11.799999999999955,7.0,0.8000000000000007,Schematic internal layout
XBOXONE-1629,HDMIPlugContact1_0_0,XBOXONE-1629 · Independent HDMI cable contact019,Accessories,gold,1,0.13496909733552237,0.2999999999999545,5.0,0.08999999999999986,Schematic internal layout
XBOXONE-1630,HDMIPlugContact1_0_1,XBOXONE-1630 · Independent HDMI cable contact020,Accessories,gold,1,0.13496909733552243,0.2999999999999545,5.0,0.08999999999999986,Schematic internal layout
XBOXONE-1631,HDMIPlugContact1_0_2,XBOXONE-1631 · Independent HDMI cable contact021,Accessories,gold,1,0.13496909733552243,0.2999999999999545,5.0,0.08999999999999986,Schematic internal layout
XBOXONE-1632,HDMIPlugContact1_0_3,XBOXONE-1632 · Independent HDMI cable contact022,Accessories,gold,1,0.1349690973355224,0.2999999999999545,5.0,0.08999999999999986,Schematic internal layout
XBOXONE-1633,HDMIPlugContact1_0_4,XBOXONE-1633 · Independent HDMI cable contact023,Accessories,gold,1,0.1349690973355224,0.2999999999999545,5.0,0.08999999999999986,Schematic internal layout
XBOXONE-1634,HDMIPlugContact1_0_5,XBOXONE-1634 · Independent HDMI cable contact024,Accessories,gold,1,0.13496909733552237,0.2999999999999545,5.0,0.08999999999999986,Schematic internal layout
XBOXONE-1635,HDMIPlugContact1_0_6,XBOXONE-1635 · Independent HDMI cable contact025,Accessories,gold,1,0.1349690973355224,0.2999999999999545,5.0,0.08999999999999986,Schematic internal layout
XBOXONE-1636,HDMIPlugContact1_0_7,XBOXONE-1636 · Independent HDMI cable contact026,Accessories,gold,1,0.13496909733552237,0.2999999999999545,5.0,0.08999999999999986,Schematic internal layout
XBOXONE-1637,HDMIPlugContact1_0_8,XBOXONE-1637 · Independent HDMI cable contact027,Accessories,gold,1,0.1349690973355224,0.2999999999999545,5.0,0.08999999999999986,Schematic internal layout
XBOXONE-1638,HDMIPlugContact1_0_9,XBOXONE-1638 · Independent HDMI cable contact028,Accessories,gold,1,0.1349690973355224,0.2999999999999545,5.0,0.08999999999999986,Schematic internal layout
XBOXONE-1639,HDMIPlugContact1_1_0,XBOXONE-1639 · Independent HDMI cable contact029,Accessories,gold,1,0.1349690973355224,0.2999999999999545,5.0,0.08999999999999986,Schematic internal layout
XBOXONE-1640,HDMIPlugContact1_1_1,XBOXONE-1640 · Independent HDMI cable contact030,Accessories,gold,1,0.1349690973355224,0.2999999999999545,5.0,0.08999999999999986,Schematic internal layout
XBOXONE-1641,HDMIPlugContact1_1_2,XBOXONE-1641 · Independent HDMI cable contact031,Accessories,gold,1,0.13496909733552237,0.2999999999999545,5.0,0.08999999999999986,Schematic internal layout
XBOXONE-1642,HDMIPlugContact1_1_3,XBOXONE-1642 · Independent HDMI cable contact032,Accessories,gold,1,0.13496909733552243,0.2999999999999545,5.0,0.08999999999999986,Schematic internal layout
XBOXONE-1643,HDMIPlugContact1_1_4,XBOXONE-1643 · Independent HDMI cable contact033,Accessories,gold,1,0.1349690973355224,0.2999999999999545,5.0,0.08999999999999986,Schematic internal layout
XBOXONE-1644,HDMIPlugContact1_1_5,XBOXONE-1644 · Independent HDMI cable contact034,Accessories,gold,1,0.1349690973355224,0.2999999999999545,5.0,0.08999999999999986,Schematic internal layout
XBOXONE-1645,HDMIPlugContact1_1_6,XBOXONE-1645 · Independent HDMI cable contact035,Accessories,gold,1,0.1349690973355224,0.2999999999999545,5.0,0.08999999999999986,Schematic internal layout
XBOXONE-1646,HDMIPlugContact1_1_7,XBOXONE-1646 · Independent HDMI cable contact036,Accessories,gold,1,0.13496909733552237,0.2999999999999545,5.0,0.08999999999999986,Schematic internal layout
XBOXONE-1647,HDMIPlugContact1_1_8,XBOXONE-1647 · Independent HDMI cable contact037,Accessories,gold,1,0.1349690973355224,0.2999999999999545,5.0,0.08999999999999986,Schematic internal layout
XBOXONE-1648,HDMICable,XBOXONE-1648 · Independent bundled HDMI cable display route,Accessories,black,1,4467.458640457762,174.60000020000004,56.00000010000002,4.6000002,"Original black enclosure study; published envelope, approximate local detail"
XBOXONE-1649,ACApplianceGrip,XBOXONE-1649 · Separate two-pin appliance cable grip,Accessories,matte,1,6755.929188601027,18.0,27.0,14.0,"Original black enclosure study; published envelope, approximate local detail"
XBOXONE-1650,ACApplianceSocket,XBOXONE-1650 · Independent two-pole appliance cable socket study,Accessories,matte,1,1888.2000108519678,20.0,9.0,13.000000000000004,"Original black enclosure study; published envelope, approximate local detail"
XBOXONE-1651,ACApplianceContact0,XBOXONE-1651 · Separate appliance cable contact sleeve,Accessories,metal,1,70.26171969753587,4.600000000000023,6.0,4.6000000000000005,Schematic internal layout
XBOXONE-1652,ACApplianceContact1,XBOXONE-1652 · Separate appliance cable contact sleeve001,Accessories,metal,1,70.26171969753587,4.600000000000023,6.0,4.6000000000000005,Schematic internal layout
XBOXONE-1653,ACWallPlug,XBOXONE-1653 · Separate regional two-flat-pin AC plug study,Accessories,matte,1,8515.840674352316,28.0,22.0,14.0,"Original black enclosure study; published envelope, approximate local detail"
XBOXONE-1654,ACWallBlade0,XBOXONE-1654 · Independent regional flat mains blade envelope,Accessories,metal,1,107.58796447372303,6.0,1.5,12.0,"Original black enclosure study; published envelope, approximate local detail"
XBOXONE-1655,ACWallBlade1,XBOXONE-1655 · Independent regional flat mains blade envelope001,Accessories,metal,1,107.58796447372303,6.0,1.5,12.0,"Original black enclosure study; published envelope, approximate local detail"
XBOXONE-1656,ACCable,XBOXONE-1656 · Independent regional AC cable display route,Accessories,black,1,3512.5194884741386,115.00000020000004,53.70000010000001,5.0000002,"Original black enclosure study; published envelope, approximate local detail"
XBOXONE-1657,PadSyncKey,XBOXONE-1657 · Separate original controller pairing key,Controller,matte,1,20.38929158456676,5.200000000000003,1.0,4.200000000000003,"Original black enclosure study; published envelope, approximate local detail"
XBOXONE-1658,PadSyncSwitch,XBOXONE-1658 · Independent original pairing-switch envelope,Controller,black,1,23.84548667764616,4.0,3.0,2.0,Schematic internal layout
XBOXONE-1659,PadIRLED0,XBOXONE-1659 · Independent original controller IR emitter,Controller,black,1,5.654866776461641,2.0,2.0,1.8000000000000007,Schematic internal layout
XBOXONE-1660,PadIRWindow0,XBOXONE-1660 · Separate dark IR-transmitting top window,Controller,gloss,1,4.542477796076995,4.0,0.30000000000001137,4.0,"Original black enclosure study; published envelope, approximate local detail"
XBOXONE-1661,PadIRLED1,XBOXONE-1661 · Independent original controller IR emitter001,Controller,black,1,5.65486677646164,2.0,2.0,1.8000000000000007,Schematic internal layout
XBOXONE-1662,PadIRWindow1,XBOXONE-1662 · Separate dark IR-transmitting top window001,Controller,gloss,1,4.542477796076996,4.0,0.30000000000001137,4.0,"Original black enclosure study; published envelope, approximate local detail"
XBOXONE-1663,PadPassive0,XBOXONE-1663 · Photo-guided independent controller passive body,Controller,thermal,1,0.41876389342117776,1.5,0.7000000000000455,0.40000000000000036,Schematic internal layout
XBOXONE-1664,PadPassiveEnd0_0,XBOXONE-1664 · Independent controller passive termination,Controller,metal,1,0.11777734502470318,0.3500000000000085,0.75,0.4499999999999993,Schematic internal layout
XBOXONE-1665,PadPassiveEnd0_1,XBOXONE-1665 · Independent controller passive termination001,Controller,metal,1,0.11777734502470318,0.3500000000000085,0.75,0.4499999999999993,Schematic internal layout
XBOXONE-1666,PadPassive1,XBOXONE-1666 · Photo-guided independent controller passive body001,Controller,thermal,1,0.41876389342117776,1.5,0.7000000000000455,0.40000000000000036,Schematic internal layout
XBOXONE-1667,PadPassiveEnd1_0,XBOXONE-1667 · Independent controller passive termination002,Controller,metal,1,0.11777734502470386,0.3500000000000014,0.75,0.4499999999999993,Schematic internal layout
XBOXONE-1668,PadPassiveEnd1_1,XBOXONE-1668 · Independent controller passive termination003,Controller,metal,1,0.11777734502470388,0.3500000000000014,0.75,0.4499999999999993,Schematic internal layout
XBOXONE-1669,PadPassive2,XBOXONE-1669 · Photo-guided independent controller passive body002,Controller,thermal,1,0.41876389342117776,1.5,0.7000000000000455,0.40000000000000036,Schematic internal layout
XBOXONE-1670,PadPassiveEnd2_0,XBOXONE-1670 · Independent controller passive termination004,Controller,metal,1,0.11777734502470388,0.3500000000000014,0.75,0.4499999999999993,Schematic internal layout
XBOXONE-1671,PadPassiveEnd2_1,XBOXONE-1671 · Independent controller passive termination005,Controller,metal,1,0.1177773450247039,0.3500000000000014,0.75,0.4499999999999993,Schematic internal layout
XBOXONE-1672,PadPassive3,XBOXONE-1672 · Photo-guided independent controller passive body003,Controller,thermal,1,0.41876389342117776,1.5,0.7000000000000455,0.40000000000000036,Schematic internal layout
XBOXONE-1673,PadPassiveEnd3_0,XBOXONE-1673 · Independent controller passive termination006,Controller,metal,1,0.11777734502470374,0.3500000000000001,0.75,0.4499999999999993,Schematic internal layout
XBOXONE-1674,PadPassiveEnd3_1,XBOXONE-1674 · Independent controller passive termination007,Controller,metal,1,0.11777734502470372,0.34999999999999987,0.75,0.4499999999999993,Schematic internal layout
XBOXONE-1675,PadPassive4,XBOXONE-1675 · Photo-guided independent controller passive body004,Controller,thermal,1,0.4187638934211777,1.5,0.7000000000000455,0.40000000000000036,Schematic internal layout
XBOXONE-1676,PadPassiveEnd4_0,XBOXONE-1676 · Independent controller passive termination008,Controller,metal,1,0.11777734502470387,0.3500000000000014,0.75,0.4499999999999993,Schematic internal layout
XBOXONE-1677,PadPassiveEnd4_1,XBOXONE-1677 · Independent controller passive termination009,Controller,metal,1,0.11777734502470388,0.3500000000000014,0.75,0.4499999999999993,Schematic internal layout
XBOXONE-1678,PadPassive5,XBOXONE-1678 · Photo-guided independent controller passive body005,Controller,thermal,1,0.41876389342117776,1.5,0.7000000000000455,0.40000000000000036,Schematic internal layout
XBOXONE-1679,PadPassiveEnd5_0,XBOXONE-1679 · Independent controller passive termination010,Controller,metal,1,0.11777734502470387,0.3500000000000014,0.75,0.4499999999999993,Schematic internal layout
XBOXONE-1680,PadPassiveEnd5_1,XBOXONE-1680 · Independent controller passive termination011,Controller,metal,1,0.11777734502470387,0.3500000000000014,0.75,0.4499999999999993,Schematic internal layout
XBOXONE-1681,PadPassive6,XBOXONE-1681 · Photo-guided independent controller passive body006,Controller,thermal,1,0.41876389342117776,1.5,0.7000000000000455,0.40000000000000036,Schematic internal layout
XBOXONE-1682,PadPassiveEnd6_0,XBOXONE-1682 · Independent controller passive termination012,Controller,metal,1,0.11777734502470316,0.3500000000000085,0.75,0.4499999999999993,Schematic internal layout
XBOXONE-1683,PadPassiveEnd6_1,XBOXONE-1683 · Independent controller passive termination013,Controller,metal,1,0.11777734502470316,0.3500000000000085,0.75,0.4499999999999993,Schematic internal layout
XBOXONE-1684,PadPassive7,XBOXONE-1684 · Photo-guided independent controller passive body007,Controller,thermal,1,0.41876389342117776,1.5,0.7000000000000455,0.40000000000000036,Schematic internal layout
XBOXONE-1685,PadPassiveEnd7_0,XBOXONE-1685 · Independent controller passive termination014,Controller,metal,1,0.11777734502470315,0.3500000000000085,0.75,0.4499999999999993,Schematic internal layout
XBOXONE-1686,PadPassiveEnd7_1,XBOXONE-1686 · Independent controller passive termination015,Controller,metal,1,0.11777734502470318,0.3500000000000085,0.75,0.4499999999999993,Schematic internal layout
XBOXONE-1687,PadPassive8,XBOXONE-1687 · Photo-guided independent controller passive body008,Controller,thermal,1,0.41876389342117776,1.5,0.7000000000000455,0.40000000000000036,Schematic internal layout
XBOXONE-1688,PadPassiveEnd8_0,XBOXONE-1688 · Independent controller passive termination016,Controller,metal,1,0.11777734502470388,0.3500000000000014,0.75,0.4499999999999993,Schematic internal layout
XBOXONE-1689,PadPassiveEnd8_1,XBOXONE-1689 · Independent controller passive termination017,Controller,metal,1,0.11777734502470387,0.3500000000000014,0.75,0.4499999999999993,Schematic internal layout
XBOXONE-1690,PadPassive9,XBOXONE-1690 · Photo-guided independent controller passive body009,Controller,thermal,1,0.41876389342117776,1.5,0.7000000000000455,0.40000000000000036,Schematic internal layout
XBOXONE-1691,PadPassiveEnd9_0,XBOXONE-1691 · Independent controller passive termination018,Controller,metal,1,0.1177773450247039,0.3500000000000014,0.75,0.4499999999999993,Schematic internal layout
XBOXONE-1692,PadPassiveEnd9_1,XBOXONE-1692 · Independent controller passive termination019,Controller,metal,1,0.11777734502470387,0.3500000000000014,0.75,0.4499999999999993,Schematic internal layout
XBOXONE-1693,PadPassive10,XBOXONE-1693 · Photo-guided independent controller passive body010,Controller,thermal,1,0.41876389342117776,1.5,0.7000000000000455,0.40000000000000036,Schematic internal layout
XBOXONE-1694,PadPassiveEnd10_0,XBOXONE-1694 · Independent controller passive termination020,Controller,metal,1,0.11777734502470374,0.3500000000000001,0.75,0.4499999999999993,Schematic internal layout
XBOXONE-1695,PadPassiveEnd10_1,XBOXONE-1695 · Independent controller passive termination021,Controller,metal,1,0.11777734502470372,0.34999999999999987,0.75,0.4499999999999993,Schematic internal layout
XBOXONE-1696,PadPassive11,XBOXONE-1696 · Photo-guided independent controller passive body011,Controller,thermal,1,0.4187638934211777,1.5,0.7000000000000455,0.40000000000000036,Schematic internal layout
XBOXONE-1697,PadPassiveEnd11_0,XBOXONE-1697 · Independent controller passive termination022,Controller,metal,1,0.1177773450247039,0.3500000000000014,0.75,0.4499999999999993,Schematic internal layout
XBOXONE-1698,PadPassiveEnd11_1,XBOXONE-1698 · Independent controller passive termination023,Controller,metal,1,0.11777734502470388,0.3500000000000014,0.75,0.4499999999999993,Schematic internal layout
XBOXONE-1699,PadPassive12,XBOXONE-1699 · Photo-guided independent controller passive body012,Controller,thermal,1,0.41876389342117776,1.5,0.7000000000000455,0.40000000000000036,Schematic internal layout
XBOXONE-1700,PadPassiveEnd12_0,XBOXONE-1700 · Independent controller passive termination024,Controller,metal,1,0.1177773450247039,0.3500000000000014,0.75,0.4499999999999993,Schematic internal layout
XBOXONE-1701,PadPassiveEnd12_1,XBOXONE-1701 · Independent controller passive termination025,Controller,metal,1,0.11777734502470388,0.3500000000000014,0.75,0.4499999999999993,Schematic internal layout
XBOXONE-1702,PadPassive13,XBOXONE-1702 · Photo-guided independent controller passive body013,Controller,thermal,1,0.4187638934211777,1.5,0.7000000000000455,0.40000000000000036,Schematic internal layout
XBOXONE-1703,PadPassiveEnd13_0,XBOXONE-1703 · Independent controller passive termination026,Controller,metal,1,0.11777734502470319,0.3500000000000085,0.75,0.4499999999999993,Schematic internal layout
XBOXONE-1704,PadPassiveEnd13_1,XBOXONE-1704 · Independent controller passive termination027,Controller,metal,1,0.11777734502470316,0.3500000000000085,0.75,0.4499999999999993,Schematic internal layout
XBOXONE-1705,PadPassive14,XBOXONE-1705 · Photo-guided independent controller passive body014,Controller,thermal,1,0.41876389342117776,1.5,0.7000000000000455,0.40000000000000036,Schematic internal layout
XBOXONE-1706,PadPassiveEnd14_0,XBOXONE-1706 · Independent controller passive termination028,Controller,metal,1,0.11777734502470315,0.3500000000000085,0.75,0.4499999999999993,Schematic internal layout
XBOXONE-1707,PadPassiveEnd14_1,XBOXONE-1707 · Independent controller passive termination029,Controller,metal,1,0.11777734502470318,0.3500000000000085,0.75,0.4499999999999993,Schematic internal layout
XBOXONE-1708,PadPassive15,XBOXONE-1708 · Photo-guided independent controller passive body015,Controller,thermal,1,0.41876389342117776,1.5,0.7000000000000455,0.40000000000000036,Schematic internal layout
XBOXONE-1709,PadPassiveEnd15_0,XBOXONE-1709 · Independent controller passive termination030,Controller,metal,1,0.11777734502470388,0.3500000000000014,0.75,0.4499999999999993,Schematic internal layout
XBOXONE-1710,PadPassiveEnd15_1,XBOXONE-1710 · Independent controller passive termination031,Controller,metal,1,0.11777734502470387,0.3500000000000014,0.75,0.4499999999999993,Schematic internal layout
XBOXONE-1711,PadPassive16,XBOXONE-1711 · Photo-guided independent controller passive body016,Controller,thermal,1,0.41876389342117776,1.5,0.7000000000000455,0.40000000000000036,Schematic internal layout
XBOXONE-1712,PadPassiveEnd16_0,XBOXONE-1712 · Independent controller passive termination032,Controller,metal,1,0.1177773450247039,0.3500000000000014,0.75,0.4499999999999993,Schematic internal layout
XBOXONE-1713,PadPassiveEnd16_1,XBOXONE-1713 · Independent controller passive termination033,Controller,metal,1,0.11777734502470387,0.3500000000000014,0.75,0.4499999999999993,Schematic internal layout
XBOXONE-1714,PadPassive17,XBOXONE-1714 · Photo-guided independent controller passive body017,Controller,thermal,1,0.41876389342117776,1.5,0.7000000000000455,0.40000000000000036,Schematic internal layout
XBOXONE-1715,PadPassiveEnd17_0,XBOXONE-1715 · Independent controller passive termination034,Controller,metal,1,0.11777734502470374,0.3500000000000001,0.75,0.4499999999999993,Schematic internal layout
XBOXONE-1716,PadPassiveEnd17_1,XBOXONE-1716 · Independent controller passive termination035,Controller,metal,1,0.11777734502470372,0.34999999999999987,0.75,0.4499999999999993,Schematic internal layout
XBOXONE-1717,PadPassive18,XBOXONE-1717 · Photo-guided independent controller passive body018,Controller,thermal,1,0.4187638934211777,1.5,0.7000000000000455,0.40000000000000036,Schematic internal layout
XBOXONE-1718,PadPassiveEnd18_0,XBOXONE-1718 · Independent controller passive termination036,Controller,metal,1,0.1177773450247039,0.3500000000000014,0.75,0.4499999999999993,Schematic internal layout
XBOXONE-1719,PadPassiveEnd18_1,XBOXONE-1719 · Independent controller passive termination037,Controller,metal,1,0.11777734502470388,0.3500000000000014,0.75,0.4499999999999993,Schematic internal layout
XBOXONE-1720,PadPassive19,XBOXONE-1720 · Photo-guided independent controller passive body019,Controller,thermal,1,0.41876389342117776,1.5,0.7000000000000455,0.40000000000000036,Schematic internal layout
XBOXONE-1721,PadPassiveEnd19_0,XBOXONE-1721 · Independent controller passive termination038,Controller,metal,1,0.1177773450247039,0.3500000000000014,0.75,0.4499999999999993,Schematic internal layout
XBOXONE-1722,PadPassiveEnd19_1,XBOXONE-1722 · Independent controller passive termination039,Controller,metal,1,0.11777734502470388,0.3500000000000014,0.75,0.4499999999999993,Schematic internal layout
XBOXONE-1723,PadPassive20,XBOXONE-1723 · Photo-guided independent controller passive body020,Controller,thermal,1,0.4187638934211777,1.5,0.7000000000000455,0.40000000000000036,Schematic internal layout
XBOXONE-1724,PadPassiveEnd20_0,XBOXONE-1724 · Independent controller passive termination040,Controller,metal,1,0.11777734502470319,0.3500000000000085,0.75,0.4499999999999993,Schematic internal layout
XBOXONE-1725,PadPassiveEnd20_1,XBOXONE-1725 · Independent controller passive termination041,Controller,metal,1,0.11777734502470316,0.3500000000000085,0.75,0.4499999999999993,Schematic internal layout
XBOXONE-1726,PadPassive21,XBOXONE-1726 · Photo-guided independent controller passive body021,Controller,thermal,1,0.41876389342117776,1.5,0.7000000000000455,0.40000000000000036,Schematic internal layout
XBOXONE-1727,PadPassiveEnd21_0,XBOXONE-1727 · Independent controller passive termination042,Controller,metal,1,0.11777734502470315,0.3500000000000085,0.75,0.4499999999999993,Schematic internal layout
XBOXONE-1728,PadPassiveEnd21_1,XBOXONE-1728 · Independent controller passive termination043,Controller,metal,1,0.11777734502470318,0.3500000000000085,0.75,0.4499999999999993,Schematic internal layout
XBOXONE-1729,PadPassive22,XBOXONE-1729 · Photo-guided independent controller passive body022,Controller,thermal,1,0.41876389342117776,1.5,0.7000000000000455,0.40000000000000036,Schematic internal layout
XBOXONE-1730,PadPassiveEnd22_0,XBOXONE-1730 · Independent controller passive termination044,Controller,metal,1,0.11777734502470388,0.3500000000000014,0.75,0.4499999999999993,Schematic internal layout
XBOXONE-1731,PadPassiveEnd22_1,XBOXONE-1731 · Independent controller passive termination045,Controller,metal,1,0.11777734502470387,0.3500000000000014,0.75,0.4499999999999993,Schematic internal layout
XBOXONE-1732,PadPassive23,XBOXONE-1732 · Photo-guided independent controller passive body023,Controller,thermal,1,0.41876389342117776,1.5,0.7000000000000455,0.40000000000000036,Schematic internal layout
XBOXONE-1733,PadPassiveEnd23_0,XBOXONE-1733 · Independent controller passive termination046,Controller,metal,1,0.1177773450247039,0.3500000000000014,0.75,0.4499999999999993,Schematic internal layout
XBOXONE-1734,PadPassiveEnd23_1,XBOXONE-1734 · Independent controller passive termination047,Controller,metal,1,0.11777734502470387,0.3500000000000014,0.75,0.4499999999999993,Schematic internal layout
XBOXONE-1735,PadPassive24,XBOXONE-1735 · Photo-guided independent controller passive body024,Controller,thermal,1,0.41876389342117776,1.5,0.7000000000000455,0.40000000000000036,Schematic internal layout
XBOXONE-1736,PadPassiveEnd24_0,XBOXONE-1736 · Independent controller passive termination048,Controller,metal,1,0.11777734502470374,0.3500000000000001,0.75,0.4499999999999993,Schematic internal layout
XBOXONE-1737,PadPassiveEnd24_1,XBOXONE-1737 · Independent controller passive termination049,Controller,metal,1,0.11777734502470372,0.34999999999999987,0.75,0.4499999999999993,Schematic internal layout
XBOXONE-1738,PadPassive25,XBOXONE-1738 · Photo-guided independent controller passive body025,Controller,thermal,1,0.4187638934211777,1.5,0.7000000000000455,0.40000000000000036,Schematic internal layout
XBOXONE-1739,PadPassiveEnd25_0,XBOXONE-1739 · Independent controller passive termination050,Controller,metal,1,0.1177773450247039,0.3500000000000014,0.75,0.4499999999999993,Schematic internal layout
XBOXONE-1740,PadPassiveEnd25_1,XBOXONE-1740 · Independent controller passive termination051,Controller,metal,1,0.11777734502470388,0.3500000000000014,0.75,0.4499999999999993,Schematic internal layout
XBOXONE-1741,PadPassive26,XBOXONE-1741 · Photo-guided independent controller passive body026,Controller,thermal,1,0.41876389342117776,1.5,0.7000000000000455,0.40000000000000036,Schematic internal layout
XBOXONE-1742,PadPassiveEnd26_0,XBOXONE-1742 · Independent controller passive termination052,Controller,metal,1,0.1177773450247039,0.3500000000000014,0.75,0.4499999999999993,Schematic internal layout
XBOXONE-1743,PadPassiveEnd26_1,XBOXONE-1743 · Independent controller passive termination053,Controller,metal,1,0.11777734502470388,0.3500000000000014,0.75,0.4499999999999993,Schematic internal layout
XBOXONE-1744,PadPassive27,XBOXONE-1744 · Photo-guided independent controller passive body027,Controller,thermal,1,0.4187638934211674,1.5,0.6999999999999886,0.40000000000000036,Schematic internal layout
XBOXONE-1745,PadPassiveEnd27_0,XBOXONE-1745 · Independent controller passive termination054,Controller,metal,1,0.11777734502470322,0.3500000000000085,0.75,0.4499999999999993,Schematic internal layout
XBOXONE-1746,PadPassiveEnd27_1,XBOXONE-1746 · Independent controller passive termination055,Controller,metal,1,0.11777734502470322,0.3500000000000085,0.75,0.4499999999999993,Schematic internal layout
XBOXONE-1747,PadPassive28,XBOXONE-1747 · Photo-guided independent controller passive body028,Controller,thermal,1,0.4187638934211673,1.5,0.6999999999999886,0.40000000000000036,Schematic internal layout
XBOXONE-1748,PadPassiveEnd28_0,XBOXONE-1748 · Independent controller passive termination056,Controller,metal,1,0.11777734502470322,0.3500000000000085,0.75,0.4499999999999993,Schematic internal layout
XBOXONE-1749,PadPassiveEnd28_1,XBOXONE-1749 · Independent controller passive termination057,Controller,metal,1,0.11777734502470322,0.3500000000000085,0.75,0.4499999999999993,Schematic internal layout
XBOXONE-1750,PadPassive29,XBOXONE-1750 · Photo-guided independent controller passive body029,Controller,thermal,1,0.4187638934211673,1.5,0.6999999999999886,0.40000000000000036,Schematic internal layout
XBOXONE-1751,PadPassiveEnd29_0,XBOXONE-1751 · Independent controller passive termination058,Controller,metal,1,0.11777734502470394,0.3500000000000014,0.75,0.4499999999999993,Schematic internal layout
XBOXONE-1752,PadPassiveEnd29_1,XBOXONE-1752 · Independent controller passive termination059,Controller,metal,1,0.11777734502470322,0.3500000000000085,0.75,0.4499999999999993,Schematic internal layout
XBOXONE-1753,PadPassive30,XBOXONE-1753 · Photo-guided independent controller passive body030,Controller,thermal,1,0.4187638934211673,1.5,0.6999999999999886,0.40000000000000036,Schematic internal layout
XBOXONE-1754,PadPassiveEnd30_0,XBOXONE-1754 · Independent controller passive termination060,Controller,metal,1,0.11777734502470322,0.3500000000000085,0.75,0.4499999999999993,Schematic internal layout
XBOXONE-1755,PadPassiveEnd30_1,XBOXONE-1755 · Independent controller passive termination061,Controller,metal,1,0.11777734502470322,0.3500000000000085,0.75,0.4499999999999993,Schematic internal layout
XBOXONE-1756,PadPassive31,XBOXONE-1756 · Photo-guided independent controller passive body031,Controller,thermal,1,0.4187638934211674,1.5,0.6999999999999886,0.40000000000000036,Schematic internal layout
XBOXONE-1757,PadPassiveEnd31_0,XBOXONE-1757 · Independent controller passive termination062,Controller,metal,1,0.11777734502470322,0.3500000000000085,0.75,0.4499999999999993,Schematic internal layout
XBOXONE-1758,PadPassiveEnd31_1,XBOXONE-1758 · Independent controller passive termination063,Controller,metal,1,0.11777734502470319,0.3500000000000085,0.75,0.4499999999999993,Schematic internal layout
XBOXONE-1759,PadPassive32,XBOXONE-1759 · Photo-guided independent controller passive body032,Controller,thermal,1,0.4187638934211674,1.5,0.6999999999999886,0.40000000000000036,Schematic internal layout
XBOXONE-1760,PadPassiveEnd32_0,XBOXONE-1760 · Independent controller passive termination064,Controller,metal,1,0.1177773450247032,0.3500000000000085,0.75,0.4499999999999993,Schematic internal layout
XBOXONE-1761,PadPassiveEnd32_1,XBOXONE-1761 · Independent controller passive termination065,Controller,metal,1,0.11777734502470323,0.3500000000000085,0.75,0.4499999999999993,Schematic internal layout
XBOXONE-1762,PadPassive33,XBOXONE-1762 · Photo-guided independent controller passive body033,Controller,thermal,1,0.4187638934211674,1.5,0.6999999999999886,0.40000000000000036,Schematic internal layout
XBOXONE-1763,PadPassiveEnd33_0,XBOXONE-1763 · Independent controller passive termination066,Controller,metal,1,0.11777734502470392,0.3500000000000014,0.75,0.4499999999999993,Schematic internal layout
XBOXONE-1764,PadPassiveEnd33_1,XBOXONE-1764 · Independent controller passive termination067,Controller,metal,1,0.1177773450247032,0.3500000000000085,0.75,0.4499999999999993,Schematic internal layout
XBOXONE-1765,PadPassive34,XBOXONE-1765 · Photo-guided independent controller passive body034,Controller,thermal,1,0.4187638934211674,1.5,0.6999999999999886,0.40000000000000036,Schematic internal layout
XBOXONE-1766,PadPassiveEnd34_0,XBOXONE-1766 · Independent controller passive termination068,Controller,metal,1,0.11777734502470319,0.3500000000000085,0.75,0.4499999999999993,Schematic internal layout
XBOXONE-1767,PadPassiveEnd34_1,XBOXONE-1767 · Independent controller passive termination069,Controller,metal,1,0.11777734502470322,0.3500000000000085,0.75,0.4499999999999993,Schematic internal layout
XBOXONE-1768,PadPassive35,XBOXONE-1768 · Photo-guided independent controller passive body035,Controller,thermal,1,0.4187638934211674,1.5,0.6999999999999886,0.40000000000000036,Schematic internal layout
XBOXONE-1769,PadPassiveEnd35_0,XBOXONE-1769 · Independent controller passive termination070,Controller,metal,1,0.11777734502470322,0.3500000000000085,0.75,0.4499999999999993,Schematic internal layout
XBOXONE-1770,PadPassiveEnd35_1,XBOXONE-1770 · Independent controller passive termination071,Controller,metal,1,0.11777734502470319,0.3500000000000085,0.75,0.4499999999999993,Schematic internal layout
XBOXONE-1771,PadPassive36,XBOXONE-1771 · Photo-guided independent controller passive body036,Controller,thermal,1,0.4187638934211673,1.5,0.6999999999999886,0.40000000000000036,Schematic internal layout
XBOXONE-1772,PadPassiveEnd36_0,XBOXONE-1772 · Independent controller passive termination072,Controller,metal,1,0.1177773450247032,0.3500000000000085,0.75,0.4499999999999993,Schematic internal layout
XBOXONE-1773,PadPassiveEnd36_1,XBOXONE-1773 · Independent controller passive termination073,Controller,metal,1,0.11777734502470323,0.3500000000000085,0.75,0.4499999999999993,Schematic internal layout
XBOXONE-1774,PadPassive37,XBOXONE-1774 · Photo-guided independent controller passive body037,Controller,thermal,1,0.4187638934211673,1.5,0.6999999999999886,0.40000000000000036,Schematic internal layout
XBOXONE-1775,PadPassiveEnd37_0,XBOXONE-1775 · Independent controller passive termination074,Controller,metal,1,0.11777734502470392,0.3500000000000014,0.75,0.4499999999999993,Schematic internal layout
XBOXONE-1776,PadPassiveEnd37_1,XBOXONE-1776 · Independent controller passive termination075,Controller,metal,1,0.1177773450247032,0.3500000000000085,0.75,0.4499999999999993,Schematic internal layout
XBOXONE-1777,PadPassive38,XBOXONE-1777 · Photo-guided independent controller passive body038,Controller,thermal,1,0.4187638934211673,1.5,0.6999999999999886,0.40000000000000036,Schematic internal layout
XBOXONE-1778,PadPassiveEnd38_0,XBOXONE-1778 · Independent controller passive termination076,Controller,metal,1,0.11777734502470319,0.3500000000000085,0.75,0.4499999999999993,Schematic internal layout
XBOXONE-1779,PadPassiveEnd38_1,XBOXONE-1779 · Independent controller passive termination077,Controller,metal,1,0.11777734502470322,0.3500000000000085,0.75,0.4499999999999993,Schematic internal layout
XBOXONE-1780,PadPassive39,XBOXONE-1780 · Photo-guided independent controller passive body039,Controller,thermal,1,0.4187638934211674,1.5,0.6999999999999886,0.40000000000000036,Schematic internal layout
XBOXONE-1781,PadPassiveEnd39_0,XBOXONE-1781 · Independent controller passive termination078,Controller,metal,1,0.11777734502470322,0.3500000000000085,0.75,0.4499999999999993,Schematic internal layout
XBOXONE-1782,PadPassiveEnd39_1,XBOXONE-1782 · Independent controller passive termination079,Controller,metal,1,0.11777734502470319,0.3500000000000085,0.75,0.4499999999999993,Schematic internal layout
XBOXONE-1783,PadPassive40,XBOXONE-1783 · Photo-guided independent controller passive body040,Controller,thermal,1,0.4187638934211673,1.5,0.6999999999999886,0.40000000000000036,Schematic internal layout
XBOXONE-1784,PadPassiveEnd40_0,XBOXONE-1784 · Independent controller passive termination080,Controller,metal,1,0.1177773450247032,0.3500000000000085,0.75,0.4499999999999993,Schematic internal layout
XBOXONE-1785,PadPassiveEnd40_1,XBOXONE-1785 · Independent controller passive termination081,Controller,metal,1,0.11777734502470323,0.3500000000000085,0.75,0.4499999999999993,Schematic internal layout
XBOXONE-1786,PadPassive41,XBOXONE-1786 · Photo-guided independent controller passive body041,Controller,thermal,1,0.4187638934211673,1.5,0.6999999999999886,0.40000000000000036,Schematic internal layout
XBOXONE-1787,PadPassiveEnd41_0,XBOXONE-1787 · Independent controller passive termination082,Controller,metal,1,0.11777734502470392,0.3500000000000014,0.75,0.4499999999999993,Schematic internal layout
XBOXONE-1788,PadPassiveEnd41_1,XBOXONE-1788 · Independent controller passive termination083,Controller,metal,1,0.1177773450247032,0.3500000000000085,0.75,0.4499999999999993,Schematic internal layout
XBOXONE-1789,PadPassive42,XBOXONE-1789 · Photo-guided independent controller passive body042,Controller,thermal,1,0.4187638934211673,1.5,0.6999999999999886,0.40000000000000036,Schematic internal layout
XBOXONE-1790,PadPassiveEnd42_0,XBOXONE-1790 · Independent controller passive termination084,Controller,metal,1,0.11777734502470319,0.3500000000000085,0.75,0.4499999999999993,Schematic internal layout
XBOXONE-1791,PadPassiveEnd42_1,XBOXONE-1791 · Independent controller passive termination085,Controller,metal,1,0.11777734502470322,0.3500000000000085,0.75,0.4499999999999993,Schematic internal layout
