Part number,Part ID,Label,Assembly,Material,Solid count,Volume mm3,X mm,Y mm,Z mm,Fidelity
XBOX360-0001,UpperShell,XBOX360-0001 · Original white concave upper shell001,Body,ivory,1,158507.1737034106,304.00000020000016,253.5000002,8.600000199999982,"Approximate original white Xenon enclosure, not manufacturing dimensions"
XBOX360-0002,LowerShell,XBOX360-0002 · Original white concave lower shell001,Body,ivory,1,158507.1737025701,304.00000020000016,253.5000002,8.600000199999931,"Approximate original white Xenon enclosure, not manufacturing dimensions"
XBOX360-0003,Faceplate,XBOX360-0003 · Original removable white faceplate008,Body,ivory,1,35908.41465654813,309.00000000000006,2.000000000000014,83.0,"Approximate original white Xenon enclosure, not manufacturing dimensions"
XBOX360-0004,DVDTrayFace,XBOX360-0004 · Original Premium chrome DVD tray face,Optical,chrome,1,2900.5168026350707,144.0,1.1999999999999886,17.0,"Approximate original white Xenon enclosure, not manufacturing dimensions"
XBOX360-0005,MemoryDoor0,XBOX360-0005 · Separate original memory-unit door,Controls,ivory,1,511.5185789489224,44.0,1.1999999999999886,10.0,"Approximate original white Xenon enclosure, not manufacturing dimensions"
XBOX360-0006,MemoryDoor1,XBOX360-0006 · Separate original memory-unit door001,Controls,ivory,1,511.5185789489224,44.0,1.1999999999999886,10.0,"Approximate original white Xenon enclosure, not manufacturing dimensions"
XBOX360-0007,USBFrontDoor,XBOX360-0007 · Original dual-USB access flap,Controls,ivory,1,473.4477796076923,32.0,1.1999999999999886,13.0,"Approximate original white Xenon enclosure, not manufacturing dimensions"
XBOX360-0008,IRWindow,XBOX360-0008 · Separate infrared receiver window,Controls,black,1,144.3292006587693,8.0,1.1999999999999886,16.0,"Approximate original white Xenon enclosure, not manufacturing dimensions"
XBOX360-0009,PowerButton,XBOX360-0009 · Original circular console power button,Controls,ivory,1,566.190394400566,25.599999999999994,1.0999999999999943,25.599999999999998,"Approximate original white Xenon enclosure, not manufacturing dimensions"
XBOX360-0010,PowerRingCarrier,XBOX360-0010 · Ring-of-light separator carrier,Controls,ventgray,1,300.68968685671337,32.699999999999996,1.0,32.7,"Approximate original white Xenon enclosure, not manufacturing dimensions"
XBOX360-0011,PowerQuadrant0,XBOX360-0011 · Separate player-status light quadrant,Controls,xboxgreen,1,29.81004145532257,14.937217250414704,0.6500000000000057,14.937217250414704,"Approximate original white Xenon enclosure, not manufacturing dimensions"
XBOX360-0012,PowerQuadrant1,XBOX360-0012 · Separate player-status light quadrant001,Controls,xboxgreen,1,29.810041455322597,14.937217250414704,0.6500000000000057,14.937217250414712,"Approximate original white Xenon enclosure, not manufacturing dimensions"
XBOX360-0013,PowerQuadrant2,XBOX360-0013 · Separate player-status light quadrant002,Controls,xboxgreen,1,29.810041455322583,14.937217250414704,0.6500000000000057,14.937217250414704,"Approximate original white Xenon enclosure, not manufacturing dimensions"
XBOX360-0014,PowerQuadrant3,XBOX360-0014 · Separate player-status light quadrant003,Controls,xboxgreen,1,29.810041455322573,14.937217250414719,0.6500000000000057,14.937217250414697,"Approximate original white Xenon enclosure, not manufacturing dimensions"
XBOX360-0015,SyncButton,XBOX360-0015 · Original wireless synchronisation button,Controls,ivory,1,39.94849218304775,6.799999999999997,1.0999999999999943,6.799999999999997,"Approximate original white Xenon enclosure, not manufacturing dimensions"
XBOX360-0016,EjectButton,XBOX360-0016 · Original drive eject button,Controls,chrome,1,73.12371060495589,9.199999999999989,1.0999999999999943,9.200000000000003,"Approximate original white Xenon enclosure, not manufacturing dimensions"
XBOX360-0017,TrayMark,XBOX360-0017 · XBOX 360,Optical,ventgray,7,0.49960443314673947,23.954983321476504,0.01800019999998881,3.703087448322151,"Approximate original white Xenon enclosure, not manufacturing dimensions"
XBOX360-0018,MemoryMark0,XBOX360-0018 · MEMORY UNIT,Controls,ventgray,10,0.13513710567627973,14.872147651006713,0.01800019999998881,1.6079196630872516,"Approximate original white Xenon enclosure, not manufacturing dimensions"
XBOX360-0019,MemoryMark1,XBOX360-0019 · MEMORY UNIT001,Controls,ventgray,10,0.1351371056762796,14.872147651006706,0.01800019999998881,1.6079196630872516,"Approximate original white Xenon enclosure, not manufacturing dimensions"
XBOX360-0020,PowerMarkArc,XBOX360-0020 · Power-button ring marking,Controls,ventgray,1,0.1844900285820631,8.599999999999994,0.018000000000000682,7.822353790442662,"Approximate original white Xenon enclosure, not manufacturing dimensions"
XBOX360-0021,PowerMarkStem,XBOX360-0021 · Power-button stem marking,Controls,ventgray,1,0.04124548667764667,0.5,0.018000000000000682,4.6000000000000085,"Approximate original white Xenon enclosure, not manufacturing dimensions"
XBOX360-0022,LeftEndGrille,XBOX360-0022 · Separate original gray end ventilation grille004,Body,ventgray,1,22109.397074461427,1.4000000000000057,250.0,78.0,"Approximate original white Xenon enclosure, not manufacturing dimensions"
XBOX360-0023,RightEndGrille,XBOX360-0023 · Separate original gray end ventilation grille003,Body,ventgray,1,22322.416451375564,1.4000000000000057,250.0,78.0,"Approximate original white Xenon enclosure, not manufacturing dimensions"
XBOX360-0024,Foot0,XBOX360-0024 · Independent lower rubber support,Frame,rubber,1,160.48893571891068,12.0,10.0,1.4,"Approximate original white Xenon enclosure, not manufacturing dimensions"
XBOX360-0025,Foot1,XBOX360-0025 · Independent lower rubber support001,Frame,rubber,1,160.48893571891068,12.0,10.0,1.4,"Approximate original white Xenon enclosure, not manufacturing dimensions"
XBOX360-0026,Foot2,XBOX360-0026 · Independent lower rubber support002,Frame,rubber,1,160.48893571891068,12.0,10.0,1.4,"Approximate original white Xenon enclosure, not manufacturing dimensions"
XBOX360-0027,Foot3,XBOX360-0027 · Independent lower rubber support003,Frame,rubber,1,160.48893571891068,12.0,10.0,1.4,"Approximate original white Xenon enclosure, not manufacturing dimensions"
XBOX360-0028,RearCase,XBOX360-0028 · Original non-HDMI rear closure004,Body,ivory,1,32703.705115413246,309.00000000000006,1.8000000000000398,83.0,"Approximate original white Xenon enclosure, not manufacturing dimensions"
XBOX360-0029,RearStudyPlate,XBOX360-0029 · Rear identification study plate,Body,white,1,42.62283185307402,41.0,0.0800000000000125,13.0,"Approximate original white Xenon enclosure, not manufacturing dimensions"
XBOX360-0030,RearStudyMark,XBOX360-0030 · XENON / CAD,Body,ventgray,9,0.2120705617407465,18.816367549664434,0.01800019999998881,2.3624162073825516,"Approximate original white Xenon enclosure, not manufacturing dimensions"
XBOX360-0031,Chassis,XBOX360-0031 · Editable folded steel chassis floor009,Frame,metal,1,115938.7166062883,288.00000009999997,240.0000001,61.30000009999999,"Approximate original white Xenon enclosure, not manufacturing dimensions"
XBOX360-0032,BoardStandoff0,XBOX360-0032 · Separate motherboard support and screw guide,Frame,metal,1,120.5978879896782,6.0,6.0,5.0,"Approximate original white Xenon enclosure, not manufacturing dimensions"
XBOX360-0033,BoardScrew0,XBOX360-0033 · Cross-head fastener,Frame,metal,1,11.940860025084644,3.4000000000000057,3.4000000000000057,7.83,Schematic internal layout
XBOX360-0034,BoardStandoff1,XBOX360-0034 · Separate motherboard support and screw guide001,Frame,metal,1,120.5978879896782,6.0,6.0,5.0,"Approximate original white Xenon enclosure, not manufacturing dimensions"
XBOX360-0035,BoardScrew1,XBOX360-0035 · Cross-head fastener001,Frame,metal,1,11.940860025084648,3.4000000000000057,3.4000000000000057,7.83,Schematic internal layout
XBOX360-0036,BoardStandoff2,XBOX360-0036 · Separate motherboard support and screw guide002,Frame,metal,1,120.59788798967823,6.0,6.0,5.0,"Approximate original white Xenon enclosure, not manufacturing dimensions"
XBOX360-0037,BoardScrew2,XBOX360-0037 · Cross-head fastener002,Frame,metal,1,11.940860025084648,3.4000000000000057,3.4000000000000057,7.83,Schematic internal layout
XBOX360-0038,BoardStandoff3,XBOX360-0038 · Separate motherboard support and screw guide003,Frame,metal,1,120.59788798967823,6.0,6.0,5.0,"Approximate original white Xenon enclosure, not manufacturing dimensions"
XBOX360-0039,BoardScrew3,XBOX360-0039 · Cross-head fastener003,Frame,metal,1,11.94086002508465,3.3999999999999986,3.4000000000000057,7.83,Schematic internal layout
XBOX360-0040,BoardStandoff4,XBOX360-0040 · Separate motherboard support and screw guide004,Frame,metal,1,120.5978879896782,6.0,6.0,5.0,"Approximate original white Xenon enclosure, not manufacturing dimensions"
XBOX360-0041,BoardScrew4,XBOX360-0041 · Cross-head fastener004,Frame,metal,1,11.940860025084639,3.4000000000000057,3.4000000000000057,7.83,Schematic internal layout
XBOX360-0042,BoardStandoff5,XBOX360-0042 · Separate motherboard support and screw guide005,Frame,metal,1,120.59788798967814,6.0,6.0,5.0,"Approximate original white Xenon enclosure, not manufacturing dimensions"
XBOX360-0043,BoardScrew5,XBOX360-0043 · Cross-head fastener005,Frame,metal,1,11.940860025084659,3.3999999999999773,3.3999999999999986,7.83,Schematic internal layout
XBOX360-0044,BoardStandoff6,XBOX360-0044 · Separate motherboard support and screw guide006,Frame,metal,1,120.5978879896782,6.0,6.0,5.0,"Approximate original white Xenon enclosure, not manufacturing dimensions"
XBOX360-0045,BoardScrew6,XBOX360-0045 · Cross-head fastener006,Frame,metal,1,11.940860025084644,3.4000000000000057,3.4000000000000057,7.83,Schematic internal layout
XBOX360-0046,BoardStandoff7,XBOX360-0046 · Separate motherboard support and screw guide007,Frame,metal,1,120.59788798967823,6.0,6.0,5.0,"Approximate original white Xenon enclosure, not manufacturing dimensions"
XBOX360-0047,BoardScrew7,XBOX360-0047 · Cross-head fastener007,Frame,metal,1,11.94086002508464,3.3999999999999986,3.4000000000000057,7.83,Schematic internal layout
XBOX360-0048,BoardStandoff8,XBOX360-0048 · Separate motherboard support and screw guide008,Frame,metal,1,120.59788798967817,6.0,6.0,5.0,"Approximate original white Xenon enclosure, not manufacturing dimensions"
XBOX360-0049,BoardScrew8,XBOX360-0049 · Cross-head fastener008,Frame,metal,1,11.940860025084646,3.4000000000000057,3.4000000000000057,7.83,Schematic internal layout
XBOX360-0050,MainPCB,XBOX360-0050 · Original Xenon mainboard outline study002,Mainboard,pcb,1,80146.29373068105,274.0,226.0,1.3999999999999986,"Approximate original white Xenon enclosure, not manufacturing dimensions"
XBOX360-0051,BoardMountLand0,XBOX360-0051 · Independent plated mounting land study,Mainboard,gold,1,0.6276902121872412,4.599999999999994,4.599999999999994,0.05999999999999872,"Approximate original white Xenon enclosure, not manufacturing dimensions"
XBOX360-0052,BoardMountLand1,XBOX360-0052 · Independent plated mounting land study001,Mainboard,gold,1,0.6276902121872412,4.599999999999994,4.599999999999994,0.05999999999999872,"Approximate original white Xenon enclosure, not manufacturing dimensions"
XBOX360-0053,BoardMountLand2,XBOX360-0053 · Independent plated mounting land study002,Mainboard,gold,1,0.6276902121872414,4.599999999999994,4.599999999999994,0.05999999999999872,"Approximate original white Xenon enclosure, not manufacturing dimensions"
XBOX360-0054,BoardMountLand3,XBOX360-0054 · Independent plated mounting land study003,Mainboard,gold,1,0.6276902121872413,4.600000000000005,4.599999999999994,0.05999999999999872,"Approximate original white Xenon enclosure, not manufacturing dimensions"
XBOX360-0055,BoardMountLand4,XBOX360-0055 · Independent plated mounting land study004,Mainboard,gold,1,0.6276902121872412,4.599999999999994,4.599999999999994,0.05999999999999872,"Approximate original white Xenon enclosure, not manufacturing dimensions"
XBOX360-0056,BoardMountLand5,XBOX360-0056 · Independent plated mounting land study005,Mainboard,gold,1,0.627690212187241,4.6000000000000085,4.600000000000001,0.05999999999999872,"Approximate original white Xenon enclosure, not manufacturing dimensions"
XBOX360-0057,BoardMountLand6,XBOX360-0057 · Independent plated mounting land study006,Mainboard,gold,1,0.6276902121872412,4.599999999999994,4.599999999999994,0.05999999999999872,"Approximate original white Xenon enclosure, not manufacturing dimensions"
XBOX360-0058,BoardMountLand7,XBOX360-0058 · Independent plated mounting land study007,Mainboard,gold,1,0.6276902121872412,4.600000000000001,4.599999999999994,0.05999999999999872,"Approximate original white Xenon enclosure, not manufacturing dimensions"
XBOX360-0059,BoardMountLand8,XBOX360-0059 · Independent plated mounting land study008,Mainboard,gold,1,0.6276902121872414,4.599999999999994,4.599999999999994,0.05999999999999872,"Approximate original white Xenon enclosure, not manufacturing dimensions"
XBOX360-0060,BoardStudyMark,XBOX360-0060 · XENON / CAD001,Mainboard,white,9,0.25238149496419404,20.52694640872483,2.5771813080536816,0.01800020000000302,"Approximate original white Xenon enclosure, not manufacturing dimensions"
XBOX360-0061,XenonCPU,XBOX360-0061 · Separate Xenon CPU package envelope,Mainboard,ventgray,1,1271.5150176727063,34.0,34.0,1.1000000000000014,Schematic internal layout
XBOX360-0062,XenonCPUSolderGrid,XBOX360-0062 · Simplified BGA support balls; not a physical pinout,Mainboard,metal,64,1.8387783689363077,29.38,29.38,0.38000000000000256,Schematic internal layout
XBOX360-0063,CPUExposedDie,XBOX360-0063 · Xenon exposed die study,Mainboard,metal,1,388.7587964473722,18.0,18.0,1.1999999999999993,Schematic internal layout
XBOX360-0064,XenosGPU,XBOX360-0064 · Separate Xenos GPU and eDRAM package envelope,Mainboard,ventgray,1,1801.7150176727062,42.0,39.0,1.1000000000000014,Schematic internal layout
XBOX360-0065,XenosGPUSolderGrid,XBOX360-0065 · Simplified BGA support balls; not a physical pinout001,Mainboard,metal,64,1.8387783689363093,37.379999999999995,34.379999999999995,0.38000000000000256,Schematic internal layout
XBOX360-0066,GPUExposedDie,XBOX360-0066 · Xenos main die study,Mainboard,metal,1,532.3622300767582,22.0,22.0,1.1000000000000014,Schematic internal layout
XBOX360-0067,EDRAMDie,XBOX360-0067 · Separate eDRAM die on Xenos package,Mainboard,metal,1,92.37875441817637,12.0,7.0,1.1000000000000014,Schematic internal layout
XBOX360-0068,RAMTop0,XBOX360-0068 · Upper-side GDDR3 package study,Mainboard,black,1,157.21501767270544,13.0,11.0,1.1000000000000014,Schematic internal layout
XBOX360-0069,RAMTop0SolderGrid,XBOX360-0069 · Simplified BGA support balls; not a physical pinout002,Mainboard,metal,64,1.8387783689363073,8.379999999999995,6.379999999999999,0.38000000000000256,Schematic internal layout
XBOX360-0070,RAMBottom0,XBOX360-0070 · Reverse-side GDDR3 package study,Mainboard,black,1,157.262230076758,13.0,11.0,1.1000000000000014,Schematic internal layout
XBOX360-0071,RAMBottomSolder0,XBOX360-0071 · Simplified reverse memory attachment grid,Mainboard,metal,30,0.6173857882834667,9.090000000000003,7.140000000000001,0.3400000000000034,Schematic internal layout
XBOX360-0072,RAMTop1,XBOX360-0072 · Upper-side GDDR3 package study001,Mainboard,black,1,157.21501767270544,13.0,11.0,1.1000000000000014,Schematic internal layout
XBOX360-0073,RAMTop1SolderGrid,XBOX360-0073 · Simplified BGA support balls; not a physical pinout003,Mainboard,metal,64,1.838778368936315,8.379999999999995,6.3799999999999955,0.38000000000000256,Schematic internal layout
XBOX360-0074,RAMBottom1,XBOX360-0074 · Reverse-side GDDR3 package study001,Mainboard,black,1,157.262230076758,13.0,11.0,1.1000000000000014,Schematic internal layout
XBOX360-0075,RAMBottomSolder1,XBOX360-0075 · Simplified reverse memory attachment grid001,Mainboard,metal,30,0.6173857882834675,9.090000000000003,7.140000000000001,0.3400000000000034,Schematic internal layout
XBOX360-0076,RAMTop2,XBOX360-0076 · Upper-side GDDR3 package study002,Mainboard,black,1,157.21501767270541,13.0,11.0,1.1000000000000014,Schematic internal layout
XBOX360-0077,RAMTop2SolderGrid,XBOX360-0077 · Simplified BGA support balls; not a physical pinout004,Mainboard,metal,64,1.838778368936297,8.379999999999995,6.3799999999999955,0.38000000000000256,Schematic internal layout
XBOX360-0078,RAMBottom2,XBOX360-0078 · Reverse-side GDDR3 package study002,Mainboard,black,1,157.26223007675802,13.0,11.0,1.1000000000000014,Schematic internal layout
XBOX360-0079,RAMBottomSolder2,XBOX360-0079 · Simplified reverse memory attachment grid002,Mainboard,metal,30,0.6173857882834658,9.090000000000003,7.140000000000015,0.3400000000000034,Schematic internal layout
XBOX360-0080,RAMTop3,XBOX360-0080 · Upper-side GDDR3 package study003,Mainboard,black,1,157.21501767270541,13.0,11.0,1.1000000000000014,Schematic internal layout
XBOX360-0081,RAMTop3SolderGrid,XBOX360-0081 · Simplified BGA support balls; not a physical pinout005,Mainboard,metal,64,1.8387783689363033,8.38,6.3799999999999955,0.38000000000000256,Schematic internal layout
XBOX360-0082,RAMBottom3,XBOX360-0082 · Reverse-side GDDR3 package study003,Mainboard,black,1,157.262230076758,13.0,11.0,1.1000000000000014,Schematic internal layout
XBOX360-0083,RAMBottomSolder3,XBOX360-0083 · Simplified reverse memory attachment grid003,Mainboard,metal,30,0.6173857882834658,9.090000000000002,7.140000000000015,0.3400000000000034,Schematic internal layout
XBOX360-0084,Southbridge,XBOX360-0084 · Original Xenon southbridge,Mainboard,black,1,709.7188805057643,26.0,26.0,1.0500000000000007,Schematic internal layout
XBOX360-0085,SouthbridgeSolderGrid,XBOX360-0085 · Simplified BGA support balls; not a physical pinout006,Mainboard,metal,64,1.8387783689363095,21.379999999999995,21.379999999999995,0.38000000000000256,Schematic internal layout
XBOX360-0086,ANA,XBOX360-0086 · Original ANA analog video encoder,Mainboard,black,1,268.71888050576433,16.0,16.0,1.0500000000000007,Schematic internal layout
XBOX360-0087,ANASolderGrid,XBOX360-0087 · Simplified BGA support balls; not a physical pinout007,Mainboard,metal,64,1.838778368936309,11.379999999999995,11.379999999999995,0.38000000000000256,Schematic internal layout
XBOX360-0088,EthernetPHY,XBOX360-0088 · Ethernet controller study,Mainboard,black,1,125.91888050576425,12.0,10.0,1.0500000000000007,Schematic internal layout
XBOX360-0089,EthernetPHYSolderGrid,XBOX360-0089 · Simplified BGA support balls; not a physical pinout008,Mainboard,metal,64,1.8387783689363024,7.3799999999999955,5.3799999999999955,0.38000000000000256,Schematic internal layout
XBOX360-0090,AudioDAC,XBOX360-0090 · Separate audio DAC study,Mainboard,black,1,67.11888050576424,8.0,8.0,1.0500000000000007,Schematic internal layout
XBOX360-0091,AudioDACSolderGrid,XBOX360-0091 · Simplified BGA support balls; not a physical pinout009,Mainboard,metal,64,1.8387783689363018,3.3799999999999955,3.3799999999999955,0.38000000000000256,Schematic internal layout
XBOX360-0092,SMC,XBOX360-0092 · System management package study,Mainboard,black,1,151.11888050576425,12.0,12.0,1.0500000000000007,Schematic internal layout
XBOX360-0093,SMCSolderGrid,XBOX360-0093 · Simplified BGA support balls; not a physical pinout010,Mainboard,metal,64,1.8387783689363166,7.38,7.3799999999999955,0.38000000000000256,Schematic internal layout
XBOX360-0094,USBLogic,XBOX360-0094 · Front USB support package study,Mainboard,black,1,83.91888050576425,10.0,8.0,1.0500000000000007,Schematic internal layout
XBOX360-0095,USBLogicSolderGrid,XBOX360-0095 · Simplified BGA support balls; not a physical pinout011,Mainboard,metal,64,1.8387783689363162,5.380000000000003,3.379999999999999,0.38000000000000256,Schematic internal layout
XBOX360-0096,HDDLogic,XBOX360-0096 · Storage support package study,Mainboard,black,1,50.318880505764255,8.0,6.0,1.0500000000000007,Schematic internal layout
XBOX360-0097,HDDLogicSolderGrid,XBOX360-0097 · Simplified BGA support balls; not a physical pinout012,Mainboard,metal,64,1.8387783689363022,3.3799999999999955,3.3799999999999955,0.38000000000000256,Schematic internal layout
XBOX360-0098,MemoryLogic,XBOX360-0098 · Memory-unit support package study,Mainboard,black,1,67.11888050576425,8.0,8.0,1.0500000000000007,Schematic internal layout
XBOX360-0099,MemoryLogicSolderGrid,XBOX360-0099 · Simplified BGA support balls; not a physical pinout013,Mainboard,metal,64,1.8387783689363022,3.3799999999999955,3.3799999999999955,0.38000000000000256,Schematic internal layout
XBOX360-0100,NANDFlash,XBOX360-0100 · NAND flash package study,Mainboard,black,1,230.94366701789187,11.0,20.0,1.0500000000000007,Schematic internal layout
XBOX360-0101,NANDFlashLead-1_0,XBOX360-0101 · Separate formed flash lead study,Mainboard,metal,1,0.08780799999999943,1.460000000000008,0.28000000000000114,0.6600000000000001,Schematic internal layout
XBOX360-0102,NANDFlashLead-1_1,XBOX360-0102 · Separate formed flash lead study001,Mainboard,metal,1,0.08780799999999944,1.460000000000008,0.28000000000000114,0.6600000000000001,Schematic internal layout
XBOX360-0103,NANDFlashLead-1_2,XBOX360-0103 · Separate formed flash lead study002,Mainboard,metal,1,0.08780799999999944,1.460000000000008,0.28000000000000114,0.6600000000000001,Schematic internal layout
XBOX360-0104,NANDFlashLead-1_3,XBOX360-0104 · Separate formed flash lead study003,Mainboard,metal,1,0.08780799999999944,1.460000000000008,0.28000000000000114,0.6600000000000001,Schematic internal layout
XBOX360-0105,NANDFlashLead-1_4,XBOX360-0105 · Separate formed flash lead study004,Mainboard,metal,1,0.08780799999999944,1.460000000000008,0.28000000000000114,0.6600000000000001,Schematic internal layout
XBOX360-0106,NANDFlashLead-1_5,XBOX360-0106 · Separate formed flash lead study005,Mainboard,metal,1,0.08780799999999944,1.460000000000008,0.28000000000000114,0.6600000000000001,Schematic internal layout
XBOX360-0107,NANDFlashLead-1_6,XBOX360-0107 · Separate formed flash lead study006,Mainboard,metal,1,0.08780799999999944,1.460000000000008,0.28000000000000114,0.6600000000000001,Schematic internal layout
XBOX360-0108,NANDFlashLead-1_7,XBOX360-0108 · Separate formed flash lead study007,Mainboard,metal,1,0.08780799999999944,1.460000000000008,0.28000000000000114,0.6600000000000001,Schematic internal layout
XBOX360-0109,NANDFlashLead-1_8,XBOX360-0109 · Separate formed flash lead study008,Mainboard,metal,1,0.08780799999999944,1.460000000000008,0.28000000000000114,0.6600000000000001,Schematic internal layout
XBOX360-0110,NANDFlashLead-1_9,XBOX360-0110 · Separate formed flash lead study009,Mainboard,metal,1,0.08780799999999943,1.460000000000008,0.28000000000000114,0.6600000000000001,Schematic internal layout
XBOX360-0111,NANDFlashLead-1_10,XBOX360-0111 · Separate formed flash lead study010,Mainboard,metal,1,0.08780799999999944,1.460000000000008,0.28000000000000114,0.6600000000000001,Schematic internal layout
XBOX360-0112,NANDFlashLead-1_11,XBOX360-0112 · Separate formed flash lead study011,Mainboard,metal,1,0.08780799999999944,1.460000000000008,0.28000000000000114,0.6600000000000001,Schematic internal layout
XBOX360-0113,NANDFlashLead-1_12,XBOX360-0113 · Separate formed flash lead study012,Mainboard,metal,1,0.08780799999999944,1.460000000000008,0.28000000000000114,0.6600000000000001,Schematic internal layout
XBOX360-0114,NANDFlashLead-1_13,XBOX360-0114 · Separate formed flash lead study013,Mainboard,metal,1,0.08780799999999944,1.460000000000008,0.28000000000000114,0.6600000000000001,Schematic internal layout
XBOX360-0115,NANDFlashLead-1_14,XBOX360-0115 · Separate formed flash lead study014,Mainboard,metal,1,0.08780799999999944,1.460000000000008,0.28000000000000114,0.6600000000000001,Schematic internal layout
XBOX360-0116,NANDFlashLead-1_15,XBOX360-0116 · Separate formed flash lead study015,Mainboard,metal,1,0.08780799999999943,1.460000000000008,0.28000000000000114,0.6600000000000001,Schematic internal layout
XBOX360-0117,NANDFlashLead-1_16,XBOX360-0117 · Separate formed flash lead study016,Mainboard,metal,1,0.08780799999999944,1.460000000000008,0.28000000000000114,0.6600000000000001,Schematic internal layout
XBOX360-0118,NANDFlashLead-1_17,XBOX360-0118 · Separate formed flash lead study017,Mainboard,metal,1,0.08780799999999943,1.460000000000008,0.28000000000000114,0.6600000000000001,Schematic internal layout
XBOX360-0119,NANDFlashLead-1_18,XBOX360-0119 · Separate formed flash lead study018,Mainboard,metal,1,0.08780799999999944,1.460000000000008,0.28000000000000114,0.6600000000000001,Schematic internal layout
XBOX360-0120,NANDFlashLead-1_19,XBOX360-0120 · Separate formed flash lead study019,Mainboard,metal,1,0.08780799999999944,1.460000000000008,0.28000000000000114,0.6600000000000001,Schematic internal layout
XBOX360-0121,NANDFlashLead-1_20,XBOX360-0121 · Separate formed flash lead study020,Mainboard,metal,1,0.08780799999999943,1.460000000000008,0.28000000000000114,0.6600000000000001,Schematic internal layout
XBOX360-0122,NANDFlashLead-1_21,XBOX360-0122 · Separate formed flash lead study021,Mainboard,metal,1,0.08780799999999944,1.460000000000008,0.28000000000000114,0.6600000000000001,Schematic internal layout
XBOX360-0123,NANDFlashLead-1_22,XBOX360-0123 · Separate formed flash lead study022,Mainboard,metal,1,0.08780799999999943,1.460000000000008,0.28000000000000114,0.6600000000000001,Schematic internal layout
XBOX360-0124,NANDFlashLead-1_23,XBOX360-0124 · Separate formed flash lead study023,Mainboard,metal,1,0.08780799999999943,1.460000000000008,0.28000000000000114,0.6600000000000001,Schematic internal layout
XBOX360-0125,NANDFlashLead1_0,XBOX360-0125 · Separate formed flash lead study024,Mainboard,metal,1,0.08780799999999946,1.460000000000008,0.28000000000000114,0.6600000000000001,Schematic internal layout
XBOX360-0126,NANDFlashLead1_1,XBOX360-0126 · Separate formed flash lead study025,Mainboard,metal,1,0.08780799999999944,1.460000000000008,0.28000000000000114,0.6600000000000001,Schematic internal layout
XBOX360-0127,NANDFlashLead1_2,XBOX360-0127 · Separate formed flash lead study026,Mainboard,metal,1,0.08780799999999944,1.460000000000008,0.28000000000000114,0.6600000000000001,Schematic internal layout
XBOX360-0128,NANDFlashLead1_3,XBOX360-0128 · Separate formed flash lead study027,Mainboard,metal,1,0.08780799999999944,1.460000000000008,0.28000000000000114,0.6600000000000001,Schematic internal layout
XBOX360-0129,NANDFlashLead1_4,XBOX360-0129 · Separate formed flash lead study028,Mainboard,metal,1,0.08780799999999944,1.460000000000008,0.28000000000000114,0.6600000000000001,Schematic internal layout
XBOX360-0130,NANDFlashLead1_5,XBOX360-0130 · Separate formed flash lead study029,Mainboard,metal,1,0.08780799999999944,1.460000000000008,0.28000000000000114,0.6600000000000001,Schematic internal layout
XBOX360-0131,NANDFlashLead1_6,XBOX360-0131 · Separate formed flash lead study030,Mainboard,metal,1,0.08780799999999944,1.460000000000008,0.28000000000000114,0.6600000000000001,Schematic internal layout
XBOX360-0132,NANDFlashLead1_7,XBOX360-0132 · Separate formed flash lead study031,Mainboard,metal,1,0.08780799999999944,1.460000000000008,0.28000000000000114,0.6600000000000001,Schematic internal layout
XBOX360-0133,NANDFlashLead1_8,XBOX360-0133 · Separate formed flash lead study032,Mainboard,metal,1,0.08780799999999946,1.460000000000008,0.28000000000000114,0.6600000000000001,Schematic internal layout
XBOX360-0134,NANDFlashLead1_9,XBOX360-0134 · Separate formed flash lead study033,Mainboard,metal,1,0.08780799999999944,1.460000000000008,0.28000000000000114,0.6600000000000001,Schematic internal layout
XBOX360-0135,NANDFlashLead1_10,XBOX360-0135 · Separate formed flash lead study034,Mainboard,metal,1,0.08780799999999944,1.460000000000008,0.28000000000000114,0.6600000000000001,Schematic internal layout
XBOX360-0136,NANDFlashLead1_11,XBOX360-0136 · Separate formed flash lead study035,Mainboard,metal,1,0.08780799999999944,1.460000000000008,0.28000000000000114,0.6600000000000001,Schematic internal layout
XBOX360-0137,NANDFlashLead1_12,XBOX360-0137 · Separate formed flash lead study036,Mainboard,metal,1,0.08780799999999944,1.460000000000008,0.28000000000000114,0.6600000000000001,Schematic internal layout
XBOX360-0138,NANDFlashLead1_13,XBOX360-0138 · Separate formed flash lead study037,Mainboard,metal,1,0.08780799999999944,1.460000000000008,0.28000000000000114,0.6600000000000001,Schematic internal layout
XBOX360-0139,NANDFlashLead1_14,XBOX360-0139 · Separate formed flash lead study038,Mainboard,metal,1,0.08780799999999944,1.460000000000008,0.28000000000000114,0.6600000000000001,Schematic internal layout
XBOX360-0140,NANDFlashLead1_15,XBOX360-0140 · Separate formed flash lead study039,Mainboard,metal,1,0.08780799999999944,1.460000000000008,0.28000000000000114,0.6600000000000001,Schematic internal layout
XBOX360-0141,NANDFlashLead1_16,XBOX360-0141 · Separate formed flash lead study040,Mainboard,metal,1,0.08780799999999944,1.460000000000008,0.28000000000000114,0.6600000000000001,Schematic internal layout
XBOX360-0142,NANDFlashLead1_17,XBOX360-0142 · Separate formed flash lead study041,Mainboard,metal,1,0.08780799999999944,1.460000000000008,0.28000000000000114,0.6600000000000001,Schematic internal layout
XBOX360-0143,NANDFlashLead1_18,XBOX360-0143 · Separate formed flash lead study042,Mainboard,metal,1,0.08780799999999944,1.460000000000008,0.28000000000000114,0.6600000000000001,Schematic internal layout
XBOX360-0144,NANDFlashLead1_19,XBOX360-0144 · Separate formed flash lead study043,Mainboard,metal,1,0.08780799999999944,1.460000000000008,0.28000000000000114,0.6600000000000001,Schematic internal layout
XBOX360-0145,NANDFlashLead1_20,XBOX360-0145 · Separate formed flash lead study044,Mainboard,metal,1,0.08780799999999944,1.460000000000008,0.28000000000000114,0.6600000000000001,Schematic internal layout
XBOX360-0146,NANDFlashLead1_21,XBOX360-0146 · Separate formed flash lead study045,Mainboard,metal,1,0.08780799999999944,1.460000000000008,0.28000000000000114,0.6600000000000001,Schematic internal layout
XBOX360-0147,NANDFlashLead1_22,XBOX360-0147 · Separate formed flash lead study046,Mainboard,metal,1,0.08780799999999946,1.460000000000008,0.28000000000000114,0.6600000000000001,Schematic internal layout
XBOX360-0148,NANDFlashLead1_23,XBOX360-0148 · Separate formed flash lead study047,Mainboard,metal,1,0.08780799999999944,1.460000000000008,0.28000000000000114,0.6600000000000001,Schematic internal layout
XBOX360-0149,ClockCrystal,XBOX360-0149 · Separate oscillator can,Mainboard,metal,1,56.590512960621595,8.0,3.0,2.3999999999999986,Schematic internal layout
XBOX360-0150,ClockFoot,XBOX360-0150 · Oscillator insulating foot,Mainboard,black,1,8.901823001646932,8.5,3.5,0.3000000000000007,Schematic internal layout
XBOX360-0151,CPUMark,XBOX360-0151 · XENON,Mainboard,white,5,0.08778002510845624,8.053640939597322,1.7540941597315474,0.01800020000000302,"Approximate original white Xenon enclosure, not manufacturing dimensions"
XBOX360-0152,GPUMark,XBOX360-0152 · XENOS,Mainboard,white,5,0.08282165695499456,7.889421240939605,1.754094159731551,0.01800020000000302,"Approximate original white Xenon enclosure, not manufacturing dimensions"
XBOX360-0153,ANAMark,XBOX360-0153 · ANA,Mainboard,white,3,0.05115585252775834,4.869060402684568,1.6912751677852356,0.018000000000000682,"Approximate original white Xenon enclosure, not manufacturing dimensions"
XBOX360-0154,NANDMark,XBOX360-0154 · NAND,Mainboard,white,4,0.07405308824278829,6.475847415436235,1.691275367785238,0.01800020000000302,"Approximate original white Xenon enclosure, not manufacturing dimensions"
XBOX360-0155,VRMCore0,XBOX360-0155 · Independent toroidal regulator core,Mainboard,gold,1,215.63891974240346,10.0,10.0,4.0,Schematic internal layout
XBOX360-0156,VRMTurn0_0,XBOX360-0156 · Separate insulated regulator winding loop,Mainboard,copper,1,1.0881238852200925,5.200000199999977,0.3000001999999995,5.200000200000005,Schematic internal layout
XBOX360-0157,VRMTurn0_1,XBOX360-0157 · Separate insulated regulator winding loop001,Mainboard,copper,1,1.0881238852201023,4.827009909305303,2.1751490185889395,5.200000200000005,Schematic internal layout
XBOX360-0158,VRMTurn0_2,XBOX360-0158 · Separate insulated regulator winding loop002,Mainboard,copper,1,1.088123885220103,3.764823427814065,3.764823427814065,5.200000200000005,Schematic internal layout
XBOX360-0159,VRMTurn0_3,XBOX360-0159 · Separate insulated regulator winding loop003,Mainboard,copper,1,1.0881238852201025,2.1751490185889395,4.827009909305303,5.200000200000005,Schematic internal layout
XBOX360-0160,VRMTurn0_4,XBOX360-0160 · Separate insulated regulator winding loop004,Mainboard,copper,1,1.0881238852200914,0.3000001999999995,5.200000199999977,5.200000200000005,Schematic internal layout
XBOX360-0161,VRMTurn0_5,XBOX360-0161 · Separate insulated regulator winding loop005,Mainboard,copper,1,1.0881238852201025,2.1751490185889395,4.827009909305303,5.200000200000005,Schematic internal layout
XBOX360-0162,VRMTurn0_6,XBOX360-0162 · Separate insulated regulator winding loop006,Mainboard,copper,1,1.0881238852201032,3.764823427814065,3.764823427814065,5.200000200000005,Schematic internal layout
XBOX360-0163,VRMTurn0_7,XBOX360-0163 · Separate insulated regulator winding loop007,Mainboard,copper,1,1.0881238852201023,4.827009909305303,2.1751490185889395,5.200000200000005,Schematic internal layout
XBOX360-0164,VRMTurn0_8,XBOX360-0164 · Separate insulated regulator winding loop008,Mainboard,copper,1,1.0881238852200912,5.200000199999977,0.3000001999999995,5.200000200000005,Schematic internal layout
XBOX360-0165,VRMTurn0_9,XBOX360-0165 · Separate insulated regulator winding loop009,Mainboard,copper,1,1.0881238852201023,4.827009909305303,2.1751490185889395,5.200000200000005,Schematic internal layout
XBOX360-0166,VRMTurn0_10,XBOX360-0166 · Separate insulated regulator winding loop010,Mainboard,copper,1,1.0881238852201016,3.764823427814065,3.764823427814065,5.200000200000005,Schematic internal layout
XBOX360-0167,VRMTurn0_11,XBOX360-0167 · Separate insulated regulator winding loop011,Mainboard,copper,1,1.0881238852201016,2.1751490185889395,4.827009909305303,5.200000200000005,Schematic internal layout
XBOX360-0168,VRMTurn0_12,XBOX360-0168 · Separate insulated regulator winding loop012,Mainboard,copper,1,1.0881238852200914,0.3000001999999995,5.200000199999977,5.200000200000005,Schematic internal layout
XBOX360-0169,VRMTurn0_13,XBOX360-0169 · Separate insulated regulator winding loop013,Mainboard,copper,1,1.088123885220103,2.1751490185889395,4.827009909305303,5.200000200000005,Schematic internal layout
XBOX360-0170,VRMTurn0_14,XBOX360-0170 · Separate insulated regulator winding loop014,Mainboard,copper,1,1.0881238852201023,3.764823427814065,3.764823427814065,5.200000200000005,Schematic internal layout
XBOX360-0171,VRMTurn0_15,XBOX360-0171 · Separate insulated regulator winding loop015,Mainboard,copper,1,1.088123885220102,4.827009909305303,2.1751490185889395,5.200000200000005,Schematic internal layout
XBOX360-0172,VRMCore1,XBOX360-0172 · Independent toroidal regulator core001,Mainboard,gold,1,215.63891974240346,10.0,10.0,4.0,Schematic internal layout
XBOX360-0173,VRMTurn1_0,XBOX360-0173 · Separate insulated regulator winding loop016,Mainboard,copper,1,1.0881238852201027,5.200000199999977,0.3000001999999995,5.200000200000005,Schematic internal layout
XBOX360-0174,VRMTurn1_1,XBOX360-0174 · Separate insulated regulator winding loop017,Mainboard,copper,1,1.0881238852201014,4.827009909305303,2.1751490185889395,5.200000200000005,Schematic internal layout
XBOX360-0175,VRMTurn1_2,XBOX360-0175 · Separate insulated regulator winding loop018,Mainboard,copper,1,1.0881238852201023,3.764823427814065,3.764823427814079,5.200000200000005,Schematic internal layout
XBOX360-0176,VRMTurn1_3,XBOX360-0176 · Separate insulated regulator winding loop019,Mainboard,copper,1,1.0881238852201016,2.1751490185889395,4.827009909305303,5.200000200000005,Schematic internal layout
XBOX360-0177,VRMTurn1_4,XBOX360-0177 · Separate insulated regulator winding loop020,Mainboard,copper,1,1.088123885220094,0.3000001999999995,5.200000200000005,5.200000200000005,Schematic internal layout
XBOX360-0178,VRMTurn1_5,XBOX360-0178 · Separate insulated regulator winding loop021,Mainboard,copper,1,1.0881238852201014,2.1751490185889395,4.827009909305303,5.200000200000005,Schematic internal layout
XBOX360-0179,VRMTurn1_6,XBOX360-0179 · Separate insulated regulator winding loop022,Mainboard,copper,1,1.0881238852201032,3.764823427814065,3.7648234278140933,5.200000200000005,Schematic internal layout
XBOX360-0180,VRMTurn1_7,XBOX360-0180 · Separate insulated regulator winding loop023,Mainboard,copper,1,1.0881238852201016,4.827009909305303,2.1751490185889395,5.200000200000005,Schematic internal layout
XBOX360-0181,VRMTurn1_8,XBOX360-0181 · Separate insulated regulator winding loop024,Mainboard,copper,1,1.0881238852201007,5.200000199999977,0.3000001999999995,5.200000200000005,Schematic internal layout
XBOX360-0182,VRMTurn1_9,XBOX360-0182 · Separate insulated regulator winding loop025,Mainboard,copper,1,1.0881238852201018,4.827009909305303,2.1751490185889395,5.200000200000005,Schematic internal layout
XBOX360-0183,VRMTurn1_10,XBOX360-0183 · Separate insulated regulator winding loop026,Mainboard,copper,1,1.088123885220102,3.764823427814065,3.764823427814079,5.200000200000005,Schematic internal layout
XBOX360-0184,VRMTurn1_11,XBOX360-0184 · Separate insulated regulator winding loop027,Mainboard,copper,1,1.0881238852201012,2.1751490185889395,4.827009909305303,5.200000200000005,Schematic internal layout
XBOX360-0185,VRMTurn1_12,XBOX360-0185 · Separate insulated regulator winding loop028,Mainboard,copper,1,1.0881238852200936,0.3000001999999995,5.200000200000005,5.200000200000005,Schematic internal layout
XBOX360-0186,VRMTurn1_13,XBOX360-0186 · Separate insulated regulator winding loop029,Mainboard,copper,1,1.0881238852201016,2.1751490185889395,4.827009909305303,5.200000200000005,Schematic internal layout
XBOX360-0187,VRMTurn1_14,XBOX360-0187 · Separate insulated regulator winding loop030,Mainboard,copper,1,1.0881238852201018,3.764823427814065,3.7648234278140933,5.200000200000005,Schematic internal layout
XBOX360-0188,VRMTurn1_15,XBOX360-0188 · Separate insulated regulator winding loop031,Mainboard,copper,1,1.0881238852201016,4.827009909305303,2.1751490185889395,5.200000200000005,Schematic internal layout
XBOX360-0189,VRMCore2,XBOX360-0189 · Independent toroidal regulator core002,Mainboard,gold,1,215.6389197424035,10.0,10.0,4.0,Schematic internal layout
XBOX360-0190,VRMTurn2_0,XBOX360-0190 · Separate insulated regulator winding loop032,Mainboard,copper,1,1.0881238852201014,5.200000199999977,0.3000001999999995,5.200000200000005,Schematic internal layout
XBOX360-0191,VRMTurn2_1,XBOX360-0191 · Separate insulated regulator winding loop033,Mainboard,copper,1,1.0881238852201023,4.827009909305303,2.1751490185889404,5.200000200000005,Schematic internal layout
XBOX360-0192,VRMTurn2_2,XBOX360-0192 · Separate insulated regulator winding loop034,Mainboard,copper,1,1.0881238852201007,3.764823427814065,3.7648234278140835,5.200000200000005,Schematic internal layout
XBOX360-0193,VRMTurn2_3,XBOX360-0193 · Separate insulated regulator winding loop035,Mainboard,copper,1,1.0881238852201016,2.1751490185889395,4.827009909305305,5.200000200000005,Schematic internal layout
XBOX360-0194,VRMTurn2_4,XBOX360-0194 · Separate insulated regulator winding loop036,Mainboard,copper,1,1.0881238852200932,0.3000001999999995,5.200000199999999,5.200000200000005,Schematic internal layout
XBOX360-0195,VRMTurn2_5,XBOX360-0195 · Separate insulated regulator winding loop037,Mainboard,copper,1,1.0881238852201016,2.1751490185889395,4.827009909305307,5.200000200000005,Schematic internal layout
XBOX360-0196,VRMTurn2_6,XBOX360-0196 · Separate insulated regulator winding loop038,Mainboard,copper,1,1.0881238852201023,3.764823427814065,3.7648234278140835,5.200000200000005,Schematic internal layout
XBOX360-0197,VRMTurn2_7,XBOX360-0197 · Separate insulated regulator winding loop039,Mainboard,copper,1,1.0881238852201023,4.827009909305303,2.1751490185889404,5.200000200000005,Schematic internal layout
XBOX360-0198,VRMTurn2_8,XBOX360-0198 · Separate insulated regulator winding loop040,Mainboard,copper,1,1.0881238852200985,5.200000199999977,0.3000001999999995,5.200000200000005,Schematic internal layout
XBOX360-0199,VRMTurn2_9,XBOX360-0199 · Separate insulated regulator winding loop041,Mainboard,copper,1,1.0881238852201016,4.827009909305303,2.1751490185889395,5.200000200000005,Schematic internal layout
XBOX360-0200,VRMTurn2_10,XBOX360-0200 · Separate insulated regulator winding loop042,Mainboard,copper,1,1.0881238852201007,3.764823427814065,3.7648234278140826,5.200000200000005,Schematic internal layout
XBOX360-0201,VRMTurn2_11,XBOX360-0201 · Separate insulated regulator winding loop043,Mainboard,copper,1,1.0881238852201007,2.1751490185889395,4.827009909305303,5.200000200000005,Schematic internal layout
XBOX360-0202,VRMTurn2_12,XBOX360-0202 · Separate insulated regulator winding loop044,Mainboard,copper,1,1.0881238852200925,0.3000001999999995,5.2000002,5.200000200000005,Schematic internal layout
XBOX360-0203,VRMTurn2_13,XBOX360-0203 · Separate insulated regulator winding loop045,Mainboard,copper,1,1.0881238852201016,2.1751490185889395,4.827009909305309,5.200000200000005,Schematic internal layout
XBOX360-0204,VRMTurn2_14,XBOX360-0204 · Separate insulated regulator winding loop046,Mainboard,copper,1,1.0881238852201023,3.764823427814065,3.7648234278140826,5.200000200000005,Schematic internal layout
XBOX360-0205,VRMTurn2_15,XBOX360-0205 · Separate insulated regulator winding loop047,Mainboard,copper,1,1.0881238852201016,4.827009909305303,2.175149018588943,5.200000200000005,Schematic internal layout
XBOX360-0206,VRMCore3,XBOX360-0206 · Independent toroidal regulator core003,Mainboard,gold,1,215.63891974240352,10.0,10.0,4.0,Schematic internal layout
XBOX360-0207,VRMTurn3_0,XBOX360-0207 · Separate insulated regulator winding loop048,Mainboard,copper,1,1.0881238852201027,5.200000199999977,0.3000001999999995,5.200000200000005,Schematic internal layout
XBOX360-0208,VRMTurn3_1,XBOX360-0208 · Separate insulated regulator winding loop049,Mainboard,copper,1,1.088123885220102,4.827009909305303,2.1751490185889395,5.200000200000005,Schematic internal layout
XBOX360-0209,VRMTurn3_2,XBOX360-0209 · Separate insulated regulator winding loop050,Mainboard,copper,1,1.0881238852201016,3.764823427814065,3.764823427814086,5.200000200000005,Schematic internal layout
XBOX360-0210,VRMTurn3_3,XBOX360-0210 · Separate insulated regulator winding loop051,Mainboard,copper,1,1.0881238852201018,2.1751490185889395,4.8270099093053105,5.200000200000005,Schematic internal layout
XBOX360-0211,VRMTurn3_4,XBOX360-0211 · Separate insulated regulator winding loop052,Mainboard,copper,1,1.0881238852200927,0.3000001999999995,5.200000200000005,5.200000200000005,Schematic internal layout
XBOX360-0212,VRMTurn3_5,XBOX360-0212 · Separate insulated regulator winding loop053,Mainboard,copper,1,1.088123885220102,2.1751490185889395,4.8270099093053105,5.200000200000005,Schematic internal layout
XBOX360-0213,VRMTurn3_6,XBOX360-0213 · Separate insulated regulator winding loop054,Mainboard,copper,1,1.0881238852201023,3.764823427814065,3.764823427814086,5.200000200000005,Schematic internal layout
XBOX360-0214,VRMTurn3_7,XBOX360-0214 · Separate insulated regulator winding loop055,Mainboard,copper,1,1.0881238852201018,4.827009909305303,2.1751490185889466,5.200000200000005,Schematic internal layout
XBOX360-0215,VRMTurn3_8,XBOX360-0215 · Separate insulated regulator winding loop056,Mainboard,copper,1,1.0881238852201003,5.200000199999977,0.3000001999999995,5.200000200000005,Schematic internal layout
XBOX360-0216,VRMTurn3_9,XBOX360-0216 · Separate insulated regulator winding loop057,Mainboard,copper,1,1.0881238852201016,4.827009909305303,2.1751490185889395,5.200000200000005,Schematic internal layout
XBOX360-0217,VRMTurn3_10,XBOX360-0217 · Separate insulated regulator winding loop058,Mainboard,copper,1,1.0881238852201,3.764823427814065,3.764823427814086,5.200000200000005,Schematic internal layout
XBOX360-0218,VRMTurn3_11,XBOX360-0218 · Separate insulated regulator winding loop059,Mainboard,copper,1,1.088123885220101,2.1751490185889395,4.827009909305303,5.200000200000005,Schematic internal layout
XBOX360-0219,VRMTurn3_12,XBOX360-0219 · Separate insulated regulator winding loop060,Mainboard,copper,1,1.0881238852200934,0.3000001999999995,5.200000200000005,5.200000200000005,Schematic internal layout
XBOX360-0220,VRMTurn3_13,XBOX360-0220 · Separate insulated regulator winding loop061,Mainboard,copper,1,1.0881238852201018,2.1751490185889395,4.8270099093053105,5.200000200000005,Schematic internal layout
XBOX360-0221,VRMTurn3_14,XBOX360-0221 · Separate insulated regulator winding loop062,Mainboard,copper,1,1.0881238852201023,3.764823427814065,3.764823427814086,5.200000200000005,Schematic internal layout
XBOX360-0222,VRMTurn3_15,XBOX360-0222 · Separate insulated regulator winding loop063,Mainboard,copper,1,1.0881238852201023,4.827009909305303,2.1751490185889466,5.200000200000005,Schematic internal layout
XBOX360-0223,VRMCore4,XBOX360-0223 · Independent toroidal regulator core004,Mainboard,gold,1,215.6389197424035,10.0,10.0,4.0,Schematic internal layout
XBOX360-0224,VRMTurn4_0,XBOX360-0224 · Separate insulated regulator winding loop064,Mainboard,copper,1,1.0881238852201027,5.200000199999977,0.3000001999999995,5.200000200000005,Schematic internal layout
XBOX360-0225,VRMTurn4_1,XBOX360-0225 · Separate insulated regulator winding loop065,Mainboard,copper,1,1.0881238852201023,4.827009909305303,2.1751490185889395,5.200000200000005,Schematic internal layout
XBOX360-0226,VRMTurn4_2,XBOX360-0226 · Separate insulated regulator winding loop066,Mainboard,copper,1,1.0881238852201023,3.764823427814065,3.764823427814079,5.200000200000005,Schematic internal layout
XBOX360-0227,VRMTurn4_3,XBOX360-0227 · Separate insulated regulator winding loop067,Mainboard,copper,1,1.0881238852201012,2.1751490185889395,4.827009909305296,5.200000200000005,Schematic internal layout
XBOX360-0228,VRMTurn4_4,XBOX360-0228 · Separate insulated regulator winding loop068,Mainboard,copper,1,1.0881238852200943,0.3000001999999995,5.200000199999998,5.200000200000005,Schematic internal layout
XBOX360-0229,VRMTurn4_5,XBOX360-0229 · Separate insulated regulator winding loop069,Mainboard,copper,1,1.0881238852201018,2.1751490185889395,4.827009909305296,5.200000200000005,Schematic internal layout
XBOX360-0230,VRMTurn4_6,XBOX360-0230 · Separate insulated regulator winding loop070,Mainboard,copper,1,1.0881238852201032,3.764823427814065,3.7648234278140933,5.200000200000005,Schematic internal layout
XBOX360-0231,VRMTurn4_7,XBOX360-0231 · Separate insulated regulator winding loop071,Mainboard,copper,1,1.0881238852201027,4.827009909305303,2.1751490185889395,5.200000200000005,Schematic internal layout
XBOX360-0232,VRMTurn4_8,XBOX360-0232 · Separate insulated regulator winding loop072,Mainboard,copper,1,1.0881238852201012,5.200000199999977,0.3000001999999995,5.200000200000005,Schematic internal layout
XBOX360-0233,VRMTurn4_9,XBOX360-0233 · Separate insulated regulator winding loop073,Mainboard,copper,1,1.088123885220102,4.827009909305303,2.1751490185889395,5.200000200000005,Schematic internal layout
XBOX360-0234,VRMTurn4_10,XBOX360-0234 · Separate insulated regulator winding loop074,Mainboard,copper,1,1.088123885220102,3.764823427814065,3.764823427814079,5.200000200000005,Schematic internal layout
XBOX360-0235,VRMTurn4_11,XBOX360-0235 · Separate insulated regulator winding loop075,Mainboard,copper,1,1.0881238852201012,2.1751490185889395,4.827009909305303,5.200000200000005,Schematic internal layout
XBOX360-0236,VRMTurn4_12,XBOX360-0236 · Separate insulated regulator winding loop076,Mainboard,copper,1,1.0881238852200936,0.3000001999999995,5.200000200000005,5.200000200000005,Schematic internal layout
XBOX360-0237,VRMTurn4_13,XBOX360-0237 · Separate insulated regulator winding loop077,Mainboard,copper,1,1.0881238852201007,2.1751490185889395,4.827009909305303,5.200000200000005,Schematic internal layout
XBOX360-0238,VRMTurn4_14,XBOX360-0238 · Separate insulated regulator winding loop078,Mainboard,copper,1,1.0881238852201018,3.764823427814065,3.7648234278140933,5.200000200000005,Schematic internal layout
XBOX360-0239,VRMTurn4_15,XBOX360-0239 · Separate insulated regulator winding loop079,Mainboard,copper,1,1.0881238852201023,4.827009909305303,2.1751490185889395,5.200000200000005,Schematic internal layout
XBOX360-0240,VRMCore5,XBOX360-0240 · Independent toroidal regulator core005,Mainboard,gold,1,215.6389197424034,10.0,10.0,4.0,Schematic internal layout
XBOX360-0241,VRMTurn5_0,XBOX360-0241 · Separate insulated regulator winding loop080,Mainboard,copper,1,1.088123885220104,5.200000200000005,0.3000001999999995,5.200000200000005,Schematic internal layout
XBOX360-0242,VRMTurn5_1,XBOX360-0242 · Separate insulated regulator winding loop081,Mainboard,copper,1,1.0881238852201,4.827009909305303,2.1751490185889395,5.200000200000005,Schematic internal layout
XBOX360-0243,VRMTurn5_2,XBOX360-0243 · Separate insulated regulator winding loop082,Mainboard,copper,1,1.0881238852201023,3.7648234278140933,3.764823427814079,5.200000200000005,Schematic internal layout
XBOX360-0244,VRMTurn5_3,XBOX360-0244 · Separate insulated regulator winding loop083,Mainboard,copper,1,1.0881238852201014,2.1751490185889395,4.827009909305296,5.200000200000005,Schematic internal layout
XBOX360-0245,VRMTurn5_4,XBOX360-0245 · Separate insulated regulator winding loop084,Mainboard,copper,1,1.0881238852201045,0.3000001999999995,5.200000199999998,5.200000200000005,Schematic internal layout
XBOX360-0246,VRMTurn5_5,XBOX360-0246 · Separate insulated regulator winding loop085,Mainboard,copper,1,1.0881238852201012,2.1751490185889395,4.827009909305296,5.200000200000005,Schematic internal layout
XBOX360-0247,VRMTurn5_6,XBOX360-0247 · Separate insulated regulator winding loop086,Mainboard,copper,1,1.0881238852201023,3.764823427814079,3.7648234278140933,5.200000200000005,Schematic internal layout
XBOX360-0248,VRMTurn5_7,XBOX360-0248 · Separate insulated regulator winding loop087,Mainboard,copper,1,1.0881238852201007,4.827009909305303,2.1751490185889395,5.200000200000005,Schematic internal layout
XBOX360-0249,VRMTurn5_8,XBOX360-0249 · Separate insulated regulator winding loop088,Mainboard,copper,1,1.0881238852201036,5.200000200000005,0.3000001999999995,5.200000200000005,Schematic internal layout
XBOX360-0250,VRMTurn5_9,XBOX360-0250 · Separate insulated regulator winding loop089,Mainboard,copper,1,1.0881238852201005,4.827009909305303,2.1751490185889395,5.200000200000005,Schematic internal layout
XBOX360-0251,VRMTurn5_10,XBOX360-0251 · Separate insulated regulator winding loop090,Mainboard,copper,1,1.0881238852201012,3.7648234278140933,3.764823427814079,5.200000200000005,Schematic internal layout
XBOX360-0252,VRMTurn5_11,XBOX360-0252 · Separate insulated regulator winding loop091,Mainboard,copper,1,1.0881238852201012,2.1751490185889395,4.827009909305303,5.200000200000005,Schematic internal layout
XBOX360-0253,VRMTurn5_12,XBOX360-0253 · Separate insulated regulator winding loop092,Mainboard,copper,1,1.0881238852201038,0.3000001999999995,5.200000200000005,5.200000200000005,Schematic internal layout
XBOX360-0254,VRMTurn5_13,XBOX360-0254 · Separate insulated regulator winding loop093,Mainboard,copper,1,1.0881238852201016,2.1751490185889395,4.827009909305303,5.200000200000005,Schematic internal layout
XBOX360-0255,VRMTurn5_14,XBOX360-0255 · Separate insulated regulator winding loop094,Mainboard,copper,1,1.0881238852201014,3.764823427814079,3.7648234278140933,5.200000200000005,Schematic internal layout
XBOX360-0256,VRMTurn5_15,XBOX360-0256 · Separate insulated regulator winding loop095,Mainboard,copper,1,1.0881238852201012,4.827009909305303,2.1751490185889395,5.200000200000005,Schematic internal layout
XBOX360-0257,VRMCap0,XBOX360-0257 · Separate bulk capacitor envelope,Mainboard,battery,1,739.342415095822,8.199999999999989,8.199999999999989,14.0,Schematic internal layout
XBOX360-0258,VRMCapTop0,XBOX360-0258 · Independent capacitor vent face,Mainboard,metal,1,5.443751750140353,7.6000000000000085,7.599999999999994,0.11999999999999744,Schematic internal layout
XBOX360-0259,VRMCapLead0_0,XBOX360-0259 · Separate capacitor board termination,Mainboard,metal,1,0.14137166941154072,0.5999999999999943,0.5999999999999943,0.5,Schematic internal layout
XBOX360-0260,VRMCapLead0_1,XBOX360-0260 · Separate capacitor board termination001,Mainboard,metal,1,0.14137166941154072,0.5999999999999943,0.5999999999999943,0.5,Schematic internal layout
XBOX360-0261,VRMCap1,XBOX360-0261 · Separate bulk capacitor envelope001,Mainboard,battery,1,739.3424150958217,8.200000000000017,8.200000000000003,14.0,Schematic internal layout
XBOX360-0262,VRMCapTop1,XBOX360-0262 · Independent capacitor vent face001,Mainboard,metal,1,5.443751750140353,7.6000000000000085,7.599999999999994,0.11999999999999744,Schematic internal layout
XBOX360-0263,VRMCapLead1_0,XBOX360-0263 · Separate capacitor board termination002,Mainboard,metal,1,0.14137166941154067,0.5999999999999943,0.5999999999999943,0.5,Schematic internal layout
XBOX360-0264,VRMCapLead1_1,XBOX360-0264 · Separate capacitor board termination003,Mainboard,metal,1,0.14137166941154067,0.5999999999999943,0.5999999999999943,0.5,Schematic internal layout
XBOX360-0265,VRMCap2,XBOX360-0265 · Separate bulk capacitor envelope002,Mainboard,battery,1,739.3424150958217,8.200000000000017,8.200000000000003,14.0,Schematic internal layout
XBOX360-0266,VRMCapTop2,XBOX360-0266 · Independent capacitor vent face002,Mainboard,metal,1,5.443751750140353,7.6000000000000085,7.599999999999994,0.11999999999999744,Schematic internal layout
XBOX360-0267,VRMCapLead2_0,XBOX360-0267 · Separate capacitor board termination004,Mainboard,metal,1,0.14137166941154067,0.5999999999999943,0.5999999999999943,0.5,Schematic internal layout
XBOX360-0268,VRMCapLead2_1,XBOX360-0268 · Separate capacitor board termination005,Mainboard,metal,1,0.14137166941154067,0.5999999999999943,0.5999999999999943,0.5,Schematic internal layout
XBOX360-0269,VRMCap3,XBOX360-0269 · Separate bulk capacitor envelope003,Mainboard,battery,1,739.3424150958218,8.199999999999989,8.200000000000001,14.0,Schematic internal layout
XBOX360-0270,VRMCapTop3,XBOX360-0270 · Independent capacitor vent face003,Mainboard,metal,1,5.443751750140353,7.6000000000000085,7.600000000000001,0.11999999999999744,Schematic internal layout
XBOX360-0271,VRMCapLead3_0,XBOX360-0271 · Separate capacitor board termination006,Mainboard,metal,1,0.1413716694115404,0.5999999999999943,0.6000000000000014,0.5,Schematic internal layout
XBOX360-0272,VRMCapLead3_1,XBOX360-0272 · Separate capacitor board termination007,Mainboard,metal,1,0.1413716694115404,0.5999999999999943,0.6000000000000014,0.5,Schematic internal layout
XBOX360-0273,VRMCap4,XBOX360-0273 · Separate bulk capacitor envelope004,Mainboard,battery,1,739.3424150958218,8.199999999999989,8.2,14.0,Schematic internal layout
XBOX360-0274,VRMCapTop4,XBOX360-0274 · Independent capacitor vent face004,Mainboard,metal,1,5.443751750140353,7.6000000000000085,7.6000000000000005,0.11999999999999744,Schematic internal layout
XBOX360-0275,VRMCapLead4_0,XBOX360-0275 · Separate capacitor board termination008,Mainboard,metal,1,0.14137166941154045,0.5999999999999943,0.6000000000000005,0.5,Schematic internal layout
XBOX360-0276,VRMCapLead4_1,XBOX360-0276 · Separate capacitor board termination009,Mainboard,metal,1,0.14137166941154045,0.5999999999999943,0.6000000000000005,0.5,Schematic internal layout
XBOX360-0277,VRMCap5,XBOX360-0277 · Separate bulk capacitor envelope005,Mainboard,battery,1,739.3424150958217,8.199999999999989,8.200000000000003,14.0,Schematic internal layout
XBOX360-0278,VRMCapTop5,XBOX360-0278 · Independent capacitor vent face005,Mainboard,metal,1,5.443751750140353,7.6000000000000085,7.599999999999998,0.11999999999999744,Schematic internal layout
XBOX360-0279,VRMCapLead5_0,XBOX360-0279 · Separate capacitor board termination010,Mainboard,metal,1,0.14137166941154036,0.5999999999999943,0.6000000000000014,0.5,Schematic internal layout
XBOX360-0280,VRMCapLead5_1,XBOX360-0280 · Separate capacitor board termination011,Mainboard,metal,1,0.14137166941154036,0.5999999999999943,0.6000000000000014,0.5,Schematic internal layout
XBOX360-0281,VRMCap6,XBOX360-0281 · Separate bulk capacitor envelope006,Mainboard,battery,1,739.3424150958217,8.199999999999989,8.200000000000003,14.0,Schematic internal layout
XBOX360-0282,VRMCapTop6,XBOX360-0282 · Independent capacitor vent face006,Mainboard,metal,1,5.443751750140353,7.6000000000000085,7.599999999999994,0.11999999999999744,Schematic internal layout
XBOX360-0283,VRMCapLead6_0,XBOX360-0283 · Separate capacitor board termination012,Mainboard,metal,1,0.14137166941154067,0.5999999999999943,0.5999999999999943,0.5,Schematic internal layout
XBOX360-0284,VRMCapLead6_1,XBOX360-0284 · Separate capacitor board termination013,Mainboard,metal,1,0.14137166941154067,0.5999999999999943,0.5999999999999943,0.5,Schematic internal layout
XBOX360-0285,VRMCap7,XBOX360-0285 · Separate bulk capacitor envelope007,Mainboard,battery,1,739.342415095822,8.200000000000017,8.199999999999989,14.0,Schematic internal layout
XBOX360-0286,VRMCapTop7,XBOX360-0286 · Independent capacitor vent face007,Mainboard,metal,1,5.443751750140353,7.6000000000000085,7.599999999999994,0.11999999999999744,Schematic internal layout
XBOX360-0287,VRMCapLead7_0,XBOX360-0287 · Separate capacitor board termination014,Mainboard,metal,1,0.14137166941154072,0.5999999999999943,0.5999999999999943,0.5,Schematic internal layout
XBOX360-0288,VRMCapLead7_1,XBOX360-0288 · Separate capacitor board termination015,Mainboard,metal,1,0.14137166941154072,0.5999999999999943,0.5999999999999943,0.5,Schematic internal layout
XBOX360-0289,VRMCap8,XBOX360-0289 · Separate bulk capacitor envelope008,Mainboard,battery,1,739.342415095822,8.199999999999989,8.199999999999989,14.0,Schematic internal layout
XBOX360-0290,VRMCapTop8,XBOX360-0290 · Independent capacitor vent face008,Mainboard,metal,1,5.443751750140353,7.6000000000000085,7.599999999999994,0.11999999999999744,Schematic internal layout
XBOX360-0291,VRMCapLead8_0,XBOX360-0291 · Separate capacitor board termination016,Mainboard,metal,1,0.14137166941154072,0.5999999999999943,0.5999999999999943,0.5,Schematic internal layout
XBOX360-0292,VRMCapLead8_1,XBOX360-0292 · Separate capacitor board termination017,Mainboard,metal,1,0.14137166941154072,0.5999999999999943,0.5999999999999943,0.5,Schematic internal layout
XBOX360-0293,VRMCap9,XBOX360-0293 · Separate bulk capacitor envelope009,Mainboard,battery,1,739.3424150958219,8.199999999999989,8.199999999999989,14.0,Schematic internal layout
XBOX360-0294,VRMCapTop9,XBOX360-0294 · Independent capacitor vent face009,Mainboard,metal,1,5.443751750140353,7.599999999999994,7.599999999999994,0.11999999999999744,Schematic internal layout
XBOX360-0295,VRMCapLead9_0,XBOX360-0295 · Separate capacitor board termination018,Mainboard,metal,1,0.14137166941154072,0.5999999999999943,0.5999999999999943,0.5,Schematic internal layout
XBOX360-0296,VRMCapLead9_1,XBOX360-0296 · Separate capacitor board termination019,Mainboard,metal,1,0.14137166941154072,0.5999999999999943,0.5999999999999943,0.5,Schematic internal layout
XBOX360-0297,VRMCap10,XBOX360-0297 · Separate bulk capacitor envelope010,Mainboard,battery,1,739.3424150958217,8.199999999999989,8.199999999999996,14.0,Schematic internal layout
XBOX360-0298,VRMCapTop10,XBOX360-0298 · Independent capacitor vent face010,Mainboard,metal,1,5.443751750140353,7.599999999999994,7.599999999999994,0.11999999999999744,Schematic internal layout
XBOX360-0299,VRMCapLead10_0,XBOX360-0299 · Separate capacitor board termination020,Mainboard,metal,1,0.14137166941154072,0.5999999999999943,0.5999999999999943,0.5,Schematic internal layout
XBOX360-0300,VRMCapLead10_1,XBOX360-0300 · Separate capacitor board termination021,Mainboard,metal,1,0.14137166941154072,0.5999999999999943,0.5999999999999943,0.5,Schematic internal layout
XBOX360-0301,VRMCap11,XBOX360-0301 · Separate bulk capacitor envelope011,Mainboard,battery,1,739.3424150958217,8.199999999999989,8.200000000000003,14.0,Schematic internal layout
XBOX360-0302,VRMCapTop11,XBOX360-0302 · Independent capacitor vent face011,Mainboard,metal,1,5.443751750140353,7.599999999999994,7.599999999999998,0.11999999999999744,Schematic internal layout
XBOX360-0303,VRMCapLead11_0,XBOX360-0303 · Separate capacitor board termination022,Mainboard,metal,1,0.14137166941154053,0.5999999999999943,0.5999999999999979,0.5,Schematic internal layout
XBOX360-0304,VRMCapLead11_1,XBOX360-0304 · Separate capacitor board termination023,Mainboard,metal,1,0.14137166941154053,0.5999999999999943,0.5999999999999979,0.5,Schematic internal layout
XBOX360-0305,VRMCap12,XBOX360-0305 · Separate bulk capacitor envelope012,Mainboard,battery,1,739.3424150958217,8.199999999999989,8.2,14.0,Schematic internal layout
XBOX360-0306,VRMCapTop12,XBOX360-0306 · Independent capacitor vent face012,Mainboard,metal,1,5.443751750140353,7.599999999999994,7.6,0.11999999999999744,Schematic internal layout
XBOX360-0307,VRMCapLead12_0,XBOX360-0307 · Separate capacitor board termination024,Mainboard,metal,1,0.14137166941154045,0.5999999999999943,0.5999999999999999,0.5,Schematic internal layout
XBOX360-0308,VRMCapLead12_1,XBOX360-0308 · Separate capacitor board termination025,Mainboard,metal,1,0.14137166941154045,0.5999999999999943,0.5999999999999999,0.5,Schematic internal layout
XBOX360-0309,VRMCap13,XBOX360-0309 · Separate bulk capacitor envelope013,Mainboard,battery,1,739.3424150958216,8.199999999999989,8.200000000000003,14.0,Schematic internal layout
XBOX360-0310,VRMCapTop13,XBOX360-0310 · Independent capacitor vent face013,Mainboard,metal,1,5.443751750140353,7.599999999999994,7.599999999999994,0.11999999999999744,Schematic internal layout
XBOX360-0311,VRMCapLead13_0,XBOX360-0311 · Separate capacitor board termination026,Mainboard,metal,1,0.14137166941154067,0.5999999999999943,0.5999999999999943,0.5,Schematic internal layout
XBOX360-0312,VRMCapLead13_1,XBOX360-0312 · Separate capacitor board termination027,Mainboard,metal,1,0.14137166941154067,0.5999999999999943,0.5999999999999943,0.5,Schematic internal layout
XBOX360-0313,VRMCap14,XBOX360-0313 · Separate bulk capacitor envelope014,Mainboard,battery,1,739.3424150958219,8.199999999999989,8.199999999999989,14.0,Schematic internal layout
XBOX360-0314,VRMCapTop14,XBOX360-0314 · Independent capacitor vent face014,Mainboard,metal,1,5.443751750140353,7.599999999999994,7.599999999999994,0.11999999999999744,Schematic internal layout
XBOX360-0315,VRMCapLead14_0,XBOX360-0315 · Separate capacitor board termination028,Mainboard,metal,1,0.14137166941154072,0.5999999999999943,0.5999999999999943,0.5,Schematic internal layout
XBOX360-0316,VRMCapLead14_1,XBOX360-0316 · Separate capacitor board termination029,Mainboard,metal,1,0.14137166941154072,0.5999999999999943,0.5999999999999943,0.5,Schematic internal layout
XBOX360-0317,VRMCap15,XBOX360-0317 · Separate bulk capacitor envelope015,Mainboard,battery,1,739.3424150958219,8.199999999999989,8.199999999999989,14.0,Schematic internal layout
XBOX360-0318,VRMCapTop15,XBOX360-0318 · Independent capacitor vent face015,Mainboard,metal,1,5.443751750140353,7.599999999999994,7.599999999999994,0.11999999999999744,Schematic internal layout
XBOX360-0319,VRMCapLead15_0,XBOX360-0319 · Separate capacitor board termination030,Mainboard,metal,1,0.1413716694115407,0.5999999999999943,0.5999999999999943,0.5,Schematic internal layout
XBOX360-0320,VRMCapLead15_1,XBOX360-0320 · Separate capacitor board termination031,Mainboard,metal,1,0.1413716694115407,0.5999999999999943,0.5999999999999943,0.5,Schematic internal layout
XBOX360-0321,VRMCap16,XBOX360-0321 · Separate bulk capacitor envelope016,Mainboard,battery,1,739.3424150958219,8.199999999999996,8.199999999999989,14.0,Schematic internal layout
XBOX360-0322,VRMCapTop16,XBOX360-0322 · Independent capacitor vent face016,Mainboard,metal,1,5.443751750140353,7.599999999999994,7.599999999999994,0.11999999999999744,Schematic internal layout
XBOX360-0323,VRMCapLead16_0,XBOX360-0323 · Separate capacitor board termination032,Mainboard,metal,1,0.1413716694115407,0.5999999999999943,0.5999999999999943,0.5,Schematic internal layout
XBOX360-0324,VRMCapLead16_1,XBOX360-0324 · Separate capacitor board termination033,Mainboard,metal,1,0.1413716694115407,0.5999999999999943,0.5999999999999943,0.5,Schematic internal layout
XBOX360-0325,VRMCap17,XBOX360-0325 · Separate bulk capacitor envelope017,Mainboard,battery,1,739.3424150958219,8.200000000000003,8.199999999999989,14.0,Schematic internal layout
XBOX360-0326,VRMCapTop17,XBOX360-0326 · Independent capacitor vent face017,Mainboard,metal,1,5.443751750140353,7.599999999999994,7.599999999999994,0.11999999999999744,Schematic internal layout
XBOX360-0327,VRMCapLead17_0,XBOX360-0327 · Separate capacitor board termination034,Mainboard,metal,1,0.1413716694115409,0.5999999999999943,0.5999999999999943,0.5,Schematic internal layout
XBOX360-0328,VRMCapLead17_1,XBOX360-0328 · Separate capacitor board termination035,Mainboard,metal,1,0.1413716694115409,0.5999999999999943,0.5999999999999943,0.5,Schematic internal layout
XBOX360-0329,VRMCap18,XBOX360-0329 · Separate bulk capacitor envelope018,Mainboard,battery,1,739.3424150958219,8.20000000000001,8.199999999999989,14.0,Schematic internal layout
XBOX360-0330,VRMCapTop18,XBOX360-0330 · Independent capacitor vent face018,Mainboard,metal,1,5.443751750140353,7.599999999999998,7.599999999999994,0.11999999999999744,Schematic internal layout
XBOX360-0331,VRMCapLead18_0,XBOX360-0331 · Separate capacitor board termination036,Mainboard,metal,1,0.1413716694115409,0.6000000000000014,0.5999999999999943,0.5,Schematic internal layout
XBOX360-0332,VRMCapLead18_1,XBOX360-0332 · Separate capacitor board termination037,Mainboard,metal,1,0.1413716694115409,0.6000000000000014,0.5999999999999943,0.5,Schematic internal layout
XBOX360-0333,VRMCap19,XBOX360-0333 · Separate bulk capacitor envelope019,Mainboard,battery,1,739.342415095822,8.200000000000001,8.199999999999989,14.0,Schematic internal layout
XBOX360-0334,VRMCapTop19,XBOX360-0334 · Independent capacitor vent face019,Mainboard,metal,1,5.443751750140353,7.600000000000001,7.599999999999994,0.11999999999999744,Schematic internal layout
XBOX360-0335,VRMCapLead19_0,XBOX360-0335 · Separate capacitor board termination038,Mainboard,metal,1,0.14137166941154097,0.6000000000000014,0.5999999999999943,0.5,Schematic internal layout
XBOX360-0336,VRMCapLead19_1,XBOX360-0336 · Separate capacitor board termination039,Mainboard,metal,1,0.14137166941154095,0.6000000000000014,0.5999999999999943,0.5,Schematic internal layout
XBOX360-0337,VRMCap20,XBOX360-0337 · Separate bulk capacitor envelope020,Mainboard,battery,1,739.3424150958219,8.2,8.199999999999989,14.0,Schematic internal layout
XBOX360-0338,VRMCapTop20,XBOX360-0338 · Independent capacitor vent face020,Mainboard,metal,1,5.443751750140353,7.6000000000000005,7.599999999999994,0.11999999999999744,Schematic internal layout
XBOX360-0339,VRMCapLead20_0,XBOX360-0339 · Separate capacitor board termination040,Mainboard,metal,1,0.14137166941154095,0.5999999999999996,0.5999999999999943,0.5,Schematic internal layout
XBOX360-0340,VRMCapLead20_1,XBOX360-0340 · Separate capacitor board termination041,Mainboard,metal,1,0.14137166941154095,0.5999999999999996,0.5999999999999943,0.5,Schematic internal layout
XBOX360-0341,VRMCap21,XBOX360-0341 · Separate bulk capacitor envelope021,Mainboard,battery,1,739.3424150958216,8.199999999999989,8.200000000000003,14.0,Schematic internal layout
XBOX360-0342,VRMCapTop21,XBOX360-0342 · Independent capacitor vent face021,Mainboard,metal,1,5.443751750140353,7.599999999999994,7.599999999999994,0.11999999999999744,Schematic internal layout
XBOX360-0343,VRMCapLead21_0,XBOX360-0343 · Separate capacitor board termination042,Mainboard,metal,1,0.14137166941154067,0.5999999999999943,0.5999999999999943,0.5,Schematic internal layout
XBOX360-0344,VRMCapLead21_1,XBOX360-0344 · Separate capacitor board termination043,Mainboard,metal,1,0.14137166941154067,0.5999999999999943,0.5999999999999943,0.5,Schematic internal layout
XBOX360-0345,VRMCap22,XBOX360-0345 · Separate bulk capacitor envelope022,Mainboard,battery,1,739.3424150958217,8.199999999999989,8.200000000000001,14.0,Schematic internal layout
XBOX360-0346,VRMCapTop22,XBOX360-0346 · Independent capacitor vent face022,Mainboard,metal,1,5.443751750140353,7.599999999999994,7.600000000000001,0.11999999999999744,Schematic internal layout
XBOX360-0347,VRMCapLead22_0,XBOX360-0347 · Separate capacitor board termination044,Mainboard,metal,1,0.1413716694115404,0.5999999999999943,0.6000000000000014,0.5,Schematic internal layout
XBOX360-0348,VRMCapLead22_1,XBOX360-0348 · Separate capacitor board termination045,Mainboard,metal,1,0.1413716694115404,0.5999999999999943,0.6000000000000014,0.5,Schematic internal layout
XBOX360-0349,VRMPowerDevice0,XBOX360-0349 · Regulator power-device package envelope,Mainboard,black,1,37.47585729338221,5.0,6.0,1.25,Schematic internal layout
XBOX360-0350,VRMPowerPad0,XBOX360-0350 · Separate power-device attachment pad,Mainboard,metal,1,2.4741415926536017,4.5,5.5,0.10000000000000142,Schematic internal layout
XBOX360-0351,VRMPowerDevice1,XBOX360-0351 · Regulator power-device package envelope001,Mainboard,black,1,37.47585729338221,5.0,6.0,1.25,Schematic internal layout
XBOX360-0352,VRMPowerPad1,XBOX360-0352 · Separate power-device attachment pad001,Mainboard,metal,1,2.4741415926536012,4.5,5.5,0.10000000000000142,Schematic internal layout
XBOX360-0353,VRMPowerDevice2,XBOX360-0353 · Regulator power-device package envelope002,Mainboard,black,1,37.47585729338221,5.0,6.0,1.25,Schematic internal layout
XBOX360-0354,VRMPowerPad2,XBOX360-0354 · Separate power-device attachment pad002,Mainboard,metal,1,2.4741415926536017,4.5,5.5,0.10000000000000142,Schematic internal layout
XBOX360-0355,VRMPowerDevice3,XBOX360-0355 · Regulator power-device package envelope003,Mainboard,black,1,37.47585729338221,5.0,6.0,1.25,Schematic internal layout
XBOX360-0356,VRMPowerPad3,XBOX360-0356 · Separate power-device attachment pad003,Mainboard,metal,1,2.4741415926536017,4.5,5.5,0.10000000000000142,Schematic internal layout
XBOX360-0357,VRMPowerDevice4,XBOX360-0357 · Regulator power-device package envelope004,Mainboard,black,1,37.475857293382205,5.0,6.0,1.25,Schematic internal layout
XBOX360-0358,VRMPowerPad4,XBOX360-0358 · Separate power-device attachment pad004,Mainboard,metal,1,2.4741415926536012,4.5,5.5,0.10000000000000142,Schematic internal layout
XBOX360-0359,VRMPowerDevice5,XBOX360-0359 · Regulator power-device package envelope005,Mainboard,black,1,37.475857293382205,5.0,6.0,1.25,Schematic internal layout
XBOX360-0360,VRMPowerPad5,XBOX360-0360 · Separate power-device attachment pad005,Mainboard,metal,1,2.474141592653602,4.5,5.5,0.10000000000000142,Schematic internal layout
XBOX360-0361,PassiveBody0,XBOX360-0361 · Schematic resistor or ceramic body,Mainboard,black,1,1.2052787595947425,2.1999999999999886,1.0,0.5500000000000007,Schematic internal layout
XBOX360-0362,PassiveEnd0_0,XBOX360-0362 · Separate passive termination,Mainboard,metal,1,0.2748538491640422,0.44999999999998863,1.039999999999992,0.5899999999999999,Schematic internal layout
XBOX360-0363,PassiveEnd0_1,XBOX360-0363 · Separate passive termination001,Mainboard,metal,1,0.2748538491640422,0.44999999999998863,1.039999999999992,0.5899999999999999,Schematic internal layout
XBOX360-0364,PassiveBody1,XBOX360-0364 · Schematic resistor or ceramic body001,Mainboard,thermal,1,1.2052787595947452,2.200000000000003,1.0,0.5500000000000007,Schematic internal layout
XBOX360-0365,PassiveEnd1_0,XBOX360-0365 · Separate passive termination002,Mainboard,metal,1,0.27485384916404487,0.45000000000000284,1.039999999999992,0.5899999999999999,Schematic internal layout
XBOX360-0366,PassiveEnd1_1,XBOX360-0366 · Separate passive termination003,Mainboard,metal,1,0.27485384916404487,0.45000000000000284,1.039999999999992,0.5899999999999999,Schematic internal layout
XBOX360-0367,PassiveBody2,XBOX360-0367 · Schematic resistor or ceramic body002,Mainboard,thermal,1,1.2052787595947427,2.1999999999999886,1.0,0.5500000000000007,Schematic internal layout
XBOX360-0368,PassiveEnd2_0,XBOX360-0368 · Separate passive termination004,Mainboard,metal,1,0.2748538491640422,0.44999999999998863,1.039999999999992,0.5899999999999999,Schematic internal layout
XBOX360-0369,PassiveEnd2_1,XBOX360-0369 · Separate passive termination005,Mainboard,metal,1,0.2748538491640422,0.44999999999998863,1.039999999999992,0.5899999999999999,Schematic internal layout
XBOX360-0370,PassiveBody3,XBOX360-0370 · Schematic resistor or ceramic body003,Mainboard,black,1,1.2052787595947427,2.1999999999999886,1.0,0.5500000000000007,Schematic internal layout
XBOX360-0371,PassiveEnd3_0,XBOX360-0371 · Separate passive termination006,Mainboard,metal,1,0.2748538491640422,0.44999999999998863,1.039999999999992,0.5899999999999999,Schematic internal layout
XBOX360-0372,PassiveEnd3_1,XBOX360-0372 · Separate passive termination007,Mainboard,metal,1,0.2748538491640422,0.44999999999998863,1.039999999999992,0.5899999999999999,Schematic internal layout
XBOX360-0373,PassiveBody4,XBOX360-0373 · Schematic resistor or ceramic body004,Mainboard,thermal,1,1.2052787595947425,2.1999999999999886,1.0,0.5500000000000007,Schematic internal layout
XBOX360-0374,PassiveEnd4_0,XBOX360-0374 · Separate passive termination008,Mainboard,metal,1,0.2748538491640422,0.44999999999998863,1.039999999999992,0.5899999999999999,Schematic internal layout
XBOX360-0375,PassiveEnd4_1,XBOX360-0375 · Separate passive termination009,Mainboard,metal,1,0.2748538491640422,0.44999999999998863,1.039999999999992,0.5899999999999999,Schematic internal layout
XBOX360-0376,PassiveBody5,XBOX360-0376 · Schematic resistor or ceramic body005,Mainboard,thermal,1,1.205278759594745,2.200000000000003,1.0,0.5500000000000007,Schematic internal layout
XBOX360-0377,PassiveEnd5_0,XBOX360-0377 · Separate passive termination010,Mainboard,metal,1,0.274853849164045,0.45000000000000284,1.039999999999992,0.5899999999999999,Schematic internal layout
XBOX360-0378,PassiveEnd5_1,XBOX360-0378 · Separate passive termination011,Mainboard,metal,1,0.2748538491640449,0.45000000000000284,1.039999999999992,0.5899999999999999,Schematic internal layout
XBOX360-0379,PassiveBody6,XBOX360-0379 · Schematic resistor or ceramic body006,Mainboard,black,1,1.2052787595947443,2.1999999999999997,1.0,0.5500000000000007,Schematic internal layout
XBOX360-0380,PassiveEnd6_0,XBOX360-0380 · Separate passive termination012,Mainboard,metal,1,0.27485384916404443,0.4500000000000002,1.039999999999992,0.5899999999999999,Schematic internal layout
XBOX360-0381,PassiveEnd6_1,XBOX360-0381 · Separate passive termination013,Mainboard,metal,1,0.27485384916404426,0.4499999999999993,1.039999999999992,0.5899999999999999,Schematic internal layout
XBOX360-0382,PassiveBody7,XBOX360-0382 · Schematic resistor or ceramic body007,Mainboard,thermal,1,1.2052787595947447,2.200000000000003,1.0,0.5500000000000007,Schematic internal layout
XBOX360-0383,PassiveEnd7_0,XBOX360-0383 · Separate passive termination014,Mainboard,metal,1,0.2748538491640449,0.45000000000000284,1.039999999999992,0.5899999999999999,Schematic internal layout
XBOX360-0384,PassiveEnd7_1,XBOX360-0384 · Separate passive termination015,Mainboard,metal,1,0.27485384916404487,0.45000000000000284,1.039999999999992,0.5899999999999999,Schematic internal layout
XBOX360-0385,PassiveBody8,XBOX360-0385 · Schematic resistor or ceramic body008,Mainboard,thermal,1,1.205278759594743,2.1999999999999886,1.0,0.5500000000000007,Schematic internal layout
XBOX360-0386,PassiveEnd8_0,XBOX360-0386 · Separate passive termination016,Mainboard,metal,1,0.2748538491640422,0.44999999999998863,1.039999999999992,0.5899999999999999,Schematic internal layout
XBOX360-0387,PassiveEnd8_1,XBOX360-0387 · Separate passive termination017,Mainboard,metal,1,0.27485384916404226,0.44999999999998863,1.039999999999992,0.5899999999999999,Schematic internal layout
XBOX360-0388,PassiveBody9,XBOX360-0388 · Schematic resistor or ceramic body009,Mainboard,black,1,1.2052787595947427,2.1999999999999886,1.0,0.5500000000000007,Schematic internal layout
XBOX360-0389,PassiveEnd9_0,XBOX360-0389 · Separate passive termination018,Mainboard,metal,1,0.2748538491640422,0.44999999999998863,1.039999999999992,0.5899999999999999,Schematic internal layout
XBOX360-0390,PassiveEnd9_1,XBOX360-0390 · Separate passive termination019,Mainboard,metal,1,0.2748538491640422,0.44999999999998863,1.039999999999992,0.5899999999999999,Schematic internal layout
XBOX360-0391,PassiveBody10,XBOX360-0391 · Schematic resistor or ceramic body010,Mainboard,thermal,1,1.2052787595947447,2.200000000000003,1.0,0.5500000000000007,Schematic internal layout
XBOX360-0392,PassiveEnd10_0,XBOX360-0392 · Separate passive termination020,Mainboard,metal,1,0.2748538491640449,0.45000000000000284,1.039999999999992,0.5899999999999999,Schematic internal layout
XBOX360-0393,PassiveEnd10_1,XBOX360-0393 · Separate passive termination021,Mainboard,metal,1,0.2748538491640449,0.45000000000000284,1.039999999999992,0.5899999999999999,Schematic internal layout
XBOX360-0394,PassiveBody11,XBOX360-0394 · Schematic resistor or ceramic body011,Mainboard,thermal,1,1.2052787595947445,2.1999999999999993,1.0,0.5500000000000007,Schematic internal layout
XBOX360-0395,PassiveEnd11_0,XBOX360-0395 · Separate passive termination022,Mainboard,metal,1,0.27485384916404426,0.45000000000000284,1.039999999999992,0.5899999999999999,Schematic internal layout
XBOX360-0396,PassiveEnd11_1,XBOX360-0396 · Separate passive termination023,Mainboard,metal,1,0.27485384916404426,0.45000000000000284,1.039999999999992,0.5899999999999999,Schematic internal layout
XBOX360-0397,PassiveBody12,XBOX360-0397 · Schematic resistor or ceramic body012,Mainboard,black,1,1.2052787595947452,2.200000000000003,1.0,0.5500000000000007,Schematic internal layout
XBOX360-0398,PassiveEnd12_0,XBOX360-0398 · Separate passive termination024,Mainboard,metal,1,0.27485384916404487,0.45000000000000284,1.039999999999992,0.5899999999999999,Schematic internal layout
XBOX360-0399,PassiveEnd12_1,XBOX360-0399 · Separate passive termination025,Mainboard,metal,1,0.27485384916404487,0.45000000000000284,1.039999999999992,0.5899999999999999,Schematic internal layout
XBOX360-0400,PassiveBody13,XBOX360-0400 · Schematic resistor or ceramic body013,Mainboard,thermal,1,1.2052787595947427,2.1999999999999886,1.0,0.5500000000000007,Schematic internal layout
XBOX360-0401,PassiveEnd13_0,XBOX360-0401 · Separate passive termination026,Mainboard,metal,1,0.27485384916404226,0.44999999999998863,1.039999999999992,0.5899999999999999,Schematic internal layout
XBOX360-0402,PassiveEnd13_1,XBOX360-0402 · Separate passive termination027,Mainboard,metal,1,0.27485384916404226,0.44999999999998863,1.039999999999992,0.5899999999999999,Schematic internal layout
XBOX360-0403,PassiveBody14,XBOX360-0403 · Schematic resistor or ceramic body014,Mainboard,thermal,1,1.2052787595947427,2.1999999999999886,1.0,0.5500000000000007,Schematic internal layout
XBOX360-0404,PassiveEnd14_0,XBOX360-0404 · Separate passive termination028,Mainboard,metal,1,0.2748538491640422,0.44999999999998863,1.039999999999992,0.5899999999999999,Schematic internal layout
XBOX360-0405,PassiveEnd14_1,XBOX360-0405 · Separate passive termination029,Mainboard,metal,1,0.2748538491640422,0.44999999999998863,1.039999999999992,0.5899999999999999,Schematic internal layout
XBOX360-0406,PassiveBody15,XBOX360-0406 · Schematic resistor or ceramic body015,Mainboard,black,1,1.205278759594743,2.1999999999999886,1.0,0.5500000000000007,Schematic internal layout
XBOX360-0407,PassiveEnd15_0,XBOX360-0407 · Separate passive termination030,Mainboard,metal,1,0.2748538491640422,0.44999999999998863,1.039999999999992,0.5899999999999999,Schematic internal layout
XBOX360-0408,PassiveEnd15_1,XBOX360-0408 · Separate passive termination031,Mainboard,metal,1,0.2748538491640422,0.44999999999998863,1.039999999999992,0.5899999999999999,Schematic internal layout
XBOX360-0409,PassiveBody16,XBOX360-0409 · Schematic resistor or ceramic body016,Mainboard,thermal,1,1.205278759594745,2.200000000000003,1.0,0.5500000000000007,Schematic internal layout
XBOX360-0410,PassiveEnd16_0,XBOX360-0410 · Separate passive termination032,Mainboard,metal,1,0.274853849164045,0.45000000000000284,1.039999999999992,0.5899999999999999,Schematic internal layout
XBOX360-0411,PassiveEnd16_1,XBOX360-0411 · Separate passive termination033,Mainboard,metal,1,0.2748538491640449,0.45000000000000284,1.039999999999992,0.5899999999999999,Schematic internal layout
XBOX360-0412,PassiveBody17,XBOX360-0412 · Schematic resistor or ceramic body017,Mainboard,thermal,1,1.205278759594745,2.200000000000003,1.0,0.5500000000000007,Schematic internal layout
XBOX360-0413,PassiveEnd17_0,XBOX360-0413 · Separate passive termination034,Mainboard,metal,1,0.27485384916404487,0.45000000000000284,1.039999999999992,0.5899999999999999,Schematic internal layout
XBOX360-0414,PassiveEnd17_1,XBOX360-0414 · Separate passive termination035,Mainboard,metal,1,0.27485384916404487,0.45000000000000284,1.039999999999992,0.5899999999999999,Schematic internal layout
XBOX360-0415,PassiveBody18,XBOX360-0415 · Schematic resistor or ceramic body018,Mainboard,black,1,1.2052787595947447,2.200000000000003,1.0,0.5500000000000007,Schematic internal layout
XBOX360-0416,PassiveEnd18_0,XBOX360-0416 · Separate passive termination036,Mainboard,metal,1,0.2748538491640449,0.45000000000000284,1.039999999999992,0.5899999999999999,Schematic internal layout
XBOX360-0417,PassiveEnd18_1,XBOX360-0417 · Separate passive termination037,Mainboard,metal,1,0.27485384916404487,0.45000000000000284,1.039999999999992,0.5899999999999999,Schematic internal layout
XBOX360-0418,PassiveBody19,XBOX360-0418 · Schematic resistor or ceramic body019,Mainboard,thermal,1,1.2052787595947427,2.1999999999999886,1.0,0.5500000000000007,Schematic internal layout
XBOX360-0419,PassiveEnd19_0,XBOX360-0419 · Separate passive termination038,Mainboard,metal,1,0.2748538491640422,0.44999999999998863,1.039999999999992,0.5899999999999999,Schematic internal layout
XBOX360-0420,PassiveEnd19_1,XBOX360-0420 · Separate passive termination039,Mainboard,metal,1,0.27485384916404226,0.44999999999998863,1.039999999999992,0.5899999999999999,Schematic internal layout
XBOX360-0421,PassiveBody20,XBOX360-0421 · Schematic resistor or ceramic body020,Mainboard,thermal,1,1.2052787595947427,2.1999999999999886,1.0,0.5500000000000007,Schematic internal layout
XBOX360-0422,PassiveEnd20_0,XBOX360-0422 · Separate passive termination040,Mainboard,metal,1,0.2748538491640422,0.44999999999998863,1.039999999999992,0.5899999999999999,Schematic internal layout
XBOX360-0423,PassiveEnd20_1,XBOX360-0423 · Separate passive termination041,Mainboard,metal,1,0.2748538491640422,0.44999999999998863,1.039999999999992,0.5899999999999999,Schematic internal layout
XBOX360-0424,PassiveBody21,XBOX360-0424 · Schematic resistor or ceramic body021,Mainboard,black,1,1.205278759594743,2.1999999999999886,1.0,0.5500000000000007,Schematic internal layout
XBOX360-0425,PassiveEnd21_0,XBOX360-0425 · Separate passive termination042,Mainboard,metal,1,0.27485384916404226,0.44999999999998863,1.039999999999992,0.5899999999999999,Schematic internal layout
XBOX360-0426,PassiveEnd21_1,XBOX360-0426 · Separate passive termination043,Mainboard,metal,1,0.2748538491640422,0.44999999999998863,1.039999999999992,0.5899999999999999,Schematic internal layout
XBOX360-0427,PassiveBody22,XBOX360-0427 · Schematic resistor or ceramic body022,Mainboard,thermal,1,1.2052787595947443,2.1999999999999997,1.0,0.5500000000000007,Schematic internal layout
XBOX360-0428,PassiveEnd22_0,XBOX360-0428 · Separate passive termination044,Mainboard,metal,1,0.27485384916404426,0.4499999999999993,1.039999999999992,0.5899999999999999,Schematic internal layout
XBOX360-0429,PassiveEnd22_1,XBOX360-0429 · Separate passive termination045,Mainboard,metal,1,0.27485384916404443,0.4500000000000002,1.039999999999992,0.5899999999999999,Schematic internal layout
XBOX360-0430,PassiveBody23,XBOX360-0430 · Schematic resistor or ceramic body023,Mainboard,thermal,1,1.205278759594745,2.200000000000003,1.0,0.5500000000000007,Schematic internal layout
XBOX360-0431,PassiveEnd23_0,XBOX360-0431 · Separate passive termination046,Mainboard,metal,1,0.274853849164045,0.45000000000000284,1.039999999999992,0.5899999999999999,Schematic internal layout
XBOX360-0432,PassiveEnd23_1,XBOX360-0432 · Separate passive termination047,Mainboard,metal,1,0.2748538491640449,0.45000000000000284,1.039999999999992,0.5899999999999999,Schematic internal layout
XBOX360-0433,PassiveBody24,XBOX360-0433 · Schematic resistor or ceramic body024,Mainboard,black,1,1.205278759594743,2.1999999999999886,1.0,0.5500000000000007,Schematic internal layout
XBOX360-0434,PassiveEnd24_0,XBOX360-0434 · Separate passive termination048,Mainboard,metal,1,0.27485384916404226,0.44999999999998863,1.039999999999992,0.5899999999999999,Schematic internal layout
XBOX360-0435,PassiveEnd24_1,XBOX360-0435 · Separate passive termination049,Mainboard,metal,1,0.2748538491640422,0.44999999999998863,1.039999999999992,0.5899999999999999,Schematic internal layout
XBOX360-0436,PassiveBody25,XBOX360-0436 · Schematic resistor or ceramic body025,Mainboard,thermal,1,1.2052787595947427,2.1999999999999886,1.0,0.5500000000000007,Schematic internal layout
XBOX360-0437,PassiveEnd25_0,XBOX360-0437 · Separate passive termination050,Mainboard,metal,1,0.2748538491640432,0.44999999999998863,1.0400000000000063,0.5899999999999999,Schematic internal layout
XBOX360-0438,PassiveEnd25_1,XBOX360-0438 · Separate passive termination051,Mainboard,metal,1,0.2748538491640432,0.44999999999998863,1.0400000000000063,0.5899999999999999,Schematic internal layout
XBOX360-0439,PassiveBody26,XBOX360-0439 · Schematic resistor or ceramic body026,Mainboard,thermal,1,1.205278759594743,2.1999999999999886,1.0,0.5500000000000007,Schematic internal layout
XBOX360-0440,PassiveEnd26_0,XBOX360-0440 · Separate passive termination052,Mainboard,metal,1,0.27485384916404326,0.44999999999998863,1.0400000000000063,0.5899999999999999,Schematic internal layout
XBOX360-0441,PassiveEnd26_1,XBOX360-0441 · Separate passive termination053,Mainboard,metal,1,0.2748538491640432,0.44999999999998863,1.0400000000000063,0.5899999999999999,Schematic internal layout
XBOX360-0442,PassiveBody27,XBOX360-0442 · Schematic resistor or ceramic body027,Mainboard,black,1,1.2052787595947452,2.200000000000003,1.0,0.5500000000000007,Schematic internal layout
XBOX360-0443,PassiveEnd27_0,XBOX360-0443 · Separate passive termination054,Mainboard,metal,1,0.2748538491640458,0.45000000000000284,1.0400000000000063,0.5899999999999999,Schematic internal layout
XBOX360-0444,PassiveEnd27_1,XBOX360-0444 · Separate passive termination055,Mainboard,metal,1,0.27485384916404587,0.45000000000000284,1.0400000000000063,0.5899999999999999,Schematic internal layout
XBOX360-0445,PassiveBody28,XBOX360-0445 · Schematic resistor or ceramic body028,Mainboard,thermal,1,1.2052787595947447,2.1999999999999993,1.0,0.5500000000000007,Schematic internal layout
XBOX360-0446,PassiveEnd28_0,XBOX360-0446 · Separate passive termination056,Mainboard,metal,1,0.27485384916404515,0.45000000000000284,1.0400000000000063,0.5899999999999999,Schematic internal layout
XBOX360-0447,PassiveEnd28_1,XBOX360-0447 · Separate passive termination057,Mainboard,metal,1,0.2748538491640452,0.45000000000000284,1.0400000000000063,0.5899999999999999,Schematic internal layout
XBOX360-0448,PassiveBody29,XBOX360-0448 · Schematic resistor or ceramic body029,Mainboard,thermal,1,1.2052787595947452,2.200000000000003,1.0,0.5500000000000007,Schematic internal layout
XBOX360-0449,PassiveEnd29_0,XBOX360-0449 · Separate passive termination058,Mainboard,metal,1,0.2748538491640459,0.45000000000000284,1.0400000000000063,0.5899999999999999,Schematic internal layout
XBOX360-0450,PassiveEnd29_1,XBOX360-0450 · Separate passive termination059,Mainboard,metal,1,0.2748538491640459,0.45000000000000284,1.0400000000000063,0.5899999999999999,Schematic internal layout
XBOX360-0451,PassiveBody30,XBOX360-0451 · Schematic resistor or ceramic body030,Mainboard,black,1,1.205278759594743,2.1999999999999886,1.0,0.5500000000000007,Schematic internal layout
XBOX360-0452,PassiveEnd30_0,XBOX360-0452 · Separate passive termination060,Mainboard,metal,1,0.2748538491640432,0.44999999999998863,1.0400000000000063,0.5899999999999999,Schematic internal layout
XBOX360-0453,PassiveEnd30_1,XBOX360-0453 · Separate passive termination061,Mainboard,metal,1,0.2748538491640432,0.44999999999998863,1.0400000000000063,0.5899999999999999,Schematic internal layout
XBOX360-0454,PassiveBody31,XBOX360-0454 · Schematic resistor or ceramic body031,Mainboard,thermal,1,1.205278759594743,2.1999999999999886,1.0,0.5500000000000007,Schematic internal layout
XBOX360-0455,PassiveEnd31_0,XBOX360-0455 · Separate passive termination062,Mainboard,metal,1,0.2748538491640432,0.44999999999998863,1.0400000000000063,0.5899999999999999,Schematic internal layout
XBOX360-0456,PassiveEnd31_1,XBOX360-0456 · Separate passive termination063,Mainboard,metal,1,0.2748538491640432,0.44999999999998863,1.0400000000000063,0.5899999999999999,Schematic internal layout
XBOX360-0457,PassiveBody32,XBOX360-0457 · Schematic resistor or ceramic body032,Mainboard,thermal,1,1.205278759594745,2.200000000000003,1.0,0.5500000000000007,Schematic internal layout
XBOX360-0458,PassiveEnd32_0,XBOX360-0458 · Separate passive termination064,Mainboard,metal,1,0.274853849164046,0.45000000000000284,1.0400000000000063,0.5899999999999999,Schematic internal layout
XBOX360-0459,PassiveEnd32_1,XBOX360-0459 · Separate passive termination065,Mainboard,metal,1,0.2748538491640459,0.45000000000000284,1.0400000000000063,0.5899999999999999,Schematic internal layout
XBOX360-0460,PassiveBody33,XBOX360-0460 · Schematic resistor or ceramic body033,Mainboard,black,1,1.2052787595947447,2.1999999999999993,1.0,0.5500000000000007,Schematic internal layout
XBOX360-0461,PassiveEnd33_0,XBOX360-0461 · Separate passive termination066,Mainboard,metal,1,0.2748538491640452,0.45000000000000284,1.0400000000000063,0.5899999999999999,Schematic internal layout
XBOX360-0462,PassiveEnd33_1,XBOX360-0462 · Separate passive termination067,Mainboard,metal,1,0.27485384916404526,0.45000000000000284,1.0400000000000063,0.5899999999999999,Schematic internal layout
XBOX360-0463,PassiveBody34,XBOX360-0463 · Schematic resistor or ceramic body034,Mainboard,thermal,1,1.2052787595947447,2.200000000000003,1.0,0.5500000000000007,Schematic internal layout
XBOX360-0464,PassiveEnd34_0,XBOX360-0464 · Separate passive termination068,Mainboard,metal,1,0.2748538491640459,0.45000000000000284,1.0400000000000063,0.5899999999999999,Schematic internal layout
XBOX360-0465,PassiveEnd34_1,XBOX360-0465 · Separate passive termination069,Mainboard,metal,1,0.27485384916404587,0.45000000000000284,1.0400000000000063,0.5899999999999999,Schematic internal layout
XBOX360-0466,PassiveBody35,XBOX360-0466 · Schematic resistor or ceramic body035,Mainboard,thermal,1,1.205278759594743,2.1999999999999886,1.0,0.5500000000000007,Schematic internal layout
XBOX360-0467,PassiveEnd35_0,XBOX360-0467 · Separate passive termination070,Mainboard,metal,1,0.2748538491640432,0.44999999999998863,1.0400000000000063,0.5899999999999999,Schematic internal layout
XBOX360-0468,PassiveEnd35_1,XBOX360-0468 · Separate passive termination071,Mainboard,metal,1,0.2748538491640432,0.44999999999998863,1.0400000000000063,0.5899999999999999,Schematic internal layout
XBOX360-0469,PassiveBody36,XBOX360-0469 · Schematic resistor or ceramic body036,Mainboard,black,1,1.205278759594743,2.1999999999999886,1.0,0.5500000000000007,Schematic internal layout
XBOX360-0470,PassiveEnd36_0,XBOX360-0470 · Separate passive termination072,Mainboard,metal,1,0.2748538491640432,0.44999999999998863,1.0400000000000063,0.5899999999999999,Schematic internal layout
XBOX360-0471,PassiveEnd36_1,XBOX360-0471 · Separate passive termination073,Mainboard,metal,1,0.27485384916404326,0.44999999999998863,1.0400000000000063,0.5899999999999999,Schematic internal layout
XBOX360-0472,PassiveBody37,XBOX360-0472 · Schematic resistor or ceramic body037,Mainboard,thermal,1,1.2052787595947447,2.1999999999999993,1.0,0.5500000000000007,Schematic internal layout
XBOX360-0473,PassiveEnd37_0,XBOX360-0473 · Separate passive termination074,Mainboard,metal,1,0.2748538491640452,0.45000000000000284,1.0400000000000063,0.5899999999999999,Schematic internal layout
XBOX360-0474,PassiveEnd37_1,XBOX360-0474 · Separate passive termination075,Mainboard,metal,1,0.27485384916404526,0.45000000000000284,1.0400000000000063,0.5899999999999999,Schematic internal layout
XBOX360-0475,PassiveBody38,XBOX360-0475 · Schematic resistor or ceramic body038,Mainboard,thermal,1,1.205278759594743,2.1999999999999886,1.0,0.5500000000000007,Schematic internal layout
XBOX360-0476,PassiveEnd38_0,XBOX360-0476 · Separate passive termination076,Mainboard,metal,1,0.2748538491640432,0.44999999999998863,1.0400000000000063,0.5899999999999999,Schematic internal layout
XBOX360-0477,PassiveEnd38_1,XBOX360-0477 · Separate passive termination077,Mainboard,metal,1,0.2748538491640432,0.44999999999998863,1.0400000000000063,0.5899999999999999,Schematic internal layout
XBOX360-0478,PassiveBody39,XBOX360-0478 · Schematic resistor or ceramic body039,Mainboard,black,1,1.2052787595947427,2.1999999999999886,1.0,0.5500000000000007,Schematic internal layout
XBOX360-0479,PassiveEnd39_0,XBOX360-0479 · Separate passive termination078,Mainboard,metal,1,0.2748538491640427,0.44999999999998863,1.0399999999999991,0.5899999999999999,Schematic internal layout
XBOX360-0480,PassiveEnd39_1,XBOX360-0480 · Separate passive termination079,Mainboard,metal,1,0.2748538491640427,0.44999999999998863,1.0399999999999991,0.5899999999999999,Schematic internal layout
XBOX360-0481,PassiveBody40,XBOX360-0481 · Schematic resistor or ceramic body040,Mainboard,thermal,1,1.2052787595947427,2.1999999999999886,1.0,0.5500000000000007,Schematic internal layout
XBOX360-0482,PassiveEnd40_0,XBOX360-0482 · Separate passive termination080,Mainboard,metal,1,0.27485384916404276,0.44999999999998863,1.0399999999999991,0.5899999999999999,Schematic internal layout
XBOX360-0483,PassiveEnd40_1,XBOX360-0483 · Separate passive termination081,Mainboard,metal,1,0.2748538491640427,0.44999999999998863,1.0399999999999991,0.5899999999999999,Schematic internal layout
XBOX360-0484,PassiveBody41,XBOX360-0484 · Schematic resistor or ceramic body041,Mainboard,thermal,1,1.2052787595947445,2.1999999999999993,1.0,0.5500000000000007,Schematic internal layout
XBOX360-0485,PassiveEnd41_0,XBOX360-0485 · Separate passive termination082,Mainboard,metal,1,0.2748538491640447,0.45000000000000284,1.0399999999999991,0.5899999999999999,Schematic internal layout
XBOX360-0486,PassiveEnd41_1,XBOX360-0486 · Separate passive termination083,Mainboard,metal,1,0.2748538491640447,0.45000000000000284,1.0399999999999991,0.5899999999999999,Schematic internal layout
XBOX360-0487,PassiveBody42,XBOX360-0487 · Schematic resistor or ceramic body042,Mainboard,black,1,1.2052787595947425,2.1999999999999886,1.0,0.5500000000000007,Schematic internal layout
XBOX360-0488,PassiveEnd42_0,XBOX360-0488 · Separate passive termination084,Mainboard,metal,1,0.2748538491640427,0.44999999999998863,1.0399999999999991,0.5899999999999999,Schematic internal layout
XBOX360-0489,PassiveEnd42_1,XBOX360-0489 · Separate passive termination085,Mainboard,metal,1,0.2748538491640427,0.44999999999998863,1.0399999999999991,0.5899999999999999,Schematic internal layout
XBOX360-0490,PassiveBody43,XBOX360-0490 · Schematic resistor or ceramic body043,Mainboard,thermal,1,1.2052787595947427,2.1999999999999886,1.0,0.5500000000000007,Schematic internal layout
XBOX360-0491,PassiveEnd43_0,XBOX360-0491 · Separate passive termination086,Mainboard,metal,1,0.2748538491640427,0.44999999999998863,1.0399999999999991,0.5899999999999999,Schematic internal layout
XBOX360-0492,PassiveEnd43_1,XBOX360-0492 · Separate passive termination087,Mainboard,metal,1,0.2748538491640427,0.44999999999998863,1.0399999999999991,0.5899999999999999,Schematic internal layout
XBOX360-0493,PassiveBody44,XBOX360-0493 · Schematic resistor or ceramic body044,Mainboard,thermal,1,1.2052787595947427,2.1999999999999886,1.0,0.5500000000000007,Schematic internal layout
XBOX360-0494,PassiveEnd44_0,XBOX360-0494 · Separate passive termination088,Mainboard,metal,1,0.27485384916404276,0.44999999999998863,1.0399999999999991,0.5899999999999999,Schematic internal layout
XBOX360-0495,PassiveEnd44_1,XBOX360-0495 · Separate passive termination089,Mainboard,metal,1,0.2748538491640427,0.44999999999998863,1.0399999999999991,0.5899999999999999,Schematic internal layout
XBOX360-0496,PassiveBody45,XBOX360-0496 · Schematic resistor or ceramic body045,Mainboard,black,1,1.2052787595947445,2.1999999999999993,1.0,0.5500000000000007,Schematic internal layout
XBOX360-0497,PassiveEnd45_0,XBOX360-0497 · Separate passive termination090,Mainboard,metal,1,0.2748538491640447,0.45000000000000284,1.0399999999999991,0.5899999999999999,Schematic internal layout
XBOX360-0498,PassiveEnd45_1,XBOX360-0498 · Separate passive termination091,Mainboard,metal,1,0.2748538491640447,0.45000000000000284,1.0399999999999991,0.5899999999999999,Schematic internal layout
XBOX360-0499,PassiveBody46,XBOX360-0499 · Schematic resistor or ceramic body046,Mainboard,thermal,1,1.2052787595947425,2.1999999999999886,1.0,0.5500000000000007,Schematic internal layout
XBOX360-0500,PassiveEnd46_0,XBOX360-0500 · Separate passive termination092,Mainboard,metal,1,0.27485384916404276,0.44999999999998863,1.0399999999999991,0.5899999999999999,Schematic internal layout
XBOX360-0501,PassiveEnd46_1,XBOX360-0501 · Separate passive termination093,Mainboard,metal,1,0.2748538491640427,0.44999999999998863,1.0399999999999991,0.5899999999999999,Schematic internal layout
XBOX360-0502,PassiveBody47,XBOX360-0502 · Schematic resistor or ceramic body047,Mainboard,thermal,1,1.2052787595947425,2.1999999999999886,1.0,0.5500000000000007,Schematic internal layout
XBOX360-0503,PassiveEnd47_0,XBOX360-0503 · Separate passive termination094,Mainboard,metal,1,0.2748538491640427,0.4500000000000455,1.0399999999999991,0.5899999999999999,Schematic internal layout
XBOX360-0504,PassiveEnd47_1,XBOX360-0504 · Separate passive termination095,Mainboard,metal,1,0.2748538491640427,0.4500000000000455,1.0399999999999991,0.5899999999999999,Schematic internal layout
XBOX360-0505,PassiveBody48,XBOX360-0505 · Schematic resistor or ceramic body048,Mainboard,black,1,1.2052787595947425,2.1999999999999886,1.0,0.5500000000000007,Schematic internal layout
XBOX360-0506,PassiveEnd48_0,XBOX360-0506 · Separate passive termination096,Mainboard,metal,1,0.27485384916404276,0.44999999999998863,1.0400000000000027,0.5899999999999999,Schematic internal layout
XBOX360-0507,PassiveEnd48_1,XBOX360-0507 · Separate passive termination097,Mainboard,metal,1,0.2748538491640427,0.44999999999998863,1.0400000000000027,0.5899999999999999,Schematic internal layout
XBOX360-0508,PassiveBody49,XBOX360-0508 · Schematic resistor or ceramic body049,Mainboard,thermal,1,1.2052787595947443,2.1999999999999997,1.0,0.5500000000000007,Schematic internal layout
XBOX360-0509,PassiveEnd49_0,XBOX360-0509 · Separate passive termination098,Mainboard,metal,1,0.27485384916404487,0.4500000000000002,1.0400000000000027,0.5899999999999999,Schematic internal layout
XBOX360-0510,PassiveEnd49_1,XBOX360-0510 · Separate passive termination099,Mainboard,metal,1,0.27485384916404476,0.4499999999999993,1.0400000000000027,0.5899999999999999,Schematic internal layout
XBOX360-0511,PassiveBody50,XBOX360-0511 · Schematic resistor or ceramic body050,Mainboard,thermal,1,1.2052787595947425,2.1999999999999886,1.0,0.5500000000000007,Schematic internal layout
XBOX360-0512,PassiveEnd50_0,XBOX360-0512 · Separate passive termination100,Mainboard,metal,1,0.27485384916404276,0.44999999999998863,1.0400000000000027,0.5899999999999999,Schematic internal layout
XBOX360-0513,PassiveEnd50_1,XBOX360-0513 · Separate passive termination101,Mainboard,metal,1,0.2748538491640427,0.44999999999998863,1.0400000000000027,0.5899999999999999,Schematic internal layout
XBOX360-0514,PassiveBody51,XBOX360-0514 · Schematic resistor or ceramic body051,Mainboard,black,1,1.2052787595947425,2.1999999999999886,1.0,0.5500000000000007,Schematic internal layout
XBOX360-0515,PassiveEnd51_0,XBOX360-0515 · Separate passive termination102,Mainboard,metal,1,0.27485384916404276,0.44999999999998863,1.04,0.5899999999999999,Schematic internal layout
XBOX360-0516,PassiveEnd51_1,XBOX360-0516 · Separate passive termination103,Mainboard,metal,1,0.27485384916404276,0.44999999999998863,1.04,0.5899999999999999,Schematic internal layout
XBOX360-0517,PassiveBody52,XBOX360-0517 · Schematic resistor or ceramic body052,Mainboard,thermal,1,1.2052787595947425,2.1999999999999886,1.0,0.5500000000000007,Schematic internal layout
XBOX360-0518,PassiveEnd52_0,XBOX360-0518 · Separate passive termination104,Mainboard,metal,1,0.2748538491640428,0.44999999999998863,1.04,0.5899999999999999,Schematic internal layout
XBOX360-0519,PassiveEnd52_1,XBOX360-0519 · Separate passive termination105,Mainboard,metal,1,0.2748538491640428,0.44999999999998863,1.04,0.5899999999999999,Schematic internal layout
XBOX360-0520,PassiveBody53,XBOX360-0520 · Schematic resistor or ceramic body053,Mainboard,thermal,1,1.2052787595947443,2.1999999999999993,1.0,0.5500000000000007,Schematic internal layout
XBOX360-0521,PassiveEnd53_0,XBOX360-0521 · Separate passive termination106,Mainboard,metal,1,0.27485384916404476,0.45000000000000284,1.04,0.5899999999999999,Schematic internal layout
XBOX360-0522,PassiveEnd53_1,XBOX360-0522 · Separate passive termination107,Mainboard,metal,1,0.2748538491640448,0.45000000000000284,1.04,0.5899999999999999,Schematic internal layout
XBOX360-0523,PassiveBody54,XBOX360-0523 · Schematic resistor or ceramic body054,Mainboard,black,1,1.2052787595947425,2.1999999999999886,1.0,0.5500000000000007,Schematic internal layout
XBOX360-0524,PassiveEnd54_0,XBOX360-0524 · Separate passive termination108,Mainboard,metal,1,0.2748538491640428,0.44999999999998863,1.04,0.5899999999999999,Schematic internal layout
XBOX360-0525,PassiveEnd54_1,XBOX360-0525 · Separate passive termination109,Mainboard,metal,1,0.2748538491640428,0.44999999999998863,1.04,0.5899999999999999,Schematic internal layout
XBOX360-0526,PassiveBody55,XBOX360-0526 · Schematic resistor or ceramic body055,Mainboard,thermal,1,1.2052787595947427,2.1999999999999886,1.0,0.5500000000000007,Schematic internal layout
XBOX360-0527,PassiveEnd55_0,XBOX360-0527 · Separate passive termination110,Mainboard,metal,1,0.2748538491640427,0.44999999999998863,1.0399999999999991,0.5899999999999999,Schematic internal layout
XBOX360-0528,PassiveEnd55_1,XBOX360-0528 · Separate passive termination111,Mainboard,metal,1,0.2748538491640427,0.44999999999998863,1.0399999999999991,0.5899999999999999,Schematic internal layout
XBOX360-0529,PassiveBody56,XBOX360-0529 · Schematic resistor or ceramic body056,Mainboard,thermal,1,1.2052787595947427,2.1999999999999886,1.0,0.5500000000000007,Schematic internal layout
XBOX360-0530,PassiveEnd56_0,XBOX360-0530 · Separate passive termination112,Mainboard,metal,1,0.27485384916404276,0.44999999999998863,1.0399999999999991,0.5899999999999999,Schematic internal layout
XBOX360-0531,PassiveEnd56_1,XBOX360-0531 · Separate passive termination113,Mainboard,metal,1,0.27485384916404276,0.44999999999998863,1.0399999999999991,0.5899999999999999,Schematic internal layout
XBOX360-0532,PassiveBody57,XBOX360-0532 · Schematic resistor or ceramic body057,Mainboard,black,1,1.2052787595947447,2.200000000000003,1.0,0.5500000000000007,Schematic internal layout
XBOX360-0533,PassiveEnd57_0,XBOX360-0533 · Separate passive termination114,Mainboard,metal,1,0.27485384916404537,0.45000000000000284,1.0399999999999991,0.5899999999999999,Schematic internal layout
XBOX360-0534,PassiveEnd57_1,XBOX360-0534 · Separate passive termination115,Mainboard,metal,1,0.27485384916404537,0.45000000000000284,1.0399999999999991,0.5899999999999999,Schematic internal layout
XBOX360-0535,PassiveBody58,XBOX360-0535 · Schematic resistor or ceramic body058,Mainboard,thermal,1,1.205278759594745,2.200000000000003,1.0,0.5500000000000007,Schematic internal layout
XBOX360-0536,PassiveEnd58_0,XBOX360-0536 · Separate passive termination116,Mainboard,metal,1,0.2748538491640454,0.45000000000000284,1.0399999999999991,0.5899999999999999,Schematic internal layout
XBOX360-0537,PassiveEnd58_1,XBOX360-0537 · Separate passive termination117,Mainboard,metal,1,0.2748538491640454,0.45000000000000284,1.0399999999999991,0.5899999999999999,Schematic internal layout
XBOX360-0538,PassiveBody59,XBOX360-0538 · Schematic resistor or ceramic body059,Mainboard,thermal,1,1.2052787595947425,2.1999999999999886,1.0,0.5500000000000007,Schematic internal layout
XBOX360-0539,PassiveEnd59_0,XBOX360-0539 · Separate passive termination118,Mainboard,metal,1,0.27485384916404276,0.44999999999998863,1.0399999999999991,0.5899999999999999,Schematic internal layout
XBOX360-0540,PassiveEnd59_1,XBOX360-0540 · Separate passive termination119,Mainboard,metal,1,0.2748538491640427,0.44999999999998863,1.0399999999999991,0.5899999999999999,Schematic internal layout
XBOX360-0541,PassiveBody60,XBOX360-0541 · Schematic resistor or ceramic body060,Mainboard,black,1,1.2052787595947425,2.1999999999999886,1.0,0.5500000000000007,Schematic internal layout
XBOX360-0542,PassiveEnd60_0,XBOX360-0542 · Separate passive termination120,Mainboard,metal,1,0.27485384916404276,0.44999999999998863,1.040000000000001,0.5899999999999999,Schematic internal layout
XBOX360-0543,PassiveEnd60_1,XBOX360-0543 · Separate passive termination121,Mainboard,metal,1,0.2748538491640427,0.44999999999998863,1.040000000000001,0.5899999999999999,Schematic internal layout
XBOX360-0544,PassiveBody61,XBOX360-0544 · Schematic resistor or ceramic body061,Mainboard,thermal,1,1.205278759594745,2.200000000000003,1.0,0.5500000000000007,Schematic internal layout
XBOX360-0545,PassiveEnd61_0,XBOX360-0545 · Separate passive termination122,Mainboard,metal,1,0.2748538491640454,0.45000000000000284,1.040000000000001,0.5899999999999999,Schematic internal layout
XBOX360-0546,PassiveEnd61_1,XBOX360-0546 · Separate passive termination123,Mainboard,metal,1,0.2748538491640454,0.45000000000000284,1.040000000000001,0.5899999999999999,Schematic internal layout
XBOX360-0547,PassiveBody62,XBOX360-0547 · Schematic resistor or ceramic body062,Mainboard,thermal,1,1.2052787595947443,2.1999999999999997,1.0,0.5500000000000007,Schematic internal layout
XBOX360-0548,PassiveEnd62_0,XBOX360-0548 · Separate passive termination124,Mainboard,metal,1,0.27485384916404487,0.4500000000000002,1.040000000000001,0.5899999999999999,Schematic internal layout
XBOX360-0549,PassiveEnd62_1,XBOX360-0549 · Separate passive termination125,Mainboard,metal,1,0.27485384916404476,0.4499999999999993,1.040000000000001,0.5899999999999999,Schematic internal layout
XBOX360-0550,PassiveBody63,XBOX360-0550 · Schematic resistor or ceramic body063,Mainboard,black,1,1.205278759594745,2.200000000000003,1.0,0.5500000000000007,Schematic internal layout
XBOX360-0551,PassiveEnd63_0,XBOX360-0551 · Separate passive termination126,Mainboard,metal,1,0.2748538491640454,0.45000000000000284,1.040000000000001,0.5899999999999999,Schematic internal layout
XBOX360-0552,PassiveEnd63_1,XBOX360-0552 · Separate passive termination127,Mainboard,metal,1,0.2748538491640454,0.45000000000000284,1.040000000000001,0.5899999999999999,Schematic internal layout
XBOX360-0553,PassiveBody64,XBOX360-0553 · Schematic resistor or ceramic body064,Mainboard,thermal,1,1.2052787595947425,2.1999999999999886,1.0,0.5500000000000007,Schematic internal layout
XBOX360-0554,PassiveEnd64_0,XBOX360-0554 · Separate passive termination128,Mainboard,metal,1,0.2748538491640427,0.44999999999998863,1.040000000000001,0.5899999999999999,Schematic internal layout
XBOX360-0555,PassiveEnd64_1,XBOX360-0555 · Separate passive termination129,Mainboard,metal,1,0.2748538491640427,0.44999999999998863,1.040000000000001,0.5899999999999999,Schematic internal layout
XBOX360-0556,PassiveBody65,XBOX360-0556 · Schematic resistor or ceramic body065,Mainboard,thermal,1,1.2052787595947425,2.1999999999999886,1.0,0.5500000000000007,Schematic internal layout
XBOX360-0557,PassiveEnd65_0,XBOX360-0557 · Separate passive termination130,Mainboard,metal,1,0.27485384916404276,0.44999999999998863,1.0399999999999991,0.5899999999999999,Schematic internal layout
XBOX360-0558,PassiveEnd65_1,XBOX360-0558 · Separate passive termination131,Mainboard,metal,1,0.27485384916404276,0.44999999999998863,1.0399999999999991,0.5899999999999999,Schematic internal layout
XBOX360-0559,PassiveBody66,XBOX360-0559 · Schematic resistor or ceramic body066,Mainboard,black,1,1.2052787595947447,2.200000000000003,1.0,0.5500000000000007,Schematic internal layout
XBOX360-0560,PassiveEnd66_0,XBOX360-0560 · Separate passive termination132,Mainboard,metal,1,0.2748538491640455,0.45000000000000284,1.0399999999999991,0.5899999999999999,Schematic internal layout
XBOX360-0561,PassiveEnd66_1,XBOX360-0561 · Separate passive termination133,Mainboard,metal,1,0.2748538491640454,0.45000000000000284,1.0399999999999991,0.5899999999999999,Schematic internal layout
XBOX360-0562,PassiveBody67,XBOX360-0562 · Schematic resistor or ceramic body067,Mainboard,thermal,1,1.2052787595947445,2.1999999999999993,1.0,0.5500000000000007,Schematic internal layout
XBOX360-0563,PassiveEnd67_0,XBOX360-0563 · Separate passive termination134,Mainboard,metal,1,0.27485384916404476,0.45000000000000284,1.0399999999999991,0.5899999999999999,Schematic internal layout
XBOX360-0564,PassiveEnd67_1,XBOX360-0564 · Separate passive termination135,Mainboard,metal,1,0.27485384916404476,0.45000000000000284,1.0399999999999991,0.5899999999999999,Schematic internal layout
XBOX360-0565,PassiveBody68,XBOX360-0565 · Schematic resistor or ceramic body068,Mainboard,thermal,1,1.2052787595947452,2.200000000000003,1.0,0.5500000000000007,Schematic internal layout
XBOX360-0566,PassiveEnd68_0,XBOX360-0566 · Separate passive termination136,Mainboard,metal,1,0.2748538491640454,0.45000000000000284,1.0399999999999991,0.5899999999999999,Schematic internal layout
XBOX360-0567,PassiveEnd68_1,XBOX360-0567 · Separate passive termination137,Mainboard,metal,1,0.27485384916404537,0.45000000000000284,1.0399999999999991,0.5899999999999999,Schematic internal layout
XBOX360-0568,PassiveBody69,XBOX360-0568 · Schematic resistor or ceramic body069,Mainboard,black,1,1.2052787595947427,2.1999999999999886,1.0,0.5500000000000007,Schematic internal layout
XBOX360-0569,PassiveEnd69_0,XBOX360-0569 · Separate passive termination138,Mainboard,metal,1,0.2748538491640428,0.44999999999998863,1.0399999999999991,0.5899999999999999,Schematic internal layout
XBOX360-0570,PassiveEnd69_1,XBOX360-0570 · Separate passive termination139,Mainboard,metal,1,0.27485384916404276,0.44999999999998863,1.0399999999999991,0.5899999999999999,Schematic internal layout
XBOX360-0571,PassiveBody70,XBOX360-0571 · Schematic resistor or ceramic body070,Mainboard,thermal,1,1.2052787595947427,2.1999999999999886,1.0,0.5500000000000007,Schematic internal layout
XBOX360-0572,PassiveEnd70_0,XBOX360-0572 · Separate passive termination140,Mainboard,metal,1,0.2748538491640432,0.44999999999998863,1.0400000000000063,0.5899999999999999,Schematic internal layout
XBOX360-0573,PassiveEnd70_1,XBOX360-0573 · Separate passive termination141,Mainboard,metal,1,0.2748538491640432,0.44999999999998863,1.0400000000000063,0.5899999999999999,Schematic internal layout
XBOX360-0574,PassiveBody71,XBOX360-0574 · Schematic resistor or ceramic body071,Mainboard,thermal,1,1.205278759594745,2.200000000000003,1.0,0.5500000000000007,Schematic internal layout
XBOX360-0575,PassiveEnd71_0,XBOX360-0575 · Separate passive termination142,Mainboard,metal,1,0.27485384916404587,0.45000000000000284,1.0400000000000063,0.5899999999999999,Schematic internal layout
XBOX360-0576,PassiveEnd71_1,XBOX360-0576 · Separate passive termination143,Mainboard,metal,1,0.2748538491640459,0.45000000000000284,1.0400000000000063,0.5899999999999999,Schematic internal layout
XBOX360-0577,PassiveBody72,XBOX360-0577 · Schematic resistor or ceramic body072,Mainboard,black,1,1.2052787595947443,2.1999999999999993,1.0,0.5500000000000007,Schematic internal layout
XBOX360-0578,PassiveEnd72_0,XBOX360-0578 · Separate passive termination144,Mainboard,metal,1,0.2748538491640452,0.45000000000000284,1.0400000000000063,0.5899999999999999,Schematic internal layout
XBOX360-0579,PassiveEnd72_1,XBOX360-0579 · Separate passive termination145,Mainboard,metal,1,0.27485384916404526,0.45000000000000284,1.0400000000000063,0.5899999999999999,Schematic internal layout
XBOX360-0580,PassiveBody73,XBOX360-0580 · Schematic resistor or ceramic body073,Mainboard,thermal,1,1.2052787595947452,2.200000000000003,1.0,0.5500000000000007,Schematic internal layout
XBOX360-0581,PassiveEnd73_0,XBOX360-0581 · Separate passive termination146,Mainboard,metal,1,0.274853849164046,0.45000000000000284,1.0400000000000063,0.5899999999999999,Schematic internal layout
XBOX360-0582,PassiveEnd73_1,XBOX360-0582 · Separate passive termination147,Mainboard,metal,1,0.2748538491640459,0.45000000000000284,1.0400000000000063,0.5899999999999999,Schematic internal layout
XBOX360-0583,PassiveBody74,XBOX360-0583 · Schematic resistor or ceramic body074,Mainboard,thermal,1,1.2052787595947425,2.1999999999999886,1.0,0.5500000000000007,Schematic internal layout
XBOX360-0584,PassiveEnd74_0,XBOX360-0584 · Separate passive termination148,Mainboard,metal,1,0.2748538491640432,0.44999999999998863,1.0400000000000063,0.5899999999999999,Schematic internal layout
XBOX360-0585,PassiveEnd74_1,XBOX360-0585 · Separate passive termination149,Mainboard,metal,1,0.2748538491640432,0.44999999999998863,1.0400000000000063,0.5899999999999999,Schematic internal layout
XBOX360-0586,PassiveBody75,XBOX360-0586 · Schematic resistor or ceramic body075,Mainboard,black,1,1.2052787595947427,2.1999999999999886,1.0,0.5500000000000007,Schematic internal layout
XBOX360-0587,PassiveEnd75_0,XBOX360-0587 · Separate passive termination150,Mainboard,metal,1,0.2748538491640432,0.44999999999998863,1.0400000000000063,0.5899999999999999,Schematic internal layout
XBOX360-0588,PassiveEnd75_1,XBOX360-0588 · Separate passive termination151,Mainboard,metal,1,0.2748538491640432,0.44999999999998863,1.0400000000000063,0.5899999999999999,Schematic internal layout
XBOX360-0589,PassiveBody76,XBOX360-0589 · Schematic resistor or ceramic body076,Mainboard,thermal,1,1.2052787595947425,2.1999999999999886,1.0,0.5500000000000007,Schematic internal layout
XBOX360-0590,PassiveEnd76_0,XBOX360-0590 · Separate passive termination152,Mainboard,metal,1,0.2748538491640432,0.44999999999998863,1.0400000000000063,0.5899999999999999,Schematic internal layout
XBOX360-0591,PassiveEnd76_1,XBOX360-0591 · Separate passive termination153,Mainboard,metal,1,0.2748538491640432,0.44999999999998863,1.0400000000000063,0.5899999999999999,Schematic internal layout
XBOX360-0592,PassiveBody77,XBOX360-0592 · Schematic resistor or ceramic body077,Mainboard,thermal,1,1.205278759594745,2.200000000000003,1.0,0.5500000000000007,Schematic internal layout
XBOX360-0593,PassiveEnd77_0,XBOX360-0593 · Separate passive termination154,Mainboard,metal,1,0.2748538491640459,0.45000000000000284,1.0400000000000063,0.5899999999999999,Schematic internal layout
XBOX360-0594,PassiveEnd77_1,XBOX360-0594 · Separate passive termination155,Mainboard,metal,1,0.27485384916404587,0.45000000000000284,1.0400000000000063,0.5899999999999999,Schematic internal layout
XBOX360-0595,PassiveBody78,XBOX360-0595 · Schematic resistor or ceramic body078,Mainboard,black,1,1.2052787595947443,2.1999999999999997,1.0,0.5500000000000007,Schematic internal layout
XBOX360-0596,PassiveEnd78_0,XBOX360-0596 · Separate passive termination156,Mainboard,metal,1,0.27485384916404526,0.4499999999999993,1.0400000000000063,0.5899999999999999,Schematic internal layout
XBOX360-0597,PassiveEnd78_1,XBOX360-0597 · Separate passive termination157,Mainboard,metal,1,0.2748538491640454,0.4500000000000002,1.0400000000000063,0.5899999999999999,Schematic internal layout
XBOX360-0598,PassiveBody79,XBOX360-0598 · Schematic resistor or ceramic body079,Mainboard,thermal,1,1.205278759594745,2.200000000000003,1.0,0.5500000000000007,Schematic internal layout
XBOX360-0599,PassiveEnd79_0,XBOX360-0599 · Separate passive termination158,Mainboard,metal,1,0.27485384916404587,0.45000000000000284,1.0400000000000063,0.5899999999999999,Schematic internal layout
XBOX360-0600,PassiveEnd79_1,XBOX360-0600 · Separate passive termination159,Mainboard,metal,1,0.27485384916404587,0.45000000000000284,1.0400000000000063,0.5899999999999999,Schematic internal layout
XBOX360-0601,PassiveBody80,XBOX360-0601 · Schematic resistor or ceramic body080,Mainboard,thermal,1,1.205278759594743,2.1999999999999886,1.0,0.5500000000000007,Schematic internal layout
XBOX360-0602,PassiveEnd80_0,XBOX360-0602 · Separate passive termination160,Mainboard,metal,1,0.2748538491640432,0.44999999999998863,1.0400000000000063,0.5899999999999999,Schematic internal layout
XBOX360-0603,PassiveEnd80_1,XBOX360-0603 · Separate passive termination161,Mainboard,metal,1,0.2748538491640432,0.44999999999998863,1.0400000000000063,0.5899999999999999,Schematic internal layout
XBOX360-0604,PassiveBody81,XBOX360-0604 · Schematic resistor or ceramic body081,Mainboard,black,1,1.205278759594743,2.1999999999999886,1.0,0.5500000000000007,Schematic internal layout
XBOX360-0605,PassiveEnd81_0,XBOX360-0605 · Separate passive termination162,Mainboard,metal,1,0.2748538491640432,0.44999999999998863,1.0400000000000063,0.5899999999999999,Schematic internal layout
XBOX360-0606,PassiveEnd81_1,XBOX360-0606 · Separate passive termination163,Mainboard,metal,1,0.2748538491640432,0.44999999999998863,1.0400000000000063,0.5899999999999999,Schematic internal layout
XBOX360-0607,PassiveBody82,XBOX360-0607 · Schematic resistor or ceramic body082,Mainboard,thermal,1,1.205278759594745,2.200000000000003,1.0,0.5500000000000007,Schematic internal layout
XBOX360-0608,PassiveEnd82_0,XBOX360-0608 · Separate passive termination164,Mainboard,metal,1,0.27485384916404587,0.45000000000000284,1.0400000000000063,0.5899999999999999,Schematic internal layout
XBOX360-0609,PassiveEnd82_1,XBOX360-0609 · Separate passive termination165,Mainboard,metal,1,0.27485384916404587,0.45000000000000284,1.0400000000000063,0.5899999999999999,Schematic internal layout
XBOX360-0610,PassiveBody83,XBOX360-0610 · Schematic resistor or ceramic body083,Mainboard,thermal,1,1.2052787595947445,2.1999999999999993,1.0,0.5500000000000007,Schematic internal layout
XBOX360-0611,PassiveEnd83_0,XBOX360-0611 · Separate passive termination166,Mainboard,metal,1,0.2748538491640452,0.45000000000000284,1.0400000000000063,0.5899999999999999,Schematic internal layout
XBOX360-0612,PassiveEnd83_1,XBOX360-0612 · Separate passive termination167,Mainboard,metal,1,0.2748538491640452,0.45000000000000284,1.0400000000000063,0.5899999999999999,Schematic internal layout
XBOX360-0613,PassiveBody84,XBOX360-0613 · Schematic resistor or ceramic body084,Mainboard,black,1,1.205278759594743,2.1999999999999886,1.0,0.5500000000000007,Schematic internal layout
XBOX360-0614,PassiveEnd84_0,XBOX360-0614 · Separate passive termination168,Mainboard,metal,1,0.2748538491640432,0.44999999999998863,1.0400000000000063,0.5899999999999999,Schematic internal layout
XBOX360-0615,PassiveEnd84_1,XBOX360-0615 · Separate passive termination169,Mainboard,metal,1,0.2748538491640432,0.44999999999998863,1.0400000000000063,0.5899999999999999,Schematic internal layout
XBOX360-0616,PassiveBody85,XBOX360-0616 · Schematic resistor or ceramic body085,Mainboard,thermal,1,1.205278759594743,2.1999999999999886,1.0,0.5500000000000007,Schematic internal layout
XBOX360-0617,PassiveEnd85_0,XBOX360-0617 · Separate passive termination170,Mainboard,metal,1,0.2748538491640432,0.44999999999998863,1.0400000000000063,0.5899999999999999,Schematic internal layout
XBOX360-0618,PassiveEnd85_1,XBOX360-0618 · Separate passive termination171,Mainboard,metal,1,0.2748538491640432,0.44999999999998863,1.0400000000000063,0.5899999999999999,Schematic internal layout
XBOX360-0619,PassiveBody86,XBOX360-0619 · Schematic resistor or ceramic body086,Mainboard,thermal,1,1.205278759594743,2.1999999999999886,1.0,0.5500000000000007,Schematic internal layout
XBOX360-0620,PassiveEnd86_0,XBOX360-0620 · Separate passive termination172,Mainboard,metal,1,0.2748538491640432,0.44999999999998863,1.0400000000000063,0.5899999999999999,Schematic internal layout
XBOX360-0621,PassiveEnd86_1,XBOX360-0621 · Separate passive termination173,Mainboard,metal,1,0.2748538491640432,0.44999999999998863,1.0400000000000063,0.5899999999999999,Schematic internal layout
XBOX360-0622,PassiveBody87,XBOX360-0622 · Schematic resistor or ceramic body087,Mainboard,black,1,1.205278759594745,2.200000000000003,1.0,0.5500000000000007,Schematic internal layout
XBOX360-0623,PassiveEnd87_0,XBOX360-0623 · Separate passive termination174,Mainboard,metal,1,0.27485384916404587,0.45000000000000284,1.0400000000000063,0.5899999999999999,Schematic internal layout
XBOX360-0624,PassiveEnd87_1,XBOX360-0624 · Separate passive termination175,Mainboard,metal,1,0.2748538491640459,0.45000000000000284,1.0400000000000063,0.5899999999999999,Schematic internal layout
XBOX360-0625,PassiveBody88,XBOX360-0625 · Schematic resistor or ceramic body088,Mainboard,thermal,1,1.205278759594745,2.200000000000003,1.0,0.5500000000000007,Schematic internal layout
XBOX360-0626,PassiveEnd88_0,XBOX360-0626 · Separate passive termination176,Mainboard,metal,1,0.2748538491640458,0.45000000000000284,1.0400000000000063,0.5899999999999999,Schematic internal layout
XBOX360-0627,PassiveEnd88_1,XBOX360-0627 · Separate passive termination177,Mainboard,metal,1,0.27485384916404587,0.45000000000000284,1.0400000000000063,0.5899999999999999,Schematic internal layout
XBOX360-0628,PassiveBody89,XBOX360-0628 · Schematic resistor or ceramic body089,Mainboard,thermal,1,1.205278759594743,2.1999999999999886,1.0,0.5500000000000007,Schematic internal layout
XBOX360-0629,PassiveEnd89_0,XBOX360-0629 · Separate passive termination178,Mainboard,metal,1,0.2748538491640432,0.44999999999998863,1.0400000000000063,0.5899999999999999,Schematic internal layout
XBOX360-0630,PassiveEnd89_1,XBOX360-0630 · Separate passive termination179,Mainboard,metal,1,0.27485384916404326,0.44999999999998863,1.0400000000000063,0.5899999999999999,Schematic internal layout
XBOX360-0631,PassiveBody90,XBOX360-0631 · Schematic resistor or ceramic body090,Mainboard,black,1,1.2052787595947427,2.1999999999999886,1.0,0.5500000000000007,Schematic internal layout
XBOX360-0632,PassiveEnd90_0,XBOX360-0632 · Separate passive termination180,Mainboard,metal,1,0.2748538491640422,0.44999999999998863,1.039999999999992,0.5899999999999999,Schematic internal layout
XBOX360-0633,PassiveEnd90_1,XBOX360-0633 · Separate passive termination181,Mainboard,metal,1,0.2748538491640422,0.44999999999998863,1.039999999999992,0.5899999999999999,Schematic internal layout
XBOX360-0634,PassiveBody91,XBOX360-0634 · Schematic resistor or ceramic body091,Mainboard,thermal,1,1.2052787595947447,2.200000000000003,1.0,0.5500000000000007,Schematic internal layout
XBOX360-0635,PassiveEnd91_0,XBOX360-0635 · Separate passive termination182,Mainboard,metal,1,0.2748538491640449,0.45000000000000284,1.039999999999992,0.5899999999999999,Schematic internal layout
XBOX360-0636,PassiveEnd91_1,XBOX360-0636 · Separate passive termination183,Mainboard,metal,1,0.2748538491640449,0.45000000000000284,1.039999999999992,0.5899999999999999,Schematic internal layout
XBOX360-0637,PassiveBody92,XBOX360-0637 · Schematic resistor or ceramic body092,Mainboard,thermal,1,1.2052787595947445,2.1999999999999993,1.0,0.5500000000000007,Schematic internal layout
XBOX360-0638,PassiveEnd92_0,XBOX360-0638 · Separate passive termination184,Mainboard,metal,1,0.27485384916404426,0.45000000000000284,1.039999999999992,0.5899999999999999,Schematic internal layout
XBOX360-0639,PassiveEnd92_1,XBOX360-0639 · Separate passive termination185,Mainboard,metal,1,0.27485384916404426,0.45000000000000284,1.039999999999992,0.5899999999999999,Schematic internal layout
XBOX360-0640,PassiveBody93,XBOX360-0640 · Schematic resistor or ceramic body093,Mainboard,black,1,1.205278759594745,2.200000000000003,1.0,0.5500000000000007,Schematic internal layout
XBOX360-0641,PassiveEnd93_0,XBOX360-0641 · Separate passive termination186,Mainboard,metal,1,0.274853849164045,0.45000000000000284,1.039999999999992,0.5899999999999999,Schematic internal layout
XBOX360-0642,PassiveEnd93_1,XBOX360-0642 · Separate passive termination187,Mainboard,metal,1,0.2748538491640449,0.45000000000000284,1.039999999999992,0.5899999999999999,Schematic internal layout
XBOX360-0643,PassiveBody94,XBOX360-0643 · Schematic resistor or ceramic body094,Mainboard,thermal,1,1.205278759594743,2.1999999999999886,1.0,0.5500000000000007,Schematic internal layout
XBOX360-0644,PassiveEnd94_0,XBOX360-0644 · Separate passive termination188,Mainboard,metal,1,0.27485384916404226,0.44999999999998863,1.039999999999992,0.5899999999999999,Schematic internal layout
XBOX360-0645,PassiveEnd94_1,XBOX360-0645 · Separate passive termination189,Mainboard,metal,1,0.2748538491640422,0.44999999999998863,1.039999999999992,0.5899999999999999,Schematic internal layout
XBOX360-0646,PassiveBody95,XBOX360-0646 · Schematic resistor or ceramic body095,Mainboard,thermal,1,1.2052787595947427,2.1999999999999886,1.0,0.5500000000000007,Schematic internal layout
XBOX360-0647,PassiveEnd95_0,XBOX360-0647 · Separate passive termination190,Mainboard,metal,1,0.2748538491640422,0.44999999999998863,1.039999999999992,0.5899999999999999,Schematic internal layout
XBOX360-0648,PassiveEnd95_1,XBOX360-0648 · Separate passive termination191,Mainboard,metal,1,0.2748538491640422,0.44999999999998863,1.039999999999992,0.5899999999999999,Schematic internal layout
XBOX360-0649,FrontUSB0Shell,XBOX360-0649 · Independent open connector housing,Ports,metal,1,279.75530633327037,13.400000000000006,17.0,6.500000000000007,Schematic internal layout
XBOX360-0650,FrontUSB0Back,XBOX360-0650 · Separate connector rear insulator,Ports,black,1,40.25573889803834,12.349999999999994,0.5999999999999943,5.450000000000003,Schematic internal layout
XBOX360-0651,FrontUSB0Tongue,XBOX360-0651 · USB-A insulating tongue,Ports,black,1,125.98068583470574,10.5,12.0,1.0,Schematic internal layout
XBOX360-0652,FrontUSB0Contact0,XBOX360-0652 · Separate USB 2.0 contact,Ports,gold,1,0.7798351857894861,0.6500000000000057,10.0,0.11999999999999744,Schematic internal layout
XBOX360-0653,FrontUSB0Contact1,XBOX360-0653 · Separate USB 2.0 contact001,Ports,gold,1,0.779835185789486,0.6500000000000057,10.0,0.11999999999999744,Schematic internal layout
XBOX360-0654,FrontUSB0Contact2,XBOX360-0654 · Separate USB 2.0 contact002,Ports,gold,1,0.7798351857894861,0.6500000000000057,10.0,0.11999999999999744,Schematic internal layout
XBOX360-0655,FrontUSB0Contact3,XBOX360-0655 · Separate USB 2.0 contact003,Ports,gold,1,0.779835185789486,0.6500000000000057,10.0,0.11999999999999744,Schematic internal layout
XBOX360-0656,FrontUSB1Shell,XBOX360-0656 · Independent open connector housing001,Ports,metal,1,279.75530633326923,13.399999999999977,17.0,6.500000000000007,Schematic internal layout
XBOX360-0657,FrontUSB1Back,XBOX360-0657 · Separate connector rear insulator001,Ports,black,1,40.25573889803837,12.350000000000023,0.5999999999999943,5.450000000000003,Schematic internal layout
XBOX360-0658,FrontUSB1Tongue,XBOX360-0658 · USB-A insulating tongue001,Ports,black,1,125.98068583470572,10.5,12.0,1.0,Schematic internal layout
XBOX360-0659,FrontUSB1Contact0,XBOX360-0659 · Separate USB 2.0 contact004,Ports,gold,1,0.7798351857894747,0.6499999999999773,10.0,0.11999999999999744,Schematic internal layout
XBOX360-0660,FrontUSB1Contact1,XBOX360-0660 · Separate USB 2.0 contact005,Ports,gold,1,0.7798351857894749,0.6499999999999773,10.0,0.11999999999999744,Schematic internal layout
XBOX360-0661,FrontUSB1Contact2,XBOX360-0661 · Separate USB 2.0 contact006,Ports,gold,1,0.7798351857894749,0.6499999999999773,10.0,0.11999999999999744,Schematic internal layout
XBOX360-0662,FrontUSB1Contact3,XBOX360-0662 · Separate USB 2.0 contact007,Ports,gold,1,0.7798351857894749,0.6499999999999773,10.0,0.11999999999999744,Schematic internal layout
XBOX360-0663,RearUSBShell,XBOX360-0663 · Independent open connector housing002,Ports,metal,1,279.75530633326946,13.399999999999991,17.0,6.5000000000000036,Schematic internal layout
XBOX360-0664,RearUSBBack,XBOX360-0664 · Separate connector rear insulator002,Ports,black,1,40.25573889803834,12.350000000000009,0.5999999999999943,5.449999999999996,Schematic internal layout
XBOX360-0665,RearUSBTongue,XBOX360-0665 · USB-A insulating tongue002,Ports,black,1,125.98068583470578,10.5,12.0,1.0,Schematic internal layout
XBOX360-0666,RearUSBContact0,XBOX360-0666 · Separate USB 2.0 contact008,Ports,gold,1,0.7798351857894825,0.6499999999999773,10.0,0.120000000000001,Schematic internal layout
XBOX360-0667,RearUSBContact1,XBOX360-0667 · Separate USB 2.0 contact009,Ports,gold,1,0.7798351857894825,0.6499999999999773,10.0,0.120000000000001,Schematic internal layout
XBOX360-0668,RearUSBContact2,XBOX360-0668 · Separate USB 2.0 contact010,Ports,gold,1,0.7798351857894823,0.6499999999999773,10.0,0.120000000000001,Schematic internal layout
XBOX360-0669,RearUSBContact3,XBOX360-0669 · Separate USB 2.0 contact011,Ports,gold,1,0.7798351857894936,0.6500000000000057,10.0,0.120000000000001,Schematic internal layout
XBOX360-0670,EthernetShell,XBOX360-0670 · Independent open connector housing003,Ports,metal,1,528.923889803846,17.0,20.000000000000014,14.000000000000004,Schematic internal layout
XBOX360-0671,EthernetBack,XBOX360-0671 · Separate connector rear insulator003,Ports,black,1,123.80273889803807,15.949999999999989,0.6000000000000085,12.950000000000003,Schematic internal layout
XBOX360-0672,EthernetContact0,XBOX360-0672 · Separate eight-position LAN spring contact,Ports,gold,1,1.0498454866776674,0.35000000000002274,15.0,0.1999999999999993,Schematic internal layout
XBOX360-0673,EthernetContact1,XBOX360-0673 · Separate eight-position LAN spring contact001,Ports,gold,1,1.0498454866776674,0.35000000000002274,15.0,0.1999999999999993,Schematic internal layout
XBOX360-0674,EthernetContact2,XBOX360-0674 · Separate eight-position LAN spring contact002,Ports,gold,1,1.0498454866776674,0.35000000000002274,15.0,0.1999999999999993,Schematic internal layout
XBOX360-0675,EthernetContact3,XBOX360-0675 · Separate eight-position LAN spring contact003,Ports,gold,1,1.0498454866776676,0.35000000000002274,15.0,0.1999999999999993,Schematic internal layout
XBOX360-0676,EthernetContact4,XBOX360-0676 · Separate eight-position LAN spring contact004,Ports,gold,1,1.0498454866776674,0.35000000000002274,15.0,0.1999999999999993,Schematic internal layout
XBOX360-0677,EthernetContact5,XBOX360-0677 · Separate eight-position LAN spring contact005,Ports,gold,1,1.0498454866776532,0.3500000000000085,15.0,0.1999999999999993,Schematic internal layout
XBOX360-0678,EthernetContact6,XBOX360-0678 · Separate eight-position LAN spring contact006,Ports,gold,1,1.049845486677639,0.3499999999999943,15.0,0.1999999999999993,Schematic internal layout
XBOX360-0679,EthernetContact7,XBOX360-0679 · Separate eight-position LAN spring contact007,Ports,gold,1,1.049845486677639,0.3499999999999943,15.0,0.1999999999999993,Schematic internal layout
XBOX360-0680,EthernetLens0,XBOX360-0680 · LAN status light lens,Ports,led,1,1.404891585117508,1.1000000000000227,1.0,1.2999999999999972,Schematic internal layout
XBOX360-0681,EthernetLens1,XBOX360-0681 · LAN status light lens001,Ports,led,1,1.404891585117499,1.1000000000000227,1.0,1.2999999999999972,Schematic internal layout
XBOX360-0682,AnalogAVShell,XBOX360-0682 · Independent open connector housing004,Ports,metal,1,867.2200842940401,35.0,21.0,12.500000000000004,Schematic internal layout
XBOX360-0683,AnalogAVBack,XBOX360-0683 · Separate connector rear insulator004,Ports,black,1,233.10773889803772,33.94999999999999,0.5999999999999943,11.450000000000003,Schematic internal layout
XBOX360-0684,AVTongue,XBOX360-0684 · Original analog AV tongue study,Ports,black,1,611.9587964473723,30.0,17.0,1.1999999999999993,Schematic internal layout
XBOX360-0685,AVContact-1_0,XBOX360-0685 · Separate original AV contact study,Ports,gold,1,0.8449227433388296,0.6500000000000057,13.0,0.10000000000000142,Schematic internal layout
XBOX360-0686,AVContact-1_1,XBOX360-0686 · Separate original AV contact study001,Ports,gold,1,0.8449227433388296,0.6500000000000057,13.0,0.10000000000000142,Schematic internal layout
XBOX360-0687,AVContact-1_2,XBOX360-0687 · Separate original AV contact study002,Ports,gold,1,0.8449227433388294,0.6500000000000057,13.0,0.10000000000000142,Schematic internal layout
XBOX360-0688,AVContact-1_3,XBOX360-0688 · Separate original AV contact study003,Ports,gold,1,0.8449227433388294,0.6500000000000057,13.0,0.10000000000000142,Schematic internal layout
XBOX360-0689,AVContact-1_4,XBOX360-0689 · Separate original AV contact study004,Ports,gold,1,0.8449227433388296,0.6500000000000057,13.0,0.10000000000000142,Schematic internal layout
XBOX360-0690,AVContact-1_5,XBOX360-0690 · Separate original AV contact study005,Ports,gold,1,0.8449227433388296,0.6500000000000057,13.0,0.10000000000000142,Schematic internal layout
XBOX360-0691,AVContact-1_6,XBOX360-0691 · Separate original AV contact study006,Ports,gold,1,0.8449227433388296,0.6500000000000057,13.0,0.10000000000000142,Schematic internal layout
XBOX360-0692,AVContact-1_7,XBOX360-0692 · Separate original AV contact study007,Ports,gold,1,0.8449227433388296,0.6500000000000057,13.0,0.10000000000000142,Schematic internal layout
XBOX360-0693,AVContact-1_8,XBOX360-0693 · Separate original AV contact study008,Ports,gold,1,0.8449227433388296,0.6500000000000057,13.0,0.10000000000000142,Schematic internal layout
XBOX360-0694,AVContact-1_9,XBOX360-0694 · Separate original AV contact study009,Ports,gold,1,0.8449227433388296,0.6500000000000057,13.0,0.10000000000000142,Schematic internal layout
XBOX360-0695,AVContact-1_10,XBOX360-0695 · Separate original AV contact study010,Ports,gold,1,0.8449227433388296,0.6500000000000057,13.0,0.10000000000000142,Schematic internal layout
XBOX360-0696,AVContact-1_11,XBOX360-0696 · Separate original AV contact study011,Ports,gold,1,0.8449227433388294,0.6500000000000057,13.0,0.10000000000000142,Schematic internal layout
XBOX360-0697,AVContact-1_12,XBOX360-0697 · Separate original AV contact study012,Ports,gold,1,0.8449227433388297,0.6500000000000057,13.0,0.10000000000000142,Schematic internal layout
XBOX360-0698,AVContact-1_13,XBOX360-0698 · Separate original AV contact study013,Ports,gold,1,0.8449227433388294,0.6500000000000057,13.0,0.10000000000000142,Schematic internal layout
XBOX360-0699,AVContact-1_14,XBOX360-0699 · Separate original AV contact study014,Ports,gold,1,0.8449227433388294,0.6500000000000057,13.0,0.10000000000000142,Schematic internal layout
XBOX360-0700,AVContact1_0,XBOX360-0700 · Separate original AV contact study015,Ports,gold,1,0.8449227433388296,0.6500000000000057,13.0,0.10000000000000142,Schematic internal layout
XBOX360-0701,AVContact1_1,XBOX360-0701 · Separate original AV contact study016,Ports,gold,1,0.8449227433388296,0.6500000000000057,13.0,0.10000000000000142,Schematic internal layout
XBOX360-0702,AVContact1_2,XBOX360-0702 · Separate original AV contact study017,Ports,gold,1,0.8449227433388296,0.6500000000000057,13.0,0.10000000000000142,Schematic internal layout
XBOX360-0703,AVContact1_3,XBOX360-0703 · Separate original AV contact study018,Ports,gold,1,0.8449227433388296,0.6500000000000057,13.0,0.10000000000000142,Schematic internal layout
XBOX360-0704,AVContact1_4,XBOX360-0704 · Separate original AV contact study019,Ports,gold,1,0.8449227433388296,0.6500000000000057,13.0,0.10000000000000142,Schematic internal layout
XBOX360-0705,AVContact1_5,XBOX360-0705 · Separate original AV contact study020,Ports,gold,1,0.8449227433388296,0.6500000000000057,13.0,0.10000000000000142,Schematic internal layout
XBOX360-0706,AVContact1_6,XBOX360-0706 · Separate original AV contact study021,Ports,gold,1,0.8449227433388298,0.6500000000000057,13.0,0.10000000000000142,Schematic internal layout
XBOX360-0707,AVContact1_7,XBOX360-0707 · Separate original AV contact study022,Ports,gold,1,0.8449227433388296,0.6500000000000057,13.0,0.10000000000000142,Schematic internal layout
XBOX360-0708,AVContact1_8,XBOX360-0708 · Separate original AV contact study023,Ports,gold,1,0.8449227433388296,0.6500000000000057,13.0,0.10000000000000142,Schematic internal layout
XBOX360-0709,AVContact1_9,XBOX360-0709 · Separate original AV contact study024,Ports,gold,1,0.8449227433388296,0.6500000000000057,13.0,0.10000000000000142,Schematic internal layout
XBOX360-0710,AVContact1_10,XBOX360-0710 · Separate original AV contact study025,Ports,gold,1,0.8449227433388296,0.6500000000000057,13.0,0.10000000000000142,Schematic internal layout
XBOX360-0711,AVContact1_11,XBOX360-0711 · Separate original AV contact study026,Ports,gold,1,0.8449227433388294,0.6500000000000057,13.0,0.10000000000000142,Schematic internal layout
XBOX360-0712,AVContact1_12,XBOX360-0712 · Separate original AV contact study027,Ports,gold,1,0.8449227433388297,0.6500000000000057,13.0,0.10000000000000142,Schematic internal layout
XBOX360-0713,AVContact1_13,XBOX360-0713 · Separate original AV contact study028,Ports,gold,1,0.8449227433388296,0.6500000000000057,13.0,0.10000000000000142,Schematic internal layout
XBOX360-0714,AVContact1_14,XBOX360-0714 · Separate original AV contact study029,Ports,gold,1,0.8449227433388294,0.6500000000000057,13.0,0.10000000000000142,Schematic internal layout
XBOX360-0715,DCInputShell,XBOX360-0715 · Independent open connector housing005,Ports,black,1,1833.8362787842327,27.0,22.0,17.000000000000007,Schematic internal layout
XBOX360-0716,DCInputBack,XBOX360-0716 · Separate connector rear insulator005,Ports,black,1,221.28473889803792,24.85000000000001,0.6000000000000085,14.849999999999998,Schematic internal layout
XBOX360-0717,DCPowerContact0,XBOX360-0717 · Separate DC power terminal study,Ports,metal,1,91.60884177867837,2.6999999999999886,16.0,2.700000000000003,Schematic internal layout
XBOX360-0718,DCPowerContact1,XBOX360-0718 · Separate DC power terminal study001,Ports,metal,1,91.60884177867837,2.6999999999999886,16.0,2.700000000000003,Schematic internal layout
XBOX360-0719,DCPowerContact2,XBOX360-0719 · Separate DC power terminal study002,Ports,metal,1,91.60884177867837,2.6999999999999886,16.0,2.700000000000003,Schematic internal layout
XBOX360-0720,DCPowerContact3,XBOX360-0720 · Separate DC power terminal study003,Ports,metal,1,91.60884177867835,2.6999999999999886,16.0,2.700000000000003,Schematic internal layout
XBOX360-0721,DCPowerContact4,XBOX360-0721 · Separate DC power terminal study004,Ports,metal,1,91.60884177867835,2.6999999999999886,16.0,2.700000000000003,Schematic internal layout
XBOX360-0722,DCPowerContact5,XBOX360-0722 · Separate DC power terminal study005,Ports,metal,1,91.60884177867837,2.6999999999999886,16.0,2.70000000000001,Schematic internal layout
XBOX360-0723,DCSenseContact0,XBOX360-0723 · Separate small DC contact study,Ports,metal,1,12.354313110241886,1.0999999999999943,13.0,1.1000000000000014,Schematic internal layout
XBOX360-0724,DCSenseContact1,XBOX360-0724 · Separate small DC contact study001,Ports,metal,1,12.354313110241858,1.1000000000000227,13.0,1.1000000000000014,Schematic internal layout
XBOX360-0725,MemorySocket0Shell,XBOX360-0725 · Independent open connector housing006,Ports,metal,1,800.0315008234619,42.0,18.000000000000014,9.000000000000007,Schematic internal layout
XBOX360-0726,MemorySocket0Back,XBOX360-0726 · Separate connector rear insulator006,Ports,black,1,195.20273889803784,40.94999999999999,0.5999999999999943,7.950000000000003,Schematic internal layout
XBOX360-0727,MemoryTongue0,XBOX360-0727 · Original memory-unit slot insulator,Ports,black,1,514.7150176727056,36.0,13.0,1.1000000000000014,Schematic internal layout
XBOX360-0728,MemoryContact0_0,XBOX360-0728 · Separate memory-unit contact study; not a pinout,Ports,gold,1,1.1998351857894927,1.0,10.0,0.120000000000001,Schematic internal layout
XBOX360-0729,MemoryContact0_1,XBOX360-0729 · Separate memory-unit contact study; not a pinout001,Ports,gold,1,1.1998351857894927,1.0,10.0,0.120000000000001,Schematic internal layout
XBOX360-0730,MemoryContact0_2,XBOX360-0730 · Separate memory-unit contact study; not a pinout002,Ports,gold,1,1.1998351857894924,1.0,10.0,0.120000000000001,Schematic internal layout
XBOX360-0731,MemoryContact0_3,XBOX360-0731 · Separate memory-unit contact study; not a pinout003,Ports,gold,1,1.1998351857894924,1.0,10.0,0.120000000000001,Schematic internal layout
XBOX360-0732,MemoryContact0_4,XBOX360-0732 · Separate memory-unit contact study; not a pinout004,Ports,gold,1,1.1998351857894924,1.0,10.0,0.120000000000001,Schematic internal layout
XBOX360-0733,MemoryContact0_5,XBOX360-0733 · Separate memory-unit contact study; not a pinout005,Ports,gold,1,1.1998351857894924,1.0,10.0,0.120000000000001,Schematic internal layout
XBOX360-0734,MemoryContact0_6,XBOX360-0734 · Separate memory-unit contact study; not a pinout006,Ports,gold,1,1.1998351857894924,1.0,10.0,0.120000000000001,Schematic internal layout
XBOX360-0735,MemoryContact0_7,XBOX360-0735 · Separate memory-unit contact study; not a pinout007,Ports,gold,1,1.1998351857894924,1.0,10.0,0.120000000000001,Schematic internal layout
XBOX360-0736,MemoryContact0_8,XBOX360-0736 · Separate memory-unit contact study; not a pinout008,Ports,gold,1,1.1998351857894927,1.0,10.0,0.120000000000001,Schematic internal layout
XBOX360-0737,MemoryContact0_9,XBOX360-0737 · Separate memory-unit contact study; not a pinout009,Ports,gold,1,1.1998351857894924,1.0,10.0,0.120000000000001,Schematic internal layout
XBOX360-0738,MemoryContact0_10,XBOX360-0738 · Separate memory-unit contact study; not a pinout010,Ports,gold,1,1.1998351857894924,1.0,10.0,0.120000000000001,Schematic internal layout
XBOX360-0739,MemoryContact0_11,XBOX360-0739 · Separate memory-unit contact study; not a pinout011,Ports,gold,1,1.1998351857894924,1.0,10.0,0.120000000000001,Schematic internal layout
XBOX360-0740,MemorySocket1Shell,XBOX360-0740 · Independent open connector housing007,Ports,metal,1,800.0315008234627,42.0,18.000000000000014,9.000000000000007,Schematic internal layout
XBOX360-0741,MemorySocket1Back,XBOX360-0741 · Separate connector rear insulator007,Ports,black,1,195.20273889803786,40.949999999999996,0.5999999999999943,7.950000000000003,Schematic internal layout
XBOX360-0742,MemoryTongue1,XBOX360-0742 · Original memory-unit slot insulator001,Ports,black,1,514.7150176727056,36.0,13.0,1.1000000000000014,Schematic internal layout
XBOX360-0743,MemoryContact1_0,XBOX360-0743 · Separate memory-unit contact study; not a pinout012,Ports,gold,1,1.1998351857894924,1.0,10.0,0.120000000000001,Schematic internal layout
XBOX360-0744,MemoryContact1_1,XBOX360-0744 · Separate memory-unit contact study; not a pinout013,Ports,gold,1,1.1998351857894924,1.0,10.0,0.120000000000001,Schematic internal layout
XBOX360-0745,MemoryContact1_2,XBOX360-0745 · Separate memory-unit contact study; not a pinout014,Ports,gold,1,1.1998351857894924,1.0,10.0,0.120000000000001,Schematic internal layout
XBOX360-0746,MemoryContact1_3,XBOX360-0746 · Separate memory-unit contact study; not a pinout015,Ports,gold,1,1.1998351857894924,1.0,10.0,0.120000000000001,Schematic internal layout
XBOX360-0747,MemoryContact1_4,XBOX360-0747 · Separate memory-unit contact study; not a pinout016,Ports,gold,1,1.1998351857894927,1.0,10.0,0.120000000000001,Schematic internal layout
XBOX360-0748,MemoryContact1_5,XBOX360-0748 · Separate memory-unit contact study; not a pinout017,Ports,gold,1,1.1998351857894924,1.0,10.0,0.120000000000001,Schematic internal layout
XBOX360-0749,MemoryContact1_6,XBOX360-0749 · Separate memory-unit contact study; not a pinout018,Ports,gold,1,1.1998351857894924,1.0,10.0,0.120000000000001,Schematic internal layout
XBOX360-0750,MemoryContact1_7,XBOX360-0750 · Separate memory-unit contact study; not a pinout019,Ports,gold,1,1.1998351857894927,1.0,10.0,0.120000000000001,Schematic internal layout
XBOX360-0751,MemoryContact1_8,XBOX360-0751 · Separate memory-unit contact study; not a pinout020,Ports,gold,1,1.1998351857894924,1.0,10.0,0.120000000000001,Schematic internal layout
XBOX360-0752,MemoryContact1_9,XBOX360-0752 · Separate memory-unit contact study; not a pinout021,Ports,gold,1,1.1998351857894924,1.0,10.0,0.120000000000001,Schematic internal layout
XBOX360-0753,MemoryContact1_10,XBOX360-0753 · Separate memory-unit contact study; not a pinout022,Ports,gold,1,1.1998351857894927,1.0,10.0,0.120000000000001,Schematic internal layout
XBOX360-0754,MemoryContact1_11,XBOX360-0754 · Separate memory-unit contact study; not a pinout023,Ports,gold,1,1.1998351857894927,1.0,10.0,0.120000000000001,Schematic internal layout
XBOX360-0755,RFBoard,XBOX360-0755 · Separate original front RF ring-of-light and pairing board004,Wireless,pcb,1,4264.033274605185,94.0,1.2000000000000028,38.0,Schematic internal layout
XBOX360-0756,RFMountLand0,XBOX360-0756 · RF board plated mounting annulus,Wireless,gold,1,0.40903536349738934,3.799999999999997,0.060000000000002274,3.799999999999997,Schematic internal layout
XBOX360-0757,RFMountLand1,XBOX360-0757 · RF board plated mounting annulus001,Wireless,gold,1,0.4090353634973891,3.8000000000000114,0.060000000000002274,3.799999999999997,Schematic internal layout
XBOX360-0758,RFMountLand2,XBOX360-0758 · RF board plated mounting annulus002,Wireless,gold,1,0.4090353634973892,3.799999999999997,0.060000000000002274,3.799999999999997,Schematic internal layout
XBOX360-0759,RFMountLand3,XBOX360-0759 · RF board plated mounting annulus003,Wireless,gold,1,0.4090353634973891,3.8000000000000114,0.060000000000002274,3.799999999999997,Schematic internal layout
XBOX360-0760,RFChip,XBOX360-0760 · Wireless transceiver package envelope,Wireless,black,1,129.95536281798658,10.0,1.2999999999999972,10.0,Schematic internal layout
XBOX360-0761,RFShield,XBOX360-0761 · Separate open-back RF shield can,Wireless,metal,1,85.62079638708181,17.0,1.6000000000000085,17.0,Schematic internal layout
XBOX360-0762,RFCrystal,XBOX360-0762 · Wireless board oscillator envelope,Wireless,metal,1,19.859557428756467,6.0,1.4000000000000057,2.4000000000000057,Schematic internal layout
XBOX360-0763,RFPassive0,XBOX360-0763 · Schematic RF board discrete device,Wireless,black,1,1.7948495559215343,2.5,0.5999999999999943,1.2000000000000028,Schematic internal layout
XBOX360-0764,RFPassive1,XBOX360-0764 · Schematic RF board discrete device001,Wireless,black,1,1.794849555921534,2.5,0.5999999999999943,1.2000000000000028,Schematic internal layout
XBOX360-0765,RFPassive2,XBOX360-0765 · Schematic RF board discrete device002,Wireless,black,1,1.794849555921534,2.5,0.5999999999999943,1.2000000000000028,Schematic internal layout
XBOX360-0766,RFPassive3,XBOX360-0766 · Schematic RF board discrete device003,Wireless,black,1,1.794849555921534,2.5,0.5999999999999943,1.2000000000000028,Schematic internal layout
XBOX360-0767,RFPassive4,XBOX360-0767 · Schematic RF board discrete device004,Wireless,black,1,1.794849555921534,2.5,0.5999999999999943,1.2000000000000028,Schematic internal layout
XBOX360-0768,RFPassive5,XBOX360-0768 · Schematic RF board discrete device005,Wireless,black,1,1.7948495559215343,2.5,0.5999999999999943,1.2000000000000028,Schematic internal layout
XBOX360-0769,RFPassive6,XBOX360-0769 · Schematic RF board discrete device006,Wireless,black,1,1.794849555921534,2.5,0.5999999999999943,1.2000000000000028,Schematic internal layout
XBOX360-0770,RFPassive7,XBOX360-0770 · Schematic RF board discrete device007,Wireless,black,1,1.7948495559215343,2.5,0.5999999999999943,1.2000000000000028,Schematic internal layout
XBOX360-0771,RFPassive8,XBOX360-0771 · Schematic RF board discrete device008,Wireless,black,1,1.7948495559215347,2.5,0.5999999999999943,1.2000000000000028,Schematic internal layout
XBOX360-0772,RFAntenna,XBOX360-0772 · Schematic copper antenna trace,Wireless,copper,1,1.1200000000000445,5.0,0.0799999999999983,6.0,Schematic internal layout
XBOX360-0773,RingLED0,XBOX360-0773 · Separate quadrant LED package,Wireless,led,1,3.9944446785945638,2.4000000000000057,0.7000000000000028,2.4000000000000057,Schematic internal layout
XBOX360-0774,RingLightGuide0,XBOX360-0774 · Separate quadrant light-guide stem,Wireless,white,1,9.07291958356732,1.9000000000000057,3.200000000000003,1.9000000000000057,Schematic internal layout
XBOX360-0775,RingLED1,XBOX360-0775 · Separate quadrant LED package001,Wireless,led,1,3.9944446785945638,2.4000000000000057,0.7000000000000028,2.4000000000000057,Schematic internal layout
XBOX360-0776,RingLightGuide1,XBOX360-0776 · Separate quadrant light-guide stem001,Wireless,white,1,9.07291958356732,1.9000000000000057,3.200000000000003,1.9000000000000057,Schematic internal layout
XBOX360-0777,RingLED2,XBOX360-0777 · Separate quadrant LED package002,Wireless,led,1,3.9944446785945615,2.4000000000000057,0.7000000000000028,2.400000000000002,Schematic internal layout
XBOX360-0778,RingLightGuide2,XBOX360-0778 · Separate quadrant light-guide stem002,Wireless,white,1,9.07291958356732,1.9000000000000057,3.200000000000003,1.9000000000000021,Schematic internal layout
XBOX360-0779,RingLED3,XBOX360-0779 · Separate quadrant LED package003,Wireless,led,1,3.994444678594561,2.4000000000000057,0.7000000000000028,2.400000000000002,Schematic internal layout
XBOX360-0780,RingLightGuide3,XBOX360-0780 · Separate quadrant light-guide stem003,Wireless,white,1,9.07291958356732,1.9000000000000057,3.200000000000003,1.9000000000000021,Schematic internal layout
XBOX360-0781,PowerTactile,XBOX360-0781 · Independent console power tactile switch,Wireless,metal,1,43.03518578948927,6.0,1.2000000000000028,6.0,Schematic internal layout
XBOX360-0782,PowerPlunger,XBOX360-0782 · Separate console power actuator,Controls,ivory,1,20.91044070229366,3.1999999999999886,2.5999999999999943,3.200000000000003,Schematic internal layout
XBOX360-0783,IRDaughterboard,XBOX360-0783 · Front control/sensor board study,Wireless,pcb,1,95.69097335529233,8.0,1.0,12.0,Schematic internal layout
XBOX360-0784,SyncTactile,XBOX360-0784 · Separate pairing tactile switch,Wireless,metal,1,27.415017672705346,5.0,1.0999999999999943,5.0,Schematic internal layout
XBOX360-0785,SyncPlunger,XBOX360-0785 · Pairing-button actuator,Controls,ivory,1,13.571680263507904,2.3999999999999986,3.0,2.3999999999999986,Schematic internal layout
XBOX360-0786,IRReceiver,XBOX360-0786 · Infrared receiver package behind dark window,Wireless,black,1,49.0364600329385,5.5,1.5,6.0000000000000036,Schematic internal layout
XBOX360-0787,CPUThermal,XBOX360-0787 · Separate CPU thermal-interface study,Cooling,thermal,1,51.83690973355295,18.0,18.0,0.16000000000000014,Schematic internal layout
XBOX360-0788,GPUThermal,XBOX360-0788 · Separate GPU thermal-interface study,Cooling,thermal,1,77.43690973355294,22.0,22.0,0.16000000000000014,Schematic internal layout
XBOX360-0789,EDRAMThermal,XBOX360-0789 · Separate eDRAM thermal-interface study,Cooling,thermal,1,13.436909733552927,12.0,7.0,0.16000000000000014,Schematic internal layout
XBOX360-0790,CPUHeatpipe,XBOX360-0790 · Original-style CPU copper heatpipe; photo-guided routing,Cooling,copper,1,1351.4786762777255,49.8001065403251,3.6000002000000038,48.100000201966864,Schematic internal layout
XBOX360-0791,CPUColdplate,XBOX360-0791 · Editable original CPU heatsink base002,Cooling,copper,1,6383.502580025945,58.000000199999995,58.0000002,2.000000211927464,"Approximate original white Xenon enclosure, not manufacturing dimensions"
XBOX360-0792,CPUFin0,XBOX360-0792 · Separate upright CPU cooling fin,Cooling,metal,1,1425.3582724912521,0.6000000000000014,54.0,44.0,Schematic internal layout
XBOX360-0793,CPUFin1,XBOX360-0793 · Separate upright CPU cooling fin001,Cooling,metal,1,1425.3582724912521,0.6000000000000014,54.0,44.0,Schematic internal layout
XBOX360-0794,CPUFin2,XBOX360-0794 · Separate upright CPU cooling fin002,Cooling,metal,1,1425.3582724912521,0.6000000000000014,54.0,44.0,Schematic internal layout
XBOX360-0795,CPUFin3,XBOX360-0795 · Separate upright CPU cooling fin003,Cooling,metal,1,1425.3582724912521,0.6000000000000014,54.0,44.0,Schematic internal layout
XBOX360-0796,CPUFin4,XBOX360-0796 · Separate upright CPU cooling fin004,Cooling,metal,1,1425.3582724912521,0.6000000000000014,54.0,44.0,Schematic internal layout
XBOX360-0797,CPUFin5,XBOX360-0797 · Separate upright CPU cooling fin005,Cooling,metal,1,1419.3477507760413,0.6000002000000109,54.0000001,44.000000199999995,Schematic internal layout
XBOX360-0798,CPUFin6,XBOX360-0798 · Separate upright CPU cooling fin006,Cooling,metal,1,1419.3477294375919,0.6000002000000038,54.0000001,44.000000199999995,Schematic internal layout
XBOX360-0799,CPUFin7,XBOX360-0799 · Separate upright CPU cooling fin007,Cooling,metal,1,1419.347729437592,0.6000002000000038,54.0000001,44.000000199999995,Schematic internal layout
XBOX360-0800,CPUFin8,XBOX360-0800 · Separate upright CPU cooling fin008,Cooling,metal,1,1419.347729437592,0.6000002000000038,54.0000001,44.000000199999995,Schematic internal layout
XBOX360-0801,CPUFin9,XBOX360-0801 · Separate upright CPU cooling fin009,Cooling,metal,1,1419.347729437593,0.6000002000000038,54.0000001,44.000000199999995,Schematic internal layout
XBOX360-0802,CPUFin10,XBOX360-0802 · Separate upright CPU cooling fin010,Cooling,metal,1,1419.347729437593,0.6000002000000038,54.0000001,44.000000199999995,Schematic internal layout
XBOX360-0803,CPUFin11,XBOX360-0803 · Separate upright CPU cooling fin011,Cooling,metal,1,1419.3477294375928,0.6000002000000038,54.0000001,44.000000199999995,Schematic internal layout
XBOX360-0804,CPUFin12,XBOX360-0804 · Separate upright CPU cooling fin012,Cooling,metal,1,1419.3477294375923,0.6000002000000038,54.0000001,44.000000199999995,Schematic internal layout
XBOX360-0805,CPUFin13,XBOX360-0805 · Separate upright CPU cooling fin013,Cooling,metal,1,1419.3477294375923,0.6000002000000038,54.0000001,44.000000199999995,Schematic internal layout
XBOX360-0806,CPUFin14,XBOX360-0806 · Separate upright CPU cooling fin014,Cooling,metal,1,1419.3477294375923,0.6000002000000038,54.0000001,44.000000199999995,Schematic internal layout
XBOX360-0807,CPUFin15,XBOX360-0807 · Separate upright CPU cooling fin015,Cooling,metal,1,1419.3477294375923,0.6000002000000038,54.0000001,44.000000199999995,Schematic internal layout
XBOX360-0808,CPUFin16,XBOX360-0808 · Separate upright CPU cooling fin016,Cooling,metal,1,1419.3477294375925,0.6000002000000038,54.0000001,44.000000199999995,Schematic internal layout
XBOX360-0809,CPUFin17,XBOX360-0809 · Separate upright CPU cooling fin017,Cooling,metal,1,1419.347729437673,0.6000002000000038,54.0000001,44.000000199999995,Schematic internal layout
XBOX360-0810,CPUFin18,XBOX360-0810 · Separate upright CPU cooling fin018,Cooling,metal,1,1419.3477294376728,0.6000002000000109,54.0000001,44.000000199999995,Schematic internal layout
XBOX360-0811,CPUFin19,XBOX360-0811 · Separate upright CPU cooling fin019,Cooling,metal,1,1419.3477294376726,0.6000002000000038,54.0000001,44.000000199999995,Schematic internal layout
XBOX360-0812,CPUFin20,XBOX360-0812 · Separate upright CPU cooling fin020,Cooling,metal,1,1419.347729437673,0.6000002000000109,54.0000001,44.000000199999995,Schematic internal layout
XBOX360-0813,CPUFin21,XBOX360-0813 · Separate upright CPU cooling fin021,Cooling,metal,1,1419.3477289989153,0.6000002000000038,54.0000001,44.000000199999995,Schematic internal layout
XBOX360-0814,CPUFin22,XBOX360-0814 · Separate upright CPU cooling fin022,Cooling,metal,1,1419.3477505494445,0.6000001999999967,54.0000001,44.000000199999995,Schematic internal layout
XBOX360-0815,CPUFin23,XBOX360-0815 · Separate upright CPU cooling fin023,Cooling,metal,1,1419.3477403044278,0.6000001999999967,54.0000001,44.000000199999995,Schematic internal layout
XBOX360-0816,CPUFin24,XBOX360-0816 · Separate upright CPU cooling fin024,Cooling,metal,1,1419.3477290362514,0.6000002000000109,54.0000001,44.000000199999995,Schematic internal layout
XBOX360-0817,GPUColdplate,XBOX360-0817 · Editable original low-profile GPU heatsink base001,Cooling,metal,1,7350.52513864952,64.0,58.0,2.0,"Approximate original white Xenon enclosure, not manufacturing dimensions"
XBOX360-0818,GPUFin0,XBOX360-0818 · Separate original short GPU cooling fin,Cooling,metal,1,529.1230867017588,0.6999999999999886,54.0,14.0,Schematic internal layout
XBOX360-0819,GPUFin1,XBOX360-0819 · Separate original short GPU cooling fin001,Cooling,metal,1,529.1230867017606,0.6999999999999957,54.0,14.0,Schematic internal layout
XBOX360-0820,GPUFin2,XBOX360-0820 · Separate original short GPU cooling fin002,Cooling,metal,1,529.1230867017624,0.7000000000000028,54.0,14.0,Schematic internal layout
XBOX360-0821,GPUFin3,XBOX360-0821 · Separate original short GPU cooling fin003,Cooling,metal,1,529.1230867017624,0.7000000000000028,54.0,14.0,Schematic internal layout
XBOX360-0822,GPUFin4,XBOX360-0822 · Separate original short GPU cooling fin004,Cooling,metal,1,529.1230867017624,0.7000000000000028,54.0,14.0,Schematic internal layout
XBOX360-0823,GPUFin5,XBOX360-0823 · Separate original short GPU cooling fin005,Cooling,metal,1,529.1230867017624,0.7000000000000028,54.0,14.0,Schematic internal layout
XBOX360-0824,GPUFin6,XBOX360-0824 · Separate original short GPU cooling fin006,Cooling,metal,1,529.1230867017624,0.7000000000000028,54.0,14.0,Schematic internal layout
XBOX360-0825,GPUFin7,XBOX360-0825 · Separate original short GPU cooling fin007,Cooling,metal,1,529.1230867017623,0.7000000000000028,54.0,14.0,Schematic internal layout
XBOX360-0826,GPUFin8,XBOX360-0826 · Separate original short GPU cooling fin008,Cooling,metal,1,529.1230867017623,0.7000000000000028,54.0,14.0,Schematic internal layout
XBOX360-0827,GPUFin9,XBOX360-0827 · Separate original short GPU cooling fin009,Cooling,metal,1,529.1230867017623,0.7000000000000028,54.0,14.0,Schematic internal layout
XBOX360-0828,GPUFin10,XBOX360-0828 · Separate original short GPU cooling fin010,Cooling,metal,1,529.1230867017624,0.7000000000000028,54.0,14.0,Schematic internal layout
XBOX360-0829,GPUFin11,XBOX360-0829 · Separate original short GPU cooling fin011,Cooling,metal,1,529.1230867017624,0.7000000000000028,54.0,14.0,Schematic internal layout
XBOX360-0830,GPUFin12,XBOX360-0830 · Separate original short GPU cooling fin012,Cooling,metal,1,529.1230867017624,0.7000000000000028,54.0,14.0,Schematic internal layout
XBOX360-0831,GPUFin13,XBOX360-0831 · Separate original short GPU cooling fin013,Cooling,metal,1,529.1230867017623,0.7000000000000028,54.0,14.0,Schematic internal layout
XBOX360-0832,GPUFin14,XBOX360-0832 · Separate original short GPU cooling fin014,Cooling,metal,1,529.1230867017624,0.7000000000000028,54.0,14.0,Schematic internal layout
XBOX360-0833,GPUFin15,XBOX360-0833 · Separate original short GPU cooling fin015,Cooling,metal,1,529.1230867017624,0.7000000000000028,54.0,14.0,Schematic internal layout
XBOX360-0834,GPUFin16,XBOX360-0834 · Separate original short GPU cooling fin016,Cooling,metal,1,529.1230867017624,0.7000000000000028,54.0,14.0,Schematic internal layout
XBOX360-0835,GPUFin17,XBOX360-0835 · Separate original short GPU cooling fin017,Cooling,metal,1,529.1230867017624,0.7000000000000028,54.0,14.0,Schematic internal layout
XBOX360-0836,GPUFin18,XBOX360-0836 · Separate original short GPU cooling fin018,Cooling,metal,1,529.1230867017623,0.7000000000000028,54.0,14.0,Schematic internal layout
XBOX360-0837,GPUFin19,XBOX360-0837 · Separate original short GPU cooling fin019,Cooling,metal,1,529.1230867017625,0.7000000000000028,54.0,14.0,Schematic internal layout
XBOX360-0838,GPUFin20,XBOX360-0838 · Separate original short GPU cooling fin020,Cooling,metal,1,529.1230867017624,0.7000000000000028,54.0,14.0,Schematic internal layout
XBOX360-0839,GPUFin21,XBOX360-0839 · Separate original short GPU cooling fin021,Cooling,metal,1,529.1230867017623,0.7000000000000028,54.0,14.0,Schematic internal layout
XBOX360-0840,GPUFin22,XBOX360-0840 · Separate original short GPU cooling fin022,Cooling,metal,1,529.1230867017623,0.7000000000000028,54.0,14.0,Schematic internal layout
XBOX360-0841,GPUFin23,XBOX360-0841 · Separate original short GPU cooling fin023,Cooling,metal,1,529.1230867017623,0.7000000000000028,54.0,14.0,Schematic internal layout
XBOX360-0842,GPUFin24,XBOX360-0842 · Separate original short GPU cooling fin024,Cooling,metal,1,529.123086701762,0.7000000000000011,54.0,14.0,Schematic internal layout
XBOX360-0843,GPUFin25,XBOX360-0843 · Separate original short GPU cooling fin025,Cooling,metal,1,529.1230867017615,0.6999999999999993,54.0,14.0,Schematic internal layout
XBOX360-0844,GPUFin26,XBOX360-0844 · Separate original short GPU cooling fin026,Cooling,metal,1,529.1230867017616,0.6999999999999993,54.0,14.0,Schematic internal layout
XBOX360-0845,GPUFin27,XBOX360-0845 · Separate original short GPU cooling fin027,Cooling,metal,1,529.1230867017615,0.6999999999999993,54.0,14.0,Schematic internal layout
XBOX360-0846,GPUFin28,XBOX360-0846 · Separate original short GPU cooling fin028,Cooling,metal,1,529.1230867017616,0.6999999999999993,54.0,14.0,Schematic internal layout
XBOX360-0847,CPUClampPost0,XBOX360-0847 · Independent heatsink retention post,Cooling,metal,1,48.667197194922885,2.700000000000003,2.700000000000003,8.500000000000002,Schematic internal layout
XBOX360-0848,CPUClampWasher0,XBOX360-0848 · Separate insulating clamp washer,Cooling,black,1,7.024601173426777,5.600000000000001,5.599999999999994,0.3999999999999986,Schematic internal layout
XBOX360-0849,CPUClampPost1,XBOX360-0849 · Independent heatsink retention post001,Cooling,metal,1,48.66719719492289,2.700000000000003,2.6999999999999993,8.500000000000002,Schematic internal layout
XBOX360-0850,CPUClampWasher1,XBOX360-0850 · Separate insulating clamp washer001,Cooling,black,1,7.024601173426774,5.600000000000001,5.6000000000000005,0.3999999999999986,Schematic internal layout
XBOX360-0851,CPUClampPost2,XBOX360-0851 · Independent heatsink retention post002,Cooling,metal,1,48.66719719492288,2.6999999999999886,2.700000000000003,8.500000000000002,Schematic internal layout
XBOX360-0852,CPUClampWasher2,XBOX360-0852 · Separate insulating clamp washer002,Cooling,black,1,7.024601173426775,5.599999999999994,5.599999999999994,0.3999999999999986,Schematic internal layout
XBOX360-0853,CPUClampPost3,XBOX360-0853 · Independent heatsink retention post003,Cooling,metal,1,48.66719719492288,2.6999999999999886,2.6999999999999993,8.500000000000002,Schematic internal layout
XBOX360-0854,CPUClampWasher3,XBOX360-0854 · Separate insulating clamp washer003,Cooling,black,1,7.024601173426772,5.599999999999994,5.6000000000000005,0.3999999999999986,Schematic internal layout
XBOX360-0855,CPUXClamp,XBOX360-0855 · Separate underside X-shaped spring retention study,Cooling,metal,1,664.1478322449468,58.44722215136415,58.447222151364144,0.9000000000000004,Schematic internal layout
XBOX360-0856,GPUClampPost0,XBOX360-0856 · Independent heatsink retention post004,Cooling,metal,1,48.66719719492286,2.6999999999999957,2.700000000000003,8.500000000000002,Schematic internal layout
XBOX360-0857,GPUClampWasher0,XBOX360-0857 · Separate insulating clamp washer004,Cooling,black,1,7.024601173426771,5.599999999999994,5.599999999999994,0.3999999999999986,Schematic internal layout
XBOX360-0858,GPUClampPost1,XBOX360-0858 · Independent heatsink retention post005,Cooling,metal,1,48.66719719492287,2.6999999999999957,2.6999999999999993,8.500000000000002,Schematic internal layout
XBOX360-0859,GPUClampWasher1,XBOX360-0859 · Separate insulating clamp washer005,Cooling,black,1,7.024601173426772,5.599999999999994,5.6000000000000005,0.3999999999999986,Schematic internal layout
XBOX360-0860,GPUClampPost2,XBOX360-0860 · Independent heatsink retention post006,Cooling,metal,1,48.667197194922885,2.6999999999999993,2.700000000000003,8.500000000000002,Schematic internal layout
XBOX360-0861,GPUClampWasher2,XBOX360-0861 · Separate insulating clamp washer006,Cooling,black,1,7.024601173426777,5.6000000000000005,5.599999999999994,0.3999999999999986,Schematic internal layout
XBOX360-0862,GPUClampPost3,XBOX360-0862 · Independent heatsink retention post007,Cooling,metal,1,48.667197194922885,2.6999999999999993,2.6999999999999993,8.500000000000002,Schematic internal layout
XBOX360-0863,GPUClampWasher3,XBOX360-0863 · Separate insulating clamp washer007,Cooling,black,1,7.024601173426776,5.6000000000000005,5.6000000000000005,0.3999999999999986,Schematic internal layout
XBOX360-0864,GPUXClamp,XBOX360-0864 · Separate underside X-shaped spring retention study001,Cooling,metal,1,664.1478322449469,58.44722215136415,58.447222151364144,0.9000000000000004,Schematic internal layout
XBOX360-0865,RearFan0Frame,XBOX360-0865 · Separate rear axial fan frame,Cooling,black,1,26995.48163646755,60.0,20.000000000000014,60.0,Schematic internal layout
XBOX360-0866,RearFan0Spoke0,XBOX360-0866 · Separate fan motor support spoke,Cooling,black,1,15.786067931050129,17.35,0.7000000000000028,1.2999999999999972,Schematic internal layout
XBOX360-0867,RearFan0Spoke1,XBOX360-0867 · Separate fan motor support spoke001,Cooling,black,1,15.786067931050162,9.796823876028888,0.7000000000000028,15.6685967060859,Schematic internal layout
XBOX360-0868,RearFan0Spoke2,XBOX360-0868 · Separate fan motor support spoke002,Cooling,black,1,15.786067931050148,9.796823876028899,0.7000000000000028,15.668596706085893,Schematic internal layout
XBOX360-0869,RearFan0MotorPCB,XBOX360-0869 · Separate annular fan driver board,Cooling,pcb,1,138.54423602331002,16.0,0.7000000000000028,16.0,Schematic internal layout
XBOX360-0870,RearFan0Shaft,XBOX360-0870 · Separate axial fan shaft,Cooling,metal,1,34.58265193071643,1.6000000000000014,17.200000000000003,1.5999999999999943,Schematic internal layout
XBOX360-0871,RearFan0Bearing0,XBOX360-0871 · Independent fan bearing sleeve,Cooling,metal,1,14.13716694115407,4.0,1.5,4.0,Schematic internal layout
XBOX360-0872,RearFan0Bearing1,XBOX360-0872 · Independent fan bearing sleeve001,Cooling,metal,1,14.13716694115407,4.0,1.5,4.0,Schematic internal layout
XBOX360-0873,RearFan0Stator,XBOX360-0873 · Separate fan stator core envelope,Cooling,metal,1,84.82300164692442,6.399999999999999,5.0,6.400000000000006,Schematic internal layout
XBOX360-0874,RearFan0Coil0,XBOX360-0874 · Independent fan winding envelope,Cooling,copper,1,14.953981031087412,2.3999999999999986,4.0,2.4000000000000057,Schematic internal layout
XBOX360-0875,RearFan0Coil1,XBOX360-0875 · Independent fan winding envelope001,Cooling,copper,1,14.953981031087412,2.3999999999999986,4.0,2.4000000000000057,Schematic internal layout
XBOX360-0876,RearFan0Coil2,XBOX360-0876 · Independent fan winding envelope002,Cooling,copper,1,14.953981031087412,2.3999999999999986,4.0,2.4000000000000057,Schematic internal layout
XBOX360-0877,RearFan0Magnet,XBOX360-0877 · Separate fan rotor magnet,Cooling,black,1,343.5331566700438,14.400000000000002,9.0,14.400000000000006,Schematic internal layout
XBOX360-0878,RearFan0Hub,XBOX360-0878 · Independent fan rotor drum,Cooling,black,1,1010.8074362925163,18.0,13.0,18.0,Schematic internal layout
XBOX360-0879,RearFan0Cap,XBOX360-0879 · Separate impeller hub cap,Cooling,black,1,175.92918860102867,18.0,0.7000000000000028,18.0,Schematic internal layout
XBOX360-0880,RearFan0Blade0,XBOX360-0880 · Separate twisted axial impeller blade study,Cooling,black,1,1047.7968894828832,16.671527141316922,9.000000199999988,16.507014154060897,Schematic internal layout
XBOX360-0881,RearFan0Blade1,XBOX360-0881 · Separate twisted axial impeller blade study001,Cooling,black,1,1047.796889482883,18.407447343311738,9.000000199999988,19.066704313632933,Schematic internal layout
XBOX360-0882,RearFan0Blade2,XBOX360-0882 · Separate twisted axial impeller blade study002,Cooling,black,1,1047.7968894828834,17.250774627360205,9.000000199999988,18.27705432909054,Schematic internal layout
XBOX360-0883,RearFan0Blade3,XBOX360-0883 · Separate twisted axial impeller blade study003,Cooling,black,1,1047.7968894828832,17.75216081738057,9.000000199999988,16.559203739420894,Schematic internal layout
XBOX360-0884,RearFan0Blade4,XBOX360-0884 · Separate twisted axial impeller blade study004,Cooling,black,1,1047.7968894828825,19.288461502515165,9.000000199999988,18.809564178575,Schematic internal layout
XBOX360-0885,RearFan0Blade5,XBOX360-0885 · Separate twisted axial impeller blade study005,Cooling,black,1,1047.796889482883,16.642105717094633,9.000000199999988,16.402380672931585,Schematic internal layout
XBOX360-0886,RearFan0Blade6,XBOX360-0886 · Separate twisted axial impeller blade study006,Cooling,black,1,1047.7968894828832,19.425163650004922,9.000000199999988,19.332664684631474,Schematic internal layout
XBOX360-0887,RearFan1Frame,XBOX360-0887 · Separate rear axial fan frame001,Cooling,black,1,26995.481636467553,60.0,20.000000000000014,60.0,Schematic internal layout
XBOX360-0888,RearFan1Spoke0,XBOX360-0888 · Separate fan motor support spoke003,Cooling,black,1,15.786067931050129,17.35,0.7000000000000028,1.2999999999999972,Schematic internal layout
XBOX360-0889,RearFan1Spoke1,XBOX360-0889 · Separate fan motor support spoke004,Cooling,black,1,15.786067931050159,9.796823876028888,0.7000000000000028,15.6685967060859,Schematic internal layout
XBOX360-0890,RearFan1Spoke2,XBOX360-0890 · Separate fan motor support spoke005,Cooling,black,1,15.786067931050145,9.796823876028899,0.7000000000000028,15.668596706085893,Schematic internal layout
XBOX360-0891,RearFan1MotorPCB,XBOX360-0891 · Separate annular fan driver board001,Cooling,pcb,1,138.54423602331005,16.0,0.7000000000000028,16.0,Schematic internal layout
XBOX360-0892,RearFan1Shaft,XBOX360-0892 · Separate axial fan shaft001,Cooling,metal,1,34.582651930716445,1.5999999999999943,17.200000000000003,1.5999999999999943,Schematic internal layout
XBOX360-0893,RearFan1Bearing0,XBOX360-0893 · Independent fan bearing sleeve002,Cooling,metal,1,14.137166941154069,4.0,1.5,4.0,Schematic internal layout
XBOX360-0894,RearFan1Bearing1,XBOX360-0894 · Independent fan bearing sleeve003,Cooling,metal,1,14.137166941154069,4.0,1.5,4.0,Schematic internal layout
XBOX360-0895,RearFan1Stator,XBOX360-0895 · Separate fan stator core envelope001,Cooling,metal,1,84.82300164692444,6.400000000000006,5.0,6.400000000000006,Schematic internal layout
XBOX360-0896,RearFan1Coil0,XBOX360-0896 · Independent fan winding envelope003,Cooling,copper,1,14.953981031087405,2.4000000000000057,4.0,2.4000000000000057,Schematic internal layout
XBOX360-0897,RearFan1Coil1,XBOX360-0897 · Independent fan winding envelope004,Cooling,copper,1,14.953981031087405,2.4000000000000057,4.0,2.4000000000000057,Schematic internal layout
XBOX360-0898,RearFan1Coil2,XBOX360-0898 · Independent fan winding envelope005,Cooling,copper,1,14.953981031087405,2.4000000000000057,4.0,2.4000000000000057,Schematic internal layout
XBOX360-0899,RearFan1Magnet,XBOX360-0899 · Separate fan rotor magnet001,Cooling,black,1,343.5331566700438,14.400000000000002,9.0,14.400000000000006,Schematic internal layout
XBOX360-0900,RearFan1Hub,XBOX360-0900 · Independent fan rotor drum001,Cooling,black,1,1010.8074362925154,18.0,13.0,18.0,Schematic internal layout
XBOX360-0901,RearFan1Cap,XBOX360-0901 · Separate impeller hub cap001,Cooling,black,1,175.92918860102867,18.0,0.7000000000000028,18.0,Schematic internal layout
XBOX360-0902,RearFan1Blade0,XBOX360-0902 · Separate twisted axial impeller blade study007,Cooling,black,1,1047.7968894828832,16.671527141316915,9.000000199999988,16.507014154060897,Schematic internal layout
XBOX360-0903,RearFan1Blade1,XBOX360-0903 · Separate twisted axial impeller blade study008,Cooling,black,1,1047.796889482883,18.407447343311734,9.000000199999988,19.066704313632933,Schematic internal layout
XBOX360-0904,RearFan1Blade2,XBOX360-0904 · Separate twisted axial impeller blade study009,Cooling,black,1,1047.7968894828832,17.250774627360215,9.000000199999988,18.27705432909054,Schematic internal layout
XBOX360-0905,RearFan1Blade3,XBOX360-0905 · Separate twisted axial impeller blade study010,Cooling,black,1,1047.7968894828834,17.752160817380577,9.000000199999988,16.559203739420894,Schematic internal layout
XBOX360-0906,RearFan1Blade4,XBOX360-0906 · Separate twisted axial impeller blade study011,Cooling,black,1,1047.7968894828828,19.28846150251517,9.000000199999988,18.809564178575,Schematic internal layout
XBOX360-0907,RearFan1Blade5,XBOX360-0907 · Separate twisted axial impeller blade study012,Cooling,black,1,1047.796889482883,16.642105717094637,9.000000199999988,16.402380672931585,Schematic internal layout
XBOX360-0908,RearFan1Blade6,XBOX360-0908 · Separate twisted axial impeller blade study013,Cooling,black,1,1047.7968894828832,19.42516365000492,9.000000199999988,19.332664684631474,Schematic internal layout
XBOX360-0909,GPUAirDuct,XBOX360-0909 · Separate low GPU branch of original white open-bottom air shroud004,Cooling,ivory,1,7594.972415840085,72.00000019999999,85.00000019999999,38.6500002,Schematic internal layout
XBOX360-0910,CPUAirDuct,XBOX360-0910 · Separate tall CPU branch of original white open-bottom air shroud004,Cooling,ivory,1,11313.924010944767,68.00000019999999,85.00000019999999,38.6500002,Schematic internal layout
XBOX360-0911,AirDuctClip0,XBOX360-0911 · Separate rear shroud retention tab,Cooling,ivory,1,4.1759645943005195,3.0,2.0,0.7000000000000028,Schematic internal layout
XBOX360-0912,AirDuctClip1,XBOX360-0912 · Separate rear shroud retention tab001,Cooling,ivory,1,4.1759645943005195,3.0,2.0,0.7000000000000028,Schematic internal layout
XBOX360-0913,DVDBase,XBOX360-0913 · Editable tray-loading optical drive lower pan,Optical,metal,1,13578.041150082354,138.0,164.0,0.6000000000000014,"Approximate original white Xenon enclosure, not manufacturing dimensions"
XBOX360-0914,DVDSides,XBOX360-0914 · Folded optical drive walls with open tray mouth001,Optical,metal,4,8958.78285413231,137.95,164.0,27.700000000000003,Schematic internal layout
XBOX360-0915,DVDTop,XBOX360-0915 · Editable removable optical drive top cover004,Optical,metal,1,13571.933893963724,138.0,164.0,0.5999999999999943,"Approximate original white Xenon enclosure, not manufacturing dimensions"
XBOX360-0916,DVDTopEmboss,XBOX360-0916 · Separate stamped circular optical-cover reinforcement study,Optical,metal,1,88.73051458940972,122.0,122.0,0.18000000000000682,Schematic internal layout
XBOX360-0917,DVDStudyPlate,XBOX360-0917 · Optical drive study identification plate,Optical,white,1,63.32635043202027,44.0,18.0,0.0799999999999983,Schematic internal layout
XBOX360-0918,DVDStudyMark,XBOX360-0918 · DVD / CAD,Optical,black,7,0.33287111499482486,21.348859260402683,3.4362417107382583,0.01800019999998881,"Approximate original white Xenon enclosure, not manufacturing dimensions"
XBOX360-0919,DVDTopScrew0,XBOX360-0919 · Cross-head fastener009,Optical,metal,1,5.594890655292909,3.0,3.0,3.1299999999999955,Schematic internal layout
XBOX360-0920,DVDMountBush0,XBOX360-0920 · Separate optical-drive mounting isolator,Optical,rubber,1,27.646015351590187,6.3999999999999915,6.400000000000006,1.0,Schematic internal layout
XBOX360-0921,DVDTopScrew1,XBOX360-0921 · Cross-head fastener010,Optical,metal,1,5.594890655292915,3.0,3.0,3.1299999999999955,Schematic internal layout
XBOX360-0922,DVDMountBush1,XBOX360-0922 · Separate optical-drive mounting isolator001,Optical,rubber,1,27.646015351590183,6.4,6.400000000000006,1.0,Schematic internal layout
XBOX360-0923,DVDTopScrew2,XBOX360-0923 · Cross-head fastener011,Optical,metal,1,5.594890655292908,3.0,3.0,3.1299999999999955,Schematic internal layout
XBOX360-0924,DVDMountBush2,XBOX360-0924 · Separate optical-drive mounting isolator002,Optical,rubber,1,27.646015351590187,6.3999999999999915,6.400000000000006,1.0,Schematic internal layout
XBOX360-0925,DVDTopScrew3,XBOX360-0925 · Cross-head fastener012,Optical,metal,1,5.5948906552929145,3.0,3.0,3.1299999999999955,Schematic internal layout
XBOX360-0926,DVDMountBush3,XBOX360-0926 · Separate optical-drive mounting isolator003,Optical,rubber,1,27.646015351590187,6.4,6.400000000000006,1.0,Schematic internal layout
XBOX360-0927,DVDTray,XBOX360-0927 · Editable sliding optical disc tray002,Optical,black,1,22088.69361705432,128.0,147.0,2.0,"Approximate original white Xenon enclosure, not manufacturing dimensions"
XBOX360-0928,DVDTrayRail0,XBOX360-0928 · Separate optical tray slide rail,Optical,white,1,637.7896902001285,2.1999999999999886,145.0,2.0,Schematic internal layout
XBOX360-0929,DVDTrayRail1,XBOX360-0929 · Separate optical tray slide rail001,Optical,white,1,637.7896902001296,2.2000000000000006,145.0,2.0,Schematic internal layout
XBOX360-0930,DVDMedia,XBOX360-0930 · Blank 120 mm optical-media dimensional reference,Optical,metal,1,13359.622759390606,120.0,120.0,1.2000000000000028,Schematic internal layout
XBOX360-0931,DVDSpindleMotor,XBOX360-0931 · Separate optical spindle motor envelope001,Optical,metal,1,976.9096515602821,14.200000000000003,14.200000000000003,6.399999999999999,Schematic internal layout
XBOX360-0932,DVDSpindleShaft,XBOX360-0932 · Separate optical spindle shaft,Optical,metal,1,38.01327110843646,2.200000000000003,2.200000000000003,10.0,Schematic internal layout
XBOX360-0933,DVDSpindleHub,XBOX360-0933 · Separate disc-support hub,Optical,black,1,535.6729633635955,14.400000000000013,14.400000000000002,3.3999999999999986,Schematic internal layout
XBOX360-0934,DVDClamp,XBOX360-0934 · Separate magnetic disc clamp,Optical,white,1,777.5441817634737,26.000000000000007,26.0,1.5,Schematic internal layout
XBOX360-0935,DVDClampMagnet,XBOX360-0935 · Separate clamp magnet,Optical,black,1,97.89202708585795,12.000000000000007,12.0,1.0,Schematic internal layout
XBOX360-0936,DVDPickupRail0,XBOX360-0936 · Separate optical pickup guide rod,Optical,metal,1,147.65485471872017,2.0,47.0,2.0,Schematic internal layout
XBOX360-0937,DVDPickupRail1,XBOX360-0937 · Separate optical pickup guide rod001,Optical,metal,1,147.65485471872023,2.0,47.0,2.0,Schematic internal layout
XBOX360-0938,DVDPickup,XBOX360-0938 · Separate optical pickup sled envelope,Optical,black,1,1852.5663706143591,29.0,16.0,4.0,Schematic internal layout
XBOX360-0939,DVDPickupBearing0,XBOX360-0939 · Separate pickup guide sleeve,Optical,white,1,96.99667317958492,4.199999999999989,10.0,4.200000000000003,Schematic internal layout
XBOX360-0940,DVDPickupBearing1,XBOX360-0940 · Separate pickup guide sleeve001,Optical,white,1,96.99667317958495,4.200000000000003,10.0,4.200000000000003,Schematic internal layout
XBOX360-0941,DVDLensCarrier,XBOX360-0941 · Separate optical objective actuator,Optical,metal,1,99.579380400259,10.0,10.0,1.0,Schematic internal layout
XBOX360-0942,DVDLensBarrel,XBOX360-0942 · Separate objective barrel,Optical,black,1,27.143360527015805,6.800000000000004,6.800000000000011,1.7999999999999972,Schematic internal layout
XBOX360-0943,DVDLens,XBOX360-0943 · Separate objective lens study,Optical,blue,1,9.428704951586365,4.900000000000006,4.900000000000006,0.5,Schematic internal layout
XBOX360-0944,DVDPCB,XBOX360-0944 · Editable optical drive controller board study,Optical,pcb,1,16634.56637061436,118.0,141.0,1.0,"Approximate original white Xenon enclosure, not manufacturing dimensions"
XBOX360-0945,DVDLogic0,XBOX360-0945 · Separate drive controller package study,Optical,black,1,317.81501767270555,17.0,17.0,1.1000000000000014,Schematic internal layout
XBOX360-0946,DVDLogicLead0_-1_0,XBOX360-0946 · Separate optical logic formed-contact study,Optical,metal,1,0.03348411500823415,0.6999999999999886,0.3200000000000074,0.14999999999999858,Schematic internal layout
XBOX360-0947,DVDLogicLead0_1_0,XBOX360-0947 · Separate optical logic formed-contact study001,Optical,metal,1,0.03348411500823416,0.6999999999999886,0.3200000000000074,0.14999999999999858,Schematic internal layout
XBOX360-0948,DVDLogicLead0_-1_1,XBOX360-0948 · Separate optical logic formed-contact study002,Optical,metal,1,0.03348411500823415,0.6999999999999886,0.3200000000000074,0.14999999999999858,Schematic internal layout
XBOX360-0949,DVDLogicLead0_1_1,XBOX360-0949 · Separate optical logic formed-contact study003,Optical,metal,1,0.03348411500823416,0.6999999999999886,0.3200000000000074,0.14999999999999858,Schematic internal layout
XBOX360-0950,DVDLogicLead0_-1_2,XBOX360-0950 · Separate optical logic formed-contact study004,Optical,metal,1,0.03348411500823415,0.6999999999999886,0.3200000000000074,0.14999999999999858,Schematic internal layout
XBOX360-0951,DVDLogicLead0_1_2,XBOX360-0951 · Separate optical logic formed-contact study005,Optical,metal,1,0.03348411500823415,0.6999999999999886,0.3200000000000074,0.14999999999999858,Schematic internal layout
XBOX360-0952,DVDLogicLead0_-1_3,XBOX360-0952 · Separate optical logic formed-contact study006,Optical,metal,1,0.03348411500823415,0.6999999999999886,0.3200000000000074,0.14999999999999858,Schematic internal layout
XBOX360-0953,DVDLogicLead0_1_3,XBOX360-0953 · Separate optical logic formed-contact study007,Optical,metal,1,0.03348411500823416,0.6999999999999886,0.3200000000000074,0.14999999999999858,Schematic internal layout
XBOX360-0954,DVDLogicLead0_-1_4,XBOX360-0954 · Separate optical logic formed-contact study008,Optical,metal,1,0.03348411500823415,0.6999999999999886,0.3200000000000074,0.14999999999999858,Schematic internal layout
XBOX360-0955,DVDLogicLead0_1_4,XBOX360-0955 · Separate optical logic formed-contact study009,Optical,metal,1,0.03348411500823415,0.6999999999999886,0.3200000000000074,0.14999999999999858,Schematic internal layout
XBOX360-0956,DVDLogicLead0_-1_5,XBOX360-0956 · Separate optical logic formed-contact study010,Optical,metal,1,0.03348411500823415,0.6999999999999886,0.3200000000000074,0.14999999999999858,Schematic internal layout
XBOX360-0957,DVDLogicLead0_1_5,XBOX360-0957 · Separate optical logic formed-contact study011,Optical,metal,1,0.03348411500823415,0.6999999999999886,0.3200000000000074,0.14999999999999858,Schematic internal layout
XBOX360-0958,DVDLogicLead0_-1_6,XBOX360-0958 · Separate optical logic formed-contact study012,Optical,metal,1,0.03348411500823415,0.6999999999999886,0.3200000000000074,0.14999999999999858,Schematic internal layout
XBOX360-0959,DVDLogicLead0_1_6,XBOX360-0959 · Separate optical logic formed-contact study013,Optical,metal,1,0.03348411500823415,0.6999999999999886,0.3200000000000074,0.14999999999999858,Schematic internal layout
XBOX360-0960,DVDLogicLead0_-1_7,XBOX360-0960 · Separate optical logic formed-contact study014,Optical,metal,1,0.03348411500823415,0.6999999999999886,0.3200000000000074,0.14999999999999858,Schematic internal layout
XBOX360-0961,DVDLogicLead0_1_7,XBOX360-0961 · Separate optical logic formed-contact study015,Optical,metal,1,0.03348411500823415,0.6999999999999886,0.3200000000000074,0.14999999999999858,Schematic internal layout
XBOX360-0962,DVDLogicLead0_-1_8,XBOX360-0962 · Separate optical logic formed-contact study016,Optical,metal,1,0.03348411500823415,0.6999999999999886,0.3200000000000074,0.14999999999999858,Schematic internal layout
XBOX360-0963,DVDLogicLead0_1_8,XBOX360-0963 · Separate optical logic formed-contact study017,Optical,metal,1,0.03348411500823416,0.6999999999999886,0.3200000000000074,0.14999999999999858,Schematic internal layout
XBOX360-0964,DVDLogicLead0_-1_9,XBOX360-0964 · Separate optical logic formed-contact study018,Optical,metal,1,0.03348411500823415,0.6999999999999886,0.3200000000000074,0.14999999999999858,Schematic internal layout
XBOX360-0965,DVDLogicLead0_1_9,XBOX360-0965 · Separate optical logic formed-contact study019,Optical,metal,1,0.03348411500823415,0.6999999999999886,0.3200000000000074,0.14999999999999858,Schematic internal layout
XBOX360-0966,DVDLogicLead0_-1_10,XBOX360-0966 · Separate optical logic formed-contact study020,Optical,metal,1,0.03348411500823415,0.6999999999999886,0.3200000000000074,0.14999999999999858,Schematic internal layout
XBOX360-0967,DVDLogicLead0_1_10,XBOX360-0967 · Separate optical logic formed-contact study021,Optical,metal,1,0.03348411500823415,0.6999999999999886,0.3200000000000074,0.14999999999999858,Schematic internal layout
XBOX360-0968,DVDLogicLead0_-1_11,XBOX360-0968 · Separate optical logic formed-contact study022,Optical,metal,1,0.03348411500823415,0.6999999999999886,0.3200000000000074,0.14999999999999858,Schematic internal layout
XBOX360-0969,DVDLogicLead0_1_11,XBOX360-0969 · Separate optical logic formed-contact study023,Optical,metal,1,0.03348411500823415,0.6999999999999886,0.3200000000000074,0.14999999999999858,Schematic internal layout
XBOX360-0970,DVDLogic1,XBOX360-0970 · Separate drive controller package study001,Optical,black,1,197.91501767270552,15.0,12.0,1.1000000000000014,Schematic internal layout
XBOX360-0971,DVDLogicLead1_-1_0,XBOX360-0971 · Separate optical logic formed-contact study024,Optical,metal,1,0.033484115008234325,0.7000000000000028,0.3200000000000074,0.14999999999999858,Schematic internal layout
XBOX360-0972,DVDLogicLead1_1_0,XBOX360-0972 · Separate optical logic formed-contact study025,Optical,metal,1,0.033484115008234325,0.7000000000000028,0.3200000000000074,0.14999999999999858,Schematic internal layout
XBOX360-0973,DVDLogicLead1_-1_1,XBOX360-0973 · Separate optical logic formed-contact study026,Optical,metal,1,0.033484115008234325,0.7000000000000028,0.3200000000000074,0.14999999999999858,Schematic internal layout
XBOX360-0974,DVDLogicLead1_1_1,XBOX360-0974 · Separate optical logic formed-contact study027,Optical,metal,1,0.03348411500823433,0.7000000000000028,0.3200000000000074,0.14999999999999858,Schematic internal layout
XBOX360-0975,DVDLogicLead1_-1_2,XBOX360-0975 · Separate optical logic formed-contact study028,Optical,metal,1,0.033484115008234325,0.7000000000000028,0.3200000000000074,0.14999999999999858,Schematic internal layout
XBOX360-0976,DVDLogicLead1_1_2,XBOX360-0976 · Separate optical logic formed-contact study029,Optical,metal,1,0.03348411500823433,0.7000000000000028,0.3200000000000074,0.14999999999999858,Schematic internal layout
XBOX360-0977,DVDLogicLead1_-1_3,XBOX360-0977 · Separate optical logic formed-contact study030,Optical,metal,1,0.033484115008234325,0.7000000000000028,0.3200000000000074,0.14999999999999858,Schematic internal layout
XBOX360-0978,DVDLogicLead1_1_3,XBOX360-0978 · Separate optical logic formed-contact study031,Optical,metal,1,0.03348411500823433,0.7000000000000028,0.3200000000000074,0.14999999999999858,Schematic internal layout
XBOX360-0979,DVDLogicLead1_-1_4,XBOX360-0979 · Separate optical logic formed-contact study032,Optical,metal,1,0.033484115008234325,0.7000000000000028,0.3200000000000074,0.14999999999999858,Schematic internal layout
XBOX360-0980,DVDLogicLead1_1_4,XBOX360-0980 · Separate optical logic formed-contact study033,Optical,metal,1,0.03348411500823433,0.7000000000000028,0.3200000000000074,0.14999999999999858,Schematic internal layout
XBOX360-0981,DVDLogicLead1_-1_5,XBOX360-0981 · Separate optical logic formed-contact study034,Optical,metal,1,0.033484115008234325,0.7000000000000028,0.3200000000000074,0.14999999999999858,Schematic internal layout
XBOX360-0982,DVDLogicLead1_1_5,XBOX360-0982 · Separate optical logic formed-contact study035,Optical,metal,1,0.03348411500823433,0.7000000000000028,0.3200000000000074,0.14999999999999858,Schematic internal layout
XBOX360-0983,DVDLogicLead1_-1_6,XBOX360-0983 · Separate optical logic formed-contact study036,Optical,metal,1,0.033484115008234325,0.7000000000000028,0.3200000000000074,0.14999999999999858,Schematic internal layout
XBOX360-0984,DVDLogicLead1_1_6,XBOX360-0984 · Separate optical logic formed-contact study037,Optical,metal,1,0.033484115008234325,0.7000000000000028,0.3200000000000074,0.14999999999999858,Schematic internal layout
XBOX360-0985,DVDLogicLead1_-1_7,XBOX360-0985 · Separate optical logic formed-contact study038,Optical,metal,1,0.033484115008234325,0.7000000000000028,0.3200000000000074,0.14999999999999858,Schematic internal layout
XBOX360-0986,DVDLogicLead1_1_7,XBOX360-0986 · Separate optical logic formed-contact study039,Optical,metal,1,0.03348411500823433,0.7000000000000028,0.3200000000000074,0.14999999999999858,Schematic internal layout
XBOX360-0987,DVDLogicLead1_-1_8,XBOX360-0987 · Separate optical logic formed-contact study040,Optical,metal,1,0.033484115008234325,0.7000000000000028,0.3200000000000074,0.14999999999999858,Schematic internal layout
XBOX360-0988,DVDLogicLead1_1_8,XBOX360-0988 · Separate optical logic formed-contact study041,Optical,metal,1,0.03348411500823433,0.7000000000000028,0.3200000000000074,0.14999999999999858,Schematic internal layout
XBOX360-0989,DVDLogicLead1_-1_9,XBOX360-0989 · Separate optical logic formed-contact study042,Optical,metal,1,0.033484115008234325,0.7000000000000028,0.3200000000000074,0.14999999999999858,Schematic internal layout
XBOX360-0990,DVDLogicLead1_1_9,XBOX360-0990 · Separate optical logic formed-contact study043,Optical,metal,1,0.03348411500823433,0.7000000000000028,0.3200000000000074,0.14999999999999858,Schematic internal layout
XBOX360-0991,DVDLogicLead1_-1_10,XBOX360-0991 · Separate optical logic formed-contact study044,Optical,metal,1,0.033484115008234436,0.7000000000000028,0.32000000000000384,0.14999999999999858,Schematic internal layout
XBOX360-0992,DVDLogicLead1_1_10,XBOX360-0992 · Separate optical logic formed-contact study045,Optical,metal,1,0.03348411500823444,0.7000000000000028,0.32000000000000384,0.14999999999999858,Schematic internal layout
XBOX360-0993,DVDLogicLead1_-1_11,XBOX360-0993 · Separate optical logic formed-contact study046,Optical,metal,1,0.033484115008234554,0.7000000000000028,0.3200000000000003,0.14999999999999858,Schematic internal layout
XBOX360-0994,DVDLogicLead1_1_11,XBOX360-0994 · Separate optical logic formed-contact study047,Optical,metal,1,0.033484115008234554,0.7000000000000028,0.3200000000000003,0.14999999999999858,Schematic internal layout
XBOX360-0995,DVDLogic2,XBOX360-0995 · Separate drive controller package study002,Optical,black,1,131.91501767270546,12.0,10.0,1.1000000000000014,Schematic internal layout
XBOX360-0996,DVDLogicLead2_-1_0,XBOX360-0996 · Separate optical logic formed-contact study048,Optical,metal,1,0.03348411500823438,0.6999999999999886,0.3200000000000003,0.14999999999999858,Schematic internal layout
XBOX360-0997,DVDLogicLead2_1_0,XBOX360-0997 · Separate optical logic formed-contact study049,Optical,metal,1,0.03348411500823438,0.6999999999999886,0.3200000000000003,0.14999999999999858,Schematic internal layout
XBOX360-0998,DVDLogicLead2_-1_1,XBOX360-0998 · Separate optical logic formed-contact study050,Optical,metal,1,0.03348411500823437,0.6999999999999886,0.3200000000000003,0.14999999999999858,Schematic internal layout
XBOX360-0999,DVDLogicLead2_1_1,XBOX360-0999 · Separate optical logic formed-contact study051,Optical,metal,1,0.03348411500823438,0.6999999999999886,0.3200000000000003,0.14999999999999858,Schematic internal layout
XBOX360-1000,DVDLogicLead2_-1_2,XBOX360-1000 · Separate optical logic formed-contact study052,Optical,metal,1,0.03348411500823437,0.6999999999999886,0.3200000000000003,0.14999999999999858,Schematic internal layout
XBOX360-1001,DVDLogicLead2_1_2,XBOX360-1001 · Separate optical logic formed-contact study053,Optical,metal,1,0.03348411500823438,0.6999999999999886,0.3200000000000003,0.14999999999999858,Schematic internal layout
XBOX360-1002,DVDLogicLead2_-1_3,XBOX360-1002 · Separate optical logic formed-contact study054,Optical,metal,1,0.03348411500823437,0.6999999999999886,0.3200000000000003,0.14999999999999858,Schematic internal layout
XBOX360-1003,DVDLogicLead2_1_3,XBOX360-1003 · Separate optical logic formed-contact study055,Optical,metal,1,0.03348411500823438,0.6999999999999886,0.3200000000000003,0.14999999999999858,Schematic internal layout
XBOX360-1004,DVDLogicLead2_-1_4,XBOX360-1004 · Separate optical logic formed-contact study056,Optical,metal,1,0.03348411500823438,0.6999999999999886,0.3200000000000003,0.14999999999999858,Schematic internal layout
XBOX360-1005,DVDLogicLead2_1_4,XBOX360-1005 · Separate optical logic formed-contact study057,Optical,metal,1,0.03348411500823438,0.6999999999999886,0.3200000000000003,0.14999999999999858,Schematic internal layout
XBOX360-1006,DVDLogicLead2_-1_5,XBOX360-1006 · Separate optical logic formed-contact study058,Optical,metal,1,0.03348411500823438,0.6999999999999886,0.3200000000000003,0.14999999999999858,Schematic internal layout
XBOX360-1007,DVDLogicLead2_1_5,XBOX360-1007 · Separate optical logic formed-contact study059,Optical,metal,1,0.03348411500823438,0.6999999999999886,0.3200000000000003,0.14999999999999858,Schematic internal layout
XBOX360-1008,DVDLogicLead2_-1_6,XBOX360-1008 · Separate optical logic formed-contact study060,Optical,metal,1,0.03348411500823438,0.6999999999999886,0.3200000000000003,0.14999999999999858,Schematic internal layout
XBOX360-1009,DVDLogicLead2_1_6,XBOX360-1009 · Separate optical logic formed-contact study061,Optical,metal,1,0.03348411500823438,0.6999999999999886,0.3200000000000003,0.14999999999999858,Schematic internal layout
XBOX360-1010,DVDLogicLead2_-1_7,XBOX360-1010 · Separate optical logic formed-contact study062,Optical,metal,1,0.03348411500823438,0.6999999999999886,0.3200000000000003,0.14999999999999858,Schematic internal layout
XBOX360-1011,DVDLogicLead2_1_7,XBOX360-1011 · Separate optical logic formed-contact study063,Optical,metal,1,0.03348411500823438,0.6999999999999886,0.3200000000000003,0.14999999999999858,Schematic internal layout
XBOX360-1012,DVDLogicLead2_-1_8,XBOX360-1012 · Separate optical logic formed-contact study064,Optical,metal,1,0.03348411500823438,0.6999999999999886,0.3200000000000003,0.14999999999999858,Schematic internal layout
XBOX360-1013,DVDLogicLead2_1_8,XBOX360-1013 · Separate optical logic formed-contact study065,Optical,metal,1,0.03348411500823438,0.6999999999999886,0.3200000000000003,0.14999999999999858,Schematic internal layout
XBOX360-1014,DVDLogicLead2_-1_9,XBOX360-1014 · Separate optical logic formed-contact study066,Optical,metal,1,0.03348411500823437,0.6999999999999886,0.3200000000000003,0.14999999999999858,Schematic internal layout
XBOX360-1015,DVDLogicLead2_1_9,XBOX360-1015 · Separate optical logic formed-contact study067,Optical,metal,1,0.03348411500823438,0.6999999999999886,0.3200000000000003,0.14999999999999858,Schematic internal layout
XBOX360-1016,DVDLogicLead2_-1_10,XBOX360-1016 · Separate optical logic formed-contact study068,Optical,metal,1,0.03348411500823438,0.6999999999999886,0.3200000000000003,0.14999999999999858,Schematic internal layout
XBOX360-1017,DVDLogicLead2_1_10,XBOX360-1017 · Separate optical logic formed-contact study069,Optical,metal,1,0.03348411500823438,0.6999999999999886,0.3200000000000003,0.14999999999999858,Schematic internal layout
XBOX360-1018,DVDLogicLead2_-1_11,XBOX360-1018 · Separate optical logic formed-contact study070,Optical,metal,1,0.03348411500823437,0.6999999999999886,0.3200000000000003,0.14999999999999858,Schematic internal layout
XBOX360-1019,DVDLogicLead2_1_11,XBOX360-1019 · Separate optical logic formed-contact study071,Optical,metal,1,0.03348411500823438,0.6999999999999886,0.3200000000000003,0.14999999999999858,Schematic internal layout
XBOX360-1020,DVDLogic3,XBOX360-1020 · Separate drive controller package study003,Optical,black,1,89.01501767270541,9.0,9.0,1.1000000000000014,Schematic internal layout
XBOX360-1021,DVDLogicLead3_-1_0,XBOX360-1021 · Separate optical logic formed-contact study072,Optical,metal,1,0.03348411500823455,0.7000000000000028,0.3200000000000003,0.14999999999999858,Schematic internal layout
XBOX360-1022,DVDLogicLead3_1_0,XBOX360-1022 · Separate optical logic formed-contact study073,Optical,metal,1,0.03348411500823456,0.7000000000000028,0.3200000000000003,0.14999999999999858,Schematic internal layout
XBOX360-1023,DVDLogicLead3_-1_1,XBOX360-1023 · Separate optical logic formed-contact study074,Optical,metal,1,0.033484115008234554,0.7000000000000028,0.3200000000000003,0.14999999999999858,Schematic internal layout
XBOX360-1024,DVDLogicLead3_1_1,XBOX360-1024 · Separate optical logic formed-contact study075,Optical,metal,1,0.03348411500823456,0.7000000000000028,0.3200000000000003,0.14999999999999858,Schematic internal layout
XBOX360-1025,DVDLogicLead3_-1_2,XBOX360-1025 · Separate optical logic formed-contact study076,Optical,metal,1,0.03348411500823455,0.7000000000000028,0.3200000000000003,0.14999999999999858,Schematic internal layout
XBOX360-1026,DVDLogicLead3_1_2,XBOX360-1026 · Separate optical logic formed-contact study077,Optical,metal,1,0.03348411500823456,0.7000000000000028,0.3200000000000003,0.14999999999999858,Schematic internal layout
XBOX360-1027,DVDLogicLead3_-1_3,XBOX360-1027 · Separate optical logic formed-contact study078,Optical,metal,1,0.033484115008234554,0.7000000000000028,0.3200000000000003,0.14999999999999858,Schematic internal layout
XBOX360-1028,DVDLogicLead3_1_3,XBOX360-1028 · Separate optical logic formed-contact study079,Optical,metal,1,0.03348411500823456,0.7000000000000028,0.3200000000000003,0.14999999999999858,Schematic internal layout
XBOX360-1029,DVDLogicLead3_-1_4,XBOX360-1029 · Separate optical logic formed-contact study080,Optical,metal,1,0.03348411500823455,0.7000000000000028,0.3200000000000003,0.14999999999999858,Schematic internal layout
XBOX360-1030,DVDLogicLead3_1_4,XBOX360-1030 · Separate optical logic formed-contact study081,Optical,metal,1,0.03348411500823456,0.7000000000000028,0.3200000000000003,0.14999999999999858,Schematic internal layout
XBOX360-1031,DVDLogicLead3_-1_5,XBOX360-1031 · Separate optical logic formed-contact study082,Optical,metal,1,0.03348411500823455,0.7000000000000028,0.3200000000000003,0.14999999999999858,Schematic internal layout
XBOX360-1032,DVDLogicLead3_1_5,XBOX360-1032 · Separate optical logic formed-contact study083,Optical,metal,1,0.03348411500823456,0.7000000000000028,0.3200000000000003,0.14999999999999858,Schematic internal layout
XBOX360-1033,DVDLogicLead3_-1_6,XBOX360-1033 · Separate optical logic formed-contact study084,Optical,metal,1,0.03348411500823455,0.7000000000000028,0.3200000000000003,0.14999999999999858,Schematic internal layout
XBOX360-1034,DVDLogicLead3_1_6,XBOX360-1034 · Separate optical logic formed-contact study085,Optical,metal,1,0.03348411500823456,0.7000000000000028,0.3200000000000003,0.14999999999999858,Schematic internal layout
XBOX360-1035,DVDLogicLead3_-1_7,XBOX360-1035 · Separate optical logic formed-contact study086,Optical,metal,1,0.03348411500823455,0.7000000000000028,0.3200000000000003,0.14999999999999858,Schematic internal layout
XBOX360-1036,DVDLogicLead3_1_7,XBOX360-1036 · Separate optical logic formed-contact study087,Optical,metal,1,0.03348411500823456,0.7000000000000028,0.3200000000000003,0.14999999999999858,Schematic internal layout
XBOX360-1037,DVDLogicLead3_-1_8,XBOX360-1037 · Separate optical logic formed-contact study088,Optical,metal,1,0.03348411500823455,0.7000000000000028,0.3200000000000003,0.14999999999999858,Schematic internal layout
XBOX360-1038,DVDLogicLead3_1_8,XBOX360-1038 · Separate optical logic formed-contact study089,Optical,metal,1,0.033484115008234554,0.7000000000000028,0.3200000000000003,0.14999999999999858,Schematic internal layout
XBOX360-1039,DVDLogicLead3_-1_9,XBOX360-1039 · Separate optical logic formed-contact study090,Optical,metal,1,0.03348411500823456,0.7000000000000028,0.3200000000000003,0.14999999999999858,Schematic internal layout
XBOX360-1040,DVDLogicLead3_1_9,XBOX360-1040 · Separate optical logic formed-contact study091,Optical,metal,1,0.03348411500823456,0.7000000000000028,0.3200000000000003,0.14999999999999858,Schematic internal layout
XBOX360-1041,DVDLogicLead3_-1_10,XBOX360-1041 · Separate optical logic formed-contact study092,Optical,metal,1,0.03348411500823456,0.7000000000000028,0.3200000000000003,0.14999999999999858,Schematic internal layout
XBOX360-1042,DVDLogicLead3_1_10,XBOX360-1042 · Separate optical logic formed-contact study093,Optical,metal,1,0.03348411500823456,0.7000000000000028,0.3200000000000003,0.14999999999999858,Schematic internal layout
XBOX360-1043,DVDLogicLead3_-1_11,XBOX360-1043 · Separate optical logic formed-contact study094,Optical,metal,1,0.03348411500823455,0.7000000000000028,0.3200000000000003,0.14999999999999858,Schematic internal layout
XBOX360-1044,DVDLogicLead3_1_11,XBOX360-1044 · Separate optical logic formed-contact study095,Optical,metal,1,0.03348411500823456,0.7000000000000028,0.3200000000000003,0.14999999999999858,Schematic internal layout
XBOX360-1045,DVDCap0,XBOX360-1045 · Separate optical-drive capacitor,Optical,battery,1,38.013271108436484,4.400000000000006,4.400000000000006,2.5,Schematic internal layout
XBOX360-1046,DVDCap1,XBOX360-1046 · Separate optical-drive capacitor001,Optical,battery,1,38.01327110843648,4.399999999999999,4.400000000000006,2.5,Schematic internal layout
XBOX360-1047,DVDCap2,XBOX360-1047 · Separate optical-drive capacitor002,Optical,battery,1,38.01327110843651,4.400000000000006,4.399999999999999,2.5,Schematic internal layout
XBOX360-1048,DVDCap3,XBOX360-1048 · Separate optical-drive capacitor003,Optical,battery,1,38.0132711084365,4.399999999999999,4.399999999999999,2.5,Schematic internal layout
XBOX360-1049,DVDLoadMotor,XBOX360-1049 · Separate tray-loading motor envelope001,Optical,metal,1,216.76989309769564,7.599999999999994,7.599999999999994,5.0,Schematic internal layout
XBOX360-1050,DVDLoadShaft,XBOX360-1050 · Separate tray-loading shaft,Optical,metal,1,6.652322443976406,1.0999999999999943,1.0999999999999943,7.0,Schematic internal layout
XBOX360-1051,DVDLoadPulley,XBOX360-1051 · Separate loading-motor pulley,Optical,white,1,9.801769079200168,3.5999999999999943,3.5999999999999943,1.2000000000000028,Schematic internal layout
XBOX360-1052,DVDLoadBelt,XBOX360-1052 · Separate tray-loading belt loop,Optical,rubber,1,9.480056311502379,14.800000000000011,4.800000000000011,0.7000000000000028,Schematic internal layout
XBOX360-1053,DVDLoadGear0,XBOX360-1053 · Separate loading reduction gear study,Optical,white,1,76.50060293706393,9.155699485384218,9.155699485384218,1.3999999999999986,Schematic internal layout
XBOX360-1054,DVDLoadGearAxle0,XBOX360-1054 · Separate loading reduction axle,Optical,metal,1,4.29769875011084,1.1999999999999886,1.1999999999999886,3.799999999999997,Schematic internal layout
XBOX360-1055,DVDLoadGear1,XBOX360-1055 · Separate loading reduction gear study001,Optical,white,1,76.500602937064,9.155699485384218,9.155699485384218,1.3999999999999986,Schematic internal layout
XBOX360-1056,DVDLoadGearAxle1,XBOX360-1056 · Separate loading reduction axle001,Optical,metal,1,4.29769875011084,1.1999999999999886,1.1999999999999886,3.799999999999997,Schematic internal layout
XBOX360-1057,DVDLoadGear2,XBOX360-1057 · Separate loading reduction gear study002,Optical,white,1,76.50060293706389,9.155699485384218,9.155699485384218,1.3999999999999986,Schematic internal layout
XBOX360-1058,DVDLoadGearAxle2,XBOX360-1058 · Separate loading reduction axle002,Optical,metal,1,4.29769875011084,1.1999999999999886,1.1999999999999886,3.799999999999997,Schematic internal layout
XBOX360-1059,DVDDrivenPulley,XBOX360-1059 · Separate belt-driven reduction pulley,Optical,white,1,8.168140899333471,3.5999999999999943,3.5999999999999943,1.0,Schematic internal layout
XBOX360-1060,DVDLoadingRack,XBOX360-1060 · Separate molded tray loading rack study,Optical,white,1,169.34098449493408,2.1999999999999886,70.0,1.1000000000000014,Schematic internal layout
XBOX360-1061,DVDLoadingTooth0,XBOX360-1061 · Separate illustrative rack tooth,Optical,white,1,0.4758796447372342,0.8000000000000114,0.8000000000000114,0.75,Schematic internal layout
XBOX360-1062,DVDLoadingTooth1,XBOX360-1062 · Separate illustrative rack tooth001,Optical,white,1,0.4758796447372342,0.8000000000000114,0.8000000000000114,0.75,Schematic internal layout
XBOX360-1063,DVDLoadingTooth2,XBOX360-1063 · Separate illustrative rack tooth002,Optical,white,1,0.4758796447372343,0.8000000000000114,0.8000000000000114,0.75,Schematic internal layout
XBOX360-1064,DVDLoadingTooth3,XBOX360-1064 · Separate illustrative rack tooth003,Optical,white,1,0.4758796447372343,0.8000000000000114,0.8000000000000114,0.75,Schematic internal layout
XBOX360-1065,DVDLoadingTooth4,XBOX360-1065 · Separate illustrative rack tooth004,Optical,white,1,0.4758796447372343,0.8000000000000114,0.8000000000000114,0.75,Schematic internal layout
XBOX360-1066,DVDLoadingTooth5,XBOX360-1066 · Separate illustrative rack tooth005,Optical,white,1,0.4758796447372343,0.8000000000000114,0.8000000000000114,0.75,Schematic internal layout
XBOX360-1067,DVDLoadingTooth6,XBOX360-1067 · Separate illustrative rack tooth006,Optical,white,1,0.4758796447372343,0.8000000000000114,0.8000000000000114,0.75,Schematic internal layout
XBOX360-1068,DVDLoadingTooth7,XBOX360-1068 · Separate illustrative rack tooth007,Optical,white,1,0.4758796447372343,0.8000000000000114,0.8000000000000114,0.75,Schematic internal layout
XBOX360-1069,DVDLoadingTooth8,XBOX360-1069 · Separate illustrative rack tooth008,Optical,white,1,0.4758796447372343,0.8000000000000114,0.8000000000000114,0.75,Schematic internal layout
XBOX360-1070,DVDLoadingTooth9,XBOX360-1070 · Separate illustrative rack tooth009,Optical,white,1,0.4758796447372343,0.8000000000000114,0.8000000000000114,0.75,Schematic internal layout
XBOX360-1071,DVDLoadingTooth10,XBOX360-1071 · Separate illustrative rack tooth010,Optical,white,1,0.4758796447372343,0.8000000000000114,0.8000000000000114,0.75,Schematic internal layout
XBOX360-1072,DVDLoadingTooth11,XBOX360-1072 · Separate illustrative rack tooth011,Optical,white,1,0.4758796447372343,0.8000000000000114,0.8000000000000114,0.75,Schematic internal layout
XBOX360-1073,DVDLoadingTooth12,XBOX360-1073 · Separate illustrative rack tooth012,Optical,white,1,0.4758796447372343,0.8000000000000114,0.8000000000000114,0.75,Schematic internal layout
XBOX360-1074,DVDLoadingTooth13,XBOX360-1074 · Separate illustrative rack tooth013,Optical,white,1,0.4758796447372343,0.8000000000000114,0.8000000000000114,0.75,Schematic internal layout
XBOX360-1075,DVDLoadingTooth14,XBOX360-1075 · Separate illustrative rack tooth014,Optical,white,1,0.4758796447372343,0.8000000000000114,0.8000000000000114,0.75,Schematic internal layout
XBOX360-1076,DVDLoadingTooth15,XBOX360-1076 · Separate illustrative rack tooth015,Optical,white,1,0.4758796447372342,0.8000000000000114,0.8000000000000114,0.75,Schematic internal layout
XBOX360-1077,DVDLoadingTooth16,XBOX360-1077 · Separate illustrative rack tooth016,Optical,white,1,0.4758796447372343,0.8000000000000114,0.8000000000000114,0.75,Schematic internal layout
XBOX360-1078,DVDLoadingTooth17,XBOX360-1078 · Separate illustrative rack tooth017,Optical,white,1,0.4758796447372342,0.8000000000000114,0.8000000000000114,0.75,Schematic internal layout
XBOX360-1079,DVDLoadingTooth18,XBOX360-1079 · Separate illustrative rack tooth018,Optical,white,1,0.4758796447372342,0.8000000000000114,0.8000000000000114,0.75,Schematic internal layout
XBOX360-1080,DVDLoadingTooth19,XBOX360-1080 · Separate illustrative rack tooth019,Optical,white,1,0.47587964473723215,0.8000000000000114,0.7999999999999972,0.75,Schematic internal layout
XBOX360-1081,DVDLoadingTooth20,XBOX360-1081 · Separate illustrative rack tooth020,Optical,white,1,0.4758796447372322,0.8000000000000114,0.7999999999999972,0.75,Schematic internal layout
XBOX360-1082,DVDLoadingTooth21,XBOX360-1082 · Separate illustrative rack tooth021,Optical,white,1,0.4758796447372322,0.8000000000000114,0.7999999999999972,0.75,Schematic internal layout
XBOX360-1083,DVDLoadingTooth22,XBOX360-1083 · Separate illustrative rack tooth022,Optical,white,1,0.4758796447372322,0.8000000000000114,0.7999999999999972,0.75,Schematic internal layout
XBOX360-1084,DVDLoadingTooth23,XBOX360-1084 · Separate illustrative rack tooth023,Optical,white,1,0.4758796447372322,0.8000000000000114,0.7999999999999972,0.75,Schematic internal layout
XBOX360-1085,DVDLoadingTooth24,XBOX360-1085 · Separate illustrative rack tooth024,Optical,white,1,0.4758796447372322,0.8000000000000114,0.7999999999999972,0.75,Schematic internal layout
XBOX360-1086,DVDPickupFFC,XBOX360-1086 · Separate optical pickup flex path study,Optical,copper,1,44.655043202072214,30.000000000000135,22.500000000000142,0.14000000000000057,Schematic internal layout
XBOX360-1087,DVDFFCLatch0,XBOX360-1087 · Separate pickup flex latch study,Optical,black,1,12.772530964914857,8.0,2.0,0.7999999999999972,Schematic internal layout
XBOX360-1088,DVDFFCLatch1,XBOX360-1088 · Separate pickup flex latch study001,Optical,black,1,12.772530964914859,8.0,2.0,0.7999999999999972,Schematic internal layout
XBOX360-1089,DVDDataSocket,XBOX360-1089 · Separate optical drive rear connector housing,Optical,black,1,241.06159265358974,14.0,8.000000000000007,6.0,Schematic internal layout
XBOX360-1090,DVDDataContact0,XBOX360-1090 · Separate drive connector terminal study,Optical,gold,1,0.37488411500823343,0.5,5.0,0.14999999999999858,Schematic internal layout
XBOX360-1091,DVDDataContact1,XBOX360-1091 · Separate drive connector terminal study001,Optical,gold,1,0.37488411500823343,0.5,5.0,0.14999999999999858,Schematic internal layout
XBOX360-1092,DVDDataContact2,XBOX360-1092 · Separate drive connector terminal study002,Optical,gold,1,0.37488411500823343,0.5,5.0,0.14999999999999858,Schematic internal layout
XBOX360-1093,DVDDataContact3,XBOX360-1093 · Separate drive connector terminal study003,Optical,gold,1,0.37488411500823343,0.5,5.0,0.14999999999999858,Schematic internal layout
XBOX360-1094,DVDDataContact4,XBOX360-1094 · Separate drive connector terminal study004,Optical,gold,1,0.3748841150082335,0.5,5.0,0.14999999999999858,Schematic internal layout
XBOX360-1095,DVDDataContact5,XBOX360-1095 · Separate drive connector terminal study005,Optical,gold,1,0.3748841150082335,0.5,5.0,0.14999999999999858,Schematic internal layout
XBOX360-1096,DVDDataContact6,XBOX360-1096 · Separate drive connector terminal study006,Optical,gold,1,0.37488411500823354,0.5,5.0,0.14999999999999858,Schematic internal layout
XBOX360-1097,DVDPowerSocket,XBOX360-1097 · Separate optical drive rear connector housing001,Optical,black,1,298.6615926535899,18.0,8.000000000000007,6.0,Schematic internal layout
XBOX360-1098,DVDPowerContact0,XBOX360-1098 · Separate drive connector terminal study007,Optical,gold,1,0.3748841150082335,0.5,5.0,0.14999999999999858,Schematic internal layout
XBOX360-1099,DVDPowerContact1,XBOX360-1099 · Separate drive connector terminal study008,Optical,gold,1,0.3748841150082335,0.5,5.0,0.14999999999999858,Schematic internal layout
XBOX360-1100,DVDPowerContact2,XBOX360-1100 · Separate drive connector terminal study009,Optical,gold,1,0.3748841150082335,0.5,5.0,0.14999999999999858,Schematic internal layout
XBOX360-1101,DVDPowerContact3,XBOX360-1101 · Separate drive connector terminal study010,Optical,gold,1,0.3748841150082335,0.5,5.0,0.14999999999999858,Schematic internal layout
XBOX360-1102,DVDPowerContact4,XBOX360-1102 · Separate drive connector terminal study011,Optical,gold,1,0.3748841150082335,0.5,5.0,0.14999999999999858,Schematic internal layout
XBOX360-1103,DVDPowerContact5,XBOX360-1103 · Separate drive connector terminal study012,Optical,gold,1,0.3748841150082335,0.5,5.0,0.14999999999999858,Schematic internal layout
XBOX360-1104,DVDPowerContact6,XBOX360-1104 · Separate drive connector terminal study013,Optical,gold,1,0.3748841150082335,0.5,5.0,0.14999999999999858,Schematic internal layout
XBOX360-1105,DVDPowerContact7,XBOX360-1105 · Separate drive connector terminal study014,Optical,gold,1,0.3748841150082335,0.5,5.0,0.14999999999999858,Schematic internal layout
XBOX360-1106,DVDPowerContact8,XBOX360-1106 · Separate drive connector terminal study015,Optical,gold,1,0.3748841150082335,0.5,5.0,0.14999999999999858,Schematic internal layout
XBOX360-1107,DVDPowerContact9,XBOX360-1107 · Separate drive connector terminal study016,Optical,gold,1,0.3748841150082335,0.5,5.0,0.14999999999999858,Schematic internal layout
XBOX360-1108,DVDPowerContact10,XBOX360-1108 · Separate drive connector terminal study017,Optical,gold,1,0.3748841150082335,0.5,5.0,0.14999999999999858,Schematic internal layout
XBOX360-1109,DVDPowerContact11,XBOX360-1109 · Separate drive connector terminal study018,Optical,gold,1,0.3748841150082335,0.5,5.0,0.14999999999999858,Schematic internal layout
XBOX360-1110,HDDCaddy,XBOX360-1110 · Removable original Premium hard-drive end housing002,Storage,ventgray,1,65962.0223674096,20.0,210.0,75.0,Schematic internal layout
XBOX360-1111,HDDTrim,XBOX360-1111 · Independent chrome end-housing insert,Storage,chrome,1,924.9716694115233,0.19999999999998863,146.0,33.0,Schematic internal layout
XBOX360-1112,HDDCapacityMark,XBOX360-1112 · 20 GB,Storage,ventgray,4,0.32596009000158055,0.01800019999998881,14.981543824161072,3.8979867771812096,"Approximate original white Xenon enclosure, not manufacturing dimensions"
XBOX360-1113,HDDRelease,XBOX360-1113 · Separate removable-drive release button,Storage,ventgray,1,202.5398163397449,1.0,14.0,16.0,Schematic internal layout
XBOX360-1114,HDDDockLatch0,XBOX360-1114 · Separate removable-drive docking hook study,Storage,metal,1,118.71238898038467,1.5,8.0,10.0,Schematic internal layout
XBOX360-1115,HDDDockLatch1,XBOX360-1115 · Separate removable-drive docking hook study001,Storage,metal,1,118.71238898038467,1.5,8.0,10.0,Schematic internal layout
XBOX360-1116,HDDMetalBase,XBOX360-1116 · Separate 2.5-inch hard-drive metal base study001,Storage,metal,1,6851.075517802775,6.5,100.0,69.85,Schematic internal layout
XBOX360-1117,HDDMetalCover,XBOX360-1117 · Separate removable hard-drive metal cover004,Storage,metal,1,4184.114336052686,0.5999999999999943,100.0,69.85,Schematic internal layout
XBOX360-1118,HDDDriveLabel,XBOX360-1118 · Blank hard-drive study label,Storage,white,1,194.34849555921787,0.060000000000002274,72.0,45.0,Schematic internal layout
XBOX360-1119,HDDDriveMark,XBOX360-1119 · 20 GB / CAD,Storage,black,8,0.3798644433674209,0.01800019999998881,24.922147851006716,3.4362417107382583,"Approximate original white Xenon enclosure, not manufacturing dimensions"
XBOX360-1120,HDDPCB,XBOX360-1120 · Independent hard-drive controller board,Storage,pcb,1,4150.853096491507,0.8000000000000114,88.0,59.0,Schematic internal layout
XBOX360-1121,HDDChip0,XBOX360-1121 · Separate hard-drive controller package study,Storage,black,1,324.83046900494145,0.9000000000000057,19.0,19.0,Schematic internal layout
XBOX360-1122,HDDChip1,XBOX360-1122 · Separate hard-drive controller package study001,Storage,black,1,97.13046900494098,0.9000000000000057,12.0,9.0,Schematic internal layout
XBOX360-1123,HDDChip2,XBOX360-1123 · Separate hard-drive controller package study002,Storage,black,1,98.93046900494097,0.9000000000000057,11.0,10.0,Schematic internal layout
XBOX360-1124,HDDCoverFastener0,XBOX360-1124 · Separate hard-drive cover screw head study,Storage,metal,1,1.327322896141688,0.25,2.5999999999999943,2.6000000000000014,Schematic internal layout
XBOX360-1125,HDDCoverFastener1,XBOX360-1125 · Separate hard-drive cover screw head study001,Storage,metal,1,1.327322896141689,0.25,2.5999999999999943,2.5999999999999943,Schematic internal layout
XBOX360-1126,HDDCoverFastener2,XBOX360-1126 · Separate hard-drive cover screw head study002,Storage,metal,1,1.327322896141688,0.25,2.5999999999999943,2.6000000000000014,Schematic internal layout
XBOX360-1127,HDDCoverFastener3,XBOX360-1127 · Separate hard-drive cover screw head study003,Storage,metal,1,1.327322896141689,0.25,2.5999999999999943,2.5999999999999943,Schematic internal layout
XBOX360-1128,HDDPlatter,XBOX360-1128 · Separate hard-drive platter study,Storage,metal,1,1758.9274612624722,0.6500000000000057,61.0,61.0,Schematic internal layout
XBOX360-1129,HDDSpindle,XBOX360-1129 · Independent hard-drive spindle hub,Storage,metal,1,321.69908772759436,1.5999999999999943,16.0,16.0,Schematic internal layout
XBOX360-1130,HDDPivot,XBOX360-1130 · Separate voice-coil actuator pivot,Storage,metal,1,165.40485321150254,2.5999999999999943,9.0,9.0,Schematic internal layout
XBOX360-1131,HDDActuatorArm,XBOX360-1131 · Separate hard-drive head actuator arm study,Storage,metal,1,258.3750000000008,0.6500000000000057,41.0,35.0,Schematic internal layout
XBOX360-1132,HDDHead,XBOX360-1132 · Separate magnetic-head envelope,Storage,black,1,1.8012223392972668,0.3499999999999943,2.5999999999999996,2.0,Schematic internal layout
XBOX360-1133,HDDVoiceCoil,XBOX360-1133 · Separate actuator voice-coil envelope,Storage,copper,1,54.29867228626945,0.5999999999999943,15.0,12.0,Schematic internal layout
XBOX360-1134,HDDActuatorMagnet,XBOX360-1134 · Separate actuator magnet envelope,Storage,black,1,114.7681408993338,0.6500000000000057,15.0,12.0,Schematic internal layout
XBOX360-1135,HDDDockSocket,XBOX360-1135 · Separate proprietary removable-drive dock housing study,Storage,black,1,183.38362787842328,5.0,24.0,8.0,Schematic internal layout
XBOX360-1136,HDDDockTongue,XBOX360-1136 · Separate removable-drive dock tongue study,Storage,black,1,95.86265482457445,4.0,20.0,1.2000000000000028,Schematic internal layout
XBOX360-1137,HDDDockContact0,XBOX360-1137 · Separate illustrative docking contact; not a pinout,Storage,gold,1,0.2136823001646946,3.0,0.6000000000000085,0.12000000000000455,Schematic internal layout
XBOX360-1138,HDDDockContact1,XBOX360-1138 · Separate illustrative docking contact; not a pinout001,Storage,gold,1,0.21368230016469464,3.0,0.6000000000000085,0.12000000000000455,Schematic internal layout
XBOX360-1139,HDDDockContact2,XBOX360-1139 · Separate illustrative docking contact; not a pinout002,Storage,gold,1,0.2136823001646946,3.0,0.6000000000000085,0.12000000000000455,Schematic internal layout
XBOX360-1140,HDDDockContact3,XBOX360-1140 · Separate illustrative docking contact; not a pinout003,Storage,gold,1,0.21368230016469464,3.0,0.6000000000000085,0.12000000000000455,Schematic internal layout
XBOX360-1141,HDDDockContact4,XBOX360-1141 · Separate illustrative docking contact; not a pinout004,Storage,gold,1,0.21368230016469467,3.0,0.6000000000000085,0.12000000000000455,Schematic internal layout
XBOX360-1142,HDDDockContact5,XBOX360-1142 · Separate illustrative docking contact; not a pinout005,Storage,gold,1,0.21368230016469464,3.0,0.6000000000000014,0.12000000000000455,Schematic internal layout
XBOX360-1143,HDDDockContact6,XBOX360-1143 · Separate illustrative docking contact; not a pinout006,Storage,gold,1,0.21368230016469458,3.0,0.5999999999999943,0.12000000000000455,Schematic internal layout
XBOX360-1144,HDDDockContact7,XBOX360-1144 · Separate illustrative docking contact; not a pinout007,Storage,gold,1,0.2136823001646946,3.0,0.5999999999999943,0.12000000000000455,Schematic internal layout
XBOX360-1145,HDDDockContact8,XBOX360-1145 · Separate illustrative docking contact; not a pinout008,Storage,gold,1,0.2136823001646946,3.0,0.5999999999999943,0.12000000000000455,Schematic internal layout
XBOX360-1146,HDDDockContact9,XBOX360-1146 · Separate illustrative docking contact; not a pinout009,Storage,gold,1,0.21368230016469458,3.0,0.5999999999999943,0.12000000000000455,Schematic internal layout
XBOX360-1147,HDDDockContact10,XBOX360-1147 · Separate illustrative docking contact; not a pinout010,Storage,gold,1,0.21368230016469458,3.0,0.5999999999999943,0.12000000000000455,Schematic internal layout
XBOX360-1148,HDDDockContact11,XBOX360-1148 · Separate illustrative docking contact; not a pinout011,Storage,gold,1,0.21368230016469458,3.0,0.5999999999999943,0.12000000000000455,Schematic internal layout
XBOX360-1149,HDDDockContact12,XBOX360-1149 · Separate illustrative docking contact; not a pinout012,Storage,gold,1,0.21368230016469458,3.0,0.5999999999999943,0.12000000000000455,Schematic internal layout
XBOX360-1150,HDDDockContact13,XBOX360-1150 · Separate illustrative docking contact; not a pinout013,Storage,gold,1,0.21368230016469458,3.0,0.5999999999999943,0.12000000000000455,Schematic internal layout
XBOX360-1151,HDDDockContact14,XBOX360-1151 · Separate illustrative docking contact; not a pinout014,Storage,gold,1,0.21368230016469458,3.0,0.5999999999999943,0.12000000000000455,Schematic internal layout
XBOX360-1152,HDDDockContact15,XBOX360-1152 · Separate illustrative docking contact; not a pinout015,Storage,gold,1,0.21368230016469458,3.0,0.5999999999999943,0.12000000000000455,Schematic internal layout
XBOX360-1153,HDDDriveConnector,XBOX360-1153 · Separate drive-edge cable carrier study,Storage,black,1,250.07716754404112,3.0,6.0,14.0,Schematic internal layout
XBOX360-1154,HDDShortFlex,XBOX360-1154 · Separate removable-drive internal flex study,Storage,copper,1,38.84137166941203,0.18000000000000682,18.0,12.0,Schematic internal layout
XBOX360-1155,SATADataHeader,XBOX360-1155 · Separate internal board header study,Wiring,black,1,171.43306180925254,15.0,7.0,4.0,Schematic internal layout
XBOX360-1156,SATADataHeaderPin0,XBOX360-1156 · Separate illustrative board-header contact,Wiring,gold,1,0.39533801952774,0.4399999999999977,0.4399999999999977,2.6000000000000014,Schematic internal layout
XBOX360-1157,SATADataHeaderPin1,XBOX360-1157 · Separate illustrative board-header contact001,Wiring,gold,1,0.39533801952774,0.4399999999999977,0.4399999999999977,2.6000000000000014,Schematic internal layout
XBOX360-1158,SATADataHeaderPin2,XBOX360-1158 · Separate illustrative board-header contact002,Wiring,gold,1,0.39533801952774,0.4399999999999977,0.4399999999999977,2.6000000000000014,Schematic internal layout
XBOX360-1159,SATADataHeaderPin3,XBOX360-1159 · Separate illustrative board-header contact003,Wiring,gold,1,0.39533801952774,0.4399999999999977,0.4399999999999977,2.6000000000000014,Schematic internal layout
XBOX360-1160,SATADataHeaderPin4,XBOX360-1160 · Separate illustrative board-header contact004,Wiring,gold,1,0.39533801952774,0.4399999999999977,0.4399999999999977,2.6000000000000014,Schematic internal layout
XBOX360-1161,SATADataHeaderPin5,XBOX360-1161 · Separate illustrative board-header contact005,Wiring,gold,1,0.39533801952774,0.4399999999999977,0.4399999999999977,2.6000000000000014,Schematic internal layout
XBOX360-1162,SATADataHeaderPin6,XBOX360-1162 · Separate illustrative board-header contact006,Wiring,gold,1,0.39533801952774,0.4399999999999977,0.4399999999999977,2.6000000000000014,Schematic internal layout
XBOX360-1163,DVDDataCable,XBOX360-1163 · Independent internal cable route study,Wiring,red,1,120.89849224776997,9.000000199999988,8.800000099999998,26.4000001,Schematic internal layout
XBOX360-1164,DVDPowerHeader,XBOX360-1164 · Separate internal board header study001,Wiring,black,1,201.49306180925234,18.0,7.0,4.0,Schematic internal layout
XBOX360-1165,DVDPowerHeaderPin0,XBOX360-1165 · Separate illustrative board-header contact007,Wiring,gold,1,0.3953380195277414,0.4399999999999977,0.4399999999999977,2.6000000000000014,Schematic internal layout
XBOX360-1166,DVDPowerHeaderPin1,XBOX360-1166 · Separate illustrative board-header contact008,Wiring,gold,1,0.3953380195277414,0.4399999999999977,0.4399999999999977,2.6000000000000014,Schematic internal layout
XBOX360-1167,DVDPowerHeaderPin2,XBOX360-1167 · Separate illustrative board-header contact009,Wiring,gold,1,0.3953380195277414,0.4399999999999977,0.4399999999999977,2.6000000000000014,Schematic internal layout
XBOX360-1168,DVDPowerHeaderPin3,XBOX360-1168 · Separate illustrative board-header contact010,Wiring,gold,1,0.3953380195277414,0.4399999999999977,0.4399999999999977,2.6000000000000014,Schematic internal layout
XBOX360-1169,DVDPowerHeaderPin4,XBOX360-1169 · Separate illustrative board-header contact011,Wiring,gold,1,0.39533801952774134,0.4399999999999977,0.4399999999999977,2.6000000000000014,Schematic internal layout
XBOX360-1170,DVDPowerHeaderPin5,XBOX360-1170 · Separate illustrative board-header contact012,Wiring,gold,1,0.3953380195277414,0.4399999999999977,0.4399999999999977,2.6000000000000014,Schematic internal layout
XBOX360-1171,DVDPowerHeaderPin6,XBOX360-1171 · Separate illustrative board-header contact013,Wiring,gold,1,0.3953380195277414,0.4399999999999977,0.4399999999999977,2.6000000000000014,Schematic internal layout
XBOX360-1172,DVDPowerHeaderPin7,XBOX360-1172 · Separate illustrative board-header contact014,Wiring,gold,1,0.39533801952774134,0.4399999999999977,0.4399999999999977,2.6000000000000014,Schematic internal layout
XBOX360-1173,DVDPowerHeaderPin8,XBOX360-1173 · Separate illustrative board-header contact015,Wiring,gold,1,0.39533801952774134,0.4399999999999977,0.4399999999999977,2.6000000000000014,Schematic internal layout
XBOX360-1174,DVDPowerHeaderPin9,XBOX360-1174 · Separate illustrative board-header contact016,Wiring,gold,1,0.39533801952774134,0.4399999999999977,0.4399999999999977,2.6000000000000014,Schematic internal layout
XBOX360-1175,DVDPowerHeaderPin10,XBOX360-1175 · Separate illustrative board-header contact017,Wiring,gold,1,0.39533801952774134,0.4399999999999977,0.4399999999999977,2.6000000000000014,Schematic internal layout
XBOX360-1176,DVDPowerHeaderPin11,XBOX360-1176 · Separate illustrative board-header contact018,Wiring,gold,1,0.3953380195277414,0.4399999999999977,0.4399999999999977,2.6000000000000014,Schematic internal layout
XBOX360-1177,DVDPowerWire0,XBOX360-1177 · Independent internal cable route study001,Wiring,white,1,9.86769381432502,8.500000199999988,18.05000009999999,25.6500001,Schematic internal layout
XBOX360-1178,DVDPowerWire1,XBOX360-1178 · Independent internal cable route study002,Wiring,black,1,9.867693814325023,8.500000199999988,18.05000009999999,25.6500001,Schematic internal layout
XBOX360-1179,DVDPowerWire2,XBOX360-1179 · Independent internal cable route study003,Wiring,white,1,9.86769381432502,8.500000199999988,18.05000009999999,25.6500001,Schematic internal layout
XBOX360-1180,DVDPowerWire3,XBOX360-1180 · Independent internal cable route study004,Wiring,black,1,9.86769381432502,8.500000199999988,18.05000009999999,25.6500001,Schematic internal layout
XBOX360-1181,RFLinkHeader,XBOX360-1181 · Separate internal board header study002,Wiring,black,1,121.33306180925237,10.0,7.0,4.0,Schematic internal layout
XBOX360-1182,RFLinkHeaderPin0,XBOX360-1182 · Separate illustrative board-header contact019,Wiring,gold,1,0.3953380195277399,0.4399999999999977,0.4399999999999977,2.6000000000000014,Schematic internal layout
XBOX360-1183,RFLinkHeaderPin1,XBOX360-1183 · Separate illustrative board-header contact020,Wiring,gold,1,0.39533801952773984,0.4399999999999977,0.4399999999999977,2.6000000000000014,Schematic internal layout
XBOX360-1184,RFLinkHeaderPin2,XBOX360-1184 · Separate illustrative board-header contact021,Wiring,gold,1,0.39533801952773984,0.4399999999999977,0.4399999999999977,2.6000000000000014,Schematic internal layout
XBOX360-1185,RFLinkHeaderPin3,XBOX360-1185 · Separate illustrative board-header contact022,Wiring,gold,1,0.39533801952773984,0.4399999999999977,0.4399999999999977,2.6000000000000014,Schematic internal layout
XBOX360-1186,RFLinkBoardPlug,XBOX360-1186 · Separate RF board interconnect carrier study,Wireless,white,1,97.84548667764618,7.0,2.0,7.0,Schematic internal layout
XBOX360-1187,RFLinkWire0,XBOX360-1187 · Independent internal cable route study005,Wiring,white,1,3.0780745135048653,0.36000020000000177,16.380000100000004,20.0800001,Schematic internal layout
XBOX360-1188,RFLinkWire1,XBOX360-1188 · Independent internal cable route study006,Wiring,white,1,3.0780745135048644,0.36000020000000177,16.380000100000004,20.0800001,Schematic internal layout
XBOX360-1189,RFLinkWire2,XBOX360-1189 · Independent internal cable route study007,Wiring,white,1,3.0780745135048653,0.36000020000000177,16.380000100000004,20.0800001,Schematic internal layout
XBOX360-1190,RFLinkWire3,XBOX360-1190 · Independent internal cable route study008,Wiring,white,1,3.078074513504866,0.36000020000000177,16.380000100000004,20.0800001,Schematic internal layout
XBOX360-1191,IRLinkHeader,XBOX360-1191 · Separate internal board header study003,Wiring,black,1,121.33306180925226,10.0,7.0,4.0,Schematic internal layout
XBOX360-1192,IRLinkHeaderPin0,XBOX360-1192 · Separate illustrative board-header contact023,Wiring,gold,1,0.3953380195277384,0.4399999999999977,0.4399999999999977,2.6000000000000014,Schematic internal layout
XBOX360-1193,IRLinkHeaderPin1,XBOX360-1193 · Separate illustrative board-header contact024,Wiring,gold,1,0.3953380195277384,0.4399999999999977,0.4399999999999977,2.6000000000000014,Schematic internal layout
XBOX360-1194,IRLinkHeaderPin2,XBOX360-1194 · Separate illustrative board-header contact025,Wiring,gold,1,0.3953380195277414,0.4399999999999977,0.4399999999999977,2.6000000000000014,Schematic internal layout
XBOX360-1195,IRLinkWire0,XBOX360-1195 · Independent internal cable route study009,Wiring,black,1,3.14141077563814,10.360000199999945,19.88000010000006,7.0800000999999995,Schematic internal layout
XBOX360-1196,IRLinkWire1,XBOX360-1196 · Independent internal cable route study010,Wiring,black,1,3.14141077563814,10.360000199999945,19.88000010000006,7.0800000999999995,Schematic internal layout
XBOX360-1197,IRLinkWire2,XBOX360-1197 · Independent internal cable route study011,Wiring,black,1,3.141410775638139,10.360000199999945,19.88000010000006,7.0800000999999995,Schematic internal layout
XBOX360-1198,FanLink0Header,XBOX360-1198 · Separate internal board header study004,Wiring,black,1,121.33306180925217,10.0,7.0,4.0,Schematic internal layout
XBOX360-1199,FanLink0HeaderPin0,XBOX360-1199 · Separate illustrative board-header contact026,Wiring,gold,1,0.3953380195277414,0.4399999999999977,0.4399999999999977,2.6000000000000014,Schematic internal layout
XBOX360-1200,FanLink0HeaderPin1,XBOX360-1200 · Separate illustrative board-header contact027,Wiring,gold,1,0.3953380195277414,0.4399999999999977,0.4399999999999977,2.6000000000000014,Schematic internal layout
XBOX360-1201,FanLink0HeaderPin2,XBOX360-1201 · Separate illustrative board-header contact028,Wiring,gold,1,0.3953380195277414,0.4399999999999977,0.4399999999999977,2.6000000000000014,Schematic internal layout
XBOX360-1202,FanWire0_0,XBOX360-1202 · Independent internal cable route study012,Wiring,black,1,8.568849607410767,53.1600002,15.880000100000004,17.280000100000002,Schematic internal layout
XBOX360-1203,FanWire0_1,XBOX360-1203 · Independent internal cable route study013,Wiring,red,1,8.568849607410762,52.3600002,15.880000100000004,18.0800001,Schematic internal layout
XBOX360-1204,FanWire0_2,XBOX360-1204 · Independent internal cable route study014,Wiring,white,1,8.568849607410767,51.560000200000005,15.880000100000004,18.880000099999997,Schematic internal layout
XBOX360-1205,FanLink1Header,XBOX360-1205 · Separate internal board header study005,Wiring,black,1,121.33306180925226,10.0,7.0,4.0,Schematic internal layout
XBOX360-1206,FanLink1HeaderPin0,XBOX360-1206 · Separate illustrative board-header contact029,Wiring,gold,1,0.3953380195277414,0.4399999999999977,0.4399999999999977,2.6000000000000014,Schematic internal layout
XBOX360-1207,FanLink1HeaderPin1,XBOX360-1207 · Separate illustrative board-header contact030,Wiring,gold,1,0.3953380195277414,0.4399999999999977,0.4399999999999977,2.6000000000000014,Schematic internal layout
XBOX360-1208,FanLink1HeaderPin2,XBOX360-1208 · Separate illustrative board-header contact031,Wiring,gold,1,0.3953380195277414,0.4399999999999977,0.4399999999999977,2.6000000000000014,Schematic internal layout
XBOX360-1209,FanWire1_0,XBOX360-1209 · Independent internal cable route study015,Wiring,black,1,7.388113424485563,46.560000200000005,10.880000100000004,17.280000100000002,Schematic internal layout
XBOX360-1210,FanWire1_1,XBOX360-1210 · Independent internal cable route study016,Wiring,red,1,7.55097358764766,47.3600002,10.880000100000004,18.0800001,Schematic internal layout
XBOX360-1211,FanWire1_2,XBOX360-1211 · Independent internal cable route study017,Wiring,white,1,7.713833750809756,48.1600002,10.880000100000004,18.880000099999997,Schematic internal layout
XBOX360-1212,HDDLinkHeader,XBOX360-1212 · Separate internal board header study006,Wiring,black,1,121.33306180925234,10.0,7.0,4.0,Schematic internal layout
XBOX360-1213,HDDLinkHeaderPin0,XBOX360-1213 · Separate illustrative board-header contact032,Wiring,gold,1,0.39533801952773706,0.4399999999999977,0.4399999999999977,2.6000000000000014,Schematic internal layout
XBOX360-1214,HDDLinkHeaderPin1,XBOX360-1214 · Separate illustrative board-header contact033,Wiring,gold,1,0.39533801952773706,0.4399999999999977,0.4399999999999977,2.6000000000000014,Schematic internal layout
XBOX360-1215,HDDLinkHeaderPin2,XBOX360-1215 · Separate illustrative board-header contact034,Wiring,gold,1,0.395338019527737,0.4399999999999977,0.4399999999999977,2.6000000000000014,Schematic internal layout
XBOX360-1216,HDDLinkHeaderPin3,XBOX360-1216 · Separate illustrative board-header contact035,Wiring,gold,1,0.39533801952773706,0.4399999999999977,0.4399999999999977,2.6000000000000014,Schematic internal layout
XBOX360-1217,HDDLinkHeaderPin4,XBOX360-1217 · Separate illustrative board-header contact036,Wiring,gold,1,0.39533801952773534,0.4399999999999977,0.4399999999999977,2.6000000000000014,Schematic internal layout
XBOX360-1218,HDDLinkHeaderPin5,XBOX360-1218 · Separate illustrative board-header contact037,Wiring,gold,1,0.39533801952774,0.4399999999999977,0.4399999999999977,2.6000000000000014,Schematic internal layout
XBOX360-1219,HDDInternalCable,XBOX360-1219 · Independent internal cable route study018,Wiring,black,1,144.37506690232362,22.550000100000034,11.100000199999954,18.450000100000004,Schematic internal layout
XBOX360-1220,UpperShield,XBOX360-1220 · Editable curved upper electromagnetic shield002,Shielding,metal,1,16687.095625320886,288.0000002000007,237.0000002,5.850000200000181,Schematic internal layout
XBOX360-1221,CasePillar0,XBOX360-1221 · Separate case screw guide sleeve,Frame,ivory,1,523.5731192582938,3.6000000000000227,3.5999999999999943,66.2,Schematic internal layout
XBOX360-1222,CaseLowerSupport0,XBOX360-1222 · Separate lower case support boss,Frame,ivory,1,25.786192500665006,4.0,4.0,5.699999999999999,Schematic internal layout
XBOX360-1223,CaseLongScrew0,XBOX360-1223 · Cross-head fastener013,Frame,metal,1,84.0301786867561,2.8000000000000114,2.8000000000000114,68.33,Schematic internal layout
XBOX360-1224,CasePillar1,XBOX360-1224 · Separate case screw guide sleeve001,Frame,ivory,1,523.5731192582938,3.6000000000000227,3.5999999999999943,66.2,Schematic internal layout
XBOX360-1225,CaseLowerSupport1,XBOX360-1225 · Separate lower case support boss001,Frame,ivory,1,25.786192500665006,4.0,4.0,5.699999999999999,Schematic internal layout
XBOX360-1226,CaseLongScrew1,XBOX360-1226 · Cross-head fastener014,Frame,metal,1,84.0301786867561,2.8000000000000114,2.8000000000000114,68.33,Schematic internal layout
XBOX360-1227,CasePillar2,XBOX360-1227 · Separate case screw guide sleeve002,Frame,ivory,1,523.5731192582938,3.6000000000000227,3.5999999999999943,66.2,Schematic internal layout
XBOX360-1228,CaseLowerSupport2,XBOX360-1228 · Separate lower case support boss002,Frame,ivory,1,25.78619250066501,4.0,4.0,5.699999999999999,Schematic internal layout
XBOX360-1229,CaseLongScrew2,XBOX360-1229 · Cross-head fastener015,Frame,metal,1,84.03017868675609,2.8000000000000114,2.8000000000000114,68.33,Schematic internal layout
XBOX360-1230,CasePillar3,XBOX360-1230 · Separate case screw guide sleeve003,Frame,ivory,1,523.5731192582938,3.6000000000000227,3.5999999999999943,66.2,Schematic internal layout
XBOX360-1231,CaseLowerSupport3,XBOX360-1231 · Separate lower case support boss003,Frame,ivory,1,25.78619250066501,4.0,4.0,5.699999999999999,Schematic internal layout
XBOX360-1232,CaseLongScrew3,XBOX360-1232 · Cross-head fastener016,Frame,metal,1,84.03017868675609,2.8000000000000114,2.8000000000000114,68.33,Schematic internal layout
XBOX360-1233,CaseWordmark0,XBOX360-1233 · X,Body,ivory,1,0.282282394374106,6.43241916916033,7.516778523489933,0.11554906500140305,"Approximate original white Xenon enclosure, not manufacturing dimensions"
XBOX360-1234,CaseWordmark1,XBOX360-1234 · B,Body,ivory,1,0.38924479381556304,5.330425676654556,7.516778723489933,0.0748828006169191,"Approximate original white Xenon enclosure, not manufacturing dimensions"
XBOX360-1235,CaseWordmark2,XBOX360-1235 · O,Body,ivory,1,0.3569879444619479,6.956354484619276,7.795973354362415,0.06097708799123325,"Approximate original white Xenon enclosure, not manufacturing dimensions"
XBOX360-1236,CaseWordmark3,XBOX360-1236 · X001,Body,ivory,1,0.28228239437409985,6.432907103385757,7.516778523489933,0.02883898942256735,"Approximate original white Xenon enclosure, not manufacturing dimensions"
XBOX360-1237,CaseWordmark4,XBOX360-1237 · 3,Body,ivory,1,0.2653512229178737,4.947986310971066,7.795973354362415,0.05412694303474552,"Approximate original white Xenon enclosure, not manufacturing dimensions"
XBOX360-1238,CaseWordmark5,XBOX360-1238 · 6,Body,ivory,1,0.327275051461677,5.189448837941274,7.795973354362415,0.07920800199187283,"Approximate original white Xenon enclosure, not manufacturing dimensions"
XBOX360-1239,CaseWordmark6,XBOX360-1239 · 0,Body,ivory,1,0.3108894756993242,5.194235163347521,7.795973354362415,0.10260658638974007,"Approximate original white Xenon enclosure, not manufacturing dimensions"
XBOX360-1240,ShellClip0,XBOX360-1240 · Separate internal case retention tab study,Frame,ivory,1,22.18453530019425,1.5,5.0,3.0,Schematic internal layout
XBOX360-1241,ShellClip1,XBOX360-1241 · Separate internal case retention tab study001,Frame,ivory,1,22.18453530019425,1.5,5.0,3.0,Schematic internal layout
XBOX360-1242,ShellClip2,XBOX360-1242 · Separate internal case retention tab study002,Frame,ivory,1,22.18453530019425,1.5,5.0,3.0,Schematic internal layout
XBOX360-1243,ShellClip3,XBOX360-1243 · Separate internal case retention tab study003,Frame,ivory,1,22.18453530019425,1.5,5.0,3.0,Schematic internal layout
XBOX360-1244,ShellClip4,XBOX360-1244 · Separate internal case retention tab study004,Frame,ivory,1,22.18453530019425,1.5,5.0,3.0,Schematic internal layout
XBOX360-1245,ShellClip5,XBOX360-1245 · Separate internal case retention tab study005,Frame,ivory,1,22.18453530019425,1.5,5.0,3.0,Schematic internal layout
XBOX360-1246,ShellClip6,XBOX360-1246 · Separate internal case retention tab study006,Frame,ivory,1,22.18453530019425,1.5,5.0,3.0,Schematic internal layout
XBOX360-1247,ShellClip7,XBOX360-1247 · Separate internal case retention tab study007,Frame,ivory,1,22.18453530019425,1.5,5.0,3.0,Schematic internal layout
XBOX360-1248,PadBack,XBOX360-1248 · PadBack008,Controller,ivory,2,29312.198923855747,154.43824692327865,105.31797436658735,20.70000020666123,"Approximate original white Xenon enclosure, not manufacturing dimensions"
XBOX360-1249,PadFront,XBOX360-1249 · PadFront003,Controller,ivory,1,24847.771813574036,154.00000020000002,104.98744402508282,11.000000200032172,"Approximate original white Xenon enclosure, not manufacturing dimensions"
XBOX360-1250,PadStickDome0,XBOX360-1250 · Separate original analog-stick dust dome,Controller,ventgray,1,1798.1952750372325,23.178438256276024,23.178438256276024,5.0,Schematic internal layout
XBOX360-1251,PadStickStem0,XBOX360-1251 · Separate analog-stick shaft002,Controller,ventgray,1,161.075738534856,5.200000000000003,5.199999999999989,12.200000000000003,Schematic internal layout
XBOX360-1252,PadStickCap0,XBOX360-1252 · Concave original rubber thumb cap,Controller,rubber,1,634.4477779851127,19.799999999999997,19.80000000000001,2.6000000000000014,"Approximate original white Xenon enclosure, not manufacturing dimensions"
XBOX360-1253,PadStickNub0_0,XBOX360-1253 · Separate thumb-cap tactile dot study,Controller,rubber,1,0.16964600329384877,1.2000000000000028,1.1999999999999886,0.14999999999999858,"Approximate original white Xenon enclosure, not manufacturing dimensions"
XBOX360-1254,PadStickNub0_1,XBOX360-1254 · Separate thumb-cap tactile dot study001,Controller,rubber,1,0.16964600329384877,1.2000000000000028,1.1999999999999886,0.14999999999999858,"Approximate original white Xenon enclosure, not manufacturing dimensions"
XBOX360-1255,PadStickNub0_2,XBOX360-1255 · Separate thumb-cap tactile dot study002,Controller,rubber,1,0.16964600329384855,1.2000000000000028,1.1999999999999886,0.14999999999999858,"Approximate original white Xenon enclosure, not manufacturing dimensions"
XBOX360-1256,PadStickNub0_3,XBOX360-1256 · Separate thumb-cap tactile dot study003,Controller,rubber,1,0.16964600329384855,1.2000000000000028,1.1999999999999886,0.14999999999999858,"Approximate original white Xenon enclosure, not manufacturing dimensions"
XBOX360-1257,PadStickDome1,XBOX360-1257 · Separate original analog-stick dust dome001,Controller,ventgray,1,1798.1952750372327,23.178438256276024,23.178438256275967,5.0,Schematic internal layout
XBOX360-1258,PadStickStem1,XBOX360-1258 · Separate analog-stick shaft003,Controller,ventgray,1,161.07573853485525,5.200000000000003,5.2000000000000455,12.200000000000003,Schematic internal layout
XBOX360-1259,PadStickCap1,XBOX360-1259 · Concave original rubber thumb cap001,Controller,rubber,1,634.4477779851122,19.800000000000004,19.799999999999955,2.6000000000000014,"Approximate original white Xenon enclosure, not manufacturing dimensions"
XBOX360-1260,PadStickNub1_0,XBOX360-1260 · Separate thumb-cap tactile dot study004,Controller,rubber,1,0.1696460032938471,1.200000000000001,1.2000000000000455,0.14999999999999858,"Approximate original white Xenon enclosure, not manufacturing dimensions"
XBOX360-1261,PadStickNub1_1,XBOX360-1261 · Separate thumb-cap tactile dot study005,Controller,rubber,1,0.16964600329384724,1.2000000000000028,1.2000000000000455,0.14999999999999858,"Approximate original white Xenon enclosure, not manufacturing dimensions"
XBOX360-1262,PadStickNub1_2,XBOX360-1262 · Separate thumb-cap tactile dot study006,Controller,rubber,1,0.1696460032938471,1.2000000000000028,1.2000000000000455,0.14999999999999858,"Approximate original white Xenon enclosure, not manufacturing dimensions"
XBOX360-1263,PadStickNub1_3,XBOX360-1263 · Separate thumb-cap tactile dot study007,Controller,rubber,1,0.1696460032938471,1.2000000000000028,1.2000000000000455,0.14999999999999858,"Approximate original white Xenon enclosure, not manufacturing dimensions"
XBOX360-1264,PadDPadDish,XBOX360-1264 · Separate original fixed circular D-pad carrier,Controller,ventgray,1,1122.8837542093324,29.0,29.0,1.7000000000000028,"Approximate original white Xenon enclosure, not manufacturing dimensions"
XBOX360-1265,PadDPadRim,XBOX360-1265 · Separate fixed D-pad perimeter rim,Controller,ventgray,1,79.84357729098303,30.400000000000006,30.399999999999977,1.7000000000000028,"Approximate original white Xenon enclosure, not manufacturing dimensions"
XBOX360-1266,PadDPadCross,XBOX360-1266 · Original fixed cross; no later transforming mechanism,Controller,ventgray,1,520.2743338823094,25.0,25.0,2.0,"Approximate original white Xenon enclosure, not manufacturing dimensions"
XBOX360-1267,PadButtonY,XBOX360-1267 · Separate colored Y button,Controller,yellow,1,403.87860059396223,8.600000000000001,8.600000000000023,7.0,"Approximate original white Xenon enclosure, not manufacturing dimensions"
XBOX360-1268,PadButtonMarkY,XBOX360-1268 · Y,Controller,white,1,0.0404007196589545,2.772546140939596,3.2885906040268367,0.018000000000000682,"Approximate original white Xenon enclosure, not manufacturing dimensions"
XBOX360-1269,PadButtonX,XBOX360-1269 · Separate colored X button,Controller,blue,1,403.87860059396223,8.600000100000006,8.600000000000023,7.000000100000001,"Approximate original white Xenon enclosure, not manufacturing dimensions"
XBOX360-1270,PadButtonMarkX,XBOX360-1270 · X002,Controller,white,1,0.054030614548173435,2.814387583892618,3.2885906040268367,0.018000000000000682,"Approximate original white Xenon enclosure, not manufacturing dimensions"
XBOX360-1271,PadButtonB,XBOX360-1271 · Separate colored B button,Controller,red,1,403.87860059396223,8.600000000000001,8.600000000000023,7.0,"Approximate original white Xenon enclosure, not manufacturing dimensions"
XBOX360-1272,PadButtonMarkB,XBOX360-1272 · B001,Controller,white,1,0.07450388631626696,2.3321100993288653,3.288590804026825,0.01800020000000302,"Approximate original white Xenon enclosure, not manufacturing dimensions"
XBOX360-1273,PadButtonA,XBOX360-1273 · Separate colored A button,Controller,xboxgreen,1,403.8786005939622,8.600000100000003,8.600000000000023,7.000000100000001,"Approximate original white Xenon enclosure, not manufacturing dimensions"
XBOX360-1274,PadButtonMarkA,XBOX360-1274 · A,Controller,white,1,0.05915101161159782,3.0125838926174566,3.288590604026865,0.018000000000000682,"Approximate original white Xenon enclosure, not manufacturing dimensions"
XBOX360-1275,PadGuide,XBOX360-1275 · Separate original Xbox Guide button,Controller,chrome,1,618.3596820060789,16.2,16.19999999999999,3.0,"Approximate original white Xenon enclosure, not manufacturing dimensions"
XBOX360-1276,PadGuideCarrier,XBOX360-1276 · Separate four-sector player ring carrier,Controller,ventgray,1,73.92167513896777,19.4,19.399999999999977,1.0,"Approximate original white Xenon enclosure, not manufacturing dimensions"
XBOX360-1277,PadGuideQuadrant0,XBOX360-1277 · Separate controller player-light sector,Controller,xboxgreen,1,3.907094063514511,8.763245103494047,8.763245103494029,0.5,"Approximate original white Xenon enclosure, not manufacturing dimensions"
XBOX360-1278,PadGuideQuadrant1,XBOX360-1278 · Separate controller player-light sector001,Controller,xboxgreen,1,3.907094063514509,8.76324510349405,8.763245103494029,0.5,"Approximate original white Xenon enclosure, not manufacturing dimensions"
XBOX360-1279,PadGuideQuadrant2,XBOX360-1279 · Separate controller player-light sector002,Controller,xboxgreen,1,3.9070940635145144,8.763245103494048,8.763245103494029,0.5,"Approximate original white Xenon enclosure, not manufacturing dimensions"
XBOX360-1280,PadGuideQuadrant3,XBOX360-1280 · Separate controller player-light sector003,Controller,xboxgreen,1,3.907094063514509,8.76324510349405,8.763245103494029,0.5,"Approximate original white Xenon enclosure, not manufacturing dimensions"
XBOX360-1281,PadGuideMark,XBOX360-1281 · X003,Controller,xboxgreen,1,0.4410662412095795,8.041107382550335,9.395973154362423,0.018000000000000682,"Approximate original white Xenon enclosure, not manufacturing dimensions"
XBOX360-1282,PadMenuButton0,XBOX360-1282 · Separate Back or Start button,Controller,ivory,1,74.26566069170826,6.0,4.0,3.5,"Approximate original white Xenon enclosure, not manufacturing dimensions"
XBOX360-1283,PadMenuMark0,XBOX360-1283 · <,Controller,ventgray,1,0.014880560692649215,1.774580536912751,1.5178523489933013,0.018000000000000682,"Approximate original white Xenon enclosure, not manufacturing dimensions"
XBOX360-1284,PadMenuButton1,XBOX360-1284 · Separate Back or Start button001,Controller,ivory,1,74.26566069170825,6.0,4.0,3.5,"Approximate original white Xenon enclosure, not manufacturing dimensions"
XBOX360-1285,PadMenuMark1,XBOX360-1285 · >,Controller,ventgray,1,0.014905820859702497,1.774580536912751,1.517852348993273,0.018000000000000682,"Approximate original white Xenon enclosure, not manufacturing dimensions"
XBOX360-1286,PadBumper0,XBOX360-1286 · Separate original left or right bumper,Controller,ivory,1,1711.2555616269358,27.0,10.0,6.5,"Approximate original white Xenon enclosure, not manufacturing dimensions"
XBOX360-1287,PadBumperMark0,XBOX360-1287 · LB,Controller,ventgray,2,0.08204098140814413,4.149287012751678,2.8187921463087093,0.01800020000000302,"Approximate original white Xenon enclosure, not manufacturing dimensions"
XBOX360-1288,PadBumper1,XBOX360-1288 · Separate original left or right bumper001,Controller,ivory,1,1711.2555616269365,27.0,10.0,6.5,"Approximate original white Xenon enclosure, not manufacturing dimensions"
XBOX360-1289,PadBumperMark1,XBOX360-1289 · RB,Controller,ventgray,2,0.10368783963313989,4.688884428187926,2.8187921463087093,0.01800020000000302,"Approximate original white Xenon enclosure, not manufacturing dimensions"
XBOX360-1290,PadPCB,XBOX360-1290 · PadPCBExtrusion005,Controller,pcb,1,8513.139433902008,136.0,65.0,1.2000000000000028,Schematic internal layout
XBOX360-1291,PadPCBMountLand0,XBOX360-1291 · Separate controller board fixing land,Controller,gold,1,0.5277875658030828,5.0,5.0,0.05000000000000071,Schematic internal layout
XBOX360-1292,PadPCBMountLand1,XBOX360-1292 · Separate controller board fixing land001,Controller,gold,1,0.5277875658030828,5.0,5.0,0.05000000000000071,Schematic internal layout
XBOX360-1293,PadPCBMountLand2,XBOX360-1293 · Separate controller board fixing land002,Controller,gold,1,0.5277875658030862,5.0,5.0,0.05000000000000071,Schematic internal layout
XBOX360-1294,PadPCBMountLand3,XBOX360-1294 · Separate controller board fixing land003,Controller,gold,1,0.5277875658030864,5.0,5.0,0.05000000000000071,Schematic internal layout
XBOX360-1295,PadPCBMountLand4,XBOX360-1295 · Separate controller board fixing land004,Controller,gold,1,0.5277875658030864,5.0,5.0,0.05000000000000071,Schematic internal layout
XBOX360-1296,PadBaseband,XBOX360-1296 · Early controller leaded baseband package study,Controller,black,1,479.8351857894892,20.0,20.0,1.1999999999999993,Schematic internal layout
XBOX360-1297,PadBasebandLead0_0,XBOX360-1297 · Separate illustrative QFP lead,Controller,metal,1,0.05980685834705775,0.30000000000000426,0.8000000000000114,0.25,Schematic internal layout
XBOX360-1298,PadBasebandLead0_1,XBOX360-1298 · Separate illustrative QFP lead001,Controller,metal,1,0.05980685834705776,0.30000000000000426,0.8000000000000114,0.25,Schematic internal layout
XBOX360-1299,PadBasebandLead0_2,XBOX360-1299 · Separate illustrative QFP lead002,Controller,metal,1,0.05980685834705776,0.30000000000000426,0.8000000000000114,0.25,Schematic internal layout
XBOX360-1300,PadBasebandLead0_3,XBOX360-1300 · Separate illustrative QFP lead003,Controller,metal,1,0.05980685834705776,0.30000000000000426,0.8000000000000114,0.25,Schematic internal layout
XBOX360-1301,PadBasebandLead0_4,XBOX360-1301 · Separate illustrative QFP lead004,Controller,metal,1,0.05980685834705798,0.3000000000000007,0.8000000000000114,0.25,Schematic internal layout
XBOX360-1302,PadBasebandLead0_5,XBOX360-1302 · Separate illustrative QFP lead005,Controller,metal,1,0.05980685834705798,0.3000000000000007,0.8000000000000114,0.25,Schematic internal layout
XBOX360-1303,PadBasebandLead0_6,XBOX360-1303 · Separate illustrative QFP lead006,Controller,metal,1,0.05980685834705798,0.3000000000000007,0.8000000000000114,0.25,Schematic internal layout
XBOX360-1304,PadBasebandLead0_7,XBOX360-1304 · Separate illustrative QFP lead007,Controller,metal,1,0.05980685834705798,0.3000000000000007,0.8000000000000114,0.25,Schematic internal layout
XBOX360-1305,PadBasebandLead0_8,XBOX360-1305 · Separate illustrative QFP lead008,Controller,metal,1,0.05980685834705797,0.3000000000000007,0.8000000000000114,0.25,Schematic internal layout
XBOX360-1306,PadBasebandLead0_9,XBOX360-1306 · Separate illustrative QFP lead009,Controller,metal,1,0.05980685834705798,0.3000000000000007,0.8000000000000114,0.25,Schematic internal layout
XBOX360-1307,PadBasebandLead0_10,XBOX360-1307 · Separate illustrative QFP lead010,Controller,metal,1,0.059806858347057984,0.3000000000000007,0.8000000000000114,0.25,Schematic internal layout
XBOX360-1308,PadBasebandLead0_11,XBOX360-1308 · Separate illustrative QFP lead011,Controller,metal,1,0.05980685834705798,0.3000000000000007,0.8000000000000114,0.25,Schematic internal layout
XBOX360-1309,PadBasebandLead0_12,XBOX360-1309 · Separate illustrative QFP lead012,Controller,metal,1,0.05980685834705798,0.3000000000000007,0.8000000000000114,0.25,Schematic internal layout
XBOX360-1310,PadBasebandLead0_13,XBOX360-1310 · Separate illustrative QFP lead013,Controller,metal,1,0.05980685834705798,0.3000000000000007,0.8000000000000114,0.25,Schematic internal layout
XBOX360-1311,PadBasebandLead0_14,XBOX360-1311 · Separate illustrative QFP lead014,Controller,metal,1,0.05980685834705797,0.3000000000000007,0.8000000000000114,0.25,Schematic internal layout
XBOX360-1312,PadBasebandLead0_15,XBOX360-1312 · Separate illustrative QFP lead015,Controller,metal,1,0.059806858347057915,0.2999999999999998,0.8000000000000114,0.25,Schematic internal layout
XBOX360-1313,PadBasebandLead1_0,XBOX360-1313 · Separate illustrative QFP lead016,Controller,metal,1,0.059806858347056624,0.30000000000000426,0.7999999999999545,0.25,Schematic internal layout
XBOX360-1314,PadBasebandLead1_1,XBOX360-1314 · Separate illustrative QFP lead017,Controller,metal,1,0.059806858347056624,0.30000000000000426,0.7999999999999545,0.25,Schematic internal layout
XBOX360-1315,PadBasebandLead1_2,XBOX360-1315 · Separate illustrative QFP lead018,Controller,metal,1,0.059806858347056624,0.30000000000000426,0.7999999999999545,0.25,Schematic internal layout
XBOX360-1316,PadBasebandLead1_3,XBOX360-1316 · Separate illustrative QFP lead019,Controller,metal,1,0.059806858347056624,0.30000000000000426,0.7999999999999545,0.25,Schematic internal layout
XBOX360-1317,PadBasebandLead1_4,XBOX360-1317 · Separate illustrative QFP lead020,Controller,metal,1,0.05980685834705684,0.3000000000000007,0.7999999999999545,0.25,Schematic internal layout
XBOX360-1318,PadBasebandLead1_5,XBOX360-1318 · Separate illustrative QFP lead021,Controller,metal,1,0.059806858347056846,0.3000000000000007,0.7999999999999545,0.25,Schematic internal layout
XBOX360-1319,PadBasebandLead1_6,XBOX360-1319 · Separate illustrative QFP lead022,Controller,metal,1,0.05980685834705683,0.3000000000000007,0.7999999999999545,0.25,Schematic internal layout
XBOX360-1320,PadBasebandLead1_7,XBOX360-1320 · Separate illustrative QFP lead023,Controller,metal,1,0.05980685834705684,0.3000000000000007,0.7999999999999545,0.25,Schematic internal layout
XBOX360-1321,PadBasebandLead1_8,XBOX360-1321 · Separate illustrative QFP lead024,Controller,metal,1,0.05980685834705684,0.3000000000000007,0.7999999999999545,0.25,Schematic internal layout
XBOX360-1322,PadBasebandLead1_9,XBOX360-1322 · Separate illustrative QFP lead025,Controller,metal,1,0.05980685834705684,0.3000000000000007,0.7999999999999545,0.25,Schematic internal layout
XBOX360-1323,PadBasebandLead1_10,XBOX360-1323 · Separate illustrative QFP lead026,Controller,metal,1,0.05980685834705684,0.3000000000000007,0.7999999999999545,0.25,Schematic internal layout
XBOX360-1324,PadBasebandLead1_11,XBOX360-1324 · Separate illustrative QFP lead027,Controller,metal,1,0.059806858347056846,0.3000000000000007,0.7999999999999545,0.25,Schematic internal layout
XBOX360-1325,PadBasebandLead1_12,XBOX360-1325 · Separate illustrative QFP lead028,Controller,metal,1,0.059806858347056846,0.3000000000000007,0.7999999999999545,0.25,Schematic internal layout
XBOX360-1326,PadBasebandLead1_13,XBOX360-1326 · Separate illustrative QFP lead029,Controller,metal,1,0.05980685834705683,0.3000000000000007,0.7999999999999545,0.25,Schematic internal layout
XBOX360-1327,PadBasebandLead1_14,XBOX360-1327 · Separate illustrative QFP lead030,Controller,metal,1,0.05980685834705684,0.3000000000000007,0.7999999999999545,0.25,Schematic internal layout
XBOX360-1328,PadBasebandLead1_15,XBOX360-1328 · Separate illustrative QFP lead031,Controller,metal,1,0.05980685834705678,0.2999999999999998,0.7999999999999545,0.25,Schematic internal layout
XBOX360-1329,PadBasebandLead2_0,XBOX360-1329 · Separate illustrative QFP lead032,Controller,metal,1,0.059806858347054896,0.8000000000000003,0.2999999999999545,0.25,Schematic internal layout
XBOX360-1330,PadBasebandLead2_1,XBOX360-1330 · Separate illustrative QFP lead033,Controller,metal,1,0.05980685834705489,0.8000000000000003,0.2999999999999545,0.25,Schematic internal layout
XBOX360-1331,PadBasebandLead2_2,XBOX360-1331 · Separate illustrative QFP lead034,Controller,metal,1,0.0598068583470549,0.8000000000000003,0.2999999999999545,0.25,Schematic internal layout
XBOX360-1332,PadBasebandLead2_3,XBOX360-1332 · Separate illustrative QFP lead035,Controller,metal,1,0.059806858347054896,0.8000000000000003,0.2999999999999545,0.25,Schematic internal layout
XBOX360-1333,PadBasebandLead2_4,XBOX360-1333 · Separate illustrative QFP lead036,Controller,metal,1,0.0598068583470549,0.8000000000000003,0.2999999999999545,0.25,Schematic internal layout
XBOX360-1334,PadBasebandLead2_5,XBOX360-1334 · Separate illustrative QFP lead037,Controller,metal,1,0.059806858347054896,0.8000000000000003,0.2999999999999545,0.25,Schematic internal layout
XBOX360-1335,PadBasebandLead2_6,XBOX360-1335 · Separate illustrative QFP lead038,Controller,metal,1,0.05980685834705489,0.8000000000000003,0.2999999999999545,0.25,Schematic internal layout
XBOX360-1336,PadBasebandLead2_7,XBOX360-1336 · Separate illustrative QFP lead039,Controller,metal,1,0.0598068583470549,0.8000000000000003,0.2999999999999545,0.25,Schematic internal layout
XBOX360-1337,PadBasebandLead2_8,XBOX360-1337 · Separate illustrative QFP lead040,Controller,metal,1,0.0598068583470584,0.8000000000000003,0.30000000000001137,0.25,Schematic internal layout
XBOX360-1338,PadBasebandLead2_9,XBOX360-1338 · Separate illustrative QFP lead041,Controller,metal,1,0.0598068583470584,0.8000000000000003,0.30000000000001137,0.25,Schematic internal layout
XBOX360-1339,PadBasebandLead2_10,XBOX360-1339 · Separate illustrative QFP lead042,Controller,metal,1,0.0598068583470584,0.8000000000000003,0.30000000000001137,0.25,Schematic internal layout
XBOX360-1340,PadBasebandLead2_11,XBOX360-1340 · Separate illustrative QFP lead043,Controller,metal,1,0.0598068583470584,0.8000000000000003,0.30000000000001137,0.25,Schematic internal layout
XBOX360-1341,PadBasebandLead2_12,XBOX360-1341 · Separate illustrative QFP lead044,Controller,metal,1,0.0598068583470584,0.8000000000000003,0.30000000000001137,0.25,Schematic internal layout
XBOX360-1342,PadBasebandLead2_13,XBOX360-1342 · Separate illustrative QFP lead045,Controller,metal,1,0.0598068583470584,0.8000000000000003,0.30000000000001137,0.25,Schematic internal layout
XBOX360-1343,PadBasebandLead2_14,XBOX360-1343 · Separate illustrative QFP lead046,Controller,metal,1,0.0598068583470584,0.8000000000000003,0.30000000000001137,0.25,Schematic internal layout
XBOX360-1344,PadBasebandLead2_15,XBOX360-1344 · Separate illustrative QFP lead047,Controller,metal,1,0.05980685834705841,0.8000000000000003,0.30000000000001137,0.25,Schematic internal layout
XBOX360-1345,PadBasebandLead3_0,XBOX360-1345 · Separate illustrative QFP lead048,Controller,metal,1,0.05980685834705485,0.8000000000000043,0.2999999999999545,0.25,Schematic internal layout
XBOX360-1346,PadBasebandLead3_1,XBOX360-1346 · Separate illustrative QFP lead049,Controller,metal,1,0.05980685834705484,0.8000000000000043,0.2999999999999545,0.25,Schematic internal layout
XBOX360-1347,PadBasebandLead3_2,XBOX360-1347 · Separate illustrative QFP lead050,Controller,metal,1,0.05980685834705484,0.8000000000000043,0.2999999999999545,0.25,Schematic internal layout
XBOX360-1348,PadBasebandLead3_3,XBOX360-1348 · Separate illustrative QFP lead051,Controller,metal,1,0.05980685834705485,0.8000000000000043,0.2999999999999545,0.25,Schematic internal layout
XBOX360-1349,PadBasebandLead3_4,XBOX360-1349 · Separate illustrative QFP lead052,Controller,metal,1,0.05980685834705484,0.8000000000000043,0.2999999999999545,0.25,Schematic internal layout
XBOX360-1350,PadBasebandLead3_5,XBOX360-1350 · Separate illustrative QFP lead053,Controller,metal,1,0.059806858347054834,0.8000000000000043,0.2999999999999545,0.25,Schematic internal layout
XBOX360-1351,PadBasebandLead3_6,XBOX360-1351 · Separate illustrative QFP lead054,Controller,metal,1,0.05980685834705484,0.8000000000000043,0.2999999999999545,0.25,Schematic internal layout
XBOX360-1352,PadBasebandLead3_7,XBOX360-1352 · Separate illustrative QFP lead055,Controller,metal,1,0.05980685834705484,0.8000000000000043,0.2999999999999545,0.25,Schematic internal layout
XBOX360-1353,PadBasebandLead3_8,XBOX360-1353 · Separate illustrative QFP lead056,Controller,metal,1,0.05980685834705834,0.8000000000000043,0.30000000000001137,0.25,Schematic internal layout
XBOX360-1354,PadBasebandLead3_9,XBOX360-1354 · Separate illustrative QFP lead057,Controller,metal,1,0.059806858347058345,0.8000000000000043,0.30000000000001137,0.25,Schematic internal layout
XBOX360-1355,PadBasebandLead3_10,XBOX360-1355 · Separate illustrative QFP lead058,Controller,metal,1,0.059806858347058345,0.8000000000000043,0.30000000000001137,0.25,Schematic internal layout
XBOX360-1356,PadBasebandLead3_11,XBOX360-1356 · Separate illustrative QFP lead059,Controller,metal,1,0.05980685834705834,0.8000000000000043,0.30000000000001137,0.25,Schematic internal layout
XBOX360-1357,PadBasebandLead3_12,XBOX360-1357 · Separate illustrative QFP lead060,Controller,metal,1,0.059806858347058345,0.8000000000000043,0.30000000000001137,0.25,Schematic internal layout
XBOX360-1358,PadBasebandLead3_13,XBOX360-1358 · Separate illustrative QFP lead061,Controller,metal,1,0.05980685834705834,0.8000000000000043,0.30000000000001137,0.25,Schematic internal layout
XBOX360-1359,PadBasebandLead3_14,XBOX360-1359 · Separate illustrative QFP lead062,Controller,metal,1,0.059806858347058345,0.8000000000000043,0.30000000000001137,0.25,Schematic internal layout
XBOX360-1360,PadBasebandLead3_15,XBOX360-1360 · Separate illustrative QFP lead063,Controller,metal,1,0.05980685834705835,0.8000000000000043,0.30000000000001137,0.25,Schematic internal layout
XBOX360-1361,PadRFPCB,XBOX360-1361 · Separate early controller radio daughterboard,Controller,pcb,1,374.26050880620807,24.0,24.0,0.6499999999999986,Schematic internal layout
XBOX360-1362,PadRFShieldFrame,XBOX360-1362 · Separate early radio shield frame,Controller,metal,1,91.8349290378784,25.5,25.5,2.3000000000000007,Schematic internal layout
XBOX360-1363,PadRFShieldLid,XBOX360-1363 · Separate removable radio shield lid,Controller,metal,1,129.9881946710583,25.5,25.5,0.1999999999999993,Schematic internal layout
XBOX360-1364,PadRFChip,XBOX360-1364 · Separate original-family radio package envelope,Controller,black,1,89.52488935718912,8.0,8.0,1.4000000000000004,Schematic internal layout
XBOX360-1365,PadRFClock,XBOX360-1365 · Separate radio reference resonator,Controller,metal,1,29.67809724509617,8.0,2.5,1.5,Schematic internal layout
XBOX360-1366,PadRFBoardPin0,XBOX360-1366 · Separate radio daughterboard attachment contact,Controller,gold,1,0.17592918860102624,0.40000000000000036,0.39999999999997726,1.3999999999999986,Schematic internal layout
XBOX360-1367,PadRFBoardPin1,XBOX360-1367 · Separate radio daughterboard attachment contact001,Controller,gold,1,0.17592918860102624,0.40000000000000036,0.39999999999997726,1.3999999999999986,Schematic internal layout
XBOX360-1368,PadRFBoardPin2,XBOX360-1368 · Separate radio daughterboard attachment contact002,Controller,gold,1,0.17592918860102624,0.40000000000000036,0.39999999999997726,1.3999999999999986,Schematic internal layout
XBOX360-1369,PadRFBoardPin3,XBOX360-1369 · Separate radio daughterboard attachment contact003,Controller,gold,1,0.17592918860102622,0.40000000000000036,0.39999999999997726,1.3999999999999986,Schematic internal layout
XBOX360-1370,PadRFBoardPin4,XBOX360-1370 · Separate radio daughterboard attachment contact004,Controller,gold,1,0.17592918860102985,0.40000000000000036,0.39999999999997726,1.3999999999999986,Schematic internal layout
XBOX360-1371,PadRFBoardPin5,XBOX360-1371 · Separate radio daughterboard attachment contact005,Controller,gold,1,0.17592918860102982,0.40000000000000036,0.39999999999997726,1.3999999999999986,Schematic internal layout
XBOX360-1372,PadRFBoardPin6,XBOX360-1372 · Separate radio daughterboard attachment contact006,Controller,gold,1,0.17592918860102985,0.40000000000000036,0.39999999999997726,1.3999999999999986,Schematic internal layout
XBOX360-1373,PadRFBoardPin7,XBOX360-1373 · Separate radio daughterboard attachment contact007,Controller,gold,1,0.17592918860102985,0.40000000000000036,0.39999999999997726,1.3999999999999986,Schematic internal layout
XBOX360-1374,PadRFBoardPin8,XBOX360-1374 · Separate radio daughterboard attachment contact008,Controller,gold,1,0.17592918860102982,0.40000000000000036,0.39999999999997726,1.3999999999999986,Schematic internal layout
XBOX360-1375,PadRFBoardPin9,XBOX360-1375 · Separate radio daughterboard attachment contact009,Controller,gold,1,0.17592918860102985,0.40000000000000036,0.39999999999997726,1.3999999999999986,Schematic internal layout
XBOX360-1376,PadRFBoardPin10,XBOX360-1376 · Separate radio daughterboard attachment contact010,Controller,gold,1,0.17592918860102982,0.40000000000000036,0.39999999999997726,1.3999999999999986,Schematic internal layout
XBOX360-1377,PadRFBoardPin11,XBOX360-1377 · Separate radio daughterboard attachment contact011,Controller,gold,1,0.17592918860102985,0.40000000000000036,0.39999999999997726,1.3999999999999986,Schematic internal layout
XBOX360-1378,PadPowerContactCarrier,XBOX360-1378 · Separate battery/recharge contact carrier study,Controller,white,1,233.44203522483338,15.0,6.0,2.5999999999999996,Schematic internal layout
XBOX360-1379,PadPowerContact0,XBOX360-1379 · Separate rechargeable-pack interface contact study,Controller,gold,1,0.5033407431579555,1.1999999999999993,3.5,0.11999999999999922,Schematic internal layout
XBOX360-1380,PadPowerContact1,XBOX360-1380 · Separate rechargeable-pack interface contact study001,Controller,gold,1,0.5033407431579557,1.2000000000000002,3.5,0.11999999999999922,Schematic internal layout
XBOX360-1381,PadPowerContact2,XBOX360-1381 · Separate rechargeable-pack interface contact study002,Controller,gold,1,0.5033407431579557,1.2000000000000002,3.5,0.11999999999999922,Schematic internal layout
XBOX360-1382,PadPowerContact3,XBOX360-1382 · Separate rechargeable-pack interface contact study003,Controller,gold,1,0.5033407431579557,1.2000000000000002,3.5,0.11999999999999922,Schematic internal layout
XBOX360-1383,PadPowerContact4,XBOX360-1383 · Separate rechargeable-pack interface contact study004,Controller,gold,1,0.5033407431579557,1.2000000000000002,3.5,0.11999999999999922,Schematic internal layout
XBOX360-1384,PadPowerContact5,XBOX360-1384 · Separate rechargeable-pack interface contact study005,Controller,gold,1,0.5033407431579555,1.1999999999999993,3.5,0.11999999999999922,Schematic internal layout
XBOX360-1385,PadClock,XBOX360-1385 · Separate main controller reference crystal,Controller,metal,1,52.30555736846775,11.0,3.0,1.6000000000000014,Schematic internal layout
XBOX360-1386,PadPCBMark,XBOX360-1386 · 2005 RF / CAD,Controller,white,10,0.1268554281058758,15.608481743624157,1.8255034557047338,0.01800020000000302,"Approximate original white Xenon enclosure, not manufacturing dimensions"
XBOX360-1387,PadYContact0,XBOX360-1387 · Separate split controller button contact study,Controller,gold,1,0.6928106726713887,6.187083319303213,2.9000000000000057,0.05000000000000071,Schematic internal layout
XBOX360-1388,PadYContact1,XBOX360-1388 · Separate split controller button contact study001,Controller,gold,1,0.6928106726713887,6.187083319303213,2.9000000000000057,0.05000000000000071,Schematic internal layout
XBOX360-1389,PadYCarbon,XBOX360-1389 · Separate conductive elastomer pill,Controller,black,1,6.618550322950305,5.299999999999997,5.300000000000011,0.3000000000000007,Schematic internal layout
XBOX360-1390,PadXContact0,XBOX360-1390 · Separate split controller button contact study002,Controller,gold,1,0.6928106726713887,6.187083319303213,2.9000000000000057,0.05000000000000071,Schematic internal layout
XBOX360-1391,PadXContact1,XBOX360-1391 · Separate split controller button contact study003,Controller,gold,1,0.6928106726713887,6.187083319303213,2.9000000000000057,0.05000000000000071,Schematic internal layout
XBOX360-1392,PadXCarbon,XBOX360-1392 · Separate conductive elastomer pill001,Controller,black,1,6.6185503229503055,5.299999999999997,5.300000000000011,0.3000000000000007,Schematic internal layout
XBOX360-1393,PadBContact0,XBOX360-1393 · Separate split controller button contact study004,Controller,gold,1,0.6928106726713887,6.187083319303213,2.9000000000000057,0.05000000000000071,Schematic internal layout
XBOX360-1394,PadBContact1,XBOX360-1394 · Separate split controller button contact study005,Controller,gold,1,0.6928106726713887,6.187083319303213,2.9000000000000057,0.05000000000000071,Schematic internal layout
XBOX360-1395,PadBCarbon,XBOX360-1395 · Separate conductive elastomer pill002,Controller,black,1,6.618550322950305,5.299999999999997,5.300000000000011,0.3000000000000007,Schematic internal layout
XBOX360-1396,PadAContact0,XBOX360-1396 · Separate split controller button contact study006,Controller,gold,1,0.6928106726713875,6.187083319303213,2.900000000000034,0.05000000000000071,Schematic internal layout
XBOX360-1397,PadAContact1,XBOX360-1397 · Separate split controller button contact study007,Controller,gold,1,0.6928106726713875,6.187083319303213,2.900000000000034,0.05000000000000071,Schematic internal layout
XBOX360-1398,PadACarbon,XBOX360-1398 · Separate conductive elastomer pill003,Controller,black,1,6.61855032295029,5.299999999999997,5.2999999999999545,0.3000000000000007,Schematic internal layout
XBOX360-1399,PadGuideContact0,XBOX360-1399 · Separate split controller button contact study008,Controller,gold,1,1.7135851534837951,9.591663046625438,4.600000000000023,0.05000000000000071,Schematic internal layout
XBOX360-1400,PadGuideContact1,XBOX360-1400 · Separate split controller button contact study009,Controller,gold,1,1.7135851534837956,9.591663046625438,4.600000000000023,0.05000000000000071,Schematic internal layout
XBOX360-1401,PadGuideCarbon,XBOX360-1401 · Separate conductive elastomer pill004,Controller,black,1,17.834036096265876,8.7,8.699999999999989,0.3000000000000007,Schematic internal layout
XBOX360-1402,PadBackContact0,XBOX360-1402 · Separate split controller button contact study010,Controller,gold,1,0.33619339249910635,4.381780460041332,2.0,0.05000000000000071,Schematic internal layout
XBOX360-1403,PadBackContact1,XBOX360-1403 · Separate split controller button contact study011,Controller,gold,1,0.3361933924991064,4.381780460041332,2.0,0.05000000000000071,Schematic internal layout
XBOX360-1404,PadBackCarbon,XBOX360-1404 · Separate conductive elastomer pill005,Controller,black,1,2.8863382504856276,3.5,3.5,0.3000000000000007,Schematic internal layout
XBOX360-1405,PadStartContact0,XBOX360-1405 · Separate split controller button contact study012,Controller,gold,1,0.33619339249910635,4.381780460041329,2.0,0.05000000000000071,Schematic internal layout
XBOX360-1406,PadStartContact1,XBOX360-1406 · Separate split controller button contact study013,Controller,gold,1,0.3361933924991064,4.381780460041329,2.0,0.05000000000000071,Schematic internal layout
XBOX360-1407,PadStartCarbon,XBOX360-1407 · Separate conductive elastomer pill006,Controller,black,1,2.8863382504856276,3.5,3.5,0.3000000000000007,Schematic internal layout
XBOX360-1408,PadFaceMembrane,XBOX360-1408 · Separate common ABXY Guide and menu silicone membrane,Controller,rubber,1,1419.5245755548854,85.00000000000001,36.60000000000002,9.900000000000002,Schematic internal layout
XBOX360-1409,PadDPad0Contact0,XBOX360-1409 · Separate split controller button contact study014,Controller,gold,1,0.6928106726713875,6.187083319303209,2.900000000000034,0.05000000000000071,Schematic internal layout
XBOX360-1410,PadDPad0Contact1,XBOX360-1410 · Separate split controller button contact study015,Controller,gold,1,0.6928106726713875,6.187083319303209,2.900000000000034,0.05000000000000071,Schematic internal layout
XBOX360-1411,PadDPadCarbon0,XBOX360-1411 · Separate directional carbon contact,Controller,black,1,6.618550322950291,5.299999999999997,5.2999999999999545,0.3000000000000007,Schematic internal layout
XBOX360-1412,PadDPadPushrod0,XBOX360-1412 · Separate fixed-cross pressure pad study,Controller,ventgray,1,15.707963267948998,5.0,5.0,0.8000000000000007,Schematic internal layout
XBOX360-1413,PadDPad1Contact0,XBOX360-1413 · Separate split controller button contact study016,Controller,gold,1,0.6928106726713875,6.187083319303211,2.900000000000034,0.05000000000000071,Schematic internal layout
XBOX360-1414,PadDPad1Contact1,XBOX360-1414 · Separate split controller button contact study017,Controller,gold,1,0.6928106726713875,6.187083319303211,2.900000000000034,0.05000000000000071,Schematic internal layout
XBOX360-1415,PadDPadCarbon1,XBOX360-1415 · Separate directional carbon contact001,Controller,black,1,6.618550322950291,5.299999999999999,5.2999999999999545,0.3000000000000007,Schematic internal layout
XBOX360-1416,PadDPadPushrod1,XBOX360-1416 · Separate fixed-cross pressure pad study001,Controller,ventgray,1,15.707963267948998,5.0,5.0,0.8000000000000007,Schematic internal layout
XBOX360-1417,PadDPad2Contact0,XBOX360-1417 · Separate split controller button contact study018,Controller,gold,1,0.6928106726713875,6.187083319303209,2.900000000000034,0.05000000000000071,Schematic internal layout
XBOX360-1418,PadDPad2Contact1,XBOX360-1418 · Separate split controller button contact study019,Controller,gold,1,0.6928106726713875,6.187083319303209,2.900000000000034,0.05000000000000071,Schematic internal layout
XBOX360-1419,PadDPadCarbon2,XBOX360-1419 · Separate directional carbon contact002,Controller,black,1,6.618550322950291,5.299999999999997,5.2999999999999545,0.3000000000000007,Schematic internal layout
XBOX360-1420,PadDPadPushrod2,XBOX360-1420 · Separate fixed-cross pressure pad study002,Controller,ventgray,1,15.707963267948998,5.0,5.0,0.8000000000000007,Schematic internal layout
XBOX360-1421,PadDPad3Contact0,XBOX360-1421 · Separate split controller button contact study020,Controller,gold,1,0.6928106726713875,6.187083319303213,2.900000000000034,0.05000000000000071,Schematic internal layout
XBOX360-1422,PadDPad3Contact1,XBOX360-1422 · Separate split controller button contact study021,Controller,gold,1,0.6928106726713875,6.187083319303213,2.900000000000034,0.05000000000000071,Schematic internal layout
XBOX360-1423,PadDPadCarbon3,XBOX360-1423 · Separate directional carbon contact003,Controller,black,1,6.618550322950291,5.299999999999997,5.2999999999999545,0.3000000000000007,Schematic internal layout
XBOX360-1424,PadDPadPushrod3,XBOX360-1424 · Separate fixed-cross pressure pad study003,Controller,ventgray,1,15.707963267948998,5.0,5.0,0.8000000000000007,Schematic internal layout
XBOX360-1425,PadDPadMembrane,XBOX360-1425 · Separate four-direction silicone membrane,Controller,rubber,1,805.5656333460461,25.599999999999998,25.600000000000023,9.400000000000002,Schematic internal layout
XBOX360-1426,PadJoy0Base,XBOX360-1426 · Joystick insulating base001,Controller,black,1,355.32338020206,16.000000000002927,16.000000000002984,1.4000000000000021,Schematic internal layout
XBOX360-1427,PadJoy0Frame,"XBOX360-1427 · Stamped joystick cage, cap and board legs",Controller,metal,1,332.55114716935907,17.5,17.5,9.150000000000002,Schematic internal layout
XBOX360-1428,PadJoy0OuterGimbal,XBOX360-1428 · X-axis gimbal and potentiometer axle,Controller,ivory,1,111.95263966678206,18.950000000000003,11.0,2.0000000000000178,Schematic internal layout
XBOX360-1429,PadJoy0InnerGimbal,XBOX360-1429 · Y-axis gimbal and potentiometer axle,Controller,ivory,2,66.52528555547342,9.5,18.25000000000003,1.5000000000055422,Schematic internal layout
XBOX360-1430,PadJoy0Shaft,"XBOX360-1430 · Joystick pivot ball, cross pin and cap shaft",Controller,metal,1,124.94340075017932,9.200000199999998,4.399999999999977,11.250000000000004,Schematic internal layout
XBOX360-1431,PadJoy0ClickSpring,XBOX360-1431 · Joystick push-click return spring study,Controller,metal,1,1.0265164277205236,2.640020768899568,2.640027020954932,2.0392438813160787,Schematic internal layout
XBOX360-1432,PadJoy0ClickSwitch,XBOX360-1432 · L3/R3 click switch body,Controller,black,1,13.384115008234623,3.0,3.0,1.5,Schematic internal layout
XBOX360-1433,PadJoy0ClickActuator,XBOX360-1433 · L3/R3 switch actuator,Controller,black,1,0.8042477193189861,1.5999999999999943,1.6000000000000227,0.3999999999999986,Schematic internal layout
XBOX360-1434,PadJoy0ClickLever,XBOX360-1434 · Joystick click transfer lever,Controller,metal,1,1.4375277868423324,6.0,1.1999999999999886,0.1999999999999993,Schematic internal layout
XBOX360-1435,PadJoy0ClickPin0,XBOX360-1435 · Click-switch board terminal,Controller,metal,1,0.39584067435231773,0.4000000000000057,0.39999999999997726,3.1499999999999986,Schematic internal layout
XBOX360-1436,PadJoy0ClickPin1,XBOX360-1436 · Click-switch board terminal001,Controller,metal,1,0.39584067435231773,0.4000000000000057,0.39999999999997726,3.1499999999999986,Schematic internal layout
XBOX360-1437,PadJoy0XPin0,XBOX360-1437 · Potentiometer board terminal,Controller,metal,1,0.38955748904513804,0.4000000000000057,0.39999999999997726,3.1000000000000014,Schematic internal layout
XBOX360-1438,PadJoy0XPin1,XBOX360-1438 · Potentiometer board terminal001,Controller,metal,1,0.38955748904513804,0.4000000000000057,0.39999999999997726,3.1000000000000014,Schematic internal layout
XBOX360-1439,PadJoy0XPin2,XBOX360-1439 · Potentiometer board terminal002,Controller,metal,1,0.38955748904513804,0.4000000000000057,0.39999999999997726,3.1000000000000014,Schematic internal layout
XBOX360-1440,PadJoy0XPot,XBOX360-1440 · Cyan potentiometer housing,Controller,potcyan,1,67.20532457053011,2.3000000000000007,6.800000000000011,6.399999999999999,Schematic internal layout
XBOX360-1441,PadJoy0XRotor,XBOX360-1441 · Potentiometer rotor disc,Controller,ivory,1,3.288854809226814,0.25,4.600000000000023,4.600000000000001,Schematic internal layout
XBOX360-1442,PadJoy0XTrack,XBOX360-1442 · Potentiometer resistive track,Controller,black,1,0.23887885139734683,0.03499999999999659,4.5,4.5,Schematic internal layout
XBOX360-1443,PadJoy0XWiper,XBOX360-1443 · Potentiometer moving wiper study,Controller,metal,1,0.045392699081698816,0.04999999999999716,0.35000000000002274,2.6000000000000014,Schematic internal layout
XBOX360-1444,PadJoy0YPin0,XBOX360-1444 · Potentiometer board terminal003,Controller,metal,1,0.38955748904513804,0.4000000000000057,0.39999999999997726,3.1000000000000014,Schematic internal layout
XBOX360-1445,PadJoy0YPin1,XBOX360-1445 · Potentiometer board terminal004,Controller,metal,1,0.38955748904513804,0.4000000000000057,0.39999999999997726,3.1000000000000014,Schematic internal layout
XBOX360-1446,PadJoy0YPin2,XBOX360-1446 · Potentiometer board terminal005,Controller,metal,1,0.38955748904513804,0.4000000000000057,0.39999999999997726,3.1000000000000014,Schematic internal layout
XBOX360-1447,PadJoy0YPot,XBOX360-1447 · Cyan potentiometer housing001,Controller,potcyan,1,68.15372295893943,6.799999999999997,2.3000000000000114,6.400000000000059,Schematic internal layout
XBOX360-1448,PadJoy0YRotor,XBOX360-1448 · Potentiometer rotor disc001,Controller,ivory,1,3.2888548092268124,4.599999999999994,0.25,4.600000000000001,Schematic internal layout
XBOX360-1449,PadJoy0YTrack,XBOX360-1449 · Potentiometer resistive track001,Controller,black,1,0.23887885139734674,4.5,0.03499999999999659,4.5,Schematic internal layout
XBOX360-1450,PadJoy0YWiper,XBOX360-1450 · Potentiometer moving wiper study001,Controller,metal,1,0.04539269908170193,0.3499999999999943,0.05000000000001137,2.6000000000000014,Schematic internal layout
XBOX360-1451,PadJoy1Base,XBOX360-1451 · Joystick insulating base003,Controller,black,1,355.3233802019066,16.000000000005624,16.0,1.4000000000000021,Schematic internal layout
XBOX360-1452,PadJoy1Frame,"XBOX360-1452 · Stamped joystick cage, cap and board legs001",Controller,metal,1,332.5511471693614,17.5,17.5,9.150000000000002,Schematic internal layout
XBOX360-1453,PadJoy1OuterGimbal,XBOX360-1453 · X-axis gimbal and potentiometer axle001,Controller,ivory,1,111.95263966678345,18.950000000000003,11.0,2.0,Schematic internal layout
XBOX360-1454,PadJoy1InnerGimbal,XBOX360-1454 · Y-axis gimbal and potentiometer axle001,Controller,ivory,2,66.52528555551372,9.5,18.25,1.5000000000014957,Schematic internal layout
XBOX360-1455,PadJoy1Shaft,"XBOX360-1455 · Joystick pivot ball, cross pin and cap shaft001",Controller,metal,1,124.94340075020227,9.200000200000002,4.399999999999977,11.250000000000004,Schematic internal layout
XBOX360-1456,PadJoy1ClickSpring,XBOX360-1456 · Joystick push-click return spring study001,Controller,metal,1,1.0265164277205236,2.6400207688995643,2.6400270209549603,2.0392438813160787,Schematic internal layout
XBOX360-1457,PadJoy1ClickSwitch,XBOX360-1457 · L3/R3 click switch body001,Controller,black,1,13.384115008234625,3.0,3.0,1.5,Schematic internal layout
XBOX360-1458,PadJoy1ClickActuator,XBOX360-1458 · L3/R3 switch actuator001,Controller,black,1,0.8042477193189852,1.6000000000000014,1.6000000000000227,0.3999999999999986,Schematic internal layout
XBOX360-1459,PadJoy1ClickLever,XBOX360-1459 · Joystick click transfer lever001,Controller,metal,1,1.4375277868423544,6.0,1.2000000000000455,0.1999999999999993,Schematic internal layout
XBOX360-1460,PadJoy1ClickPin0,XBOX360-1460 · Click-switch board terminal002,Controller,metal,1,0.3958406743523095,0.3999999999999986,0.39999999999997726,3.1499999999999986,Schematic internal layout
XBOX360-1461,PadJoy1ClickPin1,XBOX360-1461 · Click-switch board terminal003,Controller,metal,1,0.3958406743523095,0.3999999999999986,0.39999999999997726,3.1499999999999986,Schematic internal layout
XBOX360-1462,PadJoy1XPin0,XBOX360-1462 · Potentiometer board terminal006,Controller,metal,1,0.38955748904513005,0.4000000000000057,0.39999999999997726,3.1000000000000014,Schematic internal layout
XBOX360-1463,PadJoy1XPin1,XBOX360-1463 · Potentiometer board terminal007,Controller,metal,1,0.38955748904513005,0.4000000000000057,0.39999999999997726,3.1000000000000014,Schematic internal layout
XBOX360-1464,PadJoy1XPin2,XBOX360-1464 · Potentiometer board terminal008,Controller,metal,1,0.38955748904513005,0.4000000000000057,0.39999999999997726,3.1000000000000014,Schematic internal layout
XBOX360-1465,PadJoy1XPot,XBOX360-1465 · Cyan potentiometer housing002,Controller,potcyan,1,67.20532457052995,2.299999999999997,6.7999999999999545,6.399999999999999,Schematic internal layout
XBOX360-1466,PadJoy1XRotor,XBOX360-1466 · Potentiometer rotor disc002,Controller,ivory,1,3.2888548092268137,0.25,4.600000000000023,4.600000000000001,Schematic internal layout
XBOX360-1467,PadJoy1XTrack,XBOX360-1467 · Potentiometer resistive track002,Controller,black,1,0.23887885139734694,0.03499999999999659,4.5,4.5,Schematic internal layout
XBOX360-1468,PadJoy1XWiper,XBOX360-1468 · Potentiometer moving wiper study002,Controller,metal,1,0.04539269908169884,0.04999999999999716,0.35000000000002274,2.6000000000000014,Schematic internal layout
XBOX360-1469,PadJoy1YPin0,XBOX360-1469 · Potentiometer board terminal009,Controller,metal,1,0.3895574890451298,0.3999999999999986,0.39999999999997726,3.1000000000000014,Schematic internal layout
XBOX360-1470,PadJoy1YPin1,XBOX360-1470 · Potentiometer board terminal010,Controller,metal,1,0.3895574890451298,0.3999999999999986,0.39999999999997726,3.1000000000000014,Schematic internal layout
XBOX360-1471,PadJoy1YPin2,XBOX360-1471 · Potentiometer board terminal011,Controller,metal,1,0.3895574890451298,0.3999999999999986,0.39999999999997726,3.1000000000000014,Schematic internal layout
XBOX360-1472,PadJoy1YPot,XBOX360-1472 · Cyan potentiometer housing003,Controller,potcyan,1,68.1537229589394,6.799999999999997,2.3000000000000114,6.400000000000059,Schematic internal layout
XBOX360-1473,PadJoy1YRotor,XBOX360-1473 · Potentiometer rotor disc003,Controller,ivory,1,3.2888548092268124,4.600000000000001,0.25,4.600000000000001,Schematic internal layout
XBOX360-1474,PadJoy1YTrack,XBOX360-1474 · Potentiometer resistive track003,Controller,black,1,0.23887885139723947,4.5,0.03500000000002501,4.5,Schematic internal layout
XBOX360-1475,PadJoy1YWiper,XBOX360-1475 · Potentiometer moving wiper study003,Controller,metal,1,0.04539269908170224,0.3500000000000014,0.05000000000001137,2.6000000000000014,Schematic internal layout
XBOX360-1476,PadTrigger0,XBOX360-1476 · Separate original white analog trigger,Controller,ivory,1,1739.3628179866691,24.0,16.0,10.0,"Approximate original white Xenon enclosure, not manufacturing dimensions"
XBOX360-1477,PadTriggerBracket0,XBOX360-1477 · Separate early black trigger bracket study,Controller,black,2,51.969965016321524,19.0,5.0,6.7000000000000135,Schematic internal layout
XBOX360-1478,PadTriggerAxle0,XBOX360-1478 · Separate analog trigger pivot axle,Controller,metal,1,44.17864669110643,25.0,1.5,1.5,Schematic internal layout
XBOX360-1479,PadTriggerSpring0,XBOX360-1479 · Separate trigger return coil study,Controller,metal,1,3.6097034152385454,4.498983837366751,3.000030628804609,3.0000235474473307,Schematic internal layout
XBOX360-1480,PadTriggerPotPin0_0,XBOX360-1480 · Separate trigger potentiometer terminal,Controller,metal,1,0.23920086464432422,0.35999999999999943,0.36000000000001364,2.3500000000000014,Schematic internal layout
XBOX360-1481,PadTriggerPotPin0_1,XBOX360-1481 · Separate trigger potentiometer terminal001,Controller,metal,1,0.23920086464432422,0.35999999999999943,0.36000000000001364,2.3500000000000014,Schematic internal layout
XBOX360-1482,PadTriggerPotPin0_2,XBOX360-1482 · Separate trigger potentiometer terminal002,Controller,metal,1,0.23920086464432422,0.35999999999999943,0.36000000000001364,2.3500000000000014,Schematic internal layout
XBOX360-1483,PadTriggerPot0,XBOX360-1483 · Separate trigger potentiometer housing,Controller,black,1,54.98447153903883,2.3000000999999983,6.0,6.000000100000001,Schematic internal layout
XBOX360-1484,PadTriggerRotor0,XBOX360-1484 · Separate trigger potentiometer rotor,Controller,ivory,1,3.1906800388021326,0.25,4.5,4.5,Schematic internal layout
XBOX360-1485,PadTriggerTrack0,XBOX360-1485 · Separate trigger resistive track study,Controller,black,1,0.23283128553918533,0.03499999999999659,4.399999999999977,4.399999999999999,Schematic internal layout
XBOX360-1486,PadTriggerWiper0,XBOX360-1486 · Separate trigger moving contact study,Controller,metal,1,0.011969097335529286,0.03999999999999915,0.30000000000001137,1.0,Schematic internal layout
XBOX360-1487,PadBumperSwitch0,XBOX360-1487 · Separate bumper tactile switch,Controller,metal,1,23.845486677646168,4.0,3.0,2.0,Schematic internal layout
XBOX360-1488,PadBumperPlunger0,XBOX360-1488 · Separate bumper pressure-transfer stem,Controller,ivory,1,7.696902001294991,1.4000000000000057,1.3999999999999773,5.0,Schematic internal layout
XBOX360-1489,PadTriggerMark0,XBOX360-1489 · LT,Controller,ventgray,2,0.058347473086797434,3.6120805369127496,2.818791946308721,0.017999999999999794,"Approximate original white Xenon enclosure, not manufacturing dimensions"
XBOX360-1490,PadTrigger1,XBOX360-1490 · Separate original white analog trigger001,Controller,ivory,1,1739.3628179866691,24.0,16.0,10.0,"Approximate original white Xenon enclosure, not manufacturing dimensions"
XBOX360-1491,PadTriggerBracket1,XBOX360-1491 · Separate early black trigger bracket study001,Controller,black,2,51.96996501632152,19.0,5.0,6.7000000000000135,Schematic internal layout
XBOX360-1492,PadTriggerAxle1,XBOX360-1492 · Separate analog trigger pivot axle001,Controller,metal,1,44.17864669110643,25.0,1.5,1.5,Schematic internal layout
XBOX360-1493,PadTriggerSpring1,XBOX360-1493 · Separate trigger return coil study001,Controller,metal,1,3.6097034152385454,4.498983837366751,3.000030628804609,3.0000235474473307,Schematic internal layout
XBOX360-1494,PadTriggerPotPin1_0,XBOX360-1494 · Separate trigger potentiometer terminal003,Controller,metal,1,0.23920086464432422,0.35999999999999943,0.36000000000001364,2.3500000000000014,Schematic internal layout
XBOX360-1495,PadTriggerPotPin1_1,XBOX360-1495 · Separate trigger potentiometer terminal004,Controller,metal,1,0.23920086464432422,0.35999999999999943,0.36000000000001364,2.3500000000000014,Schematic internal layout
XBOX360-1496,PadTriggerPotPin1_2,XBOX360-1496 · Separate trigger potentiometer terminal005,Controller,metal,1,0.23920086464432422,0.35999999999999943,0.36000000000001364,2.3500000000000014,Schematic internal layout
XBOX360-1497,PadTriggerPot1,XBOX360-1497 · Separate trigger potentiometer housing001,Controller,black,1,54.98444875304136,2.3000000999999983,6.0,6.000000100000001,Schematic internal layout
XBOX360-1498,PadTriggerRotor1,XBOX360-1498 · Separate trigger potentiometer rotor001,Controller,ivory,1,3.1906800388021335,0.25,4.5,4.5,Schematic internal layout
XBOX360-1499,PadTriggerTrack1,XBOX360-1499 · Separate trigger resistive track study001,Controller,black,1,0.2328312855391854,0.03499999999999659,4.399999999999977,4.399999999999999,Schematic internal layout
XBOX360-1500,PadTriggerWiper1,XBOX360-1500 · Separate trigger moving contact study001,Controller,metal,1,0.011969097335529286,0.03999999999999915,0.30000000000001137,1.0,Schematic internal layout
XBOX360-1501,PadBumperSwitch1,XBOX360-1501 · Separate bumper tactile switch001,Controller,metal,1,23.84548667764616,4.0,3.0,2.0,Schematic internal layout
XBOX360-1502,PadBumperPlunger1,XBOX360-1502 · Separate bumper pressure-transfer stem001,Controller,ivory,1,7.696902001294991,1.4000000000000057,1.3999999999999773,5.0,Schematic internal layout
XBOX360-1503,PadTriggerMark1,XBOX360-1503 · RT,Controller,ventgray,2,0.07999433131179287,4.4013423818792035,2.8187921463087093,0.018000200000000355,"Approximate original white Xenon enclosure, not manufacturing dimensions"
XBOX360-1504,PadRumbleCan0,XBOX360-1504 · Separate unequal rumble motor metal can,Controller,metal,1,271.36291943545257,18.0,18.0,9.0,Schematic internal layout
XBOX360-1505,PadRumbleEnd0_0,XBOX360-1505 · Separate rumble motor end bell,Controller,metal,1,100.76972595654628,18.0,18.0,0.40000000000000036,Schematic internal layout
XBOX360-1506,PadRumbleEnd0_1,XBOX360-1506 · Separate rumble motor end bell001,Controller,metal,1,100.76972595654613,18.0,18.0,0.3999999999999986,Schematic internal layout
XBOX360-1507,PadRumbleMagnet0,XBOX360-1507 · Separate motor magnet envelope,Controller,black,1,540.3225204909079,16.200000000000003,16.200000000000045,7.800000000000001,Schematic internal layout
XBOX360-1508,PadRumbleRotor0,XBOX360-1508 · Separate motor armature core,Controller,metal,1,57.25552611167371,3.5999999999999943,3.6000000000000227,7.500000000000002,Schematic internal layout
XBOX360-1509,PadRumbleCoil0_0,XBOX360-1509 · Separate armature winding envelope,Controller,copper,1,26.620089000652115,2.5,2.5,6.800000000000001,Schematic internal layout
XBOX360-1510,PadRumbleCoil0_1,XBOX360-1510 · Separate armature winding envelope001,Controller,copper,1,26.62008900065211,2.5,2.5,6.800000000000001,Schematic internal layout
XBOX360-1511,PadRumbleCoil0_2,XBOX360-1511 · Separate armature winding envelope002,Controller,copper,1,26.620089000652115,2.5,2.5,6.800000000000001,Schematic internal layout
XBOX360-1512,PadRumbleShaft0,XBOX360-1512 · Separate rumble motor shaft,Controller,metal,1,21.705263643651698,1.4000000000000057,1.3999999999999773,14.100000000000001,Schematic internal layout
XBOX360-1513,PadRumbleWeight0,XBOX360-1513 · Separate eccentric semicircular vibration mass,Controller,metal,1,300.80121339591545,18.0,9.0,2.3999999999999986,Schematic internal layout
XBOX360-1514,PadRumbleCradle0,XBOX360-1514 · Separate motor-retaining grip cradle,Controller,ivory,1,254.504347858124,19.400000000000006,19.399999999999977,9.500000000000002,Schematic internal layout
XBOX360-1515,PadRumblePlug0,XBOX360-1515 · Separate two-wire motor connector carrier,Controller,white,1,40.56651320177642,6.0,4.0,1.6999999999999993,Schematic internal layout
XBOX360-1516,PadRumbleWire0_0,XBOX360-1516 · Separate rumble motor lead,Controller,black,1,0.8612372713963463,3.4400001999999716,17.69999999999999,0.24000020000000433,Schematic internal layout
XBOX360-1517,PadRumbleWire0_1,XBOX360-1517 · Separate rumble motor lead001,Controller,red,1,0.8109730603600257,1.4400002,17.69999999999999,0.24000020000000433,Schematic internal layout
XBOX360-1518,PadRumbleCan1,XBOX360-1518 · Separate unequal rumble motor metal can001,Controller,metal,1,199.74246091523923,15.0,15.0,8.0,Schematic internal layout
XBOX360-1519,PadRumbleEnd1_0,XBOX360-1519 · Separate rumble motor end bell002,Controller,metal,1,69.66795868600728,15.0,15.0,0.40000000000000036,Schematic internal layout
XBOX360-1520,PadRumbleEnd1_1,XBOX360-1520 · Separate rumble motor end bell003,Controller,metal,1,69.66795868600718,15.0,15.0,0.3999999999999986,Schematic internal layout
XBOX360-1521,PadRumbleMagnet1,XBOX360-1521 · Separate motor magnet envelope001,Controller,black,1,374.9176672794058,13.200000000000003,13.200000000000045,6.800000000000001,Schematic internal layout
XBOX360-1522,PadRumbleRotor1,XBOX360-1522 · Separate motor armature core001,Controller,metal,1,49.62145596345056,3.5999999999999943,3.6000000000000227,6.5,Schematic internal layout
XBOX360-1523,PadRumbleCoil1_0,XBOX360-1523 · Separate armature winding envelope003,Controller,copper,1,11.770463823535517,1.7999999999999972,1.7999999999999545,5.800000000000001,Schematic internal layout
XBOX360-1524,PadRumbleCoil1_1,XBOX360-1524 · Separate armature winding envelope004,Controller,copper,1,11.770463823535518,1.7999999999999972,1.7999999999999545,5.800000000000001,Schematic internal layout
XBOX360-1525,PadRumbleCoil1_2,XBOX360-1525 · Separate armature winding envelope005,Controller,copper,1,11.770463823535517,1.7999999999999972,1.7999999999999545,5.800000000000001,Schematic internal layout
XBOX360-1526,PadRumbleShaft1,XBOX360-1526 · Separate rumble motor shaft001,Controller,metal,1,20.16588324339271,1.4000000000000057,1.3999999999999773,13.1,Schematic internal layout
XBOX360-1527,PadRumbleWeight1,XBOX360-1527 · Separate eccentric semicircular vibration mass001,Controller,metal,1,207.4959115842988,15.0,7.5,2.3999999999999986,Schematic internal layout
XBOX360-1528,PadRumbleCradle1,XBOX360-1528 · Separate motor-retaining grip cradle001,Controller,ivory,1,191.66464080469632,16.400000000000006,16.399999999999977,8.5,Schematic internal layout
XBOX360-1529,PadRumblePlug1,XBOX360-1529 · Separate two-wire motor connector carrier001,Controller,white,1,40.566513201776424,6.0,4.0,1.6999999999999993,Schematic internal layout
XBOX360-1530,PadRumbleWire1_0,XBOX360-1530 · Separate rumble motor lead002,Controller,black,1,0.8109730603600258,1.4400002,17.69999999999999,0.24000020000000433,Schematic internal layout
XBOX360-1531,PadRumbleWire1_1,XBOX360-1531 · Separate rumble motor lead003,Controller,red,1,0.8612372713963462,3.4400001999999716,17.69999999999999,0.24000020000000433,Schematic internal layout
XBOX360-1532,PadAAHolder,XBOX360-1532 · Removable original two-AA battery holder001,Controller,ivory,1,5987.276225653659,37.0,55.0,18.2,"Approximate original white Xenon enclosure, not manufacturing dimensions"
XBOX360-1533,PadAADivider,XBOX360-1533 · Separate battery cradle center divider,Controller,ivory,1,914.131822850925,1.2000000000000002,51.5,14.8,Schematic internal layout
XBOX360-1534,PadAALatch,XBOX360-1534 · Separate battery-pack release catch,Controller,ivory,1,159.33628179866736,14.0,1.3000000000000114,9.0,Schematic internal layout
XBOX360-1535,PadAA0,XBOX360-1535 · Independent AA LR6 cell dimensional envelope,Controller,battery,1,7791.690134839104,14.2,49.19999999999999,14.2,Schematic internal layout
XBOX360-1536,PadAAPositive0,XBOX360-1536 · Separate AA positive button,Controller,metal,1,9.817477042468104,5.0,0.5,5.0,Schematic internal layout
XBOX360-1537,PadAANegative0,XBOX360-1537 · Separate AA flat negative terminal,Controller,metal,1,21.1539141329458,13.400000000000002,0.14999999999997726,13.399999999999999,Schematic internal layout
XBOX360-1538,PadAASpring0,XBOX360-1538 · Separate AA holder compression spring,Controller,metal,1,1.955461617305975,4.699998141506077,1.2998041349172809,4.700000177429204,Schematic internal layout
XBOX360-1539,PadAAPositiveLeaf0,XBOX360-1539 · Separate AA holder positive leaf,Controller,metal,1,4.484548667764671,5.0,0.18000000000000682,5.0,Schematic internal layout
XBOX360-1540,PadAAMark0,XBOX360-1540 · AA / LR6,Controller,white,6,0.101120315533366,2.1476511067114084,10.788758489261738,0.018000200000000022,"Approximate original white Xenon enclosure, not manufacturing dimensions"
XBOX360-1541,PadAAContactLeaf0,XBOX360-1541 · Separate holder-to-board contact leaf study,Controller,metal,1,3.003963168426217,1.0,0.2999999999999545,10.2,Schematic internal layout
XBOX360-1542,PadAAContactSeat0,XBOX360-1542 · Separate battery contact spring seat,Controller,metal,1,2.2962743338822995,4.800000000000001,4.800000000000068,0.09999999999999964,Schematic internal layout
XBOX360-1543,PadAABoardSpring0,XBOX360-1543 · Separate board-side AA contact spring study,Controller,metal,1,4.556011039719091,4.239998296475022,4.240000149581306,6.239573889829954,Schematic internal layout
XBOX360-1544,PadAABoardPin0,XBOX360-1544 · Separate battery through-board contact,Controller,metal,1,0.4417864669110657,0.5,0.5,2.25,Schematic internal layout
XBOX360-1545,PadAA1,XBOX360-1545 · Independent AA LR6 cell dimensional envelope001,Controller,battery,1,7791.690134839104,14.2,49.19999999999999,14.2,Schematic internal layout
XBOX360-1546,PadAAPositive1,XBOX360-1546 · Separate AA positive button001,Controller,metal,1,9.817477042468102,5.0,0.5,5.0,Schematic internal layout
XBOX360-1547,PadAANegative1,XBOX360-1547 · Separate AA flat negative terminal001,Controller,metal,1,21.15391413294714,13.400000000000002,0.15000000000000568,13.4,Schematic internal layout
XBOX360-1548,PadAASpring1,XBOX360-1548 · Separate AA holder compression spring001,Controller,metal,1,1.9554616173059738,4.699998141506076,1.299804134917224,4.700000177429202,Schematic internal layout
XBOX360-1549,PadAAPositiveLeaf1,XBOX360-1549 · Separate AA holder positive leaf001,Controller,metal,1,4.4845486677642095,5.0,0.17999999999994998,5.0,Schematic internal layout
XBOX360-1550,PadAAMark1,XBOX360-1550 · AA / LR001,Controller,white,6,0.101120315533366,2.1476511067114084,10.788758489261738,0.018000200000000022,"Approximate original white Xenon enclosure, not manufacturing dimensions"
XBOX360-1551,PadAAContactLeaf1,XBOX360-1551 · Separate holder-to-board contact leaf study001,Controller,metal,1,3.003963168426217,1.0,0.2999999999999545,10.2,Schematic internal layout
XBOX360-1552,PadAAContactSeat1,XBOX360-1552 · Separate battery contact spring seat001,Controller,metal,1,2.296274333882299,4.800000000000001,4.800000000000068,0.09999999999999964,Schematic internal layout
XBOX360-1553,PadAABoardSpring1,XBOX360-1553 · Separate board-side AA contact spring study001,Controller,metal,1,4.55601103971909,4.239998296475022,4.240000149581306,6.239573889829954,Schematic internal layout
XBOX360-1554,PadAABoardPin1,XBOX360-1554 · Separate battery through-board contact001,Controller,metal,1,0.4417864669110658,0.5,0.5,2.25,Schematic internal layout
XBOX360-1555,PadChargeShell,XBOX360-1555 · Separate original proprietary charge-port shield,Controller,metal,1,190.36460032938464,20.2,7.5,6.800000000000004,Schematic internal layout
XBOX360-1556,PadChargeBack,XBOX360-1556 · Separate charge-port rear insulator,Controller,black,1,60.65962824015521,18.8,0.5999999999999943,5.399999999999999,Schematic internal layout
XBOX360-1557,PadChargeTongue,XBOX360-1557 · Separate proprietary charge-port tongue,Controller,black,1,95.79398223686155,16.0,6.0,1.0,Schematic internal layout
XBOX360-1558,PadChargeContact0,XBOX360-1558 · Separate illustrative proprietary charge contact; not USB,Controller,gold,1,0.2999072920065885,0.5,5.0,0.120000000000001,Schematic internal layout
XBOX360-1559,PadChargeContact1,XBOX360-1559 · Separate illustrative proprietary charge contact; not USB001,Controller,gold,1,0.29990729200658856,0.5,5.0,0.120000000000001,Schematic internal layout
XBOX360-1560,PadChargeContact2,XBOX360-1560 · Separate illustrative proprietary charge contact; not USB002,Controller,gold,1,0.29990729200658856,0.5,5.0,0.120000000000001,Schematic internal layout
XBOX360-1561,PadChargeContact3,XBOX360-1561 · Separate illustrative proprietary charge contact; not USB003,Controller,gold,1,0.2999072920065885,0.5000000000000001,5.0,0.120000000000001,Schematic internal layout
XBOX360-1562,PadChargeContact4,XBOX360-1562 · Separate illustrative proprietary charge contact; not USB004,Controller,gold,1,0.2999072920065885,0.5000000000000001,5.0,0.120000000000001,Schematic internal layout
XBOX360-1563,PadChargeContact5,XBOX360-1563 · Separate illustrative proprietary charge contact; not USB005,Controller,gold,1,0.2999072920065885,0.5,5.0,0.120000000000001,Schematic internal layout
XBOX360-1564,PadChargeContact6,XBOX360-1564 · Separate illustrative proprietary charge contact; not USB006,Controller,gold,1,0.29990729200658856,0.5,5.0,0.120000000000001,Schematic internal layout
XBOX360-1565,PadChargeContact7,XBOX360-1565 · Separate illustrative proprietary charge contact; not USB007,Controller,gold,1,0.29990729200658856,0.5,5.0,0.120000000000001,Schematic internal layout
XBOX360-1566,PadSyncButton,XBOX360-1566 · Separate controller pairing button,Controller,ivory,1,18.246370132049464,4.399999999999999,1.1999999999999886,4.399999999999999,"Approximate original white Xenon enclosure, not manufacturing dimensions"
XBOX360-1567,PadSyncPlunger,XBOX360-1567 · Separate pairing-button stem,Controller,ivory,1,6.107256118578556,1.2000000000000028,5.400000000000006,1.2000000000000028,Schematic internal layout
XBOX360-1568,PadSyncSwitch,XBOX360-1568 · Separate pairing tactile switch001,Controller,metal,1,10.707292006587664,3.0,1.1999999999999886,3.0,Schematic internal layout
XBOX360-1569,PadExpansionBody,XBOX360-1569 · Original combined headset and accessory receptacle,Controller,black,1,678.7669333786661,28.0,4.699999999999989,6.5,Schematic internal layout
XBOX360-1570,PadHeadsetSleeve,XBOX360-1570 · Separate 2.5 mm headset socket sleeve,Controller,metal,1,14.325662500369427,3.4,3.8000000000000114,3.3999999999999986,Schematic internal layout
XBOX360-1571,PadExpansionContact0_0,XBOX360-1571 · Separate illustrative accessory contact,Controller,gold,1,0.16529601685880774,0.3999999999999986,3.5,0.120000000000001,Schematic internal layout
XBOX360-1572,PadExpansionContact0_1,XBOX360-1572 · Separate illustrative accessory contact001,Controller,gold,1,0.1652960168588078,0.3999999999999986,3.5,0.120000000000001,Schematic internal layout
XBOX360-1573,PadExpansionContact0_2,XBOX360-1573 · Separate illustrative accessory contact002,Controller,gold,1,0.16529601685880788,0.40000000000000036,3.5,0.120000000000001,Schematic internal layout
XBOX360-1574,PadExpansionContact1_0,XBOX360-1574 · Separate illustrative accessory contact003,Controller,gold,1,0.16529601685880788,0.40000000000000036,3.5,0.120000000000001,Schematic internal layout
XBOX360-1575,PadExpansionContact1_1,XBOX360-1575 · Separate illustrative accessory contact004,Controller,gold,1,0.16529601685880776,0.3999999999999986,3.5,0.120000000000001,Schematic internal layout
XBOX360-1576,PadExpansionContact1_2,XBOX360-1576 · Separate illustrative accessory contact005,Controller,gold,1,0.16529601685880774,0.3999999999999986,3.5,0.120000000000001,Schematic internal layout
XBOX360-1577,PadGripTrim,XBOX360-1577 · Separate original gray lower grip insert,Controller,ventgray,3,597.7065162513342,108.0000002,42.81595595072582,13.600000200000686,"Approximate original white Xenon enclosure, not manufacturing dimensions"
XBOX360-1578,PadCaseBoss0,XBOX360-1578 · Separate controller case screw guide,Controller,ivory,1,92.77751424581375,2.9000000000000057,2.8999999999999773,21.4,Schematic internal layout
XBOX360-1579,PadCaseScrew0,XBOX360-1579 · Separate six-lobe security fastener study,Controller,metal,1,31.11949804750717,2.700000000000003,2.6999999999999886,23.8,Schematic internal layout
XBOX360-1580,PadCaseBoss1,XBOX360-1580 · Separate controller case screw guide001,Controller,ivory,1,92.77751424581376,2.9000000000000057,2.8999999999999773,21.4,Schematic internal layout
XBOX360-1581,PadCaseScrew1,XBOX360-1581 · Separate six-lobe security fastener study001,Controller,metal,1,31.11949804750717,2.700000000000003,2.6999999999999886,23.8,Schematic internal layout
XBOX360-1582,PadCaseBoss2,XBOX360-1582 · Separate controller case screw guide002,Controller,ivory,1,92.77751424581399,2.9000000000000057,2.8999999999999773,21.4,Schematic internal layout
XBOX360-1583,PadCaseScrew2,XBOX360-1583 · Separate six-lobe security fastener study002,Controller,metal,1,31.11949804750726,2.700000000000003,2.7000000000000455,23.8,Schematic internal layout
XBOX360-1584,PadCaseBoss3,XBOX360-1584 · Separate controller case screw guide003,Controller,ivory,1,92.77751424581399,2.9000000000000057,2.8999999999999773,21.4,Schematic internal layout
XBOX360-1585,PadCaseScrew3,XBOX360-1585 · Separate six-lobe security fastener study003,Controller,metal,1,31.11949804750726,2.700000000000003,2.7000000000000455,23.8,Schematic internal layout
XBOX360-1586,PadCaseBoss4,XBOX360-1586 · Separate controller case screw guide004,Controller,ivory,1,92.77751424581386,2.9000000000000057,2.8999999999999773,21.4,Schematic internal layout
XBOX360-1587,PadCaseScrew4,XBOX360-1587 · Separate six-lobe security fastener study004,Controller,metal,1,31.119498047507253,2.6999999999999886,2.7000000000000455,23.8,Schematic internal layout
XBOX360-1588,PadCaseBoss5,XBOX360-1588 · Separate controller case screw guide005,Controller,ivory,1,92.77751424581386,2.9000000000000057,2.8999999999999773,21.4,Schematic internal layout
XBOX360-1589,PadCaseScrew5,XBOX360-1589 · Separate six-lobe security fastener study005,Controller,metal,1,31.119498047507253,2.6999999999999886,2.7000000000000455,23.8,Schematic internal layout
XBOX360-1590,PadCaseBoss6,XBOX360-1590 · Separate controller case screw guide006,Controller,ivory,1,92.77751424581396,2.9,2.8999999999999773,21.4,Schematic internal layout
XBOX360-1591,PadCaseScrew6,XBOX360-1591 · Separate six-lobe security fastener study006,Controller,metal,1,31.119498047507253,2.7,2.7000000000000455,23.8,Schematic internal layout
XBOX360-1592,PadPassive0,XBOX360-1592 · Schematic controller discrete device,Controller,black,1,0.3900771675440356,1.4000000000000057,0.7999999999999545,0.3500000000000014,Schematic internal layout
XBOX360-1593,PadPassiveEnd0_0,XBOX360-1593 · Separate controller discrete termination,Controller,metal,1,0.09797869902141083,0.29999999999999716,0.8400000000000318,0.39000000000000057,Schematic internal layout
XBOX360-1594,PadPassiveEnd0_1,XBOX360-1594 · Separate controller discrete termination001,Controller,metal,1,0.09797869902141083,0.29999999999999716,0.8400000000000318,0.39000000000000057,Schematic internal layout
XBOX360-1595,PadPassive1,XBOX360-1595 · Schematic controller discrete device001,Controller,black,1,0.3900771675440356,1.4000000000000057,0.7999999999999545,0.3500000000000014,Schematic internal layout
XBOX360-1596,PadPassiveEnd1_0,XBOX360-1596 · Separate controller discrete termination002,Controller,metal,1,0.09797869902141083,0.29999999999999716,0.8400000000000318,0.39000000000000057,Schematic internal layout
XBOX360-1597,PadPassiveEnd1_1,XBOX360-1597 · Separate controller discrete termination003,Controller,metal,1,0.09797869902141083,0.29999999999999716,0.8400000000000318,0.39000000000000057,Schematic internal layout
XBOX360-1598,PadPassive2,XBOX360-1598 · Schematic controller discrete device002,Controller,black,1,0.39007716754403565,1.4000000000000057,0.7999999999999545,0.3500000000000014,Schematic internal layout
XBOX360-1599,PadPassiveEnd2_0,XBOX360-1599 · Separate controller discrete termination004,Controller,metal,1,0.09797869902141083,0.29999999999999716,0.8400000000000318,0.39000000000000057,Schematic internal layout
XBOX360-1600,PadPassiveEnd2_1,XBOX360-1600 · Separate controller discrete termination005,Controller,metal,1,0.09797869902141082,0.29999999999999716,0.8400000000000318,0.39000000000000057,Schematic internal layout
XBOX360-1601,PadPassive3,XBOX360-1601 · Schematic controller discrete device003,Controller,black,1,0.3900771675440356,1.4000000000000057,0.7999999999999545,0.3500000000000014,Schematic internal layout
XBOX360-1602,PadPassiveEnd3_0,XBOX360-1602 · Separate controller discrete termination006,Controller,metal,1,0.09797869902141082,0.29999999999999716,0.8400000000000318,0.39000000000000057,Schematic internal layout
XBOX360-1603,PadPassiveEnd3_1,XBOX360-1603 · Separate controller discrete termination007,Controller,metal,1,0.09797869902141083,0.29999999999999716,0.8400000000000318,0.39000000000000057,Schematic internal layout
XBOX360-1604,PadPassive4,XBOX360-1604 · Schematic controller discrete device004,Controller,black,1,0.39007716754403515,1.3999999999999986,0.7999999999999545,0.3500000000000014,Schematic internal layout
XBOX360-1605,PadPassiveEnd4_0,XBOX360-1605 · Separate controller discrete termination008,Controller,metal,1,0.09797869902141083,0.30000000000000426,0.8400000000000318,0.39000000000000057,Schematic internal layout
XBOX360-1606,PadPassiveEnd4_1,XBOX360-1606 · Separate controller discrete termination009,Controller,metal,1,0.09797869902141118,0.3000000000000007,0.8400000000000318,0.39000000000000057,Schematic internal layout
XBOX360-1607,PadPassive5,XBOX360-1607 · Schematic controller discrete device005,Controller,black,1,0.39007716754403515,1.3999999999999986,0.7999999999999545,0.3500000000000014,Schematic internal layout
XBOX360-1608,PadPassiveEnd5_0,XBOX360-1608 · Separate controller discrete termination010,Controller,metal,1,0.09797869902141118,0.3000000000000007,0.8400000000000318,0.39000000000000057,Schematic internal layout
XBOX360-1609,PadPassiveEnd5_1,XBOX360-1609 · Separate controller discrete termination011,Controller,metal,1,0.09797869902141118,0.3000000000000007,0.8400000000000318,0.39000000000000057,Schematic internal layout
XBOX360-1610,PadPassive6,XBOX360-1610 · Schematic controller discrete device006,Controller,black,1,0.3900771675440352,1.4000000000000004,0.7999999999999545,0.3500000000000014,Schematic internal layout
XBOX360-1611,PadPassiveEnd6_0,XBOX360-1611 · Separate controller discrete termination012,Controller,metal,1,0.0979786990214112,0.3000000000000007,0.8400000000000318,0.39000000000000057,Schematic internal layout
XBOX360-1612,PadPassiveEnd6_1,XBOX360-1612 · Separate controller discrete termination013,Controller,metal,1,0.09797869902141113,0.2999999999999998,0.8400000000000318,0.39000000000000057,Schematic internal layout
XBOX360-1613,PadPassive7,XBOX360-1613 · Schematic controller discrete device007,Controller,black,1,0.39007716754403526,1.3999999999999995,0.7999999999999545,0.3500000000000014,Schematic internal layout
XBOX360-1614,PadPassiveEnd7_0,XBOX360-1614 · Separate controller discrete termination014,Controller,metal,1,0.09797869902141121,0.3000000000000007,0.8400000000000318,0.39000000000000057,Schematic internal layout
XBOX360-1615,PadPassiveEnd7_1,XBOX360-1615 · Separate controller discrete termination015,Controller,metal,1,0.09797869902141118,0.3000000000000007,0.8400000000000318,0.39000000000000057,Schematic internal layout
XBOX360-1616,PadPassive8,XBOX360-1616 · Schematic controller discrete device008,Controller,black,1,0.3900771675440351,1.3999999999999986,0.7999999999999545,0.3500000000000014,Schematic internal layout
XBOX360-1617,PadPassiveEnd8_0,XBOX360-1617 · Separate controller discrete termination016,Controller,metal,1,0.0979786990214112,0.3000000000000007,0.8400000000000318,0.39000000000000057,Schematic internal layout
XBOX360-1618,PadPassiveEnd8_1,XBOX360-1618 · Separate controller discrete termination017,Controller,metal,1,0.09797869902141118,0.3000000000000007,0.8400000000000318,0.39000000000000057,Schematic internal layout
XBOX360-1619,PadPassive9,XBOX360-1619 · Schematic controller discrete device009,Controller,black,1,0.3900771675440356,1.4000000000000057,0.7999999999999545,0.3500000000000014,Schematic internal layout
XBOX360-1620,PadPassiveEnd9_0,XBOX360-1620 · Separate controller discrete termination018,Controller,metal,1,0.09797869902141083,0.29999999999999716,0.8400000000000318,0.39000000000000057,Schematic internal layout
XBOX360-1621,PadPassiveEnd9_1,XBOX360-1621 · Separate controller discrete termination019,Controller,metal,1,0.09797869902141082,0.29999999999999716,0.8400000000000318,0.39000000000000057,Schematic internal layout
XBOX360-1622,PadPassive10,XBOX360-1622 · Schematic controller discrete device010,Controller,black,1,0.3900771675440356,1.4000000000000057,0.7999999999999545,0.3500000000000014,Schematic internal layout
XBOX360-1623,PadPassiveEnd10_0,XBOX360-1623 · Separate controller discrete termination020,Controller,metal,1,0.09797869902141083,0.29999999999999716,0.8400000000000318,0.39000000000000057,Schematic internal layout
XBOX360-1624,PadPassiveEnd10_1,XBOX360-1624 · Separate controller discrete termination021,Controller,metal,1,0.09797869902141083,0.29999999999999716,0.8400000000000318,0.39000000000000057,Schematic internal layout
XBOX360-1625,PadPassive11,XBOX360-1625 · Schematic controller discrete device011,Controller,black,1,0.3900771675440356,1.4000000000000057,0.7999999999999545,0.3500000000000014,Schematic internal layout
XBOX360-1626,PadPassiveEnd11_0,XBOX360-1626 · Separate controller discrete termination022,Controller,metal,1,0.09797869902141083,0.29999999999999716,0.8400000000000318,0.39000000000000057,Schematic internal layout
XBOX360-1627,PadPassiveEnd11_1,XBOX360-1627 · Separate controller discrete termination023,Controller,metal,1,0.09797869902141083,0.29999999999999716,0.8400000000000318,0.39000000000000057,Schematic internal layout
XBOX360-1628,PadPassive12,XBOX360-1628 · Schematic controller discrete device012,Controller,black,1,0.3900771675440357,1.4000000000000057,0.7999999999999545,0.3500000000000014,Schematic internal layout
XBOX360-1629,PadPassiveEnd12_0,XBOX360-1629 · Separate controller discrete termination024,Controller,metal,1,0.09797869902141083,0.29999999999999716,0.8400000000000318,0.39000000000000057,Schematic internal layout
XBOX360-1630,PadPassiveEnd12_1,XBOX360-1630 · Separate controller discrete termination025,Controller,metal,1,0.09797869902141083,0.29999999999999716,0.8400000000000318,0.39000000000000057,Schematic internal layout
XBOX360-1631,PadPassive13,XBOX360-1631 · Schematic controller discrete device013,Controller,black,1,0.3900771675440356,1.4000000000000057,0.7999999999999545,0.3500000000000014,Schematic internal layout
XBOX360-1632,PadPassiveEnd13_0,XBOX360-1632 · Separate controller discrete termination026,Controller,metal,1,0.09797869902141083,0.29999999999999716,0.8400000000000318,0.39000000000000057,Schematic internal layout
XBOX360-1633,PadPassiveEnd13_1,XBOX360-1633 · Separate controller discrete termination027,Controller,metal,1,0.09797869902141083,0.29999999999999716,0.8400000000000318,0.39000000000000057,Schematic internal layout
XBOX360-1634,PadPassive14,XBOX360-1634 · Schematic controller discrete device014,Controller,black,1,0.3900771675440356,1.4000000000000057,0.7999999999999545,0.3500000000000014,Schematic internal layout
XBOX360-1635,PadPassiveEnd14_0,XBOX360-1635 · Separate controller discrete termination028,Controller,metal,1,0.09797869902141083,0.29999999999999716,0.8400000000000318,0.39000000000000057,Schematic internal layout
XBOX360-1636,PadPassiveEnd14_1,XBOX360-1636 · Separate controller discrete termination029,Controller,metal,1,0.09797869902141083,0.29999999999999716,0.8400000000000318,0.39000000000000057,Schematic internal layout
XBOX360-1637,PadPassive15,XBOX360-1637 · Schematic controller discrete device015,Controller,black,1,0.3900771675440356,1.4000000000000057,0.7999999999999545,0.3500000000000014,Schematic internal layout
XBOX360-1638,PadPassiveEnd15_0,XBOX360-1638 · Separate controller discrete termination030,Controller,metal,1,0.09797869902141083,0.29999999999999716,0.8400000000000318,0.39000000000000057,Schematic internal layout
XBOX360-1639,PadPassiveEnd15_1,XBOX360-1639 · Separate controller discrete termination031,Controller,metal,1,0.09797869902141083,0.29999999999999716,0.8400000000000318,0.39000000000000057,Schematic internal layout
XBOX360-1640,PadPassive16,XBOX360-1640 · Schematic controller discrete device016,Controller,black,1,0.39007716754403565,1.4000000000000057,0.7999999999999545,0.3500000000000014,Schematic internal layout
XBOX360-1641,PadPassiveEnd16_0,XBOX360-1641 · Separate controller discrete termination032,Controller,metal,1,0.09797869902141083,0.29999999999999716,0.8400000000000318,0.39000000000000057,Schematic internal layout
XBOX360-1642,PadPassiveEnd16_1,XBOX360-1642 · Separate controller discrete termination033,Controller,metal,1,0.09797869902141082,0.29999999999999716,0.8400000000000318,0.39000000000000057,Schematic internal layout
XBOX360-1643,PadPassive17,XBOX360-1643 · Schematic controller discrete device017,Controller,black,1,0.3900771675440356,1.4000000000000057,0.7999999999999545,0.3500000000000014,Schematic internal layout
XBOX360-1644,PadPassiveEnd17_0,XBOX360-1644 · Separate controller discrete termination034,Controller,metal,1,0.09797869902141082,0.29999999999999716,0.8400000000000318,0.39000000000000057,Schematic internal layout
XBOX360-1645,PadPassiveEnd17_1,XBOX360-1645 · Separate controller discrete termination035,Controller,metal,1,0.09797869902141083,0.29999999999999716,0.8400000000000318,0.39000000000000057,Schematic internal layout
XBOX360-1646,PadPassive18,XBOX360-1646 · Schematic controller discrete device018,Controller,black,1,0.39007716754403515,1.3999999999999986,0.7999999999999545,0.3500000000000014,Schematic internal layout
XBOX360-1647,PadPassiveEnd18_0,XBOX360-1647 · Separate controller discrete termination036,Controller,metal,1,0.09797869902141083,0.30000000000000426,0.8400000000000318,0.39000000000000057,Schematic internal layout
XBOX360-1648,PadPassiveEnd18_1,XBOX360-1648 · Separate controller discrete termination037,Controller,metal,1,0.09797869902141118,0.3000000000000007,0.8400000000000318,0.39000000000000057,Schematic internal layout
XBOX360-1649,PadPassive19,XBOX360-1649 · Schematic controller discrete device019,Controller,black,1,0.39007716754403515,1.3999999999999986,0.7999999999999545,0.3500000000000014,Schematic internal layout
XBOX360-1650,PadPassiveEnd19_0,XBOX360-1650 · Separate controller discrete termination038,Controller,metal,1,0.09797869902141118,0.3000000000000007,0.8400000000000318,0.39000000000000057,Schematic internal layout
XBOX360-1651,PadPassiveEnd19_1,XBOX360-1651 · Separate controller discrete termination039,Controller,metal,1,0.0979786990214112,0.3000000000000007,0.8400000000000318,0.39000000000000057,Schematic internal layout
XBOX360-1652,PadPassive20,XBOX360-1652 · Schematic controller discrete device020,Controller,black,1,0.3900771675440352,1.4000000000000004,0.7999999999999545,0.3500000000000014,Schematic internal layout
XBOX360-1653,PadPassiveEnd20_0,XBOX360-1653 · Separate controller discrete termination040,Controller,metal,1,0.09797869902141118,0.3000000000000007,0.8400000000000318,0.39000000000000057,Schematic internal layout
XBOX360-1654,PadPassiveEnd20_1,XBOX360-1654 · Separate controller discrete termination041,Controller,metal,1,0.09797869902141113,0.2999999999999998,0.8400000000000318,0.39000000000000057,Schematic internal layout
XBOX360-1655,PadPassive21,XBOX360-1655 · Schematic controller discrete device021,Controller,black,1,0.3900771675440352,1.4000000000000004,0.7999999999999545,0.3500000000000014,Schematic internal layout
XBOX360-1656,PadPassiveEnd21_0,XBOX360-1656 · Separate controller discrete termination042,Controller,metal,1,0.09797869902141113,0.29999999999999993,0.8400000000000318,0.39000000000000057,Schematic internal layout
XBOX360-1657,PadPassiveEnd21_1,XBOX360-1657 · Separate controller discrete termination043,Controller,metal,1,0.09797869902141111,0.2999999999999998,0.8400000000000318,0.39000000000000057,Schematic internal layout
XBOX360-1658,PadPassive22,XBOX360-1658 · Schematic controller discrete device022,Controller,black,1,0.39007716754403526,1.3999999999999995,0.7999999999999545,0.3500000000000014,Schematic internal layout
XBOX360-1659,PadPassiveEnd22_0,XBOX360-1659 · Separate controller discrete termination044,Controller,metal,1,0.09797869902141118,0.3000000000000007,0.8400000000000318,0.39000000000000057,Schematic internal layout
XBOX360-1660,PadPassiveEnd22_1,XBOX360-1660 · Separate controller discrete termination045,Controller,metal,1,0.0979786990214112,0.3000000000000007,0.8400000000000318,0.39000000000000057,Schematic internal layout
XBOX360-1661,PadPassive23,XBOX360-1661 · Schematic controller discrete device023,Controller,black,1,0.3900771675440351,1.3999999999999986,0.7999999999999545,0.3500000000000014,Schematic internal layout
XBOX360-1662,PadPassiveEnd23_0,XBOX360-1662 · Separate controller discrete termination046,Controller,metal,1,0.0979786990214112,0.3000000000000007,0.8400000000000318,0.39000000000000057,Schematic internal layout
XBOX360-1663,PadPassiveEnd23_1,XBOX360-1663 · Separate controller discrete termination047,Controller,metal,1,0.09797869902141118,0.3000000000000007,0.8400000000000318,0.39000000000000057,Schematic internal layout
XBOX360-1664,PadPassive24,XBOX360-1664 · Schematic controller discrete device024,Controller,black,1,0.3900771675440356,1.4000000000000057,0.7999999999999545,0.3500000000000014,Schematic internal layout
XBOX360-1665,PadPassiveEnd24_0,XBOX360-1665 · Separate controller discrete termination048,Controller,metal,1,0.09797869902141083,0.29999999999999716,0.8400000000000318,0.39000000000000057,Schematic internal layout
XBOX360-1666,PadPassiveEnd24_1,XBOX360-1666 · Separate controller discrete termination049,Controller,metal,1,0.09797869902141082,0.29999999999999716,0.8400000000000318,0.39000000000000057,Schematic internal layout
XBOX360-1667,PadPassive25,XBOX360-1667 · Schematic controller discrete device025,Controller,black,1,0.3900771675440356,1.4000000000000057,0.7999999999999545,0.3500000000000014,Schematic internal layout
XBOX360-1668,PadPassiveEnd25_0,XBOX360-1668 · Separate controller discrete termination050,Controller,metal,1,0.09797869902141083,0.29999999999999716,0.8400000000000318,0.39000000000000057,Schematic internal layout
XBOX360-1669,PadPassiveEnd25_1,XBOX360-1669 · Separate controller discrete termination051,Controller,metal,1,0.09797869902141083,0.29999999999999716,0.8400000000000318,0.39000000000000057,Schematic internal layout
XBOX360-1670,PadPassive26,XBOX360-1670 · Schematic controller discrete device026,Controller,black,1,0.3900771675440356,1.4000000000000057,0.7999999999999545,0.3500000000000014,Schematic internal layout
XBOX360-1671,PadPassiveEnd26_0,XBOX360-1671 · Separate controller discrete termination052,Controller,metal,1,0.09797869902141083,0.29999999999999716,0.8400000000000318,0.39000000000000057,Schematic internal layout
XBOX360-1672,PadPassiveEnd26_1,XBOX360-1672 · Separate controller discrete termination053,Controller,metal,1,0.09797869902141083,0.29999999999999716,0.8400000000000318,0.39000000000000057,Schematic internal layout
XBOX360-1673,PadPassive27,XBOX360-1673 · Schematic controller discrete device027,Controller,black,1,0.3900771675440357,1.4000000000000057,0.7999999999999545,0.3500000000000014,Schematic internal layout
XBOX360-1674,PadPassiveEnd27_0,XBOX360-1674 · Separate controller discrete termination054,Controller,metal,1,0.09797869902141083,0.29999999999999716,0.8400000000000318,0.39000000000000057,Schematic internal layout
XBOX360-1675,PadPassiveEnd27_1,XBOX360-1675 · Separate controller discrete termination055,Controller,metal,1,0.09797869902141083,0.29999999999999716,0.8400000000000318,0.39000000000000057,Schematic internal layout
XBOX360-1676,PadPassive28,XBOX360-1676 · Schematic controller discrete device028,Controller,black,1,0.3900771675440356,1.4000000000000057,0.7999999999999545,0.3500000000000014,Schematic internal layout
XBOX360-1677,PadPassiveEnd28_0,XBOX360-1677 · Separate controller discrete termination056,Controller,metal,1,0.09797869902141083,0.29999999999999716,0.8400000000000318,0.39000000000000057,Schematic internal layout
XBOX360-1678,PadPassiveEnd28_1,XBOX360-1678 · Separate controller discrete termination057,Controller,metal,1,0.09797869902141083,0.29999999999999716,0.8400000000000318,0.39000000000000057,Schematic internal layout
XBOX360-1679,PadPassive29,XBOX360-1679 · Schematic controller discrete device029,Controller,black,1,0.3900771675440356,1.4000000000000057,0.7999999999999545,0.3500000000000014,Schematic internal layout
XBOX360-1680,PadPassiveEnd29_0,XBOX360-1680 · Separate controller discrete termination058,Controller,metal,1,0.09797869902141083,0.29999999999999716,0.8400000000000318,0.39000000000000057,Schematic internal layout
XBOX360-1681,PadPassiveEnd29_1,XBOX360-1681 · Separate controller discrete termination059,Controller,metal,1,0.09797869902141083,0.29999999999999716,0.8400000000000318,0.39000000000000057,Schematic internal layout
XBOX360-1682,PadPassive30,XBOX360-1682 · Schematic controller discrete device030,Controller,black,1,0.3900771675440356,1.4000000000000057,0.7999999999999545,0.3500000000000014,Schematic internal layout
XBOX360-1683,PadPassiveEnd30_0,XBOX360-1683 · Separate controller discrete termination060,Controller,metal,1,0.09797869902141083,0.29999999999999716,0.8400000000000318,0.39000000000000057,Schematic internal layout
XBOX360-1684,PadPassiveEnd30_1,XBOX360-1684 · Separate controller discrete termination061,Controller,metal,1,0.09797869902141083,0.29999999999999716,0.8400000000000318,0.39000000000000057,Schematic internal layout
XBOX360-1685,PadPassive31,XBOX360-1685 · Schematic controller discrete device031,Controller,black,1,0.39007716754403565,1.4000000000000057,0.7999999999999545,0.3500000000000014,Schematic internal layout
XBOX360-1686,PadPassiveEnd31_0,XBOX360-1686 · Separate controller discrete termination062,Controller,metal,1,0.09797869902141083,0.29999999999999716,0.8400000000000318,0.39000000000000057,Schematic internal layout
XBOX360-1687,PadPassiveEnd31_1,XBOX360-1687 · Separate controller discrete termination063,Controller,metal,1,0.09797869902141082,0.29999999999999716,0.8400000000000318,0.39000000000000057,Schematic internal layout
XBOX360-1688,BrickBottom,XBOX360-1688 · Editable ribbed 203 W supply lower enclosure005,Accessories,ventgray,1,51627.85357194439,75.0,215.0,27.70000000000003,"Approximate original white Xenon enclosure, not manufacturing dimensions"
XBOX360-1689,BrickTop,XBOX360-1689 · Editable ribbed 203 W supply upper enclosure005,Accessories,ventgray,1,55557.911453692934,75.0,215.0,27.100000000000176,"Approximate original white Xenon enclosure, not manufacturing dimensions"
XBOX360-1690,BrickFoot0,XBOX360-1690 · Separate power-brick rubber foot,Accessories,rubber,1,72.0430027321212,8.399999999999977,8.400000000000006,1.3,"Approximate original white Xenon enclosure, not manufacturing dimensions"
XBOX360-1691,BrickCaseBoss0,XBOX360-1691 · Separate power-brick screw pillar,Accessories,ventgray,1,944.9910701998098,5.600000000000023,5.599999999999994,47.0,Schematic internal layout
XBOX360-1692,BrickScrew0,XBOX360-1692 · Cross-head fastener017,Accessories,metal,1,60.81228330458098,4.0,4.0,47.33,Schematic internal layout
XBOX360-1693,BrickFoot1,XBOX360-1693 · Separate power-brick rubber foot001,Accessories,rubber,1,72.0430027321211,8.399999999999977,8.400000000000006,1.3,"Approximate original white Xenon enclosure, not manufacturing dimensions"
XBOX360-1694,BrickCaseBoss1,XBOX360-1694 · Separate power-brick screw pillar001,Accessories,ventgray,1,944.9910701998119,5.600000000000023,5.599999999999994,47.0,Schematic internal layout
XBOX360-1695,BrickScrew1,XBOX360-1695 · Cross-head fastener018,Accessories,metal,1,60.812283304581186,4.0,4.0,47.33,Schematic internal layout
XBOX360-1696,BrickFoot2,XBOX360-1696 · Separate power-brick rubber foot002,Accessories,rubber,1,72.0430027321212,8.399999999999977,8.400000000000006,1.3,"Approximate original white Xenon enclosure, not manufacturing dimensions"
XBOX360-1697,BrickCaseBoss2,XBOX360-1697 · Separate power-brick screw pillar002,Accessories,ventgray,1,944.9910701998098,5.600000000000023,5.599999999999994,47.0,Schematic internal layout
XBOX360-1698,BrickScrew2,XBOX360-1698 · Cross-head fastener019,Accessories,metal,1,60.81228330458098,4.0,4.0,47.33,Schematic internal layout
XBOX360-1699,BrickFoot3,XBOX360-1699 · Separate power-brick rubber foot003,Accessories,rubber,1,72.0430027321211,8.399999999999977,8.400000000000006,1.3,"Approximate original white Xenon enclosure, not manufacturing dimensions"
XBOX360-1700,BrickCaseBoss3,XBOX360-1700 · Separate power-brick screw pillar003,Accessories,ventgray,1,944.9910701998119,5.600000000000023,5.599999999999994,47.0,Schematic internal layout
XBOX360-1701,BrickScrew3,XBOX360-1701 · Cross-head fastener020,Accessories,metal,1,60.81228330458118,4.0,4.0,47.33,Schematic internal layout
XBOX360-1702,BrickLabel,XBOX360-1702 · Separate power-supply study label,Accessories,black,1,138.12849555921716,49.0,47.0,0.060000000000002274,"Approximate original white Xenon enclosure, not manufacturing dimensions"
XBOX360-1703,BrickLabelMark,XBOX360-1703 · 203 W / XBOX 360,Accessories,white,12,0.5860669459393797,37.2691277167786,3.4362417107382566,0.01800020000000302,"Approximate original white Xenon enclosure, not manufacturing dimensions"
XBOX360-1704,BrickLabelStudy,XBOX360-1704 · STRUCTURE STUDY,Accessories,white,14,0.4927069344939481,34.633557146979854,2.7285908040268474,0.01800020000000302,"Approximate original white Xenon enclosure, not manufacturing dimensions"
XBOX360-1705,BrickLightPipe,XBOX360-1705 · Separate supply status light pipe,Accessories,led,1,30.41061688674923,4.399999999999977,2.0,4.399999999999999,"Approximate original white Xenon enclosure, not manufacturing dimensions"
XBOX360-1706,BrickLEDPCB,XBOX360-1706 · Separate status indicator daughterboard,Accessories,pcb,1,34.14977871437825,7.0,0.7000000000000028,7.0,Schematic internal layout
XBOX360-1707,BrickLED,XBOX360-1707 · Separate indicator LED envelope,Accessories,led,1,10.602875205865546,3.0,1.5,3.0,Schematic internal layout
XBOX360-1708,BrickPCB,XBOX360-1708 · Editable original-class supply board study001,Accessories,pcb,1,18553.556815657448,66.0,176.0,1.6000000000000014,"Approximate original white Xenon enclosure, not manufacturing dimensions"
XBOX360-1709,BrickShieldFloor,XBOX360-1709 · Separate lower supply shield and heat spreader001,Accessories,metal,1,4262.412125608037,68.0,180.0,0.3500000000000014,Schematic internal layout
XBOX360-1710,BrickBoardSupport0,XBOX360-1710 · Separate PSU board support,Accessories,ventgray,1,118.33594127909373,4.0,4.0,13.0,Schematic internal layout
XBOX360-1711,BrickBoardScrew0,XBOX360-1711 · Cross-head fastener021,Accessories,metal,1,21.294057463811836,3.0,3.0,16.130000000000003,Schematic internal layout
XBOX360-1712,BrickBoardSupport1,XBOX360-1712 · Separate PSU board support001,Accessories,ventgray,1,118.33594127909359,4.0,4.0,13.0,Schematic internal layout
XBOX360-1713,BrickBoardScrew1,XBOX360-1713 · Cross-head fastener022,Accessories,metal,1,21.294057463811917,3.0,3.0,16.130000000000003,Schematic internal layout
XBOX360-1714,BrickBoardSupport2,XBOX360-1714 · Separate PSU board support002,Accessories,ventgray,1,118.33594127909379,4.0,4.0,13.0,Schematic internal layout
XBOX360-1715,BrickBoardScrew2,XBOX360-1715 · Cross-head fastener023,Accessories,metal,1,21.294057463811843,3.0,3.0,16.130000000000003,Schematic internal layout
XBOX360-1716,BrickBoardSupport3,XBOX360-1716 · Separate PSU board support003,Accessories,ventgray,1,118.33594127909367,4.0,4.0,13.0,Schematic internal layout
XBOX360-1717,BrickBoardScrew3,XBOX360-1717 · Cross-head fastener024,Accessories,metal,1,21.294057463811928,3.0,3.0,16.130000000000003,Schematic internal layout
XBOX360-1718,BrickShieldWall0,XBOX360-1718 · Separate supply shield side wall,Accessories,metal,1,2123.837932692958,0.4000000000000341,180.0,29.500000000000004,Schematic internal layout
XBOX360-1719,BrickShieldWall1,XBOX360-1719 · Separate supply shield side wall001,Accessories,metal,1,2123.837932692958,0.39999999999997726,180.0,29.500000000000004,Schematic internal layout
XBOX360-1720,BrickShieldTop,XBOX360-1720 · Separate perforated upper supply shield001,Accessories,metal,1,3575.8924493896548,68.0,180.0,0.3500000000000014,Schematic internal layout
XBOX360-1721,BrickTransformerBobbin,XBOX360-1721 · Separate transformer insulating bobbin001,Accessories,ivory,1,7163.936269740926,26.0,22.0,16.8,Schematic internal layout
XBOX360-1722,BrickTransformerLimb,XBOX360-1722 · Separate ferrite center limb,Accessories,black,1,2006.7704042113971,12.0,10.0,16.8,Schematic internal layout
XBOX360-1723,BrickTransformerCore0,XBOX360-1723 · Separate transformer ferrite crossbar,Accessories,black,1,2148.3398223686154,32.0,28.0,2.3999999999999986,Schematic internal layout
XBOX360-1724,BrickTransformerCore1,XBOX360-1724 · Separate transformer ferrite crossbar001,Accessories,black,1,2148.3398223686154,32.0,28.0,2.3999999999999986,Schematic internal layout
XBOX360-1725,BrickTransformerOuterLimb0,XBOX360-1725 · Separate transformer outer ferrite limb,Accessories,black,1,939.5020880922278,2.0,28.0,16.8,Schematic internal layout
XBOX360-1726,BrickTransformerOuterLimb1,XBOX360-1726 · Separate transformer outer ferrite limb001,Accessories,black,1,939.5020880922277,2.0,28.0,16.8,Schematic internal layout
XBOX360-1727,BrickTransformerTurn0,XBOX360-1727 · Separate illustrative transformer winding layer,Accessories,copper,1,90.79104404611464,28.399999999999977,24.400000000000006,0.8999999999999986,Schematic internal layout
XBOX360-1728,BrickTransformerTurn1,XBOX360-1728 · Separate illustrative transformer winding layer001,Accessories,copper,1,90.79104404611464,28.399999999999977,24.400000000000006,0.8999999999999986,Schematic internal layout
XBOX360-1729,BrickTransformerTurn2,XBOX360-1729 · Separate illustrative transformer winding layer002,Accessories,copper,1,90.79104404611464,28.399999999999977,24.400000000000006,0.8999999999999986,Schematic internal layout
XBOX360-1730,BrickTransformerTurn3,XBOX360-1730 · Separate illustrative transformer winding layer003,Accessories,copper,1,90.7910440461134,28.399999999999977,24.400000000000006,0.9000000000000021,Schematic internal layout
XBOX360-1731,BrickTransformerTurn4,XBOX360-1731 · Separate illustrative transformer winding layer004,Accessories,copper,1,90.79104404611464,28.399999999999977,24.400000000000006,0.8999999999999986,Schematic internal layout
XBOX360-1732,BrickTransformerTurn5,XBOX360-1732 · Separate illustrative transformer winding layer005,Accessories,copper,1,90.79104404611464,28.399999999999977,24.400000000000006,0.8999999999999986,Schematic internal layout
XBOX360-1733,BrickTransformerTurn6,XBOX360-1733 · Separate illustrative transformer winding layer006,Accessories,copper,1,90.79104404611464,28.399999999999977,24.400000000000006,0.8999999999999986,Schematic internal layout
XBOX360-1734,BrickTransformerTurn7,XBOX360-1734 · Separate illustrative transformer winding layer007,Accessories,copper,1,90.79104404611464,28.399999999999977,24.400000000000006,0.8999999999999986,Schematic internal layout
XBOX360-1735,BrickCap0,XBOX360-1735 · Independent power-supply electrolytic envelope,Accessories,black,1,3694.512960621597,14.0,14.0,23.999999999999996,Schematic internal layout
XBOX360-1736,BrickCapTop0,XBOX360-1736 · Separate capacitor end seal,Accessories,metal,1,11.114326489869896,13.299999999999955,13.300000000000011,0.0799999999999983,Schematic internal layout
XBOX360-1737,BrickCapVent0,XBOX360-1737 · Separate capacitor vent marking,Accessories,black,1,0.016373132741229358,6.2999999999999545,0.12999999999999545,0.020000000000003126,Schematic internal layout
XBOX360-1738,BrickCapLead0_0,XBOX360-1738 · Separate illustrative capacitor terminal,Accessories,metal,1,0.11309733552923268,0.6000000000000227,0.5999999999999943,0.3999999999999986,Schematic internal layout
XBOX360-1739,BrickCapLead0_1,XBOX360-1739 · Separate illustrative capacitor terminal001,Accessories,metal,1,0.11309733552923268,0.6000000000000227,0.5999999999999943,0.3999999999999986,Schematic internal layout
XBOX360-1740,BrickCap1,XBOX360-1740 · Independent power-supply electrolytic envelope001,Accessories,black,1,3694.512960621597,14.0,14.0,23.999999999999996,Schematic internal layout
XBOX360-1741,BrickCapTop1,XBOX360-1741 · Separate capacitor end seal001,Accessories,metal,1,11.114326489869896,13.299999999999955,13.300000000000011,0.0799999999999983,Schematic internal layout
XBOX360-1742,BrickCapVent1,XBOX360-1742 · Separate capacitor vent marking001,Accessories,black,1,0.016373132741229358,6.2999999999999545,0.12999999999999545,0.020000000000003126,Schematic internal layout
XBOX360-1743,BrickCapLead1_0,XBOX360-1743 · Separate illustrative capacitor terminal002,Accessories,metal,1,0.11309733552923268,0.6000000000000227,0.5999999999999943,0.3999999999999986,Schematic internal layout
XBOX360-1744,BrickCapLead1_1,XBOX360-1744 · Separate illustrative capacitor terminal003,Accessories,metal,1,0.11309733552923268,0.6000000000000227,0.5999999999999943,0.3999999999999986,Schematic internal layout
XBOX360-1745,BrickCap2,XBOX360-1745 · Independent power-supply electrolytic envelope002,Accessories,black,1,1230.4990105580496,9.600000000000023,9.600000000000001,16.999999999999996,Schematic internal layout
XBOX360-1746,BrickCapTop2,XBOX360-1746 · Separate capacitor end seal002,Accessories,metal,1,4.976911081816916,8.899999999999977,8.899999999999999,0.0799999999999983,Schematic internal layout
XBOX360-1747,BrickCapVent2,XBOX360-1747 · Separate capacitor vent marking002,Accessories,black,1,0.011225132741229358,4.32000000000005,0.13000000000000078,0.020000000000003126,Schematic internal layout
XBOX360-1748,BrickCapLead2_0,XBOX360-1748 · Separate illustrative capacitor terminal004,Accessories,metal,1,0.11309733552923246,0.6000000000000227,0.5999999999999996,0.3999999999999986,Schematic internal layout
XBOX360-1749,BrickCapLead2_1,XBOX360-1749 · Separate illustrative capacitor terminal005,Accessories,metal,1,0.11309733552923246,0.6000000000000227,0.5999999999999996,0.3999999999999986,Schematic internal layout
XBOX360-1750,BrickCap3,XBOX360-1750 · Independent power-supply electrolytic envelope003,Accessories,black,1,1230.4990105580496,9.600000000000023,9.600000000000001,16.999999999999996,Schematic internal layout
XBOX360-1751,BrickCapTop3,XBOX360-1751 · Separate capacitor end seal003,Accessories,metal,1,4.976911081816916,8.899999999999977,8.899999999999999,0.0799999999999983,Schematic internal layout
XBOX360-1752,BrickCapVent3,XBOX360-1752 · Separate capacitor vent marking003,Accessories,black,1,0.011225132741229358,4.32000000000005,0.13000000000000078,0.020000000000003126,Schematic internal layout
XBOX360-1753,BrickCapLead3_0,XBOX360-1753 · Separate illustrative capacitor terminal006,Accessories,metal,1,0.11309733552923246,0.6000000000000227,0.5999999999999996,0.3999999999999986,Schematic internal layout
XBOX360-1754,BrickCapLead3_1,XBOX360-1754 · Separate illustrative capacitor terminal007,Accessories,metal,1,0.11309733552923246,0.6000000000000227,0.5999999999999996,0.3999999999999986,Schematic internal layout
XBOX360-1755,BrickCap4,XBOX360-1755 · Independent power-supply electrolytic envelope004,Accessories,black,1,1230.4990105580498,9.600000000000023,9.600000000000001,16.999999999999996,Schematic internal layout
XBOX360-1756,BrickCapTop4,XBOX360-1756 · Separate capacitor end seal004,Accessories,metal,1,4.976911081816917,8.899999999999977,8.899999999999999,0.0799999999999983,Schematic internal layout
XBOX360-1757,BrickCapVent4,XBOX360-1757 · Separate capacitor vent marking004,Accessories,black,1,0.011225132741229308,4.32000000000005,0.129999999999999,0.020000000000003126,Schematic internal layout
XBOX360-1758,BrickCapLead4_0,XBOX360-1758 · Separate illustrative capacitor terminal008,Accessories,metal,1,0.1130973355292324,0.6000000000000227,0.6000000000000014,0.3999999999999986,Schematic internal layout
XBOX360-1759,BrickCapLead4_1,XBOX360-1759 · Separate illustrative capacitor terminal009,Accessories,metal,1,0.1130973355292324,0.6000000000000227,0.6000000000000014,0.3999999999999986,Schematic internal layout
XBOX360-1760,BrickCap5,XBOX360-1760 · Independent power-supply electrolytic envelope005,Accessories,black,1,1230.4990105580498,9.600000000000023,9.600000000000001,16.999999999999996,Schematic internal layout
XBOX360-1761,BrickCapTop5,XBOX360-1761 · Separate capacitor end seal005,Accessories,metal,1,4.976911081816917,8.899999999999977,8.899999999999999,0.0799999999999983,Schematic internal layout
XBOX360-1762,BrickCapVent5,XBOX360-1762 · Separate capacitor vent marking005,Accessories,black,1,0.011225132741229308,4.32000000000005,0.129999999999999,0.020000000000003126,Schematic internal layout
XBOX360-1763,BrickCapLead5_0,XBOX360-1763 · Separate illustrative capacitor terminal010,Accessories,metal,1,0.1130973355292324,0.6000000000000227,0.6000000000000014,0.3999999999999986,Schematic internal layout
XBOX360-1764,BrickCapLead5_1,XBOX360-1764 · Separate illustrative capacitor terminal011,Accessories,metal,1,0.1130973355292324,0.6000000000000227,0.6000000000000014,0.3999999999999986,Schematic internal layout
XBOX360-1765,BrickChoke,XBOX360-1765 · Separate supply output toroidal core,Accessories,black,1,904.7786842338598,16.0,16.0,6.0,Schematic internal layout
XBOX360-1766,BrickChokeTurn0,XBOX360-1766 · Separate illustrative toroidal copper winding,Accessories,copper,1,6.344971277372371,8.760000200000036,0.5600002000000046,8.76000020000005,Schematic internal layout
XBOX360-1767,BrickChokeTurn1,XBOX360-1767 · Separate illustrative toroidal copper winding001,Accessories,copper,1,6.344971277372302,8.135812366592575,3.6980043453937412,8.760000199999979,Schematic internal layout
XBOX360-1768,BrickChokeTurn2,XBOX360-1768 · Separate illustrative toroidal copper winding002,Accessories,copper,1,6.3449712773723315,6.358275805729704,6.35827580572969,8.760000200000022,Schematic internal layout
XBOX360-1769,BrickChokeTurn3,XBOX360-1769 · Separate illustrative toroidal copper winding003,Accessories,copper,1,6.34497127737234,3.6980043453937697,8.13581236659256,8.760000200000022,Schematic internal layout
XBOX360-1770,BrickChokeTurn4,XBOX360-1770 · Separate illustrative toroidal copper winding004,Accessories,copper,1,6.3449712773723155,0.5600001999999904,8.760000200000007,8.760000200000007,Schematic internal layout
XBOX360-1771,BrickChokeTurn5,XBOX360-1771 · Separate illustrative toroidal copper winding005,Accessories,copper,1,6.34497127737234,3.6980043453937697,8.13581236659256,8.760000200000022,Schematic internal layout
XBOX360-1772,BrickChokeTurn6,XBOX360-1772 · Separate illustrative toroidal copper winding006,Accessories,copper,1,6.3449712773723315,6.358275805729704,6.35827580572969,8.760000200000022,Schematic internal layout
XBOX360-1773,BrickChokeTurn7,XBOX360-1773 · Separate illustrative toroidal copper winding007,Accessories,copper,1,6.344971277372307,8.135812366592575,3.6980043453937412,8.760000199999979,Schematic internal layout
XBOX360-1774,BrickChokeTurn8,XBOX360-1774 · Separate illustrative toroidal copper winding008,Accessories,copper,1,6.344971277372371,8.760000200000036,0.5600002000000046,8.76000020000005,Schematic internal layout
XBOX360-1775,BrickChokeTurn9,XBOX360-1775 · Separate illustrative toroidal copper winding009,Accessories,copper,1,6.3449712773723075,8.135812366592518,3.6980043453937412,8.760000199999979,Schematic internal layout
XBOX360-1776,BrickChokeTurn10,XBOX360-1776 · Separate illustrative toroidal copper winding010,Accessories,copper,1,6.344971277372327,6.358275805729704,6.35827580572969,8.760000200000022,Schematic internal layout
XBOX360-1777,BrickChokeTurn11,XBOX360-1777 · Separate illustrative toroidal copper winding011,Accessories,copper,1,6.344971277372332,3.6980043453937697,8.13581236659256,8.760000200000022,Schematic internal layout
XBOX360-1778,BrickChokeTurn12,XBOX360-1778 · Separate illustrative toroidal copper winding012,Accessories,copper,1,6.344971277372319,0.5600001999999904,8.760000200000007,8.760000200000007,Schematic internal layout
XBOX360-1779,BrickChokeTurn13,XBOX360-1779 · Separate illustrative toroidal copper winding013,Accessories,copper,1,6.344971277372339,3.6980043453937697,8.135812366592557,8.760000200000015,Schematic internal layout
XBOX360-1780,BrickChokeTurn14,XBOX360-1780 · Separate illustrative toroidal copper winding014,Accessories,copper,1,6.344971277372327,6.358275805729704,6.35827580572969,8.760000200000022,Schematic internal layout
XBOX360-1781,BrickChokeTurn15,XBOX360-1781 · Separate illustrative toroidal copper winding015,Accessories,copper,1,6.344971277372302,8.135812366592518,3.6980043453937412,8.760000199999979,Schematic internal layout
XBOX360-1782,BrickHeatBase0,XBOX360-1782 · Separate PSU heat-sink base rail,Accessories,metal,1,720.8454866776462,3.5,103.0,2.0,Schematic internal layout
XBOX360-1783,BrickHeatFin0_0,XBOX360-1783 · Separate PSU heat-sink fin,Accessories,metal,1,1132.8791362456254,0.5,103.0,22.000000000000004,Schematic internal layout
XBOX360-1784,BrickHeatFin0_1,XBOX360-1784 · Separate PSU heat-sink fin001,Accessories,metal,1,1132.8791362456257,0.5,103.0,22.000000000000004,Schematic internal layout
XBOX360-1785,BrickHeatFin0_2,XBOX360-1785 · Separate PSU heat-sink fin002,Accessories,metal,1,1132.8791362456254,0.5,103.0,22.000000000000004,Schematic internal layout
XBOX360-1786,BrickPowerPackage0_0,XBOX360-1786 · Separate power semiconductor package study,Accessories,black,1,279.0385837720205,5.0,8.0,7.0,Schematic internal layout
XBOX360-1787,BrickPowerPackage0_1,XBOX360-1787 · Separate power semiconductor package study001,Accessories,black,1,279.0385837720205,5.0,8.0,7.0,Schematic internal layout
XBOX360-1788,BrickPowerPackage0_2,XBOX360-1788 · Separate power semiconductor package study002,Accessories,black,1,279.0385837720205,5.0,8.0,7.0,Schematic internal layout
XBOX360-1789,BrickPowerPackage0_3,XBOX360-1789 · Separate power semiconductor package study003,Accessories,black,1,279.03858377202056,5.0,8.0,7.0,Schematic internal layout
XBOX360-1790,BrickHeatBase1,XBOX360-1790 · Separate PSU heat-sink base rail001,Accessories,metal,1,720.8454866776462,3.5,103.0,2.0,Schematic internal layout
XBOX360-1791,BrickHeatFin1_0,XBOX360-1791 · Separate PSU heat-sink fin003,Accessories,metal,1,1132.8791362456257,0.5,103.0,22.000000000000004,Schematic internal layout
XBOX360-1792,BrickHeatFin1_1,XBOX360-1792 · Separate PSU heat-sink fin004,Accessories,metal,1,1132.8791362456257,0.5,103.0,22.000000000000004,Schematic internal layout
XBOX360-1793,BrickHeatFin1_2,XBOX360-1793 · Separate PSU heat-sink fin005,Accessories,metal,1,1132.8791362456257,0.5,103.0,22.000000000000004,Schematic internal layout
XBOX360-1794,BrickPowerPackage1_0,XBOX360-1794 · Separate power semiconductor package study004,Accessories,black,1,279.0385837720205,5.0,8.0,7.0,Schematic internal layout
XBOX360-1795,BrickPowerPackage1_1,XBOX360-1795 · Separate power semiconductor package study005,Accessories,black,1,279.0385837720205,5.0,8.0,7.0,Schematic internal layout
XBOX360-1796,BrickPowerPackage1_2,XBOX360-1796 · Separate power semiconductor package study006,Accessories,black,1,279.0385837720205,5.0,8.0,7.0,Schematic internal layout
XBOX360-1797,BrickPowerPackage1_3,XBOX360-1797 · Separate power semiconductor package study007,Accessories,black,1,279.0385837720205,5.0,8.0,7.0,Schematic internal layout
XBOX360-1798,BrickStandbyTransformer,XBOX360-1798 · Separate auxiliary transformer envelope,Accessories,ivory,1,3036.8230016469247,17.0,15.0,12.0,Schematic internal layout
XBOX360-1799,BrickFuse,XBOX360-1799 · Separate input fuse envelope,Accessories,white,1,470.7079632679489,19.0,5.0,5.0,Schematic internal layout
XBOX360-1800,BrickInputFilter,XBOX360-1800 · Separate input suppression component envelope,Accessories,black,1,745.6991118430774,9.0,7.0,12.0,Schematic internal layout
XBOX360-1801,BrickBoardMark,XBOX360-1801 · 203W / CAD,Accessories,white,8,0.23326015209759923,18.973783757047045,2.684563858389261,0.01800020000000302,"Approximate original white Xenon enclosure, not manufacturing dimensions"
XBOX360-1802,BrickFanFrame,XBOX360-1802 · Separate miniature supply blower frame study,Accessories,black,1,1887.3117866440698,46.0,46.0,9.0,Schematic internal layout
XBOX360-1803,BrickFanFloor,XBOX360-1803 · Separate blower lower support,Accessories,black,1,829.0505933190786,46.0,46.0,0.5,Schematic internal layout
XBOX360-1804,BrickFanRotor,XBOX360-1804 · Separate blower impeller base,Accessories,black,1,626.4178671625369,40.0,40.0,0.5,Schematic internal layout
XBOX360-1805,BrickFanShaft,XBOX360-1805 · Separate supply blower shaft,Accessories,metal,1,11.309733552923332,1.2000000000000455,1.2000000000000028,10.0,Schematic internal layout
XBOX360-1806,BrickFanBearing,XBOX360-1806 · Separate blower bearing sleeve,Accessories,metal,1,11.215485773315551,2.0,2.0,7.0,Schematic internal layout
XBOX360-1807,BrickFanHub,XBOX360-1807 · Separate blower hub shell,Accessories,black,1,215.6389197424038,14.0,14.0,6.5,Schematic internal layout
XBOX360-1808,BrickFanMagnet,XBOX360-1808 · Separate blower rotor magnet,Accessories,black,1,157.3183937211623,11.600000000000023,11.599999999999994,5.2,Schematic internal layout
XBOX360-1809,BrickFanStator,XBOX360-1809 · Separate blower stator envelope,Accessories,metal,1,82.70242660575133,5.399999999999977,5.400000000000006,4.5,Schematic internal layout
XBOX360-1810,BrickFanCoil0,XBOX360-1810 · Separate blower winding envelope,Accessories,copper,1,5.026548245743639,1.3999999999999773,1.4000000000000057,4.0,Schematic internal layout
XBOX360-1811,BrickFanCoil1,XBOX360-1811 · Separate blower winding envelope001,Accessories,copper,1,5.026548245743638,1.3999999999999773,1.4000000000000057,4.0,Schematic internal layout
XBOX360-1812,BrickFanCoil2,XBOX360-1812 · Separate blower winding envelope002,Accessories,copper,1,5.026548245743638,1.3999999999999773,1.4000000000000057,4.0,Schematic internal layout
XBOX360-1813,BrickFanPCB,XBOX360-1813 · Separate supply-fan driver board,Accessories,pcb,1,59.376101152847085,12.399999999999977,12.400000000000006,0.5,Schematic internal layout
XBOX360-1814,BrickFanBlade0,XBOX360-1814 · Separate centrifugal impeller vane study,Accessories,black,1,26.925833605270128,9.483224208968863,3.77545204922356,6.0,Schematic internal layout
XBOX360-1815,BrickFanBlade1,XBOX360-1815 · Separate centrifugal impeller vane study001,Accessories,black,1,26.925833605270086,8.355375003894324,6.01012794808689,6.0,Schematic internal layout
XBOX360-1816,BrickFanBlade2,XBOX360-1816 · Separate centrifugal impeller vane study002,Accessories,black,1,26.925833605270107,6.674476403595577,7.851579162875396,6.0,Schematic internal layout
XBOX360-1817,BrickFanBlade3,XBOX360-1817 · Separate centrifugal impeller vane study003,Accessories,black,1,26.925833605270196,4.555078869866975,9.174313836443247,6.0,Schematic internal layout
XBOX360-1818,BrickFanBlade4,XBOX360-1818 · Separate centrifugal impeller vane study004,Accessories,black,1,26.92583360526982,2.1416158421618547,9.888189786709205,6.0,Schematic internal layout
XBOX360-1819,BrickFanBlade5,XBOX360-1819 · Separate centrifugal impeller vane study005,Accessories,black,1,26.925833605270196,1.2998409358164054,9.981162959352446,6.0,Schematic internal layout
XBOX360-1820,BrickFanBlade6,XBOX360-1820 · Separate centrifugal impeller vane study006,Accessories,black,1,26.925833605270086,3.7754520492235315,9.48322420896885,6.0,Schematic internal layout
XBOX360-1821,BrickFanBlade7,XBOX360-1821 · Separate centrifugal impeller vane study007,Accessories,black,1,26.925833605270093,6.010127948086961,8.355375003894281,6.0,Schematic internal layout
XBOX360-1822,BrickFanBlade8,XBOX360-1822 · Separate centrifugal impeller vane study008,Accessories,black,1,26.925833605270146,7.851579162875396,6.674476403595605,6.000000000000002,Schematic internal layout
XBOX360-1823,BrickFanBlade9,XBOX360-1823 · Separate centrifugal impeller vane study009,Accessories,black,1,26.92583360526992,9.174313836443275,4.555078869866918,6.0,Schematic internal layout
XBOX360-1824,BrickFanBlade10,XBOX360-1824 · Separate centrifugal impeller vane study010,Accessories,black,1,26.925833605270206,9.888189786709177,2.141615842161798,6.0,Schematic internal layout
XBOX360-1825,BrickFanBlade11,XBOX360-1825 · Separate centrifugal impeller vane study011,Accessories,black,1,26.925833605270192,9.981162959352446,1.2998409358164054,6.000000000000002,Schematic internal layout
XBOX360-1826,BrickFanBlade12,XBOX360-1826 · Separate centrifugal impeller vane study012,Accessories,black,1,26.925833605270142,9.483224208968863,3.77545204922356,6.000000000000002,Schematic internal layout
XBOX360-1827,BrickFanBlade13,XBOX360-1827 · Separate centrifugal impeller vane study013,Accessories,black,1,26.925833605270075,8.355375003894324,6.01012794808689,6.0,Schematic internal layout
XBOX360-1828,BrickFanBlade14,XBOX360-1828 · Separate centrifugal impeller vane study014,Accessories,black,1,26.925833605270107,6.674476403595577,7.8515791628753995,6.0,Schematic internal layout
XBOX360-1829,BrickFanBlade15,XBOX360-1829 · Separate centrifugal impeller vane study015,Accessories,black,1,26.925833605270196,4.555078869866975,9.17431383644325,6.0,Schematic internal layout
XBOX360-1830,BrickFanBlade16,XBOX360-1830 · Separate centrifugal impeller vane study016,Accessories,black,1,26.92583360526983,2.1416158421618547,9.888189786709209,6.000000000000002,Schematic internal layout
XBOX360-1831,BrickFanBlade17,XBOX360-1831 · Separate centrifugal impeller vane study017,Accessories,black,1,26.925833605270192,1.2998409358164054,9.981162959352446,6.0,Schematic internal layout
XBOX360-1832,BrickFanBlade18,XBOX360-1832 · Separate centrifugal impeller vane study018,Accessories,black,1,26.925833605270093,3.7754520492235315,9.483224208968856,6.0,Schematic internal layout
XBOX360-1833,BrickFanBlade19,XBOX360-1833 · Separate centrifugal impeller vane study019,Accessories,black,1,26.92583360527014,6.010127948086847,8.355375003894284,6.0,Schematic internal layout
XBOX360-1834,BrickFanBlade20,XBOX360-1834 · Separate centrifugal impeller vane study020,Accessories,black,1,26.925833605270185,7.851579162875396,6.674476403595609,6.0,Schematic internal layout
XBOX360-1835,BrickFanBlade21,XBOX360-1835 · Separate centrifugal impeller vane study021,Accessories,black,1,26.925833605269887,9.174313836443275,4.555078869866922,6.0,Schematic internal layout
XBOX360-1836,BrickFanBlade22,XBOX360-1836 · Separate centrifugal impeller vane study022,Accessories,black,1,26.92583360527018,9.888189786709177,2.141615842161798,6.0,Schematic internal layout
XBOX360-1837,BrickFanBlade23,XBOX360-1837 · Separate centrifugal impeller vane study023,Accessories,black,1,26.925833605270128,9.981162959352446,1.2998409358164054,6.0,Schematic internal layout
XBOX360-1838,BrickACInlet,XBOX360-1838 · Separate grounded appliance inlet insulator,Accessories,black,1,1702.585172356124,28.0,8.0,20.0,"Approximate original white Xenon enclosure, not manufacturing dimensions"
XBOX360-1839,BrickACPin0,XBOX360-1839 · Separate inlet power or earth terminal study,Accessories,metal,1,27.938194671058326,1.3999999999999773,5.0,4.0000000000000036,Schematic internal layout
XBOX360-1840,BrickACPin1,XBOX360-1840 · Separate inlet power or earth terminal study001,Accessories,metal,1,27.938194671058326,1.3999999999999773,5.0,4.0000000000000036,Schematic internal layout
XBOX360-1841,BrickACPin2,XBOX360-1841 · Separate inlet power or earth terminal study002,Accessories,metal,1,27.938194671058323,1.3999999999999773,5.0,4.0,Schematic internal layout
XBOX360-1842,BrickDCRelief,XBOX360-1842 · Separate captive DC cable strain relief,Accessories,ventgray,1,467.97164167873524,9.0,14.0,9.0,"Approximate original white Xenon enclosure, not manufacturing dimensions"
XBOX360-1843,BrickDCCord,XBOX360-1843 · Captive original-class DC cable; shortened display route,Accessories,ventgray,1,5598.895068328245,93.60000020000007,97.8000001,20.100000199999993,"Approximate original white Xenon enclosure, not manufacturing dimensions"
XBOX360-1844,BrickDCGrip,XBOX360-1844 · Separate proprietary DC plug overmould,Accessories,ventgray,1,20417.76101152847,28.0,35.0,21.0,"Approximate original white Xenon enclosure, not manufacturing dimensions"
XBOX360-1845,BrickDCShield,XBOX360-1845 · Separate early DC connector metal sleeve,Accessories,metal,1,548.0070763168039,24.0,12.000000000000005,16.000000000000004,"Approximate original white Xenon enclosure, not manufacturing dimensions"
XBOX360-1846,BrickDCCarrier,XBOX360-1846 · Separate eight-position DC contact carrier study,Accessories,black,1,444.2123889803846,22.0,1.500000000000003,13.5,Schematic internal layout
XBOX360-1847,BrickDCPower0_0,XBOX360-1847 · Separate DC power socket terminal,Accessories,metal,1,24.127431579569652,2.7999999999999545,7.999999999999999,2.8000000000000007,Schematic internal layout
XBOX360-1848,BrickDCPower0_1,XBOX360-1848 · Separate DC power socket terminal001,Accessories,metal,1,24.127431579569652,2.7999999999999545,7.999999999999999,2.8000000000000007,Schematic internal layout
XBOX360-1849,BrickDCPower0_2,XBOX360-1849 · Separate DC power socket terminal002,Accessories,metal,1,24.127431579569652,2.7999999999999545,7.999999999999999,2.8000000000000007,Schematic internal layout
XBOX360-1850,BrickDCPower1_0,XBOX360-1850 · Separate DC power socket terminal003,Accessories,metal,1,24.12743157956965,2.7999999999999545,7.999999999999999,2.799999999999999,Schematic internal layout
XBOX360-1851,BrickDCPower1_1,XBOX360-1851 · Separate DC power socket terminal004,Accessories,metal,1,24.12743157956965,2.7999999999999545,7.999999999999999,2.8000000000000007,Schematic internal layout
XBOX360-1852,BrickDCPower1_2,XBOX360-1852 · Separate DC power socket terminal005,Accessories,metal,1,24.12743157956965,2.7999999999999545,7.999999999999999,2.799999999999999,Schematic internal layout
XBOX360-1853,BrickDCControl0,XBOX360-1853 · Separate DC control socket terminal study,Accessories,metal,1,6.597344572538603,1.2999999999999545,7.999999999999999,1.3000000000000007,Schematic internal layout
XBOX360-1854,BrickDCControl1,XBOX360-1854 · Separate DC control socket terminal study001,Accessories,metal,1,6.597344572538603,1.2999999999999545,7.999999999999999,1.3000000000000007,Schematic internal layout
XBOX360-1855,BrickDCLatch0,XBOX360-1855 · Separate DC plug release latch,Accessories,black,1,176.33681348704778,1.7000000000000455,15.0,7.0,"Approximate original white Xenon enclosure, not manufacturing dimensions"
XBOX360-1856,BrickDCLatch1,XBOX360-1856 · Separate DC plug release latch001,Accessories,black,1,176.33681348704778,1.7000000000000455,15.0,7.0,"Approximate original white Xenon enclosure, not manufacturing dimensions"
XBOX360-1857,BrickOutputLead0,XBOX360-1857 · Separate illustrative low-voltage lead,Accessories,black,1,5.812465707043101,0.7000002000000904,13.236503619981079,6.1080040490702565,Schematic internal layout
XBOX360-1858,BrickOutputLead1,XBOX360-1858 · Separate illustrative low-voltage lead001,Accessories,red,1,5.812465707043101,0.7000002000000904,13.236503619981079,6.1080040490702565,Schematic internal layout
XBOX360-1859,BrickOutputLead2,XBOX360-1859 · Separate illustrative low-voltage lead002,Accessories,red,1,5.812465707043101,0.7000002000000904,13.236503619981079,6.1080040490702565,Schematic internal layout
XBOX360-1860,HeadsetBand,XBOX360-1860 · Separate curved original single-ear headband study,Accessories,ventgray,1,4856.990187471682,141.4213562373095,50.0,9.0,"Approximate original white Xenon enclosure, not manufacturing dimensions"
XBOX360-1861,HeadsetSlider0,XBOX360-1861 · Separate adjustable headset end arm,Accessories,ivory,1,605.1327412287183,4.5,17.0,8.0,"Approximate original white Xenon enclosure, not manufacturing dimensions"
XBOX360-1862,HeadsetDetent0_0,XBOX360-1862 · Separate adjustment detent marker,Accessories,ventgray,1,0.1191415926535882,3.0,0.39999999999997726,0.10000000000000142,"Approximate original white Xenon enclosure, not manufacturing dimensions"
XBOX360-1863,HeadsetDetent0_1,XBOX360-1863 · Separate adjustment detent marker001,Accessories,ventgray,1,0.1191415926535882,3.0,0.39999999999997726,0.10000000000000142,"Approximate original white Xenon enclosure, not manufacturing dimensions"
XBOX360-1864,HeadsetDetent0_2,XBOX360-1864 · Separate adjustment detent marker002,Accessories,ventgray,1,0.1191415926535882,3.0,0.39999999999997726,0.10000000000000142,"Approximate original white Xenon enclosure, not manufacturing dimensions"
XBOX360-1865,HeadsetDetent0_3,XBOX360-1865 · Separate adjustment detent marker003,Accessories,ventgray,1,0.1191415926535882,3.0,0.39999999999997726,0.10000000000000142,"Approximate original white Xenon enclosure, not manufacturing dimensions"
XBOX360-1866,HeadsetDetent0_4,XBOX360-1866 · Separate adjustment detent marker004,Accessories,ventgray,1,0.1191415926535882,3.0,0.39999999999997726,0.10000000000000142,"Approximate original white Xenon enclosure, not manufacturing dimensions"
XBOX360-1867,HeadsetSlider1,XBOX360-1867 · Separate adjustable headset end arm001,Accessories,ivory,1,605.1327412287184,4.5,17.0,8.0,"Approximate original white Xenon enclosure, not manufacturing dimensions"
XBOX360-1868,HeadsetDetent1_0,XBOX360-1868 · Separate adjustment detent marker005,Accessories,ventgray,1,0.1191415926535882,3.0,0.39999999999997726,0.10000000000000142,"Approximate original white Xenon enclosure, not manufacturing dimensions"
XBOX360-1869,HeadsetDetent1_1,XBOX360-1869 · Separate adjustment detent marker006,Accessories,ventgray,1,0.1191415926535882,3.0,0.39999999999997726,0.10000000000000142,"Approximate original white Xenon enclosure, not manufacturing dimensions"
XBOX360-1870,HeadsetDetent1_2,XBOX360-1870 · Separate adjustment detent marker007,Accessories,ventgray,1,0.1191415926535882,3.0,0.39999999999997726,0.10000000000000142,"Approximate original white Xenon enclosure, not manufacturing dimensions"
XBOX360-1871,HeadsetDetent1_3,XBOX360-1871 · Separate adjustment detent marker008,Accessories,ventgray,1,0.1191415926535882,3.0,0.39999999999997726,0.10000000000000142,"Approximate original white Xenon enclosure, not manufacturing dimensions"
XBOX360-1872,HeadsetDetent1_4,XBOX360-1872 · Separate adjustment detent marker009,Accessories,ventgray,1,0.1191415926535882,3.0,0.39999999999997726,0.10000000000000142,"Approximate original white Xenon enclosure, not manufacturing dimensions"
XBOX360-1873,HeadsetTemple,XBOX360-1873 · Opposite-side cushioned temple support,Accessories,ventgray,1,2082.5840131753953,14.0,27.0,6.0,"Approximate original white Xenon enclosure, not manufacturing dimensions"
XBOX360-1874,HeadsetTemplePad,XBOX360-1874 · Separate soft temple pad,Accessories,rubber,1,747.5829444277282,13.0,25.0,2.5,"Approximate original white Xenon enclosure, not manufacturing dimensions"
XBOX360-1875,HeadsetCup,XBOX360-1875 · Separate single-ear speaker shell,Accessories,ivory,1,2647.1845097310993,38.0,38.0,7.0,"Approximate original white Xenon enclosure, not manufacturing dimensions"
XBOX360-1876,HeadsetDriverBasket,XBOX360-1876 · Separate speaker basket,Accessories,metal,1,402.9092578228908,30.0,30.0,3.0,Schematic internal layout
XBOX360-1877,HeadsetMagnet,XBOX360-1877 · Separate speaker magnet envelope,Accessories,black,1,196.3495408493621,10.0,10.0,2.5,Schematic internal layout
XBOX360-1878,HeadsetVoiceCoil,XBOX360-1878 · Separate speaker voice-coil envelope,Accessories,copper,1,56.80313676955748,13.0,13.0,2.0999999999999996,Schematic internal layout
XBOX360-1879,HeadsetDiaphragm,XBOX360-1879 · Separate speaker diaphragm study,Accessories,black,1,51.077060559618076,26.0,26.0,0.10000000000001208,Schematic internal layout
XBOX360-1880,HeadsetCushion,XBOX360-1880 · Separate single-ear soft cushion,Accessories,rubber,1,4674.6898685416145,39.0,39.0,6.0,"Approximate original white Xenon enclosure, not manufacturing dimensions"
XBOX360-1881,HeadsetGrille,XBOX360-1881 · Separate perforated speaker grille,Accessories,ventgray,1,41.966651303713824,22.0,22.0,0.11999999999999922,Schematic internal layout
XBOX360-1882,HeadsetBoomPivot,XBOX360-1882 · Separate reversible microphone pivot,Accessories,ivory,1,100.53096491487344,8.0,8.0,2.0,"Approximate original white Xenon enclosure, not manufacturing dimensions"
XBOX360-1883,HeadsetBoom,XBOX360-1883 · Separate adjustable microphone boom study,Accessories,ventgray,1,534.4189072956979,67.58884115747765,35.63958803809527,3.0000002000000023,"Approximate original white Xenon enclosure, not manufacturing dimensions"
XBOX360-1884,HeadsetMicShell,XBOX360-1884 · Separate microphone capsule shell,Accessories,ivory,1,450.127424344925,17.0,8.0,6.0,"Approximate original white Xenon enclosure, not manufacturing dimensions"
XBOX360-1885,HeadsetMicCapsule,XBOX360-1885 · Separate electret microphone envelope,Accessories,metal,1,30.410616886749285,4.399999999999977,4.399999999999977,2.0,Schematic internal layout
XBOX360-1886,HeadsetMicMesh,XBOX360-1886 · Separate microphone opening mesh envelope,Accessories,ventgray,1,4.606858347057726,12.0,4.0,0.10000000000000142,"Approximate original white Xenon enclosure, not manufacturing dimensions"
XBOX360-1887,HeadsetCable,XBOX360-1887 · Separate original mono headset cable display route,Accessories,ventgray,1,501.94971278184664,156.4000001,69.70000010000001,1.8000002000000013,"Approximate original white Xenon enclosure, not manufacturing dimensions"
XBOX360-1888,HeadsetAdapterBottom,XBOX360-1888 · Original controller-end volume/mute adapter lower shell001,Accessories,ivory,1,1508.139810310874,31.0,23.0,5.0,"Approximate original white Xenon enclosure, not manufacturing dimensions"
XBOX360-1889,HeadsetAdapterTop,XBOX360-1889 · Separate headset adapter lid002,Accessories,ivory,1,668.2942685739216,31.0,23.00000000000017,1.2000000000000002,"Approximate original white Xenon enclosure, not manufacturing dimensions"
XBOX360-1890,HeadsetAdapterPCB,XBOX360-1890 · Separate headset adapter board study,Accessories,pcb,1,237.93982236861544,25.0,16.0,0.5999999999999996,Schematic internal layout
XBOX360-1891,HeadsetMuteSwitch,XBOX360-1891 · Separate headset mute switch,Accessories,black,1,47.38194671058466,6.0,4.0,2.0,Schematic internal layout
XBOX360-1892,HeadsetMuteButton,XBOX360-1892 · Separate original adapter mute slider,Accessories,ventgray,1,27.76991118430774,6.0,4.0,1.1999999999999993,"Approximate original white Xenon enclosure, not manufacturing dimensions"
XBOX360-1893,HeadsetVolumeWheel,XBOX360-1893 · Separate adapter volume wheel,Accessories,ventgray,1,183.78317023500298,11.0,11.0,2.0,"Approximate original white Xenon enclosure, not manufacturing dimensions"
XBOX360-1894,HeadsetVolumeAxle,XBOX360-1894 · Separate volume-control axle,Accessories,metal,1,7.245298057341485,1.5,1.5,4.099999999999999,Schematic internal layout
XBOX360-1895,HeadsetVolumePot,XBOX360-1895 · Separate volume potentiometer envelope,Accessories,black,1,33.47123889803846,8.0,7.0,0.5999999999999996,Schematic internal layout
XBOX360-1896,HeadsetPlugSegment0,XBOX360-1896 · Separate 2.5 mm headset plug segment,Accessories,metal,1,19.634954084936243,2.5,4.0,2.5,"Approximate original white Xenon enclosure, not manufacturing dimensions"
XBOX360-1897,HeadsetPlugSegment1,XBOX360-1897 · Separate 2.5 mm headset plug segment001,Accessories,black,1,2.45436926061703,2.5,0.5,2.5,"Approximate original white Xenon enclosure, not manufacturing dimensions"
XBOX360-1898,HeadsetPlugSegment2,XBOX360-1898 · Separate 2.5 mm headset plug segment002,Accessories,metal,1,9.81747704246812,2.5,2.0,2.5,"Approximate original white Xenon enclosure, not manufacturing dimensions"
XBOX360-1899,HeadsetPlugSegment3,XBOX360-1899 · Separate 2.5 mm headset plug segment003,Accessories,black,1,2.45436926061703,2.5,0.5,2.5,"Approximate original white Xenon enclosure, not manufacturing dimensions"
XBOX360-1900,HeadsetPlugSegment4,XBOX360-1900 · Separate 2.5 mm headset plug segment004,Accessories,metal,1,9.047786842338617,2.3999999999999773,2.0,2.4000000000000004,"Approximate original white Xenon enclosure, not manufacturing dimensions"
XBOX360-1901,ComponentGrip,XBOX360-1901 · Original Component HD AV plug body004,Accessories,ventgray,1,7655.775780603868,36.0,35.000000099999994,20.0,"Approximate original white Xenon enclosure, not manufacturing dimensions"
XBOX360-1902,ComponentShield,XBOX360-1902 · Separate original wide AV connector sleeve,Accessories,metal,1,519.3168122812717,32.0,11.0,9.000000000000004,"Approximate original white Xenon enclosure, not manufacturing dimensions"
XBOX360-1903,ComponentStop,XBOX360-1903 · Separate AV plug rear contact insulator,Accessories,black,1,83.91415926535937,30.0,0.4000000000000057,7.0,Schematic internal layout
XBOX360-1904,ComponentTongue,XBOX360-1904 · Separate original AV contact tongue,Accessories,black,1,391.1909733552923,29.0,9.0,1.5000000000000018,Schematic internal layout
XBOX360-1905,ComponentContact0_0,XBOX360-1905 · Separate illustrative original AV plug contact,Accessories,gold,1,0.5459072920065802,0.6499999999999773,7.0,0.11999999999999922,Schematic internal layout
XBOX360-1906,ComponentContact0_1,XBOX360-1906 · Separate illustrative original AV plug contact001,Accessories,gold,1,0.5459072920065802,0.6499999999999773,7.0,0.11999999999999922,Schematic internal layout
XBOX360-1907,ComponentContact0_2,XBOX360-1907 · Separate illustrative original AV plug contact002,Accessories,gold,1,0.5459072920065803,0.6499999999999773,7.0,0.11999999999999922,Schematic internal layout
XBOX360-1908,ComponentContact0_3,XBOX360-1908 · Separate illustrative original AV plug contact003,Accessories,gold,1,0.5459072920065803,0.6499999999999773,7.0,0.11999999999999922,Schematic internal layout
XBOX360-1909,ComponentContact0_4,XBOX360-1909 · Separate illustrative original AV plug contact004,Accessories,gold,1,0.5459072920065803,0.6499999999999773,7.0,0.11999999999999922,Schematic internal layout
XBOX360-1910,ComponentContact0_5,XBOX360-1910 · Separate illustrative original AV plug contact005,Accessories,gold,1,0.5459072920065803,0.6499999999999773,7.0,0.11999999999999922,Schematic internal layout
XBOX360-1911,ComponentContact0_6,XBOX360-1911 · Separate illustrative original AV plug contact006,Accessories,gold,1,0.5459072920065803,0.6499999999999773,7.0,0.11999999999999922,Schematic internal layout
XBOX360-1912,ComponentContact0_7,XBOX360-1912 · Separate illustrative original AV plug contact007,Accessories,gold,1,0.5459072920065802,0.6499999999999773,7.0,0.11999999999999922,Schematic internal layout
XBOX360-1913,ComponentContact0_8,XBOX360-1913 · Separate illustrative original AV plug contact008,Accessories,gold,1,0.5459072920065803,0.6499999999999773,7.0,0.11999999999999922,Schematic internal layout
XBOX360-1914,ComponentContact0_9,XBOX360-1914 · Separate illustrative original AV plug contact009,Accessories,gold,1,0.5459072920065803,0.6499999999999773,7.0,0.11999999999999922,Schematic internal layout
XBOX360-1915,ComponentContact0_10,XBOX360-1915 · Separate illustrative original AV plug contact010,Accessories,gold,1,0.5459072920065803,0.6499999999999773,7.0,0.11999999999999922,Schematic internal layout
XBOX360-1916,ComponentContact0_11,XBOX360-1916 · Separate illustrative original AV plug contact011,Accessories,gold,1,0.5459072920065802,0.6499999999999773,7.0,0.11999999999999922,Schematic internal layout
XBOX360-1917,ComponentContact0_12,XBOX360-1917 · Separate illustrative original AV plug contact012,Accessories,gold,1,0.5459072920065802,0.6499999999999773,7.0,0.11999999999999922,Schematic internal layout
XBOX360-1918,ComponentContact0_13,XBOX360-1918 · Separate illustrative original AV plug contact013,Accessories,gold,1,0.5459072920065803,0.6499999999999773,7.0,0.11999999999999922,Schematic internal layout
XBOX360-1919,ComponentContact0_14,XBOX360-1919 · Separate illustrative original AV plug contact014,Accessories,gold,1,0.5459072920065803,0.6499999999999773,7.0,0.11999999999999922,Schematic internal layout
XBOX360-1920,ComponentContact1_0,XBOX360-1920 · Separate illustrative original AV plug contact015,Accessories,gold,1,0.5459072920065802,0.6499999999999773,7.0,0.11999999999999922,Schematic internal layout
XBOX360-1921,ComponentContact1_1,XBOX360-1921 · Separate illustrative original AV plug contact016,Accessories,gold,1,0.5459072920065803,0.6499999999999773,7.0,0.11999999999999922,Schematic internal layout
XBOX360-1922,ComponentContact1_2,XBOX360-1922 · Separate illustrative original AV plug contact017,Accessories,gold,1,0.5459072920065803,0.6499999999999773,7.0,0.11999999999999922,Schematic internal layout
XBOX360-1923,ComponentContact1_3,XBOX360-1923 · Separate illustrative original AV plug contact018,Accessories,gold,1,0.5459072920065803,0.6499999999999773,7.0,0.11999999999999922,Schematic internal layout
XBOX360-1924,ComponentContact1_4,XBOX360-1924 · Separate illustrative original AV plug contact019,Accessories,gold,1,0.5459072920065803,0.6499999999999773,7.0,0.11999999999999922,Schematic internal layout
XBOX360-1925,ComponentContact1_5,XBOX360-1925 · Separate illustrative original AV plug contact020,Accessories,gold,1,0.5459072920065803,0.6499999999999773,7.0,0.11999999999999922,Schematic internal layout
XBOX360-1926,ComponentContact1_6,XBOX360-1926 · Separate illustrative original AV plug contact021,Accessories,gold,1,0.5459072920065803,0.6499999999999773,7.0,0.11999999999999922,Schematic internal layout
XBOX360-1927,ComponentContact1_7,XBOX360-1927 · Separate illustrative original AV plug contact022,Accessories,gold,1,0.5459072920065803,0.6499999999999773,7.0,0.11999999999999922,Schematic internal layout
XBOX360-1928,ComponentContact1_8,XBOX360-1928 · Separate illustrative original AV plug contact023,Accessories,gold,1,0.5459072920065803,0.6499999999999773,7.0,0.11999999999999922,Schematic internal layout
XBOX360-1929,ComponentContact1_9,XBOX360-1929 · Separate illustrative original AV plug contact024,Accessories,gold,1,0.5459072920065803,0.6499999999999773,7.0,0.11999999999999922,Schematic internal layout
XBOX360-1930,ComponentContact1_10,XBOX360-1930 · Separate illustrative original AV plug contact025,Accessories,gold,1,0.5459072920065803,0.6499999999999773,7.0,0.11999999999999922,Schematic internal layout
XBOX360-1931,ComponentContact1_11,XBOX360-1931 · Separate illustrative original AV plug contact026,Accessories,gold,1,0.5459072920065803,0.6499999999999773,7.0,0.11999999999999922,Schematic internal layout
XBOX360-1932,ComponentContact1_12,XBOX360-1932 · Separate illustrative original AV plug contact027,Accessories,gold,1,0.5459072920065802,0.6499999999999773,7.0,0.11999999999999922,Schematic internal layout
XBOX360-1933,ComponentContact1_13,XBOX360-1933 · Separate illustrative original AV plug contact028,Accessories,gold,1,0.5459072920065803,0.6499999999999773,7.0,0.11999999999999922,Schematic internal layout
XBOX360-1934,ComponentContact1_14,XBOX360-1934 · Separate illustrative original AV plug contact029,Accessories,gold,1,0.5459072920065803,0.6499999999999773,7.0,0.11999999999999922,Schematic internal layout
XBOX360-1935,ComponentPCB,XBOX360-1935 · Separate AV switch and optical board study,Accessories,pcb,1,450.1991148575129,28.0,23.0,0.7000000000000002,Schematic internal layout
XBOX360-1936,ComponentSelector,XBOX360-1936 · Separate original TV / HDTV selector,Accessories,black,1,47.34074315795694,10.0,4.0,1.1999999999999993,"Approximate original white Xenon enclosure, not manufacturing dimensions"
XBOX360-1937,ComponentTVMark,XBOX360-1937 · TV  HDTV,Accessories,black,6,0.10545838222377503,12.224328859060392,1.8791948308724784,0.01800020000000302,"Approximate original white Xenon enclosure, not manufacturing dimensions"
XBOX360-1938,ComponentOpticalSocket,XBOX360-1938 · Separate original Toslink-style optical output,Accessories,black,1,313.74840644207893,10.0,6.0,10.000000000000004,"Approximate original white Xenon enclosure, not manufacturing dimensions"
XBOX360-1939,ComponentOpticalDoor,XBOX360-1939 · Separate optical-output dust flap,Accessories,ventgray,1,21.056327412287185,6.5,0.5,6.5,"Approximate original white Xenon enclosure, not manufacturing dimensions"
XBOX360-1940,ComponentOpticalEmitter,XBOX360-1940 · Separate optical transmitter envelope,Accessories,led,1,12.566370614359162,4.0,1.0,4.0,Schematic internal layout
XBOX360-1941,ComponentCable,XBOX360-1941 · Separate six-channel AV cable; shortened display route,Accessories,ventgray,1,1909.0321468827128,77.20000019999998,70.81536544233455,4.49994388571948,"Approximate original white Xenon enclosure, not manufacturing dimensions"
XBOX360-1942,ComponentSplitter,XBOX360-1942 · Separate six-way AV fan-out moulding,Accessories,ventgray,1,1972.187601976309,20.0,10.0,10.0,"Approximate original white Xenon enclosure, not manufacturing dimensions"
XBOX360-1943,ComponentBranch0,XBOX360-1943 · Separate RCA cable branch Y,Accessories,ventgray,1,203.4448306640425,54.40000020000002,38.60000000000002,1.9000001999999991,"Approximate original white Xenon enclosure, not manufacturing dimensions"
XBOX360-1944,ComponentRCAGrip0,XBOX360-1944 · Separate RCA overmould Y,Accessories,ventgray,1,1447.645894774176,9.600000000000023,20.0,9.600000000000001,"Approximate original white Xenon enclosure, not manufacturing dimensions"
XBOX360-1945,ComponentRCAColor0,XBOX360-1945 · Separate RCA function band Y,Accessories,videogreen,1,33.15165647700644,10.399999999999977,3.0,10.399999999999999,"Approximate original white Xenon enclosure, not manufacturing dimensions"
XBOX360-1946,ComponentRCAGround0,XBOX360-1946 · Separate RCA outer ground sleeve,Accessories,metal,1,163.6141453989568,7.399999999999977,7.0,7.3999999999999995,"Approximate original white Xenon enclosure, not manufacturing dimensions"
XBOX360-1947,ComponentRCASignal0,XBOX360-1947 · Separate RCA center signal pin,Accessories,gold,1,22.902210444669524,1.8000000000000114,9.0,1.8000000000000007,"Approximate original white Xenon enclosure, not manufacturing dimensions"
XBOX360-1948,ComponentBranch1,XBOX360-1948 · Separate RCA cable branch Pb,Accessories,ventgray,1,162.8149775367378,33.40000020000002,38.60000000000002,1.9000001999999991,"Approximate original white Xenon enclosure, not manufacturing dimensions"
XBOX360-1949,ComponentRCAGrip1,XBOX360-1949 · Separate RCA overmould Pb,Accessories,ventgray,1,1447.6458947741758,9.600000000000023,20.0,9.600000000000001,"Approximate original white Xenon enclosure, not manufacturing dimensions"
XBOX360-1950,ComponentRCAColor1,XBOX360-1950 · Separate RCA function band Pb,Accessories,blue,1,33.151656477006384,10.399999999999977,3.0,10.399999999999999,"Approximate original white Xenon enclosure, not manufacturing dimensions"
XBOX360-1951,ComponentRCAGround1,XBOX360-1951 · Separate RCA outer ground sleeve001,Accessories,metal,1,163.614145398956,7.399999999999977,7.0,7.3999999999999995,"Approximate original white Xenon enclosure, not manufacturing dimensions"
XBOX360-1952,ComponentRCASignal1,XBOX360-1952 · Separate RCA center signal pin001,Accessories,gold,1,22.90221044466964,1.7999999999999545,9.0,1.8000000000000007,"Approximate original white Xenon enclosure, not manufacturing dimensions"
XBOX360-1953,ComponentBranch2,XBOX360-1953 · Separate RCA cable branch Pr,Accessories,ventgray,1,123.38338149557583,12.400000200000079,38.60000000000002,1.9000001999999991,"Approximate original white Xenon enclosure, not manufacturing dimensions"
XBOX360-1954,ComponentRCAGrip2,XBOX360-1954 · Separate RCA overmould Pr,Accessories,ventgray,1,1447.6458947741758,9.600000000000023,20.0,9.600000000000001,"Approximate original white Xenon enclosure, not manufacturing dimensions"
XBOX360-1955,ComponentRCAColor2,XBOX360-1955 · Separate RCA function band Pr,Accessories,red,1,33.151656477006384,10.399999999999977,3.0,10.4,"Approximate original white Xenon enclosure, not manufacturing dimensions"
XBOX360-1956,ComponentRCAGround2,XBOX360-1956 · Separate RCA outer ground sleeve002,Accessories,metal,1,163.614145398956,7.399999999999977,7.0,7.3999999999999995,"Approximate original white Xenon enclosure, not manufacturing dimensions"
XBOX360-1957,ComponentRCASignal2,XBOX360-1957 · Separate RCA center signal pin002,Accessories,gold,1,22.90221044466964,1.7999999999999545,9.0,1.8000000000000007,"Approximate original white Xenon enclosure, not manufacturing dimensions"
XBOX360-1958,ComponentBranch3,XBOX360-1958 · Separate RCA cable branch VIDEO,Accessories,ventgray,1,123.38338149557579,12.400000200000079,38.60000000000002,1.9000001999999991,"Approximate original white Xenon enclosure, not manufacturing dimensions"
XBOX360-1959,ComponentRCAGrip3,XBOX360-1959 · Separate RCA overmould VIDEO,Accessories,yellow,1,1447.6458947741758,9.600000000000023,20.0,9.600000000000001,"Approximate original white Xenon enclosure, not manufacturing dimensions"
XBOX360-1960,ComponentRCAColor3,XBOX360-1960 · Separate RCA function band VIDEO,Accessories,yellow,1,33.151656477006384,10.399999999999977,3.0,10.399999999999999,"Approximate original white Xenon enclosure, not manufacturing dimensions"
XBOX360-1961,ComponentRCAGround3,XBOX360-1961 · Separate RCA outer ground sleeve003,Accessories,metal,1,163.614145398956,7.399999999999977,7.0,7.3999999999999995,"Approximate original white Xenon enclosure, not manufacturing dimensions"
XBOX360-1962,ComponentRCASignal3,XBOX360-1962 · Separate RCA center signal pin003,Accessories,gold,1,22.90221044466964,1.7999999999999545,9.0,1.8000000000000007,"Approximate original white Xenon enclosure, not manufacturing dimensions"
XBOX360-1963,ComponentBranch4,XBOX360-1963 · Separate RCA cable branch L,Accessories,ventgray,1,162.81497753673779,33.40000020000002,38.60000000000002,1.9000001999999991,"Approximate original white Xenon enclosure, not manufacturing dimensions"
XBOX360-1964,ComponentRCAGrip4,XBOX360-1964 · Separate RCA overmould L,Accessories,white,1,1447.6458947741758,9.600000000000023,20.0,9.600000000000001,"Approximate original white Xenon enclosure, not manufacturing dimensions"
XBOX360-1965,ComponentRCAColor4,XBOX360-1965 · Separate RCA function band L,Accessories,white,1,33.151656477006384,10.399999999999977,3.0,10.399999999999999,"Approximate original white Xenon enclosure, not manufacturing dimensions"
XBOX360-1966,ComponentRCAGround4,XBOX360-1966 · Separate RCA outer ground sleeve004,Accessories,metal,1,163.614145398956,7.399999999999977,7.0,7.3999999999999995,"Approximate original white Xenon enclosure, not manufacturing dimensions"
XBOX360-1967,ComponentRCASignal4,XBOX360-1967 · Separate RCA center signal pin004,Accessories,gold,1,22.90221044466964,1.7999999999999545,9.0,1.8000000000000007,"Approximate original white Xenon enclosure, not manufacturing dimensions"
XBOX360-1968,ComponentBranch5,XBOX360-1968 · Separate RCA cable branch R,Accessories,ventgray,1,203.44483066404177,54.40000020000002,38.60000000000002,1.9000001999999991,"Approximate original white Xenon enclosure, not manufacturing dimensions"
XBOX360-1969,ComponentRCAGrip5,XBOX360-1969 · Separate RCA overmould R,Accessories,red,1,1447.6458947741758,9.600000000000023,20.0,9.600000000000001,"Approximate original white Xenon enclosure, not manufacturing dimensions"
XBOX360-1970,ComponentRCAColor5,XBOX360-1970 · Separate RCA function band R,Accessories,red,1,33.151656477006384,10.399999999999977,3.0,10.4,"Approximate original white Xenon enclosure, not manufacturing dimensions"
XBOX360-1971,ComponentRCAGround5,XBOX360-1971 · Separate RCA outer ground sleeve005,Accessories,metal,1,163.614145398956,7.399999999999977,7.0,7.3999999999999995,"Approximate original white Xenon enclosure, not manufacturing dimensions"
XBOX360-1972,ComponentRCASignal5,XBOX360-1972 · Separate RCA center signal pin005,Accessories,gold,1,22.90221044466964,1.7999999999999545,9.0,1.8000000000000007,"Approximate original white Xenon enclosure, not manufacturing dimensions"
XBOX360-1973,LANCable,XBOX360-1973 · Original bundled LAN cable shortened display path,Accessories,ventgray,1,1465.4065369677432,78.30000019999997,53.25000010000002,3.3000002000000013,"Approximate original white Xenon enclosure, not manufacturing dimensions"
XBOX360-1974,LANPlug0Contact0,XBOX360-1974 · Independent 8P8C plug contact,Accessories,gold,1,0.6295879644737253,0.5,4.2000000000000455,0.3000000000000007,Schematic internal layout
XBOX360-1975,LANPlug0Contact1,XBOX360-1975 · Independent 8P8C plug contact001,Accessories,gold,1,0.6295879644737253,0.5,4.2000000000000455,0.3000000000000007,Schematic internal layout
XBOX360-1976,LANPlug0Contact2,XBOX360-1976 · Independent 8P8C plug contact002,Accessories,gold,1,0.6295879644737252,0.5,4.2000000000000455,0.3000000000000007,Schematic internal layout
XBOX360-1977,LANPlug0Contact3,XBOX360-1977 · Independent 8P8C plug contact003,Accessories,gold,1,0.6295879644737253,0.5,4.2000000000000455,0.3000000000000007,Schematic internal layout
XBOX360-1978,LANPlug0Contact4,XBOX360-1978 · Independent 8P8C plug contact004,Accessories,gold,1,0.6295879644737254,0.5,4.2000000000000455,0.3000000000000007,Schematic internal layout
XBOX360-1979,LANPlug0Contact5,XBOX360-1979 · Independent 8P8C plug contact005,Accessories,gold,1,0.6295879644737254,0.5,4.2000000000000455,0.3000000000000007,Schematic internal layout
XBOX360-1980,LANPlug0Contact6,XBOX360-1980 · Independent 8P8C plug contact006,Accessories,gold,1,0.6295879644737254,0.5,4.2000000000000455,0.3000000000000007,Schematic internal layout
XBOX360-1981,LANPlug0Contact7,XBOX360-1981 · Independent 8P8C plug contact007,Accessories,gold,1,0.6295879644737254,0.5,4.2000000000000455,0.3000000000000007,Schematic internal layout
XBOX360-1982,LANPlug0Housing,XBOX360-1982 · Eight-position modular plug with integral latch,Accessories,clearplug,1,2088.02443250725,11.699999999999989,22.0,9.7,"Approximate original white Xenon enclosure, not manufacturing dimensions"
XBOX360-1983,LANPlug0Boot,XBOX360-1983 · Moulded modular-plug cable boot,Accessories,ventgray,1,1108.2743338823075,12.399999999999977,10.0,9.0,"Approximate original white Xenon enclosure, not manufacturing dimensions"
XBOX360-1984,LANPlug0Relief,XBOX360-1984 · Independent LAN cable strain relief,Accessories,ventgray,1,24.740042147019565,4.100000000000023,6.0,4.100000000000001,"Approximate original white Xenon enclosure, not manufacturing dimensions"
XBOX360-1985,LANPlug1Contact0,XBOX360-1985 · Independent 8P8C plug contact008,Accessories,gold,1,0.6295879644737256,0.5,4.2000000000000455,0.3000000000000007,Schematic internal layout
XBOX360-1986,LANPlug1Contact1,XBOX360-1986 · Independent 8P8C plug contact009,Accessories,gold,1,0.6295879644737257,0.5,4.2000000000000455,0.3000000000000007,Schematic internal layout
XBOX360-1987,LANPlug1Contact2,XBOX360-1987 · Independent 8P8C plug contact010,Accessories,gold,1,0.6295879644737254,0.5,4.2000000000000455,0.3000000000000007,Schematic internal layout
XBOX360-1988,LANPlug1Contact3,XBOX360-1988 · Independent 8P8C plug contact011,Accessories,gold,1,0.6295879644737257,0.5,4.2000000000000455,0.3000000000000007,Schematic internal layout
XBOX360-1989,LANPlug1Contact4,XBOX360-1989 · Independent 8P8C plug contact012,Accessories,gold,1,0.6295879644737256,0.5,4.2000000000000455,0.3000000000000007,Schematic internal layout
XBOX360-1990,LANPlug1Contact5,XBOX360-1990 · Independent 8P8C plug contact013,Accessories,gold,1,0.6295879644737254,0.5,4.2000000000000455,0.3000000000000007,Schematic internal layout
XBOX360-1991,LANPlug1Contact6,XBOX360-1991 · Independent 8P8C plug contact014,Accessories,gold,1,0.6295879644737256,0.5,4.2000000000000455,0.3000000000000007,Schematic internal layout
XBOX360-1992,LANPlug1Contact7,XBOX360-1992 · Independent 8P8C plug contact015,Accessories,gold,1,0.6295879644737254,0.5,4.2000000000000455,0.3000000000000007,Schematic internal layout
XBOX360-1993,LANPlug1Housing,XBOX360-1993 · Eight-position modular plug with integral latch001,Accessories,clearplug,1,2088.0244325072595,11.700000000000045,22.0,9.7,"Approximate original white Xenon enclosure, not manufacturing dimensions"
XBOX360-1994,LANPlug1Boot,XBOX360-1994 · Moulded modular-plug cable boot001,Accessories,ventgray,1,1108.2743338823077,12.399999999999977,10.0,9.0,"Approximate original white Xenon enclosure, not manufacturing dimensions"
XBOX360-1995,LANPlug1Relief,XBOX360-1995 · Independent LAN cable strain relief001,Accessories,ventgray,1,24.7400421470195,4.100000000000023,6.0,4.1000000000000005,"Approximate original white Xenon enclosure, not manufacturing dimensions"
XBOX360-1996,ACDeviceGrip,XBOX360-1996 · Separate grounded appliance connector overmould,Accessories,ventgray,1,16731.327412287184,28.0,30.0,20.0,"Approximate original white Xenon enclosure, not manufacturing dimensions"
XBOX360-1997,ACDeviceContact0,XBOX360-1997 · Separate grounded appliance spring socket,Accessories,metal,1,25.679999999999698,2.1999999999999886,6.0,4.3999999999999995,Schematic internal layout
XBOX360-1998,ACDeviceContact1,XBOX360-1998 · Separate grounded appliance spring socket001,Accessories,metal,1,25.679999999999698,2.1999999999999886,6.0,4.3999999999999995,Schematic internal layout
XBOX360-1999,ACDeviceContact2,XBOX360-1999 · Separate grounded appliance spring socket002,Accessories,metal,1,25.679999999999712,2.1999999999999886,6.0,4.400000000000002,Schematic internal layout
XBOX360-2000,ACDeviceHead,XBOX360-2000 · Separate three-position grounded appliance head study,Accessories,ventgray,1,3505.5999999999963,24.0,10.000000000000007,17.0,"Approximate original white Xenon enclosure, not manufacturing dimensions"
XBOX360-2001,ACCord,XBOX360-2001 · Separate grounded North-American AC cord display route,Accessories,ventgray,1,4084.4427321252933,59.60000020000007,155.1000001,6.600000199999992,"Approximate original white Xenon enclosure, not manufacturing dimensions"
XBOX360-2002,ACWallPlug,XBOX360-2002 · Separate North-American three-prong wall plug study,Accessories,ventgray,1,10156.938009881547,26.0,22.0,18.0,"Approximate original white Xenon enclosure, not manufacturing dimensions"
XBOX360-2003,ACWallBlade0,XBOX360-2003 · Separate flat wall-plug terminal,Accessories,metal,1,141.62123889803846,1.5,15.0,6.300000000000004,"Approximate original white Xenon enclosure, not manufacturing dimensions"
XBOX360-2004,ACWallBlade1,XBOX360-2004 · Separate flat wall-plug terminal001,Accessories,metal,1,141.62123889803843,1.5,15.0,6.300000000000004,"Approximate original white Xenon enclosure, not manufacturing dimensions"
XBOX360-2005,ACWallEarth,XBOX360-2005 · Separate wall-plug grounding pin,Accessories,metal,1,235.52520123962654,4.2000000000000455,17.0,4.200000000000001,"Approximate original white Xenon enclosure, not manufacturing dimensions"
