Part number,Part ID,Label,Assembly,Material,Solid count,Volume mm3,X mm,Y mm,Z mm,Fidelity
WII-0001,LowerHousing,WII-0001 · RVL-001 lower enclosure038,Body,wiiwhite,1,64984.825879620286,157.0,210.4,22.55,Published envelope; approximate photographic exterior detail
WII-0002,UpperHousing,WII-0002 · RVL-001 upper enclosure012,Body,wiiwhite,1,63241.831898533965,157.0,210.4,39.6,Published envelope; approximate photographic exterior detail
WII-0003,FrontBezel,WII-0003 · Separate original Wii faceplate006,Body,wiiwhite,1,10079.85832552423,157.0,4.750000000000014,42.5,Published envelope; approximate photographic exterior detail
WII-0004,Foot0,WII-0004 · Horizontal placement rubber pad,Body,rubber,1,178.14584013175397,8.0,15.0,1.5,Published envelope; approximate photographic exterior detail
WII-0005,Foot1,WII-0005 · Horizontal placement rubber pad001,Body,rubber,1,178.14584013175397,8.0,15.0,1.5,Published envelope; approximate photographic exterior detail
WII-0006,Foot2,WII-0006 · Horizontal placement rubber pad002,Body,rubber,1,178.14584013175397,8.0,15.0,1.5,Published envelope; approximate photographic exterior detail
WII-0007,Foot3,WII-0007 · Horizontal placement rubber pad003,Body,rubber,1,178.14584013175397,8.0,15.0,1.5,Published envelope; approximate photographic exterior detail
WII-0008,DiscLightGuide,WII-0008 · Blue optical slot illumination guide,Controls,slotblue,1,557.223561292729,130.5,1.450000000000017,6.900000000000006,Published envelope; approximate photographic exterior detail
WII-0009,DiscSlotFrame,WII-0009 · Dark internal disc-slot frame,Optical,black,1,436.0239275005185,128.0,2.8000000000000114,4.600000000000005,Schematic internal layout
WII-0010,SlotLEDPCB0,WII-0010 · Slot indicator end board,Controls,pcb,1,47.153858377202106,4.5,0.7000000000000028,15.0,Schematic internal layout
WII-0011,SlotLED0,WII-0011 · Blue light source package,Controls,slotblue,1,3.7036460032938368,2.5,0.5999999999999943,2.5,Schematic internal layout
WII-0012,SlotLEDPCB1,WII-0012 · Slot indicator end board001,Controls,pcb,1,47.15385837720212,4.5,0.7000000000000028,15.0,Schematic internal layout
WII-0013,SlotLED1,WII-0013 · Blue light source package001,Controls,slotblue,1,3.7036460032938368,2.5,0.5999999999999943,2.5,Schematic internal layout
WII-0014,PowerButton,WII-0014 · Power original faceplate key,Controls,wiiwhite,1,94.67465470399699,5.6000000000000085,1.7000000000000028,10.0,Published envelope; approximate photographic exterior detail
WII-0015,PowerSwitch,WII-0015 · Power tactile switch housing,Controls,black,1,29.793982236861552,4.0,1.5,5.000000000000002,Schematic internal layout
WII-0016,PowerMark,WII-0016 · Power symbol,Controls,wiigrey,2,0.133383057945041,3.299999999999997,0.03499999999999659,3.950000000000001,Published envelope; approximate photographic exterior detail
WII-0017,ResetButton,WII-0017 · Reset original faceplate key,Controls,wiiwhite,1,81.07465470399701,4.799999999999997,1.7000000000000028,10.0,Published envelope; approximate photographic exterior detail
WII-0018,ResetSwitch,WII-0018 · Reset tactile switch housing,Controls,black,1,29.79398223686155,4.0,1.5,5.000000000000002,Schematic internal layout
WII-0019,EjectButton,WII-0019 · Eject original faceplate key,Controls,wiiwhite,1,94.67465470399696,5.600000000000001,1.7000000000000028,10.0,Published envelope; approximate photographic exterior detail
WII-0020,EjectSwitch,WII-0020 · Eject tactile switch housing,Controls,black,1,29.793982236861552,4.0,1.5,5.000000000000002,Schematic internal layout
WII-0021,EjectMark,WII-0021 · Eject symbol,Controls,wiigrey,2,0.1417499999999954,3.0,0.03499999999999659,2.700000000000001,Published envelope; approximate photographic exterior detail
WII-0022,PowerIndicator,WII-0022 · Green power-state lens,Controls,led,1,0.08042477193190294,1.5999999999999943,0.04000000000000625,1.5999999999999996,Published envelope; approximate photographic exterior detail
WII-0023,WiiFrontMark,WII-0023 · Wii,Body,wiigrey,5,0.5142694892009434,12.220318791946312,0.018000000000000682,6.663087248322146,Published envelope; approximate photographic exterior detail
WII-0024,SDFlap,WII-0024 · Removable front SD and SYNC cover,Body,wiiwhite,1,1204.8763140296433,70.3,1.3500000000000085,12.700000000000001,Published envelope; approximate photographic exterior detail
WII-0025,SDHinge-31,WII-0025 · SD door hinge journal,Controls,wiiwhite,1,4.618141200776995,3.0,1.4000000000000057,1.4000000000000004,Published envelope; approximate photographic exterior detail
WII-0026,SDHinge31,WII-0026 · SD door hinge journal001,Controls,wiiwhite,1,4.618141200776995,3.0,1.4000000000000057,1.4000000000000004,Published envelope; approximate photographic exterior detail
WII-0027,SDPortPCB,WII-0027 · SD and synchronization support board,Ports,pcb,1,731.4506192982975,61.0,12.0,1.0,Schematic internal layout
WII-0028,SDPort,WII-0028 · Nine-contact SD reader cage,Ports,metal,1,1141.7681408993335,28.0,13.0,6.0,Schematic internal layout
WII-0029,SDInsulator,WII-0029 · SD contact carrier,Ports,black,1,119.96137166941152,24.0,10.0,0.5,Schematic internal layout
WII-0030,SDContact0,WII-0030 · SD card spring contact,Ports,gold,1,0.7272858050877884,0.8000000000000007,7.0,0.13000000000000078,Schematic internal layout
WII-0031,SDContact1,WII-0031 · SD card spring contact001,Ports,gold,1,0.7272858050877882,0.8000000000000007,7.0,0.13000000000000078,Schematic internal layout
WII-0032,SDContact2,WII-0032 · SD card spring contact002,Ports,gold,1,0.7272858050877882,0.8000000000000002,7.0,0.13000000000000078,Schematic internal layout
WII-0033,SDContact3,WII-0033 · SD card spring contact003,Ports,gold,1,0.7272858050877882,0.8000000000000007,7.0,0.13000000000000078,Schematic internal layout
WII-0034,SDContact4,WII-0034 · SD card spring contact004,Ports,gold,1,0.7272858050877885,0.8000000000000007,7.0,0.13000000000000078,Schematic internal layout
WII-0035,SDContact5,WII-0035 · SD card spring contact005,Ports,gold,1,0.7272858050877884,0.8000000000000007,7.0,0.13000000000000078,Schematic internal layout
WII-0036,SDContact6,WII-0036 · SD card spring contact006,Ports,gold,1,0.7272858050877885,0.8000000000000007,7.0,0.13000000000000078,Schematic internal layout
WII-0037,SDContact7,WII-0037 · SD card spring contact007,Ports,gold,1,0.7272858050877883,0.8000000000000007,7.0,0.13000000000000078,Schematic internal layout
WII-0038,SDContact8,WII-0038 · SD card spring contact008,Ports,gold,1,0.7272858050877884,0.8000000000000007,7.0,0.13000000000000078,Schematic internal layout
WII-0039,SyncSwitch,WII-0039 · Pairing button switch,Controls,black,1,89.07292006587699,5.0,6.0,3.0,Schematic internal layout
WII-0040,SyncButton,WII-0040 · Red synchronization button,Controls,red,1,35.74247779607697,6.0,1.2000000000000028,5.0,Published envelope; approximate photographic exterior detail
WII-0041,PowerLabel,WII-0041 · POWER,Controls,wiigrey,5,0.06274429494043854,1.4617451664429524,0.01800019999998881,6.916422179865773,Published envelope; approximate photographic exterior detail
WII-0042,ResetLabel,WII-0042 · RESET,Controls,wiigrey,5,0.0521354138071983,1.4617451664429524,0.01800019999998881,6.0100672140939615,Published envelope; approximate photographic exterior detail
WII-0043,EjectLabel,WII-0043 · EJECT,Controls,wiigrey,5,0.04539862589285518,1.8201344281879273,0.01800019999998881,5.35771812080537,Published envelope; approximate photographic exterior detail
WII-0044,USB0Shell,WII-0044 · USB-A receptacle shield,Ports,metal,1,358.57451271946655,14.699999999999996,13.0,6.5,Schematic internal layout
WII-0045,USB0Tongue,WII-0045 · USB-A insulating tongue,Ports,black,1,139.62070350741112,11.5,9.0,1.3499999999999996,Schematic internal layout
WII-0046,USB0Contact0,WII-0046 · USB-A spring contact,Ports,gold,1,0.5874952564803102,0.7000000000000028,7.0,0.11999999999999922,Schematic internal layout
WII-0047,USB0Contact1,WII-0047 · USB-A spring contact001,Ports,gold,1,0.5874952564803103,0.7000000000000028,7.0,0.11999999999999922,Schematic internal layout
WII-0048,USB0Contact2,WII-0048 · USB-A spring contact002,Ports,gold,1,0.5874952564803103,0.7000000000000028,7.0,0.11999999999999922,Schematic internal layout
WII-0049,USB0Contact3,WII-0049 · USB-A spring contact003,Ports,gold,1,0.5874952564803103,0.7000000000000028,7.0,0.11999999999999922,Schematic internal layout
WII-0050,USB1Shell,WII-0050 · USB-A receptacle shield001,Ports,metal,1,358.5745127194666,14.699999999999996,13.000000000000014,6.5,Schematic internal layout
WII-0051,USB1Tongue,WII-0051 · USB-A insulating tongue001,Ports,black,1,139.62070350741118,11.5,9.0,1.3500000000000014,Schematic internal layout
WII-0052,USB1Contact0,WII-0052 · USB-A spring contact004,Ports,gold,1,0.5874952564803131,0.7000000000000028,7.0,0.120000000000001,Schematic internal layout
WII-0053,USB1Contact1,WII-0053 · USB-A spring contact005,Ports,gold,1,0.5874952564803132,0.7000000000000028,7.0,0.120000000000001,Schematic internal layout
WII-0054,USB1Contact2,WII-0054 · USB-A spring contact006,Ports,gold,1,0.5874952564803132,0.7000000000000028,7.0,0.120000000000001,Schematic internal layout
WII-0055,USB1Contact3,WII-0055 · USB-A spring contact007,Ports,gold,1,0.5874952564803132,0.7000000000000028,7.0,0.120000000000001,Schematic internal layout
WII-0056,AVShell,WII-0056 · Multi AV insulated rear housing,Ports,wiigrey,1,1122.150794518134,23.400000000000002,13.0,10.4,Schematic internal layout
WII-0057,AVTongue,WII-0057 · Multi AV contact tongue,Ports,black,1,234.3907035074111,19.3,9.0,1.3499999999999996,Schematic internal layout
WII-0058,AVContact0_0,WII-0058 · Multi AV contact,Ports,gold,1,0.461629168026349,0.5499999999999972,7.0,0.11999999999999922,Schematic internal layout
WII-0059,AVContact0_1,WII-0059 · Multi AV contact001,Ports,gold,1,0.46162916802634907,0.5499999999999972,7.0,0.11999999999999922,Schematic internal layout
WII-0060,AVContact0_2,WII-0060 · Multi AV contact002,Ports,gold,1,0.461629168026349,0.5499999999999972,7.0,0.11999999999999922,Schematic internal layout
WII-0061,AVContact0_3,WII-0061 · Multi AV contact003,Ports,gold,1,0.461629168026349,0.5500000000000114,7.0,0.11999999999999922,Schematic internal layout
WII-0062,AVContact0_4,WII-0062 · Multi AV contact004,Ports,gold,1,0.461629168026349,0.5500000000000114,7.0,0.11999999999999922,Schematic internal layout
WII-0063,AVContact0_5,WII-0063 · Multi AV contact005,Ports,gold,1,0.46162916802634907,0.5500000000000114,7.0,0.11999999999999922,Schematic internal layout
WII-0064,AVContact0_6,WII-0064 · Multi AV contact006,Ports,gold,1,0.461629168026349,0.5500000000000114,7.0,0.11999999999999922,Schematic internal layout
WII-0065,AVContact0_7,WII-0065 · Multi AV contact007,Ports,gold,1,0.461629168026349,0.5500000000000114,7.0,0.11999999999999922,Schematic internal layout
WII-0066,AVContact1_0,WII-0066 · Multi AV contact008,Ports,gold,1,0.461629168026349,0.5499999999999972,7.0,0.11999999999999922,Schematic internal layout
WII-0067,AVContact1_1,WII-0067 · Multi AV contact009,Ports,gold,1,0.461629168026349,0.5499999999999972,7.0,0.11999999999999922,Schematic internal layout
WII-0068,AVContact1_2,WII-0068 · Multi AV contact010,Ports,gold,1,0.46162916802634907,0.5499999999999972,7.0,0.11999999999999922,Schematic internal layout
WII-0069,AVContact1_3,WII-0069 · Multi AV contact011,Ports,gold,1,0.461629168026349,0.5500000000000114,7.0,0.11999999999999922,Schematic internal layout
WII-0070,AVContact1_4,WII-0070 · Multi AV contact012,Ports,gold,1,0.461629168026349,0.5500000000000114,7.0,0.11999999999999922,Schematic internal layout
WII-0071,AVContact1_5,WII-0071 · Multi AV contact013,Ports,gold,1,0.46162916802634907,0.5500000000000114,7.0,0.11999999999999922,Schematic internal layout
WII-0072,AVContact1_6,WII-0072 · Multi AV contact014,Ports,gold,1,0.461629168026349,0.5500000000000114,7.0,0.11999999999999922,Schematic internal layout
WII-0073,AVContact1_7,WII-0073 · Multi AV contact015,Ports,gold,1,0.461629168026349,0.5500000000000114,7.0,0.11999999999999922,Schematic internal layout
WII-0074,SensorSocket,WII-0074 · Sensor keyed two-contact socket,Ports,red,1,462.2541761844556,9.0,12.40000000000002,6.0,Schematic internal layout
WII-0075,SensorPin0,WII-0075 · Sensor connector pin,Ports,gold,1,2.874849555921532,0.7999999999999972,6.0,0.5999999999999979,Schematic internal layout
WII-0076,SensorPin1,WII-0076 · Sensor connector pin001,Ports,gold,1,2.874849555921532,0.7999999999999972,6.0,0.5999999999999979,Schematic internal layout
WII-0077,DCSocket,WII-0077 · DC keyed two-contact socket,Ports,cream,1,1087.1541761844567,15.0,12.400000000000006,11.0,Schematic internal layout
WII-0078,DCPin0,WII-0078 · DC connector pin,Ports,gold,1,2.874849555921538,0.7999999999999972,6.0,0.6000000000000014,Schematic internal layout
WII-0079,DCPin1,WII-0079 · DC connector pin001,Ports,gold,1,2.8748495559215463,0.8000000000000043,6.0,0.6000000000000014,Schematic internal layout
WII-0080,RearDCMark,WII-0080 · 12V,Body,wiigrey,3,0.04218747758135245,4.496958892617457,0.01800019999998881,1.8158391261744988,Published envelope; approximate photographic exterior detail
WII-0081,GameCubeDoor,WII-0081 · GameCube white side cover,Body,wiiwhite,1,5272.574336052706,1.3500000000000654,124.40000000000003,31.400000000000034,Published envelope; approximate photographic exterior detail
WII-0082,GameCubeHinge0,WII-0082 · Side cover hinge journal,Controls,wiiwhite,1,3.9819686884250585,1.3000000000000114,3.0,1.2999999999999972,Published envelope; approximate photographic exterior detail
WII-0083,GameCubeHinge1,WII-0083 · Side cover hinge journal001,Controls,wiiwhite,1,3.9819686884250585,1.3000000000000114,3.0,1.2999999999999972,Published envelope; approximate photographic exterior detail
WII-0084,MemoryDoor,WII-0084 · Memory white side cover,Body,wiiwhite,1,2644.394336052703,1.350000000000037,62.40000000000003,31.40000000000002,Published envelope; approximate photographic exterior detail
WII-0085,MemoryHinge0,WII-0085 · Side cover hinge journal002,Controls,wiiwhite,1,3.9819686884250585,1.3000000000000114,3.0,1.2999999999999972,Published envelope; approximate photographic exterior detail
WII-0086,MemoryHinge1,WII-0086 · Side cover hinge journal003,Controls,wiiwhite,1,3.9819686884250585,1.3000000000000114,3.0,1.2999999999999972,Published envelope; approximate photographic exterior detail
WII-0087,GCPort1,WII-0087 · GameCube controller socket 1,GameCube,black,2,1317.6059500641347,15.299999999999997,16.0,16.0,Schematic internal layout
WII-0088,GCShield1,WII-0088 · Controller connector metal shield,GameCube,metal,1,411.1393466798881,10.5,17.0,17.0,Schematic internal layout
WII-0089,GCPin1_0_0,WII-0089 · GameCube six-position pin,GameCube,gold,1,5.089380098815454,8.0,0.9000000000000057,0.8999999999999986,Schematic internal layout
WII-0090,GCPin1_0_1,WII-0090 · GameCube six-position pin001,GameCube,gold,1,5.089380098815454,8.0,0.9000000000000057,0.8999999999999986,Schematic internal layout
WII-0091,GCPin1_0_2,WII-0091 · GameCube six-position pin002,GameCube,gold,1,5.089380098815454,8.0,0.9000000000000057,0.8999999999999986,Schematic internal layout
WII-0092,GCPin1_1_0,WII-0092 · GameCube six-position pin003,GameCube,gold,1,5.089380098815455,8.0,0.9000000000000057,0.8999999999999986,Schematic internal layout
WII-0093,GCPin1_1_1,WII-0093 · GameCube six-position pin004,GameCube,gold,1,5.089380098815455,8.0,0.9000000000000057,0.8999999999999986,Schematic internal layout
WII-0094,GCPin1_1_2,WII-0094 · GameCube six-position pin005,GameCube,gold,1,5.089380098815455,8.0,0.9000000000000057,0.8999999999999986,Schematic internal layout
WII-0095,GCInsert1,WII-0095 · Six-pin insulating carrier,GameCube,black,1,189.1779131397473,2.0,11.400000000000006,11.4,Schematic internal layout
WII-0096,GCPort2,WII-0096 · GameCube controller socket 2,GameCube,black,2,1317.605950064135,15.299999999999997,16.0,16.0,Schematic internal layout
WII-0097,GCShield2,WII-0097 · Controller connector metal shield001,GameCube,metal,1,411.1393466798897,10.5,17.0,17.0,Schematic internal layout
WII-0098,GCPin2_0_0,WII-0098 · GameCube six-position pin006,GameCube,gold,1,5.089380098815467,8.0,0.9000000000000057,0.8999999999999986,Schematic internal layout
WII-0099,GCPin2_0_1,WII-0099 · GameCube six-position pin007,GameCube,gold,1,5.089380098815467,8.0,0.9000000000000057,0.8999999999999986,Schematic internal layout
WII-0100,GCPin2_0_2,WII-0100 · GameCube six-position pin008,GameCube,gold,1,5.089380098815467,8.0,0.9000000000000057,0.8999999999999986,Schematic internal layout
WII-0101,GCPin2_1_0,WII-0101 · GameCube six-position pin009,GameCube,gold,1,5.089380098815467,8.0,0.9000000000000057,0.8999999999999986,Schematic internal layout
WII-0102,GCPin2_1_1,WII-0102 · GameCube six-position pin010,GameCube,gold,1,5.089380098815467,8.0,0.9000000000000057,0.8999999999999986,Schematic internal layout
WII-0103,GCPin2_1_2,WII-0103 · GameCube six-position pin011,GameCube,gold,1,5.089380098815467,8.0,0.9000000000000057,0.8999999999999986,Schematic internal layout
WII-0104,GCInsert2,WII-0104 · Six-pin insulating carrier001,GameCube,black,1,189.17791313974732,2.0,11.400000000000006,11.4,Schematic internal layout
WII-0105,GCPort3,WII-0105 · GameCube controller socket 3,GameCube,black,2,1317.6059500641345,15.299999999999997,16.0,16.0,Schematic internal layout
WII-0106,GCShield3,WII-0106 · Controller connector metal shield002,GameCube,metal,1,411.1393466798895,10.5,17.0,17.0,Schematic internal layout
WII-0107,GCPin3_0_0,WII-0107 · GameCube six-position pin012,GameCube,gold,1,5.089380098815469,8.0,0.8999999999999986,0.8999999999999986,Schematic internal layout
WII-0108,GCPin3_0_1,WII-0108 · GameCube six-position pin013,GameCube,gold,1,5.089380098815469,8.0,0.8999999999999986,0.8999999999999986,Schematic internal layout
WII-0109,GCPin3_0_2,WII-0109 · GameCube six-position pin014,GameCube,gold,1,5.08938009881547,8.0,0.8999999999999986,0.8999999999999986,Schematic internal layout
WII-0110,GCPin3_1_0,WII-0110 · GameCube six-position pin015,GameCube,gold,1,5.089380098815469,8.0,0.8999999999999986,0.8999999999999986,Schematic internal layout
WII-0111,GCPin3_1_1,WII-0111 · GameCube six-position pin016,GameCube,gold,1,5.089380098815469,8.0,0.8999999999999986,0.8999999999999986,Schematic internal layout
WII-0112,GCPin3_1_2,WII-0112 · GameCube six-position pin017,GameCube,gold,1,5.089380098815469,8.0,0.8999999999999986,0.8999999999999986,Schematic internal layout
WII-0113,GCInsert3,WII-0113 · Six-pin insulating carrier002,GameCube,black,1,189.17791313974732,2.0,11.399999999999999,11.4,Schematic internal layout
WII-0114,GCPort4,WII-0114 · GameCube controller socket 4,GameCube,black,2,1317.6059500641345,15.299999999999997,16.0,16.0,Schematic internal layout
WII-0115,GCShield4,WII-0115 · Controller connector metal shield003,GameCube,metal,1,411.13934667988906,10.5,17.0,17.0,Schematic internal layout
WII-0116,GCPin4_0_0,WII-0116 · GameCube six-position pin018,GameCube,gold,1,5.089380098815469,8.0,0.8999999999999995,0.8999999999999986,Schematic internal layout
WII-0117,GCPin4_0_1,WII-0117 · GameCube six-position pin019,GameCube,gold,1,5.089380098815472,8.0,0.8999999999999986,0.8999999999999986,Schematic internal layout
WII-0118,GCPin4_0_2,WII-0118 · GameCube six-position pin020,GameCube,gold,1,5.089380098815472,8.0,0.8999999999999986,0.8999999999999986,Schematic internal layout
WII-0119,GCPin4_1_0,WII-0119 · GameCube six-position pin021,GameCube,gold,1,5.089380098815469,8.0,0.8999999999999995,0.8999999999999986,Schematic internal layout
WII-0120,GCPin4_1_1,WII-0120 · GameCube six-position pin022,GameCube,gold,1,5.089380098815471,8.0,0.8999999999999986,0.8999999999999986,Schematic internal layout
WII-0121,GCPin4_1_2,WII-0121 · GameCube six-position pin023,GameCube,gold,1,5.089380098815471,8.0,0.8999999999999986,0.8999999999999986,Schematic internal layout
WII-0122,GCInsert4,WII-0122 · Six-pin insulating carrier003,GameCube,black,1,189.17791313974732,2.0,11.399999999999999,11.399999999999999,Schematic internal layout
WII-0123,GCMemory1,WII-0123 · GameCube memory-card socket 1,GameCube,metal,1,1499.1881402964457,18.0,25.0,8.0,Schematic internal layout
WII-0124,GCMemoryCarrier1,WII-0124 · Memory-card contact carrier,GameCube,black,1,314.922743338823,15.0,21.0,1.0,Schematic internal layout
WII-0125,GCMemoryPin1_0,WII-0125 · Memory-card twelve-position contact,GameCube,gold,1,0.8574952564803113,11.0,0.6500000000000057,0.11999999999999922,Schematic internal layout
WII-0126,GCMemoryPin1_1,WII-0126 · Memory-card twelve-position contact001,GameCube,gold,1,0.8574952564803113,11.0,0.6500000000000057,0.11999999999999922,Schematic internal layout
WII-0127,GCMemoryPin1_2,WII-0127 · Memory-card twelve-position contact002,GameCube,gold,1,0.8574952564803113,11.0,0.6500000000000057,0.11999999999999922,Schematic internal layout
WII-0128,GCMemoryPin1_3,WII-0128 · Memory-card twelve-position contact003,GameCube,gold,1,0.8574952564803113,11.0,0.6500000000000057,0.11999999999999922,Schematic internal layout
WII-0129,GCMemoryPin1_4,WII-0129 · Memory-card twelve-position contact004,GameCube,gold,1,0.8574952564803113,11.0,0.6500000000000057,0.11999999999999922,Schematic internal layout
WII-0130,GCMemoryPin1_5,WII-0130 · Memory-card twelve-position contact005,GameCube,gold,1,0.8574952564803113,11.0,0.6500000000000057,0.11999999999999922,Schematic internal layout
WII-0131,GCMemoryPin1_6,WII-0131 · Memory-card twelve-position contact006,GameCube,gold,1,0.8574952564803113,11.0,0.6500000000000057,0.11999999999999922,Schematic internal layout
WII-0132,GCMemoryPin1_7,WII-0132 · Memory-card twelve-position contact007,GameCube,gold,1,0.8574952564803113,11.0,0.6500000000000057,0.11999999999999922,Schematic internal layout
WII-0133,GCMemoryPin1_8,WII-0133 · Memory-card twelve-position contact008,GameCube,gold,1,0.8574952564803113,11.0,0.6500000000000057,0.11999999999999922,Schematic internal layout
WII-0134,GCMemoryPin1_9,WII-0134 · Memory-card twelve-position contact009,GameCube,gold,1,0.8574952564803113,11.0,0.6500000000000057,0.11999999999999922,Schematic internal layout
WII-0135,GCMemoryPin1_10,WII-0135 · Memory-card twelve-position contact010,GameCube,gold,1,0.8574952564803113,11.0,0.6500000000000057,0.11999999999999922,Schematic internal layout
WII-0136,GCMemoryPin1_11,WII-0136 · Memory-card twelve-position contact011,GameCube,gold,1,0.8574952564803113,11.0,0.6500000000000057,0.11999999999999922,Schematic internal layout
WII-0137,GCMemory2,WII-0137 · GameCube memory-card socket 2,GameCube,metal,1,1499.1881402964452,18.0,25.0,8.0,Schematic internal layout
WII-0138,GCMemoryCarrier2,WII-0138 · Memory-card contact carrier001,GameCube,black,1,314.9227433388231,15.0,21.0,1.0,Schematic internal layout
WII-0139,GCMemoryPin2_0,WII-0139 · Memory-card twelve-position contact012,GameCube,gold,1,0.8574952564803155,11.0,0.6500000000000057,0.120000000000001,Schematic internal layout
WII-0140,GCMemoryPin2_1,WII-0140 · Memory-card twelve-position contact013,GameCube,gold,1,0.8574952564803155,11.0,0.6500000000000057,0.120000000000001,Schematic internal layout
WII-0141,GCMemoryPin2_2,WII-0141 · Memory-card twelve-position contact014,GameCube,gold,1,0.8574952564803155,11.0,0.6500000000000057,0.120000000000001,Schematic internal layout
WII-0142,GCMemoryPin2_3,WII-0142 · Memory-card twelve-position contact015,GameCube,gold,1,0.8574952564803155,11.0,0.6500000000000057,0.120000000000001,Schematic internal layout
WII-0143,GCMemoryPin2_4,WII-0143 · Memory-card twelve-position contact016,GameCube,gold,1,0.8574952564803155,11.0,0.6500000000000057,0.120000000000001,Schematic internal layout
WII-0144,GCMemoryPin2_5,WII-0144 · Memory-card twelve-position contact017,GameCube,gold,1,0.8574952564803155,11.0,0.6500000000000057,0.120000000000001,Schematic internal layout
WII-0145,GCMemoryPin2_6,WII-0145 · Memory-card twelve-position contact018,GameCube,gold,1,0.8574952564803155,11.0,0.6500000000000057,0.120000000000001,Schematic internal layout
WII-0146,GCMemoryPin2_7,WII-0146 · Memory-card twelve-position contact019,GameCube,gold,1,0.8574952564803155,11.0,0.6500000000000057,0.120000000000001,Schematic internal layout
WII-0147,GCMemoryPin2_8,WII-0147 · Memory-card twelve-position contact020,GameCube,gold,1,0.8574952564803155,11.0,0.6500000000000057,0.120000000000001,Schematic internal layout
WII-0148,GCMemoryPin2_9,WII-0148 · Memory-card twelve-position contact021,GameCube,gold,1,0.8574952564803155,11.0,0.6500000000000057,0.120000000000001,Schematic internal layout
WII-0149,GCMemoryPin2_10,WII-0149 · Memory-card twelve-position contact022,GameCube,gold,1,0.8574952564803155,11.0,0.6500000000000057,0.120000000000001,Schematic internal layout
WII-0150,GCMemoryPin2_11,WII-0150 · Memory-card twelve-position contact023,GameCube,gold,1,0.8574952564803155,11.0,0.6500000000000057,0.120000000000001,Schematic internal layout
WII-0151,MainPCB,WII-0151 · Wii motherboard with separate module interfaces003,Mainboard,pcb,1,31902.88397315529,144.0,186.0,1.200000000000001,Schematic internal layout
WII-0152,GroundStrip-1,WII-0152 · Peripheral grounding strip003,Mainboard,gold,1,16.702969911184333,3.200000000000017,174.0,0.03000000000000025,Schematic internal layout
WII-0153,GroundStrip1,WII-0153 · Peripheral grounding strip002,Mainboard,gold,1,16.570206217013563,3.200000000000017,174.0,0.03000000000000025,Schematic internal layout
WII-0154,HollywoodSubstrate,WII-0154 · HOLLYWOOD package substrate,Mainboard,pcb,1,980.005360590058,33.0,33.0,0.8999999999999995,Schematic internal layout
WII-0155,Hollywood,WII-0155 · HOLLYWOOD metallic package cover,Mainboard,metal,1,1058.1102875205866,28.0,28.0,1.3499999999999996,Schematic internal layout
WII-0156,HollywoodInterconnect,WII-0156 · Schematic package interconnect field,Mainboard,metal,25,1.1150559525141364,22.88,22.879999999999995,0.4399999999999995,Schematic internal layout
WII-0157,HollywoodMark,WII-0157 · HOLLYWOOD,Mainboard,black,9,0.08745316202564184,11.377172918791945,1.3642955020134195,0.018000199999999467,Published envelope; approximate photographic exterior detail
WII-0158,BroadwaySubstrate,WII-0158 · BROADWAY package substrate,Mainboard,pcb,1,359.90536059005814,20.0,20.0,0.8999999999999995,Schematic internal layout
WII-0159,Broadway,WII-0159 · BROADWAY metallic package cover,Mainboard,metal,1,345.31028752058654,16.0,16.0,1.3499999999999996,Schematic internal layout
WII-0160,BroadwayInterconnect,WII-0160 · Schematic package interconnect field001,Mainboard,metal,25,1.1150559525141361,14.039999999999996,14.039999999999992,0.4399999999999995,Schematic internal layout
WII-0161,BroadwayMark,WII-0161 · BROADWAY,Mainboard,black,8,0.08502880522815814,10.215419563087252,1.3642955020134195,0.018000199999999467,Published envelope; approximate photographic exterior detail
WII-0162,NAND,WII-0162 · NAND package,Mainboard,black,1,240.87070350741118,17.0,10.5,1.3500000000000005,Schematic internal layout
WII-0163,NANDMark,WII-0163 · NAND,Mainboard,wiigrey,4,0.038626456521701366,4.677000938926177,1.2214767100671153,0.018000199999999467,Published envelope; approximate photographic exterior detail
WII-0164,NANDLeads-1,WII-0164 · Package contact bank,Mainboard,metal,24,1.324800000000003,16.129999999999995,1.6000000000000014,0.15000000000000036,Schematic internal layout
WII-0165,NANDLeads1,WII-0165 · Package contact bank001,Mainboard,metal,24,1.324800000000003,16.129999999999995,1.6000000000000014,0.15000000000000036,Schematic internal layout
WII-0166,AVEncoder,WII-0166 · AV ENCODER package,Mainboard,black,1,107.89570350741118,10.0,8.0,1.3500000000000005,Schematic internal layout
WII-0167,AVEncoderMark,WII-0167 · AV ENCODER,Mainboard,wiigrey,9,0.07151938031850774,10.543414529530203,1.2181210053691345,0.018000199999999467,Published envelope; approximate photographic exterior detail
WII-0168,AVEncoderLeads-1,WII-0168 · Package contact bank002,Mainboard,metal,16,0.8831999999999905,9.130000000000003,1.6000000000000014,0.15000000000000036,Schematic internal layout
WII-0169,AVEncoderLeads1,WII-0169 · Package contact bank003,Mainboard,metal,16,0.8831999999999871,9.130000000000003,1.5999999999999943,0.15000000000000036,Schematic internal layout
WII-0170,MEM2,WII-0170 · External memory study package,Mainboard,black,1,233.89956634047002,12.0,15.0,1.3000000000000007,Schematic internal layout
WII-0171,MEM2Mark,WII-0171 · MEM2,Mainboard,wiigrey,4,0.06593759640699336,6.121069730872481,1.6246981865771843,0.018000199999999467,Published envelope; approximate photographic exterior detail
WII-0172,Regulator0,WII-0172 · Switching regulator study package,Mainboard,black,1,47.878318530717955,6.200000000000003,6.200000000000003,1.2499999999999991,Schematic internal layout
WII-0173,Inductor0,WII-0173 · Power conversion inductor,Mainboard,thermal,1,173.30973355292326,7.0,7.0,3.5999999999999996,Schematic internal layout
WII-0174,Cap0,WII-0174 · Power smoothing capacitor,Mainboard,metal,1,161.16684472180995,5.799999999999997,5.799999999999997,6.1,Schematic internal layout
WII-0175,CapTop0,WII-0175 · Electrolytic capacitor insulating top,Mainboard,black,1,1.4866016436786924,5.200000000000003,5.200000000000003,0.07000000000000028,Schematic internal layout
WII-0176,Regulator1,WII-0176 · Switching regulator study package001,Mainboard,black,1,47.87831853071795,6.200000000000003,6.2,1.2499999999999991,Schematic internal layout
WII-0177,Inductor1,WII-0177 · Power conversion inductor001,Mainboard,thermal,1,173.30973355292326,7.0,7.0,3.5999999999999996,Schematic internal layout
WII-0178,Cap1,WII-0178 · Power smoothing capacitor001,Mainboard,metal,1,161.16684472180995,5.799999999999997,5.800000000000001,6.1,Schematic internal layout
WII-0179,CapTop1,WII-0179 · Electrolytic capacitor insulating top001,Mainboard,black,1,1.4866016436786922,5.200000000000003,5.199999999999999,0.07000000000000028,Schematic internal layout
WII-0180,Regulator2,WII-0180 · Switching regulator study package002,Mainboard,black,1,47.87831853071795,6.200000000000003,6.199999999999999,1.2499999999999991,Schematic internal layout
WII-0181,Inductor2,WII-0181 · Power conversion inductor002,Mainboard,thermal,1,173.30973355292326,7.0,7.0,3.5999999999999996,Schematic internal layout
WII-0182,Cap2,WII-0182 · Power smoothing capacitor002,Mainboard,metal,1,161.16684472180995,5.799999999999997,5.800000000000001,6.1,Schematic internal layout
WII-0183,CapTop2,WII-0183 · Electrolytic capacitor insulating top002,Mainboard,black,1,1.4866016436786924,5.200000000000003,5.199999999999999,0.07000000000000028,Schematic internal layout
WII-0184,RearCap0,WII-0184 · Rear-side smoothing capacitor,Mainboard,metal,1,114.68069822664188,5.200000000000003,5.199999999999989,5.4,Schematic internal layout
WII-0185,RearCapTop0,WII-0185 · Capacitor top vent mark,Mainboard,black,1,0.9123185066024779,4.399999999999999,4.400000000000006,0.0600000000000005,Schematic internal layout
WII-0186,RearCap1,WII-0186 · Rear-side smoothing capacitor001,Mainboard,metal,1,114.68069822664188,5.200000000000001,5.199999999999989,5.4,Schematic internal layout
WII-0187,RearCapTop1,WII-0187 · Capacitor top vent mark001,Mainboard,black,1,0.912318506602478,4.399999999999999,4.400000000000006,0.0600000000000005,Schematic internal layout
WII-0188,RearCap2,WII-0188 · Rear-side smoothing capacitor002,Mainboard,metal,1,114.68069822664188,5.199999999999999,5.199999999999989,5.4,Schematic internal layout
WII-0189,RearCapTop2,WII-0189 · Capacitor top vent mark002,Mainboard,black,1,0.912318506602478,4.3999999999999995,4.400000000000006,0.0600000000000005,Schematic internal layout
WII-0190,RearCap3,WII-0190 · Rear-side smoothing capacitor003,Mainboard,metal,1,114.68069822664188,5.199999999999999,5.199999999999989,5.4,Schematic internal layout
WII-0191,RearCapTop3,WII-0191 · Capacitor top vent mark003,Mainboard,black,1,0.912318506602478,4.4,4.400000000000006,0.0600000000000005,Schematic internal layout
WII-0192,RearCap4,WII-0192 · Rear-side smoothing capacitor004,Mainboard,metal,1,114.68069822664188,5.200000000000001,5.199999999999989,5.4,Schematic internal layout
WII-0193,RearCapTop4,WII-0193 · Capacitor top vent mark004,Mainboard,black,1,0.912318506602478,4.399999999999999,4.400000000000006,0.0600000000000005,Schematic internal layout
WII-0194,RearCap5,WII-0194 · Rear-side smoothing capacitor005,Mainboard,metal,1,114.68069822664188,5.200000000000003,5.199999999999989,5.4,Schematic internal layout
WII-0195,RearCapTop5,WII-0195 · Capacitor top vent mark005,Mainboard,black,1,0.912318506602478,4.399999999999999,4.400000000000006,0.0600000000000005,Schematic internal layout
WII-0196,SMD0_0_0,WII-0196 · Study passive component,Mainboard,black,1,0.5957079632679513,1.5,0.8000000000000114,0.5,Schematic internal layout
WII-0197,SMD0_0_1,WII-0197 · Study passive component001,Mainboard,cream,1,0.5957079632679482,1.5,0.7999999999999972,0.5,Schematic internal layout
WII-0198,SMD0_0_2,WII-0198 · Study passive component002,Mainboard,cream,1,0.5957079632679482,1.5,0.7999999999999972,0.5,Schematic internal layout
WII-0199,SMD0_1_0,WII-0199 · Study passive component003,Mainboard,cream,1,0.5957079632679513,1.5,0.8000000000000114,0.5,Schematic internal layout
WII-0200,SMD0_1_1,WII-0200 · Study passive component004,Mainboard,cream,1,0.5957079632679483,1.5,0.7999999999999972,0.5,Schematic internal layout
WII-0201,SMD0_1_2,WII-0201 · Study passive component005,Mainboard,black,1,0.5957079632679483,1.5,0.7999999999999972,0.5,Schematic internal layout
WII-0202,SMD0_2_0,WII-0202 · Study passive component006,Mainboard,cream,1,0.5957079632679513,1.5,0.8000000000000114,0.5,Schematic internal layout
WII-0203,SMD0_2_1,WII-0203 · Study passive component007,Mainboard,black,1,0.5957079632679483,1.5,0.7999999999999972,0.5,Schematic internal layout
WII-0204,SMD0_2_2,WII-0204 · Study passive component008,Mainboard,cream,1,0.5957079632679482,1.5,0.7999999999999972,0.5,Schematic internal layout
WII-0205,SMD0_3_0,WII-0205 · Study passive component009,Mainboard,black,1,0.5957079632679512,1.5,0.8000000000000114,0.5,Schematic internal layout
WII-0206,SMD0_3_1,WII-0206 · Study passive component010,Mainboard,cream,1,0.5957079632679481,1.5,0.7999999999999972,0.5,Schematic internal layout
WII-0207,SMD0_3_2,WII-0207 · Study passive component011,Mainboard,cream,1,0.5957079632679483,1.5,0.7999999999999972,0.5,Schematic internal layout
WII-0208,SMD0_4_0,WII-0208 · Study passive component012,Mainboard,cream,1,0.5957079632679513,1.5,0.8000000000000114,0.5,Schematic internal layout
WII-0209,SMD0_4_1,WII-0209 · Study passive component013,Mainboard,cream,1,0.5957079632679483,1.5,0.7999999999999972,0.5,Schematic internal layout
WII-0210,SMD0_4_2,WII-0210 · Study passive component014,Mainboard,black,1,0.5957079632679483,1.5,0.7999999999999972,0.5,Schematic internal layout
WII-0211,SMD0_5_0,WII-0211 · Study passive component015,Mainboard,cream,1,0.5957079632679513,1.5,0.8000000000000114,0.5,Schematic internal layout
WII-0212,SMD0_5_1,WII-0212 · Study passive component016,Mainboard,black,1,0.5957079632679483,1.5,0.7999999999999972,0.5,Schematic internal layout
WII-0213,SMD0_5_2,WII-0213 · Study passive component017,Mainboard,cream,1,0.5957079632679482,1.5,0.7999999999999972,0.5,Schematic internal layout
WII-0214,SMD0_6_0,WII-0214 · Study passive component018,Mainboard,black,1,0.5957079632679513,1.5,0.8000000000000114,0.5,Schematic internal layout
WII-0215,SMD0_6_1,WII-0215 · Study passive component019,Mainboard,cream,1,0.5957079632679483,1.5,0.7999999999999972,0.5,Schematic internal layout
WII-0216,SMD0_6_2,WII-0216 · Study passive component020,Mainboard,cream,1,0.5957079632679483,1.5,0.7999999999999972,0.5,Schematic internal layout
WII-0217,SMD0_7_0,WII-0217 · Study passive component021,Mainboard,cream,1,0.5957079632679513,1.5,0.8000000000000114,0.5,Schematic internal layout
WII-0218,SMD0_7_1,WII-0218 · Study passive component022,Mainboard,cream,1,0.5957079632679484,1.5,0.7999999999999972,0.5,Schematic internal layout
WII-0219,SMD0_7_2,WII-0219 · Study passive component023,Mainboard,black,1,0.5957079632679483,1.5,0.7999999999999972,0.5,Schematic internal layout
WII-0220,SMD0_8_0,WII-0220 · Study passive component024,Mainboard,cream,1,0.5957079632679512,1.5,0.8000000000000114,0.5,Schematic internal layout
WII-0221,SMD0_8_1,WII-0221 · Study passive component025,Mainboard,black,1,0.5957079632679482,1.5,0.7999999999999972,0.5,Schematic internal layout
WII-0222,SMD0_8_2,WII-0222 · Study passive component026,Mainboard,cream,1,0.5957079632679482,1.5,0.7999999999999972,0.5,Schematic internal layout
WII-0223,SMD1_0_0,WII-0223 · Study passive component027,Mainboard,black,1,0.5957079632679482,1.5,0.7999999999999972,0.5,Schematic internal layout
WII-0224,SMD1_0_1,WII-0224 · Study passive component028,Mainboard,cream,1,0.5957079632679483,1.5,0.8000000000000043,0.5,Schematic internal layout
WII-0225,SMD1_0_2,WII-0225 · Study passive component029,Mainboard,cream,1,0.5957079632679484,1.5,0.8000000000000043,0.5,Schematic internal layout
WII-0226,SMD1_1_0,WII-0226 · Study passive component030,Mainboard,cream,1,0.5957079632679483,1.5,0.7999999999999972,0.5,Schematic internal layout
WII-0227,SMD1_1_1,WII-0227 · Study passive component031,Mainboard,cream,1,0.5957079632679483,1.5,0.8000000000000043,0.5,Schematic internal layout
WII-0228,SMD1_1_2,WII-0228 · Study passive component032,Mainboard,black,1,0.5957079632679483,1.5,0.8000000000000043,0.5,Schematic internal layout
WII-0229,SMD1_2_0,WII-0229 · Study passive component033,Mainboard,cream,1,0.5957079632679482,1.5,0.7999999999999972,0.5,Schematic internal layout
WII-0230,SMD1_2_1,WII-0230 · Study passive component034,Mainboard,black,1,0.5957079632679483,1.5,0.8000000000000043,0.5,Schematic internal layout
WII-0231,SMD1_2_2,WII-0231 · Study passive component035,Mainboard,cream,1,0.5957079632679483,1.5,0.8000000000000043,0.5,Schematic internal layout
WII-0232,SMD1_3_0,WII-0232 · Study passive component036,Mainboard,black,1,0.5957079632679483,1.5,0.7999999999999972,0.5,Schematic internal layout
WII-0233,SMD1_3_1,WII-0233 · Study passive component037,Mainboard,cream,1,0.5957079632679483,1.5,0.8000000000000043,0.5,Schematic internal layout
WII-0234,SMD1_3_2,WII-0234 · Study passive component038,Mainboard,cream,1,0.5957079632679483,1.5,0.8000000000000043,0.5,Schematic internal layout
WII-0235,SMD1_4_0,WII-0235 · Study passive component039,Mainboard,cream,1,0.5957079632679483,1.5,0.7999999999999972,0.5,Schematic internal layout
WII-0236,SMD1_4_1,WII-0236 · Study passive component040,Mainboard,cream,1,0.5957079632679483,1.5,0.8000000000000043,0.5,Schematic internal layout
WII-0237,SMD1_4_2,WII-0237 · Study passive component041,Mainboard,black,1,0.5957079632679483,1.5,0.8000000000000043,0.5,Schematic internal layout
WII-0238,SMD1_5_0,WII-0238 · Study passive component042,Mainboard,cream,1,0.5957079632679482,1.5,0.7999999999999972,0.5,Schematic internal layout
WII-0239,SMD1_5_1,WII-0239 · Study passive component043,Mainboard,black,1,0.5957079632679483,1.5,0.8000000000000043,0.5,Schematic internal layout
WII-0240,SMD1_5_2,WII-0240 · Study passive component044,Mainboard,cream,1,0.5957079632679483,1.5,0.8000000000000043,0.5,Schematic internal layout
WII-0241,SMD1_6_0,WII-0241 · Study passive component045,Mainboard,black,1,0.5957079632679483,1.5,0.7999999999999972,0.5,Schematic internal layout
WII-0242,SMD1_6_1,WII-0242 · Study passive component046,Mainboard,cream,1,0.5957079632679483,1.5,0.8000000000000043,0.5,Schematic internal layout
WII-0243,SMD1_6_2,WII-0243 · Study passive component047,Mainboard,cream,1,0.5957079632679483,1.5,0.8000000000000043,0.5,Schematic internal layout
WII-0244,SMD1_7_0,WII-0244 · Study passive component048,Mainboard,cream,1,0.5957079632679482,1.5,0.7999999999999972,0.5,Schematic internal layout
WII-0245,SMD1_7_1,WII-0245 · Study passive component049,Mainboard,cream,1,0.5957079632679483,1.5,0.8000000000000043,0.5,Schematic internal layout
WII-0246,SMD1_7_2,WII-0246 · Study passive component050,Mainboard,black,1,0.5957079632679483,1.5,0.8000000000000043,0.5,Schematic internal layout
WII-0247,SMD2_0_0,WII-0247 · Study passive component051,Mainboard,black,1,0.5957079632679491,1.5,0.8000000000000003,0.5,Schematic internal layout
WII-0248,SMD2_0_1,WII-0248 · Study passive component052,Mainboard,cream,1,0.5957079632679491,1.5,0.8,0.5,Schematic internal layout
WII-0249,SMD2_0_2,WII-0249 · Study passive component053,Mainboard,cream,1,0.5957079632679491,1.5,0.8000000000000007,0.5,Schematic internal layout
WII-0250,SMD2_1_0,WII-0250 · Study passive component054,Mainboard,cream,1,0.595707963267949,1.5,0.8000000000000003,0.5,Schematic internal layout
WII-0251,SMD2_1_1,WII-0251 · Study passive component055,Mainboard,cream,1,0.5957079632679488,1.5,0.8,0.5,Schematic internal layout
WII-0252,SMD2_1_2,WII-0252 · Study passive component056,Mainboard,black,1,0.595707963267949,1.5,0.8000000000000003,0.5,Schematic internal layout
WII-0253,SMD2_2_0,WII-0253 · Study passive component057,Mainboard,cream,1,0.5957079632679491,1.5,0.8000000000000003,0.5,Schematic internal layout
WII-0254,SMD2_2_1,WII-0254 · Study passive component058,Mainboard,black,1,0.5957079632679491,1.5,0.8,0.5,Schematic internal layout
WII-0255,SMD2_2_2,WII-0255 · Study passive component059,Mainboard,cream,1,0.5957079632679491,1.5,0.8000000000000003,0.5,Schematic internal layout
WII-0256,SMD2_3_0,WII-0256 · Study passive component060,Mainboard,black,1,0.595707963267949,1.5,0.8000000000000003,0.5,Schematic internal layout
WII-0257,SMD2_3_1,WII-0257 · Study passive component061,Mainboard,cream,1,0.595707963267949,1.5,0.8,0.5,Schematic internal layout
WII-0258,SMD2_3_2,WII-0258 · Study passive component062,Mainboard,cream,1,0.595707963267949,1.5,0.8000000000000003,0.5,Schematic internal layout
WII-0259,SMD2_4_0,WII-0259 · Study passive component063,Mainboard,cream,1,0.595707963267949,1.5,0.8000000000000003,0.5,Schematic internal layout
WII-0260,SMD2_4_1,WII-0260 · Study passive component064,Mainboard,cream,1,0.595707963267949,1.5,0.8,0.5,Schematic internal layout
WII-0261,SMD2_4_2,WII-0261 · Study passive component065,Mainboard,black,1,0.595707963267949,1.5,0.8000000000000003,0.5,Schematic internal layout
WII-0262,SMD2_5_0,WII-0262 · Study passive component066,Mainboard,cream,1,0.595707963267949,1.5,0.8000000000000003,0.5,Schematic internal layout
WII-0263,SMD2_5_1,WII-0263 · Study passive component067,Mainboard,black,1,0.595707963267949,1.5,0.8,0.5,Schematic internal layout
WII-0264,SMD2_5_2,WII-0264 · Study passive component068,Mainboard,cream,1,0.595707963267949,1.5,0.8000000000000003,0.5,Schematic internal layout
WII-0265,SMD2_6_0,WII-0265 · Study passive component069,Mainboard,black,1,0.5957079632679491,1.5,0.8000000000000003,0.5,Schematic internal layout
WII-0266,SMD2_6_1,WII-0266 · Study passive component070,Mainboard,cream,1,0.595707963267949,1.5,0.8,0.5,Schematic internal layout
WII-0267,SMD2_6_2,WII-0267 · Study passive component071,Mainboard,cream,1,0.5957079632679491,1.5,0.8000000000000003,0.5,Schematic internal layout
WII-0268,SMD2_7_0,WII-0268 · Study passive component072,Mainboard,cream,1,0.595707963267949,1.5,0.8000000000000003,0.5,Schematic internal layout
WII-0269,SMD2_7_1,WII-0269 · Study passive component073,Mainboard,cream,1,0.595707963267949,1.5,0.8,0.5,Schematic internal layout
WII-0270,SMD2_7_2,WII-0270 · Study passive component074,Mainboard,black,1,0.595707963267949,1.5,0.8000000000000003,0.5,Schematic internal layout
WII-0271,SMD3_0_0,WII-0271 · Study passive component075,Mainboard,black,1,0.595707963267949,1.5,0.8000000000000002,0.5,Schematic internal layout
WII-0272,SMD3_0_1,WII-0272 · Study passive component076,Mainboard,cream,1,0.5957079632679491,1.5,0.8000000000000007,0.5,Schematic internal layout
WII-0273,SMD3_0_2,WII-0273 · Study passive component077,Mainboard,cream,1,0.5957079632679491,1.5,0.8000000000000007,0.5,Schematic internal layout
WII-0274,SMD3_1_0,WII-0274 · Study passive component078,Mainboard,cream,1,0.595707963267949,1.5,0.8000000000000002,0.5,Schematic internal layout
WII-0275,SMD3_1_1,WII-0275 · Study passive component079,Mainboard,cream,1,0.5957079632679492,1.5,0.8000000000000007,0.5,Schematic internal layout
WII-0276,SMD3_1_2,WII-0276 · Study passive component080,Mainboard,black,1,0.5957079632679491,1.5,0.8000000000000007,0.5,Schematic internal layout
WII-0277,SMD3_2_0,WII-0277 · Study passive component081,Mainboard,cream,1,0.595707963267949,1.5,0.8000000000000002,0.5,Schematic internal layout
WII-0278,SMD3_2_1,WII-0278 · Study passive component082,Mainboard,black,1,0.595707963267949,1.5,0.8000000000000007,0.5,Schematic internal layout
WII-0279,SMD3_2_2,WII-0279 · Study passive component083,Mainboard,cream,1,0.5957079632679491,1.5,0.8000000000000007,0.5,Schematic internal layout
WII-0280,SMD3_3_0,WII-0280 · Study passive component084,Mainboard,black,1,0.595707963267949,1.5,0.8000000000000002,0.5,Schematic internal layout
WII-0281,SMD3_3_1,WII-0281 · Study passive component085,Mainboard,cream,1,0.5957079632679491,1.5,0.8000000000000007,0.5,Schematic internal layout
WII-0282,SMD3_3_2,WII-0282 · Study passive component086,Mainboard,cream,1,0.5957079632679491,1.5,0.8000000000000007,0.5,Schematic internal layout
WII-0283,SMD3_4_0,WII-0283 · Study passive component087,Mainboard,cream,1,0.5957079632679488,1.5,0.8000000000000002,0.5,Schematic internal layout
WII-0284,SMD3_4_1,WII-0284 · Study passive component088,Mainboard,cream,1,0.5957079632679491,1.5,0.8000000000000007,0.5,Schematic internal layout
WII-0285,SMD3_4_2,WII-0285 · Study passive component089,Mainboard,black,1,0.595707963267949,1.5,0.8000000000000007,0.5,Schematic internal layout
WII-0286,SMD3_5_0,WII-0286 · Study passive component090,Mainboard,cream,1,0.595707963267949,1.5,0.8000000000000002,0.5,Schematic internal layout
WII-0287,SMD3_5_1,WII-0287 · Study passive component091,Mainboard,black,1,0.595707963267949,1.5,0.8000000000000007,0.5,Schematic internal layout
WII-0288,SMD3_5_2,WII-0288 · Study passive component092,Mainboard,cream,1,0.5957079632679491,1.5,0.8000000000000007,0.5,Schematic internal layout
WII-0289,SMD4_0_0,WII-0289 · Study passive component093,Mainboard,black,1,0.5957079632679512,1.5,0.8000000000000114,0.5,Schematic internal layout
WII-0290,SMD4_0_1,WII-0290 · Study passive component094,Mainboard,cream,1,0.5957079632679513,1.5,0.8000000000000114,0.5,Schematic internal layout
WII-0291,SMD4_1_0,WII-0291 · Study passive component095,Mainboard,cream,1,0.5957079632679512,1.5,0.8000000000000114,0.5,Schematic internal layout
WII-0292,SMD4_1_1,WII-0292 · Study passive component096,Mainboard,cream,1,0.5957079632679513,1.5,0.8000000000000114,0.5,Schematic internal layout
WII-0293,SMD4_2_0,WII-0293 · Study passive component097,Mainboard,cream,1,0.5957079632679514,1.5,0.8000000000000114,0.5,Schematic internal layout
WII-0294,SMD4_2_1,WII-0294 · Study passive component098,Mainboard,black,1,0.5957079632679512,1.5,0.8000000000000114,0.5,Schematic internal layout
WII-0295,SMD4_3_0,WII-0295 · Study passive component099,Mainboard,black,1,0.5957079632679514,1.5,0.8000000000000114,0.5,Schematic internal layout
WII-0296,SMD4_3_1,WII-0296 · Study passive component100,Mainboard,cream,1,0.5957079632679513,1.5,0.8000000000000114,0.5,Schematic internal layout
WII-0297,SMD4_4_0,WII-0297 · Study passive component101,Mainboard,cream,1,0.5957079632679514,1.5,0.8000000000000114,0.5,Schematic internal layout
WII-0298,SMD4_4_1,WII-0298 · Study passive component102,Mainboard,cream,1,0.5957079632679514,1.5,0.8000000000000114,0.5,Schematic internal layout
WII-0299,SMD4_5_0,WII-0299 · Study passive component103,Mainboard,cream,1,0.5957079632679513,1.5,0.8000000000000114,0.5,Schematic internal layout
WII-0300,SMD4_5_1,WII-0300 · Study passive component104,Mainboard,black,1,0.5957079632679514,1.5,0.8000000000000114,0.5,Schematic internal layout
WII-0301,DriveData,WII-0301 · DriveData connector housing,Mainboard,cream,1,229.68410609652096,20.0,5.0,2.299999999999999,Schematic internal layout
WII-0302,DriveDataLatch,WII-0302 · DriveData retaining flap,Mainboard,black,1,20.881115038378983,19.0,2.0,0.5500000000000007,Schematic internal layout
WII-0303,DrivePower,WII-0303 · DrivePower connector housing,Mainboard,cream,1,165.284106096521,12.0,6.0,2.299999999999999,Schematic internal layout
WII-0304,DrivePowerLatch,WII-0304 · DrivePower retaining flap,Mainboard,black,1,14.501115038378995,11.0,2.4000000000000057,0.5500000000000007,Schematic internal layout
WII-0305,BluetoothSocket,WII-0305 · BluetoothSocket connector housing,Mainboard,cream,1,165.284106096521,18.0,4.0,2.299999999999999,Schematic internal layout
WII-0306,BluetoothSocketLatch,WII-0306 · BluetoothSocket retaining flap,Mainboard,black,1,14.941115038378962,17.0,1.5999999999999943,0.5500000000000007,Schematic internal layout
WII-0307,WifiSocket,WII-0307 · WifiSocket connector housing,Mainboard,cream,1,174.484106096521,19.0,4.0,2.299999999999999,Schematic internal layout
WII-0308,WifiSocketLatch,WII-0308 · WifiSocket retaining flap,Mainboard,black,1,15.821115038378982,18.0,1.6,0.5500000000000007,Schematic internal layout
WII-0309,PCBMark,WII-0309 · RVL-001 STUDY,Mainboard,white,12,0.2341867499003413,21.710788690604033,2.143892817449668,0.018000200000000355,Published envelope; approximate photographic exterior detail
WII-0310,HollywoodThermalPad,WII-0310 · Processor thermal interface study,Cooling,thermal,1,431.0819689898688,28.0,28.0,0.5500000000000007,Schematic internal layout
WII-0311,BroadwayThermalPad,WII-0311 · Processor thermal interface study001,Cooling,thermal,1,140.68196898986866,16.0,16.0,0.5500000000000007,Schematic internal layout
WII-0312,Heatsink,WII-0312 · Common finned processor heatsink,Cooling,metal,1,10437.539627764814,69.0,41.0,15.35,Schematic internal layout
WII-0313,FanFrame,WII-0313 · Rear axial fan frame,Cooling,black,1,4197.4488576769845,38.0,8.500000000000014,38.0,Schematic internal layout
WII-0314,FanRotor,WII-0314 · Seven-blade axial rotor,Cooling,black,1,1094.246277546054,32.08531891179895,6.0,32.428667897561084,Schematic internal layout
WII-0315,FanMotorPCB,WII-0315 · Fan motor support disc,Cooling,pcb,1,86.27598824920996,13.0,0.6500000000000057,13.0,Schematic internal layout
WII-0316,FanStrut0,WII-0316 · Motor support strut,Cooling,black,1,4.120000000000061,10.3,0.4000000000000057,1.0,Schematic internal layout
WII-0317,FanStrut1,WII-0317 · Motor support strut001,Cooling,black,1,4.120000000000061,1.0000000000000018,0.4000000000000057,10.3,Schematic internal layout
WII-0318,FanStrut2,WII-0318 · Motor support strut002,Cooling,black,1,4.120000000000061,10.3,0.4000000000000057,1.0,Schematic internal layout
WII-0319,FanStrut3,WII-0319 · Motor support strut003,Cooling,black,1,4.1200000000000605,1.0000000000000018,0.4000000000000057,10.3,Schematic internal layout
WII-0320,WifiPCB,WII-0320 · Removable Wi-Fi board,Wireless,pcb,1,629.6635043202073,25.0,31.5,0.8000000000000007,Schematic internal layout
WII-0321,WifiIC,WII-0321 · Radio chipset study package,Wireless,black,1,83.09956634047002,8.0,8.0,1.3000000000000007,Schematic internal layout
WII-0322,WifiShield,WII-0322 · Wi-Fi radio shield can,Wireless,metal,1,345.22881396935634,22.0,21.0,3.200000000000001,Schematic internal layout
WII-0323,WifiCoax0,WII-0323 · Wi-Fi miniature coax socket,Wireless,gold,1,4.046371337823654,3.0,3.0,0.8000000000000007,Schematic internal layout
WII-0324,WifiCoax1,WII-0324 · Wi-Fi miniature coax socket001,Wireless,gold,1,4.046371337823654,3.0,3.0,0.8000000000000007,Schematic internal layout
WII-0325,BluetoothPCB,WII-0325 · Removable Bluetooth module,Wireless,pcb,1,410.06350432020736,27.0,19.0,0.8000000000000007,Schematic internal layout
WII-0326,BluetoothIC,WII-0326 · Bluetooth chipset study package,Wireless,black,1,50.3072920065877,6.0000000000000036,7.0,1.1999999999999993,Schematic internal layout
WII-0327,BluetoothShield,WII-0327 · Bluetooth module shield can,Wireless,metal,1,120.00952196276818,12.0,12.0,2.6999999999999993,Schematic internal layout
WII-0328,BluetoothAntenna,WII-0328 · Printed antenna study traces,Wireless,gold,4,0.6987982297150271,5.0,10.0,0.03500000000000014,Schematic internal layout
WII-0329,DriveBase,WII-0329 · Stamped optical-drive base,Optical,metal,1,12176.616461118132,130.0,134.0,0.6999999999999993,Schematic internal layout
WII-0330,DriveFrame,WII-0330 · Optical mechanism side frame,Optical,black,1,6510.5714539879455,130.0,134.0000001,11.700000200000002,Schematic internal layout
WII-0331,SpindleMotor,WII-0331 · Disc spindle motor,Optical,metal,1,2188.5339734555646,21.200000000000003,21.200000000000003,6.199999999999999,Schematic internal layout
WII-0332,SpindleShaft,WII-0332 · Spindle drive shaft,Optical,metal,1,31.17088230891791,4.3999999999999995,4.400000000000002,2.049999999999997,Schematic internal layout
WII-0333,Turntable,WII-0333 · Disc centering turntable,Optical,black,1,719.0115982381152,26.0,26.0,1.3999999999999986,Schematic internal layout
WII-0334,TurntablePilot,WII-0334 · Disc center pilot,Optical,black,1,276.86227737556146,14.399999999999999,14.400000000000002,1.7000000000000028,Schematic internal layout
WII-0335,PickupRail0,WII-0335 · Optical pickup linear guide,Optical,metal,1,64.65397681087796,1.4000000000000004,42.0,1.3999999999999986,Schematic internal layout
WII-0336,PickupRail1,WII-0336 · Optical pickup linear guide001,Optical,metal,1,64.65397681087796,1.3999999999999986,42.0,1.3999999999999986,Schematic internal layout
WII-0337,PickupCarriage,WII-0337 · Optical pickup carriage with guide bores,Optical,black,1,1769.6254921036298,29.0,16.0,4.0,Schematic internal layout
WII-0338,PickupPCB,WII-0338 · Pickup sensor board,Optical,pcb,1,140.1991326809399,18.0,12.0,0.6499999999999986,Schematic internal layout
WII-0339,LensHolder,WII-0339 · Objective lens support,Optical,black,1,39.05627986942831,8.8,8.800000000000004,1.1999999999999993,Schematic internal layout
WII-0340,PickupLens,WII-0340 · Blue optical objective,Optical,blue,1,14.778051842486404,5.6,5.599999999999994,0.6000000000000014,Schematic internal layout
WII-0341,SledScrew,WII-0341 · Pickup lead-screw shaft,Optical,metal,1,101.7876019763093,1.7999999999999972,40.0,1.7999999999999972,Schematic internal layout
WII-0342,SledThread,WII-0342 · Helical pickup-feed thread,Optical,metal,1,18.6246684336379,2.8000274288454676,38.38662941147248,2.8000274288476277,Schematic internal layout
WII-0343,SledNut,WII-0343 · Clearance nut for optical carriage,Optical,cream,1,93.20133915756996,5.399999999999999,5.300000000000004,4.600000000000001,Schematic internal layout
WII-0344,SledMotor,WII-0344 · Pickup transport motor,Optical,metal,1,290.534488603984,6.799999999999997,8.0,6.800000000000001,Schematic internal layout
WII-0345,LoadShaft,WII-0345 · Slot transport common axle,Optical,metal,1,272.37608306623525,120.0,1.6999999999999886,1.7000000000000028,Schematic internal layout
WII-0346,LoadRoller0,WII-0346 · Rubber disc-loading roller,Optical,rubber,1,728.7159779450549,41.0,5.199999999999989,5.200000000000003,Schematic internal layout
WII-0347,LoadRoller1,WII-0347 · Rubber disc-loading roller001,Optical,rubber,1,728.715977945055,41.0,5.199999999999989,5.200000000000003,Schematic internal layout
WII-0348,LoadBearing0,WII-0348 · Roller axle support,Optical,cream,1,11.83359412790934,1.2999999999999972,4.0,4.0,Schematic internal layout
WII-0349,LoadBearing1,WII-0349 · Roller axle support001,Optical,cream,1,11.833594127909338,1.2999999999999972,4.0,4.0,Schematic internal layout
WII-0350,LoadGear0,WII-0350 · Disc transport study gear,Optical,cream,1,41.37935483563697,7.917639869757075,7.973910096704117,1.1000000000000298,Schematic internal layout
WII-0351,LoadGearAxle0,WII-0351 · Transport gear shaft,Optical,metal,1,6.361725123519337,1.5,1.5,3.6000000000000014,Schematic internal layout
WII-0352,LoadGear1,WII-0352 · Disc transport study gear001,Optical,cream,1,143.4699319235347,13.950900029493056,13.950900029493056,1.100000000000005,Schematic internal layout
WII-0353,LoadGearAxle1,WII-0353 · Transport gear shaft001,Optical,metal,1,6.361725123519337,1.5,1.5,3.6000000000000014,Schematic internal layout
WII-0354,LoadGear2,WII-0354 · Disc transport study gear002,Optical,cream,1,68.87124250902666,9.937679191605959,9.980267284282718,1.100000000000012,Schematic internal layout
WII-0355,LoadGearAxle2,WII-0355 · Transport gear shaft002,Optical,metal,1,6.361725123519333,1.5,1.5,3.6000000000000014,Schematic internal layout
WII-0356,LoadGear3,WII-0356 · Disc transport study gear003,Optical,cream,1,40.75159632378891,7.917639869757075,7.973910096704117,1.100000000000005,Schematic internal layout
WII-0357,LoadGearAxle3,WII-0357 · Transport gear shaft003,Optical,metal,1,6.361725123519333,1.5,1.5,3.6000000000000014,Schematic internal layout
WII-0358,LoadingMotor,WII-0358 · Disc-loading motor001,Optical,metal,1,192.68958540792994,7.599999999999994,7.599999999999994,4.5,Schematic internal layout
WII-0359,DiscGuideArm0,WII-0359 · Disc-size guide lever,Optical,cream,1,189.3273442518558,7.599999999999994,43.8,1.2000000000000028,Schematic internal layout
WII-0360,GuidePivot0,WII-0360 · Guide lever pivot,Optical,metal,1,5.026548245743669,1.5999999999999943,1.5999999999999979,2.5,Schematic internal layout
WII-0361,GuideWheel0,WII-0361 · Disc edge guide wheel,Optical,cream,1,48.305128641596696,6.200000000000003,6.199999999999989,1.6000000000000014,Schematic internal layout
WII-0362,DiscGuideArm1,WII-0362 · Disc-size guide lever001,Optical,cream,1,189.32734425185583,7.599999999999994,43.8,1.2000000000000028,Schematic internal layout
WII-0363,GuidePivot1,WII-0363 · Guide lever pivot001,Optical,metal,1,5.026548245743669,1.5999999999999943,1.5999999999999979,2.5,Schematic internal layout
WII-0364,GuideWheel1,WII-0364 · Disc edge guide wheel001,Optical,cream,1,48.305128641596696,6.200000000000003,6.199999999999989,1.6000000000000014,Schematic internal layout
WII-0365,DriveTopShield,WII-0365 · Perforated optical-drive upper plate,Optical,metal,1,8714.037705974337,130.0,134.0,0.6000000000000014,Schematic internal layout
WII-0366,DiscClamp,WII-0366 · Upper magnetic disc clamp,Optical,black,1,332.3805027497998,23.0,23.0,0.7999999999999972,Schematic internal layout
WII-0367,ClampBridge,WII-0367 · Clamp retaining bridge,Optical,metal,1,200.2748324559591,43.0,7.0,0.7000000000000028,Schematic internal layout
WII-0368,ClampPin,WII-0368 · Clamp retaining pin,Optical,metal,1,23.411148454551128,3.6000000000000005,3.599999999999998,2.299999999999997,Schematic internal layout
WII-0369,DrivePCB,WII-0369 · Optical drive control board,Optical,pcb,1,1381.713274122872,48.0,36.0,0.8000000000000007,Schematic internal layout
WII-0370,DriveController,WII-0370 · Drive controller package,Optical,black,1,202.63518578948919,13.0,13.0,1.1999999999999993,Schematic internal layout
WII-0371,LowerShield,WII-0371 · Lower stamped electromagnetic shield,Shield,metal,1,12297.900316217618,146.0,190.0,0.4500000000000002,Schematic internal layout
WII-0372,MainShield,WII-0372 · Mainboard upper shield with drive and cooler apertures002,Shield,metal,1,7285.249698253689,143.0,174.0,0.3999999999999986,Schematic internal layout
WII-0373,PCBMount0,WII-0373 · Cross-head fastener,Internal,metal,1,6.874578152969775,3.5999999999999943,3.5999999999999943,3.330000000000001,Schematic internal layout
WII-0374,PCBMount1,WII-0374 · Cross-head fastener001,Internal,metal,1,6.874578152969775,3.5999999999999943,3.5999999999999943,3.330000000000001,Schematic internal layout
WII-0375,PCBMount2,WII-0375 · Cross-head fastener002,Internal,metal,1,6.874578152969776,3.5999999999999943,3.6000000000000014,3.330000000000001,Schematic internal layout
WII-0376,PCBMount3,WII-0376 · Cross-head fastener003,Internal,metal,1,6.874578152969778,3.5999999999999943,3.5999999999999943,3.330000000000001,Schematic internal layout
WII-0377,PCBMount4,WII-0377 · Cross-head fastener004,Internal,metal,1,6.874578152969777,3.5999999999999943,3.5999999999999943,3.330000000000001,Schematic internal layout
WII-0378,PCBMount5,WII-0378 · Cross-head fastener005,Internal,metal,1,6.874578152969775,3.5999999999999943,3.5999999999999943,3.330000000000001,Schematic internal layout
WII-0379,PCBMount6,WII-0379 · Cross-head fastener006,Internal,metal,1,6.874578152969774,3.6000000000000014,3.5999999999999943,3.330000000000001,Schematic internal layout
WII-0380,DriveMount0,WII-0380 · Cross-head fastener007,Internal,metal,1,8.884270014864581,4.0,4.0,4.330000000000002,Schematic internal layout
WII-0381,DriveMount1,WII-0381 · Cross-head fastener008,Internal,metal,1,8.884270014864587,4.0,4.0,4.330000000000002,Schematic internal layout
WII-0382,DriveMount2,WII-0382 · Cross-head fastener009,Internal,metal,1,8.884270014864578,4.0,4.0,4.330000000000002,Schematic internal layout
WII-0383,DriveMount3,WII-0383 · Cross-head fastener010,Internal,metal,1,8.884270014864583,4.0,4.0,4.330000000000002,Schematic internal layout
WII-0384,CaseMount0,WII-0384 · Cross-head fastener011,Internal,metal,1,12.50715466298431,4.0,4.0,7.33,Schematic internal layout
WII-0385,CaseMount1,WII-0385 · Cross-head fastener012,Internal,metal,1,12.507154662984313,4.0,4.0,7.33,Schematic internal layout
WII-0386,CaseMount2,WII-0386 · Cross-head fastener013,Internal,metal,1,12.507154662984313,4.0,4.0,7.33,Schematic internal layout
WII-0387,CaseMount3,WII-0387 · Cross-head fastener014,Internal,metal,1,12.507154662984313,4.0,4.0,7.33,Schematic internal layout
WII-0388,RemoteBack,WII-0388 · Original RVL-003 curved rear shell007,Controller,wiiwhite,1,10810.956057378504,36.200000200000005,148.0000002000001,13.800000200000001,Published envelope; approximate photographic exterior detail
WII-0389,RemoteFront,WII-0389 · Original RVL-003 front shell017,Controller,wiiwhite,1,14076.464084841744,36.200000200000005,148.0000001,14.5000002,Published envelope; approximate photographic exterior detail
WII-0390,RemoteIRWindow,WII-0390 · Dark infrared-transmissive nose window,Controller,black,1,317.4492027688745,29.900000000000002,1.0,10.700000000000003,Published envelope; approximate photographic exterior detail
WII-0391,RemoteDPad,WII-0391 · White directional cross001,Controller,wiiwhite,1,410.01095432609156,15.2,15.199999999999989,4.849999999999998,Published envelope; approximate photographic exterior detail
WII-0392,RemotePower,WII-0392 · Original Remote Power key001,Controller,wiiwhite,1,43.59248833379967,5.0,5.0,3.9499999999999993,Published envelope; approximate photographic exterior detail
WII-0393,RemoteA,WII-0393 · Original Remote A key001,Controller,wiiwhite,1,393.92430283362415,12.200000000000003,12.199999999999989,5.149999999999999,Published envelope; approximate photographic exterior detail
WII-0394,RemoteAMark,WII-0394 · A,Controller,wiigrey,1,0.05581924034531185,2.9265100671140942,3.1946308724832306,0.018000000000000682,Published envelope; approximate photographic exterior detail
WII-0395,RemoteMinus,WII-0395 · Original Remote Minus key001,Controller,wiiwhite,1,72.62733896568882,5.599999999999994,5.600000000000023,4.649999999999999,Published envelope; approximate photographic exterior detail
WII-0396,RemoteMinusMark,WII-0396 · -,Controller,wiigrey,1,0.0030140396378542152,0.7460989932885909,0.22442953020134837,0.018000000000000682,Published envelope; approximate photographic exterior detail
WII-0397,RemoteHome,WII-0397 · Original Remote Home key001,Controller,wiiwhite,1,72.62733896568884,5.600000000000001,5.600000000000023,4.649999999999999,Published envelope; approximate photographic exterior detail
WII-0398,RemotePlus,WII-0398 · Original Remote Plus key001,Controller,wiiwhite,1,72.62733896568884,5.600000000000001,5.600000000000023,4.649999999999999,Published envelope; approximate photographic exterior detail
WII-0399,RemotePlusMark,WII-0399 · +,Controller,wiigrey,1,0.014023333723706373,1.7745805369127527,1.783624161073817,0.018000000000000682,Published envelope; approximate photographic exterior detail
WII-0400,RemoteOne,WII-0400 · Original Remote One key001,Controller,wiiwhite,1,101.19384096478093,6.600000000000001,6.600000000000023,4.649999999999999,Published envelope; approximate photographic exterior detail
WII-0401,RemoteOneMark,WII-0401 · 1,Controller,wiigrey,1,0.01645993504797108,1.2305788590604045,2.067114093959731,0.018000000000000682,Published envelope; approximate photographic exterior detail
WII-0402,RemoteTwo,WII-0402 · Original Remote Two key001,Controller,wiiwhite,1,101.19384096478093,6.600000000000001,6.600000000000023,4.649999999999999,Published envelope; approximate photographic exterior detail
WII-0403,RemoteTwoMark,WII-0403 · 2,Controller,wiigrey,1,0.019507566180929626,1.3122485221476552,2.102550535570515,0.01800020000000302,Published envelope; approximate photographic exterior detail
WII-0404,RemotePowerSymbol,WII-0404 · Red power symbol,Controller,red,2,0.10538636140491744,3.200000000000003,3.8000000000000114,0.030000000000001137,Published envelope; approximate photographic exterior detail
WII-0405,RemoteHomeSymbol,WII-0405 · Blue HOME symbol,Controller,slotblue,1,0.16800000000000198,3.3999999999999986,2.799999999999983,0.030000000000001137,Published envelope; approximate photographic exterior detail
WII-0406,RemoteLED1,WII-0406 · Player indicator lens 1,Controller,slotblue,1,3.245254403104176,1.7000000000000028,1.5,1.3000000000000007,Published envelope; approximate photographic exterior detail
WII-0407,RemoteLEDMark1,WII-0407 · 001,Controller,wiigrey,1,0.0066655935318229555,0.783095637583898,1.315436241610712,0.018000000000000682,Published envelope; approximate photographic exterior detail
WII-0408,RemoteLED2,WII-0408 · Player indicator lens 2,Controller,slotblue,1,3.2452544031041746,1.7000000000000028,1.5,1.3000000000000007,Published envelope; approximate photographic exterior detail
WII-0409,RemoteLEDMark2,WII-0409 · 002,Controller,wiigrey,1,0.00789975820550039,0.835067314093962,1.3379867771812428,0.01800020000000302,Published envelope; approximate photographic exterior detail
WII-0410,RemoteLED3,WII-0410 · Player indicator lens 3,Controller,slotblue,1,3.2452544031041755,1.7000000000000028,1.5,1.3000000000000007,Published envelope; approximate photographic exterior detail
WII-0411,RemoteLEDMark3,WII-0411 · 3,Controller,wiigrey,1,0.008126381201860378,0.8658978510067143,1.3642955020134764,0.01800020000000302,Published envelope; approximate photographic exterior detail
WII-0412,RemoteLED4,WII-0412 · Player indicator lens 4,Controller,slotblue,1,3.2452544031041746,1.700000000000001,1.5,1.3000000000000007,Published envelope; approximate photographic exterior detail
WII-0413,RemoteLEDMark4,WII-0413 · 4,Controller,wiigrey,1,0.008477117769892184,0.9583892617449674,1.3154362416107688,0.018000000000000682,Published envelope; approximate photographic exterior detail
WII-0414,RemoteBatteryDoor,WII-0414 · Rear two-AA battery cover,Controller,wiiwhite,1,2230.452103684973,26.200000000000003,71.20000000000005,1.1999999999999997,Published envelope; approximate photographic exterior detail
WII-0415,RemoteB,WII-0415 · Rear B trigger,Controller,wiiwhite,1,1241.8503944828858,14.300000000000008,22.30000000000001,4.2,Published envelope; approximate photographic exterior detail
WII-0416,RemoteExtension,WII-0416 · Six-contact expansion connector housing,Controller,wiigrey,1,345.1733357814027,18.200000000000003,5.699999999999989,7.799999999999999,Schematic internal layout
WII-0417,RemoteExtensionTongue,WII-0417 · Expansion connector tongue,Controller,black,1,44.73819467105848,14.0,4.0,0.8000000000000007,Schematic internal layout
WII-0418,RemoteExtensionPin0,WII-0418 · Expansion connector contact,Controller,gold,1,0.1946909733552931,0.6499999999999986,3.0,0.10000000000000142,Schematic internal layout
WII-0419,RemoteExtensionPin1,WII-0419 · Expansion connector contact001,Controller,gold,1,0.19469097335529312,0.6499999999999986,3.0,0.10000000000000142,Schematic internal layout
WII-0420,RemoteExtensionPin2,WII-0420 · Expansion connector contact002,Controller,gold,1,0.19469097335529312,0.6499999999999986,3.0,0.10000000000000142,Schematic internal layout
WII-0421,RemoteExtensionPin3,WII-0421 · Expansion connector contact003,Controller,gold,1,0.19469097335529312,0.6499999999999986,3.0,0.10000000000000142,Schematic internal layout
WII-0422,RemoteExtensionPin4,WII-0422 · Expansion connector contact004,Controller,gold,1,0.19469097335529312,0.6499999999999986,3.0,0.10000000000000142,Schematic internal layout
WII-0423,RemoteExtensionPin5,WII-0423 · Expansion connector contact005,Controller,gold,1,0.1946909733552931,0.6499999999999986,3.0,0.10000000000000142,Schematic internal layout
WII-0424,RemotePCB,WII-0424 · Original Remote main control board001,Controller,pcb,1,3097.75801824545,29.0,134.0,0.8000000000000007,Schematic internal layout
WII-0425,RemoteBluetooth,WII-0425 · Remote Bluetooth control package,Controller,black,1,97.10729200658764,9.0,9.0,1.1999999999999993,Schematic internal layout
WII-0426,RemoteAccelerometer,WII-0426 · Three-axis accelerometer package,Controller,black,1,15.922743338823082,4.0,4.0,1.0,Schematic internal layout
WII-0427,RemoteEEPROM,WII-0427 · Remote calibration-memory package,Controller,black,1,19.922743338823082,4.0,5.0,1.0,Schematic internal layout
WII-0428,RemotePassive0,WII-0428 · Remote support passive,Controller,cream,1,0.43713716694115207,1.4000000000000057,0.6999999999999886,0.4499999999999993,Schematic internal layout
WII-0429,RemotePassive1,WII-0429 · Remote support passive001,Controller,cream,1,0.43713716694115207,1.4000000000000057,0.6999999999999886,0.4499999999999993,Schematic internal layout
WII-0430,RemotePassive2,WII-0430 · Remote support passive002,Controller,cream,1,0.4371371669411518,1.4000000000000057,0.6999999999999886,0.4499999999999993,Schematic internal layout
WII-0431,RemotePassive3,WII-0431 · Remote support passive003,Controller,cream,1,0.4371371669411521,1.4000000000000057,0.6999999999999886,0.4499999999999993,Schematic internal layout
WII-0432,RemotePassive4,WII-0432 · Remote support passive004,Controller,cream,1,0.4371371669411521,1.4000000000000057,0.6999999999999886,0.4499999999999993,Schematic internal layout
WII-0433,RemotePassive5,WII-0433 · Remote support passive005,Controller,cream,1,0.43713716694115184,1.4000000000000057,0.6999999999999886,0.4499999999999993,Schematic internal layout
WII-0434,RemotePassive6,WII-0434 · Remote support passive006,Controller,cream,1,0.4371371669411521,1.4000000000000057,0.6999999999999886,0.4499999999999993,Schematic internal layout
WII-0435,RemotePassive7,WII-0435 · Remote support passive007,Controller,cream,1,0.4371371669411521,1.4000000000000057,0.6999999999999886,0.4499999999999993,Schematic internal layout
WII-0436,RemotePassive8,WII-0436 · Remote support passive008,Controller,cream,1,0.43713716694115184,1.4000000000000057,0.6999999999999886,0.4499999999999993,Schematic internal layout
WII-0437,RemotePassive9,WII-0437 · Remote support passive009,Controller,cream,1,0.4371371669411521,1.4000000000000057,0.6999999999999886,0.4499999999999993,Schematic internal layout
WII-0438,RemotePassive10,WII-0438 · Remote support passive010,Controller,cream,1,0.4371371669411521,1.4000000000000057,0.6999999999999886,0.4499999999999993,Schematic internal layout
WII-0439,RemotePassive11,WII-0439 · Remote support passive011,Controller,cream,1,0.43713716694115184,1.4000000000000057,0.6999999999999886,0.4499999999999993,Schematic internal layout
WII-0440,RemoteIRBoard,WII-0440 · Infrared camera daughterboard,Controller,pcb,1,70.0605088062083,12.0,9.0,0.6499999999999986,Schematic internal layout
WII-0441,RemoteIRCamera,WII-0441 · Infrared pointing-camera package,Controller,black,1,89.35619449019234,6.0,5.0,3.0,Schematic internal layout
WII-0442,RemoteIRLens,WII-0442 · Infrared camera lens,Controller,black,1,20.106192982974655,4.0,1.5999999999999943,4.0,Schematic internal layout
WII-0443,RemoteSpeaker,WII-0443 · Speaker outer frame,Controller,black,1,153.7118453548414,15.0,15.0,3.1999999999999993,Schematic internal layout
WII-0444,RemoteSpeakerMagnet,WII-0444 · Loudspeaker magnet,Controller,metal,1,131.8557852638172,9.399999999999999,9.399999999999977,1.8999999999999986,Schematic internal layout
WII-0445,RemoteSpeakerCone,WII-0445 · Speaker diaphragm,Controller,thermal,1,23.379732528015214,12.200000000000003,12.200000000000017,0.1999999999999993,Schematic internal layout
WII-0446,RemoteMotor,WII-0446 · Vibration motor,Controller,metal,1,929.4087706380044,8.599999999999998,16.0,8.600000000000001,Schematic internal layout
WII-0447,RemoteEccentric,WII-0447 · Eccentric vibration weight,Controller,metal,1,45.36459791783661,3.8000000000000007,2.0,7.600000000000001,Schematic internal layout
WII-0448,RemoteMotorShaft,WII-0448 · Vibration motor shaft,Controller,metal,1,1.6084954386379815,1.6000000000000014,0.8000000000000114,1.6000000000000014,Schematic internal layout
WII-0449,RemoteAA0,WII-0449 · AA cell envelope,Controller,battery,1,7727.689609300173,14.0,50.19999999999999,13.999999999999998,Schematic internal layout
WII-0450,RemoteAANegative0,WII-0450 · AA negative end cap,Controller,metal,1,39.81968688425113,13.0,0.30000000000001137,12.999999999999998,Schematic internal layout
WII-0451,RemoteAAPositive0,WII-0451 · AA positive terminal,Controller,metal,1,10.053096491487386,4.0,0.8000000000000114,4.0,Schematic internal layout
WII-0452,RemoteAASpring0,WII-0452 · AA coil contact spring,Controller,metal,1,6.236041607797159,5.160004990327195,4.009360734744973,5.160000980453193,Schematic internal layout
WII-0453,RemoteAARail0,WII-0453 · Battery side support rail,Controller,wiiwhite,1,368.64269908169865,0.5,59.0,12.5,Schematic internal layout
WII-0454,RemoteAA1,WII-0454 · AA cell envelope001,Controller,battery,1,7727.689609300174,14.0,50.19999999999999,13.999999999999998,Schematic internal layout
WII-0455,RemoteAANegative1,WII-0455 · AA negative end cap001,Controller,metal,1,39.81968688425112,13.0,0.30000000000001137,12.999999999999998,Schematic internal layout
WII-0456,RemoteAAPositive1,WII-0456 · AA positive terminal001,Controller,metal,1,10.053096491487388,4.0,0.8000000000000114,4.0,Schematic internal layout
WII-0457,RemoteAASpring1,WII-0457 · AA coil contact spring001,Controller,metal,1,6.23604160779716,5.160004990327195,4.009360734744888,5.160000980453193,Schematic internal layout
WII-0458,RemoteAARail1,WII-0458 · Battery side support rail001,Controller,wiiwhite,1,368.64269908169865,0.5,59.0,12.5,Schematic internal layout
WII-0459,RemoteAASeparator,WII-0459 · Battery compartment center divider,Controller,wiiwhite,1,446.4798229715018,0.5500000000000043,58.0,14.0,Schematic internal layout
WII-0460,RemoteDPadCarbon,WII-0460 · Conductive carbon contact,Controller,black,1,5.611614114205161,8.909999999999997,8.910000000000025,0.08999999999999986,Schematic internal layout
WII-0461,RemoteDPadRubber,WII-0461 · Silicone key dome,Controller,rubber,1,83.4909242644608,16.200000000000003,16.19999999999999,0.6000000000000014,Schematic internal layout
WII-0462,RemoteACarbon,WII-0462 · Conductive carbon contact001,Controller,black,1,2.877224490197555,6.380000000000003,6.3799999999999955,0.08999999999999986,Schematic internal layout
WII-0463,RemoteARubber,WII-0463 · Silicone key dome001,Controller,rubber,1,42.80802762165006,11.600000000000001,11.600000000000023,0.6000000000000014,Schematic internal layout
WII-0464,RemoteMinusCarbon,WII-0464 · Conductive carbon contact002,Controller,black,1,0.5345616249623882,2.75,2.75,0.08999999999999986,Schematic internal layout
WII-0465,RemoteMinusRubber,WII-0465 · Silicone key dome002,Controller,rubber,1,7.953334501644257,5.0,5.0,0.6000000000000014,Schematic internal layout
WII-0466,RemoteHomeCarbon,WII-0466 · Conductive carbon contact003,Controller,black,1,0.5345616249623883,2.75,2.75,0.08999999999999986,Schematic internal layout
WII-0467,RemoteHomeRubber,WII-0467 · Silicone key dome003,Controller,rubber,1,7.953334501644257,5.0,5.0,0.6000000000000014,Schematic internal layout
WII-0468,RemotePlusCarbon,WII-0468 · Conductive carbon contact004,Controller,black,1,0.5345616249623883,2.75,2.75,0.08999999999999986,Schematic internal layout
WII-0469,RemotePlusRubber,WII-0469 · Silicone key dome004,Controller,rubber,1,7.953334501644255,5.0,5.0,0.6000000000000014,Schematic internal layout
WII-0470,RemoteOneCarbon,WII-0470 · Conductive carbon contact005,Controller,black,1,0.76976873994584,3.299999999999997,3.2999999999999545,0.08999999999999986,Schematic internal layout
WII-0471,RemoteOneRubber,WII-0471 · Silicone key dome005,Controller,rubber,1,11.452801682367742,6.0,6.0,0.6000000000000014,Schematic internal layout
WII-0472,RemoteTwoCarbon,WII-0472 · Conductive carbon contact006,Controller,black,1,0.76976873994584,3.299999999999997,3.2999999999999545,0.08999999999999986,Schematic internal layout
WII-0473,RemoteTwoRubber,WII-0473 · Silicone key dome006,Controller,rubber,1,11.452801682367742,6.0,6.0,0.6000000000000014,Schematic internal layout
WII-0474,RemotePowerCarbon,WII-0474 · Conductive carbon contact007,Controller,black,1,0.3771866825734609,2.3100000000000023,2.3100000000000023,0.08999999999999986,Schematic internal layout
WII-0475,RemotePowerRubber,WII-0475 · Silicone key dome007,Controller,rubber,1,5.611872824360192,4.200000000000003,4.199999999999989,0.6000000000000014,Schematic internal layout
WII-0476,RemoteBPCB,WII-0476 · Rear trigger switch board,Controller,pcb,1,337.2530964914874,17.0,25.0,0.7999999999999998,Schematic internal layout
WII-0477,RemoteBSwitch,WII-0477 · Rear trigger tactile switch,Controller,black,1,99.42654824574365,7.0,9.0,1.5999999999999996,Schematic internal layout
WII-0478,NunchukBack,WII-0478 · Curved Nunchuk lower shell005,Nunchuk,wiiwhite,1,9274.30373783886,38.20000019999999,113.00000020000002,16.500000200155725,Published envelope; approximate photographic exterior detail
WII-0479,NunchukFront,WII-0479 · Curved Nunchuk upper shell005,Nunchuk,wiiwhite,1,8836.038075438588,38.20000019999999,113.00000020000002,11.750000200156105,Published envelope; approximate photographic exterior detail
WII-0480,NunchukStick,WII-0480 · Analog control-stick stem,Nunchuk,wiiwhite,1,513.009513960599,7.199999999999989,7.199999999999989,12.599999999999998,Published envelope; approximate photographic exterior detail
WII-0481,NunchukThumb,WII-0481 · Concave analog-stick thumb cap,Nunchuk,wiigrey,1,500.8337480328359,17.400000000000006,17.399999999999977,2.299999999999997,Published envelope; approximate photographic exterior detail
WII-0482,NunchukC,WII-0482 · C trigger cap,Nunchuk,wiiwhite,1,145.06353770623505,13.5,1.5,7.500000000000007,Published envelope; approximate photographic exterior detail
WII-0483,NunchukCMark,WII-0483 · C,Nunchuk,wiigrey,1,0.03684913539402837,2.2726512067114015,0.01800019999998881,2.9234901328859095,Published envelope; approximate photographic exterior detail
WII-0484,NunchukZ,WII-0484 · Z trigger cap,Nunchuk,wiiwhite,1,323.1885377062351,20.0,1.5,11.000000000000007,Published envelope; approximate photographic exterior detail
WII-0485,NunchukZMark,WII-0485 · Z,Nunchuk,wiigrey,1,0.043786668674834966,2.300964765100673,0.018000000000000682,2.8187919463087265,Published envelope; approximate photographic exterior detail
WII-0486,NunchukPCB,WII-0486 · Nunchuk control board002,Nunchuk,pcb,1,1355.2378262802235,25.000000199999995,81.00000020000002,0.8000001999999995,Schematic internal layout
WII-0487,NunchukStickBase,WII-0487 · Analog mechanism housing,Nunchuk,black,1,1559.690616886749,14.0,14.0,7.999999999999998,Schematic internal layout
WII-0488,NunchukPotX,WII-0488 · X-axis potentiometer study,Nunchuk,cream,1,187.45486677646153,4.199999999999989,9.0,5.0,Schematic internal layout
WII-0489,NunchukPotY,WII-0489 · Y-axis potentiometer study,Nunchuk,cream,1,187.45486677646156,9.0,4.199999999999989,5.0,Schematic internal layout
WII-0490,NunchukController,WII-0490 · Nunchuk control package,Nunchuk,black,1,34.92274333882308,5.0,7.0,1.0,Schematic internal layout
WII-0491,NunchukAccelerometer,WII-0491 · Nunchuk three-axis accelerometer,Nunchuk,black,1,12.17274333882308,3.5,3.5,1.0,Schematic internal layout
WII-0492,NunchukPassive0,WII-0492 · Nunchuk support passive,Nunchuk,cream,1,0.3325663706143568,1.1999999999999886,0.6999999999999886,0.40000000000000036,Schematic internal layout
WII-0493,NunchukPassive1,WII-0493 · Nunchuk support passive001,Nunchuk,cream,1,0.3325663706143568,1.1999999999999886,0.6999999999999886,0.40000000000000036,Schematic internal layout
WII-0494,NunchukPassive2,WII-0494 · Nunchuk support passive002,Nunchuk,cream,1,0.33256637061435673,1.1999999999999886,0.6999999999999886,0.40000000000000036,Schematic internal layout
WII-0495,NunchukPassive3,WII-0495 · Nunchuk support passive003,Nunchuk,cream,1,0.33256637061435673,1.1999999999999886,0.6999999999999886,0.40000000000000036,Schematic internal layout
WII-0496,NunchukPassive4,WII-0496 · Nunchuk support passive004,Nunchuk,cream,1,0.33256637061435673,1.1999999999999886,0.6999999999999886,0.40000000000000036,Schematic internal layout
WII-0497,NunchukPassive5,WII-0497 · Nunchuk support passive005,Nunchuk,cream,1,0.33256637061435673,1.1999999999999886,0.6999999999999886,0.40000000000000036,Schematic internal layout
WII-0498,NunchukPassive6,WII-0498 · Nunchuk support passive006,Nunchuk,cream,1,0.3325663706143568,1.1999999999999886,0.6999999999999886,0.40000000000000036,Schematic internal layout
WII-0499,NunchukPassive7,WII-0499 · Nunchuk support passive007,Nunchuk,cream,1,0.3325663706143568,1.1999999999999886,0.6999999999999886,0.40000000000000036,Schematic internal layout
WII-0500,NunchukTriggerPCB,WII-0500 · Nunchuk C/Z switch board,Nunchuk,pcb,1,178.11543350880723,15.0,0.6999999999999886,17.000000000000007,Schematic internal layout
WII-0501,NunchukCSwitch,WII-0501 · C trigger contact,Nunchuk,black,1,73.04933614313458,7.0,2.0999999999999943,5.0,Schematic internal layout
WII-0502,NunchukZSwitch,WII-0502 · Z trigger contact,Nunchuk,black,1,73.04933614313458,7.0,2.0999999999999943,5.0,Schematic internal layout
WII-0503,NunchukRelief,WII-0503 · Rear cable strain relief,Nunchuk,wiiwhite,1,339.2920065876977,6.0,12.0,6.0,Published envelope; approximate photographic exterior detail
WII-0504,NunchukCable,WII-0504 · Nunchuk expansion cable display length,Nunchuk,wiiwhite,1,852.9039218063408,99.80000020000001,45.4000001,5.800000200000003,Published envelope; approximate photographic exterior detail
WII-0505,NunchukPlug,WII-0505 · Expansion plug grip,Nunchuk,wiiwhite,1,4106.625122371571,23.0,15.0,12.0,Published envelope; approximate photographic exterior detail
WII-0506,NunchukPlugHead,WII-0506 · Expansion plug contact shell,Nunchuk,metal,1,173.59433605270178,17.8,3.1999999999999886,7.3000000000000025,Published envelope; approximate photographic exterior detail
WII-0507,NunchukPlugPin0,WII-0507 · Expansion plug contact,Nunchuk,gold,1,0.1946291680263512,0.6499999999999986,2.5,0.120000000000001,Published envelope; approximate photographic exterior detail
WII-0508,NunchukPlugPin1,WII-0508 · Expansion plug contact001,Nunchuk,gold,1,0.19462916802635113,0.6499999999999986,2.5,0.120000000000001,Published envelope; approximate photographic exterior detail
WII-0509,NunchukPlugPin2,WII-0509 · Expansion plug contact002,Nunchuk,gold,1,0.1946291680263512,0.6499999999999986,2.5,0.120000000000001,Published envelope; approximate photographic exterior detail
WII-0510,NunchukPlugPin3,WII-0510 · Expansion plug contact003,Nunchuk,gold,1,0.1946291680263512,0.6499999999999986,2.5,0.120000000000001,Published envelope; approximate photographic exterior detail
WII-0511,NunchukPlugPin4,WII-0511 · Expansion plug contact004,Nunchuk,gold,1,0.1946291680263512,0.6499999999999986,2.5,0.120000000000001,Published envelope; approximate photographic exterior detail
WII-0512,NunchukPlugPin5,WII-0512 · Expansion plug contact005,Nunchuk,gold,1,0.1946291680263512,0.6499999999999986,2.5,0.120000000000001,Published envelope; approximate photographic exterior detail
WII-0513,SensorLower,WII-0513 · RVL-014 sensor bar lower shell004,Accessories,wiigrey,1,7214.089733673496,240.0,23.399999999999977,3.2,Published envelope; approximate photographic exterior detail
WII-0514,SensorUpper,WII-0514 · RVL-014 sensor bar upper shell004,Accessories,wiigrey,1,9021.409609271232,240.0,23.399999999999977,5.950000000000001,Published envelope; approximate photographic exterior detail
WII-0515,SensorWindow-1,WII-0515 · Dark infrared-pass window,Accessories,black,1,179.23568134870365,44.19999999999999,0.6999999999999886,5.799999999999999,Published envelope; approximate photographic exterior detail
WII-0516,SensorPCB-1,WII-0516 · Five-emitter circuit board,Accessories,pcb,1,307.7836813487046,44.0,10.0,0.7,Schematic internal layout
WII-0517,SensorEmitter-1_0,WII-0517 · Infrared emitter,Accessories,red,1,16.62530832279716,2.8000000000000114,2.6999999999999886,2.8,Schematic internal layout
WII-0518,SensorLead-1_0_0,WII-0518 · Formed infrared emitter lead,Accessories,metal,1,0.2976026265774913,0.3400000000000034,0.8199999999999932,2.87,Schematic internal layout
WII-0519,SensorLead-1_0_1,WII-0519 · Formed infrared emitter lead001,Accessories,metal,1,0.2976026265774913,0.3400000000000034,0.8199999999999932,2.87,Schematic internal layout
WII-0520,SensorEmitter-1_1,WII-0520 · Infrared emitter001,Accessories,red,1,16.62530832279716,2.8000000000000114,2.6999999999999886,2.8,Schematic internal layout
WII-0521,SensorLead-1_1_0,WII-0521 · Formed infrared emitter lead002,Accessories,metal,1,0.2976026265774913,0.3400000000000034,0.8199999999999932,2.87,Schematic internal layout
WII-0522,SensorLead-1_1_1,WII-0522 · Formed infrared emitter lead003,Accessories,metal,1,0.2976026265774913,0.3400000000000034,0.8199999999999932,2.87,Schematic internal layout
WII-0523,SensorEmitter-1_2,WII-0523 · Infrared emitter002,Accessories,red,1,16.62530832279716,2.8000000000000114,2.6999999999999886,2.7999999999999994,Schematic internal layout
WII-0524,SensorLead-1_2_0,WII-0524 · Formed infrared emitter lead004,Accessories,metal,1,0.2976026265774913,0.3400000000000034,0.8199999999999932,2.87,Schematic internal layout
WII-0525,SensorLead-1_2_1,WII-0525 · Formed infrared emitter lead005,Accessories,metal,1,0.2976026265774913,0.3400000000000034,0.8199999999999932,2.87,Schematic internal layout
WII-0526,SensorEmitter-1_3,WII-0526 · Infrared emitter003,Accessories,red,1,16.62530832279716,2.8000000000000114,2.6999999999999886,2.7999999999999994,Schematic internal layout
WII-0527,SensorLead-1_3_0,WII-0527 · Formed infrared emitter lead006,Accessories,metal,1,0.2976026265774913,0.3400000000000034,0.8199999999999932,2.87,Schematic internal layout
WII-0528,SensorLead-1_3_1,WII-0528 · Formed infrared emitter lead007,Accessories,metal,1,0.2976026265774913,0.3400000000000034,0.8199999999999932,2.87,Schematic internal layout
WII-0529,SensorEmitter-1_4,WII-0529 · Infrared emitter004,Accessories,red,1,16.62530832279716,2.8000000000000114,2.6999999999999886,2.7999999999999994,Schematic internal layout
WII-0530,SensorLead-1_4_0,WII-0530 · Formed infrared emitter lead008,Accessories,metal,1,0.2976026265774913,0.3400000000000034,0.8199999999999932,2.87,Schematic internal layout
WII-0531,SensorLead-1_4_1,WII-0531 · Formed infrared emitter lead009,Accessories,metal,1,0.2976026265774913,0.3400000000000034,0.8199999999999932,2.87,Schematic internal layout
WII-0532,SensorWindow1,WII-0532 · Dark infrared-pass window001,Accessories,black,1,179.23568134870365,44.19999999999999,0.6999999999999886,5.799999999999999,Published envelope; approximate photographic exterior detail
WII-0533,SensorPCB1,WII-0533 · Five-emitter circuit board001,Accessories,pcb,1,307.7836813487046,44.0,10.0,0.7,Schematic internal layout
WII-0534,SensorEmitter1_0,WII-0534 · Infrared emitter005,Accessories,red,1,16.62530832279716,2.8000000000000114,2.6999999999999886,2.7999999999999994,Schematic internal layout
WII-0535,SensorLead1_0_0,WII-0535 · Formed infrared emitter lead010,Accessories,metal,1,0.2976026265774913,0.3400000000000034,0.8199999999999932,2.87,Schematic internal layout
WII-0536,SensorLead1_0_1,WII-0536 · Formed infrared emitter lead011,Accessories,metal,1,0.2976026265774913,0.3400000000000034,0.8199999999999932,2.87,Schematic internal layout
WII-0537,SensorEmitter1_1,WII-0537 · Infrared emitter006,Accessories,red,1,16.62530832279716,2.8000000000000114,2.6999999999999886,2.7999999999999994,Schematic internal layout
WII-0538,SensorLead1_1_0,WII-0538 · Formed infrared emitter lead012,Accessories,metal,1,0.29760264838831,0.3400000000000034,0.8199999999999932,2.87,Schematic internal layout
WII-0539,SensorLead1_1_1,WII-0539 · Formed infrared emitter lead013,Accessories,metal,1,0.2976026265774913,0.3400000000000034,0.8199999999999932,2.87,Schematic internal layout
WII-0540,SensorEmitter1_2,WII-0540 · Infrared emitter007,Accessories,red,1,16.62530832279716,2.8000000000000114,2.6999999999999886,2.7999999999999994,Schematic internal layout
WII-0541,SensorLead1_2_0,WII-0541 · Formed infrared emitter lead014,Accessories,metal,1,0.2976026265774913,0.3400000000000034,0.8199999999999932,2.87,Schematic internal layout
WII-0542,SensorLead1_2_1,WII-0542 · Formed infrared emitter lead015,Accessories,metal,1,0.2976026265774913,0.3400000000000034,0.8199999999999932,2.87,Schematic internal layout
WII-0543,SensorEmitter1_3,WII-0543 · Infrared emitter008,Accessories,red,1,16.625308322797164,2.8000000000000114,2.6999999999999886,2.7999999999999994,Schematic internal layout
WII-0544,SensorLead1_3_0,WII-0544 · Formed infrared emitter lead016,Accessories,metal,1,0.2976026265774913,0.3400000000000034,0.8199999999999932,2.87,Schematic internal layout
WII-0545,SensorLead1_3_1,WII-0545 · Formed infrared emitter lead017,Accessories,metal,1,0.2976026265774913,0.3400000000000034,0.8199999999999932,2.87,Schematic internal layout
WII-0546,SensorEmitter1_4,WII-0546 · Infrared emitter009,Accessories,red,1,16.625308322797164,2.8000000000000114,2.6999999999999886,2.7999999999999994,Schematic internal layout
WII-0547,SensorLead1_4_0,WII-0547 · Formed infrared emitter lead018,Accessories,metal,1,0.2976026265774913,0.3400000000000034,0.8199999999999932,2.87,Schematic internal layout
WII-0548,SensorLead1_4_1,WII-0548 · Formed infrared emitter lead019,Accessories,metal,1,0.2976026265774913,0.3400000000000034,0.8199999999999932,2.87,Schematic internal layout
WII-0549,SensorCable,WII-0549 · Sensor-bar power cable display length,Accessories,black,1,424.69261484652134,146.60000019999998,49.500000099999994,1.6000001999999998,Published envelope; approximate photographic exterior detail
WII-0550,SensorPlug,WII-0550 · Sensor-bar two-pin plug,Accessories,black,1,333.64453024145035,6.0,10.0,5.6,Published envelope; approximate photographic exterior detail
WII-0551,SensorPlugTip,WII-0551 · Sensor-bar keyed plug nose001,Accessories,red,1,51.68049543863792,4.400000000000034,4.0,3.2000000000000006,Published envelope; approximate photographic exterior detail
WII-0552,SensorPlugPin0,WII-0552 · Sensor-bar power contact,Accessories,gold,1,0.6734548667764562,0.44999999999998863,3.0,0.5,Published envelope; approximate photographic exterior detail
WII-0553,SensorPlugPin1,WII-0553 · Sensor-bar power contact001,Accessories,gold,1,0.6734548667764562,0.44999999999998863,3.0,0.5,Published envelope; approximate photographic exterior detail
WII-0554,SensorStandBase,WII-0554 · RVL-016 sensor-bar stand base,Accessories,wiigrey,1,5354.814120077702,70.0,26.100000000000023,3.0,Published envelope; approximate photographic exterior detail
WII-0555,SensorStandPost,WII-0555 · Sensor-bar stand support,Accessories,wiigrey,1,4412.941574566978,26.0,10.0,17.2,Published envelope; approximate photographic exterior detail
WII-0556,SensorStandCradle,WII-0556 · Sensor-bar locating cradle,Accessories,wiigrey,1,244.85486677646173,28.0,11.0,0.8000000000000007,Published envelope; approximate photographic exterior detail
WII-0557,ConsoleStand,WII-0557 · ConsoleStandBody001,Accessories,wiigrey,1,124742.28602499775,55.40000000000012,225.60000000000008,42.000000000000064,Published envelope; approximate photographic exterior detail
WII-0558,StandAuxPlate,WII-0558 · RVL-019 auxiliary stand plate001,Accessories,wiigrey,1,81635.30574596536,120.0,109.0,7.7,Published envelope; approximate photographic exterior detail
WII-0559,StandPad0,WII-0559 · Auxiliary plate rubber pad,Accessories,rubber,1,53.59645943005141,8.0,10.0,0.7,Published envelope; approximate photographic exterior detail
WII-0560,StandPad1,WII-0560 · Auxiliary plate rubber pad001,Accessories,rubber,1,53.59645943005141,8.0,10.0,0.7,Published envelope; approximate photographic exterior detail
WII-0561,StandPad2,WII-0561 · Auxiliary plate rubber pad002,Accessories,rubber,1,53.59645943005141,8.0,10.0,0.7,Published envelope; approximate photographic exterior detail
WII-0562,StandPad3,WII-0562 · Auxiliary plate rubber pad003,Accessories,rubber,1,53.59645943005141,8.0,10.0,0.7,Published envelope; approximate photographic exterior detail
WII-0563,AdapterLower,WII-0563 · RVL-002 power adapter lower shell004,Accessories,wiigrey,1,26681.144417819844,136.0,55.0,21.3,Published envelope; approximate photographic exterior detail
WII-0564,AdapterUpper,WII-0564 · RVL-002 power adapter upper shell003,Accessories,wiigrey,1,26562.484148566713,136.0,55.0,21.45,Published envelope; approximate photographic exterior detail
WII-0565,AdapterPCB,WII-0565 · Adapter structural study board001,Accessories,pcb,1,5357.144868283682,125.0,43.0,1.0,Schematic internal layout
WII-0566,AdapterTransformer,WII-0566 · Power transformer core and bobbin001,Accessories,black,1,12118.639757811214,28.0,28.0,24.0,Schematic internal layout
WII-0567,AdapterWinding,WII-0567 · Transformer winding insulation,Accessories,cream,1,6371.415926535896,22.0,29.0,10.0,Schematic internal layout
WII-0568,AdapterBulkCap,WII-0568 · Primary smoothing capacitor,Accessories,black,1,3582.9235895660895,14.399999999999977,14.399999999999977,22.0,Schematic internal layout
WII-0569,AdapterOutputCap,WII-0569 · Secondary smoothing capacitor,Accessories,metal,1,1274.2299802960213,10.399999999999977,10.399999999999977,15.0,Schematic internal layout
WII-0570,AdapterOutputCoil,WII-0570 · Output filter inductor,Accessories,copper,1,1207.6282160399167,12.399999999999977,12.399999999999977,10.0,Schematic internal layout
WII-0571,AdapterInputCoil,WII-0571 · Input filter coil,Accessories,cream,1,904.7786842338603,12.0,12.0,8.0,Schematic internal layout
WII-0572,AdapterRectifier,WII-0572 · Rectifier package,Accessories,black,1,251.072920065877,12.0,7.0,3.0,Schematic internal layout
WII-0573,AdapterHeatPlate,WII-0573 · Power-device metal heat spreader,Accessories,metal,1,482.81973445725384,1.0,23.0,21.0,Schematic internal layout
WII-0574,AdapterScrew0,WII-0574 · Cross-head fastener015,Accessories,metal,1,7.116103796177749,3.6000000000000227,3.6000000000000227,3.5300000000000002,Schematic internal layout
WII-0575,AdapterScrew1,WII-0575 · Cross-head fastener016,Accessories,metal,1,7.116103796177749,3.6000000000000227,3.6000000000000227,3.5300000000000002,Schematic internal layout
WII-0576,AdapterScrew2,WII-0576 · Cross-head fastener017,Accessories,metal,1,7.116103796177765,3.6000000000000227,3.6000000000000227,3.5300000000000002,Schematic internal layout
WII-0577,AdapterScrew3,WII-0577 · Cross-head fastener018,Accessories,metal,1,7.116103796177765,3.6000000000000227,3.6000000000000227,3.5300000000000002,Schematic internal layout
WII-0578,AdapterMark,WII-0578 · RVL-002 STUDY,Accessories,black,12,0.7842458877134028,39.47416117382548,3.8979867771811882,0.01800020000000302,Published envelope; approximate photographic exterior detail
WII-0579,AdapterACCable,WII-0579 · Fixed AC cord display length,Accessories,black,1,763.9979035979773,38.800000100000005,34.300000100000005,11.500000200000002,Published envelope; approximate photographic exterior detail
WII-0580,AdapterACPlug,WII-0580 · Japanese two-blade AC plug,Accessories,black,1,4098.79644737231,23.0,15.0,12.0,Published envelope; approximate photographic exterior detail
WII-0581,AdapterACBlade0,WII-0581 · Flat AC plug blade,Accessories,metal,1,112.6793061447521,1.4000000000000057,6.199999999999989,13.000000000000002,Published envelope; approximate photographic exterior detail
WII-0582,AdapterACBlade1,WII-0582 · Flat AC plug blade001,Accessories,metal,1,112.6793061447521,1.4000000000000057,6.199999999999989,13.000000000000002,Published envelope; approximate photographic exterior detail
WII-0583,AdapterDCCable,WII-0583 · Fixed DC cord display length,Accessories,black,1,1335.836523347678,28.600000100000045,83.60000019999994,16.600000199999997,Published envelope; approximate photographic exterior detail
WII-0584,AdapterDCPlug,WII-0584 · Wii DC plug grip,Accessories,wiigrey,1,1906.540172808288,20.0,12.0,8.0,Published envelope; approximate photographic exterior detail
WII-0585,AdapterDCHead,WII-0585 · Wii two-position DC plug head,Accessories,cream,1,288.6265482457437,8.0,10.0,7.0,Published envelope; approximate photographic exterior detail
WII-0586,AdapterDCPin0,WII-0586 · DC plug contact,Accessories,gold,1,1.7484548667764526,5.0,0.700000000000017,0.5,Published envelope; approximate photographic exterior detail
WII-0587,AdapterDCPin1,WII-0587 · DC plug contact001,Accessories,gold,1,1.7484548667764521,5.0,0.700000000000017,0.5,Published envelope; approximate photographic exterior detail
WII-0588,AVPlug,WII-0588 · Wii Multi AV plug grip,Accessories,wiigrey,1,5718.79644737231,24.0,20.0,12.0,Published envelope; approximate photographic exterior detail
WII-0589,AVPlugShell,WII-0589 · Wii AV plug contact shroud,Accessories,metal,1,333.27132680940036,20.200000000000045,6.0,7.400000000000001,Published envelope; approximate photographic exterior detail
WII-0590,AVPlugTongue,WII-0590 · AV plug insulating tongue,Accessories,black,1,67.93819467105845,17.0,5.0,0.7999999999999998,Published envelope; approximate photographic exterior detail
WII-0591,AVPlugPin0_0,WII-0591 · AV plug contact,Accessories,gold,1,0.21969097335528623,0.5499999999999545,4.0,0.09999999999999964,Published envelope; approximate photographic exterior detail
WII-0592,AVPlugPin0_1,WII-0592 · AV plug contact001,Accessories,gold,1,0.21969097335528626,0.5499999999999545,4.0,0.09999999999999964,Published envelope; approximate photographic exterior detail
WII-0593,AVPlugPin0_2,WII-0593 · AV plug contact002,Accessories,gold,1,0.21969097335528626,0.5499999999999545,4.0,0.09999999999999964,Published envelope; approximate photographic exterior detail
WII-0594,AVPlugPin0_3,WII-0594 · AV plug contact003,Accessories,gold,1,0.21969097335528623,0.5499999999999545,4.0,0.09999999999999964,Published envelope; approximate photographic exterior detail
WII-0595,AVPlugPin0_4,WII-0595 · AV plug contact004,Accessories,gold,1,0.21969097335528623,0.5499999999999545,4.0,0.09999999999999964,Published envelope; approximate photographic exterior detail
WII-0596,AVPlugPin0_5,WII-0596 · AV plug contact005,Accessories,gold,1,0.21969097335528623,0.5499999999999545,4.0,0.09999999999999964,Published envelope; approximate photographic exterior detail
WII-0597,AVPlugPin0_6,WII-0597 · AV plug contact006,Accessories,gold,1,0.21969097335528626,0.5499999999999545,4.0,0.09999999999999964,Published envelope; approximate photographic exterior detail
WII-0598,AVPlugPin0_7,WII-0598 · AV plug contact007,Accessories,gold,1,0.21969097335528626,0.5499999999999545,4.0,0.09999999999999964,Published envelope; approximate photographic exterior detail
WII-0599,AVPlugPin1_0,WII-0599 · AV plug contact008,Accessories,gold,1,0.21969097335528623,0.5499999999999545,4.0,0.09999999999999964,Published envelope; approximate photographic exterior detail
WII-0600,AVPlugPin1_1,WII-0600 · AV plug contact009,Accessories,gold,1,0.21969097335528626,0.5499999999999545,4.0,0.09999999999999964,Published envelope; approximate photographic exterior detail
WII-0601,AVPlugPin1_2,WII-0601 · AV plug contact010,Accessories,gold,1,0.2196909733552862,0.5499999999999545,4.0,0.09999999999999964,Published envelope; approximate photographic exterior detail
WII-0602,AVPlugPin1_3,WII-0602 · AV plug contact011,Accessories,gold,1,0.21969097335528623,0.5499999999999545,4.0,0.09999999999999964,Published envelope; approximate photographic exterior detail
WII-0603,AVPlugPin1_4,WII-0603 · AV plug contact012,Accessories,gold,1,0.21969097335528623,0.5499999999999545,4.0,0.09999999999999964,Published envelope; approximate photographic exterior detail
WII-0604,AVPlugPin1_5,WII-0604 · AV plug contact013,Accessories,gold,1,0.21969097335528623,0.5499999999999545,4.0,0.09999999999999964,Published envelope; approximate photographic exterior detail
WII-0605,AVPlugPin1_6,WII-0605 · AV plug contact014,Accessories,gold,1,0.21969097335528626,0.5499999999999545,4.0,0.09999999999999964,Published envelope; approximate photographic exterior detail
WII-0606,AVPlugPin1_7,WII-0606 · AV plug contact015,Accessories,gold,1,0.2196909733552862,0.5499999999999545,4.0,0.09999999999999964,Published envelope; approximate photographic exterior detail
WII-0607,AVCable,WII-0607 · AV cable main jacket display length,Accessories,black,1,485.8523463276134,45.45000010000001,19.878895378807528,3.3000002000000004,Published envelope; approximate photographic exterior detail
WII-0608,AVSplitter,WII-0608 · AV cable three-way strain relief,Accessories,black,1,947.638934211693,12.0,8.0,10.0,Published envelope; approximate photographic exterior detail
WII-0609,AVBranch0,WII-0609 · Individual RCA cable,Accessories,black,1,154.02969654804897,29.20000020000009,24.5,2.200000199999999,Published envelope; approximate photographic exterior detail
WII-0610,RCAGrip0,WII-0610 · Composite / stereo RCA grip,Accessories,black,1,1272.3450247038666,9.0,20.0,9.0,Published envelope; approximate photographic exterior detail
WII-0611,RCAColor0,WII-0611 · RCA function color ring,Accessories,yellow,1,40.502983286406305,10.0,3.0,10.0,Published envelope; approximate photographic exterior detail
WII-0612,RCAGround0,WII-0612 · RCA outer ground sleeve,Accessories,metal,1,126.48052023352477,7.2000000000000455,6.0,7.199999999999999,Published envelope; approximate photographic exterior detail
WII-0613,RCAPin0,WII-0613 · RCA center signal pin,Accessories,gold,1,17.812830345854163,1.7999999999999545,7.0,1.8000000000000007,Published envelope; approximate photographic exterior detail
WII-0614,AVBranch1,WII-0614 · Individual RCA cable001,Accessories,black,1,93.13251421567115,2.2000000000000455,24.5,2.1999999999999993,Published envelope; approximate photographic exterior detail
WII-0615,RCAGrip1,WII-0615 · Composite / stereo RCA grip001,Accessories,black,1,1272.3450247038666,9.0,20.0,9.0,Published envelope; approximate photographic exterior detail
WII-0616,RCAColor1,WII-0616 · RCA function color ring001,Accessories,wiiwhite,1,40.502983286406305,10.0,3.0,10.0,Published envelope; approximate photographic exterior detail
WII-0617,RCAGround1,WII-0617 · RCA outer ground sleeve001,Accessories,metal,1,126.48052023352477,7.2000000000000455,6.0,7.199999999999999,Published envelope; approximate photographic exterior detail
WII-0618,RCAPin1,WII-0618 · RCA center signal pin001,Accessories,gold,1,17.812830345854163,1.7999999999999545,7.0,1.8000000000000007,Published envelope; approximate photographic exterior detail
WII-0619,AVBranch2,WII-0619 · Individual RCA cable002,Accessories,black,1,154.0296965480489,29.20000020000009,24.5,2.200000199999999,Published envelope; approximate photographic exterior detail
WII-0620,RCAGrip2,WII-0620 · Composite / stereo RCA grip002,Accessories,black,1,1272.3450247038666,9.0,20.0,9.0,Published envelope; approximate photographic exterior detail
WII-0621,RCAColor2,WII-0621 · RCA function color ring002,Accessories,red,1,40.502983286406305,10.0,3.0,10.0,Published envelope; approximate photographic exterior detail
WII-0622,RCAGround2,WII-0622 · RCA outer ground sleeve002,Accessories,metal,1,126.48052023352477,7.2000000000000455,6.0,7.199999999999999,Published envelope; approximate photographic exterior detail
WII-0623,RCAPin2,WII-0623 · RCA center signal pin002,Accessories,gold,1,17.812830345854163,1.7999999999999545,7.0,1.8000000000000007,Published envelope; approximate photographic exterior detail
WII-0624,WiiDisc,WII-0624 · Blank 12 cm Wii optical medium,Accessories,metal,1,13359.622759390593,120.0,120.0,1.2,Published envelope; approximate photographic exterior detail
WII-0625,WiiDiscHub,WII-0625 · Transparent disc center region,Accessories,wiigrey,1,29.15366566604794,34.0,34.0,0.040000000000000036,Published envelope; approximate photographic exterior detail
WII-0626,WiiDiscMark,WII-0626 · BLANK STUDY,Accessories,black,10,0.574589816268044,31.025797079865782,3.410738455033595,0.018000200000000133,Published envelope; approximate photographic exterior detail
WII-0627,GCDisc,WII-0627 · Blank 8 cm GameCube optical medium,Accessories,metal,1,5819.800390775093,80.0,80.0,1.2,Published envelope; approximate photographic exterior detail
WII-0628,GCDiscHub,WII-0628 · Transparent disc center region001,Accessories,wiigrey,1,29.153665666047942,34.0,34.0,0.040000000000000036,Published envelope; approximate photographic exterior detail
WII-0629,GCDiscMark,WII-0629 · BLANK STUDY001,Accessories,black,10,0.5745898162680442,31.02579707986581,3.410738455033595,0.018000200000000133,Published envelope; approximate photographic exterior detail
WII-0630,RemoteCaseScrew0,WII-0630 · Tri-point enclosure fastener,Controller,metal,1,28.560768564272156,3.4000000000000057,3.3999999999999773,22.300000000000004,Schematic internal layout
WII-0631,RemoteCaseScrew1,WII-0631 · Tri-point enclosure fastener001,Controller,metal,1,28.560768564272095,3.3999999999999986,3.3999999999999773,22.300000000000004,Schematic internal layout
WII-0632,RemoteCaseScrew2,WII-0632 · Tri-point enclosure fastener002,Controller,metal,1,30.03103392615236,3.4000000000000057,3.3999999999999773,23.6,Schematic internal layout
WII-0633,RemoteCaseScrew3,WII-0633 · Tri-point enclosure fastener003,Controller,metal,1,30.031033926152414,3.3999999999999986,3.3999999999999773,23.6,Schematic internal layout
WII-0634,NunchukCaseScrew0,WII-0634 · Tri-point enclosure fastener004,Nunchuk,metal,1,27.995281886626014,3.4000000000000057,3.3999999999999773,21.8,Schematic internal layout
WII-0635,NunchukCaseScrew1,WII-0635 · Tri-point enclosure fastener005,Nunchuk,metal,1,27.090503202392345,3.4000000000000057,3.3999999999999773,21.0,Schematic internal layout
WII-0636,DriveRibbon,WII-0636 · Folded optical-drive data ribbon,Optical,copper,1,79.04250000000005,18.0,9.150000000000006,10.749999999999998,Schematic internal layout
WII-0637,DriveWire0,WII-0637 · Optical-drive individual power lead,Optical,black,1,7.80005405416051,26.9400002,9.440000199999993,10.220000099999995,Schematic internal layout
WII-0638,DriveWire1,WII-0638 · Optical-drive individual power lead001,Optical,wiiwhite,1,8.134570839914746,26.9400002,10.540000199999987,10.220000099999995,Schematic internal layout
WII-0639,DriveWire2,WII-0639 · Optical-drive individual power lead002,Optical,black,1,8.469087625668964,26.9400002,11.640000199999996,10.220000100000002,Schematic internal layout
WII-0640,DriveWire3,WII-0640 · Optical-drive individual power lead003,Optical,wiiwhite,1,8.803604411423205,26.9400002,12.74000019999999,10.220000100000002,Schematic internal layout
WII-0641,DriveWire4,WII-0641 · Optical-drive individual power lead004,Optical,black,1,9.138121197177469,26.9400002,13.840000199999999,10.220000099999995,Schematic internal layout
WII-0642,DriveWire5,WII-0642 · Optical-drive individual power lead005,Optical,wiiwhite,1,9.47263798293171,26.9400002,14.940000199999993,10.220000099999995,Schematic internal layout
WII-0643,FrontLEDSocket,WII-0643 · Faceplate light harness connector,Mainboard,cream,1,59.72530964914873,6.0,5.0,2.0,Schematic internal layout
WII-0644,FrontLEDWire0,WII-0644 · Faceplate illumination lead,Controls,red,1,4.775366450699606,20.340000200000013,18.670000099999953,22.270000100000004,Schematic internal layout
WII-0645,FrontLEDWire1,WII-0645 · Faceplate illumination lead001,Controls,black,1,4.701667632216345,19.74000020000001,17.870000099999984,22.270000100000004,Schematic internal layout
WII-0646,FanSocket,WII-0646 · Rear fan harness connector,Mainboard,cream,1,47.72530964914873,6.0,4.0,2.0,Schematic internal layout
WII-0647,FanWire0,WII-0647 · Fan power harness lead,Cooling,red,1,7.733106046807663,57.8600002,10.385828993989449,13.098112268686458,Schematic internal layout
WII-0648,FanWire1,WII-0648 · Fan power harness lead001,Cooling,black,1,7.7881426482506955,57.8600002,10.385828993989449,14.098112268686457,Schematic internal layout
WII-0649,WifiCable0,WII-0649 · Radio miniature coax cable,Wireless,black,1,104.63267837072986,124.1000002,112.7000002,18.3,Schematic internal layout
WII-0650,WifiAntenna0,WII-0650 · Case-side Wi-Fi antenna substrate,Wireless,pcb,1,96.4145840131754,0.6000000000000085,23.000000000000007,7.000000000000011,Schematic internal layout
WII-0651,WifiAntennaTrace0,WII-0651 · Antenna conductor study,Wireless,gold,5,0.4534977871437686,0.03499999999999659,12.650000000000006,4.0,Schematic internal layout
WII-0652,WifiCable1,WII-0652 · Radio miniature coax cable001,Wireless,wiiwhite,1,68.30932397599494,110.1000002,54.70000019999999,15.3,Schematic internal layout
WII-0653,WifiAntenna1,WII-0653 · Case-side Wi-Fi antenna substrate001,Wireless,pcb,1,96.4145840131754,0.6000000000000085,23.000000000000007,7.000000000000011,Schematic internal layout
WII-0654,WifiAntennaTrace1,WII-0654 · Antenna conductor study001,Wireless,gold,5,0.4534977871437689,0.03499999999999659,12.650000000000006,4.0,Schematic internal layout
