Part number,Part ID,Label,Assembly,Material,Solid count,Volume mm3,X mm,Y mm,Z mm,Fidelity
XBOX-0001,LowerShell,XBOX-0001 · Original Xbox lower enclosure010,Body,accent,1,321516.54431180353,320.0,260.0,89.0,Official approximate envelope; photograph-guided original2001 local geometry
XBOX-0002,FrontFascia,XBOX-0002 · Original front fascia008,Body,accent,1,50013.845793589506,313.0,2.3000000000000114,85.0,Official approximate envelope; photograph-guided original2001 local geometry
XBOX-0003,RearFascia,XBOX-0003 · Original rear fascia004,Body,accent,1,52343.57649088153,309.0,2.3000000000000114,85.0,Official approximate envelope; photograph-guided original2001 local geometry
XBOX-0004,TopCover,XBOX-0004 · Original removable upper enclosure003,Body,accent,1,185502.23848289685,319.5,259.5,5.400000000000006,Official approximate envelope; photograph-guided original2001 local geometry
XBOX-0005,RubberFoot0,XBOX-0005 · Original rubber foot over case screw,Body,rubber,1,947.1433508808226,22.0,16.0,2.8,Official approximate envelope; photograph-guided original2001 local geometry
XBOX-0006,RubberFoot1,XBOX-0006 · Original rubber foot over case screw001,Body,rubber,1,947.1433508808226,22.0,16.0,2.8,Official approximate envelope; photograph-guided original2001 local geometry
XBOX-0007,RubberFoot2,XBOX-0007 · Original rubber foot over case screw002,Body,rubber,1,947.1433508808226,22.0,16.0,2.8,Official approximate envelope; photograph-guided original2001 local geometry
XBOX-0008,RubberFoot3,XBOX-0008 · Original rubber foot over case screw003,Body,rubber,1,947.1433508808226,22.0,16.0,2.8,Official approximate envelope; photograph-guided original2001 local geometry
XBOX-0009,TopMoldedX,XBOX-0009 · Original broad X-shaped raised top ribs,Body,black,1,94830.16505578457,316.0,252.00000000000003,1.90000000000002,Official approximate envelope; photograph-guided original2001 local geometry
XBOX-0010,TopJewelBase,XBOX-0010 · Green original center jewel,Body,jewel,1,7328.707342294265,72.0,72.0,1.7999999999999972,Official approximate envelope; photograph-guided original2001 local geometry
XBOX-0011,TopXboxMark,XBOX-0011 · XBOX,Body,black,4,4.014317426516594,48.72869127516779,13.642953220134228,0.01800019999998881,Official approximate envelope; photograph-guided original2001 local geometry
XBOX-0012,DVDTrayFace,XBOX-0012 · Original DVD tray fascia,Controls,black,1,6368.492387171747,132.0,2.1000000000000227,23.0,Official approximate envelope; photograph-guided original2001 local geometry
XBOX-0013,TrayXboxMark,XBOX-0013 · XBOX001,Controls,white,4,0.5120302839944629,17.40310402684564,0.01800019999998881,4.872483421476488,Official approximate envelope; photograph-guided original2001 local geometry
XBOX-0014,EjectButton,XBOX-0014 · Original Eject front key,Controls,black,1,382.268994088806,15.6,2.0,15.599999999999994,Official approximate envelope; photograph-guided original2001 local geometry
XBOX-0015,PowerButton,XBOX-0015 · Original Power front key,Controls,black,1,144.76458947741764,9.6,2.0,9.599999999999998,Official approximate envelope; photograph-guided original2001 local geometry
XBOX-0016,EjectGreenRing,XBOX-0016 · Original eject status ring,Controls,green,1,4.5804420889323865,16.5,0.30000000000001137,16.5,Official approximate envelope; photograph-guided original2001 local geometry
XBOX-0017,ControllerPort0Sleeve,XBOX-0017 · Original controller receptacle sleeve,Ports,metal,1,399.37033265450475,24.0,13.0,13.0,Schematic internal layout
XBOX-0018,ControllerPort0Tongue,XBOX-0018 · Original controller insulating tongue,Ports,black,1,230.96223007675812,21.0,10.0,1.1000000000000014,Schematic internal layout
XBOX-0019,ControllerPort0Pin0,XBOX-0019 · Original controller schematic contact,Ports,gold,1,0.7018351857894933,0.6500000000000057,9.0,0.120000000000001,Schematic internal layout
XBOX-0020,ControllerPort0Pin1,XBOX-0020 · Original controller schematic contact001,Ports,gold,1,0.7018351857894932,0.6500000000000057,9.0,0.120000000000001,Schematic internal layout
XBOX-0021,ControllerPort0Pin2,XBOX-0021 · Original controller schematic contact002,Ports,gold,1,0.7018351857894933,0.6500000000000057,9.0,0.120000000000001,Schematic internal layout
XBOX-0022,ControllerPort0Pin3,XBOX-0022 · Original controller schematic contact003,Ports,gold,1,0.7018351857894932,0.6500000000000057,9.0,0.120000000000001,Schematic internal layout
XBOX-0023,ControllerPort0Pin4,XBOX-0023 · Original controller schematic contact004,Ports,gold,1,0.7018351857894932,0.6500000000000057,9.0,0.120000000000001,Schematic internal layout
XBOX-0024,PortNumber0,XBOX-0024 · 1,Controls,white,1,0.0544130084230448,2.2374161073825576,0.018000000000000682,3.7583892617449663,Official approximate envelope; photograph-guided original2001 local geometry
XBOX-0025,ControllerPort1Sleeve,XBOX-0025 · Original controller receptacle sleeve001,Ports,metal,1,399.3703326545045,24.0,13.0,13.0,Schematic internal layout
XBOX-0026,ControllerPort1Tongue,XBOX-0026 · Original controller insulating tongue001,Ports,black,1,230.9622300767581,21.0,10.0,1.1000000000000014,Schematic internal layout
XBOX-0027,ControllerPort1Pin0,XBOX-0027 · Original controller schematic contact005,Ports,gold,1,0.7018351857894931,0.6500000000000057,9.0,0.120000000000001,Schematic internal layout
XBOX-0028,ControllerPort1Pin1,XBOX-0028 · Original controller schematic contact006,Ports,gold,1,0.7018351857894932,0.6500000000000057,9.0,0.120000000000001,Schematic internal layout
XBOX-0029,ControllerPort1Pin2,XBOX-0029 · Original controller schematic contact007,Ports,gold,1,0.7018351857894933,0.6500000000000057,9.0,0.120000000000001,Schematic internal layout
XBOX-0030,ControllerPort1Pin3,XBOX-0030 · Original controller schematic contact008,Ports,gold,1,0.7018351857894933,0.6500000000000057,9.0,0.120000000000001,Schematic internal layout
XBOX-0031,ControllerPort1Pin4,XBOX-0031 · Original controller schematic contact009,Ports,gold,1,0.7018351857894931,0.6500000000000057,9.0,0.120000000000001,Schematic internal layout
XBOX-0032,PortNumber1,XBOX-0032 · 2,Controls,white,1,0.06448782208571767,2.3859062402684614,0.01800019999998881,3.8228189919463134,Official approximate envelope; photograph-guided original2001 local geometry
XBOX-0033,ControllerPort2Sleeve,XBOX-0033 · Original controller receptacle sleeve002,Ports,metal,1,399.3703326545045,24.0,13.0,13.0,Schematic internal layout
XBOX-0034,ControllerPort2Tongue,XBOX-0034 · Original controller insulating tongue002,Ports,black,1,230.9622300767581,21.0,10.0,1.1000000000000014,Schematic internal layout
XBOX-0035,ControllerPort2Pin0,XBOX-0035 · Original controller schematic contact010,Ports,gold,1,0.7018351857894933,0.6500000000000057,9.0,0.120000000000001,Schematic internal layout
XBOX-0036,ControllerPort2Pin1,XBOX-0036 · Original controller schematic contact011,Ports,gold,1,0.701835185789493,0.6500000000000057,9.0,0.120000000000001,Schematic internal layout
XBOX-0037,ControllerPort2Pin2,XBOX-0037 · Original controller schematic contact012,Ports,gold,1,0.7018351857894933,0.6500000000000057,9.0,0.120000000000001,Schematic internal layout
XBOX-0038,ControllerPort2Pin3,XBOX-0038 · Original controller schematic contact013,Ports,gold,1,0.7018351857894932,0.6500000000000057,9.0,0.120000000000001,Schematic internal layout
XBOX-0039,ControllerPort2Pin4,XBOX-0039 · Original controller schematic contact014,Ports,gold,1,0.7018351857894931,0.6500000000000057,9.0,0.120000000000001,Schematic internal layout
XBOX-0040,PortNumber2,XBOX-0040 · 3,Controls,white,1,0.0663378057294724,2.4739934885905797,0.01800019999998881,3.8979867771812096,Official approximate envelope; photograph-guided original2001 local geometry
XBOX-0041,ControllerPort3Sleeve,XBOX-0041 · Original controller receptacle sleeve003,Ports,metal,1,399.370332654505,24.0,13.0,13.0,Schematic internal layout
XBOX-0042,ControllerPort3Tongue,XBOX-0042 · Original controller insulating tongue003,Ports,black,1,230.96223007675812,21.0,10.0,1.1000000000000014,Schematic internal layout
XBOX-0043,ControllerPort3Pin0,XBOX-0043 · Original controller schematic contact015,Ports,gold,1,0.7018351857894932,0.6500000000000057,9.0,0.120000000000001,Schematic internal layout
XBOX-0044,ControllerPort3Pin1,XBOX-0044 · Original controller schematic contact016,Ports,gold,1,0.7018351857894933,0.6500000000000057,9.0,0.120000000000001,Schematic internal layout
XBOX-0045,ControllerPort3Pin2,XBOX-0045 · Original controller schematic contact017,Ports,gold,1,0.7018351857894933,0.6500000000000057,9.0,0.120000000000001,Schematic internal layout
XBOX-0046,ControllerPort3Pin3,XBOX-0046 · Original controller schematic contact018,Ports,gold,1,0.7018351857894933,0.6500000000000057,9.0,0.120000000000001,Schematic internal layout
XBOX-0047,ControllerPort3Pin4,XBOX-0047 · Original controller schematic contact019,Ports,gold,1,0.7018351857894931,0.6500000000000057,9.0,0.120000000000001,Schematic internal layout
XBOX-0048,PortNumber3,XBOX-0048 · 4,Controls,white,1,0.0692009613868751,2.738255033557053,0.018000000000000682,3.7583892617449663,Official approximate envelope; photograph-guided original2001 local geometry
XBOX-0049,EthernetShell,XBOX-0049 · Original rear Ethernet receptacle,Ports,metal,1,343.9826536187998,16.0,12.0,14.0,Schematic internal layout
XBOX-0050,EthernetTongue,XBOX-0050 · Original Ethernet connector insulating tongue,Ports,black,1,103.96566370614357,13.0,8.0,1.0,Schematic internal layout
XBOX-0051,EthernetPin0,XBOX-0051 · Original rear schematic connector contact,Ports,gold,1,0.29992274333882446,0.5,6.0,0.10000000000000142,Schematic internal layout
XBOX-0052,EthernetPin1,XBOX-0052 · Original rear schematic connector contact001,Ports,gold,1,0.29992274333882446,0.5,6.0,0.10000000000000142,Schematic internal layout
XBOX-0053,EthernetPin2,XBOX-0053 · Original rear schematic connector contact002,Ports,gold,1,0.29992274333882446,0.5,6.0,0.10000000000000142,Schematic internal layout
XBOX-0054,EthernetPin3,XBOX-0054 · Original rear schematic connector contact003,Ports,gold,1,0.29992274333882446,0.5,6.0,0.10000000000000142,Schematic internal layout
XBOX-0055,EthernetPin4,XBOX-0055 · Original rear schematic connector contact004,Ports,gold,1,0.29992274333882446,0.5,6.0,0.10000000000000142,Schematic internal layout
XBOX-0056,EthernetPin5,XBOX-0056 · Original rear schematic connector contact005,Ports,gold,1,0.29992274333882446,0.5,6.0,0.10000000000000142,Schematic internal layout
XBOX-0057,EthernetPin6,XBOX-0057 · Original rear schematic connector contact006,Ports,gold,1,0.29992274333882446,0.5,6.0,0.10000000000000142,Schematic internal layout
XBOX-0058,EthernetPin7,XBOX-0058 · Original rear schematic connector contact007,Ports,gold,1,0.29992274333882446,0.5,6.0,0.10000000000000142,Schematic internal layout
XBOX-0059,AVShell,XBOX-0059 · Original rear AV receptacle,Ports,metal,1,523.9826536187998,32.0,12.0,13.0,Schematic internal layout
XBOX-0060,AVTongue,XBOX-0060 · Original AV connector insulating tongue,Ports,black,1,231.96566370614354,29.0,8.0,1.0,Schematic internal layout
XBOX-0061,AVPin0,XBOX-0061 · Original rear schematic connector contact008,Ports,gold,1,0.29992274333882446,0.5,6.0,0.10000000000000142,Schematic internal layout
XBOX-0062,AVPin1,XBOX-0062 · Original rear schematic connector contact009,Ports,gold,1,0.29992274333882446,0.5,6.0,0.10000000000000142,Schematic internal layout
XBOX-0063,AVPin2,XBOX-0063 · Original rear schematic connector contact010,Ports,gold,1,0.29992274333882446,0.5,6.0,0.10000000000000142,Schematic internal layout
XBOX-0064,AVPin3,XBOX-0064 · Original rear schematic connector contact011,Ports,gold,1,0.29992274333882446,0.5,6.0,0.10000000000000142,Schematic internal layout
XBOX-0065,AVPin4,XBOX-0065 · Original rear schematic connector contact012,Ports,gold,1,0.29992274333882446,0.5,6.0,0.10000000000000142,Schematic internal layout
XBOX-0066,AVPin5,XBOX-0066 · Original rear schematic connector contact013,Ports,gold,1,0.29992274333882446,0.5,6.0,0.10000000000000142,Schematic internal layout
XBOX-0067,AVPin6,XBOX-0067 · Original rear schematic connector contact014,Ports,gold,1,0.29992274333882446,0.5,6.0,0.10000000000000142,Schematic internal layout
XBOX-0068,AVPin7,XBOX-0068 · Original rear schematic connector contact015,Ports,gold,1,0.2999227433388245,0.5,6.0,0.10000000000000142,Schematic internal layout
XBOX-0069,ACInlet,XBOX-0069 · Original two-pin AC inlet body,Ports,black,1,1037.9929188601036,18.0,11.0,9.0,Schematic internal layout
XBOX-0070,ACContact0,XBOX-0070 · AC inlet contact pin,Ports,metal,1,17.812830345854124,1.8000000000000114,7.0,1.7999999999999972,Schematic internal layout
XBOX-0071,ACContact1,XBOX-0071 · AC inlet contact pin001,Ports,metal,1,17.812830345854078,1.8000000000000114,7.0,1.7999999999999972,Schematic internal layout
XBOX-0072,LowerShield,XBOX-0072 · Original lower EMI tray floor006,Frame,metal,1,41165.83541172837,308.0,244.0,0.5499999999999998,Official approximate envelope; photograph-guided original2001 local geometry
XBOX-0073,ShieldSide-1,XBOX-0073 · Lower EMI tray folded side,Frame,metal,1,7470.866946861306,0.5,241.0,62.0,Schematic internal layout
XBOX-0074,ShieldSide1,XBOX-0074 · Lower EMI tray folded side001,Frame,metal,1,7470.866946861305,0.5,241.0,62.0,Schematic internal layout
XBOX-0075,ShieldRear,XBOX-0075 · Lower EMI tray rear lip002,Frame,metal,3,1636.1590910131424,304.0,0.5,11.000000000000188,Schematic internal layout
XBOX-0076,UpperShield,XBOX-0076 · Original upper stamped EMI lid007,Frame,metal,1,31074.8539967062,307.0,243.0,0.5,Official approximate envelope; photograph-guided original2001 local geometry
XBOX-0077,MainboardPost0,XBOX-0077 · Motherboard screw standoff,Frame,metal,1,105.77742464636829,6.399999999999977,6.400000000000006,4.0,Schematic internal layout
XBOX-0078,MainboardPost1,XBOX-0078 · Motherboard screw standoff001,Frame,metal,1,105.77742464636832,6.400000000000002,6.400000000000006,4.0,Schematic internal layout
XBOX-0079,MainboardPost2,XBOX-0079 · Motherboard screw standoff002,Frame,metal,1,105.77742464636832,6.400000000000006,6.400000000000006,4.0,Schematic internal layout
XBOX-0080,MainboardPost3,XBOX-0080 · Motherboard screw standoff003,Frame,metal,1,105.77742464636829,6.399999999999977,6.399999999999999,4.0,Schematic internal layout
XBOX-0081,MainboardPost4,XBOX-0081 · Motherboard screw standoff004,Frame,metal,1,105.77742464636835,6.400000000000006,6.399999999999999,4.0,Schematic internal layout
XBOX-0082,MainboardPost5,XBOX-0082 · Motherboard screw standoff005,Frame,metal,1,105.77742464636829,6.399999999999977,6.400000000000006,4.0,Schematic internal layout
XBOX-0083,MainboardPost6,XBOX-0083 · Motherboard screw standoff006,Frame,metal,1,105.77742464636832,6.400000000000002,6.400000000000006,4.0,Schematic internal layout
XBOX-0084,MainboardPost7,XBOX-0084 · Motherboard screw standoff007,Frame,metal,1,105.77742464636832,6.400000000000006,6.400000000000006,4.0,Schematic internal layout
XBOX-0085,Mainboard,XBOX-0085 · Original v1.0 main logic board001,Mainboard,pcb,1,74815.0765569876,226.0,221.0,1.5,Official approximate envelope; photograph-guided original2001 local geometry
XBOX-0086,CPUCarrier,XBOX-0086 · Original motherboard CPUCarrier package study,Mainboard,pcb,1,1105.1105132620653,31.0,31.0,1.1500000000000004,Schematic internal layout
XBOX-0087,CPUDie,XBOX-0087 · Original motherboard CPUDie package study,Mainboard,metal,1,71.4828318530718,11.0,13.0,0.5,Schematic internal layout
XBOX-0088,GPUCarrier,XBOX-0088 · Original motherboard GPUCarrier package study,Mainboard,black,1,1469.9587964473717,35.0,35.0,1.1999999999999993,Schematic internal layout
XBOX-0089,GPUDie,XBOX-0089 · Original motherboard GPUDie package study,Mainboard,metal,1,144.48283185307184,17.0,17.0,0.5,Schematic internal layout
XBOX-0090,MCPX,XBOX-0090 · Original motherboard MCPX package study,Mainboard,black,1,999.9450619298298,25.0,25.0,1.5999999999999996,Schematic internal layout
XBOX-0091,RAMFront0,XBOX-0091 · Original motherboard RAMFront0 package study,Mainboard,black,1,354.1519291886011,23.0,11.0,1.4000000000000004,Schematic internal layout
XBOX-0092,RAMBack0,XBOX-0092 · Original motherboard RAMBack0 package study,Mainboard,black,1,354.1519291886011,23.0,11.0,1.4000000000000004,Schematic internal layout
XBOX-0093,RAMFront1,XBOX-0093 · Original motherboard RAMFront1 package study,Mainboard,black,1,354.1519291886011,23.0,11.0,1.4000000000000004,Schematic internal layout
XBOX-0094,RAMBack1,XBOX-0094 · Original motherboard RAMBack1 package study,Mainboard,black,1,354.1519291886011,23.0,11.0,1.4000000000000004,Schematic internal layout
XBOX-0095,EmptyRAMPads0_0_0_-1,XBOX-0095 · Unpopulated original RAM footprint pad,Mainboard,gold,1,0.0863690973355283,1.1999999999999886,1.7999999999999972,0.03999999999999915,Schematic internal layout
XBOX-0096,EmptyRAMPads0_0_0_1,XBOX-0096 · Unpopulated original RAM footprint pad001,Mainboard,gold,1,0.08636909733552851,1.1999999999999886,1.8000000000000114,0.03999999999999915,Schematic internal layout
XBOX-0097,EmptyRAMPads0_0_1_-1,XBOX-0097 · Unpopulated original RAM footprint pad002,Mainboard,gold,1,0.08636909733552832,1.1999999999999886,1.7999999999999972,0.03999999999999915,Schematic internal layout
XBOX-0098,EmptyRAMPads0_0_1_1,XBOX-0098 · Unpopulated original RAM footprint pad003,Mainboard,gold,1,0.08636909733552853,1.1999999999999886,1.8000000000000114,0.03999999999999915,Schematic internal layout
XBOX-0099,EmptyRAMPads0_0_2_-1,XBOX-0099 · Unpopulated original RAM footprint pad004,Mainboard,gold,1,0.08636909733552832,1.1999999999999886,1.7999999999999972,0.03999999999999915,Schematic internal layout
XBOX-0100,EmptyRAMPads0_0_2_1,XBOX-0100 · Unpopulated original RAM footprint pad005,Mainboard,gold,1,0.08636909733552851,1.1999999999999886,1.8000000000000114,0.03999999999999915,Schematic internal layout
XBOX-0101,EmptyRAMPads0_0_3_-1,XBOX-0101 · Unpopulated original RAM footprint pad006,Mainboard,gold,1,0.08636909733552832,1.1999999999999886,1.7999999999999972,0.03999999999999915,Schematic internal layout
XBOX-0102,EmptyRAMPads0_0_3_1,XBOX-0102 · Unpopulated original RAM footprint pad007,Mainboard,gold,1,0.08636909733552851,1.1999999999999886,1.8000000000000114,0.03999999999999915,Schematic internal layout
XBOX-0103,EmptyRAMPads0_0_4_-1,XBOX-0103 · Unpopulated original RAM footprint pad008,Mainboard,gold,1,0.0863690973355283,1.1999999999999886,1.7999999999999972,0.03999999999999915,Schematic internal layout
XBOX-0104,EmptyRAMPads0_0_4_1,XBOX-0104 · Unpopulated original RAM footprint pad009,Mainboard,gold,1,0.08636909733552853,1.1999999999999886,1.8000000000000114,0.03999999999999915,Schematic internal layout
XBOX-0105,EmptyRAMPads0_0_5_-1,XBOX-0105 · Unpopulated original RAM footprint pad010,Mainboard,gold,1,0.08636909733552832,1.1999999999999886,1.7999999999999972,0.03999999999999915,Schematic internal layout
XBOX-0106,EmptyRAMPads0_0_5_1,XBOX-0106 · Unpopulated original RAM footprint pad011,Mainboard,gold,1,0.08636909733552853,1.1999999999999886,1.8000000000000114,0.03999999999999915,Schematic internal layout
XBOX-0107,EmptyRAMPads0_0_6_-1,XBOX-0107 · Unpopulated original RAM footprint pad012,Mainboard,gold,1,0.08636909733552832,1.1999999999999886,1.7999999999999972,0.03999999999999915,Schematic internal layout
XBOX-0108,EmptyRAMPads0_0_6_1,XBOX-0108 · Unpopulated original RAM footprint pad013,Mainboard,gold,1,0.08636909733552851,1.1999999999999886,1.8000000000000114,0.03999999999999915,Schematic internal layout
XBOX-0109,EmptyRAMPads0_0_7_-1,XBOX-0109 · Unpopulated original RAM footprint pad014,Mainboard,gold,1,0.08636909733552832,1.1999999999999886,1.7999999999999972,0.03999999999999915,Schematic internal layout
XBOX-0110,EmptyRAMPads0_0_7_1,XBOX-0110 · Unpopulated original RAM footprint pad015,Mainboard,gold,1,0.08636909733552851,1.1999999999999886,1.8000000000000114,0.03999999999999915,Schematic internal layout
XBOX-0111,EmptyRAMPads0_0_8_-1,XBOX-0111 · Unpopulated original RAM footprint pad016,Mainboard,gold,1,0.0863690973355283,1.1999999999999886,1.7999999999999972,0.03999999999999915,Schematic internal layout
XBOX-0112,EmptyRAMPads0_0_8_1,XBOX-0112 · Unpopulated original RAM footprint pad017,Mainboard,gold,1,0.08636909733552853,1.1999999999999886,1.8000000000000114,0.03999999999999915,Schematic internal layout
XBOX-0113,EmptyRAMPads0_0_9_-1,XBOX-0113 · Unpopulated original RAM footprint pad018,Mainboard,gold,1,0.08636909733552832,1.1999999999999886,1.7999999999999972,0.03999999999999915,Schematic internal layout
XBOX-0114,EmptyRAMPads0_0_9_1,XBOX-0114 · Unpopulated original RAM footprint pad019,Mainboard,gold,1,0.08636909733552853,1.1999999999999886,1.8000000000000114,0.03999999999999915,Schematic internal layout
XBOX-0115,EmptyRAMPads0_1_0_-1,XBOX-0115 · Unpopulated original RAM footprint pad020,Mainboard,gold,1,0.08636909733552829,1.1999999999999886,1.7999999999999972,0.03999999999999915,Schematic internal layout
XBOX-0116,EmptyRAMPads0_1_0_1,XBOX-0116 · Unpopulated original RAM footprint pad021,Mainboard,gold,1,0.08636909733552851,1.1999999999999886,1.8000000000000114,0.03999999999999915,Schematic internal layout
XBOX-0117,EmptyRAMPads0_1_1_-1,XBOX-0117 · Unpopulated original RAM footprint pad022,Mainboard,gold,1,0.08636909733552832,1.1999999999999886,1.7999999999999972,0.03999999999999915,Schematic internal layout
XBOX-0118,EmptyRAMPads0_1_1_1,XBOX-0118 · Unpopulated original RAM footprint pad023,Mainboard,gold,1,0.08636909733552853,1.1999999999999886,1.8000000000000114,0.03999999999999915,Schematic internal layout
XBOX-0119,EmptyRAMPads0_1_2_-1,XBOX-0119 · Unpopulated original RAM footprint pad024,Mainboard,gold,1,0.08636909733552832,1.1999999999999886,1.7999999999999972,0.03999999999999915,Schematic internal layout
XBOX-0120,EmptyRAMPads0_1_2_1,XBOX-0120 · Unpopulated original RAM footprint pad025,Mainboard,gold,1,0.08636909733552851,1.1999999999999886,1.8000000000000114,0.03999999999999915,Schematic internal layout
XBOX-0121,EmptyRAMPads0_1_3_-1,XBOX-0121 · Unpopulated original RAM footprint pad026,Mainboard,gold,1,0.08636909733552832,1.1999999999999886,1.7999999999999972,0.03999999999999915,Schematic internal layout
XBOX-0122,EmptyRAMPads0_1_3_1,XBOX-0122 · Unpopulated original RAM footprint pad027,Mainboard,gold,1,0.08636909733552851,1.1999999999999886,1.8000000000000114,0.03999999999999915,Schematic internal layout
XBOX-0123,EmptyRAMPads0_1_4_-1,XBOX-0123 · Unpopulated original RAM footprint pad028,Mainboard,gold,1,0.0863690973355283,1.1999999999999886,1.7999999999999972,0.03999999999999915,Schematic internal layout
XBOX-0124,EmptyRAMPads0_1_4_1,XBOX-0124 · Unpopulated original RAM footprint pad029,Mainboard,gold,1,0.08636909733552853,1.1999999999999886,1.8000000000000114,0.03999999999999915,Schematic internal layout
XBOX-0125,EmptyRAMPads0_1_5_-1,XBOX-0125 · Unpopulated original RAM footprint pad030,Mainboard,gold,1,0.08636909733552832,1.1999999999999886,1.7999999999999972,0.03999999999999915,Schematic internal layout
XBOX-0126,EmptyRAMPads0_1_5_1,XBOX-0126 · Unpopulated original RAM footprint pad031,Mainboard,gold,1,0.08636909733552853,1.1999999999999886,1.8000000000000114,0.03999999999999915,Schematic internal layout
XBOX-0127,EmptyRAMPads0_1_6_-1,XBOX-0127 · Unpopulated original RAM footprint pad032,Mainboard,gold,1,0.08636909733552832,1.1999999999999886,1.7999999999999972,0.03999999999999915,Schematic internal layout
XBOX-0128,EmptyRAMPads0_1_6_1,XBOX-0128 · Unpopulated original RAM footprint pad033,Mainboard,gold,1,0.08636909733552851,1.1999999999999886,1.8000000000000114,0.03999999999999915,Schematic internal layout
XBOX-0129,EmptyRAMPads0_1_7_-1,XBOX-0129 · Unpopulated original RAM footprint pad034,Mainboard,gold,1,0.08636909733552832,1.1999999999999886,1.7999999999999972,0.03999999999999915,Schematic internal layout
XBOX-0130,EmptyRAMPads0_1_7_1,XBOX-0130 · Unpopulated original RAM footprint pad035,Mainboard,gold,1,0.08636909733552851,1.1999999999999886,1.8000000000000114,0.03999999999999915,Schematic internal layout
XBOX-0131,EmptyRAMPads0_1_8_-1,XBOX-0131 · Unpopulated original RAM footprint pad036,Mainboard,gold,1,0.0863690973355283,1.1999999999999886,1.7999999999999972,0.03999999999999915,Schematic internal layout
XBOX-0132,EmptyRAMPads0_1_8_1,XBOX-0132 · Unpopulated original RAM footprint pad037,Mainboard,gold,1,0.08636909733552853,1.1999999999999886,1.8000000000000114,0.03999999999999915,Schematic internal layout
XBOX-0133,EmptyRAMPads0_1_9_-1,XBOX-0133 · Unpopulated original RAM footprint pad038,Mainboard,gold,1,0.08636909733552832,1.1999999999999886,1.7999999999999972,0.03999999999999915,Schematic internal layout
XBOX-0134,EmptyRAMPads0_1_9_1,XBOX-0134 · Unpopulated original RAM footprint pad039,Mainboard,gold,1,0.08636909733552853,1.1999999999999886,1.8000000000000114,0.03999999999999915,Schematic internal layout
XBOX-0135,EmptyRAMPads1_0_0_-1,XBOX-0135 · Unpopulated original RAM footprint pad040,Mainboard,gold,1,0.0863690973355286,1.1999999999999993,1.8000000000000007,0.03999999999999915,Schematic internal layout
XBOX-0136,EmptyRAMPads1_0_0_1,XBOX-0136 · Unpopulated original RAM footprint pad041,Mainboard,gold,1,0.0863690973355286,1.1999999999999993,1.8,0.03999999999999915,Schematic internal layout
XBOX-0137,EmptyRAMPads1_0_1_-1,XBOX-0137 · Unpopulated original RAM footprint pad042,Mainboard,gold,1,0.08636909733552861,1.1999999999999993,1.8000000000000007,0.03999999999999915,Schematic internal layout
XBOX-0138,EmptyRAMPads1_0_1_1,XBOX-0138 · Unpopulated original RAM footprint pad043,Mainboard,gold,1,0.08636909733552861,1.1999999999999993,1.8,0.03999999999999915,Schematic internal layout
XBOX-0139,EmptyRAMPads1_0_2_-1,XBOX-0139 · Unpopulated original RAM footprint pad044,Mainboard,gold,1,0.08636909733552861,1.2000000000000002,1.8000000000000007,0.03999999999999915,Schematic internal layout
XBOX-0140,EmptyRAMPads1_0_2_1,XBOX-0140 · Unpopulated original RAM footprint pad045,Mainboard,gold,1,0.08636909733552861,1.2000000000000002,1.8,0.03999999999999915,Schematic internal layout
XBOX-0141,EmptyRAMPads1_0_3_-1,XBOX-0141 · Unpopulated original RAM footprint pad046,Mainboard,gold,1,0.08636909733552861,1.200000000000001,1.8000000000000007,0.03999999999999915,Schematic internal layout
XBOX-0142,EmptyRAMPads1_0_3_1,XBOX-0142 · Unpopulated original RAM footprint pad047,Mainboard,gold,1,0.0863690973355286,1.200000000000001,1.8,0.03999999999999915,Schematic internal layout
XBOX-0143,EmptyRAMPads1_0_4_-1,XBOX-0143 · Unpopulated original RAM footprint pad048,Mainboard,gold,1,0.08636909733552862,1.2000000000000006,1.8000000000000007,0.03999999999999915,Schematic internal layout
XBOX-0144,EmptyRAMPads1_0_4_1,XBOX-0144 · Unpopulated original RAM footprint pad049,Mainboard,gold,1,0.08636909733552861,1.2000000000000006,1.8,0.03999999999999915,Schematic internal layout
XBOX-0145,EmptyRAMPads1_0_5_-1,XBOX-0145 · Unpopulated original RAM footprint pad050,Mainboard,gold,1,0.08636909733552862,1.2,1.8000000000000007,0.03999999999999915,Schematic internal layout
XBOX-0146,EmptyRAMPads1_0_5_1,XBOX-0146 · Unpopulated original RAM footprint pad051,Mainboard,gold,1,0.08636909733552861,1.2,1.8,0.03999999999999915,Schematic internal layout
XBOX-0147,EmptyRAMPads1_0_6_-1,XBOX-0147 · Unpopulated original RAM footprint pad052,Mainboard,gold,1,0.08636909733552864,1.2,1.8000000000000007,0.03999999999999915,Schematic internal layout
XBOX-0148,EmptyRAMPads1_0_6_1,XBOX-0148 · Unpopulated original RAM footprint pad053,Mainboard,gold,1,0.08636909733552862,1.2,1.8,0.03999999999999915,Schematic internal layout
XBOX-0149,EmptyRAMPads1_0_7_-1,XBOX-0149 · Unpopulated original RAM footprint pad054,Mainboard,gold,1,0.08636909733552862,1.2000000000000002,1.8000000000000007,0.03999999999999915,Schematic internal layout
XBOX-0150,EmptyRAMPads1_0_7_1,XBOX-0150 · Unpopulated original RAM footprint pad055,Mainboard,gold,1,0.08636909733552861,1.2000000000000002,1.8,0.03999999999999915,Schematic internal layout
XBOX-0151,EmptyRAMPads1_0_8_-1,XBOX-0151 · Unpopulated original RAM footprint pad056,Mainboard,gold,1,0.08636909733552862,1.2000000000000006,1.8000000000000007,0.03999999999999915,Schematic internal layout
XBOX-0152,EmptyRAMPads1_0_8_1,XBOX-0152 · Unpopulated original RAM footprint pad057,Mainboard,gold,1,0.0863690973355286,1.2000000000000006,1.8,0.03999999999999915,Schematic internal layout
XBOX-0153,EmptyRAMPads1_0_9_-1,XBOX-0153 · Unpopulated original RAM footprint pad058,Mainboard,gold,1,0.08636909733552861,1.200000000000001,1.8000000000000007,0.03999999999999915,Schematic internal layout
XBOX-0154,EmptyRAMPads1_0_9_1,XBOX-0154 · Unpopulated original RAM footprint pad059,Mainboard,gold,1,0.08636909733552858,1.200000000000001,1.8,0.03999999999999915,Schematic internal layout
XBOX-0155,EmptyRAMPads1_1_0_-1,XBOX-0155 · Unpopulated original RAM footprint pad060,Mainboard,gold,1,0.0863690973355286,1.1999999999999993,1.8000000000000007,0.03999999999999915,Schematic internal layout
XBOX-0156,EmptyRAMPads1_1_0_1,XBOX-0156 · Unpopulated original RAM footprint pad061,Mainboard,gold,1,0.0863690973355286,1.1999999999999993,1.8,0.03999999999999915,Schematic internal layout
XBOX-0157,EmptyRAMPads1_1_1_-1,XBOX-0157 · Unpopulated original RAM footprint pad062,Mainboard,gold,1,0.08636909733552861,1.1999999999999993,1.8000000000000007,0.03999999999999915,Schematic internal layout
XBOX-0158,EmptyRAMPads1_1_1_1,XBOX-0158 · Unpopulated original RAM footprint pad063,Mainboard,gold,1,0.08636909733552861,1.1999999999999993,1.8,0.03999999999999915,Schematic internal layout
XBOX-0159,EmptyRAMPads1_1_2_-1,XBOX-0159 · Unpopulated original RAM footprint pad064,Mainboard,gold,1,0.08636909733552861,1.2000000000000002,1.8000000000000007,0.03999999999999915,Schematic internal layout
XBOX-0160,EmptyRAMPads1_1_2_1,XBOX-0160 · Unpopulated original RAM footprint pad065,Mainboard,gold,1,0.08636909733552861,1.2000000000000002,1.8,0.03999999999999915,Schematic internal layout
XBOX-0161,EmptyRAMPads1_1_3_-1,XBOX-0161 · Unpopulated original RAM footprint pad066,Mainboard,gold,1,0.08636909733552861,1.200000000000001,1.8000000000000007,0.03999999999999915,Schematic internal layout
XBOX-0162,EmptyRAMPads1_1_3_1,XBOX-0162 · Unpopulated original RAM footprint pad067,Mainboard,gold,1,0.0863690973355286,1.200000000000001,1.8,0.03999999999999915,Schematic internal layout
XBOX-0163,EmptyRAMPads1_1_4_-1,XBOX-0163 · Unpopulated original RAM footprint pad068,Mainboard,gold,1,0.08636909733552862,1.2000000000000006,1.8000000000000007,0.03999999999999915,Schematic internal layout
XBOX-0164,EmptyRAMPads1_1_4_1,XBOX-0164 · Unpopulated original RAM footprint pad069,Mainboard,gold,1,0.08636909733552861,1.2000000000000006,1.8,0.03999999999999915,Schematic internal layout
XBOX-0165,EmptyRAMPads1_1_5_-1,XBOX-0165 · Unpopulated original RAM footprint pad070,Mainboard,gold,1,0.08636909733552862,1.2,1.8000000000000007,0.03999999999999915,Schematic internal layout
XBOX-0166,EmptyRAMPads1_1_5_1,XBOX-0166 · Unpopulated original RAM footprint pad071,Mainboard,gold,1,0.08636909733552861,1.2,1.8,0.03999999999999915,Schematic internal layout
XBOX-0167,EmptyRAMPads1_1_6_-1,XBOX-0167 · Unpopulated original RAM footprint pad072,Mainboard,gold,1,0.08636909733552862,1.2,1.8000000000000007,0.03999999999999915,Schematic internal layout
XBOX-0168,EmptyRAMPads1_1_6_1,XBOX-0168 · Unpopulated original RAM footprint pad073,Mainboard,gold,1,0.08636909733552861,1.2,1.8,0.03999999999999915,Schematic internal layout
XBOX-0169,EmptyRAMPads1_1_7_-1,XBOX-0169 · Unpopulated original RAM footprint pad074,Mainboard,gold,1,0.08636909733552862,1.2000000000000002,1.8000000000000007,0.03999999999999915,Schematic internal layout
XBOX-0170,EmptyRAMPads1_1_7_1,XBOX-0170 · Unpopulated original RAM footprint pad075,Mainboard,gold,1,0.08636909733552861,1.2000000000000002,1.8,0.03999999999999915,Schematic internal layout
XBOX-0171,EmptyRAMPads1_1_8_-1,XBOX-0171 · Unpopulated original RAM footprint pad076,Mainboard,gold,1,0.08636909733552861,1.2000000000000006,1.8000000000000007,0.03999999999999915,Schematic internal layout
XBOX-0172,EmptyRAMPads1_1_8_1,XBOX-0172 · Unpopulated original RAM footprint pad077,Mainboard,gold,1,0.0863690973355286,1.2000000000000006,1.8,0.03999999999999915,Schematic internal layout
XBOX-0173,EmptyRAMPads1_1_9_-1,XBOX-0173 · Unpopulated original RAM footprint pad078,Mainboard,gold,1,0.08636909733552861,1.200000000000001,1.8000000000000007,0.03999999999999915,Schematic internal layout
XBOX-0174,EmptyRAMPads1_1_9_1,XBOX-0174 · Unpopulated original RAM footprint pad079,Mainboard,gold,1,0.08636909733552858,1.200000000000001,1.8,0.03999999999999915,Schematic internal layout
XBOX-0175,Flash,XBOX-0175 · Original motherboard Flash package study,Mainboard,black,1,161.9587964473723,15.0,9.0,1.1999999999999993,Schematic internal layout
XBOX-0176,VideoEncoder,XBOX-0176 · Original motherboard VideoEncoder package study,Mainboard,black,1,202.75879644737225,13.0,13.0,1.1999999999999993,Schematic internal layout
XBOX-0177,EthernetPHY,XBOX-0177 · Original motherboard EthernetPHY package study,Mainboard,black,1,119.95879644737228,10.0,10.0,1.1999999999999993,Schematic internal layout
XBOX-0178,ClockLogic,XBOX-0178 · Original motherboard ClockLogic package study,Mainboard,black,1,76.75879644737228,8.0,8.0,1.1999999999999993,Schematic internal layout
XBOX-0179,BoardCap0,XBOX-0179 · Original cylindrical regulator capacitor,Mainboard,black,1,1727.8759594743865,10.0,10.0,22.000000000000004,Schematic internal layout
XBOX-0180,BoardCapTop0,XBOX-0180 · Capacitor top vent face,Mainboard,metal,1,6.939778171779885,9.400000000000006,9.400000000000006,0.10000000000000142,Schematic internal layout
XBOX-0181,BoardCap1,XBOX-0181 · Original cylindrical regulator capacitor001,Mainboard,black,1,1727.8759594743865,10.0,10.0,22.000000000000004,Schematic internal layout
XBOX-0182,BoardCapTop1,XBOX-0182 · Capacitor top vent face001,Mainboard,metal,1,6.939778171779884,9.400000000000006,9.400000000000006,0.10000000000000142,Schematic internal layout
XBOX-0183,BoardCap2,XBOX-0183 · Original cylindrical regulator capacitor002,Mainboard,black,1,1727.8759594743865,10.0,10.0,22.000000000000004,Schematic internal layout
XBOX-0184,BoardCapTop2,XBOX-0184 · Capacitor top vent face002,Mainboard,metal,1,6.939778171779884,9.400000000000006,9.400000000000006,0.10000000000000142,Schematic internal layout
XBOX-0185,BoardCap3,XBOX-0185 · Original cylindrical regulator capacitor003,Mainboard,black,1,1727.8759594743865,10.0,10.0,22.000000000000004,Schematic internal layout
XBOX-0186,BoardCapTop3,XBOX-0186 · Capacitor top vent face003,Mainboard,metal,1,6.939778171779886,9.399999999999999,9.399999999999999,0.10000000000000142,Schematic internal layout
XBOX-0187,BoardCap4,XBOX-0187 · Original cylindrical regulator capacitor004,Mainboard,black,1,1727.8759594743865,10.0,10.0,22.000000000000004,Schematic internal layout
XBOX-0188,BoardCapTop4,XBOX-0188 · Capacitor top vent face004,Mainboard,metal,1,6.939778171779886,9.399999999999999,9.399999999999999,0.10000000000000142,Schematic internal layout
XBOX-0189,BoardCap5,XBOX-0189 · Original cylindrical regulator capacitor005,Mainboard,black,1,1727.8759594743865,10.0,10.0,22.000000000000004,Schematic internal layout
XBOX-0190,BoardCapTop5,XBOX-0190 · Capacitor top vent face005,Mainboard,metal,1,6.939778171779885,9.400000000000006,9.399999999999999,0.10000000000000142,Schematic internal layout
XBOX-0191,BoardCap6,XBOX-0191 · Original cylindrical regulator capacitor006,Mainboard,black,1,461.81412007769956,7.000000000000001,7.0,12.0,Schematic internal layout
XBOX-0192,BoardCapTop6,XBOX-0192 · Capacitor top vent face006,Mainboard,metal,1,3.216990877275963,6.4,6.400000000000006,0.10000000000000142,Schematic internal layout
XBOX-0193,BoardCap7,XBOX-0193 · Original cylindrical regulator capacitor007,Mainboard,black,1,461.81412007769967,7.0,7.0,12.0,Schematic internal layout
XBOX-0194,BoardCapTop7,XBOX-0194 · Capacitor top vent face007,Mainboard,metal,1,3.2169908772759634,6.400000000000006,6.399999999999999,0.10000000000000142,Schematic internal layout
XBOX-0195,BoardCap8,XBOX-0195 · Original cylindrical regulator capacitor008,Mainboard,black,1,461.8141200776996,7.0,7.0,12.0,Schematic internal layout
XBOX-0196,BoardCapTop8,XBOX-0196 · Capacitor top vent face008,Mainboard,metal,1,3.2169908772759634,6.400000000000006,6.400000000000002,0.10000000000000142,Schematic internal layout
XBOX-0197,BoardCap9,XBOX-0197 · Original cylindrical regulator capacitor009,Mainboard,black,1,461.81412007769956,7.0,7.0,12.0,Schematic internal layout
XBOX-0198,BoardCapTop9,XBOX-0198 · Capacitor top vent face009,Mainboard,metal,1,3.2169908772759634,6.399999999999999,6.400000000000006,0.10000000000000142,Schematic internal layout
XBOX-0199,BoardToroid0,XBOX-0199 · Approximate toroidal regulator inductor core,Mainboard,black,1,235.61944901923448,10.0,10.0,4.0,Schematic internal layout
XBOX-0200,ToroidTurn0_0,XBOX-0200 · Schematic inductor winding segment,Mainboard,copper,1,3.1415926535897936,1.0,1.0,4.0,Schematic internal layout
XBOX-0201,ToroidTurn0_1,XBOX-0201 · Schematic inductor winding segment001,Mainboard,copper,1,3.1415926535897944,1.0,1.0000000000000009,4.0,Schematic internal layout
XBOX-0202,ToroidTurn0_2,XBOX-0202 · Schematic inductor winding segment002,Mainboard,copper,1,3.1415926535897927,1.0,1.0,4.0,Schematic internal layout
XBOX-0203,ToroidTurn0_3,XBOX-0203 · Schematic inductor winding segment003,Mainboard,copper,1,3.1415926535897927,1.0,1.0,4.0,Schematic internal layout
XBOX-0204,ToroidTurn0_4,XBOX-0204 · Schematic inductor winding segment004,Mainboard,copper,1,3.1415926535897927,1.0,1.0,4.0,Schematic internal layout
XBOX-0205,ToroidTurn0_5,XBOX-0205 · Schematic inductor winding segment005,Mainboard,copper,1,3.1415926535897936,1.0,1.0,4.0,Schematic internal layout
XBOX-0206,ToroidTurn0_6,XBOX-0206 · Schematic inductor winding segment006,Mainboard,copper,1,3.1415926535897936,1.0,1.0,4.0,Schematic internal layout
XBOX-0207,BoardToroid1,XBOX-0207 · Approximate toroidal regulator inductor core001,Mainboard,black,1,235.61944901923442,10.0,10.0,4.0,Schematic internal layout
XBOX-0208,ToroidTurn1_0,XBOX-0208 · Schematic inductor winding segment007,Mainboard,copper,1,3.141592653589797,1.0,1.0,4.0,Schematic internal layout
XBOX-0209,ToroidTurn1_1,XBOX-0209 · Schematic inductor winding segment008,Mainboard,copper,1,3.141592653589791,1.0,1.0000000000000009,4.0,Schematic internal layout
XBOX-0210,ToroidTurn1_2,XBOX-0210 · Schematic inductor winding segment009,Mainboard,copper,1,3.141592653589791,1.0,1.0,4.0,Schematic internal layout
XBOX-0211,ToroidTurn1_3,XBOX-0211 · Schematic inductor winding segment010,Mainboard,copper,1,3.141592653589791,1.0,1.0,4.0,Schematic internal layout
XBOX-0212,ToroidTurn1_4,XBOX-0212 · Schematic inductor winding segment011,Mainboard,copper,1,3.141592653589791,1.0,1.0,4.0,Schematic internal layout
XBOX-0213,ToroidTurn1_5,XBOX-0213 · Schematic inductor winding segment012,Mainboard,copper,1,3.1415926535897936,1.0,1.0,4.0,Schematic internal layout
XBOX-0214,ToroidTurn1_6,XBOX-0214 · Schematic inductor winding segment013,Mainboard,copper,1,3.1415926535897936,1.0,1.0,4.0,Schematic internal layout
XBOX-0215,BoardToroid2,XBOX-0215 · Approximate toroidal regulator inductor core002,Mainboard,black,1,235.61944901923442,10.0,10.0,4.0,Schematic internal layout
XBOX-0216,ToroidTurn2_0,XBOX-0216 · Schematic inductor winding segment014,Mainboard,copper,1,3.141592653589797,1.0,1.0,4.0,Schematic internal layout
XBOX-0217,ToroidTurn2_1,XBOX-0217 · Schematic inductor winding segment015,Mainboard,copper,1,3.1415926535897962,1.0,1.0000000000000009,4.0,Schematic internal layout
XBOX-0218,ToroidTurn2_2,XBOX-0218 · Schematic inductor winding segment016,Mainboard,copper,1,3.1415926535897962,1.0,1.0,4.0,Schematic internal layout
XBOX-0219,ToroidTurn2_3,XBOX-0219 · Schematic inductor winding segment017,Mainboard,copper,1,3.141592653589797,1.0,1.0,4.0,Schematic internal layout
XBOX-0220,ToroidTurn2_4,XBOX-0220 · Schematic inductor winding segment018,Mainboard,copper,1,3.1415926535897962,1.0,1.0,4.0,Schematic internal layout
XBOX-0221,ToroidTurn2_5,XBOX-0221 · Schematic inductor winding segment019,Mainboard,copper,1,3.1415926535897962,1.0,1.0,4.0,Schematic internal layout
XBOX-0222,ToroidTurn2_6,XBOX-0222 · Schematic inductor winding segment020,Mainboard,copper,1,3.1415926535897962,1.0,1.0,4.0,Schematic internal layout
XBOX-0223,SMD0_0,XBOX-0223 · Schematic motherboard passive body,Mainboard,cream,1,0.6389269908169894,1.5999999999999943,0.8000000000000114,0.5,Schematic internal layout
XBOX-0224,SMDTerm0_0_-1,XBOX-0224 · Schematic passive end termination,Mainboard,metal,1,0.10242508836352665,0.21999999999999886,0.8499999999999943,0.5500000000000007,Schematic internal layout
XBOX-0225,SMDTerm0_0_1,XBOX-0225 · Schematic passive end termination001,Mainboard,metal,1,0.10242508836352668,0.21999999999999886,0.8499999999999943,0.5500000000000007,Schematic internal layout
XBOX-0226,SMD0_1,XBOX-0226 · Schematic motherboard passive body001,Mainboard,cream,1,0.6389269908169894,1.5999999999999943,0.8000000000000114,0.5,Schematic internal layout
XBOX-0227,SMDTerm0_1_-1,XBOX-0227 · Schematic passive end termination002,Mainboard,metal,1,0.10242508836352665,0.21999999999999886,0.8499999999999943,0.5500000000000007,Schematic internal layout
XBOX-0228,SMDTerm0_1_1,XBOX-0228 · Schematic passive end termination003,Mainboard,metal,1,0.10242508836352666,0.21999999999999886,0.8499999999999943,0.5500000000000007,Schematic internal layout
XBOX-0229,SMD0_2,XBOX-0229 · Schematic motherboard passive body002,Mainboard,cream,1,0.6389269908169894,1.5999999999999943,0.8000000000000114,0.5,Schematic internal layout
XBOX-0230,SMDTerm0_2_-1,XBOX-0230 · Schematic passive end termination004,Mainboard,metal,1,0.10242508836352665,0.21999999999999886,0.8499999999999943,0.5500000000000007,Schematic internal layout
XBOX-0231,SMDTerm0_2_1,XBOX-0231 · Schematic passive end termination005,Mainboard,metal,1,0.10242508836352668,0.21999999999999886,0.8499999999999943,0.5500000000000007,Schematic internal layout
XBOX-0232,SMD0_3,XBOX-0232 · Schematic motherboard passive body003,Mainboard,cream,1,0.6389269908169894,1.5999999999999943,0.8000000000000114,0.5,Schematic internal layout
XBOX-0233,SMDTerm0_3_-1,XBOX-0233 · Schematic passive end termination006,Mainboard,metal,1,0.10242508836352665,0.21999999999999886,0.8499999999999943,0.5500000000000007,Schematic internal layout
XBOX-0234,SMDTerm0_3_1,XBOX-0234 · Schematic passive end termination007,Mainboard,metal,1,0.10242508836352666,0.21999999999999886,0.8499999999999943,0.5500000000000007,Schematic internal layout
XBOX-0235,SMD1_0,XBOX-0235 · Schematic motherboard passive body004,Mainboard,cream,1,0.6389269908169896,1.5999999999999943,0.8000000000000114,0.5,Schematic internal layout
XBOX-0236,SMDTerm1_0_-1,XBOX-0236 · Schematic passive end termination008,Mainboard,metal,1,0.10242508836352668,0.21999999999999886,0.8499999999999943,0.5500000000000007,Schematic internal layout
XBOX-0237,SMDTerm1_0_1,XBOX-0237 · Schematic passive end termination009,Mainboard,metal,1,0.10242508836352668,0.21999999999999886,0.8499999999999943,0.5500000000000007,Schematic internal layout
XBOX-0238,SMD1_1,XBOX-0238 · Schematic motherboard passive body005,Mainboard,cream,1,0.6389269908169896,1.5999999999999943,0.8000000000000114,0.5,Schematic internal layout
XBOX-0239,SMDTerm1_1_-1,XBOX-0239 · Schematic passive end termination010,Mainboard,metal,1,0.10242508836352669,0.21999999999999886,0.8499999999999943,0.5500000000000007,Schematic internal layout
XBOX-0240,SMDTerm1_1_1,XBOX-0240 · Schematic passive end termination011,Mainboard,metal,1,0.10242508836352668,0.21999999999999886,0.8499999999999943,0.5500000000000007,Schematic internal layout
XBOX-0241,SMD1_2,XBOX-0241 · Schematic motherboard passive body006,Mainboard,cream,1,0.6389269908169896,1.5999999999999943,0.8000000000000114,0.5,Schematic internal layout
XBOX-0242,SMDTerm1_2_-1,XBOX-0242 · Schematic passive end termination012,Mainboard,metal,1,0.10242508836352668,0.21999999999999886,0.8499999999999943,0.5500000000000007,Schematic internal layout
XBOX-0243,SMDTerm1_2_1,XBOX-0243 · Schematic passive end termination013,Mainboard,metal,1,0.10242508836352668,0.21999999999999886,0.8499999999999943,0.5500000000000007,Schematic internal layout
XBOX-0244,SMD1_3,XBOX-0244 · Schematic motherboard passive body007,Mainboard,cream,1,0.6389269908169896,1.5999999999999943,0.8000000000000114,0.5,Schematic internal layout
XBOX-0245,SMDTerm1_3_-1,XBOX-0245 · Schematic passive end termination014,Mainboard,metal,1,0.10242508836352669,0.21999999999999886,0.8499999999999943,0.5500000000000007,Schematic internal layout
XBOX-0246,SMDTerm1_3_1,XBOX-0246 · Schematic passive end termination015,Mainboard,metal,1,0.10242508836352668,0.21999999999999886,0.8499999999999943,0.5500000000000007,Schematic internal layout
XBOX-0247,SMD2_0,XBOX-0247 · Schematic motherboard passive body008,Mainboard,cream,1,0.6389269908169894,1.5999999999999943,0.8000000000000114,0.5,Schematic internal layout
XBOX-0248,SMDTerm2_0_-1,XBOX-0248 · Schematic passive end termination016,Mainboard,metal,1,0.10242508836352668,0.21999999999999886,0.8499999999999943,0.5500000000000007,Schematic internal layout
XBOX-0249,SMDTerm2_0_1,XBOX-0249 · Schematic passive end termination017,Mainboard,metal,1,0.10242508836352668,0.21999999999999886,0.8499999999999943,0.5500000000000007,Schematic internal layout
XBOX-0250,SMD2_1,XBOX-0250 · Schematic motherboard passive body009,Mainboard,cream,1,0.6389269908169894,1.5999999999999943,0.8000000000000114,0.5,Schematic internal layout
XBOX-0251,SMDTerm2_1_-1,XBOX-0251 · Schematic passive end termination018,Mainboard,metal,1,0.10242508836352669,0.21999999999999886,0.8499999999999943,0.5500000000000007,Schematic internal layout
XBOX-0252,SMDTerm2_1_1,XBOX-0252 · Schematic passive end termination019,Mainboard,metal,1,0.10242508836352669,0.21999999999999886,0.8499999999999943,0.5500000000000007,Schematic internal layout
XBOX-0253,SMD2_2,XBOX-0253 · Schematic motherboard passive body010,Mainboard,cream,1,0.6389269908169894,1.5999999999999943,0.8000000000000114,0.5,Schematic internal layout
XBOX-0254,SMDTerm2_2_-1,XBOX-0254 · Schematic passive end termination020,Mainboard,metal,1,0.10242508836352668,0.21999999999999886,0.8499999999999943,0.5500000000000007,Schematic internal layout
XBOX-0255,SMDTerm2_2_1,XBOX-0255 · Schematic passive end termination021,Mainboard,metal,1,0.10242508836352668,0.21999999999999886,0.8499999999999943,0.5500000000000007,Schematic internal layout
XBOX-0256,SMD2_3,XBOX-0256 · Schematic motherboard passive body011,Mainboard,cream,1,0.6389269908169894,1.5999999999999943,0.8000000000000114,0.5,Schematic internal layout
XBOX-0257,SMDTerm2_3_-1,XBOX-0257 · Schematic passive end termination022,Mainboard,metal,1,0.10242508836352669,0.21999999999999886,0.8499999999999943,0.5500000000000007,Schematic internal layout
XBOX-0258,SMDTerm2_3_1,XBOX-0258 · Schematic passive end termination023,Mainboard,metal,1,0.10242508836352669,0.21999999999999886,0.8499999999999943,0.5500000000000007,Schematic internal layout
XBOX-0259,SMD3_0,XBOX-0259 · Schematic motherboard passive body012,Mainboard,cream,1,0.6389269908169894,1.5999999999999943,0.8000000000000114,0.5,Schematic internal layout
XBOX-0260,SMDTerm3_0_-1,XBOX-0260 · Schematic passive end termination024,Mainboard,metal,1,0.10242508836352668,0.21999999999999886,0.8499999999999943,0.5500000000000007,Schematic internal layout
XBOX-0261,SMDTerm3_0_1,XBOX-0261 · Schematic passive end termination025,Mainboard,metal,1,0.10242508836352666,0.21999999999999886,0.8499999999999943,0.5500000000000007,Schematic internal layout
XBOX-0262,SMD3_1,XBOX-0262 · Schematic motherboard passive body013,Mainboard,cream,1,0.6389269908169894,1.5999999999999943,0.8000000000000114,0.5,Schematic internal layout
XBOX-0263,SMDTerm3_1_-1,XBOX-0263 · Schematic passive end termination026,Mainboard,metal,1,0.10242508836352668,0.21999999999999886,0.8499999999999943,0.5500000000000007,Schematic internal layout
XBOX-0264,SMDTerm3_1_1,XBOX-0264 · Schematic passive end termination027,Mainboard,metal,1,0.10242508836352666,0.21999999999999886,0.8499999999999943,0.5500000000000007,Schematic internal layout
XBOX-0265,SMD3_2,XBOX-0265 · Schematic motherboard passive body014,Mainboard,cream,1,0.6389269908169894,1.5999999999999943,0.8000000000000114,0.5,Schematic internal layout
XBOX-0266,SMDTerm3_2_-1,XBOX-0266 · Schematic passive end termination028,Mainboard,metal,1,0.10242508836352668,0.21999999999999886,0.8499999999999943,0.5500000000000007,Schematic internal layout
XBOX-0267,SMDTerm3_2_1,XBOX-0267 · Schematic passive end termination029,Mainboard,metal,1,0.10242508836352666,0.21999999999999886,0.8499999999999943,0.5500000000000007,Schematic internal layout
XBOX-0268,SMD3_3,XBOX-0268 · Schematic motherboard passive body015,Mainboard,cream,1,0.6389269908169894,1.5999999999999943,0.8000000000000114,0.5,Schematic internal layout
XBOX-0269,SMDTerm3_3_-1,XBOX-0269 · Schematic passive end termination030,Mainboard,metal,1,0.10242508836352668,0.21999999999999886,0.8499999999999943,0.5500000000000007,Schematic internal layout
XBOX-0270,SMDTerm3_3_1,XBOX-0270 · Schematic passive end termination031,Mainboard,metal,1,0.10242508836352666,0.21999999999999886,0.8499999999999943,0.5500000000000007,Schematic internal layout
XBOX-0271,SMD4_0,XBOX-0271 · Schematic motherboard passive body016,Mainboard,cream,1,0.6389269908169894,1.5999999999999943,0.8000000000000114,0.5,Schematic internal layout
XBOX-0272,SMDTerm4_0_-1,XBOX-0272 · Schematic passive end termination032,Mainboard,metal,1,0.10242508836352666,0.21999999999999886,0.8499999999999943,0.5500000000000007,Schematic internal layout
XBOX-0273,SMDTerm4_0_1,XBOX-0273 · Schematic passive end termination033,Mainboard,metal,1,0.10242508836352668,0.21999999999999886,0.8499999999999943,0.5500000000000007,Schematic internal layout
XBOX-0274,SMD4_1,XBOX-0274 · Schematic motherboard passive body017,Mainboard,cream,1,0.6389269908169894,1.5999999999999943,0.8000000000000114,0.5,Schematic internal layout
XBOX-0275,SMDTerm4_1_-1,XBOX-0275 · Schematic passive end termination034,Mainboard,metal,1,0.10242508836352666,0.21999999999999886,0.8499999999999943,0.5500000000000007,Schematic internal layout
XBOX-0276,SMDTerm4_1_1,XBOX-0276 · Schematic passive end termination035,Mainboard,metal,1,0.10242508836352666,0.21999999999999886,0.8499999999999943,0.5500000000000007,Schematic internal layout
XBOX-0277,SMD4_2,XBOX-0277 · Schematic motherboard passive body018,Mainboard,cream,1,0.6389269908169894,1.5999999999999943,0.8000000000000114,0.5,Schematic internal layout
XBOX-0278,SMDTerm4_2_-1,XBOX-0278 · Schematic passive end termination036,Mainboard,metal,1,0.10242508836352666,0.21999999999999886,0.8499999999999943,0.5500000000000007,Schematic internal layout
XBOX-0279,SMDTerm4_2_1,XBOX-0279 · Schematic passive end termination037,Mainboard,metal,1,0.10242508836352668,0.21999999999999886,0.8499999999999943,0.5500000000000007,Schematic internal layout
XBOX-0280,SMD4_3,XBOX-0280 · Schematic motherboard passive body019,Mainboard,cream,1,0.6389269908169894,1.5999999999999943,0.8000000000000114,0.5,Schematic internal layout
XBOX-0281,SMDTerm4_3_-1,XBOX-0281 · Schematic passive end termination038,Mainboard,metal,1,0.10242508836352666,0.21999999999999886,0.8499999999999943,0.5500000000000007,Schematic internal layout
XBOX-0282,SMDTerm4_3_1,XBOX-0282 · Schematic passive end termination039,Mainboard,metal,1,0.10242508836352666,0.21999999999999886,0.8499999999999943,0.5500000000000007,Schematic internal layout
XBOX-0283,SMD5_0,XBOX-0283 · Schematic motherboard passive body020,Mainboard,cream,1,0.6389269908169894,1.5999999999999943,0.8000000000000114,0.5,Schematic internal layout
XBOX-0284,SMDTerm5_0_-1,XBOX-0284 · Schematic passive end termination040,Mainboard,metal,1,0.10242508836352669,0.21999999999999886,0.8499999999999943,0.5500000000000007,Schematic internal layout
XBOX-0285,SMDTerm5_0_1,XBOX-0285 · Schematic passive end termination041,Mainboard,metal,1,0.10242508836352666,0.21999999999999886,0.8499999999999943,0.5500000000000007,Schematic internal layout
XBOX-0286,SMD5_1,XBOX-0286 · Schematic motherboard passive body021,Mainboard,cream,1,0.6389269908169894,1.5999999999999943,0.8000000000000114,0.5,Schematic internal layout
XBOX-0287,SMDTerm5_1_-1,XBOX-0287 · Schematic passive end termination042,Mainboard,metal,1,0.10242508836352669,0.21999999999999886,0.8499999999999943,0.5500000000000007,Schematic internal layout
XBOX-0288,SMDTerm5_1_1,XBOX-0288 · Schematic passive end termination043,Mainboard,metal,1,0.10242508836352666,0.21999999999999886,0.8499999999999943,0.5500000000000007,Schematic internal layout
XBOX-0289,SMD5_2,XBOX-0289 · Schematic motherboard passive body022,Mainboard,cream,1,0.6389269908169894,1.5999999999999943,0.8000000000000114,0.5,Schematic internal layout
XBOX-0290,SMDTerm5_2_-1,XBOX-0290 · Schematic passive end termination044,Mainboard,metal,1,0.10242508836352669,0.21999999999999886,0.8499999999999943,0.5500000000000007,Schematic internal layout
XBOX-0291,SMDTerm5_2_1,XBOX-0291 · Schematic passive end termination045,Mainboard,metal,1,0.10242508836352666,0.21999999999999886,0.8499999999999943,0.5500000000000007,Schematic internal layout
XBOX-0292,SMD5_3,XBOX-0292 · Schematic motherboard passive body023,Mainboard,cream,1,0.6389269908169894,1.5999999999999943,0.8000000000000114,0.5,Schematic internal layout
XBOX-0293,SMDTerm5_3_-1,XBOX-0293 · Schematic passive end termination046,Mainboard,metal,1,0.10242508836352669,0.21999999999999886,0.8499999999999943,0.5500000000000007,Schematic internal layout
XBOX-0294,SMDTerm5_3_1,XBOX-0294 · Schematic passive end termination047,Mainboard,metal,1,0.10242508836352666,0.21999999999999886,0.8499999999999943,0.5500000000000007,Schematic internal layout
XBOX-0295,SMD6_0,XBOX-0295 · Schematic motherboard passive body024,Mainboard,cream,1,0.6389269908169903,1.6000000000000014,0.8000000000000114,0.5,Schematic internal layout
XBOX-0296,SMDTerm6_0_-1,XBOX-0296 · Schematic passive end termination048,Mainboard,metal,1,0.10242508836352666,0.21999999999999886,0.8499999999999943,0.5500000000000007,Schematic internal layout
XBOX-0297,SMDTerm6_0_1,XBOX-0297 · Schematic passive end termination049,Mainboard,metal,1,0.10242508836352668,0.21999999999999886,0.8499999999999943,0.5500000000000007,Schematic internal layout
XBOX-0298,SMD6_1,XBOX-0298 · Schematic motherboard passive body025,Mainboard,cream,1,0.6389269908169903,1.6000000000000014,0.8000000000000114,0.5,Schematic internal layout
XBOX-0299,SMDTerm6_1_-1,XBOX-0299 · Schematic passive end termination050,Mainboard,metal,1,0.10242508836352668,0.21999999999999886,0.8499999999999943,0.5500000000000007,Schematic internal layout
XBOX-0300,SMDTerm6_1_1,XBOX-0300 · Schematic passive end termination051,Mainboard,metal,1,0.10242508836352668,0.21999999999999886,0.8499999999999943,0.5500000000000007,Schematic internal layout
XBOX-0301,SMD6_2,XBOX-0301 · Schematic motherboard passive body026,Mainboard,cream,1,0.6389269908169903,1.6000000000000014,0.8000000000000114,0.5,Schematic internal layout
XBOX-0302,SMDTerm6_2_-1,XBOX-0302 · Schematic passive end termination052,Mainboard,metal,1,0.10242508836352666,0.21999999999999886,0.8499999999999943,0.5500000000000007,Schematic internal layout
XBOX-0303,SMDTerm6_2_1,XBOX-0303 · Schematic passive end termination053,Mainboard,metal,1,0.10242508836352668,0.21999999999999886,0.8499999999999943,0.5500000000000007,Schematic internal layout
XBOX-0304,SMD6_3,XBOX-0304 · Schematic motherboard passive body027,Mainboard,cream,1,0.6389269908169903,1.6000000000000014,0.8000000000000114,0.5,Schematic internal layout
XBOX-0305,SMDTerm6_3_-1,XBOX-0305 · Schematic passive end termination054,Mainboard,metal,1,0.10242508836352668,0.21999999999999886,0.8499999999999943,0.5500000000000007,Schematic internal layout
XBOX-0306,SMDTerm6_3_1,XBOX-0306 · Schematic passive end termination055,Mainboard,metal,1,0.10242508836352668,0.21999999999999886,0.8499999999999943,0.5500000000000007,Schematic internal layout
XBOX-0307,SMD7_0,XBOX-0307 · Schematic motherboard passive body028,Mainboard,cream,1,0.6389269908169902,1.5999999999999996,0.8000000000000114,0.5,Schematic internal layout
XBOX-0308,SMDTerm7_0_-1,XBOX-0308 · Schematic passive end termination056,Mainboard,metal,1,0.10242508836352693,0.22000000000000064,0.8499999999999943,0.5500000000000007,Schematic internal layout
XBOX-0309,SMDTerm7_0_1,XBOX-0309 · Schematic passive end termination057,Mainboard,metal,1,0.10242508836352693,0.22000000000000064,0.8499999999999943,0.5500000000000007,Schematic internal layout
XBOX-0310,SMD7_1,XBOX-0310 · Schematic motherboard passive body029,Mainboard,cream,1,0.6389269908169902,1.5999999999999999,0.8000000000000114,0.5,Schematic internal layout
XBOX-0311,SMDTerm7_1_-1,XBOX-0311 · Schematic passive end termination058,Mainboard,metal,1,0.10242508836352679,0.21999999999999975,0.8499999999999943,0.5500000000000007,Schematic internal layout
XBOX-0312,SMDTerm7_1_1,XBOX-0312 · Schematic passive end termination059,Mainboard,metal,1,0.10242508836352687,0.2200000000000002,0.8499999999999943,0.5500000000000007,Schematic internal layout
XBOX-0313,SMD7_2,XBOX-0313 · Schematic motherboard passive body030,Mainboard,cream,1,0.6389269908169902,1.5999999999999996,0.8000000000000114,0.5,Schematic internal layout
XBOX-0314,SMDTerm7_2_-1,XBOX-0314 · Schematic passive end termination060,Mainboard,metal,1,0.10242508836352693,0.22000000000000064,0.8499999999999943,0.5500000000000007,Schematic internal layout
XBOX-0315,SMDTerm7_2_1,XBOX-0315 · Schematic passive end termination061,Mainboard,metal,1,0.10242508836352693,0.22000000000000064,0.8499999999999943,0.5500000000000007,Schematic internal layout
XBOX-0316,SMD7_3,XBOX-0316 · Schematic motherboard passive body031,Mainboard,cream,1,0.6389269908169902,1.5999999999999999,0.8000000000000114,0.5,Schematic internal layout
XBOX-0317,SMDTerm7_3_-1,XBOX-0317 · Schematic passive end termination062,Mainboard,metal,1,0.10242508836352679,0.21999999999999975,0.8499999999999943,0.5500000000000007,Schematic internal layout
XBOX-0318,SMDTerm7_3_1,XBOX-0318 · Schematic passive end termination063,Mainboard,metal,1,0.10242508836352687,0.2200000000000002,0.8499999999999943,0.5500000000000007,Schematic internal layout
XBOX-0319,SMD8_0,XBOX-0319 · Schematic motherboard passive body032,Mainboard,cream,1,0.6389269908169903,1.6000000000000014,0.8000000000000114,0.5,Schematic internal layout
XBOX-0320,SMDTerm8_0_-1,XBOX-0320 · Schematic passive end termination064,Mainboard,metal,1,0.10242508836352668,0.21999999999999886,0.8499999999999943,0.5500000000000007,Schematic internal layout
XBOX-0321,SMDTerm8_0_1,XBOX-0321 · Schematic passive end termination065,Mainboard,metal,1,0.10242508836352666,0.21999999999999886,0.8499999999999943,0.5500000000000007,Schematic internal layout
XBOX-0322,SMD8_1,XBOX-0322 · Schematic motherboard passive body033,Mainboard,cream,1,0.6389269908169904,1.6000000000000014,0.8000000000000114,0.5,Schematic internal layout
XBOX-0323,SMDTerm8_1_-1,XBOX-0323 · Schematic passive end termination066,Mainboard,metal,1,0.10242508836352668,0.21999999999999886,0.8499999999999943,0.5500000000000007,Schematic internal layout
XBOX-0324,SMDTerm8_1_1,XBOX-0324 · Schematic passive end termination067,Mainboard,metal,1,0.10242508836352668,0.21999999999999886,0.8499999999999943,0.5500000000000007,Schematic internal layout
XBOX-0325,SMD8_2,XBOX-0325 · Schematic motherboard passive body034,Mainboard,cream,1,0.6389269908169903,1.6000000000000014,0.8000000000000114,0.5,Schematic internal layout
XBOX-0326,SMDTerm8_2_-1,XBOX-0326 · Schematic passive end termination068,Mainboard,metal,1,0.10242508836352668,0.21999999999999886,0.8499999999999943,0.5500000000000007,Schematic internal layout
XBOX-0327,SMDTerm8_2_1,XBOX-0327 · Schematic passive end termination069,Mainboard,metal,1,0.10242508836352666,0.21999999999999886,0.8499999999999943,0.5500000000000007,Schematic internal layout
XBOX-0328,SMD8_3,XBOX-0328 · Schematic motherboard passive body035,Mainboard,cream,1,0.6389269908169904,1.6000000000000014,0.8000000000000114,0.5,Schematic internal layout
XBOX-0329,SMDTerm8_3_-1,XBOX-0329 · Schematic passive end termination070,Mainboard,metal,1,0.10242508836352668,0.21999999999999886,0.8499999999999943,0.5500000000000007,Schematic internal layout
XBOX-0330,SMDTerm8_3_1,XBOX-0330 · Schematic passive end termination071,Mainboard,metal,1,0.10242508836352668,0.21999999999999886,0.8499999999999943,0.5500000000000007,Schematic internal layout
XBOX-0331,SMD9_0,XBOX-0331 · Schematic motherboard passive body036,Mainboard,cream,1,0.6389269908169903,1.6000000000000014,0.8000000000000114,0.5,Schematic internal layout
XBOX-0332,SMDTerm9_0_-1,XBOX-0332 · Schematic passive end termination072,Mainboard,metal,1,0.10242508836352665,0.21999999999999886,0.8499999999999943,0.5500000000000007,Schematic internal layout
XBOX-0333,SMDTerm9_0_1,XBOX-0333 · Schematic passive end termination073,Mainboard,metal,1,0.10242508836352666,0.21999999999999886,0.8499999999999943,0.5500000000000007,Schematic internal layout
XBOX-0334,SMD9_1,XBOX-0334 · Schematic motherboard passive body037,Mainboard,cream,1,0.63892699081699,1.5999999999999979,0.8000000000000114,0.5,Schematic internal layout
XBOX-0335,SMDTerm9_1_-1,XBOX-0335 · Schematic passive end termination074,Mainboard,metal,1,0.10242508836352666,0.21999999999999886,0.8499999999999943,0.5500000000000007,Schematic internal layout
XBOX-0336,SMDTerm9_1_1,XBOX-0336 · Schematic passive end termination075,Mainboard,metal,1,0.10242508836352665,0.21999999999999886,0.8499999999999943,0.5500000000000007,Schematic internal layout
XBOX-0337,SMD9_2,XBOX-0337 · Schematic motherboard passive body038,Mainboard,cream,1,0.6389269908169903,1.6000000000000014,0.8000000000000114,0.5,Schematic internal layout
XBOX-0338,SMDTerm9_2_-1,XBOX-0338 · Schematic passive end termination076,Mainboard,metal,1,0.10242508836352665,0.21999999999999886,0.8499999999999943,0.5500000000000007,Schematic internal layout
XBOX-0339,SMDTerm9_2_1,XBOX-0339 · Schematic passive end termination077,Mainboard,metal,1,0.10242508836352666,0.21999999999999886,0.8499999999999943,0.5500000000000007,Schematic internal layout
XBOX-0340,SMD9_3,XBOX-0340 · Schematic motherboard passive body039,Mainboard,cream,1,0.63892699081699,1.5999999999999979,0.8000000000000114,0.5,Schematic internal layout
XBOX-0341,SMDTerm9_3_-1,XBOX-0341 · Schematic passive end termination078,Mainboard,metal,1,0.10242508836352666,0.21999999999999886,0.8499999999999943,0.5500000000000007,Schematic internal layout
XBOX-0342,SMDTerm9_3_1,XBOX-0342 · Schematic passive end termination079,Mainboard,metal,1,0.10242508836352665,0.21999999999999886,0.8499999999999943,0.5500000000000007,Schematic internal layout
XBOX-0343,SMD10_0,XBOX-0343 · Schematic motherboard passive body040,Mainboard,cream,1,0.6389269908169894,1.5999999999999943,0.8000000000000114,0.5,Schematic internal layout
XBOX-0344,SMDTerm10_0_-1,XBOX-0344 · Schematic passive end termination080,Mainboard,metal,1,0.10242508836352669,0.21999999999999886,0.8499999999999943,0.5500000000000007,Schematic internal layout
XBOX-0345,SMDTerm10_0_1,XBOX-0345 · Schematic passive end termination081,Mainboard,metal,1,0.10242508836352668,0.21999999999999886,0.8499999999999943,0.5500000000000007,Schematic internal layout
XBOX-0346,SMD10_1,XBOX-0346 · Schematic motherboard passive body041,Mainboard,cream,1,0.6389269908169894,1.5999999999999943,0.8000000000000114,0.5,Schematic internal layout
XBOX-0347,SMDTerm10_1_-1,XBOX-0347 · Schematic passive end termination082,Mainboard,metal,1,0.10242508836352669,0.21999999999999886,0.8499999999999943,0.5500000000000007,Schematic internal layout
XBOX-0348,SMDTerm10_1_1,XBOX-0348 · Schematic passive end termination083,Mainboard,metal,1,0.10242508836352666,0.21999999999999886,0.8499999999999943,0.5500000000000007,Schematic internal layout
XBOX-0349,SMD10_2,XBOX-0349 · Schematic motherboard passive body042,Mainboard,cream,1,0.6389269908169894,1.5999999999999943,0.8000000000000114,0.5,Schematic internal layout
XBOX-0350,SMDTerm10_2_-1,XBOX-0350 · Schematic passive end termination084,Mainboard,metal,1,0.10242508836352669,0.21999999999999886,0.8499999999999943,0.5500000000000007,Schematic internal layout
XBOX-0351,SMDTerm10_2_1,XBOX-0351 · Schematic passive end termination085,Mainboard,metal,1,0.10242508836352668,0.21999999999999886,0.8499999999999943,0.5500000000000007,Schematic internal layout
XBOX-0352,SMD10_3,XBOX-0352 · Schematic motherboard passive body043,Mainboard,cream,1,0.6389269908169894,1.5999999999999943,0.8000000000000114,0.5,Schematic internal layout
XBOX-0353,SMDTerm10_3_-1,XBOX-0353 · Schematic passive end termination086,Mainboard,metal,1,0.10242508836352669,0.21999999999999886,0.8499999999999943,0.5500000000000007,Schematic internal layout
XBOX-0354,SMDTerm10_3_1,XBOX-0354 · Schematic passive end termination087,Mainboard,metal,1,0.10242508836352666,0.21999999999999886,0.8499999999999943,0.5500000000000007,Schematic internal layout
XBOX-0355,SMD11_0,XBOX-0355 · Schematic motherboard passive body044,Mainboard,cream,1,0.6389269908169894,1.5999999999999943,0.8000000000000114,0.5,Schematic internal layout
XBOX-0356,SMDTerm11_0_-1,XBOX-0356 · Schematic passive end termination088,Mainboard,metal,1,0.10242508836352665,0.21999999999999886,0.8499999999999943,0.5500000000000007,Schematic internal layout
XBOX-0357,SMDTerm11_0_1,XBOX-0357 · Schematic passive end termination089,Mainboard,metal,1,0.10242508836352669,0.21999999999999886,0.8499999999999943,0.5500000000000007,Schematic internal layout
XBOX-0358,SMD11_1,XBOX-0358 · Schematic motherboard passive body045,Mainboard,cream,1,0.6389269908169896,1.5999999999999943,0.8000000000000114,0.5,Schematic internal layout
XBOX-0359,SMDTerm11_1_-1,XBOX-0359 · Schematic passive end termination090,Mainboard,metal,1,0.10242508836352668,0.21999999999999886,0.8499999999999943,0.5500000000000007,Schematic internal layout
XBOX-0360,SMDTerm11_1_1,XBOX-0360 · Schematic passive end termination091,Mainboard,metal,1,0.10242508836352668,0.21999999999999886,0.8499999999999943,0.5500000000000007,Schematic internal layout
XBOX-0361,SMD11_2,XBOX-0361 · Schematic motherboard passive body046,Mainboard,cream,1,0.6389269908169894,1.5999999999999943,0.8000000000000114,0.5,Schematic internal layout
XBOX-0362,SMDTerm11_2_-1,XBOX-0362 · Schematic passive end termination092,Mainboard,metal,1,0.10242508836352665,0.21999999999999886,0.8499999999999943,0.5500000000000007,Schematic internal layout
XBOX-0363,SMDTerm11_2_1,XBOX-0363 · Schematic passive end termination093,Mainboard,metal,1,0.10242508836352669,0.21999999999999886,0.8499999999999943,0.5500000000000007,Schematic internal layout
XBOX-0364,SMD11_3,XBOX-0364 · Schematic motherboard passive body047,Mainboard,cream,1,0.6389269908169896,1.5999999999999943,0.8000000000000114,0.5,Schematic internal layout
XBOX-0365,SMDTerm11_3_-1,XBOX-0365 · Schematic passive end termination094,Mainboard,metal,1,0.10242508836352668,0.21999999999999886,0.8499999999999943,0.5500000000000007,Schematic internal layout
XBOX-0366,SMDTerm11_3_1,XBOX-0366 · Schematic passive end termination095,Mainboard,metal,1,0.10242508836352668,0.21999999999999886,0.8499999999999943,0.5500000000000007,Schematic internal layout
XBOX-0367,SMD12_0,XBOX-0367 · Schematic motherboard passive body048,Mainboard,cream,1,0.6389269908169877,1.5999999999999943,0.8000000000000043,0.5,Schematic internal layout
XBOX-0368,SMDTerm12_0_-1,XBOX-0368 · Schematic passive end termination096,Mainboard,metal,1,0.10242508836352668,0.21999999999999886,0.8500000000000014,0.5500000000000007,Schematic internal layout
XBOX-0369,SMDTerm12_0_1,XBOX-0369 · Schematic passive end termination097,Mainboard,metal,1,0.10242508836352668,0.21999999999999886,0.8500000000000014,0.5500000000000007,Schematic internal layout
XBOX-0370,SMD12_1,XBOX-0370 · Schematic motherboard passive body049,Mainboard,cream,1,0.6389269908169877,1.5999999999999943,0.8000000000000043,0.5,Schematic internal layout
XBOX-0371,SMDTerm12_1_-1,XBOX-0371 · Schematic passive end termination098,Mainboard,metal,1,0.10242508836352668,0.21999999999999886,0.8500000000000014,0.5500000000000007,Schematic internal layout
XBOX-0372,SMDTerm12_1_1,XBOX-0372 · Schematic passive end termination099,Mainboard,metal,1,0.10242508836352666,0.21999999999999886,0.8500000000000014,0.5500000000000007,Schematic internal layout
XBOX-0373,SMD12_2,XBOX-0373 · Schematic motherboard passive body050,Mainboard,cream,1,0.6389269908169858,1.5999999999999943,0.7999999999999972,0.5,Schematic internal layout
XBOX-0374,SMDTerm12_2_-1,XBOX-0374 · Schematic passive end termination100,Mainboard,metal,1,0.10242508836352668,0.21999999999999886,0.8500000000000085,0.5500000000000007,Schematic internal layout
XBOX-0375,SMDTerm12_2_1,XBOX-0375 · Schematic passive end termination101,Mainboard,metal,1,0.10242508836352668,0.21999999999999886,0.8500000000000085,0.5500000000000007,Schematic internal layout
XBOX-0376,SMD12_3,XBOX-0376 · Schematic motherboard passive body051,Mainboard,cream,1,0.6389269908169858,1.5999999999999943,0.7999999999999972,0.5,Schematic internal layout
XBOX-0377,SMDTerm12_3_-1,XBOX-0377 · Schematic passive end termination102,Mainboard,metal,1,0.10242508836352668,0.21999999999999886,0.8500000000000085,0.5500000000000007,Schematic internal layout
XBOX-0378,SMDTerm12_3_1,XBOX-0378 · Schematic passive end termination103,Mainboard,metal,1,0.10242508836352666,0.21999999999999886,0.8500000000000085,0.5500000000000007,Schematic internal layout
XBOX-0379,SMD14_0,XBOX-0379 · Schematic motherboard passive body052,Mainboard,cream,1,0.6389269908169877,1.5999999999999943,0.8000000000000043,0.5,Schematic internal layout
XBOX-0380,SMDTerm14_0_-1,XBOX-0380 · Schematic passive end termination104,Mainboard,metal,1,0.10242508836352668,0.21999999999999886,0.8500000000000014,0.5500000000000007,Schematic internal layout
XBOX-0381,SMDTerm14_0_1,XBOX-0381 · Schematic passive end termination105,Mainboard,metal,1,0.10242508836352666,0.21999999999999886,0.8500000000000014,0.5500000000000007,Schematic internal layout
XBOX-0382,SMD14_1,XBOX-0382 · Schematic motherboard passive body053,Mainboard,cream,1,0.6389269908169877,1.5999999999999943,0.8000000000000043,0.5,Schematic internal layout
XBOX-0383,SMDTerm14_1_-1,XBOX-0383 · Schematic passive end termination106,Mainboard,metal,1,0.1024250883635267,0.21999999999999886,0.8500000000000014,0.5500000000000007,Schematic internal layout
XBOX-0384,SMDTerm14_1_1,XBOX-0384 · Schematic passive end termination107,Mainboard,metal,1,0.10242508836352668,0.21999999999999886,0.8500000000000014,0.5500000000000007,Schematic internal layout
XBOX-0385,SMD14_2,XBOX-0385 · Schematic motherboard passive body054,Mainboard,cream,1,0.6389269908169858,1.5999999999999943,0.7999999999999972,0.5,Schematic internal layout
XBOX-0386,SMDTerm14_2_-1,XBOX-0386 · Schematic passive end termination108,Mainboard,metal,1,0.10242508836352668,0.21999999999999886,0.8500000000000085,0.5500000000000007,Schematic internal layout
XBOX-0387,SMDTerm14_2_1,XBOX-0387 · Schematic passive end termination109,Mainboard,metal,1,0.10242508836352668,0.21999999999999886,0.8500000000000085,0.5500000000000007,Schematic internal layout
XBOX-0388,SMD14_3,XBOX-0388 · Schematic motherboard passive body055,Mainboard,cream,1,0.6389269908169859,1.5999999999999943,0.7999999999999972,0.5,Schematic internal layout
XBOX-0389,SMDTerm14_3_-1,XBOX-0389 · Schematic passive end termination110,Mainboard,metal,1,0.1024250883635267,0.21999999999999886,0.8500000000000085,0.5500000000000007,Schematic internal layout
XBOX-0390,SMDTerm14_3_1,XBOX-0390 · Schematic passive end termination111,Mainboard,metal,1,0.10242508836352668,0.21999999999999886,0.8500000000000085,0.5500000000000007,Schematic internal layout
XBOX-0391,SMD15_0,XBOX-0391 · Schematic motherboard passive body056,Mainboard,cream,1,0.6389269908169877,1.5999999999999943,0.8000000000000043,0.5,Schematic internal layout
XBOX-0392,SMDTerm15_0_-1,XBOX-0392 · Schematic passive end termination112,Mainboard,metal,1,0.10242508836352668,0.21999999999999886,0.8500000000000014,0.5500000000000007,Schematic internal layout
XBOX-0393,SMDTerm15_0_1,XBOX-0393 · Schematic passive end termination113,Mainboard,metal,1,0.10242508836352666,0.21999999999999886,0.8500000000000014,0.5500000000000007,Schematic internal layout
XBOX-0394,SMD15_1,XBOX-0394 · Schematic motherboard passive body057,Mainboard,cream,1,0.6389269908169877,1.5999999999999943,0.8000000000000043,0.5,Schematic internal layout
XBOX-0395,SMDTerm15_1_-1,XBOX-0395 · Schematic passive end termination114,Mainboard,metal,1,0.10242508836352668,0.21999999999999886,0.8500000000000014,0.5500000000000007,Schematic internal layout
XBOX-0396,SMDTerm15_1_1,XBOX-0396 · Schematic passive end termination115,Mainboard,metal,1,0.10242508836352666,0.21999999999999886,0.8500000000000014,0.5500000000000007,Schematic internal layout
XBOX-0397,SMD15_2,XBOX-0397 · Schematic motherboard passive body058,Mainboard,cream,1,0.6389269908169859,1.5999999999999943,0.7999999999999972,0.5,Schematic internal layout
XBOX-0398,SMDTerm15_2_-1,XBOX-0398 · Schematic passive end termination116,Mainboard,metal,1,0.10242508836352668,0.21999999999999886,0.8500000000000085,0.5500000000000007,Schematic internal layout
XBOX-0399,SMDTerm15_2_1,XBOX-0399 · Schematic passive end termination117,Mainboard,metal,1,0.10242508836352666,0.21999999999999886,0.8500000000000085,0.5500000000000007,Schematic internal layout
XBOX-0400,SMD15_3,XBOX-0400 · Schematic motherboard passive body059,Mainboard,cream,1,0.6389269908169859,1.5999999999999943,0.7999999999999972,0.5,Schematic internal layout
XBOX-0401,SMDTerm15_3_-1,XBOX-0401 · Schematic passive end termination118,Mainboard,metal,1,0.10242508836352668,0.21999999999999886,0.8500000000000085,0.5500000000000007,Schematic internal layout
XBOX-0402,SMDTerm15_3_1,XBOX-0402 · Schematic passive end termination119,Mainboard,metal,1,0.10242508836352666,0.21999999999999886,0.8500000000000085,0.5500000000000007,Schematic internal layout
XBOX-0403,SMD16_0,XBOX-0403 · Schematic motherboard passive body060,Mainboard,cream,1,0.6389269908169877,1.5999999999999943,0.8000000000000043,0.5,Schematic internal layout
XBOX-0404,SMDTerm16_0_-1,XBOX-0404 · Schematic passive end termination120,Mainboard,metal,1,0.10242508836352668,0.21999999999999886,0.8500000000000014,0.5500000000000007,Schematic internal layout
XBOX-0405,SMDTerm16_0_1,XBOX-0405 · Schematic passive end termination121,Mainboard,metal,1,0.10242508836352668,0.21999999999999886,0.8500000000000014,0.5500000000000007,Schematic internal layout
XBOX-0406,SMD16_1,XBOX-0406 · Schematic motherboard passive body061,Mainboard,cream,1,0.6389269908169877,1.5999999999999943,0.8000000000000043,0.5,Schematic internal layout
XBOX-0407,SMDTerm16_1_-1,XBOX-0407 · Schematic passive end termination122,Mainboard,metal,1,0.10242508836352666,0.21999999999999886,0.8500000000000014,0.5500000000000007,Schematic internal layout
XBOX-0408,SMDTerm16_1_1,XBOX-0408 · Schematic passive end termination123,Mainboard,metal,1,0.10242508836352668,0.21999999999999886,0.8500000000000014,0.5500000000000007,Schematic internal layout
XBOX-0409,SMD16_2,XBOX-0409 · Schematic motherboard passive body062,Mainboard,cream,1,0.6389269908169859,1.5999999999999943,0.7999999999999972,0.5,Schematic internal layout
XBOX-0410,SMDTerm16_2_-1,XBOX-0410 · Schematic passive end termination124,Mainboard,metal,1,0.10242508836352668,0.21999999999999886,0.8500000000000085,0.5500000000000007,Schematic internal layout
XBOX-0411,SMDTerm16_2_1,XBOX-0411 · Schematic passive end termination125,Mainboard,metal,1,0.10242508836352668,0.21999999999999886,0.8500000000000085,0.5500000000000007,Schematic internal layout
XBOX-0412,SMD16_3,XBOX-0412 · Schematic motherboard passive body063,Mainboard,cream,1,0.6389269908169858,1.5999999999999943,0.7999999999999972,0.5,Schematic internal layout
XBOX-0413,SMDTerm16_3_-1,XBOX-0413 · Schematic passive end termination126,Mainboard,metal,1,0.10242508836352666,0.21999999999999886,0.8500000000000085,0.5500000000000007,Schematic internal layout
XBOX-0414,SMDTerm16_3_1,XBOX-0414 · Schematic passive end termination127,Mainboard,metal,1,0.10242508836352668,0.21999999999999886,0.8500000000000085,0.5500000000000007,Schematic internal layout
XBOX-0415,SMD17_0,XBOX-0415 · Schematic motherboard passive body064,Mainboard,cream,1,0.6389269908169877,1.5999999999999943,0.8000000000000043,0.5,Schematic internal layout
XBOX-0416,SMDTerm17_0_-1,XBOX-0416 · Schematic passive end termination128,Mainboard,metal,1,0.10242508836352669,0.21999999999999886,0.8500000000000014,0.5500000000000007,Schematic internal layout
XBOX-0417,SMDTerm17_0_1,XBOX-0417 · Schematic passive end termination129,Mainboard,metal,1,0.10242508836352668,0.21999999999999886,0.8500000000000014,0.5500000000000007,Schematic internal layout
XBOX-0418,SMD17_1,XBOX-0418 · Schematic motherboard passive body065,Mainboard,cream,1,0.6389269908169877,1.5999999999999943,0.8000000000000043,0.5,Schematic internal layout
XBOX-0419,SMDTerm17_1_-1,XBOX-0419 · Schematic passive end termination130,Mainboard,metal,1,0.10242508836352668,0.21999999999999886,0.8500000000000014,0.5500000000000007,Schematic internal layout
XBOX-0420,SMDTerm17_1_1,XBOX-0420 · Schematic passive end termination131,Mainboard,metal,1,0.10242508836352668,0.21999999999999886,0.8500000000000014,0.5500000000000007,Schematic internal layout
XBOX-0421,SMD17_2,XBOX-0421 · Schematic motherboard passive body066,Mainboard,cream,1,0.6389269908169858,1.5999999999999943,0.7999999999999972,0.5,Schematic internal layout
XBOX-0422,SMDTerm17_2_-1,XBOX-0422 · Schematic passive end termination132,Mainboard,metal,1,0.10242508836352669,0.21999999999999886,0.8500000000000085,0.5500000000000007,Schematic internal layout
XBOX-0423,SMDTerm17_2_1,XBOX-0423 · Schematic passive end termination133,Mainboard,metal,1,0.10242508836352668,0.21999999999999886,0.8500000000000085,0.5500000000000007,Schematic internal layout
XBOX-0424,SMD17_3,XBOX-0424 · Schematic motherboard passive body067,Mainboard,cream,1,0.6389269908169858,1.5999999999999943,0.7999999999999972,0.5,Schematic internal layout
XBOX-0425,SMDTerm17_3_-1,XBOX-0425 · Schematic passive end termination134,Mainboard,metal,1,0.10242508836352668,0.21999999999999886,0.8500000000000085,0.5500000000000007,Schematic internal layout
XBOX-0426,SMDTerm17_3_1,XBOX-0426 · Schematic passive end termination135,Mainboard,metal,1,0.10242508836352668,0.21999999999999886,0.8500000000000085,0.5500000000000007,Schematic internal layout
XBOX-0427,SMD18_0,XBOX-0427 · Schematic motherboard passive body068,Mainboard,cream,1,0.6389269908169886,1.6000000000000014,0.8000000000000043,0.5,Schematic internal layout
XBOX-0428,SMDTerm18_0_-1,XBOX-0428 · Schematic passive end termination136,Mainboard,metal,1,0.10242508836352666,0.21999999999999886,0.8500000000000014,0.5500000000000007,Schematic internal layout
XBOX-0429,SMDTerm18_0_1,XBOX-0429 · Schematic passive end termination137,Mainboard,metal,1,0.10242508836352668,0.21999999999999886,0.8500000000000014,0.5500000000000007,Schematic internal layout
XBOX-0430,SMD18_1,XBOX-0430 · Schematic motherboard passive body069,Mainboard,cream,1,0.6389269908169886,1.6000000000000014,0.8000000000000043,0.5,Schematic internal layout
XBOX-0431,SMDTerm18_1_-1,XBOX-0431 · Schematic passive end termination138,Mainboard,metal,1,0.10242508836352668,0.21999999999999886,0.8500000000000014,0.5500000000000007,Schematic internal layout
XBOX-0432,SMDTerm18_1_1,XBOX-0432 · Schematic passive end termination139,Mainboard,metal,1,0.10242508836352668,0.21999999999999886,0.8500000000000014,0.5500000000000007,Schematic internal layout
XBOX-0433,SMD18_2,XBOX-0433 · Schematic motherboard passive body070,Mainboard,cream,1,0.6389269908169868,1.6000000000000014,0.7999999999999972,0.5,Schematic internal layout
XBOX-0434,SMDTerm18_2_-1,XBOX-0434 · Schematic passive end termination140,Mainboard,metal,1,0.10242508836352666,0.21999999999999886,0.8500000000000085,0.5500000000000007,Schematic internal layout
XBOX-0435,SMDTerm18_2_1,XBOX-0435 · Schematic passive end termination141,Mainboard,metal,1,0.10242508836352668,0.21999999999999886,0.8500000000000085,0.5500000000000007,Schematic internal layout
XBOX-0436,SMD18_3,XBOX-0436 · Schematic motherboard passive body071,Mainboard,cream,1,0.6389269908169868,1.6000000000000014,0.7999999999999972,0.5,Schematic internal layout
XBOX-0437,SMDTerm18_3_-1,XBOX-0437 · Schematic passive end termination142,Mainboard,metal,1,0.10242508836352668,0.21999999999999886,0.8500000000000085,0.5500000000000007,Schematic internal layout
XBOX-0438,SMDTerm18_3_1,XBOX-0438 · Schematic passive end termination143,Mainboard,metal,1,0.10242508836352668,0.21999999999999886,0.8500000000000085,0.5500000000000007,Schematic internal layout
XBOX-0439,SMD19_0,XBOX-0439 · Schematic motherboard passive body072,Mainboard,cream,1,0.6389269908169882,1.5999999999999996,0.8000000000000043,0.5,Schematic internal layout
XBOX-0440,SMDTerm19_0_-1,XBOX-0440 · Schematic passive end termination144,Mainboard,metal,1,0.10242508836352693,0.22000000000000064,0.8500000000000014,0.5500000000000007,Schematic internal layout
XBOX-0441,SMDTerm19_0_1,XBOX-0441 · Schematic passive end termination145,Mainboard,metal,1,0.10242508836352694,0.22000000000000064,0.8500000000000014,0.5500000000000007,Schematic internal layout
XBOX-0442,SMD19_1,XBOX-0442 · Schematic motherboard passive body073,Mainboard,cream,1,0.6389269908169884,1.5999999999999999,0.8000000000000043,0.5,Schematic internal layout
XBOX-0443,SMDTerm19_1_-1,XBOX-0443 · Schematic passive end termination146,Mainboard,metal,1,0.1024250883635268,0.21999999999999975,0.8500000000000014,0.5500000000000007,Schematic internal layout
XBOX-0444,SMDTerm19_1_1,XBOX-0444 · Schematic passive end termination147,Mainboard,metal,1,0.10242508836352686,0.2200000000000002,0.8500000000000014,0.5500000000000007,Schematic internal layout
XBOX-0445,SMD19_3,XBOX-0445 · Schematic motherboard passive body074,Mainboard,cream,1,0.6389269908169865,1.5999999999999999,0.7999999999999972,0.5,Schematic internal layout
XBOX-0446,SMDTerm19_3_-1,XBOX-0446 · Schematic passive end termination148,Mainboard,metal,1,0.1024250883635268,0.21999999999999975,0.8500000000000085,0.5500000000000007,Schematic internal layout
XBOX-0447,SMDTerm19_3_1,XBOX-0447 · Schematic passive end termination149,Mainboard,metal,1,0.10242508836352686,0.2200000000000002,0.8500000000000085,0.5500000000000007,Schematic internal layout
XBOX-0448,SMD20_0,XBOX-0448 · Schematic motherboard passive body075,Mainboard,cream,1,0.6389269908169886,1.6000000000000014,0.8000000000000043,0.5,Schematic internal layout
XBOX-0449,SMDTerm20_0_-1,XBOX-0449 · Schematic passive end termination150,Mainboard,metal,1,0.10242508836352668,0.21999999999999886,0.8500000000000014,0.5500000000000007,Schematic internal layout
XBOX-0450,SMDTerm20_0_1,XBOX-0450 · Schematic passive end termination151,Mainboard,metal,1,0.10242508836352668,0.21999999999999886,0.8500000000000014,0.5500000000000007,Schematic internal layout
XBOX-0451,SMD20_1,XBOX-0451 · Schematic motherboard passive body076,Mainboard,cream,1,0.6389269908169884,1.6000000000000014,0.8000000000000043,0.5,Schematic internal layout
XBOX-0452,SMDTerm20_1_-1,XBOX-0452 · Schematic passive end termination152,Mainboard,metal,1,0.10242508836352668,0.21999999999999886,0.8500000000000014,0.5500000000000007,Schematic internal layout
XBOX-0453,SMDTerm20_1_1,XBOX-0453 · Schematic passive end termination153,Mainboard,metal,1,0.10242508836352668,0.21999999999999886,0.8500000000000014,0.5500000000000007,Schematic internal layout
XBOX-0454,SMD20_2,XBOX-0454 · Schematic motherboard passive body077,Mainboard,cream,1,0.6389269908169867,1.6000000000000014,0.7999999999999972,0.5,Schematic internal layout
XBOX-0455,SMDTerm20_2_-1,XBOX-0455 · Schematic passive end termination154,Mainboard,metal,1,0.10242508836352668,0.21999999999999886,0.8500000000000085,0.5500000000000007,Schematic internal layout
XBOX-0456,SMDTerm20_2_1,XBOX-0456 · Schematic passive end termination155,Mainboard,metal,1,0.10242508836352668,0.21999999999999886,0.8500000000000085,0.5500000000000007,Schematic internal layout
XBOX-0457,SMD20_3,XBOX-0457 · Schematic motherboard passive body078,Mainboard,cream,1,0.6389269908169867,1.6000000000000014,0.7999999999999972,0.5,Schematic internal layout
XBOX-0458,SMDTerm20_3_-1,XBOX-0458 · Schematic passive end termination156,Mainboard,metal,1,0.10242508836352668,0.21999999999999886,0.8500000000000085,0.5500000000000007,Schematic internal layout
XBOX-0459,SMDTerm20_3_1,XBOX-0459 · Schematic passive end termination157,Mainboard,metal,1,0.10242508836352668,0.21999999999999886,0.8500000000000085,0.5500000000000007,Schematic internal layout
XBOX-0460,SMD21_0,XBOX-0460 · Schematic motherboard passive body079,Mainboard,cream,1,0.6389269908169886,1.6000000000000014,0.8000000000000043,0.5,Schematic internal layout
XBOX-0461,SMDTerm21_0_-1,XBOX-0461 · Schematic passive end termination158,Mainboard,metal,1,0.10242508836352668,0.21999999999999886,0.8500000000000014,0.5500000000000007,Schematic internal layout
XBOX-0462,SMDTerm21_0_1,XBOX-0462 · Schematic passive end termination159,Mainboard,metal,1,0.10242508836352668,0.21999999999999886,0.8500000000000014,0.5500000000000007,Schematic internal layout
XBOX-0463,SMD21_1,XBOX-0463 · Schematic motherboard passive body080,Mainboard,cream,1,0.6389269908169881,1.5999999999999979,0.8000000000000043,0.5,Schematic internal layout
XBOX-0464,SMDTerm21_1_-1,XBOX-0464 · Schematic passive end termination160,Mainboard,metal,1,0.10242508836352668,0.21999999999999886,0.8500000000000014,0.5500000000000007,Schematic internal layout
XBOX-0465,SMDTerm21_1_1,XBOX-0465 · Schematic passive end termination161,Mainboard,metal,1,0.10242508836352668,0.21999999999999886,0.8500000000000014,0.5500000000000007,Schematic internal layout
XBOX-0466,SMD21_2,XBOX-0466 · Schematic motherboard passive body081,Mainboard,cream,1,0.6389269908169868,1.6000000000000014,0.7999999999999972,0.5,Schematic internal layout
XBOX-0467,SMDTerm21_2_-1,XBOX-0467 · Schematic passive end termination162,Mainboard,metal,1,0.10242508836352668,0.21999999999999886,0.8500000000000085,0.5500000000000007,Schematic internal layout
XBOX-0468,SMDTerm21_2_1,XBOX-0468 · Schematic passive end termination163,Mainboard,metal,1,0.10242508836352668,0.21999999999999886,0.8500000000000085,0.5500000000000007,Schematic internal layout
XBOX-0469,SMD21_3,XBOX-0469 · Schematic motherboard passive body082,Mainboard,cream,1,0.6389269908169862,1.5999999999999979,0.7999999999999972,0.5,Schematic internal layout
XBOX-0470,SMDTerm21_3_-1,XBOX-0470 · Schematic passive end termination164,Mainboard,metal,1,0.10242508836352668,0.21999999999999886,0.8500000000000085,0.5500000000000007,Schematic internal layout
XBOX-0471,SMDTerm21_3_1,XBOX-0471 · Schematic passive end termination165,Mainboard,metal,1,0.10242508836352668,0.21999999999999886,0.8500000000000085,0.5500000000000007,Schematic internal layout
XBOX-0472,SMD22_0,XBOX-0472 · Schematic motherboard passive body083,Mainboard,cream,1,0.6389269908169877,1.5999999999999943,0.8000000000000043,0.5,Schematic internal layout
XBOX-0473,SMDTerm22_0_-1,XBOX-0473 · Schematic passive end termination166,Mainboard,metal,1,0.10242508836352669,0.21999999999999886,0.8500000000000014,0.5500000000000007,Schematic internal layout
XBOX-0474,SMDTerm22_0_1,XBOX-0474 · Schematic passive end termination167,Mainboard,metal,1,0.10242508836352669,0.21999999999999886,0.8500000000000014,0.5500000000000007,Schematic internal layout
XBOX-0475,SMD22_1,XBOX-0475 · Schematic motherboard passive body084,Mainboard,cream,1,0.6389269908169877,1.5999999999999943,0.8000000000000043,0.5,Schematic internal layout
XBOX-0476,SMDTerm22_1_-1,XBOX-0476 · Schematic passive end termination168,Mainboard,metal,1,0.10242508836352668,0.21999999999999886,0.8500000000000014,0.5500000000000007,Schematic internal layout
XBOX-0477,SMDTerm22_1_1,XBOX-0477 · Schematic passive end termination169,Mainboard,metal,1,0.10242508836352668,0.21999999999999886,0.8500000000000014,0.5500000000000007,Schematic internal layout
XBOX-0478,SMD22_2,XBOX-0478 · Schematic motherboard passive body085,Mainboard,cream,1,0.6389269908169858,1.5999999999999943,0.7999999999999972,0.5,Schematic internal layout
XBOX-0479,SMDTerm22_2_-1,XBOX-0479 · Schematic passive end termination170,Mainboard,metal,1,0.10242508836352669,0.21999999999999886,0.8500000000000085,0.5500000000000007,Schematic internal layout
XBOX-0480,SMDTerm22_2_1,XBOX-0480 · Schematic passive end termination171,Mainboard,metal,1,0.10242508836352669,0.21999999999999886,0.8500000000000085,0.5500000000000007,Schematic internal layout
XBOX-0481,SMD22_3,XBOX-0481 · Schematic motherboard passive body086,Mainboard,cream,1,0.6389269908169858,1.5999999999999943,0.7999999999999972,0.5,Schematic internal layout
XBOX-0482,SMDTerm22_3_-1,XBOX-0482 · Schematic passive end termination172,Mainboard,metal,1,0.10242508836352668,0.21999999999999886,0.8500000000000085,0.5500000000000007,Schematic internal layout
XBOX-0483,SMDTerm22_3_1,XBOX-0483 · Schematic passive end termination173,Mainboard,metal,1,0.10242508836352668,0.21999999999999886,0.8500000000000085,0.5500000000000007,Schematic internal layout
XBOX-0484,SMD23_0,XBOX-0484 · Schematic motherboard passive body087,Mainboard,cream,1,0.6389269908169877,1.5999999999999943,0.8000000000000043,0.5,Schematic internal layout
XBOX-0485,SMDTerm23_0_-1,XBOX-0485 · Schematic passive end termination174,Mainboard,metal,1,0.10242508836352668,0.21999999999999886,0.8500000000000014,0.5500000000000007,Schematic internal layout
XBOX-0486,SMDTerm23_0_1,XBOX-0486 · Schematic passive end termination175,Mainboard,metal,1,0.10242508836352669,0.21999999999999886,0.8500000000000014,0.5500000000000007,Schematic internal layout
XBOX-0487,SMD23_1,XBOX-0487 · Schematic motherboard passive body088,Mainboard,cream,1,0.6389269908169877,1.5999999999999943,0.8000000000000043,0.5,Schematic internal layout
XBOX-0488,SMDTerm23_1_-1,XBOX-0488 · Schematic passive end termination176,Mainboard,metal,1,0.10242508836352668,0.21999999999999886,0.8500000000000014,0.5500000000000007,Schematic internal layout
XBOX-0489,SMDTerm23_1_1,XBOX-0489 · Schematic passive end termination177,Mainboard,metal,1,0.10242508836352668,0.21999999999999886,0.8500000000000014,0.5500000000000007,Schematic internal layout
XBOX-0490,SMD23_2,XBOX-0490 · Schematic motherboard passive body089,Mainboard,cream,1,0.638926990816986,1.5999999999999943,0.7999999999999972,0.5,Schematic internal layout
XBOX-0491,SMDTerm23_2_-1,XBOX-0491 · Schematic passive end termination178,Mainboard,metal,1,0.10242508836352668,0.21999999999999886,0.8500000000000085,0.5500000000000007,Schematic internal layout
XBOX-0492,SMDTerm23_2_1,XBOX-0492 · Schematic passive end termination179,Mainboard,metal,1,0.10242508836352669,0.21999999999999886,0.8500000000000085,0.5500000000000007,Schematic internal layout
XBOX-0493,SMD23_3,XBOX-0493 · Schematic motherboard passive body090,Mainboard,cream,1,0.6389269908169858,1.5999999999999943,0.7999999999999972,0.5,Schematic internal layout
XBOX-0494,SMDTerm23_3_-1,XBOX-0494 · Schematic passive end termination180,Mainboard,metal,1,0.10242508836352668,0.21999999999999886,0.8500000000000085,0.5500000000000007,Schematic internal layout
XBOX-0495,SMDTerm23_3_1,XBOX-0495 · Schematic passive end termination181,Mainboard,metal,1,0.10242508836352668,0.21999999999999886,0.8500000000000085,0.5500000000000007,Schematic internal layout
XBOX-0496,IDEHeader,XBOX-0496 · Original 40-pin parallel ATA header001,Mainboard,black,1,902.6509377084374,52.0,6.0,6.0,Schematic internal layout
XBOX-0497,IDEPin-1_0,XBOX-0497 · Parallel ATA header pin,Mainboard,gold,1,1.2086265482457497,0.5500000000000114,0.5500000000000114,4.0,Schematic internal layout
XBOX-0498,IDEPin-1_1,XBOX-0498 · Parallel ATA header pin001,Mainboard,gold,1,1.2086265482457497,0.5500000000000114,0.5500000000000114,4.0,Schematic internal layout
XBOX-0499,IDEPin-1_2,XBOX-0499 · Parallel ATA header pin002,Mainboard,gold,1,1.2086265482457497,0.5500000000000114,0.5500000000000114,4.0,Schematic internal layout
XBOX-0500,IDEPin-1_3,XBOX-0500 · Parallel ATA header pin003,Mainboard,gold,1,1.2086265482457497,0.5500000000000114,0.5500000000000114,4.0,Schematic internal layout
XBOX-0501,IDEPin-1_4,XBOX-0501 · Parallel ATA header pin004,Mainboard,gold,1,1.2086265482457499,0.5500000000000114,0.5500000000000114,4.0,Schematic internal layout
XBOX-0502,IDEPin-1_5,XBOX-0502 · Parallel ATA header pin005,Mainboard,gold,1,1.2086265482457497,0.5500000000000114,0.5500000000000114,4.0,Schematic internal layout
XBOX-0503,IDEPin-1_6,XBOX-0503 · Parallel ATA header pin006,Mainboard,gold,1,1.2086265482457497,0.5500000000000114,0.5500000000000114,4.0,Schematic internal layout
XBOX-0504,IDEPin-1_7,XBOX-0504 · Parallel ATA header pin007,Mainboard,gold,1,1.2086265482457497,0.5500000000000114,0.5500000000000114,4.0,Schematic internal layout
XBOX-0505,IDEPin-1_8,XBOX-0505 · Parallel ATA header pin008,Mainboard,gold,1,1.2086265482457497,0.5499999999999972,0.5500000000000114,4.0,Schematic internal layout
XBOX-0506,IDEPin-1_9,XBOX-0506 · Parallel ATA header pin009,Mainboard,gold,1,1.2086265482457494,0.5499999999999972,0.5500000000000114,4.0,Schematic internal layout
XBOX-0507,IDEPin-1_10,XBOX-0507 · Parallel ATA header pin010,Mainboard,gold,1,1.2086265482457497,0.5499999999999972,0.5500000000000114,4.0,Schematic internal layout
XBOX-0508,IDEPin-1_11,XBOX-0508 · Parallel ATA header pin011,Mainboard,gold,1,1.2086265482457497,0.5499999999999972,0.5500000000000114,4.0,Schematic internal layout
XBOX-0509,IDEPin-1_12,XBOX-0509 · Parallel ATA header pin012,Mainboard,gold,1,1.2086265482457497,0.5499999999999972,0.5500000000000114,4.0,Schematic internal layout
XBOX-0510,IDEPin-1_13,XBOX-0510 · Parallel ATA header pin013,Mainboard,gold,1,1.2086265482457497,0.5499999999999972,0.5500000000000114,4.0,Schematic internal layout
XBOX-0511,IDEPin-1_14,XBOX-0511 · Parallel ATA header pin014,Mainboard,gold,1,1.2086265482457519,0.5500000000000007,0.5500000000000114,4.0,Schematic internal layout
XBOX-0512,IDEPin-1_15,XBOX-0512 · Parallel ATA header pin015,Mainboard,gold,1,1.208626548245752,0.5500000000000007,0.5500000000000114,4.0,Schematic internal layout
XBOX-0513,IDEPin-1_16,XBOX-0513 · Parallel ATA header pin016,Mainboard,gold,1,1.2086265482457519,0.5500000000000007,0.5500000000000114,4.0,Schematic internal layout
XBOX-0514,IDEPin-1_17,XBOX-0514 · Parallel ATA header pin017,Mainboard,gold,1,1.208626548245752,0.5500000000000007,0.5500000000000114,4.0,Schematic internal layout
XBOX-0515,IDEPin-1_18,XBOX-0515 · Parallel ATA header pin018,Mainboard,gold,1,1.208626548245752,0.5500000000000007,0.5500000000000114,4.0,Schematic internal layout
XBOX-0516,IDEPin-1_19,XBOX-0516 · Parallel ATA header pin019,Mainboard,gold,1,1.2086265482457512,0.5499999999999998,0.5500000000000114,4.0,Schematic internal layout
XBOX-0517,IDEPin1_0,XBOX-0517 · Parallel ATA header pin020,Mainboard,gold,1,1.2086265482457497,0.5500000000000114,0.5500000000000114,4.0,Schematic internal layout
XBOX-0518,IDEPin1_1,XBOX-0518 · Parallel ATA header pin021,Mainboard,gold,1,1.2086265482457499,0.5500000000000114,0.5500000000000114,4.0,Schematic internal layout
XBOX-0519,IDEPin1_2,XBOX-0519 · Parallel ATA header pin022,Mainboard,gold,1,1.2086265482457497,0.5500000000000114,0.5500000000000114,4.0,Schematic internal layout
XBOX-0520,IDEPin1_3,XBOX-0520 · Parallel ATA header pin023,Mainboard,gold,1,1.2086265482457499,0.5500000000000114,0.5500000000000114,4.0,Schematic internal layout
XBOX-0521,IDEPin1_4,XBOX-0521 · Parallel ATA header pin024,Mainboard,gold,1,1.2086265482457499,0.5500000000000114,0.5500000000000114,4.0,Schematic internal layout
XBOX-0522,IDEPin1_5,XBOX-0522 · Parallel ATA header pin025,Mainboard,gold,1,1.2086265482457499,0.5500000000000114,0.5500000000000114,4.0,Schematic internal layout
XBOX-0523,IDEPin1_6,XBOX-0523 · Parallel ATA header pin026,Mainboard,gold,1,1.2086265482457499,0.5500000000000114,0.5500000000000114,4.0,Schematic internal layout
XBOX-0524,IDEPin1_7,XBOX-0524 · Parallel ATA header pin027,Mainboard,gold,1,1.2086265482457499,0.5500000000000114,0.5500000000000114,4.0,Schematic internal layout
XBOX-0525,IDEPin1_8,XBOX-0525 · Parallel ATA header pin028,Mainboard,gold,1,1.2086265482457497,0.5499999999999972,0.5500000000000114,4.0,Schematic internal layout
XBOX-0526,IDEPin1_9,XBOX-0526 · Parallel ATA header pin029,Mainboard,gold,1,1.2086265482457499,0.5499999999999972,0.5500000000000114,4.0,Schematic internal layout
XBOX-0527,IDEPin1_10,XBOX-0527 · Parallel ATA header pin030,Mainboard,gold,1,1.2086265482457499,0.5499999999999972,0.5500000000000114,4.0,Schematic internal layout
XBOX-0528,IDEPin1_11,XBOX-0528 · Parallel ATA header pin031,Mainboard,gold,1,1.2086265482457497,0.5499999999999972,0.5500000000000114,4.0,Schematic internal layout
XBOX-0529,IDEPin1_12,XBOX-0529 · Parallel ATA header pin032,Mainboard,gold,1,1.2086265482457499,0.5499999999999972,0.5500000000000114,4.0,Schematic internal layout
XBOX-0530,IDEPin1_13,XBOX-0530 · Parallel ATA header pin033,Mainboard,gold,1,1.2086265482457499,0.5499999999999972,0.5500000000000114,4.0,Schematic internal layout
XBOX-0531,IDEPin1_14,XBOX-0531 · Parallel ATA header pin034,Mainboard,gold,1,1.208626548245752,0.5500000000000007,0.5500000000000114,4.0,Schematic internal layout
XBOX-0532,IDEPin1_15,XBOX-0532 · Parallel ATA header pin035,Mainboard,gold,1,1.208626548245752,0.5500000000000007,0.5500000000000114,4.0,Schematic internal layout
XBOX-0533,IDEPin1_16,XBOX-0533 · Parallel ATA header pin036,Mainboard,gold,1,1.208626548245752,0.5500000000000007,0.5500000000000114,4.0,Schematic internal layout
XBOX-0534,IDEPin1_17,XBOX-0534 · Parallel ATA header pin037,Mainboard,gold,1,1.208626548245752,0.5500000000000007,0.5500000000000114,4.0,Schematic internal layout
XBOX-0535,IDEPin1_18,XBOX-0535 · Parallel ATA header pin038,Mainboard,gold,1,1.208626548245752,0.5500000000000007,0.5500000000000114,4.0,Schematic internal layout
XBOX-0536,IDEPin1_19,XBOX-0536 · Parallel ATA header pin039,Mainboard,gold,1,1.2086265482457512,0.5499999999999998,0.5500000000000114,4.0,Schematic internal layout
XBOX-0537,ATXHeader,XBOX-0537 · Original v1.0 motherboard power connector001,Mainboard,white,1,1262.9977871437827,24.0,9.0,7.0,Schematic internal layout
XBOX-0538,ATXPin0,XBOX-0538 · Schematic board power contact,Mainboard,gold,1,0.9986265482457435,0.5,0.5,4.0,Schematic internal layout
XBOX-0539,ATXPin1,XBOX-0539 · Schematic board power contact001,Mainboard,gold,1,0.9986265482457435,0.5,0.5,4.0,Schematic internal layout
XBOX-0540,ATXPin2,XBOX-0540 · Schematic board power contact002,Mainboard,gold,1,0.9986265482457435,0.5,0.5,4.0,Schematic internal layout
XBOX-0541,ATXPin3,XBOX-0541 · Schematic board power contact003,Mainboard,gold,1,0.9986265482457437,0.5,0.5,4.0,Schematic internal layout
XBOX-0542,ATXPin4,XBOX-0542 · Schematic board power contact004,Mainboard,gold,1,0.9986265482457437,0.5,0.5,4.0,Schematic internal layout
XBOX-0543,FrontUSBBoard,XBOX-0543 · Original v1.0 front controller daughterboard,Mainboard,pcb,1,992.5699111843073,36.0,23.0,1.1999999999999993,Schematic internal layout
XBOX-0544,FrontUSBLogic,XBOX-0544 · Front controller interface package,Mainboard,black,1,80.92274333882305,9.0,9.0,1.0,Schematic internal layout
XBOX-0545,CPUInterface,XBOX-0545 · CPU nonfunctional thermal interface,Cooling,thermal,1,14.299141592653571,11.0,13.0,0.09999999999999964,Schematic internal layout
XBOX-0546,CPUHeatsinkBase,XBOX-0546 · Original passive CPU aluminum heatsink base,Cooling,metal,1,4997.381946710583,51.0,49.0,2.0,Schematic internal layout
XBOX-0547,CPUFin0,XBOX-0547 · Original CPU extruded heatsink fin,Cooling,metal,1,1679.5673626974087,1.0,48.0,35.0,Schematic internal layout
XBOX-0548,CPUFin1,XBOX-0548 · Original CPU extruded heatsink fin001,Cooling,metal,1,1679.5673626974087,1.0,48.0,35.0,Schematic internal layout
XBOX-0549,CPUFin2,XBOX-0549 · Original CPU extruded heatsink fin002,Cooling,metal,1,1679.5673626974087,1.0,48.0,35.0,Schematic internal layout
XBOX-0550,CPUFin3,XBOX-0550 · Original CPU extruded heatsink fin003,Cooling,metal,1,1679.5673626974087,1.0,48.0,35.0,Schematic internal layout
XBOX-0551,CPUFin4,XBOX-0551 · Original CPU extruded heatsink fin004,Cooling,metal,1,1679.5673626974087,1.0,48.0,35.0,Schematic internal layout
XBOX-0552,CPUFin5,XBOX-0552 · Original CPU extruded heatsink fin005,Cooling,metal,1,1679.5673626974087,1.0,48.0,35.0,Schematic internal layout
XBOX-0553,CPUFin6,XBOX-0553 · Original CPU extruded heatsink fin006,Cooling,metal,1,1679.5673626974087,1.0,48.0,35.0,Schematic internal layout
XBOX-0554,CPUFin7,XBOX-0554 · Original CPU extruded heatsink fin007,Cooling,metal,1,1679.5673626974087,1.0,48.0,35.0,Schematic internal layout
XBOX-0555,CPUFin8,XBOX-0555 · Original CPU extruded heatsink fin008,Cooling,metal,1,1679.5673626974085,1.0,48.0,35.0,Schematic internal layout
XBOX-0556,CPUFin9,XBOX-0556 · Original CPU extruded heatsink fin009,Cooling,metal,1,1679.5673626974087,1.0,48.0,35.0,Schematic internal layout
XBOX-0557,CPUFin10,XBOX-0557 · Original CPU extruded heatsink fin010,Cooling,metal,1,1679.5673626974087,1.0,48.0,35.0,Schematic internal layout
XBOX-0558,CPUFin11,XBOX-0558 · Original CPU extruded heatsink fin011,Cooling,metal,1,1679.5673626974087,1.0,48.0,35.0,Schematic internal layout
XBOX-0559,CPUFin12,XBOX-0559 · Original CPU extruded heatsink fin012,Cooling,metal,1,1679.5673626974087,1.0,48.0,35.0,Schematic internal layout
XBOX-0560,CPUFin13,XBOX-0560 · Original CPU extruded heatsink fin013,Cooling,metal,1,1679.5673626974087,1.0,48.0,35.0,Schematic internal layout
XBOX-0561,CPUFin14,XBOX-0561 · Original CPU extruded heatsink fin014,Cooling,metal,1,1679.5673626974087,1.0,48.0,35.0,Schematic internal layout
XBOX-0562,CPUFin15,XBOX-0562 · Original CPU extruded heatsink fin015,Cooling,metal,1,1679.5673626974087,1.0,48.0,35.0,Schematic internal layout
XBOX-0563,CPUFin16,XBOX-0563 · Original CPU extruded heatsink fin016,Cooling,metal,1,1679.5673626974087,1.0,48.0,35.0,Schematic internal layout
XBOX-0564,CPUClip-1,XBOX-0564 · Simplified CPU heatsink retention clip,Cooling,steel,1,84.9187964473723,1.2000000000000002,59.0,1.1999999999999993,Schematic internal layout
XBOX-0565,CPUClip1,XBOX-0565 · Simplified CPU heatsink retention clip001,Cooling,steel,1,84.91879644737237,1.2000000000000028,59.0,1.1999999999999993,Schematic internal layout
XBOX-0566,GPUInterface,XBOX-0566 · GPU nonfunctional thermal interface,Cooling,thermal,1,28.89914159265355,17.0,17.0,0.09999999999999964,Schematic internal layout
XBOX-0567,GPUHeatsinkBase,XBOX-0567 · Original v1.0 active GPU heatsink base,Cooling,metal,1,4866.643752039527,52.0,52.0,1.8000000000000007,Schematic internal layout
XBOX-0568,GPUFin0,XBOX-0568 · Original GPU heatsink fin,Cooling,metal,1,571.0798229715018,0.7999999999999972,51.0,14.0,Schematic internal layout
XBOX-0569,GPUFin1,XBOX-0569 · Original GPU heatsink fin001,Cooling,metal,1,571.0798229715018,0.7999999999999972,51.0,14.0,Schematic internal layout
XBOX-0570,GPUFin2,XBOX-0570 · Original GPU heatsink fin002,Cooling,metal,1,571.0798229715018,0.7999999999999972,51.0,14.0,Schematic internal layout
XBOX-0571,GPUFin3,XBOX-0571 · Original GPU heatsink fin003,Cooling,metal,1,571.0798229715018,0.7999999999999972,51.0,14.0,Schematic internal layout
XBOX-0572,GPUFin4,XBOX-0572 · Original GPU heatsink fin004,Cooling,metal,1,571.0798229715018,0.7999999999999972,51.0,14.0,Schematic internal layout
XBOX-0573,GPUFin5,XBOX-0573 · Original GPU heatsink fin005,Cooling,metal,1,571.0798229715018,0.7999999999999972,51.0,14.0,Schematic internal layout
XBOX-0574,GPUFin6,XBOX-0574 · Original GPU heatsink fin006,Cooling,metal,1,571.0798229715018,0.7999999999999972,51.0,14.0,Schematic internal layout
XBOX-0575,GPUFin7,XBOX-0575 · Original GPU heatsink fin007,Cooling,metal,1,571.0798229715018,0.7999999999999972,51.0,14.0,Schematic internal layout
XBOX-0576,GPUFin8,XBOX-0576 · Original GPU heatsink fin008,Cooling,metal,1,571.0798229715018,0.7999999999999972,51.0,14.0,Schematic internal layout
XBOX-0577,GPUFin9,XBOX-0577 · Original GPU heatsink fin009,Cooling,metal,1,571.0798229715018,0.7999999999999972,51.0,14.0,Schematic internal layout
XBOX-0578,GPUFin10,XBOX-0578 · Original GPU heatsink fin010,Cooling,metal,1,571.0798229715017,0.8000000000000043,51.0,14.0,Schematic internal layout
XBOX-0579,GPUFin11,XBOX-0579 · Original GPU heatsink fin011,Cooling,metal,1,571.0798229715018,0.8000000000000043,51.0,14.0,Schematic internal layout
XBOX-0580,GPUFin12,XBOX-0580 · Original GPU heatsink fin012,Cooling,metal,1,571.0798229715018,0.8000000000000043,51.0,14.0,Schematic internal layout
XBOX-0581,GPUFin13,XBOX-0581 · Original GPU heatsink fin013,Cooling,metal,1,571.0798229715018,0.8000000000000043,51.0,14.0,Schematic internal layout
XBOX-0582,GPUFin14,XBOX-0582 · Original GPU heatsink fin014,Cooling,metal,1,571.0798229715019,0.8000000000000043,51.0,14.0,Schematic internal layout
XBOX-0583,GPUFin15,XBOX-0583 · Original GPU heatsink fin015,Cooling,metal,1,571.0798229715022,0.8000000000000025,51.0,14.0,Schematic internal layout
XBOX-0584,GPUFin16,XBOX-0584 · Original GPU heatsink fin016,Cooling,metal,1,571.0798229715026,0.8000000000000007,51.0,14.0,Schematic internal layout
XBOX-0585,GPUFin17,XBOX-0585 · Original GPU heatsink fin017,Cooling,metal,1,571.0798229715026,0.8000000000000007,51.0,14.0,Schematic internal layout
XBOX-0586,GPUFanDuct,XBOX-0586 · Original fan cylindrical support frame,Cooling,black,1,2161.4157456697767,45.0,45.0,8.0,Schematic internal layout
XBOX-0587,GPUFanHub,XBOX-0587 · Fan rotor hub,Cooling,black,1,687.0663133400876,13.5,13.5,4.799999999999997,Schematic internal layout
XBOX-0588,GPUFanBlade0,XBOX-0588 · Approximate original fan blade,Cooling,black,1,49.954124999999955,11.599999999999998,8.925000000000004,0.6499999999999986,Schematic internal layout
XBOX-0589,GPUFanBlade1,XBOX-0589 · Approximate original fan blade001,Cooling,black,1,49.954124999999976,11.933718895214913,12.422832063711034,0.6499999999999986,Schematic internal layout
XBOX-0590,GPUFanBlade2,XBOX-0590 · Approximate original fan blade002,Cooling,black,1,49.954125,12.02963077006553,13.774282237857484,0.6499999999999986,Schematic internal layout
XBOX-0591,GPUFanBlade3,XBOX-0591 · Approximate original fan blade003,Cooling,black,1,49.95412499999999,14.266522863990986,10.458885401279957,0.6499999999999986,Schematic internal layout
XBOX-0592,GPUFanBlade4,XBOX-0592 · Approximate original fan blade004,Cooling,black,1,49.95412499999996,8.27419169176784,13.362256831487365,0.6499999999999986,Schematic internal layout
XBOX-0593,GPUFanStrut0,XBOX-0593 · Stationary fan motor support,Cooling,black,1,8.394750000000027,13.324999999999998,0.9000000000000057,0.7000000000000028,Schematic internal layout
XBOX-0594,GPUFanStrut1,XBOX-0594 · Stationary fan motor support001,Cooling,black,1,8.394750000000005,0.8999999999999986,13.324999999999996,0.7000000000000028,Schematic internal layout
XBOX-0595,GPUFanStrut2,XBOX-0595 · Stationary fan motor support002,Cooling,black,1,8.394750000000004,13.324999999999996,0.8999999999999986,0.7000000000000028,Schematic internal layout
XBOX-0596,GPUFanStrut3,XBOX-0596 · Stationary fan motor support003,Cooling,black,1,8.394750000000004,0.8999999999999986,13.324999999999996,0.7000000000000028,Schematic internal layout
XBOX-0597,RearFanDuct,XBOX-0597 · Original fan cylindrical support frame001,Fan,black,1,10681.415022205278,70.0,25.00000000000003,70.0,Schematic internal layout
XBOX-0598,RearFanHub,XBOX-0598 · Fan rotor hub001,Fan,black,1,5195.408850874121,21.0,15.0,21.000000000000007,Schematic internal layout
XBOX-0599,RearFanBlade0,XBOX-0599 · Approximate original fan blade005,Fan,black,1,132.35787500000035,19.35,0.6500000000000057,14.299999999999997,Schematic internal layout
XBOX-0600,RearFanBlade1,XBOX-0600 · Approximate original fan blade006,Fan,black,1,132.35787500000038,19.36327512811346,0.6500000000000057,20.566062550935857,Schematic internal layout
XBOX-0601,RearFanBlade2,XBOX-0601 · Approximate original fan blade007,Fan,black,1,132.35787500000038,19.76897560720254,0.6500000000000057,22.531137974816374,Schematic internal layout
XBOX-0602,RearFanBlade3,XBOX-0602 · Approximate original fan blade008,Fan,black,1,132.35787500000038,23.493496052875134,0.6500000000000057,17.036763592483993,Schematic internal layout
XBOX-0603,RearFanBlade4,XBOX-0603 · Approximate original fan blade009,Fan,black,1,132.35787500000038,13.267238402317393,0.6500000000000057,22.156147048466373,Schematic internal layout
XBOX-0604,RearFanStrut0,XBOX-0604 · Stationary fan motor support004,Fan,black,1,13.828500000000048,21.949999999999996,0.7000000000000028,0.9000000000000057,Schematic internal layout
XBOX-0605,RearFanStrut1,XBOX-0605 · Stationary fan motor support005,Fan,black,1,13.828500000000014,0.8999999999999986,0.700000000000017,21.950000000000003,Schematic internal layout
XBOX-0606,RearFanStrut2,XBOX-0606 · Stationary fan motor support006,Fan,black,1,13.828500000000012,21.949999999999996,0.7000000000000028,0.8999999999999986,Schematic internal layout
XBOX-0607,RearFanStrut3,XBOX-0607 · Stationary fan motor support007,Fan,black,1,13.828499999999973,0.8999999999999986,0.7000000000000028,21.95000000000001,Schematic internal layout
XBOX-0608,RearFanMount0,XBOX-0608 · Rear exhaust fan mounting eye,Fan,black,1,57.30265000147783,5.3999999999999995,3.0,5.399999999999999,Schematic internal layout
XBOX-0609,RearFanMount1,XBOX-0609 · Rear exhaust fan mounting eye001,Fan,black,1,57.302650001477836,5.400000000000006,3.0,5.399999999999999,Schematic internal layout
XBOX-0610,RearFanMount2,XBOX-0610 · Rear exhaust fan mounting eye002,Fan,black,1,57.30265000147784,5.3999999999999995,3.0,5.400000000000006,Schematic internal layout
XBOX-0611,RearFanMount3,XBOX-0611 · Rear exhaust fan mounting eye003,Fan,black,1,57.30265000147785,5.400000000000006,3.0,5.400000000000006,Schematic internal layout
XBOX-0612,PSUInsulator,XBOX-0612 · Original open power-supply insulating floor006,Power,cream,1,8693.214233841069,61.0,204.0,0.6999999999999993,Schematic internal layout
XBOX-0613,PSUBoard,XBOX-0613 · Original open power-supply PCB004,Power,pcb,1,15721.866196841453,58.0,194.0,1.4000000000000004,Official approximate envelope; photograph-guided original2001 local geometry
XBOX-0614,PSUPost0,XBOX-0614 · Power board insulated standoff,Power,cream,1,37.24672250096056,5.0,5.0,2.5999999999999996,Schematic internal layout
XBOX-0615,PSUPost1,XBOX-0615 · Power board insulated standoff001,Power,cream,1,37.246722500960615,5.0,5.0,2.5999999999999996,Schematic internal layout
XBOX-0616,PSUPost2,XBOX-0616 · Power board insulated standoff002,Power,cream,1,37.24672250096056,5.0,5.0,2.5999999999999996,Schematic internal layout
XBOX-0617,PSUPost3,XBOX-0617 · Power board insulated standoff003,Power,cream,1,37.246722500960615,5.0,5.0,2.5999999999999996,Schematic internal layout
XBOX-0618,PSUMagnetic0,XBOX-0618 · Original power magnetic component,Power,black,1,22655.964594300516,30.0,27.0,28.0,Schematic internal layout
XBOX-0619,PSUWinding0,XBOX-0619 · Simplified insulated transformer winding,Power,copper,1,237.624955592154,21.0,18.9,0.6000000000000014,Schematic internal layout
XBOX-0620,PSUMagnetic1,XBOX-0620 · Original power magnetic component001,Power,black,1,7902.831853071797,18.0,22.0,20.0,Schematic internal layout
XBOX-0621,PSUWinding1,XBOX-0621 · Simplified insulated transformer winding001,Power,copper,1,115.90895559215394,12.599999999999994,15.400000000000006,0.6000000000000014,Schematic internal layout
XBOX-0622,PSUMagnetic2,XBOX-0622 · Original power magnetic component002,Power,black,1,4306.2654824574365,15.0,18.0,16.0,Schematic internal layout
XBOX-0623,PSUWinding2,XBOX-0623 · Simplified insulated transformer winding002,Power,copper,1,78.86495559215392,10.5,12.599999999999994,0.6000000000000014,Schematic internal layout
XBOX-0624,PSUCap0,XBOX-0624 · Original power supply capacitor,Power,black,1,4464.203160751096,14.0,14.0,29.0,Schematic internal layout
XBOX-0625,PSUCapTop0,XBOX-0625 · Power capacitor top,Power,metal,1,20.527166398555643,13.199999999999989,13.200000000000003,0.14999999999999858,Schematic internal layout
XBOX-0626,PSUCap1,XBOX-0626 · Original power supply capacitor001,Power,black,1,4464.203160751097,14.0,14.0,29.0,Schematic internal layout
XBOX-0627,PSUCapTop1,XBOX-0627 · Power capacitor top001,Power,metal,1,20.527166398555643,13.199999999999989,13.200000000000003,0.14999999999999858,Schematic internal layout
XBOX-0628,PSUCap2,XBOX-0628 · Original power supply capacitor002,Power,black,1,804.2477193189873,8.0,8.0,16.0,Schematic internal layout
XBOX-0629,PSUCapTop2,XBOX-0629 · Power capacitor top002,Power,metal,1,6.107256118578538,7.199999999999989,7.200000000000003,0.14999999999999858,Schematic internal layout
XBOX-0630,PSUCap3,XBOX-0630 · Original power supply capacitor003,Power,black,1,804.2477193189873,8.0,8.0,16.0,Schematic internal layout
XBOX-0631,PSUCapTop3,XBOX-0631 · Power capacitor top003,Power,metal,1,6.1072561185785394,7.199999999999989,7.199999999999996,0.14999999999999858,Schematic internal layout
XBOX-0632,PSUCap4,XBOX-0632 · Original power supply capacitor004,Power,black,1,804.2477193189872,8.0,8.0,16.0,Schematic internal layout
XBOX-0633,PSUCapTop4,XBOX-0633 · Power capacitor top004,Power,metal,1,6.107256118578546,7.199999999999989,7.199999999999989,0.14999999999999858,Schematic internal layout
XBOX-0634,PSUHeat0,XBOX-0634 · Original power heatsink,Power,metal,1,863.7939822368616,1.0,36.0,24.0,Schematic internal layout
XBOX-0635,PSUHeat1,XBOX-0635 · Original power heatsink001,Power,metal,1,863.7939822368617,1.0,36.0,24.0,Schematic internal layout
XBOX-0636,PSUDiode0,XBOX-0636 · Power rectifier package study,Power,black,1,23.931327412287178,3.0,4.0,2.0,Schematic internal layout
XBOX-0637,PSUDiode1,XBOX-0637 · Power rectifier package study001,Power,black,1,23.93132741228718,3.0,4.0,2.0,Schematic internal layout
XBOX-0638,PSUDiode2,XBOX-0638 · Power rectifier package study002,Power,black,1,23.931327412287178,3.0,4.0,2.0,Schematic internal layout
XBOX-0639,PSUDiode3,XBOX-0639 · Power rectifier package study003,Power,black,1,23.93132741228718,3.0,4.0,2.0,Schematic internal layout
XBOX-0640,PSUDiode4,XBOX-0640 · Power rectifier package study004,Power,black,1,23.931327412287178,3.0,4.0,2.0,Schematic internal layout
XBOX-0641,PSUDiode5,XBOX-0641 · Power rectifier package study005,Power,black,1,23.93132741228718,3.0,4.0,2.0,Schematic internal layout
XBOX-0642,PSUDiode6,XBOX-0642 · Power rectifier package study006,Power,black,1,23.931327412287178,3.0,4.0,2.0,Schematic internal layout
XBOX-0643,PSUDiode7,XBOX-0643 · Power rectifier package study007,Power,black,1,23.93132741228718,3.0,4.0,2.0,Schematic internal layout
XBOX-0644,DVDCarrier,XBOX-0644 · Original optical drive plastic carrier,Optical,black,1,13087.274333882317,153.0,185.0,3.0,Schematic internal layout
XBOX-0645,DVDCarrierPost0,XBOX-0645 · Optical carrier vertical support,Optical,black,1,534.2057504117311,4.0,5.0,27.0,Schematic internal layout
XBOX-0646,DVDCarrierPost1,XBOX-0646 · Optical carrier vertical support001,Optical,black,1,534.2057504117311,4.0,5.0,27.0,Schematic internal layout
XBOX-0647,DVDCarrierPost2,XBOX-0647 · Optical carrier vertical support002,Optical,black,1,534.2057504117311,4.0,5.0,27.0,Schematic internal layout
XBOX-0648,DVDCarrierPost3,XBOX-0648 · Optical carrier vertical support003,Optical,black,1,534.2057504117311,4.0,5.0,27.0,Schematic internal layout
XBOX-0649,DVDChassis,XBOX-0649 · Original tray-loading DVD chassis003,Optical,metal,1,50325.206363379504,146.0,178.0,38.0,Schematic internal layout
XBOX-0650,DVDCover,XBOX-0650 · Original removable DVD upper cover,Optical,metal,1,18190.99911485754,146.0,178.0,0.7000000000000028,Schematic internal layout
XBOX-0651,DVDPCB,XBOX-0651 · Original optical drive underside logic PCB,Optical,pcb,1,7198.969911184313,100.0,60.0,1.2000000000000028,Schematic internal layout
XBOX-0652,DVDLogic0,XBOX-0652 · Optical drive control package,Optical,black,1,233.8841150082346,13.0,12.0,1.5,Schematic internal layout
XBOX-0653,DVDLogic1,XBOX-0653 · Optical drive control package001,Optical,black,1,233.88411500823463,13.0,12.0,1.5,Schematic internal layout
XBOX-0654,DVDLogic2,XBOX-0654 · Optical drive control package002,Optical,black,1,233.8841150082346,13.0,12.0,1.5,Schematic internal layout
XBOX-0655,DVDLoadingTray,XBOX-0655 · Original sliding DVD loading tray with empty disc seat,Optical,black,1,18683.665635382215,135.0,153.0,2.0,Schematic internal layout
XBOX-0656,DVDSpindle,XBOX-0656 · Original optical spindle motor,Optical,metal,1,2513.274122871835,20.0,20.0,8.0,Schematic internal layout
XBOX-0657,DVDSpindleHub,XBOX-0657 · Optical disc centering hub,Optical,black,1,923.6282401553993,14.0,14.0,6.0,Schematic internal layout
XBOX-0658,DVDGuide0,XBOX-0658 · Optical pickup guide rail,Optical,metal,1,511.07429288598735,2.8000000000000114,83.0,2.799999999999997,Schematic internal layout
XBOX-0659,DVDGuide1,XBOX-0659 · Optical pickup guide rail001,Optical,metal,1,511.07429288598746,2.799999999999997,83.0,2.799999999999997,Schematic internal layout
XBOX-0660,DVDPickup,XBOX-0660 · Original optical pickup carriage,Optical,black,1,2457.991148575129,22.0,16.0,7.0,Schematic internal layout
XBOX-0661,DVDLens,XBOX-0661 · Schematic optical pickup objective,Optical,blue,1,11.633317596243018,4.599999999999994,4.600000000000001,0.7000000000000028,Schematic internal layout
XBOX-0662,DVDGear0,XBOX-0662 · Simplified loading gear,Optical,white,1,384.84510006474966,14.0,14.0,2.5,Schematic internal layout
XBOX-0663,DVDGear1,XBOX-0663 · Simplified loading gear001,Optical,white,1,636.172512351933,18.0,18.0,2.5,Schematic internal layout
XBOX-0664,DVDGear2,XBOX-0664 · Simplified loading gear002,Optical,white,1,950.3317777109125,22.0,22.0,2.5,Schematic internal layout
XBOX-0665,DVDIDE,XBOX-0665 · Optical drive parallel ATA connector,Optical,black,1,2447.1759289474458,51.0,8.0,6.0,Schematic internal layout
XBOX-0666,DVDPower,XBOX-0666 · Original optical drive power header,Optical,white,1,815.1759289474463,17.0,8.0,6.0,Schematic internal layout
XBOX-0667,HDDCarrier,XBOX-0667 · Original hard drive plastic carrier,Storage,black,1,8374.274333882311,110.0,155.0,3.0,Schematic internal layout
XBOX-0668,HDDCarrierPost0,XBOX-0668 · Hard drive carrier support,Storage,black,1,190.35185789489242,4.0,4.0,12.0,Schematic internal layout
XBOX-0669,HDDCarrierPost1,XBOX-0669 · Hard drive carrier support001,Storage,black,1,190.35185789489242,4.0,4.0,12.0,Schematic internal layout
XBOX-0670,HDDCarrierPost2,XBOX-0670 · Hard drive carrier support002,Storage,black,1,190.35185789489242,4.0,4.0,12.0,Schematic internal layout
XBOX-0671,HDDCarrierPost3,XBOX-0671 · Hard drive carrier support003,Storage,black,1,190.35185789489242,4.0,4.000000000000002,12.0,Schematic internal layout
XBOX-0672,HDDBase,XBOX-0672 · Original 3.5-inch hard drive lower casting001,Storage,metal,1,55558.934870170415,101.6,147.0,24.0,Schematic internal layout
XBOX-0673,HDDCover,XBOX-0673 · Original removable hard drive stamped cover,Storage,metal,1,11946.614866776445,101.6,147.0,0.7999999999999972,Schematic internal layout
XBOX-0674,HDDLabel,XBOX-0674 · Generic drive identification paper; no counterfeit serial,Storage,white,1,290.6931327412232,57.0,102.0,0.04999999999999716,Official approximate envelope; photograph-guided original2001 local geometry
XBOX-0675,HDDLabelMark,XBOX-0675 · IDE HDD,Storage,black,6,1.4442646722874444,37.45499171073825,6.5771814080536934,0.01800019999998881,Official approximate envelope; photograph-guided original2001 local geometry
XBOX-0676,HDDPlatter,XBOX-0676 · Schematic hard disk platter,Storage,metal,1,5767.96411199086,88.0,88.0,1.0,Schematic internal layout
XBOX-0677,HDDHub,XBOX-0677 · Hard disk spindle hub,Storage,metal,1,1017.8760197630932,18.0,18.0,4.0,Schematic internal layout
XBOX-0678,HDDActuator,XBOX-0678 · Hard drive actuator pivot,Storage,metal,1,923.6282401553992,14.0,14.0,6.0,Schematic internal layout
XBOX-0679,HDDArm,XBOX-0679 · Simplified hard drive actuator arm,Storage,metal,1,248.59999999999962,36.0,25.0,1.0999999999999943,Schematic internal layout
XBOX-0680,HDDHead,XBOX-0680 · Nonfunctional disk read-head block,Storage,black,1,7.465663706143591,2.5,3.0,1.0,Schematic internal layout
XBOX-0681,HDDPCB,XBOX-0681 · Original drive underside logic board,Storage,pcb,1,5677.255751918951,89.0,58.0,1.1000000000000014,Schematic internal layout
XBOX-0682,HDDIDE,XBOX-0682 · Hard drive parallel ATA socket,Storage,black,1,2141.1759289474458,51.0,7.0,6.0,Schematic internal layout
XBOX-0683,HDDPower,XBOX-0683 · Original four-pin drive power connector,Storage,white,1,879.8368134870465,18.0,7.0,7.0,Schematic internal layout
XBOX-0684,IDERibbonMotherboard,XBOX-0684 · Folded original motherboard-to-optical IDE ribbon,Wiring,rubber,1,7165.500000000002,51.0,189.0,68.5,Schematic internal layout
XBOX-0685,IDERibbonAcross,XBOX-0685 · Original shared IDE ribbon over drive caddies,Wiring,rubber,1,2024.9989269908172,90.0,45.0,0.5,Schematic internal layout
XBOX-0686,IDERibbonHDD,XBOX-0686 · Folded hard-drive IDE ribbon termination,Wiring,rubber,1,799.9999999999998,50.0,21.5,11.0,Schematic internal layout
XBOX-0687,BoardPowerLead0,XBOX-0687 · Independent original cable route study,Wiring,black,1,15.286022027136765,46.90090101909943,0.6000002000000038,7.300000100000002,Schematic internal layout
XBOX-0688,BoardPowerLead1,XBOX-0688 · Independent original cable route study001,Wiring,yellow,1,14.15504867184444,42.90090101909943,0.6000002000000038,7.300000100000002,Schematic internal layout
XBOX-0689,BoardPowerLead2,XBOX-0689 · Independent original cable route study002,Wiring,black,1,13.024075316552116,38.90090101909943,0.6000002000000038,7.300000100000002,Schematic internal layout
XBOX-0690,BoardPowerLead3,XBOX-0690 · Independent original cable route study003,Wiring,yellow,1,11.893101961259763,34.90090101909942,0.6000002000000038,7.300000100000002,Schematic internal layout
XBOX-0691,BoardPowerLead4,XBOX-0691 · Independent original cable route study004,Wiring,black,1,10.76212860596744,30.90090101909942,0.6000002000000038,7.300000100000002,Schematic internal layout
XBOX-0692,HDDPowerLead0,XBOX-0692 · Independent original cable route study005,Wiring,red,1,31.958178495714268,35.70000019999998,37.35492007096736,26.697972566648062,Schematic internal layout
XBOX-0693,HDDPowerLead1,XBOX-0693 · Independent original cable route study006,Wiring,black,1,31.958178495714268,35.70000019999998,37.35492007096736,26.697972566648062,Schematic internal layout
XBOX-0694,HDDPowerLead2,XBOX-0694 · Independent original cable route study007,Wiring,black,1,31.95817849571426,35.70000019999998,37.35492007096736,26.697972566648062,Schematic internal layout
XBOX-0695,HDDPowerLead3,XBOX-0695 · Independent original cable route study008,Wiring,yellow,1,31.95817849571426,35.70000019999998,37.35492007096736,26.697972566648062,Schematic internal layout
XBOX-0696,DVDPowerLead0,XBOX-0696 · Independent original cable route study009,Wiring,black,1,59.5074106927657,15.560000200000005,174.53509466640213,56.490776442758545,Schematic internal layout
XBOX-0697,DVDPowerLead1,XBOX-0697 · Independent original cable route study010,Wiring,yellow,1,59.5074106927657,15.560000200000005,174.53509466640213,56.490776442758545,Schematic internal layout
XBOX-0698,DVDPowerLead2,XBOX-0698 · Independent original cable route study011,Wiring,black,1,59.50741069276572,15.560000200000005,174.53509466640213,56.490776442758545,Schematic internal layout
XBOX-0699,DVDPowerLead3,XBOX-0699 · Independent original cable route study012,Wiring,yellow,1,59.50741069276569,15.560000200000005,174.53509466640213,56.490776442758545,Schematic internal layout
XBOX-0700,DVDPowerLead4,XBOX-0700 · Independent original cable route study013,Wiring,black,1,59.50741069276575,15.560000200000005,174.53509466640213,56.490776442758545,Schematic internal layout
XBOX-0701,DVDPowerLead5,XBOX-0701 · Independent original cable route study014,Wiring,yellow,1,59.507410692765745,15.560000200000005,174.53509466640213,56.490776442758545,Schematic internal layout
XBOX-0702,GPUFanLead0,XBOX-0702 · Independent original cable route study015,Wiring,red,1,5.947610769370484,18.345967198060045,0.5000002000000023,22.265141596563847,Schematic internal layout
XBOX-0703,RearFanLead0,XBOX-0703 · Independent original cable route study016,Wiring,red,1,10.480896500910596,13.868573933345743,34.41229765619587,32.41229765619566,Schematic internal layout
XBOX-0704,GPUFanLead1,XBOX-0704 · Independent original cable route study017,Wiring,black,1,5.947610769370485,18.345967198060045,0.5000002000000023,22.265141596563847,Schematic internal layout
XBOX-0705,RearFanLead1,XBOX-0705 · Independent original cable route study018,Wiring,black,1,10.480896500910596,13.868573933345743,34.41229765619587,32.41229765619566,Schematic internal layout
XBOX-0706,FrontControllerLead0,XBOX-0706 · Independent original cable route study019,Wiring,black,1,98.60735776316646,35.20000019999998,33.834330008113724,15.15234916912511,Schematic internal layout
XBOX-0707,FrontControllerLead1,XBOX-0707 · Independent original cable route study020,Wiring,black,1,82.57846256622344,18.20000019999999,33.86176420391156,17.139888564317857,Schematic internal layout
XBOX-0708,FrontControllerLead2,XBOX-0708 · Independent original cable route study021,Wiring,black,1,229.50960184911077,145.20000019999998,33.88731137840834,19.126737443748627,Schematic internal layout
XBOX-0709,FrontControllerLead3,XBOX-0709 · Independent original cable route study022,Wiring,black,1,290.5795284378075,196.20000019999998,33.910981129655994,21.11311879893243,Schematic internal layout
XBOX-0710,FrontKeyLead0,XBOX-0710 · Independent original cable route study023,Wiring,red,1,10.139866987195656,0.6000002000000002,28.308270817383644,22.504924663914643,Schematic internal layout
XBOX-0711,FrontKeyLead1,XBOX-0711 · Independent original cable route study024,Wiring,black,1,10.139866987195674,0.6000002000000002,28.308270817383644,22.504924663914643,Schematic internal layout
XBOX-0712,CasePost0,XBOX-0712 · Original long case screw guide,Frame,accent,1,2797.2740987563498,7.399999999999977,7.400000000000006,80.0,Schematic internal layout
XBOX-0713,CaseShaft0,XBOX-0713 · Original long case fastener shank,Frame,steel,1,366.435367114713,2.3999999999999773,2.4000000000000057,81.0,Schematic internal layout
XBOX-0714,CaseHead0,XBOX-0714 · Original recessed Torx-head approximation,Frame,steel,1,11.963184824869934,5.0,5.0,0.7000000000000002,Schematic internal layout
XBOX-0715,CasePost1,XBOX-0715 · Original long case screw guide001,Frame,accent,1,2797.2740987563498,7.399999999999977,7.400000000000006,80.0,Schematic internal layout
XBOX-0716,CaseShaft1,XBOX-0716 · Original long case fastener shank001,Frame,steel,1,366.435367114713,2.3999999999999773,2.4000000000000057,81.0,Schematic internal layout
XBOX-0717,CaseHead1,XBOX-0717 · Original recessed Torx-head approximation001,Frame,steel,1,11.963184824869934,5.0,5.0,0.7000000000000002,Schematic internal layout
XBOX-0718,CasePost2,XBOX-0718 · Original long case screw guide002,Frame,accent,1,2797.2740987563498,7.399999999999977,7.400000000000006,80.0,Schematic internal layout
XBOX-0719,CaseShaft2,XBOX-0719 · Original long case fastener shank002,Frame,steel,1,366.435367114713,2.3999999999999773,2.4000000000000057,81.0,Schematic internal layout
XBOX-0720,CaseHead2,XBOX-0720 · Original recessed Torx-head approximation002,Frame,steel,1,11.963184824869934,5.0,5.0,0.7000000000000002,Schematic internal layout
XBOX-0721,CasePost3,XBOX-0721 · Original long case screw guide003,Frame,accent,1,2797.2740987563498,7.399999999999977,7.400000000000006,80.0,Schematic internal layout
XBOX-0722,CaseShaft3,XBOX-0722 · Original long case fastener shank003,Frame,steel,1,366.435367114713,2.3999999999999773,2.4000000000000057,81.0,Schematic internal layout
XBOX-0723,CaseHead3,XBOX-0723 · Original recessed Torx-head approximation003,Frame,steel,1,11.963184824869934,5.0,5.0,0.7000000000000002,Schematic internal layout
XBOX-0724,CasePost4,XBOX-0724 · Original long case screw guide004,Frame,accent,1,2797.2740987563516,7.399999999999999,7.400000000000006,80.0,Schematic internal layout
XBOX-0725,CaseShaft4,XBOX-0725 · Original long case fastener shank004,Frame,steel,1,366.4353671147132,2.3999999999999986,2.4000000000000057,81.0,Schematic internal layout
XBOX-0726,CaseHead4,XBOX-0726 · Original recessed Torx-head approximation004,Frame,steel,1,11.963184824869934,5.0,5.0,0.7000000000000002,Schematic internal layout
XBOX-0727,CasePost5,XBOX-0727 · Original long case screw guide005,Frame,accent,1,2797.274098756351,7.400000000000006,7.400000000000006,80.0,Schematic internal layout
XBOX-0728,CaseShaft5,XBOX-0728 · Original long case fastener shank005,Frame,steel,1,366.43536711471324,2.4000000000000057,2.4000000000000057,81.0,Schematic internal layout
XBOX-0729,CaseHead5,XBOX-0729 · Original recessed Torx-head approximation005,Frame,steel,1,11.963184824869934,5.0,5.0,0.7000000000000002,Schematic internal layout
XBOX-0730,BoardHead0,XBOX-0730 · Motherboard screw head,Frame,metal,1,6.832964021557792,4.399999999999977,4.400000000000006,0.5,Schematic internal layout
XBOX-0731,BoardShaft0,XBOX-0731 · Motherboard screw shank,Frame,metal,1,12.566370614359183,2.0,2.0,4.0,Schematic internal layout
XBOX-0732,BoardHead1,XBOX-0732 · Motherboard screw head001,Frame,metal,1,6.832964021557794,4.400000000000002,4.400000000000006,0.5,Schematic internal layout
XBOX-0733,BoardShaft1,XBOX-0733 · Motherboard screw shank001,Frame,metal,1,12.566370614359165,2.0,2.0,4.0,Schematic internal layout
XBOX-0734,BoardHead2,XBOX-0734 · Motherboard screw head002,Frame,metal,1,6.832964021557797,4.400000000000006,4.400000000000006,0.5,Schematic internal layout
XBOX-0735,BoardShaft2,XBOX-0735 · Motherboard screw shank002,Frame,metal,1,12.566370614359178,2.0,2.0,4.0,Schematic internal layout
XBOX-0736,BoardHead3,XBOX-0736 · Motherboard screw head003,Frame,metal,1,6.832964021557796,4.399999999999977,4.399999999999999,0.5,Schematic internal layout
XBOX-0737,BoardShaft3,XBOX-0737 · Motherboard screw shank003,Frame,metal,1,12.566370614359194,2.0,2.0,4.0,Schematic internal layout
XBOX-0738,BoardHead4,XBOX-0738 · Motherboard screw head004,Frame,metal,1,6.832964021557802,4.400000000000006,4.399999999999999,0.5,Schematic internal layout
XBOX-0739,BoardShaft4,XBOX-0739 · Motherboard screw shank004,Frame,metal,1,12.566370614359188,2.0,2.0,4.0,Schematic internal layout
XBOX-0740,BoardHead5,XBOX-0740 · Motherboard screw head005,Frame,metal,1,6.832964021557792,4.399999999999977,4.400000000000006,0.5,Schematic internal layout
XBOX-0741,BoardShaft5,XBOX-0741 · Motherboard screw shank005,Frame,metal,1,12.566370614359183,2.0,2.0,4.0,Schematic internal layout
XBOX-0742,BoardHead6,XBOX-0742 · Motherboard screw head006,Frame,metal,1,6.832964021557794,4.400000000000002,4.400000000000006,0.5,Schematic internal layout
XBOX-0743,BoardShaft6,XBOX-0743 · Motherboard screw shank006,Frame,metal,1,12.566370614359165,2.0,2.0,4.0,Schematic internal layout
XBOX-0744,BoardHead7,XBOX-0744 · Motherboard screw head007,Frame,metal,1,6.832964021557797,4.400000000000006,4.400000000000006,0.5,Schematic internal layout
XBOX-0745,BoardShaft7,XBOX-0745 · Motherboard screw shank007,Frame,metal,1,12.566370614359178,2.0,2.0,4.0,Schematic internal layout
XBOX-0746,BaseLabel0,XBOX-0746 · Generic underside information sticker,Body,white,1,143.98283185307184,60.0,30.0,0.08000000000000007,Official approximate envelope; photograph-guided original2001 local geometry
XBOX-0747,BaseLabel1,XBOX-0747 · Generic underside information sticker001,Body,white,1,143.98283185307184,60.0,30.0,0.08000000000000007,Official approximate envelope; photograph-guided original2001 local geometry
XBOX-0748,RearXboxMark,XBOX-0748 · XBOX002,Body,white,4,0.7373236089520266,20.883724832214767,0.01800019999998881,5.846980065771788,Official approximate envelope; photograph-guided original2001 local geometry
XBOX-0749,DukeBack,XBOX-0749 · DukeBack019,Controller,accent,1,50974.540769463085,180.5144415810931,121.40702889061096,22.00000020000002,Official approximate envelope; photograph-guided original2001 local geometry
XBOX-0750,DukeFront,XBOX-0750 · DukeFront014,Controller,accent,1,41502.73629845277,179.53555491620799,120.76644333782826,16.7000002,Official approximate envelope; photograph-guided original2001 local geometry
XBOX-0751,DukeJewel,XBOX-0751 · Original static translucent center jewel approximation,Controller,black,1,2889.7248873661906,53.200000000000045,53.199999999999996,1.2999999999999972,Official approximate envelope; photograph-guided original2001 local geometry
XBOX-0752,DukeJewelX0,XBOX-0752 · Static green jewel cross marking,Controller,green,1,4.765663706143553,20.076021052939154,25.828046347083472,0.03999999999999915,Official approximate envelope; photograph-guided original2001 local geometry
XBOX-0753,DukeJewelX1,XBOX-0753 · Static green jewel cross marking002,Controller,green,2,4.092727882631075,20.076021052939154,25.828046347083472,0.03999999999999915,Official approximate envelope; photograph-guided original2001 local geometry
XBOX-0754,DukeJewelMark,XBOX-0754 · XBOX003,Controller,green,4,0.7373236089520266,20.883724832214796,5.846980065771788,0.01800020000000302,Official approximate envelope; photograph-guided original2001 local geometry
XBOX-0755,DukeStickDome0,XBOX-0755 · Original analog stick dust dome,Controller,black,1,2272.7475061276937,24.979991993593615,24.979991993593586,5.40000000000002,Schematic internal layout
XBOX-0756,DukeStickStem0,XBOX-0756 · Original hollow thumbstick neck,Controller,black,1,108.5734421080631,5.600000000000023,5.599999999999994,9.0,Schematic internal layout
XBOX-0757,DukeStickCap0,XBOX-0757 · Original concave analog thumbstick cap,Controller,black,1,844.7616981796805,20.0,20.0,3.0,Official approximate envelope; photograph-guided original2001 local geometry
XBOX-0758,DukeStickDome1,XBOX-0758 · Original analog stick dust dome001,Controller,black,1,2272.7475061276937,24.979991993593558,24.979991993593586,5.40000000000002,Schematic internal layout
XBOX-0759,DukeStickStem1,XBOX-0759 · Original hollow thumbstick neck001,Controller,black,1,108.57344210806345,5.600000000000023,5.599999999999994,9.0,Schematic internal layout
XBOX-0760,DukeStickCap1,XBOX-0760 · Original concave analog thumbstick cap001,Controller,black,1,844.76169817968,20.0,20.0,3.0,Official approximate envelope; photograph-guided original2001 local geometry
XBOX-0761,DukeButtonWhite,XBOX-0761 · Original Duke White face button,Controller,white,1,538.8791846411182,9.600000000000023,9.600000099999995,7.5,Official approximate envelope; photograph-guided original2001 local geometry
XBOX-0762,DukeButtonBlack,XBOX-0762 · Original Duke Black face button,Controller,black,1,538.8791846411182,9.600000000000023,9.600000099999995,7.5,Official approximate envelope; photograph-guided original2001 local geometry
XBOX-0763,DukeButtonY,XBOX-0763 · Original Duke Y face button,Controller,yellow,1,538.8791846411182,9.600000000000023,9.600000099999995,7.5,Official approximate envelope; photograph-guided original2001 local geometry
XBOX-0764,DukeMarkY,XBOX-0764 · Y,Controller,white,1,0.0359154152723275,2.6141149328859115,3.100671140939596,0.018000000000000682,Official approximate envelope; photograph-guided original2001 local geometry
XBOX-0765,DukeButtonB,XBOX-0765 · Original Duke B face button,Controller,red,1,538.8791846411182,9.600000100000045,9.599999999999994,7.5,Official approximate envelope; photograph-guided original2001 local geometry
XBOX-0766,DukeMarkB,XBOX-0766 · B,Controller,white,1,0.06623243444768573,2.1988466765101293,3.1006713409395985,0.01800020000000302,Official approximate envelope; photograph-guided original2001 local geometry
XBOX-0767,DukeButtonX,XBOX-0767 · Original Duke X face button,Controller,blue,1,538.8791846411183,9.600000100000045,9.599999999999994,7.5,Official approximate envelope; photograph-guided original2001 local geometry
XBOX-0768,DukeMarkX,XBOX-0768 · X,Controller,white,1,0.048032113667723024,2.6535654362415926,3.100671140939596,0.018000000000000682,Official approximate envelope; photograph-guided original2001 local geometry
XBOX-0769,DukeButtonA,XBOX-0769 · Original Duke A face button,Controller,green,1,538.8791846411183,9.600000100000045,9.599999999999994,7.5,Official approximate envelope; photograph-guided original2001 local geometry
XBOX-0770,DukeMarkA,XBOX-0770 · A,Controller,white,1,0.05258404215920828,2.840436241610746,3.100671140939596,0.018000000000000682,Official approximate envelope; photograph-guided original2001 local geometry
XBOX-0771,DukeDPadDisc,XBOX-0771 · Original circular D-pad lower web,Controller,black,1,825.5037352131753,27.400000000000034,27.400000000000006,1.3999999999999986,Official approximate envelope; photograph-guided original2001 local geometry
XBOX-0772,DukeDPadCross,XBOX-0772 · Original glossy raised directional cross,Controller,black,1,665.3318530717964,23.0,23.0,2.5,Official approximate envelope; photograph-guided original2001 local geometry
XBOX-0773,DukeSystemKey0,XBOX-0773 · Original BACK key,Controller,black,1,123.10486225480867,8.0,5.800000000000011,3.0,Official approximate envelope; photograph-guided original2001 local geometry
XBOX-0774,DukeSystemMark0,XBOX-0774 · BACK,Controller,white,4,0.07966063104561824,6.774412851677937,1.9489934885905882,0.01800020000000302,Official approximate envelope; photograph-guided original2001 local geometry
XBOX-0775,DukeSystemKey1,XBOX-0775 · Original START key,Controller,black,1,123.10486225480867,8.0,5.800000000000011,3.0,Official approximate envelope; photograph-guided original2001 local geometry
XBOX-0776,DukeSystemMark1,XBOX-0776 · START,Controller,white,5,0.08706970289908335,7.790436341610757,1.9489934885905882,0.01800020000000302,Official approximate envelope; photograph-guided original2001 local geometry
XBOX-0777,DukeMainPCB,XBOX-0777 · DukeMainPCB008,Controller,pcb,1,12829.810695804934,156.00000020000002,83.00000019999999,1.2000002000000123,Schematic internal layout
XBOX-0778,DukeMCU,XBOX-0778 · Original controller processing package study,Controller,black,1,215.88411500823457,12.0,12.0,1.5,Schematic internal layout
XBOX-0779,DukeMCUPin-1_0,XBOX-0779 · Controller package lead approximation,Controller,metal,1,0.09587638934211518,0.39999999999997726,1.5,0.16000000000000014,Schematic internal layout
XBOX-0780,DukeMCUPin-1_1,XBOX-0780 · Controller package lead approximation001,Controller,metal,1,0.09587638934211518,0.39999999999997726,1.5,0.16000000000000014,Schematic internal layout
XBOX-0781,DukeMCUPin-1_2,XBOX-0781 · Controller package lead approximation002,Controller,metal,1,0.09587638934211518,0.39999999999997726,1.5,0.16000000000000014,Schematic internal layout
XBOX-0782,DukeMCUPin-1_3,XBOX-0782 · Controller package lead approximation003,Controller,metal,1,0.09587638934211518,0.39999999999997726,1.5,0.16000000000000014,Schematic internal layout
XBOX-0783,DukeMCUPin-1_4,XBOX-0783 · Controller package lead approximation004,Controller,metal,1,0.09587638934211519,0.39999999999997726,1.5,0.16000000000000014,Schematic internal layout
XBOX-0784,DukeMCUPin-1_5,XBOX-0784 · Controller package lead approximation005,Controller,metal,1,0.09587638934211518,0.39999999999997726,1.5,0.16000000000000014,Schematic internal layout
XBOX-0785,DukeMCUPin-1_6,XBOX-0785 · Controller package lead approximation006,Controller,metal,1,0.09587638934211518,0.39999999999997726,1.5,0.16000000000000014,Schematic internal layout
XBOX-0786,DukeMCUPin-1_7,XBOX-0786 · Controller package lead approximation007,Controller,metal,1,0.09587638934211518,0.39999999999997726,1.5,0.16000000000000014,Schematic internal layout
XBOX-0787,DukeMCUPin-1_8,XBOX-0787 · Controller package lead approximation008,Controller,metal,1,0.09587638934211518,0.39999999999997726,1.5,0.16000000000000014,Schematic internal layout
XBOX-0788,DukeMCUPin-1_9,XBOX-0788 · Controller package lead approximation009,Controller,metal,1,0.09587638934211519,0.39999999999997726,1.5,0.16000000000000014,Schematic internal layout
XBOX-0789,DukeMCUPin-1_10,XBOX-0789 · Controller package lead approximation010,Controller,metal,1,0.09587638934211518,0.39999999999997726,1.5,0.16000000000000014,Schematic internal layout
XBOX-0790,DukeMCUPin-1_11,XBOX-0790 · Controller package lead approximation011,Controller,metal,1,0.09587638934211518,0.39999999999997726,1.5,0.16000000000000014,Schematic internal layout
XBOX-0791,DukeMCUPin1_0,XBOX-0791 · Controller package lead approximation012,Controller,metal,1,0.09587638934211518,0.39999999999997726,1.5,0.16000000000000014,Schematic internal layout
XBOX-0792,DukeMCUPin1_1,XBOX-0792 · Controller package lead approximation013,Controller,metal,1,0.09587638934211518,0.39999999999997726,1.5,0.16000000000000014,Schematic internal layout
XBOX-0793,DukeMCUPin1_2,XBOX-0793 · Controller package lead approximation014,Controller,metal,1,0.09587638934211518,0.39999999999997726,1.5,0.16000000000000014,Schematic internal layout
XBOX-0794,DukeMCUPin1_3,XBOX-0794 · Controller package lead approximation015,Controller,metal,1,0.09587638934211518,0.39999999999997726,1.5,0.16000000000000014,Schematic internal layout
XBOX-0795,DukeMCUPin1_4,XBOX-0795 · Controller package lead approximation016,Controller,metal,1,0.09587638934211519,0.39999999999997726,1.5,0.16000000000000014,Schematic internal layout
XBOX-0796,DukeMCUPin1_5,XBOX-0796 · Controller package lead approximation017,Controller,metal,1,0.09587638934211518,0.39999999999997726,1.5,0.16000000000000014,Schematic internal layout
XBOX-0797,DukeMCUPin1_6,XBOX-0797 · Controller package lead approximation018,Controller,metal,1,0.09587638934211518,0.39999999999997726,1.5,0.16000000000000014,Schematic internal layout
XBOX-0798,DukeMCUPin1_7,XBOX-0798 · Controller package lead approximation019,Controller,metal,1,0.09587638934211518,0.39999999999997726,1.5,0.16000000000000014,Schematic internal layout
XBOX-0799,DukeMCUPin1_8,XBOX-0799 · Controller package lead approximation020,Controller,metal,1,0.09587638934211518,0.39999999999997726,1.5,0.16000000000000014,Schematic internal layout
XBOX-0800,DukeMCUPin1_9,XBOX-0800 · Controller package lead approximation021,Controller,metal,1,0.09587638934211519,0.39999999999997726,1.5,0.16000000000000014,Schematic internal layout
XBOX-0801,DukeMCUPin1_10,XBOX-0801 · Controller package lead approximation022,Controller,metal,1,0.09587638934211518,0.39999999999997726,1.5,0.16000000000000014,Schematic internal layout
XBOX-0802,DukeMCUPin1_11,XBOX-0802 · Controller package lead approximation023,Controller,metal,1,0.09587638934211518,0.39999999999997726,1.5,0.16000000000000014,Schematic internal layout
XBOX-0803,DukeCrystal0,XBOX-0803 · Original controller crystal can study,Controller,metal,1,45.527786842338614,8.0,3.0,2.0,Schematic internal layout
XBOX-0804,DukeCrystal1,XBOX-0804 · Original controller crystal can study001,Controller,metal,1,45.52778684233862,8.0,3.0,2.0,Schematic internal layout
XBOX-0805,DukeAnalogFrame0,XBOX-0805 · Original two-axis analog module metal frame,Controller,metal,1,931.6049543863804,21.0,21.0,8.0,Schematic internal layout
XBOX-0806,DukeGimbalX0,XBOX-0806 · Analog gimbal outer cradle,Controller,black,1,150.79644737231013,14.0,14.0,2.0,Schematic internal layout
XBOX-0807,DukeGimbalY0,XBOX-0807 · Analog transverse pivot,Controller,metal,1,64.62256088434202,17.0,2.200000000000003,2.200000000000003,Schematic internal layout
XBOX-0808,DukeAnalogShaft0,XBOX-0808 · Original analog stick pivot shaft,Controller,black,1,80.42477193189876,3.1999999999999886,3.200000000000003,9.999999999999996,Schematic internal layout
XBOX-0809,DukePot0_0,XBOX-0809 · Analog stick potentiometer,Controller,green,1,278.49778714378215,2.5,16.0,7.0,Schematic internal layout
XBOX-0810,DukePot0_1,XBOX-0810 · Analog stick potentiometer001,Controller,green,1,278.49778714378215,16.0,2.5,7.0,Schematic internal layout
XBOX-0811,DukeAnalogFrame1,XBOX-0811 · Original two-axis analog module metal frame001,Controller,metal,1,931.6049543863804,21.0,21.0,8.0,Schematic internal layout
XBOX-0812,DukeGimbalX1,XBOX-0812 · Analog gimbal outer cradle001,Controller,black,1,150.79644737231007,14.0,14.0,2.0,Schematic internal layout
XBOX-0813,DukeGimbalY1,XBOX-0813 · Analog transverse pivot001,Controller,metal,1,64.62256088434206,17.0,2.1999999999999886,2.200000000000003,Schematic internal layout
XBOX-0814,DukeAnalogShaft1,XBOX-0814 · Original analog stick pivot shaft001,Controller,black,1,80.42477193189885,3.2000000000000455,3.1999999999999886,9.999999999999996,Schematic internal layout
XBOX-0815,DukePot1_0,XBOX-0815 · Analog stick potentiometer002,Controller,green,1,278.49778714378215,2.5,16.0,7.0,Schematic internal layout
XBOX-0816,DukePot1_1,XBOX-0816 · Analog stick potentiometer003,Controller,green,1,278.49778714378215,16.0,2.5,7.0,Schematic internal layout
XBOX-0817,DukePassive0,XBOX-0817 · Schematic controller passive component,Controller,cream,1,0.8057079632679521,1.8000000000000114,0.9000000000000057,0.5,Schematic internal layout
XBOX-0818,DukePassive1,XBOX-0818 · Schematic controller passive component001,Controller,cream,1,0.8057079632679519,1.8000000000000114,0.9000000000000057,0.5,Schematic internal layout
XBOX-0819,DukePassive2,XBOX-0819 · Schematic controller passive component002,Controller,cream,1,0.8057079632679455,1.8000000000000682,0.9000000000000057,0.5,Schematic internal layout
XBOX-0820,DukePassive3,XBOX-0820 · Schematic controller passive component003,Controller,cream,1,0.8057079632679455,1.8000000000000682,0.9000000000000057,0.5,Schematic internal layout
XBOX-0821,DukePassive4,XBOX-0821 · Schematic controller passive component004,Controller,cream,1,0.8057079632679454,1.8000000000000682,0.9000000000000057,0.5,Schematic internal layout
XBOX-0822,DukePassive7,XBOX-0822 · Schematic controller passive component005,Controller,cream,1,0.8057079632679521,1.8000000000000114,0.9000000000000057,0.5,Schematic internal layout
XBOX-0823,DukePassive8,XBOX-0823 · Schematic controller passive component006,Controller,cream,1,0.8057079632679519,1.8000000000000114,0.9000000000000057,0.5,Schematic internal layout
XBOX-0824,DukePassive9,XBOX-0824 · Schematic controller passive component007,Controller,cream,1,0.8057079632679455,1.8000000000000682,0.9000000000000057,0.5,Schematic internal layout
XBOX-0825,DukePassive10,XBOX-0825 · Schematic controller passive component008,Controller,cream,1,0.8057079632679455,1.8000000000000682,0.9000000000000057,0.5,Schematic internal layout
XBOX-0826,DukePassive11,XBOX-0826 · Schematic controller passive component009,Controller,cream,1,0.8057079632679454,1.8000000000000682,0.9000000000000057,0.5,Schematic internal layout
XBOX-0827,DukePassive12,XBOX-0827 · Schematic controller passive component010,Controller,cream,1,0.8057079632679454,1.8000000000000682,0.9000000000000057,0.5,Schematic internal layout
XBOX-0828,DukePassive16,XBOX-0828 · Schematic controller passive component011,Controller,cream,1,0.8057079632679454,1.8000000000000682,0.9000000000000057,0.5,Schematic internal layout
XBOX-0829,DukePassive17,XBOX-0829 · Schematic controller passive component012,Controller,cream,1,0.8057079632679454,1.8000000000000682,0.9000000000000057,0.5,Schematic internal layout
XBOX-0830,DukePassive18,XBOX-0830 · Schematic controller passive component013,Controller,cream,1,0.8057079632679454,1.8000000000000682,0.9000000000000057,0.5,Schematic internal layout
XBOX-0831,DukePassive19,XBOX-0831 · Schematic controller passive component014,Controller,cream,1,0.8057079632679454,1.8000000000000682,0.9000000000000057,0.5,Schematic internal layout
XBOX-0832,DukePassive23,XBOX-0832 · Schematic controller passive component015,Controller,cream,1,0.8057079632679452,1.8000000000000682,0.9000000000000057,0.5,Schematic internal layout
XBOX-0833,DukePassive24,XBOX-0833 · Schematic controller passive component016,Controller,cream,1,0.8057079632679452,1.8000000000000682,0.9000000000000057,0.5,Schematic internal layout
XBOX-0834,DukePassive25,XBOX-0834 · Schematic controller passive component017,Controller,cream,1,0.8057079632679452,1.8000000000000682,0.9000000000000057,0.5,Schematic internal layout
XBOX-0835,DukePassive26,XBOX-0835 · Schematic controller passive component018,Controller,cream,1,0.8057079632679452,1.8000000000000682,0.9000000000000057,0.5,Schematic internal layout
XBOX-0836,DukeContactWhite0,XBOX-0836 · Original six-key split PCB contact,Controller,gold,1,0.8617038032313362,7.59407663906552,3.6499999999999986,0.03999999999999915,Schematic internal layout
XBOX-0837,DukeContactWhite1,XBOX-0837 · Original six-key split PCB contact001,Controller,gold,1,0.8617038032313364,7.59407663906552,3.6499999999999986,0.03999999999999915,Schematic internal layout
XBOX-0838,DukeCarbonSheetWhite,XBOX-0838 · Original separate carbon-sticker contact layer,Controller,black,1,3.613145710893622,8.399999999999977,8.400000000000006,0.07000000000000028,Schematic internal layout
XBOX-0839,DukeKeyDomeWhite,XBOX-0839 · Original plain silicone key diaphragm,Controller,rubber,1,72.86093714566942,8.799999999999955,8.799999999999997,7.0,Schematic internal layout
XBOX-0840,DukeKeyStemWhite,XBOX-0840 · Original button underside actuator,Controller,black,1,33.250616645594306,4.2000000000000455,4.200000000000003,2.3999999999999986,Schematic internal layout
XBOX-0841,DukeContactBlack0,XBOX-0841 · Original six-key split PCB contact002,Controller,gold,1,0.8617038032313363,7.59407663906552,3.6499999999999986,0.03999999999999915,Schematic internal layout
XBOX-0842,DukeContactBlack1,XBOX-0842 · Original six-key split PCB contact003,Controller,gold,1,0.8617038032313364,7.59407663906552,3.6499999999999986,0.03999999999999915,Schematic internal layout
XBOX-0843,DukeCarbonSheetBlack,XBOX-0843 · Original separate carbon-sticker contact layer001,Controller,black,1,3.613145710893622,8.399999999999977,8.400000000000006,0.07000000000000028,Schematic internal layout
XBOX-0844,DukeKeyDomeBlack,XBOX-0844 · Original plain silicone key diaphragm001,Controller,rubber,1,72.86093714566942,8.799999999999955,8.799999999999997,7.0,Schematic internal layout
XBOX-0845,DukeKeyStemBlack,XBOX-0845 · Original button underside actuator001,Controller,black,1,33.250616645594306,4.2000000000000455,4.200000000000003,2.3999999999999986,Schematic internal layout
XBOX-0846,DukeContactY0,XBOX-0846 · Original six-key split PCB contact004,Controller,gold,1,0.8617038032313362,7.59407663906552,3.6499999999999986,0.03999999999999915,Schematic internal layout
XBOX-0847,DukeContactY1,XBOX-0847 · Original six-key split PCB contact005,Controller,gold,1,0.8617038032313364,7.59407663906552,3.6499999999999986,0.03999999999999915,Schematic internal layout
XBOX-0848,DukeCarbonSheetY,XBOX-0848 · Original separate carbon-sticker contact layer002,Controller,black,1,3.613145710893622,8.399999999999977,8.400000000000006,0.07000000000000028,Schematic internal layout
XBOX-0849,DukeKeyDomeY,XBOX-0849 · Original plain silicone key diaphragm002,Controller,rubber,1,72.86093714566942,8.799999999999955,8.799999999999997,7.0,Schematic internal layout
XBOX-0850,DukeKeyStemY,XBOX-0850 · Original button underside actuator002,Controller,black,1,33.250616645594306,4.2000000000000455,4.200000000000003,2.3999999999999986,Schematic internal layout
XBOX-0851,DukeContactB0,XBOX-0851 · Original six-key split PCB contact006,Controller,gold,1,0.8617038032313362,7.59407663906552,3.6499999999999986,0.03999999999999915,Schematic internal layout
XBOX-0852,DukeContactB1,XBOX-0852 · Original six-key split PCB contact007,Controller,gold,1,0.8617038032313367,7.59407663906552,3.6499999999999986,0.03999999999999915,Schematic internal layout
XBOX-0853,DukeCarbonSheetB,XBOX-0853 · Original separate carbon-sticker contact layer003,Controller,black,1,3.613145710893622,8.399999999999977,8.400000000000006,0.07000000000000028,Schematic internal layout
XBOX-0854,DukeKeyDomeB,XBOX-0854 · Original plain silicone key diaphragm003,Controller,rubber,1,72.86093714566934,8.799999999999955,8.800000000000004,7.0,Schematic internal layout
XBOX-0855,DukeKeyStemB,XBOX-0855 · Original button underside actuator003,Controller,black,1,33.250616645594306,4.2000000000000455,4.200000000000003,2.3999999999999986,Schematic internal layout
XBOX-0856,DukeContactX0,XBOX-0856 · Original six-key split PCB contact008,Controller,gold,1,0.8617038032313359,7.59407663906552,3.6499999999999915,0.03999999999999915,Schematic internal layout
XBOX-0857,DukeContactX1,XBOX-0857 · Original six-key split PCB contact009,Controller,gold,1,0.8617038032313358,7.59407663906552,3.6499999999999915,0.03999999999999915,Schematic internal layout
XBOX-0858,DukeCarbonSheetX,XBOX-0858 · Original separate carbon-sticker contact layer004,Controller,black,1,3.6131457108936216,8.399999999999977,8.400000000000006,0.07000000000000028,Schematic internal layout
XBOX-0859,DukeKeyDomeX,XBOX-0859 · Original plain silicone key diaphragm004,Controller,rubber,1,72.86093714566937,8.799999999999955,8.800000000000011,7.0,Schematic internal layout
XBOX-0860,DukeKeyStemX,XBOX-0860 · Original button underside actuator004,Controller,black,1,33.250616645594306,4.2000000000000455,4.199999999999989,2.3999999999999986,Schematic internal layout
XBOX-0861,DukeContactA0,XBOX-0861 · Original six-key split PCB contact010,Controller,gold,1,0.8617038032313358,7.59407663906552,3.6499999999999915,0.03999999999999915,Schematic internal layout
XBOX-0862,DukeContactA1,XBOX-0862 · Original six-key split PCB contact011,Controller,gold,1,0.8617038032313358,7.59407663906552,3.6499999999999915,0.03999999999999915,Schematic internal layout
XBOX-0863,DukeCarbonSheetA,XBOX-0863 · Original separate carbon-sticker contact layer005,Controller,black,1,3.6131457108936216,8.399999999999977,8.400000000000006,0.07000000000000028,Schematic internal layout
XBOX-0864,DukeKeyDomeA,XBOX-0864 · Original plain silicone key diaphragm005,Controller,rubber,1,72.86093714566937,8.799999999999955,8.800000000000011,7.0,Schematic internal layout
XBOX-0865,DukeKeyStemA,XBOX-0865 · Original button underside actuator005,Controller,black,1,33.250616645594306,4.2000000000000455,4.199999999999989,2.3999999999999986,Schematic internal layout
XBOX-0866,DukeSixKeyMat,XBOX-0866 · Original connected six-key silicone web007,Controller,rubber,1,643.3120950689736,31.000000200000727,56.000000199999995,0.5000014000000021,Schematic internal layout
XBOX-0867,DukeDPadCarrier,XBOX-0867 · Original separate D-pad contact carrier,Controller,black,1,515.2997350050655,27.0,27.0,0.8999999999999986,Schematic internal layout
XBOX-0868,DukeDirectionContact0,XBOX-0868 · D-pad carrier conductive contact,Controller,gold,1,0.628318530717962,4.0,4.0,0.05000000000000071,Schematic internal layout
XBOX-0869,DukeDirectionDome0,XBOX-0869 · Original D-pad rubber dome,Controller,rubber,1,19.90865587879572,5.200000000000074,5.199999999999989,3.5000000000000107,Schematic internal layout
XBOX-0870,DukeDirectionStem0,XBOX-0870 · D-pad underside actuator,Controller,black,1,13.571680263507892,2.3999999999999773,2.4000000000000057,3.0,Schematic internal layout
XBOX-0871,DukeDirectionContact1,XBOX-0871 · D-pad carrier conductive contact001,Controller,gold,1,0.628318530717962,4.0,4.0,0.05000000000000071,Schematic internal layout
XBOX-0872,DukeDirectionDome1,XBOX-0872 · Original D-pad rubber dome001,Controller,rubber,1,19.908655878795713,5.199999999999989,5.199999999999989,3.5000000000000107,Schematic internal layout
XBOX-0873,DukeDirectionStem1,XBOX-0873 · D-pad underside actuator001,Controller,black,1,13.571680263507892,2.3999999999999773,2.4000000000000057,3.0,Schematic internal layout
XBOX-0874,DukeDirectionContact2,XBOX-0874 · D-pad carrier conductive contact002,Controller,gold,1,0.6283185307179621,4.0,4.0,0.05000000000000071,Schematic internal layout
XBOX-0875,DukeDirectionDome2,XBOX-0875 · Original D-pad rubber dome002,Controller,rubber,1,19.908655878795713,5.199999999999989,5.199999999999989,3.5000000000000107,Schematic internal layout
XBOX-0876,DukeDirectionStem2,XBOX-0876 · D-pad underside actuator002,Controller,black,1,13.571680263507892,2.3999999999999773,2.4000000000000057,3.0,Schematic internal layout
XBOX-0877,DukeDirectionContact3,XBOX-0877 · D-pad carrier conductive contact003,Controller,gold,1,0.628318530717962,4.0,4.0,0.05000000000000071,Schematic internal layout
XBOX-0878,DukeDirectionDome3,XBOX-0878 · Original D-pad rubber dome003,Controller,rubber,1,19.908655878795713,5.199999999999989,5.199999999999989,3.500000000000007,Schematic internal layout
XBOX-0879,DukeDirectionStem3,XBOX-0879 · D-pad underside actuator003,Controller,black,1,13.571680263507892,2.3999999999999773,2.4000000000000057,3.0,Schematic internal layout
XBOX-0880,DukeDirectionContact4,XBOX-0880 · D-pad carrier conductive contact004,Controller,gold,1,0.628318530717962,4.0,4.0,0.05000000000000071,Schematic internal layout
XBOX-0881,DukeDirectionDome4,XBOX-0881 · Original D-pad rubber dome004,Controller,rubber,1,19.908655878795713,5.199999999999989,5.199999999999989,3.5000000000000107,Schematic internal layout
XBOX-0882,DukeDirectionStem4,XBOX-0882 · D-pad underside actuator004,Controller,black,1,13.57168026350789,2.3999999999999773,2.4000000000000057,3.0,Schematic internal layout
XBOX-0883,DukeDirectionContact5,XBOX-0883 · D-pad carrier conductive contact005,Controller,gold,1,0.628318530717962,4.0,4.0,0.05000000000000071,Schematic internal layout
XBOX-0884,DukeDirectionDome5,XBOX-0884 · Original D-pad rubber dome005,Controller,rubber,1,19.908655878795713,5.199999999999989,5.199999999999989,3.5000000000000107,Schematic internal layout
XBOX-0885,DukeDirectionStem5,XBOX-0885 · D-pad underside actuator005,Controller,black,1,13.571680263507892,2.3999999999999773,2.4000000000000057,3.0,Schematic internal layout
XBOX-0886,DukeDPadPivot,XBOX-0886 · D-pad central pivot post,Controller,black,1,40.997784129346776,3.0,3.0,5.799999999999997,Schematic internal layout
XBOX-0887,DukeSystemContact0,XBOX-0887 · Original Start Back conductive contact,Controller,gold,1,0.9817477042468165,5.0,5.0,0.05000000000000071,Schematic internal layout
XBOX-0888,DukeSystemPill0,XBOX-0888 · Start Back conductive rubber pill,Controller,black,1,1.8849555921538714,4.0,4.0,0.14999999999999858,Schematic internal layout
XBOX-0889,DukeSystemDome0,XBOX-0889 · Original Start Back silicone diaphragm,Controller,rubber,1,55.20376431236329,7.0,7.0,7.000000000000007,Schematic internal layout
XBOX-0890,DukeSystemStem0,XBOX-0890 · Start Back actuator stem,Controller,black,1,68.09402076655871,3.3999999999999773,3.4000000000000057,7.5,Schematic internal layout
XBOX-0891,DukeSystemContact1,XBOX-0891 · Original Start Back conductive contact001,Controller,gold,1,0.9817477042468165,5.0,5.0,0.05000000000000071,Schematic internal layout
XBOX-0892,DukeSystemPill1,XBOX-0892 · Start Back conductive rubber pill001,Controller,black,1,1.8849555921538714,4.0,4.0,0.14999999999999858,Schematic internal layout
XBOX-0893,DukeSystemDome1,XBOX-0893 · Original Start Back silicone diaphragm001,Controller,rubber,1,55.20376431236329,7.0,7.0,7.000000000000007,Schematic internal layout
XBOX-0894,DukeSystemStem1,XBOX-0894 · Start Back actuator stem001,Controller,black,1,68.09402076655871,3.3999999999999773,3.4000000000000057,7.5,Schematic internal layout
XBOX-0895,DukeMemorySlot0,XBOX-0895 · Original stacked memory-card connector housing,Controller,black,1,2661.2442450666144,48.0,20.0,7.0000000000000036,Schematic internal layout
XBOX-0896,DukeMemoryPin0_0,XBOX-0896 · Memory-card schematic connector contact,Controller,gold,1,1.1999072920065847,1.0,10.0,0.11999999999999922,Schematic internal layout
XBOX-0897,DukeMemoryPin0_1,XBOX-0897 · Memory-card schematic connector contact001,Controller,gold,1,1.1999072920065847,1.0,10.0,0.11999999999999922,Schematic internal layout
XBOX-0898,DukeMemoryPin0_2,XBOX-0898 · Memory-card schematic connector contact002,Controller,gold,1,1.1999072920065847,1.0,10.0,0.11999999999999922,Schematic internal layout
XBOX-0899,DukeMemoryPin0_3,XBOX-0899 · Memory-card schematic connector contact003,Controller,gold,1,1.1999072920065847,1.0,10.0,0.11999999999999922,Schematic internal layout
XBOX-0900,DukeMemoryPin0_4,XBOX-0900 · Memory-card schematic connector contact004,Controller,gold,1,1.1999072920065847,1.0,10.0,0.11999999999999922,Schematic internal layout
XBOX-0901,DukeMemoryPin0_5,XBOX-0901 · Memory-card schematic connector contact005,Controller,gold,1,1.1999072920065847,1.0,10.0,0.11999999999999922,Schematic internal layout
XBOX-0902,DukeMemoryPin0_6,XBOX-0902 · Memory-card schematic connector contact006,Controller,gold,1,1.1999072920065847,1.0,10.0,0.11999999999999922,Schematic internal layout
XBOX-0903,DukeMemoryPin0_7,XBOX-0903 · Memory-card schematic connector contact007,Controller,gold,1,1.1999072920065847,1.0,10.0,0.11999999999999922,Schematic internal layout
XBOX-0904,DukeMemorySlot1,XBOX-0904 · Original stacked memory-card connector housing001,Controller,black,1,2661.2442450666153,48.0,20.0,7.000000000000007,Schematic internal layout
XBOX-0905,DukeMemoryPin1_0,XBOX-0905 · Memory-card schematic connector contact008,Controller,gold,1,1.1999072920065905,1.0,10.0,0.120000000000001,Schematic internal layout
XBOX-0906,DukeMemoryPin1_1,XBOX-0906 · Memory-card schematic connector contact009,Controller,gold,1,1.1999072920065905,1.0,10.0,0.120000000000001,Schematic internal layout
XBOX-0907,DukeMemoryPin1_2,XBOX-0907 · Memory-card schematic connector contact010,Controller,gold,1,1.1999072920065905,1.0,10.0,0.120000000000001,Schematic internal layout
XBOX-0908,DukeMemoryPin1_3,XBOX-0908 · Memory-card schematic connector contact011,Controller,gold,1,1.1999072920065905,1.0,10.0,0.120000000000001,Schematic internal layout
XBOX-0909,DukeMemoryPin1_4,XBOX-0909 · Memory-card schematic connector contact012,Controller,gold,1,1.1999072920065905,1.0,10.0,0.120000000000001,Schematic internal layout
XBOX-0910,DukeMemoryPin1_5,XBOX-0910 · Memory-card schematic connector contact013,Controller,gold,1,1.1999072920065905,1.0,10.0,0.120000000000001,Schematic internal layout
XBOX-0911,DukeMemoryPin1_6,XBOX-0911 · Memory-card schematic connector contact014,Controller,gold,1,1.1999072920065905,1.0,10.0,0.120000000000001,Schematic internal layout
XBOX-0912,DukeMemoryPin1_7,XBOX-0912 · Memory-card schematic connector contact015,Controller,gold,1,1.1999072920065905,1.0,10.0,0.120000000000001,Schematic internal layout
XBOX-0913,DukeMotor0,XBOX-0913 · Original grip vibration motor,Controller,metal,1,3053.6280592892795,18.0,18.0,12.0,Schematic internal layout
XBOX-0914,DukeWeight0,XBOX-0914 · Original eccentric vibration weight,Controller,metal,1,402.1238596594935,16.0,8.0,4.0,Schematic internal layout
XBOX-0915,DukeMotorBracket0,XBOX-0915 · Original motor retaining strap,Controller,metal,1,52.758796447372305,22.0,2.0,1.1999999999999993,Schematic internal layout
XBOX-0916,DukeMotorConnector0,XBOX-0916 · Original white PH motor-wire connector,Controller,white,1,159.45061929829745,8.0,5.0,4.0,Schematic internal layout
XBOX-0917,DukeMotorWire0_0,XBOX-0917 · Independent original cable route study025,Controller,red,1,3.811446485985603,7.375563591861038,22.191026896318363,2.88712298443253,Schematic internal layout
XBOX-0918,DukeMotorWire0_1,XBOX-0918 · Independent original cable route study026,Controller,black,1,3.8114464859856096,7.375563591861038,22.191026896318363,2.887122984432491,Schematic internal layout
XBOX-0919,DukeMotor1,XBOX-0919 · Original grip vibration motor001,Controller,metal,1,1847.2564803107985,14.0,14.0,12.0,Schematic internal layout
XBOX-0920,DukeWeight1,XBOX-0920 · Original eccentric vibration weight001,Controller,metal,1,226.19467105846502,12.0,6.0,4.0,Schematic internal layout
XBOX-0921,DukeMotorBracket1,XBOX-0921 · Original motor retaining strap001,Controller,metal,1,43.158796447372296,18.0,2.0,1.1999999999999993,Schematic internal layout
XBOX-0922,DukeMotorConnector1,XBOX-0922 · Original white PH motor-wire connector001,Controller,white,1,159.45061929829743,8.0,5.0,4.0,Schematic internal layout
XBOX-0923,DukeMotorWire1_0,XBOX-0923 · Independent original cable route study027,Controller,red,1,3.811446485986081,7.3755635918610665,22.191026896318363,2.8871229844325335,Schematic internal layout
XBOX-0924,DukeMotorWire1_1,XBOX-0924 · Independent original cable route study028,Controller,black,1,3.811446485986081,7.3755635918610665,22.191026896318363,2.8871229844325335,Schematic internal layout
XBOX-0925,DukeTrigger0,XBOX-0925 · Original underside analog trigger,Controller,black,1,3435.017672705389,20.0,16.0,11.0,Official approximate envelope; photograph-guided original2001 local geometry
XBOX-0926,DukeTriggerAxle0,XBOX-0926 · Original trigger pivot pin,Controller,metal,1,99.5256552657246,22.0,2.4000000000000057,2.3999999999999986,Schematic internal layout
XBOX-0927,DukeTriggerPot0,XBOX-0927 · Original trigger potentiometer,Controller,green,1,312.2530964914873,7.0,9.0,5.0,Schematic internal layout
XBOX-0928,DukeTriggerSpring0,XBOX-0928 · Original analog trigger compression spring approximation,Controller,metal,1,15.018975512086591,4.799998580097963,4.800000372307601,6.596160293187777,Schematic internal layout
XBOX-0929,DukeTrigger1,XBOX-0929 · Original underside analog trigger001,Controller,black,1,3435.0176727053895,20.0,16.0,11.0,Official approximate envelope; photograph-guided original2001 local geometry
XBOX-0930,DukeTriggerAxle1,XBOX-0930 · Original trigger pivot pin001,Controller,metal,1,99.5256552657246,22.0,2.4000000000000057,2.3999999999999986,Schematic internal layout
XBOX-0931,DukeTriggerPot1,XBOX-0931 · Original trigger potentiometer001,Controller,green,1,312.25309649148744,7.0,9.0,5.0,Schematic internal layout
XBOX-0932,DukeTriggerSpring1,XBOX-0932 · Original analog trigger compression spring approximation001,Controller,metal,1,15.018975512086575,4.799998580097963,4.800000372307601,6.596160293187777,Schematic internal layout
XBOX-0933,DukeCasePost0,XBOX-0933 · Original controller case screw guide,Controller,accent,1,414.47945694925966,4.8000001999999995,4.8000001999999995,31.000000800000056,Schematic internal layout
XBOX-0934,DukeCaseShaft0,XBOX-0934 · Original Duke case screw shaft,Controller,steel,1,76.340701482232,1.8000000000000114,1.7999999999999972,30.0,Schematic internal layout
XBOX-0935,DukeCaseHead0,XBOX-0935 · Original Duke screw head,Controller,steel,1,4.064435495581793,3.3999999999999773,3.4000000000000057,0.5,Schematic internal layout
XBOX-0936,DukeCasePost1,XBOX-0936 · Original controller case screw guide001,Controller,accent,1,414.4790334256155,4.8000001999999995,4.8000001999999995,31.00000080000004,Schematic internal layout
XBOX-0937,DukeCaseShaft1,XBOX-0937 · Original Duke case screw shaft001,Controller,steel,1,76.34070148223182,1.7999999999999545,1.7999999999999972,30.0,Schematic internal layout
XBOX-0938,DukeCaseHead1,XBOX-0938 · Original Duke screw head001,Controller,steel,1,4.064435495581789,3.3999999999999773,3.4000000000000057,0.5,Schematic internal layout
XBOX-0939,DukeCasePost2,XBOX-0939 · Original controller case screw guide002,Controller,accent,1,420.72208816874473,4.800000000000011,4.800000000000011,30.999999999999996,Schematic internal layout
XBOX-0940,DukeCaseShaft2,XBOX-0940 · Original Duke case screw shaft002,Controller,steel,1,76.34070148223196,1.8000000000000114,1.8000000000000114,30.0,Schematic internal layout
XBOX-0941,DukeCaseHead2,XBOX-0941 · Original Duke screw head002,Controller,steel,1,4.064435495581796,3.3999999999999773,3.4000000000000057,0.5,Schematic internal layout
XBOX-0942,DukeCasePost3,XBOX-0942 · Original controller case screw guide003,Controller,accent,1,420.72208816874485,4.7999999999999545,4.800000000000011,30.999999999999996,Schematic internal layout
XBOX-0943,DukeCaseShaft3,XBOX-0943 · Original Duke case screw shaft003,Controller,steel,1,76.3407014822318,1.7999999999999545,1.8000000000000114,30.0,Schematic internal layout
XBOX-0944,DukeCaseHead3,XBOX-0944 · Original Duke screw head003,Controller,steel,1,4.064435495581792,3.3999999999999773,3.4000000000000057,0.5,Schematic internal layout
XBOX-0945,DukeCasePost4,XBOX-0945 · Original controller case screw guide004,Controller,accent,2,390.19536351979247,4.800000224768894,4.800000229453417,31.0000008,Schematic internal layout
XBOX-0946,DukeCaseShaft4,XBOX-0946 · Original Duke case screw shaft004,Controller,steel,1,76.34070148223178,1.8000000000000114,1.8000000000000114,30.0,Schematic internal layout
XBOX-0947,DukeCaseHead4,XBOX-0947 · Original Duke screw head004,Controller,steel,1,4.0644354955817965,3.3999999999999773,3.3999999999999773,0.5,Schematic internal layout
XBOX-0948,DukeCasePost5,XBOX-0948 · Original controller case screw guide005,Controller,accent,2,390.19507645160434,4.800000241587554,4.800000213805902,31.00000080000004,Schematic internal layout
XBOX-0949,DukeCaseShaft5,XBOX-0949 · Original Duke case screw shaft005,Controller,steel,1,76.3407014822316,1.7999999999999545,1.8000000000000114,30.0,Schematic internal layout
XBOX-0950,DukeCaseHead5,XBOX-0950 · Original Duke screw head005,Controller,steel,1,4.064435495581793,3.3999999999999773,3.3999999999999773,0.5,Schematic internal layout
XBOX-0951,DukeCasePost6,XBOX-0951 · Original controller case screw guide006,Controller,accent,1,420.72208816874485,4.7999999999999545,4.800000000000011,30.999999999999996,Schematic internal layout
XBOX-0952,DukeCaseShaft6,XBOX-0952 · Original Duke case screw shaft006,Controller,steel,1,76.3407014822318,1.7999999999999545,1.8000000000000114,30.0,Schematic internal layout
XBOX-0953,DukeCaseHead6,XBOX-0953 · Original Duke screw head006,Controller,steel,1,4.064435495581792,3.3999999999999773,3.4000000000000057,0.5,Schematic internal layout
XBOX-0954,DukeCableGrommet,XBOX-0954 · Original Duke cable strain relief,Controller,black,1,478.96721596630033,6.600000000000023,14.0,6.6000000000000005,Official approximate envelope; photograph-guided original2001 local geometry
XBOX-0955,DukeCable,XBOX-0955 · Independent original cable route study029,Controller,black,1,3364.8274798891966,115.40000020000002,191.25263201384303,3.400000200000002,Schematic internal layout
XBOX-0956,DukeBreakaway,XBOX-0956 · Original detachable cable breakaway body,Controller,black,1,3562.743338823081,28.0,13.0,10.0,Official approximate envelope; photograph-guided original2001 local geometry
XBOX-0957,DukeBreakawayMate,XBOX-0957 · Original short breakaway mating sleeve,Controller,black,1,1571.7145867644258,15.0,12.0,9.0,Official approximate envelope; photograph-guided original2001 local geometry
XBOX-0958,DukePlugLead,XBOX-0958 · Independent original cable route study030,Controller,black,1,928.8491059392072,65.53950014806765,23.400000200000022,3.400000199999999,Schematic internal layout
XBOX-0959,DukeConsolePlug,XBOX-0959 · Original proprietary controller cable plug grip,Controller,black,1,3710.0176727053895,23.0,15.0,11.0,Official approximate envelope; photograph-guided original2001 local geometry
XBOX-0960,DukePlugMetal,XBOX-0960 · Original controller cable hollow metal plug,Controller,metal,1,390.79379797371814,10.0,10.0,21.000000000000004,Official approximate envelope; photograph-guided original2001 local geometry
XBOX-0961,AVCableGrip,XBOX-0961 · Original composite A/V cable console-end grip,Accessories,black,1,6812.0176727053895,33.0,19.0,11.0,Official approximate envelope; photograph-guided original2001 local geometry
XBOX-0962,AVCableMetal,XBOX-0962 · Original proprietary AV cable hollow plug sleeve,Accessories,metal,1,536.4368989868586,29.0,11.000000000000002,8.000000000000004,Official approximate envelope; photograph-guided original2001 local geometry
XBOX-0963,RCAPlugGrip0,XBOX-0963 · Composite video or stereo audio molded RCA grip,Accessories,yellow,1,1727.875959474386,22.0,10.0,10.0,Official approximate envelope; photograph-guided original2001 local geometry
XBOX-0964,RCAPlugSleeve0,XBOX-0964 · RCA return sleeve,Accessories,metal,1,162.8601631620949,9.0,8.0,8.0,Official approximate envelope; photograph-guided original2001 local geometry
XBOX-0965,RCAPlugPin0,XBOX-0965 · RCA center signal pin,Accessories,metal,1,49.762827632862304,11.0,2.4000000000000057,2.3999999999999995,Official approximate envelope; photograph-guided original2001 local geometry
XBOX-0966,AVCableBranch0,XBOX-0966 · Independent original cable route study031,Accessories,black,1,665.1388907132206,60.200000200000034,91.20000020000003,2.200000199999999,Schematic internal layout
XBOX-0967,RCAPlugGrip1,XBOX-0967 · Composite video or stereo audio molded RCA grip001,Accessories,white,1,1727.875959474386,22.0,10.0,10.0,Official approximate envelope; photograph-guided original2001 local geometry
XBOX-0968,RCAPlugSleeve1,XBOX-0968 · RCA return sleeve001,Accessories,metal,1,162.8601631620949,9.0,8.0,8.0,Official approximate envelope; photograph-guided original2001 local geometry
XBOX-0969,RCAPlugPin1,XBOX-0969 · RCA center signal pin001,Accessories,metal,1,49.76282763286233,11.0,2.3999999999999986,2.3999999999999995,Official approximate envelope; photograph-guided original2001 local geometry
XBOX-0970,AVCableBranch1,XBOX-0970 · Independent original cable route study032,Accessories,black,1,697.6067027000288,71.20000020000003,75.20000020000003,6.185393400283535,Schematic internal layout
XBOX-0971,RCAPlugGrip2,XBOX-0971 · Composite video or stereo audio molded RCA grip002,Accessories,red,1,1727.875959474386,22.0,10.0,10.0,Official approximate envelope; photograph-guided original2001 local geometry
XBOX-0972,RCAPlugSleeve2,XBOX-0972 · RCA return sleeve002,Accessories,metal,1,162.8601631620949,9.0,8.0,8.0,Official approximate envelope; photograph-guided original2001 local geometry
XBOX-0973,RCAPlugPin2,XBOX-0973 · RCA center signal pin002,Accessories,metal,1,49.76282763286233,11.0,2.3999999999999995,2.3999999999999995,Official approximate envelope; photograph-guided original2001 local geometry
XBOX-0974,AVCableBranch2,XBOX-0974 · Independent original cable route study033,Accessories,black,1,737.3368568134532,82.20000020000006,59.2000002,10.163554403416448,Schematic internal layout
XBOX-0975,ACPlug,XBOX-0975 · Generic original AC cable wall-end body,Accessories,black,1,7374.566340470004,23.0,25.0,13.0,Official approximate envelope; photograph-guided original2001 local geometry
XBOX-0976,C7Grip,XBOX-0976 · Original two-pin appliance connector grip,Accessories,black,1,4062.743338823081,18.0,23.0,10.0,Official approximate envelope; photograph-guided original2001 local geometry
XBOX-0977,ACAccessory,XBOX-0977 · Independent original cable route study034,Accessories,black,1,752.1473830214859,53.400000199999994,20.59596091534783,3.400000199999999,Schematic internal layout
XBOX-0978,C7Tip,XBOX-0978 · Original two-pin appliance plug with contact wells,Accessories,black,1,826.5939368209806,14.0,10.0,8.0,Official approximate envelope; photograph-guided original2001 local geometry
