Part number,Part ID,Label,Assembly,Material,Solid count,Volume mm3,X mm,Y mm,Z mm,Fidelity
MEGADRIVE-0001,LowerHousing,MEGADRIVE-0001 · Tapered Model 1 lower shell002,Body,mdblack,1,140454.5734558998,280.0000002,212.0000002,16.500000200000002,Published envelope; approximate photographic exterior detail
MEGADRIVE-0002,UpperHousing,MEGADRIVE-0002 · Sloping Model 1 upper shell016,Body,mdblack,1,316445.2603021418,280.0000002,212.0000002,56.6000002,Published envelope; approximate photographic exterior detail
MEGADRIVE-0003,DeckRing,MEGADRIVE-0003 · Glossy annular cartridge-deck inlay001,Body,gloss,1,1500.9254730677394,176.9,171.60275100680678,0.4200000000000017,Published envelope; approximate photographic exterior detail
MEGADRIVE-0004,Foot0,MEGADRIVE-0004 · Lower shell elastomer foot,Body,rubber,1,158.9929188601028,13.0,9.0,1.4,Published envelope; approximate photographic exterior detail
MEGADRIVE-0005,Foot1,MEGADRIVE-0005 · Lower shell elastomer foot001,Body,rubber,1,158.9929188601028,13.0,9.0,1.4,Published envelope; approximate photographic exterior detail
MEGADRIVE-0006,Foot2,MEGADRIVE-0006 · Lower shell elastomer foot002,Body,rubber,1,158.9929188601028,13.0,9.0,1.4,Published envelope; approximate photographic exterior detail
MEGADRIVE-0007,Foot3,MEGADRIVE-0007 · Lower shell elastomer foot003,Body,rubber,1,158.9929188601028,13.0,9.0,1.4,Published envelope; approximate photographic exterior detail
MEGADRIVE-0008,CartridgeFlap,MEGADRIVE-0008 · Spring-return cartridge dust door,CardReader,mdblack,1,2545.649396453286,123.5,17.599999999999998,1.2000000000000028,Published envelope; approximate photographic exterior detail
MEGADRIVE-0009,FlapPivot-1,MEGADRIVE-0009 · Dust-door hinge stub,CardReader,mdblack,1,15.268140296446372,6.0,1.7999999999999972,1.8000000000000114,Published envelope; approximate photographic exterior detail
MEGADRIVE-0010,FlapPivot1,MEGADRIVE-0010 · Dust-door hinge stub001,CardReader,mdblack,1,15.268140296446372,6.0,1.7999999999999972,1.8000000000000114,Published envelope; approximate photographic exterior detail
MEGADRIVE-0011,ControlPanel,MEGADRIVE-0011 · Glossy power/volume/reset inset001,Controls,gloss,1,2142.807663042968,71.39999999999999,63.400000000000006,0.6000000000000014,Published envelope; approximate photographic exterior detail
MEGADRIVE-0012,VolumeTrack,MEGADRIVE-0012 · Headphone slider recess001,Controls,black,1,250.25012385965934,7.800000000000011,41.5,0.7999999999999972,Published envelope; approximate photographic exterior detail
MEGADRIVE-0013,VolumeSlider,MEGADRIVE-0013 · Headphone volume slider,Controls,mdblack,1,152.2125749205957,7.400000000000006,9.0,2.299999999999997,Published envelope; approximate photographic exterior detail
MEGADRIVE-0014,VolumeMark,MEGADRIVE-0014 · Red slider index,Controls,mdred,1,0.35291327412287044,6.800000000000011,0.6500000000000057,0.0799999999999983,Published envelope; approximate photographic exterior detail
MEGADRIVE-0015,PowerSlider,MEGADRIVE-0015 · Cartridge-lock power slider,Controls,mdblack,1,389.1225660691707,25.80000000000001,10.799999999999997,1.3999999999999986,Published envelope; approximate photographic exterior detail
MEGADRIVE-0016,PowerMark,MEGADRIVE-0016 · Power slider red index,Controls,mdred,1,0.5153132741228681,0.75,8.600000000000009,0.0799999999999983,Published envelope; approximate photographic exterior detail
MEGADRIVE-0017,ResetButton,MEGADRIVE-0017 · Blue RESET pushbutton,Controls,mdblue,1,359.17592894744615,24.0,10.0,1.5,Published envelope; approximate photographic exterior detail
MEGADRIVE-0018,ResetGrip0,MEGADRIVE-0018 · Reset button moulded grip,Controls,mdblue,1,0.8376823001646865,1.0,7.0,0.11999999999999744,Published envelope; approximate photographic exterior detail
MEGADRIVE-0019,ResetGrip1,MEGADRIVE-0019 · Reset button moulded grip001,Controls,mdblue,1,0.8376823001646866,1.0,7.0,0.11999999999999744,Published envelope; approximate photographic exterior detail
MEGADRIVE-0020,ResetGrip2,MEGADRIVE-0020 · Reset button moulded grip002,Controls,mdblue,1,0.8376823001646865,1.0,7.0,0.11999999999999744,Published envelope; approximate photographic exterior detail
MEGADRIVE-0021,ResetGrip3,MEGADRIVE-0021 · Reset button moulded grip003,Controls,mdblue,1,0.8376823001646866,1.0,7.0,0.11999999999999744,Published envelope; approximate photographic exterior detail
MEGADRIVE-0022,ResetGrip4,MEGADRIVE-0022 · Reset button moulded grip004,Controls,mdblue,1,0.8376823001646866,1.0,7.0,0.11999999999999744,Published envelope; approximate photographic exterior detail
MEGADRIVE-0023,ResetGrip5,MEGADRIVE-0023 · Reset button moulded grip005,Controls,mdblue,1,0.8376823001646865,1.0,7.0,0.11999999999999744,Published envelope; approximate photographic exterior detail
MEGADRIVE-0024,ResetGrip6,MEGADRIVE-0024 · Reset button moulded grip006,Controls,mdblue,1,0.8376823001646863,1.0,7.0,0.11999999999999744,Published envelope; approximate photographic exterior detail
MEGADRIVE-0025,VolumeScale0,MEGADRIVE-0025 · Volume scale tick,Controls,white,1,0.027945061929829585,2.5,0.28000000000000114,0.03999999999999915,Published envelope; approximate photographic exterior detail
MEGADRIVE-0026,VolumeScale1,MEGADRIVE-0026 · Volume scale tick001,Controls,white,1,0.01562506192982967,1.4000000000000057,0.28000000000000114,0.03999999999999915,Published envelope; approximate photographic exterior detail
MEGADRIVE-0027,VolumeScale2,MEGADRIVE-0027 · Volume scale tick002,Controls,white,1,0.01562506192982967,1.4000000000000057,0.28000000000000114,0.03999999999999915,Published envelope; approximate photographic exterior detail
MEGADRIVE-0028,VolumeScale3,MEGADRIVE-0028 · Volume scale tick003,Controls,white,1,0.01562506192982967,1.4000000000000057,0.28000000000000114,0.03999999999999915,Published envelope; approximate photographic exterior detail
MEGADRIVE-0029,VolumeScale4,MEGADRIVE-0029 · Volume scale tick004,Controls,white,1,0.01562506192982967,1.4000000000000057,0.28000000000000114,0.03999999999999915,Published envelope; approximate photographic exterior detail
MEGADRIVE-0030,VolumeScale5,MEGADRIVE-0030 · Volume scale tick005,Controls,white,1,0.02794506192982959,2.5,0.28000000000000114,0.03999999999999915,Published envelope; approximate photographic exterior detail
MEGADRIVE-0031,VolumeScale6,MEGADRIVE-0031 · Volume scale tick006,Controls,white,1,0.015625061929829674,1.4000000000000057,0.28000000000000114,0.03999999999999915,Published envelope; approximate photographic exterior detail
MEGADRIVE-0032,VolumeScale7,MEGADRIVE-0032 · Volume scale tick007,Controls,white,1,0.015625061929829674,1.4000000000000057,0.28000000000000114,0.03999999999999915,Published envelope; approximate photographic exterior detail
MEGADRIVE-0033,VolumeScale8,MEGADRIVE-0033 · Volume scale tick008,Controls,white,1,0.015625061929829674,1.4000000000000057,0.28000000000000114,0.03999999999999915,Published envelope; approximate photographic exterior detail
MEGADRIVE-0034,VolumeScale9,MEGADRIVE-0034 · Volume scale tick009,Controls,white,1,0.015625061929829674,1.4000000000000057,0.28000000000000114,0.03999999999999915,Published envelope; approximate photographic exterior detail
MEGADRIVE-0035,VolumeScale10,MEGADRIVE-0035 · Volume scale tick010,Controls,white,1,0.027945061929829585,2.5,0.28000000000000114,0.03999999999999915,Published envelope; approximate photographic exterior detail
MEGADRIVE-0036,VolumeTitle,MEGADRIVE-0036 · PHONES VOL,Controls,white,9,0.12622024036246798,13.982143556375846,1.6566444953019897,0.01800020000000302,Published envelope; approximate photographic exterior detail
MEGADRIVE-0037,ResetTitle,MEGADRIVE-0037 · RESET,Controls,white,5,0.06696504262346799,6.811409495973152,1.6566444953019897,0.01800020000000302,Published envelope; approximate photographic exterior detail
MEGADRIVE-0038,PowerTitle,MEGADRIVE-0038 · POWER,Controls,white,5,0.0805915610568298,7.8386117771812,1.656644495302018,0.01800020000000302,Published envelope; approximate photographic exterior detail
MEGADRIVE-0039,LockTitle,MEGADRIVE-0039 · CARTRIDGE LOCK,Controls,white,13,0.10757027259597993,15.18483860671141,1.3155706697986602,0.01800020000000302,Published envelope; approximate photographic exterior detail
MEGADRIVE-0040,BitBadge,MEGADRIVE-0040 · Black 16-bit badge,Body,gloss,1,658.0685834705771,60.0,44.0,0.25,Published envelope; approximate photographic exterior detail
MEGADRIVE-0041,BitTitle,MEGADRIVE-0041 · 16-BIT,Body,letter,6,2.295192688688919,41.68640939597316,10.232214965100674,0.01800019999998881,Published envelope; approximate photographic exterior detail
MEGADRIVE-0042,SegaTitle,MEGADRIVE-0042 · SEGA,Body,white,4,0.45327002560696067,16.400335670469786,4.677584092617437,0.01800019999998881,Published envelope; approximate photographic exterior detail
MEGADRIVE-0043,MegaDriveTitle,MEGADRIVE-0043 · MEGA DRIVE,Body,white,9,0.4004347146806497,23.915184563758388,2.923490132885888,0.01800019999998881,Published envelope; approximate photographic exterior detail
MEGADRIVE-0044,PowerLED,MEGADRIVE-0044 · Original red power indicator,Controls,red,1,7.963937376850131,2.5999999999999943,2.5999999999999943,1.5,Published envelope; approximate photographic exterior detail
MEGADRIVE-0045,PadPort1Shield,MEGADRIVE-0045 · DE-9 trapezoidal metal shell,Ports,metal,1,483.5599999999998,25.0,7.0,10.600000000000001,Schematic internal layout
MEGADRIVE-0046,PadPort1Insert,MEGADRIVE-0046 · DE-9 insulating contact support,Ports,black,1,434.6029545606956,22.199999999999996,3.0,7.800000000000001,Schematic internal layout
MEGADRIVE-0047,PadPort1Pin0,MEGADRIVE-0047 · DE-9 contact 1,Ports,gold,1,4.374919097536083,0.9799999999999898,5.800000000000011,0.9799999999999969,Schematic internal layout
MEGADRIVE-0048,PadPort1Pin1,MEGADRIVE-0048 · DE-9 contact 2,Ports,gold,1,4.374919097536078,0.980000000000004,5.800000000000011,0.9799999999999969,Schematic internal layout
MEGADRIVE-0049,PadPort1Pin2,MEGADRIVE-0049 · DE-9 contact 3,Ports,gold,1,4.37491909753608,0.980000000000004,5.800000000000011,0.9799999999999969,Schematic internal layout
MEGADRIVE-0050,PadPort1Pin3,MEGADRIVE-0050 · DE-9 contact 4,Ports,gold,1,4.374919097536078,0.980000000000004,5.800000000000011,0.9799999999999969,Schematic internal layout
MEGADRIVE-0051,PadPort1Pin4,MEGADRIVE-0051 · DE-9 contact 5,Ports,gold,1,4.374919097536078,0.980000000000004,5.800000000000011,0.9799999999999969,Schematic internal layout
MEGADRIVE-0052,PadPort1Pin5,MEGADRIVE-0052 · DE-9 contact 6,Ports,gold,1,4.374919097536079,0.980000000000004,5.800000000000011,0.9799999999999969,Schematic internal layout
MEGADRIVE-0053,PadPort1Pin6,MEGADRIVE-0053 · DE-9 contact 7,Ports,gold,1,4.374919097536079,0.980000000000004,5.800000000000011,0.9799999999999969,Schematic internal layout
MEGADRIVE-0054,PadPort1Pin7,MEGADRIVE-0054 · DE-9 contact 8,Ports,gold,1,4.374919097536079,0.980000000000004,5.800000000000011,0.9799999999999969,Schematic internal layout
MEGADRIVE-0055,PadPort1Pin8,MEGADRIVE-0055 · DE-9 contact 9,Ports,gold,1,4.374919097536079,0.980000000000004,5.800000000000011,0.9799999999999969,Schematic internal layout
MEGADRIVE-0056,PadPort1Tab-1,MEGADRIVE-0056 · Connector mounting ear,Ports,metal,1,35.245420744124935,4.0,1.0,10.599999999999998,Schematic internal layout
MEGADRIVE-0057,PadPort1Tab1,MEGADRIVE-0057 · Connector mounting ear001,Ports,metal,1,35.245420744124935,4.0,1.0,10.599999999999998,Schematic internal layout
MEGADRIVE-0058,PortNumber1,MEGADRIVE-0058 · 1,Body,white,1,0.03060731723796256,1.6780620805369182,0.018000000000000682,2.8187919463087283,Published envelope; approximate photographic exterior detail
MEGADRIVE-0059,PadPort2Shield,MEGADRIVE-0059 · DE-9 trapezoidal metal shell001,Ports,metal,1,483.5599999999998,25.0,7.0,10.600000000000001,Schematic internal layout
MEGADRIVE-0060,PadPort2Insert,MEGADRIVE-0060 · DE-9 insulating contact support001,Ports,black,1,434.60295456069554,22.200000000000003,3.0,7.800000000000001,Schematic internal layout
MEGADRIVE-0061,PadPort2Pin0,MEGADRIVE-0061 · DE-9 contact 001,Ports,gold,1,4.374919097536077,0.9800000000000002,5.800000000000011,0.9799999999999969,Schematic internal layout
MEGADRIVE-0062,PadPort2Pin1,MEGADRIVE-0062 · DE-9 contact 002,Ports,gold,1,4.374919097536078,0.9800000000000002,5.800000000000011,0.9799999999999969,Schematic internal layout
MEGADRIVE-0063,PadPort2Pin2,MEGADRIVE-0063 · DE-9 contact 003,Ports,gold,1,4.374919097536077,0.9800000000000004,5.800000000000011,0.9799999999999969,Schematic internal layout
MEGADRIVE-0064,PadPort2Pin3,MEGADRIVE-0064 · DE-9 contact 004,Ports,gold,1,4.374919097536078,0.9800000000000004,5.800000000000011,0.9799999999999969,Schematic internal layout
MEGADRIVE-0065,PadPort2Pin4,MEGADRIVE-0065 · DE-9 contact 005,Ports,gold,1,4.374919097536077,0.9800000000000004,5.800000000000011,0.9799999999999969,Schematic internal layout
MEGADRIVE-0066,PadPort2Pin5,MEGADRIVE-0066 · DE-9 contact 006,Ports,gold,1,4.374919097536078,0.9800000000000006,5.800000000000011,0.9799999999999969,Schematic internal layout
MEGADRIVE-0067,PadPort2Pin6,MEGADRIVE-0067 · DE-9 contact 007,Ports,gold,1,4.374919097536078,0.9800000000000004,5.800000000000011,0.9799999999999969,Schematic internal layout
MEGADRIVE-0068,PadPort2Pin7,MEGADRIVE-0068 · DE-9 contact 008,Ports,gold,1,4.374919097536078,0.9800000000000004,5.800000000000011,0.9799999999999969,Schematic internal layout
MEGADRIVE-0069,PadPort2Pin8,MEGADRIVE-0069 · DE-9 contact 009,Ports,gold,1,4.374919097536079,0.9800000000000004,5.800000000000011,0.9799999999999969,Schematic internal layout
MEGADRIVE-0070,PadPort2Tab-1,MEGADRIVE-0070 · Connector mounting ear002,Ports,metal,1,35.245420744124935,4.0,1.0,10.599999999999998,Schematic internal layout
MEGADRIVE-0071,PadPort2Tab1,MEGADRIVE-0071 · Connector mounting ear003,Ports,metal,1,35.245420744124935,4.0,1.0,10.599999999999998,Schematic internal layout
MEGADRIVE-0072,PortNumber2,MEGADRIVE-0072 · 2,Body,white,1,0.03627439992321617,1.7894297302013422,0.01800019999998881,2.8671142939597303,Published envelope; approximate photographic exterior detail
MEGADRIVE-0073,ExtensionPortShield,MEGADRIVE-0073 · DE-9 trapezoidal metal shell002,Ports,metal,1,483.5599999999999,25.0,7.0,10.600000000000001,Schematic internal layout
MEGADRIVE-0074,ExtensionPortInsert,MEGADRIVE-0074 · DE-9 insulating contact support002,Ports,black,1,434.60295456069554,22.200000000000003,3.0,7.800000000000001,Schematic internal layout
MEGADRIVE-0075,ExtensionPortPin0,MEGADRIVE-0075 · DE-9 contact 010,Ports,gold,1,4.374919097536078,0.980000000000004,5.800000000000011,0.9799999999999969,Schematic internal layout
MEGADRIVE-0076,ExtensionPortPin1,MEGADRIVE-0076 · DE-9 contact 011,Ports,gold,1,4.374919097536078,0.980000000000004,5.800000000000011,0.9799999999999969,Schematic internal layout
MEGADRIVE-0077,ExtensionPortPin2,MEGADRIVE-0077 · DE-9 contact 012,Ports,gold,1,4.37491909753608,0.980000000000004,5.800000000000011,0.9799999999999969,Schematic internal layout
MEGADRIVE-0078,ExtensionPortPin3,MEGADRIVE-0078 · DE-9 contact 013,Ports,gold,1,4.374919097536078,0.980000000000004,5.800000000000011,0.9799999999999969,Schematic internal layout
MEGADRIVE-0079,ExtensionPortPin4,MEGADRIVE-0079 · DE-9 contact 014,Ports,gold,1,4.374919097536079,0.9800000000000004,5.800000000000011,0.9799999999999969,Schematic internal layout
MEGADRIVE-0080,ExtensionPortPin5,MEGADRIVE-0080 · DE-9 contact 015,Ports,gold,1,4.374919097536078,0.980000000000004,5.800000000000011,0.9799999999999969,Schematic internal layout
MEGADRIVE-0081,ExtensionPortPin6,MEGADRIVE-0081 · DE-9 contact 016,Ports,gold,1,4.374919097536079,0.980000000000004,5.800000000000011,0.9799999999999969,Schematic internal layout
MEGADRIVE-0082,ExtensionPortPin7,MEGADRIVE-0082 · DE-9 contact 017,Ports,gold,1,4.374919097536079,0.980000000000004,5.800000000000011,0.9799999999999969,Schematic internal layout
MEGADRIVE-0083,ExtensionPortPin8,MEGADRIVE-0083 · DE-9 contact 018,Ports,gold,1,4.374919097536081,0.980000000000004,5.800000000000011,0.9799999999999969,Schematic internal layout
MEGADRIVE-0084,ExtensionPortTab-1,MEGADRIVE-0084 · Connector mounting ear004,Ports,metal,1,35.24542074412493,4.0,1.0,10.599999999999998,Schematic internal layout
MEGADRIVE-0085,ExtensionPortTab1,MEGADRIVE-0085 · Connector mounting ear005,Ports,metal,1,35.245420744124935,4.0,1.0,10.599999999999998,Schematic internal layout
MEGADRIVE-0086,HeadphonesBarrel,MEGADRIVE-0086 · Headphones outer barrel,Ports,metal,1,58.19800390775087,6.199999999999989,6.5,6.200000000000003,Published envelope; approximate photographic exterior detail
MEGADRIVE-0087,HeadphonesInsulator,MEGADRIVE-0087 · Headphones insulated aperture,Ports,black,1,41.339432330424735,4.900000000000006,5.5,4.900000000000002,Published envelope; approximate photographic exterior detail
MEGADRIVE-0088,PowerDCBarrel,MEGADRIVE-0088 · PowerDC outer barrel,Ports,metal,1,66.36614480708431,7.0,6.5,7.0,Published envelope; approximate photographic exterior detail
MEGADRIVE-0089,PowerDCInsulator,MEGADRIVE-0089 · PowerDC insulated aperture,Ports,black,1,123.06796521356317,5.699999999999989,5.5,5.700000000000003,Published envelope; approximate photographic exterior detail
MEGADRIVE-0090,PowerCenter,MEGADRIVE-0090 · DC center contact,Ports,metal,1,7.068583470577038,1.5,4.0,1.5,Published envelope; approximate photographic exterior detail
MEGADRIVE-0091,AVBarrel,MEGADRIVE-0091 · AV outer barrel,Ports,metal,1,150.08958902525228,15.200000000000001,6.5,15.20000000000001,Published envelope; approximate photographic exterior detail
MEGADRIVE-0092,AVInsulator,MEGADRIVE-0092 · AV insulated aperture,Ports,black,1,137.8845015660557,13.899999999999999,5.5,13.900000000000002,Published envelope; approximate photographic exterior detail
MEGADRIVE-0093,AVContact0,MEGADRIVE-0093 · DIN AV socket contact 1,Ports,gold,1,2.432849350939938,1.1000000000000005,4.0,1.1000000000000014,Published envelope; approximate photographic exterior detail
MEGADRIVE-0094,AVContact1,MEGADRIVE-0094 · DIN AV socket contact 2,Ports,gold,1,2.432849350939935,1.1000000000000014,4.0,1.0999999999999943,Published envelope; approximate photographic exterior detail
MEGADRIVE-0095,AVContact2,MEGADRIVE-0095 · DIN AV socket contact 3,Ports,gold,1,2.4328493509399354,1.1000000000000014,4.0,1.0999999999999943,Published envelope; approximate photographic exterior detail
MEGADRIVE-0096,AVContact3,MEGADRIVE-0096 · DIN AV socket contact 4,Ports,gold,1,2.4328493509399385,1.1000000000000014,4.0,1.1000000000000014,Published envelope; approximate photographic exterior detail
MEGADRIVE-0097,AVContact4,MEGADRIVE-0097 · DIN AV socket contact 5,Ports,gold,1,2.4328493509399385,1.1000000000000014,4.0,1.1000000000000014,Published envelope; approximate photographic exterior detail
MEGADRIVE-0098,AVContact5,MEGADRIVE-0098 · DIN AV socket contact 6,Ports,gold,1,2.4328493509399385,1.1000000000000014,4.0,1.1000000000000014,Published envelope; approximate photographic exterior detail
MEGADRIVE-0099,AVContact6,MEGADRIVE-0099 · DIN AV socket contact 7,Ports,gold,1,2.432849350939936,1.1000000000000014,4.0,1.1000000000000014,Published envelope; approximate photographic exterior detail
MEGADRIVE-0100,AVContact7,MEGADRIVE-0100 · DIN AV socket contact 8,Ports,gold,1,2.4328493509399376,1.1000000000000005,4.0,1.1000000000000014,Published envelope; approximate photographic exterior detail
MEGADRIVE-0101,AVInsert,MEGADRIVE-0101 · Eight-contact DIN insulator,Ports,black,1,209.16723887600838,12.200000000000001,2.0,12.20000000000001,Schematic internal layout
MEGADRIVE-0102,ExpansionCover,MEGADRIVE-0102 · Removable side expansion cover,Body,mdblack,1,1425.010300164688,1.1999999999999886,100.8,11.799999999999999,Published envelope; approximate photographic exterior detail
MEGADRIVE-0103,MainPCB,MEGADRIVE-0103 · VA2 photographic mainboard study002,Mainboard,pcb,1,70249.710636781,245.0,182.0,1.5999999999999996,Schematic internal layout
MEGADRIVE-0104,CPU68000,MEGADRIVE-0104 · MC68000 DIP package,Mainboard,black,1,7302.76389342117,83.0,22.000000000000007,4.0,Schematic internal layout
MEGADRIVE-0105,CPU68000Mark,MEGADRIVE-0105 · MC68000,Mainboard,white,7,0.1754565194670309,12.966157818120807,2.143892817449654,0.01800020000000302,Published envelope; approximate photographic exterior detail
MEGADRIVE-0106,CPU68000Index,MEGADRIVE-0106 · Package pin-one index,Mainboard,white,1,0.08042477193189806,1.5999999999999996,1.5999999999999943,0.03999999999999915,Published envelope; approximate photographic exterior detail
MEGADRIVE-0107,CPU68000Lead-1_0,MEGADRIVE-0107 · DIP terminal,Mainboard,metal,1,1.1047680000000002,0.4800000000000004,1.1700000000000017,4.979999999999999,Schematic internal layout
MEGADRIVE-0108,CPU68000Lead-1_1,MEGADRIVE-0108 · DIP terminal001,Mainboard,metal,1,1.1047680000000155,0.48,1.1700000000000017,4.979999999999999,Schematic internal layout
MEGADRIVE-0109,CPU68000Lead-1_2,MEGADRIVE-0109 · DIP terminal002,Mainboard,metal,1,1.1047680000000146,0.48,1.1700000000000017,4.979999999999999,Schematic internal layout
MEGADRIVE-0110,CPU68000Lead-1_3,MEGADRIVE-0110 · DIP terminal003,Mainboard,metal,1,1.1047680000000153,0.4800000000000002,1.1700000000000017,4.979999999999999,Schematic internal layout
MEGADRIVE-0111,CPU68000Lead-1_4,MEGADRIVE-0111 · DIP terminal004,Mainboard,metal,1,1.1047679999999986,0.4800000000000004,1.1700000000000017,4.979999999999999,Schematic internal layout
MEGADRIVE-0112,CPU68000Lead-1_5,MEGADRIVE-0112 · DIP terminal005,Mainboard,metal,1,1.104767999999998,0.4800000000000004,1.1700000000000017,4.979999999999999,Schematic internal layout
MEGADRIVE-0113,CPU68000Lead-1_6,MEGADRIVE-0113 · DIP terminal006,Mainboard,metal,1,1.1047679999999946,0.4800000000000004,1.1700000000000017,4.979999999999999,Schematic internal layout
MEGADRIVE-0114,CPU68000Lead-1_7,MEGADRIVE-0114 · DIP terminal007,Mainboard,metal,1,1.1047679999999946,0.4800000000000004,1.1700000000000017,4.979999999999999,Schematic internal layout
MEGADRIVE-0115,CPU68000Lead-1_8,MEGADRIVE-0115 · DIP terminal008,Mainboard,metal,1,1.1047679999999962,0.4800000000000004,1.1700000000000017,4.979999999999999,Schematic internal layout
MEGADRIVE-0116,CPU68000Lead-1_9,MEGADRIVE-0116 · DIP terminal009,Mainboard,metal,1,1.1047679999999933,0.4800000000000004,1.1700000000000017,4.979999999999999,Schematic internal layout
MEGADRIVE-0117,CPU68000Lead-1_10,MEGADRIVE-0117 · DIP terminal010,Mainboard,metal,1,1.1047679999999933,0.4800000000000004,1.1700000000000017,4.979999999999999,Schematic internal layout
MEGADRIVE-0118,CPU68000Lead-1_11,MEGADRIVE-0118 · DIP terminal011,Mainboard,metal,1,1.1047679999999906,0.4800000000000004,1.1700000000000017,4.979999999999999,Schematic internal layout
MEGADRIVE-0119,CPU68000Lead-1_12,MEGADRIVE-0119 · DIP terminal012,Mainboard,metal,1,1.1047679999999906,0.4800000000000004,1.1700000000000017,4.979999999999999,Schematic internal layout
MEGADRIVE-0120,CPU68000Lead-1_13,MEGADRIVE-0120 · DIP terminal013,Mainboard,metal,1,1.1047679999999962,0.4800000000000004,1.1700000000000017,4.979999999999999,Schematic internal layout
MEGADRIVE-0121,CPU68000Lead-1_14,MEGADRIVE-0121 · DIP terminal014,Mainboard,metal,1,1.1047679999999906,0.4800000000000004,1.1700000000000017,4.979999999999999,Schematic internal layout
MEGADRIVE-0122,CPU68000Lead-1_15,MEGADRIVE-0122 · DIP terminal015,Mainboard,metal,1,1.1047679999999853,0.4799999999999969,1.1700000000000017,4.979999999999999,Schematic internal layout
MEGADRIVE-0123,CPU68000Lead-1_16,MEGADRIVE-0123 · DIP terminal016,Mainboard,metal,1,1.1047679999999853,0.4799999999999969,1.1700000000000017,4.979999999999999,Schematic internal layout
MEGADRIVE-0124,CPU68000Lead-1_17,MEGADRIVE-0124 · DIP terminal017,Mainboard,metal,1,1.1047679999999853,0.4799999999999969,1.1700000000000017,4.979999999999999,Schematic internal layout
MEGADRIVE-0125,CPU68000Lead-1_18,MEGADRIVE-0125 · DIP terminal018,Mainboard,metal,1,1.104767999999985,0.4799999999999969,1.1700000000000017,4.979999999999999,Schematic internal layout
MEGADRIVE-0126,CPU68000Lead-1_19,MEGADRIVE-0126 · DIP terminal019,Mainboard,metal,1,1.1047679999999795,0.4799999999999969,1.1700000000000017,4.979999999999999,Schematic internal layout
MEGADRIVE-0127,CPU68000Lead-1_20,MEGADRIVE-0127 · DIP terminal020,Mainboard,metal,1,1.1047679999999853,0.4799999999999969,1.1700000000000017,4.979999999999999,Schematic internal layout
MEGADRIVE-0128,CPU68000Lead-1_21,MEGADRIVE-0128 · DIP terminal021,Mainboard,metal,1,1.1047679999999962,0.4799999999999969,1.1700000000000017,4.979999999999999,Schematic internal layout
MEGADRIVE-0129,CPU68000Lead-1_22,MEGADRIVE-0129 · DIP terminal022,Mainboard,metal,1,1.1047679999999798,0.4799999999999969,1.1700000000000017,4.979999999999999,Schematic internal layout
MEGADRIVE-0130,CPU68000Lead-1_23,MEGADRIVE-0130 · DIP terminal023,Mainboard,metal,1,1.1047679999999906,0.4799999999999969,1.1700000000000017,4.979999999999999,Schematic internal layout
MEGADRIVE-0131,CPU68000Lead-1_24,MEGADRIVE-0131 · DIP terminal024,Mainboard,metal,1,1.1047679999999636,0.4799999999999969,1.1700000000000017,4.979999999999999,Schematic internal layout
MEGADRIVE-0132,CPU68000Lead-1_25,MEGADRIVE-0132 · DIP terminal025,Mainboard,metal,1,1.1047679999999744,0.4799999999999969,1.1700000000000017,4.979999999999999,Schematic internal layout
MEGADRIVE-0133,CPU68000Lead-1_26,MEGADRIVE-0133 · DIP terminal026,Mainboard,metal,1,1.1047679999999689,0.4799999999999969,1.1700000000000017,4.979999999999999,Schematic internal layout
MEGADRIVE-0134,CPU68000Lead-1_27,MEGADRIVE-0134 · DIP terminal027,Mainboard,metal,1,1.1047679999999689,0.4799999999999969,1.1700000000000017,4.979999999999999,Schematic internal layout
MEGADRIVE-0135,CPU68000Lead-1_28,MEGADRIVE-0135 · DIP terminal028,Mainboard,metal,1,1.1047679999999853,0.480000000000004,1.1700000000000017,4.979999999999999,Schematic internal layout
MEGADRIVE-0136,CPU68000Lead-1_29,MEGADRIVE-0136 · DIP terminal029,Mainboard,metal,1,1.1047679999999853,0.480000000000004,1.1700000000000017,4.979999999999999,Schematic internal layout
MEGADRIVE-0137,CPU68000Lead-1_30,MEGADRIVE-0137 · DIP terminal030,Mainboard,metal,1,1.1047679999999744,0.480000000000004,1.1700000000000017,4.979999999999999,Schematic internal layout
MEGADRIVE-0138,CPU68000Lead-1_31,MEGADRIVE-0138 · DIP terminal031,Mainboard,metal,1,1.104767999999996,0.480000000000004,1.1700000000000017,4.979999999999999,Schematic internal layout
MEGADRIVE-0139,CPU68000Lead1_0,MEGADRIVE-0139 · DIP terminal032,Mainboard,metal,1,1.104767999999993,0.4800000000000004,1.1700000000000017,4.979999999999999,Schematic internal layout
MEGADRIVE-0140,CPU68000Lead1_1,MEGADRIVE-0140 · DIP terminal033,Mainboard,metal,1,1.1047679999999924,0.48,1.1700000000000017,4.979999999999999,Schematic internal layout
MEGADRIVE-0141,CPU68000Lead1_2,MEGADRIVE-0141 · DIP terminal034,Mainboard,metal,1,1.104767999999992,0.48,1.1700000000000017,4.979999999999999,Schematic internal layout
MEGADRIVE-0142,CPU68000Lead1_3,MEGADRIVE-0142 · DIP terminal035,Mainboard,metal,1,1.1047679999999922,0.4800000000000002,1.1700000000000017,4.979999999999999,Schematic internal layout
MEGADRIVE-0143,CPU68000Lead1_4,MEGADRIVE-0143 · DIP terminal036,Mainboard,metal,1,1.1047679999999929,0.4800000000000004,1.1700000000000017,4.979999999999999,Schematic internal layout
MEGADRIVE-0144,CPU68000Lead1_5,MEGADRIVE-0144 · DIP terminal037,Mainboard,metal,1,1.1047679999999922,0.4800000000000004,1.1700000000000017,4.979999999999999,Schematic internal layout
MEGADRIVE-0145,CPU68000Lead1_6,MEGADRIVE-0145 · DIP terminal038,Mainboard,metal,1,1.1047679999999902,0.4800000000000004,1.1700000000000017,4.979999999999999,Schematic internal layout
MEGADRIVE-0146,CPU68000Lead1_7,MEGADRIVE-0146 · DIP terminal039,Mainboard,metal,1,1.1047679999999958,0.4800000000000004,1.1700000000000017,4.979999999999999,Schematic internal layout
MEGADRIVE-0147,CPU68000Lead1_8,MEGADRIVE-0147 · DIP terminal040,Mainboard,metal,1,1.1047679999999902,0.4800000000000004,1.1700000000000017,4.979999999999999,Schematic internal layout
MEGADRIVE-0148,CPU68000Lead1_9,MEGADRIVE-0148 · DIP terminal041,Mainboard,metal,1,1.1047679999999958,0.4800000000000004,1.1700000000000017,4.979999999999999,Schematic internal layout
MEGADRIVE-0149,CPU68000Lead1_10,MEGADRIVE-0149 · DIP terminal042,Mainboard,metal,1,1.1047679999999902,0.4800000000000004,1.1700000000000017,4.979999999999999,Schematic internal layout
MEGADRIVE-0150,CPU68000Lead1_11,MEGADRIVE-0150 · DIP terminal043,Mainboard,metal,1,1.1047679999999955,0.4800000000000004,1.1700000000000017,4.979999999999999,Schematic internal layout
MEGADRIVE-0151,CPU68000Lead1_12,MEGADRIVE-0151 · DIP terminal044,Mainboard,metal,1,1.1047679999999875,0.4800000000000004,1.1700000000000017,4.979999999999999,Schematic internal layout
MEGADRIVE-0152,CPU68000Lead1_13,MEGADRIVE-0152 · DIP terminal045,Mainboard,metal,1,1.1047680000000066,0.4800000000000004,1.1700000000000017,4.979999999999999,Schematic internal layout
MEGADRIVE-0153,CPU68000Lead1_14,MEGADRIVE-0153 · DIP terminal046,Mainboard,metal,1,1.1047679999999929,0.4800000000000004,1.1700000000000017,4.979999999999999,Schematic internal layout
MEGADRIVE-0154,CPU68000Lead1_15,MEGADRIVE-0154 · DIP terminal047,Mainboard,metal,1,1.1047679999999909,0.4799999999999969,1.1700000000000017,4.979999999999999,Schematic internal layout
MEGADRIVE-0155,CPU68000Lead1_16,MEGADRIVE-0155 · DIP terminal048,Mainboard,metal,1,1.1047679999999964,0.4799999999999969,1.1700000000000017,4.979999999999999,Schematic internal layout
MEGADRIVE-0156,CPU68000Lead1_17,MEGADRIVE-0156 · DIP terminal049,Mainboard,metal,1,1.104768000000002,0.4799999999999969,1.1700000000000017,4.979999999999999,Schematic internal layout
MEGADRIVE-0157,CPU68000Lead1_18,MEGADRIVE-0157 · DIP terminal050,Mainboard,metal,1,1.1047679999999909,0.4799999999999969,1.1700000000000017,4.979999999999999,Schematic internal layout
MEGADRIVE-0158,CPU68000Lead1_19,MEGADRIVE-0158 · DIP terminal051,Mainboard,metal,1,1.1047679999999964,0.4799999999999969,1.1700000000000017,4.979999999999999,Schematic internal layout
MEGADRIVE-0159,CPU68000Lead1_20,MEGADRIVE-0159 · DIP terminal052,Mainboard,metal,1,1.1047679999999855,0.4799999999999969,1.1700000000000017,4.979999999999999,Schematic internal layout
MEGADRIVE-0160,CPU68000Lead1_21,MEGADRIVE-0160 · DIP terminal053,Mainboard,metal,1,1.1047680000000129,0.4799999999999969,1.1700000000000017,4.979999999999999,Schematic internal layout
MEGADRIVE-0161,CPU68000Lead1_22,MEGADRIVE-0161 · DIP terminal054,Mainboard,metal,1,1.1047680000000075,0.4799999999999969,1.1700000000000017,4.979999999999999,Schematic internal layout
MEGADRIVE-0162,CPU68000Lead1_23,MEGADRIVE-0162 · DIP terminal055,Mainboard,metal,1,1.1047679999999964,0.4799999999999969,1.1700000000000017,4.979999999999999,Schematic internal layout
MEGADRIVE-0163,CPU68000Lead1_24,MEGADRIVE-0163 · DIP terminal056,Mainboard,metal,1,1.104768000000002,0.4799999999999969,1.1700000000000017,4.979999999999999,Schematic internal layout
MEGADRIVE-0164,CPU68000Lead1_25,MEGADRIVE-0164 · DIP terminal057,Mainboard,metal,1,1.1047680000000129,0.4799999999999969,1.1700000000000017,4.979999999999999,Schematic internal layout
MEGADRIVE-0165,CPU68000Lead1_26,MEGADRIVE-0165 · DIP terminal058,Mainboard,metal,1,1.10476799999998,0.4799999999999969,1.1700000000000017,4.979999999999999,Schematic internal layout
MEGADRIVE-0166,CPU68000Lead1_27,MEGADRIVE-0166 · DIP terminal059,Mainboard,metal,1,1.1047679999999909,0.4799999999999969,1.1700000000000017,4.979999999999999,Schematic internal layout
MEGADRIVE-0167,CPU68000Lead1_28,MEGADRIVE-0167 · DIP terminal060,Mainboard,metal,1,1.1047680000000126,0.480000000000004,1.1700000000000017,4.979999999999999,Schematic internal layout
MEGADRIVE-0168,CPU68000Lead1_29,MEGADRIVE-0168 · DIP terminal061,Mainboard,metal,1,1.1047680000000126,0.480000000000004,1.1700000000000017,4.979999999999999,Schematic internal layout
MEGADRIVE-0169,CPU68000Lead1_30,MEGADRIVE-0169 · DIP terminal062,Mainboard,metal,1,1.1047680000000017,0.480000000000004,1.1700000000000017,4.979999999999999,Schematic internal layout
MEGADRIVE-0170,CPU68000Lead1_31,MEGADRIVE-0170 · DIP terminal063,Mainboard,metal,1,1.1047680000000237,0.480000000000004,1.1700000000000017,4.979999999999999,Schematic internal layout
MEGADRIVE-0171,SoundCPU,MEGADRIVE-0171 · Z80 DIP package,Mainboard,black,1,2938.763893421169,49.0,15.0,4.0,Schematic internal layout
MEGADRIVE-0172,SoundCPUMark,MEGADRIVE-0172 · Z80,Mainboard,white,3,0.07366981577251676,5.232474932214757,2.143892817449668,0.01800020000000302,Published envelope; approximate photographic exterior detail
MEGADRIVE-0173,SoundCPUIndex,MEGADRIVE-0173 · Package pin-one index001,Mainboard,white,1,0.08042477193189823,1.5999999999999943,1.5999999999999943,0.03999999999999915,Published envelope; approximate photographic exterior detail
MEGADRIVE-0174,SoundCPULead-1_0,MEGADRIVE-0174 · DIP terminal064,Mainboard,metal,1,1.10476800000004,0.480000000000004,1.1700000000000017,4.979999999999999,Schematic internal layout
MEGADRIVE-0175,SoundCPULead-1_1,MEGADRIVE-0175 · DIP terminal065,Mainboard,metal,1,1.10476800000004,0.480000000000004,1.1700000000000017,4.979999999999999,Schematic internal layout
MEGADRIVE-0176,SoundCPULead-1_2,MEGADRIVE-0176 · DIP terminal066,Mainboard,metal,1,1.104768000000051,0.480000000000004,1.1700000000000017,4.979999999999999,Schematic internal layout
MEGADRIVE-0177,SoundCPULead-1_3,MEGADRIVE-0177 · DIP terminal067,Mainboard,metal,1,1.1047680000000402,0.480000000000004,1.1700000000000017,4.979999999999999,Schematic internal layout
MEGADRIVE-0178,SoundCPULead-1_4,MEGADRIVE-0178 · DIP terminal068,Mainboard,metal,1,1.104768000000051,0.480000000000004,1.1700000000000017,4.979999999999999,Schematic internal layout
MEGADRIVE-0179,SoundCPULead-1_5,MEGADRIVE-0179 · DIP terminal069,Mainboard,metal,1,1.104768000000051,0.480000000000004,1.1700000000000017,4.979999999999999,Schematic internal layout
MEGADRIVE-0180,SoundCPULead-1_6,MEGADRIVE-0180 · DIP terminal070,Mainboard,metal,1,1.104768000000029,0.480000000000004,1.1700000000000017,4.979999999999999,Schematic internal layout
MEGADRIVE-0181,SoundCPULead-1_7,MEGADRIVE-0181 · DIP terminal071,Mainboard,metal,1,1.104768000000051,0.480000000000004,1.1700000000000017,4.979999999999999,Schematic internal layout
MEGADRIVE-0182,SoundCPULead-1_8,MEGADRIVE-0182 · DIP terminal072,Mainboard,metal,1,1.1047680000000621,0.480000000000004,1.1700000000000017,4.979999999999999,Schematic internal layout
MEGADRIVE-0183,SoundCPULead-1_9,MEGADRIVE-0183 · DIP terminal073,Mainboard,metal,1,1.1047680000000293,0.480000000000004,1.1700000000000017,4.979999999999999,Schematic internal layout
MEGADRIVE-0184,SoundCPULead-1_10,MEGADRIVE-0184 · DIP terminal074,Mainboard,metal,1,1.1047680000000182,0.480000000000004,1.1700000000000017,4.979999999999999,Schematic internal layout
MEGADRIVE-0185,SoundCPULead-1_11,MEGADRIVE-0185 · DIP terminal075,Mainboard,metal,1,1.1047680000000402,0.480000000000004,1.1700000000000017,4.979999999999999,Schematic internal layout
MEGADRIVE-0186,SoundCPULead-1_12,MEGADRIVE-0186 · DIP terminal076,Mainboard,metal,1,1.1047680000000293,0.480000000000004,1.1700000000000017,4.979999999999999,Schematic internal layout
MEGADRIVE-0187,SoundCPULead-1_13,MEGADRIVE-0187 · DIP terminal077,Mainboard,metal,1,1.1047680000000293,0.480000000000004,1.1700000000000017,4.979999999999999,Schematic internal layout
MEGADRIVE-0188,SoundCPULead-1_14,MEGADRIVE-0188 · DIP terminal078,Mainboard,metal,1,1.1047680000000293,0.480000000000004,1.1700000000000017,4.979999999999999,Schematic internal layout
MEGADRIVE-0189,SoundCPULead-1_15,MEGADRIVE-0189 · DIP terminal079,Mainboard,metal,1,1.1047680000000293,0.480000000000004,1.1700000000000017,4.979999999999999,Schematic internal layout
MEGADRIVE-0190,SoundCPULead-1_16,MEGADRIVE-0190 · DIP terminal080,Mainboard,metal,1,1.10476800000004,0.480000000000004,1.1700000000000017,4.979999999999999,Schematic internal layout
MEGADRIVE-0191,SoundCPULead-1_17,MEGADRIVE-0191 · DIP terminal081,Mainboard,metal,1,1.104768000000002,0.4799999999999969,1.1700000000000017,4.979999999999999,Schematic internal layout
MEGADRIVE-0192,SoundCPULead-1_18,MEGADRIVE-0192 · DIP terminal082,Mainboard,metal,1,1.1047680000000075,0.4799999999999969,1.1700000000000017,4.979999999999999,Schematic internal layout
MEGADRIVE-0193,SoundCPULead-1_19,MEGADRIVE-0193 · DIP terminal083,Mainboard,metal,1,1.1047680000000402,0.4799999999999969,1.1700000000000017,4.979999999999999,Schematic internal layout
MEGADRIVE-0194,SoundCPULead1_0,MEGADRIVE-0194 · DIP terminal084,Mainboard,metal,1,1.1047679999999795,0.480000000000004,1.1700000000000017,4.979999999999999,Schematic internal layout
MEGADRIVE-0195,SoundCPULead1_1,MEGADRIVE-0195 · DIP terminal085,Mainboard,metal,1,1.1047679999999795,0.480000000000004,1.1700000000000017,4.979999999999999,Schematic internal layout
MEGADRIVE-0196,SoundCPULead1_2,MEGADRIVE-0196 · DIP terminal086,Mainboard,metal,1,1.1047680000000013,0.480000000000004,1.1700000000000017,4.979999999999999,Schematic internal layout
MEGADRIVE-0197,SoundCPULead1_3,MEGADRIVE-0197 · DIP terminal087,Mainboard,metal,1,1.1047680000000342,0.480000000000004,1.1700000000000017,4.979999999999999,Schematic internal layout
MEGADRIVE-0198,SoundCPULead1_4,MEGADRIVE-0198 · DIP terminal088,Mainboard,metal,1,1.1047680000000013,0.480000000000004,1.1700000000000017,4.979999999999999,Schematic internal layout
MEGADRIVE-0199,SoundCPULead1_5,MEGADRIVE-0199 · DIP terminal089,Mainboard,metal,1,1.1047679999999798,0.480000000000004,1.1700000000000017,4.979999999999999,Schematic internal layout
MEGADRIVE-0200,SoundCPULead1_6,MEGADRIVE-0200 · DIP terminal090,Mainboard,metal,1,1.1047680000000122,0.480000000000004,1.1700000000000017,4.979999999999999,Schematic internal layout
MEGADRIVE-0201,SoundCPULead1_7,MEGADRIVE-0201 · DIP terminal091,Mainboard,metal,1,1.1047680000000013,0.480000000000004,1.1700000000000017,4.979999999999999,Schematic internal layout
MEGADRIVE-0202,SoundCPULead1_8,MEGADRIVE-0202 · DIP terminal092,Mainboard,metal,1,1.1047680000000124,0.480000000000004,1.1700000000000017,4.979999999999999,Schematic internal layout
MEGADRIVE-0203,SoundCPULead1_9,MEGADRIVE-0203 · DIP terminal093,Mainboard,metal,1,1.1047680000000124,0.480000000000004,1.1700000000000017,4.979999999999999,Schematic internal layout
MEGADRIVE-0204,SoundCPULead1_10,MEGADRIVE-0204 · DIP terminal094,Mainboard,metal,1,1.1047679999999906,0.480000000000004,1.1700000000000017,4.979999999999999,Schematic internal layout
MEGADRIVE-0205,SoundCPULead1_11,MEGADRIVE-0205 · DIP terminal095,Mainboard,metal,1,1.1047680000000124,0.480000000000004,1.1700000000000017,4.979999999999999,Schematic internal layout
MEGADRIVE-0206,SoundCPULead1_12,MEGADRIVE-0206 · DIP terminal096,Mainboard,metal,1,1.1047679999999906,0.480000000000004,1.1700000000000017,4.979999999999999,Schematic internal layout
MEGADRIVE-0207,SoundCPULead1_13,MEGADRIVE-0207 · DIP terminal097,Mainboard,metal,1,1.1047680000000013,0.480000000000004,1.1700000000000017,4.979999999999999,Schematic internal layout
MEGADRIVE-0208,SoundCPULead1_14,MEGADRIVE-0208 · DIP terminal098,Mainboard,metal,1,1.1047680000000013,0.480000000000004,1.1700000000000017,4.979999999999999,Schematic internal layout
MEGADRIVE-0209,SoundCPULead1_15,MEGADRIVE-0209 · DIP terminal099,Mainboard,metal,1,1.1047679999999904,0.480000000000004,1.1700000000000017,4.979999999999999,Schematic internal layout
MEGADRIVE-0210,SoundCPULead1_16,MEGADRIVE-0210 · DIP terminal100,Mainboard,metal,1,1.1047680000000013,0.480000000000004,1.1700000000000017,4.979999999999999,Schematic internal layout
MEGADRIVE-0211,SoundCPULead1_17,MEGADRIVE-0211 · DIP terminal101,Mainboard,metal,1,1.10476799999998,0.4799999999999969,1.1700000000000017,4.979999999999999,Schematic internal layout
MEGADRIVE-0212,SoundCPULead1_18,MEGADRIVE-0212 · DIP terminal102,Mainboard,metal,1,1.1047680000000073,0.4799999999999969,1.1700000000000017,4.979999999999999,Schematic internal layout
MEGADRIVE-0213,SoundCPULead1_19,MEGADRIVE-0213 · DIP terminal103,Mainboard,metal,1,1.1047680000000182,0.4799999999999969,1.1700000000000017,4.979999999999999,Schematic internal layout
MEGADRIVE-0214,YM2612,MEGADRIVE-0214 · YM2612 DIP package,Mainboard,black,1,1902.763893421169,34.0,14.0,4.0,Schematic internal layout
MEGADRIVE-0215,YM2612Mark,MEGADRIVE-0215 · YM2612,Mainboard,white,6,0.12993299592353835,11.105016878523486,2.1438928174496645,0.01800020000000302,Published envelope; approximate photographic exterior detail
MEGADRIVE-0216,YM2612Index,MEGADRIVE-0216 · Package pin-one index002,Mainboard,white,1,0.0804247719318982,1.5999999999999943,1.6000000000000014,0.03999999999999915,Published envelope; approximate photographic exterior detail
MEGADRIVE-0217,YM2612Lead-1_0,MEGADRIVE-0217 · DIP terminal104,Mainboard,metal,1,1.1047680000000302,0.480000000000004,1.17,4.979999999999999,Schematic internal layout
MEGADRIVE-0218,YM2612Lead-1_1,MEGADRIVE-0218 · DIP terminal105,Mainboard,metal,1,1.1047680000000413,0.480000000000004,1.17,4.979999999999999,Schematic internal layout
MEGADRIVE-0219,YM2612Lead-1_2,MEGADRIVE-0219 · DIP terminal106,Mainboard,metal,1,1.1047680000000084,0.480000000000004,1.17,4.979999999999999,Schematic internal layout
MEGADRIVE-0220,YM2612Lead-1_3,MEGADRIVE-0220 · DIP terminal107,Mainboard,metal,1,1.1047680000000195,0.480000000000004,1.17,4.979999999999999,Schematic internal layout
MEGADRIVE-0221,YM2612Lead-1_4,MEGADRIVE-0221 · DIP terminal108,Mainboard,metal,1,1.1047680000000195,0.480000000000004,1.17,4.979999999999999,Schematic internal layout
MEGADRIVE-0222,YM2612Lead-1_5,MEGADRIVE-0222 · DIP terminal109,Mainboard,metal,1,1.1047680000000084,0.480000000000004,1.17,4.979999999999999,Schematic internal layout
MEGADRIVE-0223,YM2612Lead-1_6,MEGADRIVE-0223 · DIP terminal110,Mainboard,metal,1,1.1047680000000084,0.480000000000004,1.17,4.979999999999999,Schematic internal layout
MEGADRIVE-0224,YM2612Lead-1_7,MEGADRIVE-0224 · DIP terminal111,Mainboard,metal,1,1.1047680000000302,0.480000000000004,1.17,4.979999999999999,Schematic internal layout
MEGADRIVE-0225,YM2612Lead-1_8,MEGADRIVE-0225 · DIP terminal112,Mainboard,metal,1,1.1047680000000195,0.480000000000004,1.17,4.979999999999999,Schematic internal layout
MEGADRIVE-0226,YM2612Lead-1_9,MEGADRIVE-0226 · DIP terminal113,Mainboard,metal,1,1.1047680000000084,0.480000000000004,1.17,4.979999999999999,Schematic internal layout
MEGADRIVE-0227,YM2612Lead-1_10,MEGADRIVE-0227 · DIP terminal114,Mainboard,metal,1,1.1047680000000304,0.480000000000004,1.17,4.979999999999999,Schematic internal layout
MEGADRIVE-0228,YM2612Lead-1_11,MEGADRIVE-0228 · DIP terminal115,Mainboard,metal,1,1.1047680000000413,0.480000000000004,1.17,4.979999999999999,Schematic internal layout
MEGADRIVE-0229,YM2612Lead1_0,MEGADRIVE-0229 · DIP terminal116,Mainboard,metal,1,1.1047680000000017,0.480000000000004,1.1700000000000017,4.979999999999999,Schematic internal layout
MEGADRIVE-0230,YM2612Lead1_1,MEGADRIVE-0230 · DIP terminal117,Mainboard,metal,1,1.1047680000000237,0.480000000000004,1.1700000000000017,4.979999999999999,Schematic internal layout
MEGADRIVE-0231,YM2612Lead1_2,MEGADRIVE-0231 · DIP terminal118,Mainboard,metal,1,1.10476799999998,0.480000000000004,1.1700000000000017,4.979999999999999,Schematic internal layout
MEGADRIVE-0232,YM2612Lead1_3,MEGADRIVE-0232 · DIP terminal119,Mainboard,metal,1,1.1047680000000346,0.480000000000004,1.1700000000000017,4.979999999999999,Schematic internal layout
MEGADRIVE-0233,YM2612Lead1_4,MEGADRIVE-0233 · DIP terminal120,Mainboard,metal,1,1.1047679999999909,0.480000000000004,1.1700000000000017,4.979999999999999,Schematic internal layout
MEGADRIVE-0234,YM2612Lead1_5,MEGADRIVE-0234 · DIP terminal121,Mainboard,metal,1,1.1047680000000126,0.480000000000004,1.1700000000000017,4.979999999999999,Schematic internal layout
MEGADRIVE-0235,YM2612Lead1_6,MEGADRIVE-0235 · DIP terminal122,Mainboard,metal,1,1.1047680000000235,0.480000000000004,1.1700000000000017,4.979999999999999,Schematic internal layout
MEGADRIVE-0236,YM2612Lead1_7,MEGADRIVE-0236 · DIP terminal123,Mainboard,metal,1,1.1047680000000017,0.480000000000004,1.1700000000000017,4.979999999999999,Schematic internal layout
MEGADRIVE-0237,YM2612Lead1_8,MEGADRIVE-0237 · DIP terminal124,Mainboard,metal,1,1.1047680000000126,0.480000000000004,1.1700000000000017,4.979999999999999,Schematic internal layout
MEGADRIVE-0238,YM2612Lead1_9,MEGADRIVE-0238 · DIP terminal125,Mainboard,metal,1,1.1047680000000017,0.480000000000004,1.1700000000000017,4.979999999999999,Schematic internal layout
MEGADRIVE-0239,YM2612Lead1_10,MEGADRIVE-0239 · DIP terminal126,Mainboard,metal,1,1.1047680000000235,0.480000000000004,1.1700000000000017,4.979999999999999,Schematic internal layout
MEGADRIVE-0240,YM2612Lead1_11,MEGADRIVE-0240 · DIP terminal127,Mainboard,metal,1,1.1047680000000346,0.480000000000004,1.1700000000000017,4.979999999999999,Schematic internal layout
MEGADRIVE-0241,WorkRAM,MEGADRIVE-0241 · WORK RAM DIP package,Mainboard,black,1,1734.7638934211693,31.0,14.0,4.0,Schematic internal layout
MEGADRIVE-0242,WorkRAMMark,MEGADRIVE-0242 · WORK RAM,Mainboard,white,7,0.19713591272880704,15.647038590604033,2.1438928174496654,0.01800020000000302,Published envelope; approximate photographic exterior detail
MEGADRIVE-0243,WorkRAMIndex,MEGADRIVE-0243 · Package pin-one index003,Mainboard,white,1,0.0804247719318981,1.5999999999999943,1.5999999999999999,0.03999999999999915,Published envelope; approximate photographic exterior detail
MEGADRIVE-0244,WorkRAMLead-1_0,MEGADRIVE-0244 · DIP terminal128,Mainboard,metal,1,1.1047679999999827,0.4799999999999969,1.17,4.979999999999999,Schematic internal layout
MEGADRIVE-0245,WorkRAMLead-1_1,MEGADRIVE-0245 · DIP terminal129,Mainboard,metal,1,1.1047679999999773,0.4799999999999969,1.17,4.979999999999999,Schematic internal layout
MEGADRIVE-0246,WorkRAMLead-1_2,MEGADRIVE-0246 · DIP terminal130,Mainboard,metal,1,1.1047679999999718,0.4799999999999969,1.17,4.979999999999999,Schematic internal layout
MEGADRIVE-0247,WorkRAMLead-1_3,MEGADRIVE-0247 · DIP terminal131,Mainboard,metal,1,1.104767999999961,0.4799999999999969,1.17,4.979999999999999,Schematic internal layout
MEGADRIVE-0248,WorkRAMLead-1_4,MEGADRIVE-0248 · DIP terminal132,Mainboard,metal,1,1.1047679999999895,0.480000000000004,1.17,4.979999999999999,Schematic internal layout
MEGADRIVE-0249,WorkRAMLead-1_5,MEGADRIVE-0249 · DIP terminal133,Mainboard,metal,1,1.1047679999999895,0.480000000000004,1.17,4.979999999999999,Schematic internal layout
MEGADRIVE-0250,WorkRAMLead-1_6,MEGADRIVE-0250 · DIP terminal134,Mainboard,metal,1,1.1047680000000113,0.480000000000004,1.17,4.979999999999999,Schematic internal layout
MEGADRIVE-0251,WorkRAMLead-1_7,MEGADRIVE-0251 · DIP terminal135,Mainboard,metal,1,1.1047680000000004,0.480000000000004,1.17,4.979999999999999,Schematic internal layout
MEGADRIVE-0252,WorkRAMLead-1_8,MEGADRIVE-0252 · DIP terminal136,Mainboard,metal,1,1.1047679999999895,0.480000000000004,1.17,4.979999999999999,Schematic internal layout
MEGADRIVE-0253,WorkRAMLead-1_9,MEGADRIVE-0253 · DIP terminal137,Mainboard,metal,1,1.1047680000000004,0.480000000000004,1.17,4.979999999999999,Schematic internal layout
MEGADRIVE-0254,WorkRAMLead-1_10,MEGADRIVE-0254 · DIP terminal138,Mainboard,metal,1,1.1047679999999895,0.480000000000004,1.17,4.979999999999999,Schematic internal layout
MEGADRIVE-0255,WorkRAMLead-1_11,MEGADRIVE-0255 · DIP terminal139,Mainboard,metal,1,1.1047680000000113,0.480000000000004,1.17,4.979999999999999,Schematic internal layout
MEGADRIVE-0256,WorkRAMLead-1_12,MEGADRIVE-0256 · DIP terminal140,Mainboard,metal,1,1.1047680000000004,0.480000000000004,1.17,4.979999999999999,Schematic internal layout
MEGADRIVE-0257,WorkRAMLead-1_13,MEGADRIVE-0257 · DIP terminal141,Mainboard,metal,1,1.1047680000000004,0.480000000000004,1.17,4.979999999999999,Schematic internal layout
MEGADRIVE-0258,WorkRAMLead1_0,MEGADRIVE-0258 · DIP terminal142,Mainboard,metal,1,1.1047679999999866,0.4799999999999969,1.17,4.979999999999999,Schematic internal layout
MEGADRIVE-0259,WorkRAMLead1_1,MEGADRIVE-0259 · DIP terminal143,Mainboard,metal,1,1.1047680000000084,0.4799999999999969,1.17,4.979999999999999,Schematic internal layout
MEGADRIVE-0260,WorkRAMLead1_2,MEGADRIVE-0260 · DIP terminal144,Mainboard,metal,1,1.1047679999999866,0.4799999999999969,1.17,4.979999999999999,Schematic internal layout
MEGADRIVE-0261,WorkRAMLead1_3,MEGADRIVE-0261 · DIP terminal145,Mainboard,metal,1,1.1047679999999813,0.4799999999999969,1.17,4.979999999999999,Schematic internal layout
MEGADRIVE-0262,WorkRAMLead1_4,MEGADRIVE-0262 · DIP terminal146,Mainboard,metal,1,1.1047680000000084,0.480000000000004,1.17,4.979999999999999,Schematic internal layout
MEGADRIVE-0263,WorkRAMLead1_5,MEGADRIVE-0263 · DIP terminal147,Mainboard,metal,1,1.1047680000000193,0.480000000000004,1.17,4.979999999999999,Schematic internal layout
MEGADRIVE-0264,WorkRAMLead1_6,MEGADRIVE-0264 · DIP terminal148,Mainboard,metal,1,1.1047680000000193,0.480000000000004,1.17,4.979999999999999,Schematic internal layout
MEGADRIVE-0265,WorkRAMLead1_7,MEGADRIVE-0265 · DIP terminal149,Mainboard,metal,1,1.1047679999999975,0.480000000000004,1.17,4.979999999999999,Schematic internal layout
MEGADRIVE-0266,WorkRAMLead1_8,MEGADRIVE-0266 · DIP terminal150,Mainboard,metal,1,1.1047680000000193,0.480000000000004,1.17,4.979999999999999,Schematic internal layout
MEGADRIVE-0267,WorkRAMLead1_9,MEGADRIVE-0267 · DIP terminal151,Mainboard,metal,1,1.1047680000000082,0.480000000000004,1.17,4.979999999999999,Schematic internal layout
MEGADRIVE-0268,WorkRAMLead1_10,MEGADRIVE-0268 · DIP terminal152,Mainboard,metal,1,1.1047680000000193,0.480000000000004,1.17,4.979999999999999,Schematic internal layout
MEGADRIVE-0269,WorkRAMLead1_11,MEGADRIVE-0269 · DIP terminal153,Mainboard,metal,1,1.1047680000000193,0.480000000000004,1.17,4.979999999999999,Schematic internal layout
MEGADRIVE-0270,WorkRAMLead1_12,MEGADRIVE-0270 · DIP terminal154,Mainboard,metal,1,1.1047680000000084,0.480000000000004,1.17,4.979999999999999,Schematic internal layout
MEGADRIVE-0271,WorkRAMLead1_13,MEGADRIVE-0271 · DIP terminal155,Mainboard,metal,1,1.1047680000000193,0.480000000000004,1.17,4.979999999999999,Schematic internal layout
MEGADRIVE-0272,VideoRAM0,MEGADRIVE-0272 · VRAM DIP package,Mainboard,black,1,1734.763893421169,31.0,14.0,4.0,Schematic internal layout
MEGADRIVE-0273,VideoRAM0Mark,MEGADRIVE-0273 · VRAM,Mainboard,white,4,0.10403451287449182,7.881703020134232,2.067114293959733,0.01800020000000302,Published envelope; approximate photographic exterior detail
MEGADRIVE-0274,VideoRAM0Index,MEGADRIVE-0274 · Package pin-one index004,Mainboard,white,1,0.0804247719318981,1.5999999999999943,1.6000000000000014,0.03999999999999915,Published envelope; approximate photographic exterior detail
MEGADRIVE-0275,VideoRAM0Lead-1_0,MEGADRIVE-0275 · DIP terminal156,Mainboard,metal,1,1.1047679999999853,0.4799999999999969,1.1700000000000017,4.979999999999999,Schematic internal layout
MEGADRIVE-0276,VideoRAM0Lead-1_1,MEGADRIVE-0276 · DIP terminal157,Mainboard,metal,1,1.1047679999999527,0.4799999999999969,1.1700000000000017,4.979999999999999,Schematic internal layout
MEGADRIVE-0277,VideoRAM0Lead-1_2,MEGADRIVE-0277 · DIP terminal158,Mainboard,metal,1,1.10476799999998,0.4799999999999969,1.1700000000000017,4.979999999999999,Schematic internal layout
MEGADRIVE-0278,VideoRAM0Lead-1_3,MEGADRIVE-0278 · DIP terminal159,Mainboard,metal,1,1.1047679999999747,0.4799999999999969,1.1700000000000017,4.979999999999999,Schematic internal layout
MEGADRIVE-0279,VideoRAM0Lead-1_4,MEGADRIVE-0279 · DIP terminal160,Mainboard,metal,1,1.104767999999969,0.4799999999999969,1.1700000000000017,4.979999999999999,Schematic internal layout
MEGADRIVE-0280,VideoRAM0Lead-1_5,MEGADRIVE-0280 · DIP terminal161,Mainboard,metal,1,1.10476799999998,0.480000000000004,1.1700000000000017,4.979999999999999,Schematic internal layout
MEGADRIVE-0281,VideoRAM0Lead-1_6,MEGADRIVE-0281 · DIP terminal162,Mainboard,metal,1,1.10476799999998,0.480000000000004,1.1700000000000017,4.979999999999999,Schematic internal layout
MEGADRIVE-0282,VideoRAM0Lead-1_7,MEGADRIVE-0282 · DIP terminal163,Mainboard,metal,1,1.1047680000000129,0.480000000000004,1.1700000000000017,4.979999999999999,Schematic internal layout
MEGADRIVE-0283,VideoRAM0Lead-1_8,MEGADRIVE-0283 · DIP terminal164,Mainboard,metal,1,1.1047679999999909,0.480000000000004,1.1700000000000017,4.979999999999999,Schematic internal layout
MEGADRIVE-0284,VideoRAM0Lead-1_9,MEGADRIVE-0284 · DIP terminal165,Mainboard,metal,1,1.1047679999999689,0.480000000000004,1.1700000000000017,4.979999999999999,Schematic internal layout
MEGADRIVE-0285,VideoRAM0Lead-1_10,MEGADRIVE-0285 · DIP terminal166,Mainboard,metal,1,1.1047680000000017,0.480000000000004,1.1700000000000017,4.979999999999999,Schematic internal layout
MEGADRIVE-0286,VideoRAM0Lead-1_11,MEGADRIVE-0286 · DIP terminal167,Mainboard,metal,1,1.10476799999998,0.480000000000004,1.1700000000000017,4.979999999999999,Schematic internal layout
MEGADRIVE-0287,VideoRAM0Lead-1_12,MEGADRIVE-0287 · DIP terminal168,Mainboard,metal,1,1.1047679999999909,0.480000000000004,1.1700000000000017,4.979999999999999,Schematic internal layout
MEGADRIVE-0288,VideoRAM0Lead-1_13,MEGADRIVE-0288 · DIP terminal169,Mainboard,metal,1,1.1047679999999909,0.480000000000004,1.1700000000000017,4.979999999999999,Schematic internal layout
MEGADRIVE-0289,VideoRAM0Lead1_0,MEGADRIVE-0289 · DIP terminal170,Mainboard,metal,1,1.1047680000000237,0.4799999999999969,1.1700000000000017,4.979999999999999,Schematic internal layout
MEGADRIVE-0290,VideoRAM0Lead1_1,MEGADRIVE-0290 · DIP terminal171,Mainboard,metal,1,1.10476799999998,0.4799999999999969,1.1700000000000017,4.979999999999999,Schematic internal layout
MEGADRIVE-0291,VideoRAM0Lead1_2,MEGADRIVE-0291 · DIP terminal172,Mainboard,metal,1,1.1047679999999966,0.4799999999999969,1.1700000000000017,4.979999999999999,Schematic internal layout
MEGADRIVE-0292,VideoRAM0Lead1_3,MEGADRIVE-0292 · DIP terminal173,Mainboard,metal,1,1.104768000000002,0.4799999999999969,1.1700000000000017,4.979999999999999,Schematic internal layout
MEGADRIVE-0293,VideoRAM0Lead1_4,MEGADRIVE-0293 · DIP terminal174,Mainboard,metal,1,1.104767999999991,0.4799999999999969,1.1700000000000017,4.979999999999999,Schematic internal layout
MEGADRIVE-0294,VideoRAM0Lead1_5,MEGADRIVE-0294 · DIP terminal175,Mainboard,metal,1,1.1047680000000044,0.480000000000004,1.1700000000000017,4.979999999999999,Schematic internal layout
MEGADRIVE-0295,VideoRAM0Lead1_6,MEGADRIVE-0295 · DIP terminal176,Mainboard,metal,1,1.1047680000000044,0.480000000000004,1.1700000000000017,4.979999999999999,Schematic internal layout
MEGADRIVE-0296,VideoRAM0Lead1_7,MEGADRIVE-0296 · DIP terminal177,Mainboard,metal,1,1.1047680000000373,0.480000000000004,1.1700000000000017,4.979999999999999,Schematic internal layout
MEGADRIVE-0297,VideoRAM0Lead1_8,MEGADRIVE-0297 · DIP terminal178,Mainboard,metal,1,1.1047680000000155,0.480000000000004,1.1700000000000017,4.979999999999999,Schematic internal layout
MEGADRIVE-0298,VideoRAM0Lead1_9,MEGADRIVE-0298 · DIP terminal179,Mainboard,metal,1,1.1047679999999829,0.480000000000004,1.1700000000000017,4.979999999999999,Schematic internal layout
MEGADRIVE-0299,VideoRAM0Lead1_10,MEGADRIVE-0299 · DIP terminal180,Mainboard,metal,1,1.1047680000000262,0.480000000000004,1.1700000000000017,4.979999999999999,Schematic internal layout
MEGADRIVE-0300,VideoRAM0Lead1_11,MEGADRIVE-0300 · DIP terminal181,Mainboard,metal,1,1.1047680000000264,0.480000000000004,1.1700000000000017,4.979999999999999,Schematic internal layout
MEGADRIVE-0301,VideoRAM0Lead1_12,MEGADRIVE-0301 · DIP terminal182,Mainboard,metal,1,1.1047679999999827,0.480000000000004,1.1700000000000017,4.979999999999999,Schematic internal layout
MEGADRIVE-0302,VideoRAM0Lead1_13,MEGADRIVE-0302 · DIP terminal183,Mainboard,metal,1,1.1047680000000262,0.480000000000004,1.1700000000000017,4.979999999999999,Schematic internal layout
MEGADRIVE-0303,VideoRAM1,MEGADRIVE-0303 · VRAM DIP package001,Mainboard,black,1,1734.7638934211693,31.0,14.0,4.0,Schematic internal layout
MEGADRIVE-0304,VideoRAM1Mark,MEGADRIVE-0304 · VRAM001,Mainboard,white,4,0.10403451287449182,7.881703020134232,2.067114293959733,0.01800020000000302,Published envelope; approximate photographic exterior detail
MEGADRIVE-0305,VideoRAM1Index,MEGADRIVE-0305 · Package pin-one index005,Mainboard,white,1,0.08042477193189813,1.5999999999999943,1.5999999999999943,0.03999999999999915,Published envelope; approximate photographic exterior detail
MEGADRIVE-0306,VideoRAM1Lead-1_0,MEGADRIVE-0306 · DIP terminal184,Mainboard,metal,1,1.1047680000000022,0.4799999999999969,1.1700000000000017,4.979999999999999,Schematic internal layout
MEGADRIVE-0307,VideoRAM1Lead-1_1,MEGADRIVE-0307 · DIP terminal185,Mainboard,metal,1,1.1047679999999693,0.4799999999999969,1.1700000000000017,4.979999999999999,Schematic internal layout
MEGADRIVE-0308,VideoRAM1Lead-1_2,MEGADRIVE-0308 · DIP terminal186,Mainboard,metal,1,1.1047679999999969,0.4799999999999969,1.1700000000000017,4.979999999999999,Schematic internal layout
MEGADRIVE-0309,VideoRAM1Lead-1_3,MEGADRIVE-0309 · DIP terminal187,Mainboard,metal,1,1.1047679999999913,0.4799999999999969,1.1700000000000017,4.979999999999999,Schematic internal layout
MEGADRIVE-0310,VideoRAM1Lead-1_4,MEGADRIVE-0310 · DIP terminal188,Mainboard,metal,1,1.104767999999986,0.4799999999999969,1.1700000000000017,4.979999999999999,Schematic internal layout
MEGADRIVE-0311,VideoRAM1Lead-1_5,MEGADRIVE-0311 · DIP terminal189,Mainboard,metal,1,1.10476799999998,0.480000000000004,1.1700000000000017,4.979999999999999,Schematic internal layout
MEGADRIVE-0312,VideoRAM1Lead-1_6,MEGADRIVE-0312 · DIP terminal190,Mainboard,metal,1,1.10476799999998,0.480000000000004,1.1700000000000017,4.979999999999999,Schematic internal layout
MEGADRIVE-0313,VideoRAM1Lead-1_7,MEGADRIVE-0313 · DIP terminal191,Mainboard,metal,1,1.1047680000000129,0.480000000000004,1.1700000000000017,4.979999999999999,Schematic internal layout
MEGADRIVE-0314,VideoRAM1Lead-1_8,MEGADRIVE-0314 · DIP terminal192,Mainboard,metal,1,1.104767999999991,0.480000000000004,1.1700000000000017,4.979999999999999,Schematic internal layout
MEGADRIVE-0315,VideoRAM1Lead-1_9,MEGADRIVE-0315 · DIP terminal193,Mainboard,metal,1,1.104767999999969,0.480000000000004,1.1700000000000017,4.979999999999999,Schematic internal layout
MEGADRIVE-0316,VideoRAM1Lead-1_10,MEGADRIVE-0316 · DIP terminal194,Mainboard,metal,1,1.104768000000002,0.480000000000004,1.1700000000000017,4.979999999999999,Schematic internal layout
MEGADRIVE-0317,VideoRAM1Lead-1_11,MEGADRIVE-0317 · DIP terminal195,Mainboard,metal,1,1.10476799999998,0.480000000000004,1.1700000000000017,4.979999999999999,Schematic internal layout
MEGADRIVE-0318,VideoRAM1Lead-1_12,MEGADRIVE-0318 · DIP terminal196,Mainboard,metal,1,1.1047679999999909,0.480000000000004,1.1700000000000017,4.979999999999999,Schematic internal layout
MEGADRIVE-0319,VideoRAM1Lead-1_13,MEGADRIVE-0319 · DIP terminal197,Mainboard,metal,1,1.1047679999999909,0.480000000000004,1.1700000000000017,4.979999999999999,Schematic internal layout
MEGADRIVE-0320,VideoRAM1Lead1_0,MEGADRIVE-0320 · DIP terminal198,Mainboard,metal,1,1.1047679999999955,0.4799999999999969,1.1700000000000017,4.979999999999999,Schematic internal layout
MEGADRIVE-0321,VideoRAM1Lead1_1,MEGADRIVE-0321 · DIP terminal199,Mainboard,metal,1,1.1047679999999518,0.4799999999999969,1.1700000000000017,4.979999999999999,Schematic internal layout
MEGADRIVE-0322,VideoRAM1Lead1_2,MEGADRIVE-0322 · DIP terminal200,Mainboard,metal,1,1.1047679999999684,0.4799999999999969,1.1700000000000017,4.979999999999999,Schematic internal layout
MEGADRIVE-0323,VideoRAM1Lead1_3,MEGADRIVE-0323 · DIP terminal201,Mainboard,metal,1,1.1047679999999738,0.4799999999999969,1.1700000000000017,4.979999999999999,Schematic internal layout
MEGADRIVE-0324,VideoRAM1Lead1_4,MEGADRIVE-0324 · DIP terminal202,Mainboard,metal,1,1.104767999999963,0.4799999999999969,1.1700000000000017,4.979999999999999,Schematic internal layout
MEGADRIVE-0325,VideoRAM1Lead1_5,MEGADRIVE-0325 · DIP terminal203,Mainboard,metal,1,1.1047679999999904,0.480000000000004,1.1700000000000017,4.979999999999999,Schematic internal layout
MEGADRIVE-0326,VideoRAM1Lead1_6,MEGADRIVE-0326 · DIP terminal204,Mainboard,metal,1,1.1047679999999904,0.480000000000004,1.1700000000000017,4.979999999999999,Schematic internal layout
MEGADRIVE-0327,VideoRAM1Lead1_7,MEGADRIVE-0327 · DIP terminal205,Mainboard,metal,1,1.104768000000023,0.480000000000004,1.1700000000000017,4.979999999999999,Schematic internal layout
MEGADRIVE-0328,VideoRAM1Lead1_8,MEGADRIVE-0328 · DIP terminal206,Mainboard,metal,1,1.1047680000000015,0.480000000000004,1.1700000000000017,4.979999999999999,Schematic internal layout
MEGADRIVE-0329,VideoRAM1Lead1_9,MEGADRIVE-0329 · DIP terminal207,Mainboard,metal,1,1.1047679999999689,0.480000000000004,1.1700000000000017,4.979999999999999,Schematic internal layout
MEGADRIVE-0330,VideoRAM1Lead1_10,MEGADRIVE-0330 · DIP terminal208,Mainboard,metal,1,1.1047680000000122,0.480000000000004,1.1700000000000017,4.979999999999999,Schematic internal layout
MEGADRIVE-0331,VideoRAM1Lead1_11,MEGADRIVE-0331 · DIP terminal209,Mainboard,metal,1,1.1047680000000124,0.480000000000004,1.1700000000000017,4.979999999999999,Schematic internal layout
MEGADRIVE-0332,VideoRAM1Lead1_12,MEGADRIVE-0332 · DIP terminal210,Mainboard,metal,1,1.1047679999999689,0.480000000000004,1.1700000000000017,4.979999999999999,Schematic internal layout
MEGADRIVE-0333,VideoRAM1Lead1_13,MEGADRIVE-0333 · DIP terminal211,Mainboard,metal,1,1.1047680000000124,0.480000000000004,1.1700000000000017,4.979999999999999,Schematic internal layout
MEGADRIVE-0334,SoundRAM,MEGADRIVE-0334 · SOUND RAM DIP package,Mainboard,black,1,1454.7638934211693,28.0,13.0,4.0,Schematic internal layout
MEGADRIVE-0335,SoundRAMMark,MEGADRIVE-0335 · SOUND RAM,Mainboard,white,8,0.21354613352798274,17.095771912080536,2.143892817449668,0.01800020000000302,Published envelope; approximate photographic exterior detail
MEGADRIVE-0336,SoundRAMIndex,MEGADRIVE-0336 · Package pin-one index006,Mainboard,white,1,0.08042477193189819,1.5999999999999943,1.6000000000000014,0.03999999999999915,Published envelope; approximate photographic exterior detail
MEGADRIVE-0337,SoundRAMLead-1_0,MEGADRIVE-0337 · DIP terminal212,Mainboard,metal,1,1.1047680000000344,0.480000000000004,1.1700000000000017,4.979999999999999,Schematic internal layout
MEGADRIVE-0338,SoundRAMLead-1_1,MEGADRIVE-0338 · DIP terminal213,Mainboard,metal,1,1.1047680000000235,0.480000000000004,1.1700000000000017,4.979999999999999,Schematic internal layout
MEGADRIVE-0339,SoundRAMLead-1_2,MEGADRIVE-0339 · DIP terminal214,Mainboard,metal,1,1.1047680000000344,0.480000000000004,1.1700000000000017,4.979999999999999,Schematic internal layout
MEGADRIVE-0340,SoundRAMLead-1_3,MEGADRIVE-0340 · DIP terminal215,Mainboard,metal,1,1.1047680000000235,0.480000000000004,1.1700000000000017,4.979999999999999,Schematic internal layout
MEGADRIVE-0341,SoundRAMLead-1_4,MEGADRIVE-0341 · DIP terminal216,Mainboard,metal,1,1.1047680000000235,0.480000000000004,1.1700000000000017,4.979999999999999,Schematic internal layout
MEGADRIVE-0342,SoundRAMLead-1_5,MEGADRIVE-0342 · DIP terminal217,Mainboard,metal,1,1.1047680000000235,0.480000000000004,1.1700000000000017,4.979999999999999,Schematic internal layout
MEGADRIVE-0343,SoundRAMLead-1_6,MEGADRIVE-0343 · DIP terminal218,Mainboard,metal,1,1.1047680000000235,0.480000000000004,1.1700000000000017,4.979999999999999,Schematic internal layout
MEGADRIVE-0344,SoundRAMLead-1_7,MEGADRIVE-0344 · DIP terminal219,Mainboard,metal,1,1.1047680000000453,0.480000000000004,1.1700000000000017,4.979999999999999,Schematic internal layout
MEGADRIVE-0345,SoundRAMLead-1_8,MEGADRIVE-0345 · DIP terminal220,Mainboard,metal,1,1.1047680000000235,0.480000000000004,1.1700000000000017,4.979999999999999,Schematic internal layout
MEGADRIVE-0346,SoundRAMLead-1_9,MEGADRIVE-0346 · DIP terminal221,Mainboard,metal,1,1.1047680000000126,0.480000000000004,1.1700000000000017,4.979999999999999,Schematic internal layout
MEGADRIVE-0347,SoundRAMLead-1_10,MEGADRIVE-0347 · DIP terminal222,Mainboard,metal,1,1.1047680000000344,0.480000000000004,1.1700000000000017,4.979999999999999,Schematic internal layout
MEGADRIVE-0348,SoundRAMLead-1_11,MEGADRIVE-0348 · DIP terminal223,Mainboard,metal,1,1.1047680000000235,0.480000000000004,1.1700000000000017,4.979999999999999,Schematic internal layout
MEGADRIVE-0349,SoundRAMLead1_0,MEGADRIVE-0349 · DIP terminal224,Mainboard,metal,1,1.1047679999999964,0.480000000000004,1.1700000000000017,4.979999999999999,Schematic internal layout
MEGADRIVE-0350,SoundRAMLead1_1,MEGADRIVE-0350 · DIP terminal225,Mainboard,metal,1,1.104768000000029,0.480000000000004,1.1700000000000017,4.979999999999999,Schematic internal layout
MEGADRIVE-0351,SoundRAMLead1_2,MEGADRIVE-0351 · DIP terminal226,Mainboard,metal,1,1.104768000000007,0.480000000000004,1.1700000000000017,4.979999999999999,Schematic internal layout
MEGADRIVE-0352,SoundRAMLead1_3,MEGADRIVE-0352 · DIP terminal227,Mainboard,metal,1,1.1047680000000182,0.480000000000004,1.1700000000000017,4.979999999999999,Schematic internal layout
MEGADRIVE-0353,SoundRAMLead1_4,MEGADRIVE-0353 · DIP terminal228,Mainboard,metal,1,1.1047679999999962,0.480000000000004,1.1700000000000017,4.979999999999999,Schematic internal layout
MEGADRIVE-0354,SoundRAMLead1_5,MEGADRIVE-0354 · DIP terminal229,Mainboard,metal,1,1.1047679999999964,0.480000000000004,1.1700000000000017,4.979999999999999,Schematic internal layout
MEGADRIVE-0355,SoundRAMLead1_6,MEGADRIVE-0355 · DIP terminal230,Mainboard,metal,1,1.1047679999999853,0.480000000000004,1.1700000000000017,4.979999999999999,Schematic internal layout
MEGADRIVE-0356,SoundRAMLead1_7,MEGADRIVE-0356 · DIP terminal231,Mainboard,metal,1,1.10476800000004,0.480000000000004,1.1700000000000017,4.979999999999999,Schematic internal layout
MEGADRIVE-0357,SoundRAMLead1_8,MEGADRIVE-0357 · DIP terminal232,Mainboard,metal,1,1.1047679999999964,0.480000000000004,1.1700000000000017,4.979999999999999,Schematic internal layout
MEGADRIVE-0358,SoundRAMLead1_9,MEGADRIVE-0358 · DIP terminal233,Mainboard,metal,1,1.1047680000000182,0.480000000000004,1.1700000000000017,4.979999999999999,Schematic internal layout
MEGADRIVE-0359,SoundRAMLead1_10,MEGADRIVE-0359 · DIP terminal234,Mainboard,metal,1,1.1047680000000182,0.480000000000004,1.1700000000000017,4.979999999999999,Schematic internal layout
MEGADRIVE-0360,SoundRAMLead1_11,MEGADRIVE-0360 · DIP terminal235,Mainboard,metal,1,1.104768000000018,0.480000000000004,1.1700000000000017,4.979999999999999,Schematic internal layout
MEGADRIVE-0361,ROM,MEGADRIVE-0361 · BOOT / LOGIC DIP package,Mainboard,black,1,1958.763893421169,35.0,14.0,4.0,Schematic internal layout
MEGADRIVE-0362,ROMMark,MEGADRIVE-0362 · BOOT / LOGIC,Mainboard,white,10,0.20803097876243165,19.147567314093962,2.3624162073825516,0.01800020000000302,Published envelope; approximate photographic exterior detail
MEGADRIVE-0363,ROMIndex,MEGADRIVE-0363 · Package pin-one index007,Mainboard,white,1,0.08042477193189818,1.6000000000000014,1.5999999999999943,0.03999999999999915,Published envelope; approximate photographic exterior detail
MEGADRIVE-0364,ROMLead-1_0,MEGADRIVE-0364 · DIP terminal236,Mainboard,metal,1,1.1047680000000097,0.4800000000000004,1.1700000000000017,4.979999999999999,Schematic internal layout
MEGADRIVE-0365,ROMLead-1_1,MEGADRIVE-0365 · DIP terminal237,Mainboard,metal,1,1.1047680000000126,0.4800000000000004,1.1700000000000017,4.979999999999999,Schematic internal layout
MEGADRIVE-0366,ROMLead-1_2,MEGADRIVE-0366 · DIP terminal238,Mainboard,metal,1,1.104768000000007,0.4800000000000004,1.1700000000000017,4.979999999999999,Schematic internal layout
MEGADRIVE-0367,ROMLead-1_3,MEGADRIVE-0367 · DIP terminal239,Mainboard,metal,1,1.1047680000000073,0.4800000000000004,1.1700000000000017,4.979999999999999,Schematic internal layout
MEGADRIVE-0368,ROMLead-1_4,MEGADRIVE-0368 · DIP terminal240,Mainboard,metal,1,1.1047680000000044,0.4800000000000004,1.1700000000000017,4.979999999999999,Schematic internal layout
MEGADRIVE-0369,ROMLead-1_5,MEGADRIVE-0369 · DIP terminal241,Mainboard,metal,1,1.104768000000003,0.4800000000000004,1.1700000000000017,4.979999999999999,Schematic internal layout
MEGADRIVE-0370,ROMLead-1_6,MEGADRIVE-0370 · DIP terminal242,Mainboard,metal,1,1.1047680000000073,0.4800000000000004,1.1700000000000017,4.979999999999999,Schematic internal layout
MEGADRIVE-0371,ROMLead-1_7,MEGADRIVE-0371 · DIP terminal243,Mainboard,metal,1,1.1047680000000073,0.4800000000000004,1.1700000000000017,4.979999999999999,Schematic internal layout
MEGADRIVE-0372,ROMLead-1_8,MEGADRIVE-0372 · DIP terminal244,Mainboard,metal,1,1.1047680000000086,0.4800000000000004,1.1700000000000017,4.979999999999999,Schematic internal layout
MEGADRIVE-0373,ROMLead-1_9,MEGADRIVE-0373 · DIP terminal245,Mainboard,metal,1,1.104768000000007,0.4800000000000004,1.1700000000000017,4.979999999999999,Schematic internal layout
MEGADRIVE-0374,ROMLead-1_10,MEGADRIVE-0374 · DIP terminal246,Mainboard,metal,1,1.1047680000000037,0.48,1.1700000000000017,4.979999999999999,Schematic internal layout
MEGADRIVE-0375,ROMLead-1_11,MEGADRIVE-0375 · DIP terminal247,Mainboard,metal,1,1.1047680000000035,0.48,1.1700000000000017,4.979999999999999,Schematic internal layout
MEGADRIVE-0376,ROMLead-1_12,MEGADRIVE-0376 · DIP terminal248,Mainboard,metal,1,1.104768000000003,0.48,1.1700000000000017,4.979999999999999,Schematic internal layout
MEGADRIVE-0377,ROMLead-1_13,MEGADRIVE-0377 · DIP terminal249,Mainboard,metal,1,1.1047680000000029,0.48,1.1700000000000017,4.979999999999999,Schematic internal layout
MEGADRIVE-0378,ROMLead1_0,MEGADRIVE-0378 · DIP terminal250,Mainboard,metal,1,1.1047680000000126,0.4800000000000004,1.1700000000000017,4.979999999999999,Schematic internal layout
MEGADRIVE-0379,ROMLead1_1,MEGADRIVE-0379 · DIP terminal251,Mainboard,metal,1,1.1047680000000155,0.4800000000000004,1.1700000000000017,4.979999999999999,Schematic internal layout
MEGADRIVE-0380,ROMLead1_2,MEGADRIVE-0380 · DIP terminal252,Mainboard,metal,1,1.1047680000000017,0.4800000000000004,1.1700000000000017,4.979999999999999,Schematic internal layout
MEGADRIVE-0381,ROMLead1_3,MEGADRIVE-0381 · DIP terminal253,Mainboard,metal,1,1.1047680000000073,0.4800000000000004,1.1700000000000017,4.979999999999999,Schematic internal layout
MEGADRIVE-0382,ROMLead1_4,MEGADRIVE-0382 · DIP terminal254,Mainboard,metal,1,1.10476800000001,0.4800000000000004,1.1700000000000017,4.979999999999999,Schematic internal layout
MEGADRIVE-0383,ROMLead1_5,MEGADRIVE-0383 · DIP terminal255,Mainboard,metal,1,1.1047680000000073,0.4800000000000004,1.1700000000000017,4.979999999999999,Schematic internal layout
MEGADRIVE-0384,ROMLead1_6,MEGADRIVE-0384 · DIP terminal256,Mainboard,metal,1,1.1047680000000115,0.4800000000000004,1.1700000000000017,4.979999999999999,Schematic internal layout
MEGADRIVE-0385,ROMLead1_7,MEGADRIVE-0385 · DIP terminal257,Mainboard,metal,1,1.1047680000000086,0.4800000000000004,1.1700000000000017,4.979999999999999,Schematic internal layout
MEGADRIVE-0386,ROMLead1_8,MEGADRIVE-0386 · DIP terminal258,Mainboard,metal,1,1.10476800000001,0.4800000000000004,1.1700000000000017,4.979999999999999,Schematic internal layout
MEGADRIVE-0387,ROMLead1_9,MEGADRIVE-0387 · DIP terminal259,Mainboard,metal,1,1.1047680000000106,0.4800000000000004,1.1700000000000017,4.979999999999999,Schematic internal layout
MEGADRIVE-0388,ROMLead1_10,MEGADRIVE-0388 · DIP terminal260,Mainboard,metal,1,1.1047680000000093,0.48,1.1700000000000017,4.979999999999999,Schematic internal layout
MEGADRIVE-0389,ROMLead1_11,MEGADRIVE-0389 · DIP terminal261,Mainboard,metal,1,1.1047680000000095,0.48,1.1700000000000017,4.979999999999999,Schematic internal layout
MEGADRIVE-0390,ROMLead1_12,MEGADRIVE-0390 · DIP terminal262,Mainboard,metal,1,1.104768000000009,0.48,1.1700000000000017,4.979999999999999,Schematic internal layout
MEGADRIVE-0391,ROMLead1_13,MEGADRIVE-0391 · DIP terminal263,Mainboard,metal,1,1.1047680000000089,0.48,1.1700000000000017,4.979999999999999,Schematic internal layout
MEGADRIVE-0392,VDP,MEGADRIVE-0392 · SEGA VDP QFP package,Mainboard,black,1,2194.8154335088084,28.0,28.0,2.8000000000000007,Schematic internal layout
MEGADRIVE-0393,VDPMark,MEGADRIVE-0393 · SEGA VDP,Mainboard,white,7,0.13662858673314432,12.888087448322146,1.9489934885906037,0.01800020000000302,Published envelope; approximate photographic exterior detail
MEGADRIVE-0394,VDPLeads0,MEGADRIVE-0394 · QFP terminal bank 1,Mainboard,metal,32,3.942400000000008,26.28,2.0,0.22000000000000064,Schematic internal layout
MEGADRIVE-0395,VDPLeads1,MEGADRIVE-0395 · QFP terminal bank 2,Mainboard,metal,32,3.942400000000002,2.000000000000007,26.28,0.22000000000000064,Schematic internal layout
MEGADRIVE-0396,VDPLeads2,MEGADRIVE-0396 · QFP terminal bank 3,Mainboard,metal,32,3.942400000000009,26.28,2.0000000000000053,0.22000000000000064,Schematic internal layout
MEGADRIVE-0397,VDPLeads3,MEGADRIVE-0397 · QFP terminal bank 4,Mainboard,metal,32,3.942400000000001,2.000000000000007,26.28,0.22000000000000064,Schematic internal layout
MEGADRIVE-0398,IOASIC,MEGADRIVE-0398 · SEGA I/O QFP package,Mainboard,black,1,1010.4154335088085,19.0,19.0,2.8000000000000007,Schematic internal layout
MEGADRIVE-0399,IOASICMark,MEGADRIVE-0399 · SEGA I/O,Mainboard,white,7,0.11774856993350673,11.190436441610736,2.1476511067114075,0.01800020000000302,Published envelope; approximate photographic exterior detail
MEGADRIVE-0400,IOASICLeads0,MEGADRIVE-0400 · QFP terminal bank 001,Mainboard,metal,25,3.0800000000000045,17.28,2.0,0.22000000000000064,Schematic internal layout
MEGADRIVE-0401,IOASICLeads1,MEGADRIVE-0401 · QFP terminal bank 002,Mainboard,metal,25,3.0800000000000147,2.000000000000007,17.28,0.22000000000000064,Schematic internal layout
MEGADRIVE-0402,IOASICLeads2,MEGADRIVE-0402 · QFP terminal bank 003,Mainboard,metal,25,3.0800000000000116,17.28,2.0,0.22000000000000064,Schematic internal layout
MEGADRIVE-0403,IOASICLeads3,MEGADRIVE-0403 · QFP terminal bank 004,Mainboard,metal,25,3.079999999999999,2.0000000000000036,17.28,0.22000000000000064,Schematic internal layout
MEGADRIVE-0404,BoardRevision,MEGADRIVE-0404 · MODEL 1 / VA2 STUDY,Mainboard,white,15,0.5999360170238042,42.53179530201341,3.221476610067114,0.018000199999999467,Published envelope; approximate photographic exterior detail
MEGADRIVE-0405,CardReaderHousing,MEGADRIVE-0405 · 64-contact cartridge connector001,CardReader,black,1,10012.287571755438,105.0,11.0,14.0,Schematic internal layout
MEGADRIVE-0406,CardLeaf-1_0,MEGADRIVE-0406 · Cartridge spring contact,CardReader,gold,1,1.2159999999999929,0.7600000000000016,1.4099999999999966,10.0,Schematic internal layout
MEGADRIVE-0407,CardLeaf-1_1,MEGADRIVE-0407 · Cartridge spring contact001,CardReader,gold,1,1.2159999999999922,0.7599999999999998,1.4099999999999966,10.0,Schematic internal layout
MEGADRIVE-0408,CardLeaf-1_2,MEGADRIVE-0408 · Cartridge spring contact002,CardReader,gold,1,1.2159999999999915,0.7599999999999998,1.4099999999999966,10.0,Schematic internal layout
MEGADRIVE-0409,CardLeaf-1_3,MEGADRIVE-0409 · Cartridge spring contact003,CardReader,gold,1,1.215999999999991,0.7599999999999999,1.4099999999999966,10.0,Schematic internal layout
MEGADRIVE-0410,CardLeaf-1_4,MEGADRIVE-0410 · Cartridge spring contact004,CardReader,gold,1,1.2159999999999913,0.7599999999999998,1.4099999999999966,10.0,Schematic internal layout
MEGADRIVE-0411,CardLeaf-1_5,MEGADRIVE-0411 · Cartridge spring contact005,CardReader,gold,1,1.2159999999999906,0.7599999999999998,1.4099999999999966,10.0,Schematic internal layout
MEGADRIVE-0412,CardLeaf-1_6,MEGADRIVE-0412 · Cartridge spring contact006,CardReader,gold,1,1.2159999999999922,0.7599999999999998,1.4099999999999966,10.0,Schematic internal layout
MEGADRIVE-0413,CardLeaf-1_7,MEGADRIVE-0413 · Cartridge spring contact007,CardReader,gold,1,1.215999999999994,0.7600000000000016,1.4099999999999966,10.0,Schematic internal layout
MEGADRIVE-0414,CardLeaf-1_8,MEGADRIVE-0414 · Cartridge spring contact008,CardReader,gold,1,1.215999999999995,0.7600000000000016,1.4099999999999966,10.0,Schematic internal layout
MEGADRIVE-0415,CardLeaf-1_9,MEGADRIVE-0415 · Cartridge spring contact009,CardReader,gold,1,1.2159999999999922,0.7599999999999998,1.4099999999999966,10.0,Schematic internal layout
MEGADRIVE-0416,CardLeaf-1_10,MEGADRIVE-0416 · Cartridge spring contact010,CardReader,gold,1,1.2159999999999882,0.759999999999998,1.4099999999999966,10.0,Schematic internal layout
MEGADRIVE-0417,CardLeaf-1_11,MEGADRIVE-0417 · Cartridge spring contact011,CardReader,gold,1,1.2159999999999886,0.759999999999998,1.4099999999999966,10.0,Schematic internal layout
MEGADRIVE-0418,CardLeaf-1_12,MEGADRIVE-0418 · Cartridge spring contact012,CardReader,gold,1,1.21599999999999,0.759999999999998,1.4099999999999966,10.0,Schematic internal layout
MEGADRIVE-0419,CardLeaf-1_13,MEGADRIVE-0419 · Cartridge spring contact013,CardReader,gold,1,1.215999999999985,0.759999999999998,1.4099999999999966,10.0,Schematic internal layout
MEGADRIVE-0420,CardLeaf-1_14,MEGADRIVE-0420 · Cartridge spring contact014,CardReader,gold,1,1.2159999999999909,0.759999999999998,1.4099999999999966,10.0,Schematic internal layout
MEGADRIVE-0421,CardLeaf-1_15,MEGADRIVE-0421 · Cartridge spring contact015,CardReader,gold,1,1.2159999999999993,0.7600000000000051,1.4099999999999966,10.0,Schematic internal layout
MEGADRIVE-0422,CardLeaf-1_16,MEGADRIVE-0422 · Cartridge spring contact016,CardReader,gold,1,1.216,0.7600000000000051,1.4099999999999966,10.0,Schematic internal layout
MEGADRIVE-0423,CardLeaf-1_17,MEGADRIVE-0423 · Cartridge spring contact017,CardReader,gold,1,1.2159999999999997,0.7600000000000051,1.4099999999999966,10.0,Schematic internal layout
MEGADRIVE-0424,CardLeaf-1_18,MEGADRIVE-0424 · Cartridge spring contact018,CardReader,gold,1,1.2160000000000037,0.7600000000000051,1.4099999999999966,10.0,Schematic internal layout
MEGADRIVE-0425,CardLeaf-1_19,MEGADRIVE-0425 · Cartridge spring contact019,CardReader,gold,1,1.2160000000000037,0.7600000000000051,1.4099999999999966,10.0,Schematic internal layout
MEGADRIVE-0426,CardLeaf-1_20,MEGADRIVE-0426 · Cartridge spring contact020,CardReader,gold,1,1.2160000000000033,0.7600000000000051,1.4099999999999966,10.0,Schematic internal layout
MEGADRIVE-0427,CardLeaf-1_21,MEGADRIVE-0427 · Cartridge spring contact021,CardReader,gold,1,1.2160000000000035,0.7600000000000051,1.4099999999999966,10.0,Schematic internal layout
MEGADRIVE-0428,CardLeaf-1_22,MEGADRIVE-0428 · Cartridge spring contact022,CardReader,gold,1,1.2159999999999997,0.7600000000000051,1.4099999999999966,10.0,Schematic internal layout
MEGADRIVE-0429,CardLeaf-1_23,MEGADRIVE-0429 · Cartridge spring contact023,CardReader,gold,1,1.2159999999999958,0.7600000000000051,1.4099999999999966,10.0,Schematic internal layout
MEGADRIVE-0430,CardLeaf-1_24,MEGADRIVE-0430 · Cartridge spring contact024,CardReader,gold,1,1.2160000000000037,0.7600000000000051,1.4099999999999966,10.0,Schematic internal layout
MEGADRIVE-0431,CardLeaf-1_25,MEGADRIVE-0431 · Cartridge spring contact025,CardReader,gold,1,1.215999999999999,0.7600000000000051,1.4099999999999966,10.0,Schematic internal layout
MEGADRIVE-0432,CardLeaf-1_26,MEGADRIVE-0432 · Cartridge spring contact026,CardReader,gold,1,1.215999999999996,0.7600000000000051,1.4099999999999966,10.0,Schematic internal layout
MEGADRIVE-0433,CardLeaf-1_27,MEGADRIVE-0433 · Cartridge spring contact027,CardReader,gold,1,1.2159999999999915,0.7599999999999909,1.4099999999999966,10.0,Schematic internal layout
MEGADRIVE-0434,CardLeaf-1_28,MEGADRIVE-0434 · Cartridge spring contact028,CardReader,gold,1,1.2159999999999844,0.7599999999999909,1.4099999999999966,10.0,Schematic internal layout
MEGADRIVE-0435,CardLeaf-1_29,MEGADRIVE-0435 · Cartridge spring contact029,CardReader,gold,1,1.2159999999999844,0.7599999999999909,1.4099999999999966,10.0,Schematic internal layout
MEGADRIVE-0436,CardLeaf-1_30,MEGADRIVE-0436 · Cartridge spring contact030,CardReader,gold,1,1.2159999999999767,0.7599999999999909,1.4099999999999966,10.0,Schematic internal layout
MEGADRIVE-0437,CardLeaf-1_31,MEGADRIVE-0437 · Cartridge spring contact031,CardReader,gold,1,1.2159999999999689,0.7599999999999909,1.4099999999999966,10.0,Schematic internal layout
MEGADRIVE-0438,CardLeaf1_0,MEGADRIVE-0438 · Cartridge spring contact032,CardReader,gold,1,1.215999999999993,0.7600000000000016,1.4099999999999966,10.0,Schematic internal layout
MEGADRIVE-0439,CardLeaf1_1,MEGADRIVE-0439 · Cartridge spring contact033,CardReader,gold,1,1.2159999999999922,0.7599999999999998,1.4099999999999966,10.0,Schematic internal layout
MEGADRIVE-0440,CardLeaf1_2,MEGADRIVE-0440 · Cartridge spring contact034,CardReader,gold,1,1.2159999999999915,0.7599999999999998,1.4099999999999966,10.0,Schematic internal layout
MEGADRIVE-0441,CardLeaf1_3,MEGADRIVE-0441 · Cartridge spring contact035,CardReader,gold,1,1.2159999999999909,0.7599999999999999,1.4099999999999966,10.0,Schematic internal layout
MEGADRIVE-0442,CardLeaf1_4,MEGADRIVE-0442 · Cartridge spring contact036,CardReader,gold,1,1.2159999999999906,0.7599999999999998,1.4099999999999966,10.0,Schematic internal layout
MEGADRIVE-0443,CardLeaf1_5,MEGADRIVE-0443 · Cartridge spring contact037,CardReader,gold,1,1.2159999999999906,0.7599999999999998,1.4099999999999966,10.0,Schematic internal layout
MEGADRIVE-0444,CardLeaf1_6,MEGADRIVE-0444 · Cartridge spring contact038,CardReader,gold,1,1.2159999999999922,0.7599999999999998,1.4099999999999966,10.0,Schematic internal layout
MEGADRIVE-0445,CardLeaf1_7,MEGADRIVE-0445 · Cartridge spring contact039,CardReader,gold,1,1.215999999999994,0.7600000000000016,1.4099999999999966,10.0,Schematic internal layout
MEGADRIVE-0446,CardLeaf1_8,MEGADRIVE-0446 · Cartridge spring contact040,CardReader,gold,1,1.2159999999999946,0.7600000000000016,1.4099999999999966,10.0,Schematic internal layout
MEGADRIVE-0447,CardLeaf1_9,MEGADRIVE-0447 · Cartridge spring contact041,CardReader,gold,1,1.2159999999999918,0.7599999999999998,1.4099999999999966,10.0,Schematic internal layout
MEGADRIVE-0448,CardLeaf1_10,MEGADRIVE-0448 · Cartridge spring contact042,CardReader,gold,1,1.2159999999999889,0.759999999999998,1.4099999999999966,10.0,Schematic internal layout
MEGADRIVE-0449,CardLeaf1_11,MEGADRIVE-0449 · Cartridge spring contact043,CardReader,gold,1,1.2159999999999886,0.759999999999998,1.4099999999999966,10.0,Schematic internal layout
MEGADRIVE-0450,CardLeaf1_12,MEGADRIVE-0450 · Cartridge spring contact044,CardReader,gold,1,1.2159999999999909,0.759999999999998,1.4099999999999966,10.0,Schematic internal layout
MEGADRIVE-0451,CardLeaf1_13,MEGADRIVE-0451 · Cartridge spring contact045,CardReader,gold,1,1.2159999999999846,0.759999999999998,1.4099999999999966,10.0,Schematic internal layout
MEGADRIVE-0452,CardLeaf1_14,MEGADRIVE-0452 · Cartridge spring contact046,CardReader,gold,1,1.21599999999999,0.759999999999998,1.4099999999999966,10.0,Schematic internal layout
MEGADRIVE-0453,CardLeaf1_15,MEGADRIVE-0453 · Cartridge spring contact047,CardReader,gold,1,1.216,0.7600000000000051,1.4099999999999966,10.0,Schematic internal layout
MEGADRIVE-0454,CardLeaf1_16,MEGADRIVE-0454 · Cartridge spring contact048,CardReader,gold,1,1.2159999999999993,0.7600000000000051,1.4099999999999966,10.0,Schematic internal layout
MEGADRIVE-0455,CardLeaf1_17,MEGADRIVE-0455 · Cartridge spring contact049,CardReader,gold,1,1.2159999999999995,0.7600000000000051,1.4099999999999966,10.0,Schematic internal layout
MEGADRIVE-0456,CardLeaf1_18,MEGADRIVE-0456 · Cartridge spring contact050,CardReader,gold,1,1.216000000000003,0.7600000000000051,1.4099999999999966,10.0,Schematic internal layout
MEGADRIVE-0457,CardLeaf1_19,MEGADRIVE-0457 · Cartridge spring contact051,CardReader,gold,1,1.216000000000003,0.7600000000000051,1.4099999999999966,10.0,Schematic internal layout
MEGADRIVE-0458,CardLeaf1_20,MEGADRIVE-0458 · Cartridge spring contact052,CardReader,gold,1,1.2160000000000033,0.7600000000000051,1.4099999999999966,10.0,Schematic internal layout
MEGADRIVE-0459,CardLeaf1_21,MEGADRIVE-0459 · Cartridge spring contact053,CardReader,gold,1,1.2160000000000035,0.7600000000000051,1.4099999999999966,10.0,Schematic internal layout
MEGADRIVE-0460,CardLeaf1_22,MEGADRIVE-0460 · Cartridge spring contact054,CardReader,gold,1,1.2159999999999997,0.7600000000000051,1.4099999999999966,10.0,Schematic internal layout
MEGADRIVE-0461,CardLeaf1_23,MEGADRIVE-0461 · Cartridge spring contact055,CardReader,gold,1,1.2159999999999962,0.7600000000000051,1.4099999999999966,10.0,Schematic internal layout
MEGADRIVE-0462,CardLeaf1_24,MEGADRIVE-0462 · Cartridge spring contact056,CardReader,gold,1,1.216000000000003,0.7600000000000051,1.4099999999999966,10.0,Schematic internal layout
MEGADRIVE-0463,CardLeaf1_25,MEGADRIVE-0463 · Cartridge spring contact057,CardReader,gold,1,1.2160000000000002,0.7600000000000051,1.4099999999999966,10.0,Schematic internal layout
MEGADRIVE-0464,CardLeaf1_26,MEGADRIVE-0464 · Cartridge spring contact058,CardReader,gold,1,1.2159999999999955,0.7600000000000051,1.4099999999999966,10.0,Schematic internal layout
MEGADRIVE-0465,CardLeaf1_27,MEGADRIVE-0465 · Cartridge spring contact059,CardReader,gold,1,1.215999999999992,0.7599999999999909,1.4099999999999966,10.0,Schematic internal layout
MEGADRIVE-0466,CardLeaf1_28,MEGADRIVE-0466 · Cartridge spring contact060,CardReader,gold,1,1.215999999999984,0.7599999999999909,1.4099999999999966,10.0,Schematic internal layout
MEGADRIVE-0467,CardLeaf1_29,MEGADRIVE-0467 · Cartridge spring contact061,CardReader,gold,1,1.2159999999999838,0.7599999999999909,1.4099999999999966,10.0,Schematic internal layout
MEGADRIVE-0468,CardLeaf1_30,MEGADRIVE-0468 · Cartridge spring contact062,CardReader,gold,1,1.2159999999999767,0.7599999999999909,1.4099999999999966,10.0,Schematic internal layout
MEGADRIVE-0469,CardLeaf1_31,MEGADRIVE-0469 · Cartridge spring contact063,CardReader,gold,1,1.215999999999969,0.7599999999999909,1.4099999999999966,10.0,Schematic internal layout
MEGADRIVE-0470,CardGuide,MEGADRIVE-0470 · Upper cartridge guide frame,CardReader,mdblack,1,6031.073966561805,127.0,23.0,11.799999999999997,Schematic internal layout
MEGADRIVE-0471,Cap0,MEGADRIVE-0471 · Radial electrolytic capacitor,Mainboard,black,1,384.84510006474983,7.0,7.0,10.0,Schematic internal layout
MEGADRIVE-0472,CapTop0,MEGADRIVE-0472 · Capacitor aluminium vent,Mainboard,metal,1,3.2169908772759634,6.400000000000006,6.399999999999999,0.10000000000000142,Schematic internal layout
MEGADRIVE-0473,CapLead0_-0.7,MEGADRIVE-0473 · Capacitor lead,Mainboard,metal,1,0.06911503837897562,0.4000000000000057,0.3999999999999986,0.5500000000000007,Schematic internal layout
MEGADRIVE-0474,CapLead0_0.7,MEGADRIVE-0474 · Capacitor lead001,Mainboard,metal,1,0.06911503837897562,0.4000000000000057,0.3999999999999986,0.5500000000000007,Schematic internal layout
MEGADRIVE-0475,Cap1,MEGADRIVE-0475 · Radial electrolytic capacitor001,Mainboard,black,1,289.5291789548354,6.400000000000006,6.3999999999999995,9.0,Schematic internal layout
MEGADRIVE-0476,CapTop1,MEGADRIVE-0476 · Capacitor aluminium vent001,Mainboard,metal,1,2.64207942166903,5.800000000000011,5.800000000000001,0.10000000000000142,Schematic internal layout
MEGADRIVE-0477,CapLead1_-0.7,MEGADRIVE-0477 · Capacitor lead002,Mainboard,metal,1,0.06911503837897558,0.4000000000000057,0.40000000000000036,0.5500000000000007,Schematic internal layout
MEGADRIVE-0478,CapLead1_0.7,MEGADRIVE-0478 · Capacitor lead003,Mainboard,metal,1,0.06911503837897556,0.4000000000000057,0.40000000000000036,0.5500000000000007,Schematic internal layout
MEGADRIVE-0479,Cap2,MEGADRIVE-0479 · Radial electrolytic capacitor002,Mainboard,black,1,603.1857894892403,8.0,8.0,12.0,Schematic internal layout
MEGADRIVE-0480,CapTop2,MEGADRIVE-0480 · Capacitor aluminium vent002,Mainboard,metal,1,4.300840342764447,7.400000000000006,7.399999999999999,0.10000000000000142,Schematic internal layout
MEGADRIVE-0481,CapLead2_-0.7,MEGADRIVE-0481 · Capacitor lead004,Mainboard,metal,1,0.06911503837897552,0.4000000000000057,0.3999999999999986,0.5500000000000007,Schematic internal layout
MEGADRIVE-0482,CapLead2_0.7,MEGADRIVE-0482 · Capacitor lead005,Mainboard,metal,1,0.06911503837897552,0.4000000000000057,0.3999999999999986,0.5500000000000007,Schematic internal layout
MEGADRIVE-0483,Cap3,MEGADRIVE-0483 · Radial electrolytic capacitor003,Mainboard,black,1,653.4512719466771,8.0,8.0,13.0,Schematic internal layout
MEGADRIVE-0484,CapTop3,MEGADRIVE-0484 · Capacitor aluminium vent003,Mainboard,metal,1,4.300840342764447,7.400000000000006,7.400000000000006,0.10000000000000142,Schematic internal layout
MEGADRIVE-0485,CapLead3_-0.7,MEGADRIVE-0485 · Capacitor lead006,Mainboard,metal,1,0.06911503837897562,0.4000000000000057,0.4000000000000057,0.5500000000000007,Schematic internal layout
MEGADRIVE-0486,CapLead3_0.7,MEGADRIVE-0486 · Capacitor lead007,Mainboard,metal,1,0.06911503837897562,0.4000000000000057,0.4000000000000057,0.5500000000000007,Schematic internal layout
MEGADRIVE-0487,Cap4,MEGADRIVE-0487 · Radial electrolytic capacitor004,Mainboard,black,1,1335.1768777756622,10.0,10.0,17.0,Schematic internal layout
MEGADRIVE-0488,CapTop4,MEGADRIVE-0488 · Capacitor aluminium vent004,Mainboard,metal,1,6.939778171779886,9.400000000000006,9.400000000000006,0.10000000000000142,Schematic internal layout
MEGADRIVE-0489,CapLead4_-0.7,MEGADRIVE-0489 · Capacitor lead008,Mainboard,metal,1,0.0691150383789755,0.4000000000000057,0.4000000000000057,0.5500000000000007,Schematic internal layout
MEGADRIVE-0490,CapLead4_0.7,MEGADRIVE-0490 · Capacitor lead009,Mainboard,metal,1,0.0691150383789755,0.4000000000000057,0.4000000000000057,0.5500000000000007,Schematic internal layout
MEGADRIVE-0491,Cap5,MEGADRIVE-0491 · Radial electrolytic capacitor005,Mainboard,black,1,384.8451000647497,7.0,7.0,10.0,Schematic internal layout
MEGADRIVE-0492,CapTop5,MEGADRIVE-0492 · Capacitor aluminium vent005,Mainboard,metal,1,3.216990877275963,6.400000000000006,6.400000000000006,0.10000000000000142,Schematic internal layout
MEGADRIVE-0493,CapLead5_-0.7,MEGADRIVE-0493 · Capacitor lead010,Mainboard,metal,1,0.0691150383789755,0.4000000000000057,0.4000000000000057,0.5500000000000007,Schematic internal layout
MEGADRIVE-0494,CapLead5_0.7,MEGADRIVE-0494 · Capacitor lead011,Mainboard,metal,1,0.06911503837897548,0.4000000000000057,0.4000000000000057,0.5500000000000007,Schematic internal layout
MEGADRIVE-0495,Cap6,MEGADRIVE-0495 · Radial electrolytic capacitor006,Mainboard,black,1,289.52917895483534,6.400000000000006,6.400000000000006,9.0,Schematic internal layout
MEGADRIVE-0496,CapTop6,MEGADRIVE-0496 · Capacitor aluminium vent006,Mainboard,metal,1,2.64207942166903,5.800000000000011,5.800000000000011,0.10000000000000142,Schematic internal layout
MEGADRIVE-0497,CapLead6_-0.7,MEGADRIVE-0497 · Capacitor lead012,Mainboard,metal,1,0.0691150383789755,0.4000000000000057,0.4000000000000057,0.5500000000000007,Schematic internal layout
MEGADRIVE-0498,CapLead6_0.7,MEGADRIVE-0498 · Capacitor lead013,Mainboard,metal,1,0.06911503837897548,0.4000000000000057,0.4000000000000057,0.5500000000000007,Schematic internal layout
MEGADRIVE-0499,Cap7,MEGADRIVE-0499 · Radial electrolytic capacitor007,Mainboard,black,1,254.46900494077326,6.0,6.0,9.0,Schematic internal layout
MEGADRIVE-0500,CapTop7,MEGADRIVE-0500 · Capacitor aluminium vent007,Mainboard,metal,1,2.2902210444669704,5.400000000000006,5.400000000000006,0.10000000000000142,Schematic internal layout
MEGADRIVE-0501,CapLead7_-0.7,MEGADRIVE-0501 · Capacitor lead014,Mainboard,metal,1,0.06911503837897548,0.4000000000000057,0.4000000000000057,0.5500000000000007,Schematic internal layout
MEGADRIVE-0502,CapLead7_0.7,MEGADRIVE-0502 · Capacitor lead015,Mainboard,metal,1,0.06911503837897548,0.4000000000000057,0.4000000000000057,0.5500000000000007,Schematic internal layout
MEGADRIVE-0503,Cap8,MEGADRIVE-0503 · Radial electrolytic capacitor008,Mainboard,black,1,890.6415172927062,9.0,9.0,14.0,Schematic internal layout
MEGADRIVE-0504,CapTop8,MEGADRIVE-0504 · Capacitor aluminium vent008,Mainboard,metal,1,5.541769440932423,8.400000000000006,8.400000000000006,0.10000000000000142,Schematic internal layout
MEGADRIVE-0505,CapLead8_-0.7,MEGADRIVE-0505 · Capacitor lead016,Mainboard,metal,1,0.0691150383789755,0.4000000000000057,0.4000000000000057,0.5500000000000007,Schematic internal layout
MEGADRIVE-0506,CapLead8_0.7,MEGADRIVE-0506 · Capacitor lead017,Mainboard,metal,1,0.06911503837897548,0.4000000000000057,0.4000000000000057,0.5500000000000007,Schematic internal layout
MEGADRIVE-0507,Cap9,MEGADRIVE-0507 · Radial electrolytic capacitor009,Mainboard,black,1,254.46900494077315,6.0,6.0,9.0,Schematic internal layout
MEGADRIVE-0508,CapTop9,MEGADRIVE-0508 · Capacitor aluminium vent009,Mainboard,metal,1,2.2902210444669704,5.400000000000006,5.400000000000006,0.10000000000000142,Schematic internal layout
MEGADRIVE-0509,CapLead9_-0.7,MEGADRIVE-0509 · Capacitor lead018,Mainboard,metal,1,0.06911503837897562,0.4000000000000057,0.4000000000000057,0.5500000000000007,Schematic internal layout
MEGADRIVE-0510,CapLead9_0.7,MEGADRIVE-0510 · Capacitor lead019,Mainboard,metal,1,0.06911503837897562,0.4000000000000057,0.4000000000000057,0.5500000000000007,Schematic internal layout
MEGADRIVE-0511,Cap10,MEGADRIVE-0511 · Radial electrolytic capacitor010,Mainboard,black,1,254.46900494077315,6.0,6.0,9.0,Schematic internal layout
MEGADRIVE-0512,CapTop10,MEGADRIVE-0512 · Capacitor aluminium vent010,Mainboard,metal,1,2.29022104446697,5.400000000000006,5.399999999999999,0.10000000000000142,Schematic internal layout
MEGADRIVE-0513,CapLead10_-0.7,MEGADRIVE-0513 · Capacitor lead020,Mainboard,metal,1,0.06911503837897552,0.4000000000000057,0.3999999999999986,0.5500000000000007,Schematic internal layout
MEGADRIVE-0514,CapLead10_0.7,MEGADRIVE-0514 · Capacitor lead021,Mainboard,metal,1,0.06911503837897552,0.4000000000000057,0.3999999999999986,0.5500000000000007,Schematic internal layout
MEGADRIVE-0515,Cap11,MEGADRIVE-0515 · Radial electrolytic capacitor011,Mainboard,black,1,603.1857894892404,8.0,8.0,12.0,Schematic internal layout
MEGADRIVE-0516,CapTop11,MEGADRIVE-0516 · Capacitor aluminium vent011,Mainboard,metal,1,4.300840342764447,7.400000000000006,7.4,0.10000000000000142,Schematic internal layout
MEGADRIVE-0517,CapLead11_-0.7,MEGADRIVE-0517 · Capacitor lead022,Mainboard,metal,1,0.06911503837897558,0.4000000000000057,0.40000000000000013,0.5500000000000007,Schematic internal layout
MEGADRIVE-0518,CapLead11_0.7,MEGADRIVE-0518 · Capacitor lead023,Mainboard,metal,1,0.06911503837897559,0.4000000000000057,0.40000000000000013,0.5500000000000007,Schematic internal layout
MEGADRIVE-0519,Cap12,MEGADRIVE-0519 · Radial electrolytic capacitor012,Mainboard,black,1,376.3313839735212,6.599999999999994,6.600000000000001,11.0,Schematic internal layout
MEGADRIVE-0520,CapTop12,MEGADRIVE-0520 · Capacitor aluminium vent012,Mainboard,metal,1,2.8274333882308262,6.0,6.0,0.10000000000000142,Schematic internal layout
MEGADRIVE-0521,CapLead12_-0.7,MEGADRIVE-0521 · Capacitor lead024,Mainboard,metal,1,0.06911503837897552,0.4000000000000057,0.3999999999999986,0.5500000000000007,Schematic internal layout
MEGADRIVE-0522,CapLead12_0.7,MEGADRIVE-0522 · Capacitor lead025,Mainboard,metal,1,0.06911503837897552,0.4000000000000057,0.3999999999999986,0.5500000000000007,Schematic internal layout
MEGADRIVE-0523,Cap13,MEGADRIVE-0523 · Radial electrolytic capacitor013,Mainboard,black,1,461.8141200776996,7.0,7.0,12.0,Schematic internal layout
MEGADRIVE-0524,CapTop13,MEGADRIVE-0524 · Capacitor aluminium vent013,Mainboard,metal,1,3.2169908772759634,6.400000000000006,6.400000000000006,0.10000000000000142,Schematic internal layout
MEGADRIVE-0525,CapLead13_-0.7,MEGADRIVE-0525 · Capacitor lead026,Mainboard,metal,1,0.06911503837897562,0.4000000000000057,0.4000000000000057,0.5500000000000007,Schematic internal layout
MEGADRIVE-0526,CapLead13_0.7,MEGADRIVE-0526 · Capacitor lead027,Mainboard,metal,1,0.06911503837897562,0.4000000000000057,0.4000000000000057,0.5500000000000007,Schematic internal layout
MEGADRIVE-0527,Cap14,MEGADRIVE-0527 · Radial electrolytic capacitor014,Mainboard,black,1,282.7433388230814,6.0,6.0,10.0,Schematic internal layout
MEGADRIVE-0528,CapTop14,MEGADRIVE-0528 · Capacitor aluminium vent014,Mainboard,metal,1,2.29022104446697,5.400000000000006,5.400000000000006,0.10000000000000142,Schematic internal layout
MEGADRIVE-0529,CapLead14_-0.7,MEGADRIVE-0529 · Capacitor lead028,Mainboard,metal,1,0.0691150383789755,0.4000000000000057,0.4000000000000057,0.5500000000000007,Schematic internal layout
MEGADRIVE-0530,CapLead14_0.7,MEGADRIVE-0530 · Capacitor lead029,Mainboard,metal,1,0.06911503837897548,0.4000000000000057,0.4000000000000057,0.5500000000000007,Schematic internal layout
MEGADRIVE-0531,Cap15,MEGADRIVE-0531 · Radial electrolytic capacitor015,Mainboard,black,1,282.7433388230813,6.0,6.0,10.0,Schematic internal layout
MEGADRIVE-0532,CapTop15,MEGADRIVE-0532 · Capacitor aluminium vent015,Mainboard,metal,1,2.2902210444669704,5.400000000000006,5.400000000000006,0.10000000000000142,Schematic internal layout
MEGADRIVE-0533,CapLead15_-0.7,MEGADRIVE-0533 · Capacitor lead030,Mainboard,metal,1,0.06911503837897562,0.4000000000000057,0.4000000000000057,0.5500000000000007,Schematic internal layout
MEGADRIVE-0534,CapLead15_0.7,MEGADRIVE-0534 · Capacitor lead031,Mainboard,metal,1,0.06911503837897562,0.4000000000000057,0.4000000000000057,0.5500000000000007,Schematic internal layout
MEGADRIVE-0535,Cap16,MEGADRIVE-0535 · Radial electrolytic capacitor016,Mainboard,black,1,183.21768355735674,5.400000000000006,5.400000000000006,8.0,Schematic internal layout
MEGADRIVE-0536,CapTop16,MEGADRIVE-0536 · Capacitor aluminium vent016,Mainboard,metal,1,1.80955736846773,4.800000000000011,4.799999999999997,0.10000000000000142,Schematic internal layout
MEGADRIVE-0537,CapLead16_-0.7,MEGADRIVE-0537 · Capacitor lead032,Mainboard,metal,1,0.06911503837897562,0.4000000000000057,0.4000000000000057,0.5500000000000007,Schematic internal layout
MEGADRIVE-0538,CapLead16_0.7,MEGADRIVE-0538 · Capacitor lead033,Mainboard,metal,1,0.06911503837897562,0.4000000000000057,0.4000000000000057,0.5500000000000007,Schematic internal layout
MEGADRIVE-0539,Cap17,MEGADRIVE-0539 · Radial electrolytic capacitor017,Mainboard,black,1,321.6990877275948,6.400000000000006,6.400000000000006,10.0,Schematic internal layout
MEGADRIVE-0540,CapTop17,MEGADRIVE-0540 · Capacitor aluminium vent017,Mainboard,metal,1,2.64207942166903,5.800000000000004,5.800000000000011,0.10000000000000142,Schematic internal layout
MEGADRIVE-0541,CapLead17_-0.7,MEGADRIVE-0541 · Capacitor lead034,Mainboard,metal,1,0.0691150383789755,0.4000000000000057,0.4000000000000057,0.5500000000000007,Schematic internal layout
MEGADRIVE-0542,CapLead17_0.7,MEGADRIVE-0542 · Capacitor lead035,Mainboard,metal,1,0.06911503837897548,0.4000000000000057,0.4000000000000057,0.5500000000000007,Schematic internal layout
MEGADRIVE-0543,Passive0_0,MEGADRIVE-0543 · Discrete resistor / filter study,Mainboard,thermal,1,2.495663706143591,2.3000000000000114,1.1000000000000085,1.0,Schematic internal layout
MEGADRIVE-0544,Passive0_1,MEGADRIVE-0544 · Discrete resistor / filter study001,Mainboard,thermal,1,2.4956637061435907,2.3000000000000114,1.1000000000000085,1.0,Schematic internal layout
MEGADRIVE-0545,Passive0_2,MEGADRIVE-0545 · Discrete resistor / filter study002,Mainboard,thermal,1,2.4956637061435907,2.3000000000000114,1.1000000000000085,1.0,Schematic internal layout
MEGADRIVE-0546,Passive0_3,MEGADRIVE-0546 · Discrete resistor / filter study003,Mainboard,thermal,1,2.495663706143591,2.3000000000000114,1.1000000000000085,1.0,Schematic internal layout
MEGADRIVE-0547,Passive0_4,MEGADRIVE-0547 · Discrete resistor / filter study004,Mainboard,thermal,1,2.495663706143591,2.3000000000000114,1.1000000000000085,1.0,Schematic internal layout
MEGADRIVE-0548,Passive0_5,MEGADRIVE-0548 · Discrete resistor / filter study005,Mainboard,thermal,1,2.4956637061435907,2.3000000000000114,1.1000000000000085,1.0,Schematic internal layout
MEGADRIVE-0549,Passive0_6,MEGADRIVE-0549 · Discrete resistor / filter study006,Mainboard,thermal,1,2.495663706143591,2.3000000000000114,1.1000000000000085,1.0,Schematic internal layout
MEGADRIVE-0550,Passive0_7,MEGADRIVE-0550 · Discrete resistor / filter study007,Mainboard,thermal,1,2.4956637061435902,2.3000000000000114,1.1000000000000085,1.0,Schematic internal layout
MEGADRIVE-0551,Passive0_8,MEGADRIVE-0551 · Discrete resistor / filter study008,Mainboard,thermal,1,2.4956637061435907,2.3000000000000114,1.1000000000000085,1.0,Schematic internal layout
MEGADRIVE-0552,Passive0_9,MEGADRIVE-0552 · Discrete resistor / filter study009,Mainboard,thermal,1,2.4956637061435907,2.3000000000000114,1.1000000000000085,1.0,Schematic internal layout
MEGADRIVE-0553,Passive1_0,MEGADRIVE-0553 · Discrete resistor / filter study010,Mainboard,thermal,1,2.495663706143591,2.3000000000000114,1.1,1.0,Schematic internal layout
MEGADRIVE-0554,Passive1_1,MEGADRIVE-0554 · Discrete resistor / filter study011,Mainboard,thermal,1,2.495663706143591,2.3000000000000114,1.1,1.0,Schematic internal layout
MEGADRIVE-0555,Passive1_2,MEGADRIVE-0555 · Discrete resistor / filter study012,Mainboard,thermal,1,2.4956637061435907,2.3000000000000114,1.1,1.0,Schematic internal layout
MEGADRIVE-0556,Passive1_3,MEGADRIVE-0556 · Discrete resistor / filter study013,Mainboard,thermal,1,2.4956637061435907,2.3000000000000114,1.1,1.0,Schematic internal layout
MEGADRIVE-0557,Passive1_4,MEGADRIVE-0557 · Discrete resistor / filter study014,Mainboard,thermal,1,2.495663706143591,2.3000000000000114,1.1,1.0,Schematic internal layout
MEGADRIVE-0558,Passive1_5,MEGADRIVE-0558 · Discrete resistor / filter study015,Mainboard,thermal,1,2.4956637061435916,2.3000000000000114,1.1000000000000005,1.0,Schematic internal layout
MEGADRIVE-0559,Passive1_6,MEGADRIVE-0559 · Discrete resistor / filter study016,Mainboard,thermal,1,2.4956637061435916,2.3000000000000114,1.1000000000000005,1.0,Schematic internal layout
MEGADRIVE-0560,Passive1_7,MEGADRIVE-0560 · Discrete resistor / filter study017,Mainboard,thermal,1,2.495663706143591,2.3000000000000114,1.1000000000000005,1.0,Schematic internal layout
MEGADRIVE-0561,Passive1_8,MEGADRIVE-0561 · Discrete resistor / filter study018,Mainboard,thermal,1,2.495663706143591,2.3000000000000114,1.1000000000000005,1.0,Schematic internal layout
MEGADRIVE-0562,Passive1_9,MEGADRIVE-0562 · Discrete resistor / filter study019,Mainboard,thermal,1,2.495663706143592,2.3000000000000114,1.1000000000000005,1.0,Schematic internal layout
MEGADRIVE-0563,Passive1_10,MEGADRIVE-0563 · Discrete resistor / filter study020,Mainboard,thermal,1,2.495663706143592,2.3000000000000114,1.1000000000000014,1.0,Schematic internal layout
MEGADRIVE-0564,Passive1_11,MEGADRIVE-0564 · Discrete resistor / filter study021,Mainboard,thermal,1,2.495663706143592,2.3000000000000114,1.1000000000000014,1.0,Schematic internal layout
MEGADRIVE-0565,Passive2_0,MEGADRIVE-0565 · Discrete resistor / filter study022,Mainboard,thermal,1,2.495663706143588,2.299999999999997,1.0999999999999943,1.0,Schematic internal layout
MEGADRIVE-0566,Passive2_1,MEGADRIVE-0566 · Discrete resistor / filter study023,Mainboard,thermal,1,2.4956637061435876,2.299999999999997,1.0999999999999943,1.0,Schematic internal layout
MEGADRIVE-0567,Passive2_2,MEGADRIVE-0567 · Discrete resistor / filter study024,Mainboard,thermal,1,2.4956637061435876,2.299999999999997,1.0999999999999943,1.0,Schematic internal layout
MEGADRIVE-0568,Passive2_3,MEGADRIVE-0568 · Discrete resistor / filter study025,Mainboard,thermal,1,2.495663706143587,2.299999999999997,1.0999999999999943,1.0,Schematic internal layout
MEGADRIVE-0569,Passive2_4,MEGADRIVE-0569 · Discrete resistor / filter study026,Mainboard,thermal,1,2.4956637061435876,2.3000000000000114,1.0999999999999943,1.0,Schematic internal layout
MEGADRIVE-0570,Passive2_5,MEGADRIVE-0570 · Discrete resistor / filter study027,Mainboard,thermal,1,2.495663706143588,2.299999999999997,1.0999999999999943,1.0,Schematic internal layout
MEGADRIVE-0571,Passive2_6,MEGADRIVE-0571 · Discrete resistor / filter study028,Mainboard,thermal,1,2.4956637061435876,2.299999999999997,1.0999999999999943,1.0,Schematic internal layout
MEGADRIVE-0572,Passive2_7,MEGADRIVE-0572 · Discrete resistor / filter study029,Mainboard,thermal,1,2.4956637061435876,2.299999999999997,1.0999999999999943,1.0,Schematic internal layout
MEGADRIVE-0573,Passive2_8,MEGADRIVE-0573 · Discrete resistor / filter study030,Mainboard,thermal,1,2.495663706143587,2.299999999999997,1.0999999999999943,1.0,Schematic internal layout
MEGADRIVE-0574,Passive2_9,MEGADRIVE-0574 · Discrete resistor / filter study031,Mainboard,thermal,1,2.4956637061435876,2.3000000000000114,1.0999999999999943,1.0,Schematic internal layout
MEGADRIVE-0575,Passive2_10,MEGADRIVE-0575 · Discrete resistor / filter study032,Mainboard,thermal,1,2.4956637061435885,2.299999999999997,1.1000000000000085,1.0,Schematic internal layout
MEGADRIVE-0576,Passive2_11,MEGADRIVE-0576 · Discrete resistor / filter study033,Mainboard,thermal,1,2.495663706143588,2.299999999999997,1.1000000000000085,1.0,Schematic internal layout
MEGADRIVE-0577,Passive3_0,MEGADRIVE-0577 · Discrete resistor / filter study034,Mainboard,thermal,1,2.495663706143595,2.3000000000000114,1.1000000000000014,1.0,Schematic internal layout
MEGADRIVE-0578,Passive3_1,MEGADRIVE-0578 · Discrete resistor / filter study035,Mainboard,thermal,1,2.4956637061435956,2.3000000000000114,1.1000000000000014,1.0,Schematic internal layout
MEGADRIVE-0579,Passive3_2,MEGADRIVE-0579 · Discrete resistor / filter study036,Mainboard,thermal,1,2.4956637061435947,2.3000000000000114,1.1000000000000014,1.0,Schematic internal layout
MEGADRIVE-0580,Passive3_3,MEGADRIVE-0580 · Discrete resistor / filter study037,Mainboard,thermal,1,2.4956637061435947,2.3000000000000114,1.1000000000000014,1.0,Schematic internal layout
MEGADRIVE-0581,Passive3_4,MEGADRIVE-0581 · Discrete resistor / filter study038,Mainboard,thermal,1,2.4956637061435956,2.3000000000000114,1.1000000000000014,1.0,Schematic internal layout
MEGADRIVE-0582,Passive3_5,MEGADRIVE-0582 · Discrete resistor / filter study039,Mainboard,thermal,1,2.4956637061435947,2.3000000000000114,1.1000000000000014,1.0,Schematic internal layout
MEGADRIVE-0583,Passive3_6,MEGADRIVE-0583 · Discrete resistor / filter study040,Mainboard,thermal,1,2.4956637061435947,2.3000000000000114,1.1000000000000014,1.0,Schematic internal layout
MEGADRIVE-0584,Passive3_7,MEGADRIVE-0584 · Discrete resistor / filter study041,Mainboard,thermal,1,2.495663706143595,2.3000000000000114,1.1000000000000014,1.0,Schematic internal layout
MEGADRIVE-0585,Passive3_8,MEGADRIVE-0585 · Discrete resistor / filter study042,Mainboard,thermal,1,2.495663706143595,2.3000000000000114,1.1000000000000014,1.0,Schematic internal layout
MEGADRIVE-0586,Passive3_9,MEGADRIVE-0586 · Discrete resistor / filter study043,Mainboard,thermal,1,2.4956637061435947,2.3000000000000114,1.1000000000000014,1.0,Schematic internal layout
MEGADRIVE-0587,PadBack,MEGADRIVE-0587 · Three-button controller lower shell002,Controller,mdblack,1,25778.222148752266,152.0000002,89.9685794140947,13.800000200000001,Published envelope; approximate photographic exterior detail
MEGADRIVE-0588,PadFront,MEGADRIVE-0588 · Three-button controller upper shell007,Controller,mdblack,1,25707.03539731553,152.0000002,89.96776324207312,22.5000001,Published envelope; approximate photographic exterior detail
MEGADRIVE-0589,PadDDisc,MEGADRIVE-0589 · Floating directional disc,Controller,gloss,1,2501.4931504208735,35.0,35.0,2.6000000000000014,Published envelope; approximate photographic exterior detail
MEGADRIVE-0590,PadDPad,MEGADRIVE-0590 · Moulded cross on the directional disc,Controller,mdblack,1,702.853096491488,29.0,29.0,1.6000000000000014,Published envelope; approximate photographic exterior detail
MEGADRIVE-0591,PadABC0,MEGADRIVE-0591 · Original A action button001,Controller,mdblack,1,574.5674512113641,14.799999999999999,14.800000000000011,5.850000000000001,Published envelope; approximate photographic exterior detail
MEGADRIVE-0592,PadABCMark0,MEGADRIVE-0592 · A,Controller,mdred,1,0.09348274161636992,3.7872483221476507,4.134228187919462,0.018000000000000682,Published envelope; approximate photographic exterior detail
MEGADRIVE-0593,PadABC1,MEGADRIVE-0593 · Original B action button001,Controller,mdblack,1,574.5674512113641,14.799999999999997,14.800000000000011,5.850000000000001,Published envelope; approximate photographic exterior detail
MEGADRIVE-0594,PadABCMark1,MEGADRIVE-0594 · B,Controller,mdred,1,0.11774655012921875,2.931795502013422,4.13422838791945,0.01800020000000302,Published envelope; approximate photographic exterior detail
MEGADRIVE-0595,PadABC2,MEGADRIVE-0595 · Original C action button001,Controller,mdblack,1,574.5674512113641,14.800000000000004,14.800000000000011,5.850000000000001,Published envelope; approximate photographic exterior detail
MEGADRIVE-0596,PadABCMark2,MEGADRIVE-0596 · C,Controller,mdred,1,0.07926658458093208,3.333221676510071,4.28778543489932,0.01800020000000302,Published envelope; approximate photographic exterior detail
MEGADRIVE-0597,PadStart,MEGADRIVE-0597 · Blue START button,Controller,mdblue,1,239.021808422795,18.300000000000008,6.699999999999989,2.1000000000000014,Published envelope; approximate photographic exterior detail
MEGADRIVE-0598,PadSega,MEGADRIVE-0598 · SEGA001,Controller,white,4,0.6169508681872513,19.13372493221476,5.457181408053657,0.01800020000000302,Published envelope; approximate photographic exterior detail
MEGADRIVE-0599,PadStartMark,MEGADRIVE-0599 · START,Controller,white,5,0.08706970289908235,7.790436341610739,1.9489934885905882,0.01800020000000302,Published envelope; approximate photographic exterior detail
MEGADRIVE-0600,BoardSupport0,MEGADRIVE-0600 · Hollow lower board support,Internal,mdblack,1,207.09064613198558,6.3999999999999915,6.399999999999999,7.300000000000001,Schematic internal layout
MEGADRIVE-0601,CaseScrew0,MEGADRIVE-0601 · Cross-head fastener,Internal,metal,1,29.451469157663436,3.3999999999999915,3.3999999999999986,22.330000000000002,Schematic internal layout
MEGADRIVE-0602,BoardSupport1,MEGADRIVE-0602 · Hollow lower board support001,Internal,mdblack,1,207.09064613198558,6.400000000000006,6.400000000000006,7.300000000000001,Schematic internal layout
MEGADRIVE-0603,CaseScrew1,MEGADRIVE-0603 · Cross-head fastener001,Internal,metal,1,29.451469157663407,3.4000000000000057,3.4000000000000057,22.330000000000002,Schematic internal layout
MEGADRIVE-0604,BoardSupport2,MEGADRIVE-0604 · Hollow lower board support002,Internal,mdblack,1,207.09064613198558,6.400000000000006,6.400000000000006,7.300000000000001,Schematic internal layout
MEGADRIVE-0605,CaseScrew2,MEGADRIVE-0605 · Cross-head fastener002,Internal,metal,1,29.4514691576634,3.4000000000000057,3.4000000000000057,22.330000000000002,Schematic internal layout
MEGADRIVE-0606,BoardSupport3,MEGADRIVE-0606 · Hollow lower board support003,Internal,mdblack,1,207.09064613198558,6.400000000000006,6.400000000000006,7.300000000000001,Schematic internal layout
MEGADRIVE-0607,CaseScrew3,MEGADRIVE-0607 · Cross-head fastener003,Internal,metal,1,29.4514691576634,3.4000000000000057,3.4000000000000057,22.330000000000002,Schematic internal layout
MEGADRIVE-0608,BoardSupport4,MEGADRIVE-0608 · Hollow lower board support004,Internal,mdblack,1,207.09064613198558,6.400000000000006,6.400000000000006,7.300000000000001,Schematic internal layout
MEGADRIVE-0609,CaseScrew4,MEGADRIVE-0609 · Cross-head fastener004,Internal,metal,1,29.451469157663414,3.4000000000000057,3.4000000000000057,22.330000000000002,Schematic internal layout
MEGADRIVE-0610,BoardSupport5,MEGADRIVE-0610 · Hollow lower board support005,Internal,mdblack,1,207.09064613198564,6.400000000000006,6.4,7.300000000000001,Schematic internal layout
MEGADRIVE-0611,CaseScrew5,MEGADRIVE-0611 · Cross-head fastener005,Internal,metal,1,29.45146915766343,3.4000000000000057,3.4,22.330000000000002,Schematic internal layout
MEGADRIVE-0612,PowerHeatsink,MEGADRIVE-0612 · Bent aluminium regulator heat spreader001,Power,metal,1,1725.6184991800046,42.0,30.0,17.8,Schematic internal layout
MEGADRIVE-0613,Regulator0,MEGADRIVE-0613 · Linear regulator package,Power,black,1,159.4634954084936,2.0,8.0,10.0,Schematic internal layout
MEGADRIVE-0614,RegulatorTab0,MEGADRIVE-0614 · Regulator metal tab,Power,metal,1,20.948495559215395,0.5,7.0,6.0,Schematic internal layout
MEGADRIVE-0615,Regulator1,MEGADRIVE-0615 · Linear regulator package001,Power,black,1,159.4634954084936,2.0,8.0,10.0,Schematic internal layout
MEGADRIVE-0616,RegulatorTab1,MEGADRIVE-0616 · Regulator metal tab001,Power,metal,1,20.948495559215395,0.5,7.0,6.0,Schematic internal layout
MEGADRIVE-0617,VolumeMechanism,MEGADRIVE-0617 · Headphone potentiometer slide body,Controls,black,1,2062.2831853071793,6.0,43.0,8.0,Schematic internal layout
MEGADRIVE-0618,VolumeStem,MEGADRIVE-0618 · Slider coupling stem,Controls,mdblack,1,27.98831853071792,2.1999999999999886,4.0,3.200000000000003,Schematic internal layout
MEGADRIVE-0619,PowerMechanism,MEGADRIVE-0619 · Power-switch mechanism,Controls,black,1,1677.0556628018128,24.0,10.0,7.0,Schematic internal layout
MEGADRIVE-0620,PowerStem,MEGADRIVE-0620 · Power-switch coupling,Controls,mdblack,1,52.6489203070318,3.0,4.0,4.399999999999999,Schematic internal layout
MEGADRIVE-0621,CartridgeLock,MEGADRIVE-0621 · Sliding cartridge-retaining bar,Controls,mdblack,1,629.3819467105847,105.0,3.0,2.0,Schematic internal layout
MEGADRIVE-0622,ResetSwitch,MEGADRIVE-0622 · Reset switch base,Controls,black,1,319.1415926535898,10.0,8.0,4.0,Schematic internal layout
MEGADRIVE-0623,ResetPlunger,MEGADRIVE-0623 · Reset pushrod,Controls,mdblack,1,92.99114254625785,4.0,4.0,7.399999999999999,Schematic internal layout
MEGADRIVE-0624,PadPCB,MEGADRIVE-0624 · SJ-3500 phenolic controller PCB002,Controller,copper,1,6514.805912724825,132.00000000000028,51.0,1.2000000000000028,Schematic internal layout
MEGADRIVE-0625,PadContact0,MEGADRIVE-0625 · Carbon printed contact,Controller,black,1,1.413716694115414,6.0,6.0,0.05000000000000071,Schematic internal layout
MEGADRIVE-0626,PadRubber0,MEGADRIVE-0626 · Silicone switch dome,Controller,white,1,63.52617971280544,10.400000000000006,10.399999999999977,2.5,Schematic internal layout
MEGADRIVE-0627,PadPill0,MEGADRIVE-0627 · Conductive carbon pill,Controller,black,1,1.4476458947741748,3.200000000000003,3.1999999999999886,0.17999999999999972,Schematic internal layout
MEGADRIVE-0628,PadContact1,MEGADRIVE-0628 · Carbon printed contact001,Controller,black,1,1.413716694115414,6.0,6.0,0.05000000000000071,Schematic internal layout
MEGADRIVE-0629,PadRubber1,MEGADRIVE-0629 · Silicone switch dome001,Controller,white,1,63.52617971280544,10.400000000000006,10.399999999999977,2.5,Schematic internal layout
MEGADRIVE-0630,PadPill1,MEGADRIVE-0630 · Conductive carbon pill001,Controller,black,1,1.4476458947741748,3.200000000000003,3.1999999999999886,0.17999999999999972,Schematic internal layout
MEGADRIVE-0631,PadContact2,MEGADRIVE-0631 · Carbon printed contact002,Controller,black,1,1.413716694115414,6.0,6.0,0.05000000000000071,Schematic internal layout
MEGADRIVE-0632,PadRubber2,MEGADRIVE-0632 · Silicone switch dome002,Controller,white,1,63.52617971280544,10.400000000000006,10.399999999999977,2.5,Schematic internal layout
MEGADRIVE-0633,PadPill2,MEGADRIVE-0633 · Conductive carbon pill002,Controller,black,1,1.4476458947741748,3.200000000000003,3.1999999999999886,0.17999999999999972,Schematic internal layout
MEGADRIVE-0634,PadContact3,MEGADRIVE-0634 · Carbon printed contact003,Controller,black,1,1.413716694115414,6.0,6.0,0.05000000000000071,Schematic internal layout
MEGADRIVE-0635,PadRubber3,MEGADRIVE-0635 · Silicone switch dome003,Controller,white,1,63.52617971280544,10.400000000000006,10.399999999999977,2.5000000000000036,Schematic internal layout
MEGADRIVE-0636,PadPill3,MEGADRIVE-0636 · Conductive carbon pill003,Controller,black,1,1.4476458947741748,3.200000000000003,3.1999999999999886,0.17999999999999972,Schematic internal layout
MEGADRIVE-0637,PadContact4,MEGADRIVE-0637 · Carbon printed contact004,Controller,black,1,1.413716694115414,6.0,6.0,0.05000000000000071,Schematic internal layout
MEGADRIVE-0638,PadRubber4,MEGADRIVE-0638 · Silicone switch dome004,Controller,white,1,63.52617971280544,10.399999999999999,10.399999999999977,2.5,Schematic internal layout
MEGADRIVE-0639,PadPill4,MEGADRIVE-0639 · Conductive carbon pill004,Controller,black,1,1.4476458947741748,3.200000000000003,3.1999999999999886,0.17999999999999972,Schematic internal layout
MEGADRIVE-0640,PadContact5,MEGADRIVE-0640 · Carbon printed contact005,Controller,black,1,1.413716694115414,6.0,6.0,0.05000000000000071,Schematic internal layout
MEGADRIVE-0641,PadRubber5,MEGADRIVE-0641 · Silicone switch dome005,Controller,white,1,63.52617971280544,10.400000000000006,10.399999999999977,2.5,Schematic internal layout
MEGADRIVE-0642,PadPill5,MEGADRIVE-0642 · Conductive carbon pill005,Controller,black,1,1.4476458947741748,3.200000000000003,3.1999999999999886,0.17999999999999972,Schematic internal layout
MEGADRIVE-0643,PadContact6,MEGADRIVE-0643 · Carbon printed contact006,Controller,black,1,1.413716694115414,6.0,6.0,0.05000000000000071,Schematic internal layout
MEGADRIVE-0644,PadRubber6,MEGADRIVE-0644 · Silicone switch dome006,Controller,white,1,63.52617971280544,10.400000000000006,10.399999999999977,2.5,Schematic internal layout
MEGADRIVE-0645,PadPill6,MEGADRIVE-0645 · Conductive carbon pill006,Controller,black,1,1.4476458947741748,3.200000000000003,3.1999999999999886,0.17999999999999972,Schematic internal layout
MEGADRIVE-0646,PadContact7,MEGADRIVE-0646 · Carbon printed contact007,Controller,black,1,1.413716694115414,6.0,6.0,0.05000000000000071,Schematic internal layout
MEGADRIVE-0647,PadRubber7,MEGADRIVE-0647 · Silicone switch dome007,Controller,white,1,63.52617971280544,10.400000000000002,10.399999999999977,2.5,Schematic internal layout
MEGADRIVE-0648,PadPill7,MEGADRIVE-0648 · Conductive carbon pill007,Controller,black,1,1.4476458947741744,3.200000000000003,3.1999999999999886,0.17999999999999972,Schematic internal layout
MEGADRIVE-0649,PadLogic,MEGADRIVE-0649 · Controller multiplexer package,Controller,black,1,302.11608177017484,16.0,7.0,2.6999999999999993,Schematic internal layout
MEGADRIVE-0650,PadLogicMark,MEGADRIVE-0650 · 74HC157,Controller,white,7,0.08948245969818465,10.345771812080537,1.7540941597315225,0.01800020000000302,Published envelope; approximate photographic exterior detail
MEGADRIVE-0651,PadLogicLead-1_0,MEGADRIVE-0651 · Multiplexer lead,Controller,metal,1,0.18858796447372234,0.4499999999999993,1.3999999999999773,0.3000000000000007,Schematic internal layout
MEGADRIVE-0652,PadLogicLead-1_1,MEGADRIVE-0652 · Multiplexer lead001,Controller,metal,1,0.18858796447372234,0.4499999999999993,1.3999999999999773,0.3000000000000007,Schematic internal layout
MEGADRIVE-0653,PadLogicLead-1_2,MEGADRIVE-0653 · Multiplexer lead002,Controller,metal,1,0.18858796447372245,0.4500000000000002,1.3999999999999773,0.3000000000000007,Schematic internal layout
MEGADRIVE-0654,PadLogicLead-1_3,MEGADRIVE-0654 · Multiplexer lead003,Controller,metal,1,0.18858796447372245,0.4500000000000002,1.3999999999999773,0.3000000000000007,Schematic internal layout
MEGADRIVE-0655,PadLogicLead-1_4,MEGADRIVE-0655 · Multiplexer lead004,Controller,metal,1,0.18858796447372245,0.4500000000000002,1.3999999999999773,0.3000000000000007,Schematic internal layout
MEGADRIVE-0656,PadLogicLead-1_5,MEGADRIVE-0656 · Multiplexer lead005,Controller,metal,1,0.18858796447372245,0.4500000000000002,1.3999999999999773,0.3000000000000007,Schematic internal layout
MEGADRIVE-0657,PadLogicLead-1_6,MEGADRIVE-0657 · Multiplexer lead006,Controller,metal,1,0.1885879644737223,0.4499999999999993,1.3999999999999773,0.3000000000000007,Schematic internal layout
MEGADRIVE-0658,PadLogicLead-1_7,MEGADRIVE-0658 · Multiplexer lead007,Controller,metal,1,0.18858796447372234,0.4499999999999993,1.3999999999999773,0.3000000000000007,Schematic internal layout
MEGADRIVE-0659,PadLogicLead1_0,MEGADRIVE-0659 · Multiplexer lead008,Controller,metal,1,0.18858796447372234,0.4499999999999993,1.3999999999999773,0.3000000000000007,Schematic internal layout
MEGADRIVE-0660,PadLogicLead1_1,MEGADRIVE-0660 · Multiplexer lead009,Controller,metal,1,0.1885879644737223,0.4499999999999993,1.3999999999999773,0.3000000000000007,Schematic internal layout
MEGADRIVE-0661,PadLogicLead1_2,MEGADRIVE-0661 · Multiplexer lead010,Controller,metal,1,0.18858796447372247,0.4500000000000002,1.3999999999999773,0.3000000000000007,Schematic internal layout
MEGADRIVE-0662,PadLogicLead1_3,MEGADRIVE-0662 · Multiplexer lead011,Controller,metal,1,0.18858796447372245,0.4500000000000002,1.3999999999999773,0.3000000000000007,Schematic internal layout
MEGADRIVE-0663,PadLogicLead1_4,MEGADRIVE-0663 · Multiplexer lead012,Controller,metal,1,0.18858796447372245,0.4500000000000002,1.3999999999999773,0.3000000000000007,Schematic internal layout
MEGADRIVE-0664,PadLogicLead1_5,MEGADRIVE-0664 · Multiplexer lead013,Controller,metal,1,0.18858796447372247,0.4500000000000002,1.3999999999999773,0.3000000000000007,Schematic internal layout
MEGADRIVE-0665,PadLogicLead1_6,MEGADRIVE-0665 · Multiplexer lead014,Controller,metal,1,0.1885879644737223,0.4499999999999993,1.3999999999999773,0.3000000000000007,Schematic internal layout
MEGADRIVE-0666,PadLogicLead1_7,MEGADRIVE-0666 · Multiplexer lead015,Controller,metal,1,0.18858796447372234,0.4499999999999993,1.3999999999999773,0.3000000000000007,Schematic internal layout
MEGADRIVE-0667,PadResistor0,MEGADRIVE-0667 · Controller discrete resistor,Controller,thermal,1,5.25875441817635,3.200000000000001,1.5,1.1000000000000014,Schematic internal layout
MEGADRIVE-0668,PadResistor1,MEGADRIVE-0668 · Controller discrete resistor001,Controller,thermal,1,5.258754418176351,3.1999999999999993,1.5,1.1000000000000014,Schematic internal layout
MEGADRIVE-0669,PadResistor2,MEGADRIVE-0669 · Controller discrete resistor002,Controller,thermal,1,5.25875441817635,3.200000000000002,1.5,1.1000000000000014,Schematic internal layout
MEGADRIVE-0670,PadResistor3,MEGADRIVE-0670 · Controller discrete resistor003,Controller,thermal,1,5.258754418176351,3.2000000000000006,1.5,1.1000000000000014,Schematic internal layout
MEGADRIVE-0671,PadResistor4,MEGADRIVE-0671 · Controller discrete resistor004,Controller,thermal,1,5.258754418176351,3.2,1.5,1.1000000000000014,Schematic internal layout
MEGADRIVE-0672,PadResistor5,MEGADRIVE-0672 · Controller discrete resistor005,Controller,thermal,1,5.25875441817635,3.2,1.5,1.1000000000000014,Schematic internal layout
MEGADRIVE-0673,PadResistor6,MEGADRIVE-0673 · Controller discrete resistor006,Controller,thermal,1,5.258754418176349,3.1999999999999993,1.5,1.1000000000000014,Schematic internal layout
MEGADRIVE-0674,PadResistor7,MEGADRIVE-0674 · Controller discrete resistor007,Controller,thermal,1,5.258754418176352,3.200000000000001,1.5,1.1000000000000014,Schematic internal layout
MEGADRIVE-0675,PadCaseScrew0,MEGADRIVE-0675 · Cross-head fastener006,Controller,metal,1,19.444389477854436,3.1999999999999957,3.1999999999999886,14.329999999999998,Schematic internal layout
MEGADRIVE-0676,PadCaseScrew1,MEGADRIVE-0676 · Cross-head fastener007,Controller,metal,1,19.444389477854433,3.1999999999999957,3.1999999999999886,14.329999999999998,Schematic internal layout
MEGADRIVE-0677,PadCaseScrew2,MEGADRIVE-0677 · Cross-head fastener008,Controller,metal,1,19.44438947785445,3.200000000000003,3.200000000000017,14.329999999999998,Schematic internal layout
MEGADRIVE-0678,PadCaseScrew3,MEGADRIVE-0678 · Cross-head fastener009,Controller,metal,1,19.44438947785445,3.200000000000003,3.200000000000017,14.329999999999998,Schematic internal layout
MEGADRIVE-0679,PadCaseScrew4,MEGADRIVE-0679 · Cross-head fastener010,Controller,metal,1,19.444389477854447,3.1999999999999993,3.1999999999999886,14.329999999999998,Schematic internal layout
MEGADRIVE-0680,PadCaseScrew5,MEGADRIVE-0680 · Cross-head fastener011,Controller,metal,1,19.444389477854447,3.1999999999999993,3.1999999999999886,14.329999999999998,Schematic internal layout
MEGADRIVE-0681,RedPowerField,MEGADRIVE-0681 · Japanese red power-field inlay,Body,mdred,1,163.15348468366284,60.00000000000006,13.371890673778964,0.3499999999999943,Published envelope; approximate photographic exterior detail
MEGADRIVE-0682,PowerOnLegend,MEGADRIVE-0682 · POWER ON,Body,black,7,0.12829047395134388,12.442198086577182,1.7540941597315225,0.01800019999998881,Published envelope; approximate photographic exterior detail
MEGADRIVE-0683,PadCable,MEGADRIVE-0683 · Controller cable with circular swept bends,Controller,black,1,2187.9025807510575,178.70000009999998,53.24994191441536,6.700000200000005,Published envelope; approximate photographic exterior detail
MEGADRIVE-0684,PadGrommet,MEGADRIVE-0684 · Hollow controller cable strain relief,Controller,black,1,128.64821916450205,5.2,13.0,5.200000000000001,Published envelope; approximate photographic exterior detail
MEGADRIVE-0685,PadWire0,MEGADRIVE-0685 · Controller conductor 1,Controller,red,1,1.2505381372613347,0.32000019999999996,15.199999999999989,2.4200001999999916,Schematic internal layout
MEGADRIVE-0686,PadWire1,MEGADRIVE-0686 · Controller conductor 2,Controller,white,1,1.250538137261335,0.32000019999999985,15.199999999999989,2.4200001999999916,Schematic internal layout
MEGADRIVE-0687,PadWire2,MEGADRIVE-0687 · Controller conductor 3,Controller,blue,1,1.2505381372613347,0.32000019999999973,15.199999999999989,2.4200001999999916,Schematic internal layout
MEGADRIVE-0688,PadWire3,MEGADRIVE-0688 · Controller conductor 4,Controller,gold,1,1.2505381372613347,0.32000019999999996,15.199999999999989,2.4200001999999916,Schematic internal layout
MEGADRIVE-0689,PadWire4,MEGADRIVE-0689 · Controller conductor 5,Controller,led,1,1.2505381372613347,0.3200002,15.199999999999989,2.4200001999999916,Schematic internal layout
MEGADRIVE-0690,PadWire5,MEGADRIVE-0690 · Controller conductor 6,Controller,mdred,1,1.2505381372613347,0.32000019999999996,15.199999999999989,2.4200001999999916,Schematic internal layout
MEGADRIVE-0691,PadWire6,MEGADRIVE-0691 · Controller conductor 7,Controller,metal,1,1.2505381372613358,0.32000019999999973,15.199999999999989,2.4200001999999916,Schematic internal layout
MEGADRIVE-0692,PadWire7,MEGADRIVE-0692 · Controller conductor 8,Controller,black,1,1.2505381372613347,0.32000019999999985,15.199999999999989,2.4200001999999916,Schematic internal layout
MEGADRIVE-0693,PadWire8,MEGADRIVE-0693 · Controller conductor 9,Controller,copper,1,1.250538137261337,0.32000019999999996,15.199999999999989,2.4200001999999916,Schematic internal layout
MEGADRIVE-0694,PadPlugBody,MEGADRIVE-0694 · Moulded DE-9 controller plug001,Controller,black,1,6110.624843930438,18.0,34.0,15.0,Published envelope; approximate photographic exterior detail
MEGADRIVE-0695,PadPlugShield,MEGADRIVE-0695 · DE-9 trapezoidal metal shell003,Controller,metal,1,483.55999999999995,7.0,25.0,10.600000000000001,Schematic internal layout
MEGADRIVE-0696,PadPlugInsert,MEGADRIVE-0696 · DE-9 insulating contact support003,Controller,black,1,434.60295456069554,3.0,22.19999999999999,7.800000000000001,Schematic internal layout
MEGADRIVE-0697,PadPlugPin0,MEGADRIVE-0697 · DE-9 contact 019,Controller,gold,1,2.7350077323621758,5.800000000000011,0.9800000000000182,0.9800000000000004,Schematic internal layout
MEGADRIVE-0698,PadPlugPin1,MEGADRIVE-0698 · DE-9 contact 020,Controller,gold,1,2.7350077323621758,5.800000000000011,0.9800000000000182,0.9800000000000004,Schematic internal layout
MEGADRIVE-0699,PadPlugPin2,MEGADRIVE-0699 · DE-9 contact 021,Controller,gold,1,2.7350077323621758,5.800000000000011,0.9800000000000182,0.9800000000000004,Schematic internal layout
MEGADRIVE-0700,PadPlugPin3,MEGADRIVE-0700 · DE-9 contact 022,Controller,gold,1,2.7350077323621758,5.800000000000011,0.9800000000000182,0.9800000000000004,Schematic internal layout
MEGADRIVE-0701,PadPlugPin4,MEGADRIVE-0701 · DE-9 contact 023,Controller,gold,1,2.7350077323621758,5.800000000000011,0.9800000000000182,0.9800000000000004,Schematic internal layout
MEGADRIVE-0702,PadPlugPin5,MEGADRIVE-0702 · DE-9 contact 024,Controller,gold,1,2.7350077323621758,5.800000000000011,0.9800000000000182,0.9800000000000004,Schematic internal layout
MEGADRIVE-0703,PadPlugPin6,MEGADRIVE-0703 · DE-9 contact 025,Controller,gold,1,2.7350077323621758,5.800000000000011,0.9800000000000182,0.9800000000000004,Schematic internal layout
MEGADRIVE-0704,PadPlugPin7,MEGADRIVE-0704 · DE-9 contact 026,Controller,gold,1,2.7350077323621758,5.800000000000011,0.9800000000000182,0.9800000000000004,Schematic internal layout
MEGADRIVE-0705,PadPlugPin8,MEGADRIVE-0705 · DE-9 contact 027,Controller,gold,1,2.7350077323621758,5.800000000000011,0.9800000000000182,0.9800000000000004,Schematic internal layout
MEGADRIVE-0706,PadPlugTab-1,MEGADRIVE-0706 · Connector mounting ear006,Controller,metal,1,35.24542074412492,1.0,4.0,10.600000000000001,Schematic internal layout
MEGADRIVE-0707,PadPlugTab1,MEGADRIVE-0707 · Connector mounting ear007,Controller,metal,1,35.24542074412492,1.0,4.0,10.600000000000001,Schematic internal layout
MEGADRIVE-0708,PadPlugRelief,MEGADRIVE-0708 · Controller plug flex relief,Controller,black,1,224.30971546631127,10.0,8.0,8.0,Published envelope; approximate photographic exterior detail
MEGADRIVE-0709,CartBack,MEGADRIVE-0709 · Blank Mega Drive cartridge rear004,Accessories,mdblack,1,15991.520333558856,110.0,69.0,7.0,Published envelope; approximate photographic exterior detail
MEGADRIVE-0710,CartFront,MEGADRIVE-0710 · Blank Mega Drive cartridge face003,Accessories,mdblack,1,15612.607370112635,110.0,69.0,7.0,Published envelope; approximate photographic exterior detail
MEGADRIVE-0711,CartPCB,MEGADRIVE-0711 · Blank cartridge PCB,Accessories,pcb,1,7067.426548245744,94.0,47.0,1.5999999999999996,Schematic internal layout
MEGADRIVE-0712,CartFinger-1_0,MEGADRIVE-0712 · Cartridge gold edge contact,Accessories,gold,1,0.9172583360526974,1.6999999999999886,9.0,0.05999999999999961,Schematic internal layout
MEGADRIVE-0713,CartFinger-1_1,MEGADRIVE-0713 · Cartridge gold edge contact001,Accessories,gold,1,0.9172583360526974,1.6999999999999886,9.0,0.05999999999999961,Schematic internal layout
MEGADRIVE-0714,CartFinger-1_2,MEGADRIVE-0714 · Cartridge gold edge contact002,Accessories,gold,1,0.9172583360526974,1.6999999999999886,9.0,0.05999999999999961,Schematic internal layout
MEGADRIVE-0715,CartFinger-1_3,MEGADRIVE-0715 · Cartridge gold edge contact003,Accessories,gold,1,0.9172583360526974,1.6999999999999886,9.0,0.05999999999999961,Schematic internal layout
MEGADRIVE-0716,CartFinger-1_4,MEGADRIVE-0716 · Cartridge gold edge contact004,Accessories,gold,1,0.9172583360526975,1.6999999999999886,9.0,0.05999999999999961,Schematic internal layout
MEGADRIVE-0717,CartFinger-1_5,MEGADRIVE-0717 · Cartridge gold edge contact005,Accessories,gold,1,0.9172583360526974,1.6999999999999886,9.0,0.05999999999999961,Schematic internal layout
MEGADRIVE-0718,CartFinger-1_6,MEGADRIVE-0718 · Cartridge gold edge contact006,Accessories,gold,1,0.9172583360526974,1.6999999999999886,9.0,0.05999999999999961,Schematic internal layout
MEGADRIVE-0719,CartFinger-1_7,MEGADRIVE-0719 · Cartridge gold edge contact007,Accessories,gold,1,0.9172583360526974,1.6999999999999886,9.0,0.05999999999999961,Schematic internal layout
MEGADRIVE-0720,CartFinger-1_8,MEGADRIVE-0720 · Cartridge gold edge contact008,Accessories,gold,1,0.9172583360526972,1.6999999999999886,9.0,0.05999999999999961,Schematic internal layout
MEGADRIVE-0721,CartFinger-1_9,MEGADRIVE-0721 · Cartridge gold edge contact009,Accessories,gold,1,0.9172583360526975,1.6999999999999886,9.0,0.05999999999999961,Schematic internal layout
MEGADRIVE-0722,CartFinger-1_10,MEGADRIVE-0722 · Cartridge gold edge contact010,Accessories,gold,1,0.9172583360526974,1.6999999999999886,9.0,0.05999999999999961,Schematic internal layout
MEGADRIVE-0723,CartFinger-1_11,MEGADRIVE-0723 · Cartridge gold edge contact011,Accessories,gold,1,0.9172583360526976,1.6999999999999886,9.0,0.05999999999999961,Schematic internal layout
MEGADRIVE-0724,CartFinger-1_12,MEGADRIVE-0724 · Cartridge gold edge contact012,Accessories,gold,1,0.9172583360526974,1.6999999999999886,9.0,0.05999999999999961,Schematic internal layout
MEGADRIVE-0725,CartFinger-1_13,MEGADRIVE-0725 · Cartridge gold edge contact013,Accessories,gold,1,0.9172583360526975,1.6999999999999886,9.0,0.05999999999999961,Schematic internal layout
MEGADRIVE-0726,CartFinger-1_14,MEGADRIVE-0726 · Cartridge gold edge contact014,Accessories,gold,1,0.9172583360526975,1.6999999999999886,9.0,0.05999999999999961,Schematic internal layout
MEGADRIVE-0727,CartFinger-1_15,MEGADRIVE-0727 · Cartridge gold edge contact015,Accessories,gold,1,0.9172583360526974,1.6999999999999886,9.0,0.05999999999999961,Schematic internal layout
MEGADRIVE-0728,CartFinger-1_16,MEGADRIVE-0728 · Cartridge gold edge contact016,Accessories,gold,1,0.9172583360526976,1.6999999999999886,9.0,0.05999999999999961,Schematic internal layout
MEGADRIVE-0729,CartFinger-1_17,MEGADRIVE-0729 · Cartridge gold edge contact017,Accessories,gold,1,0.9172583360526974,1.6999999999999886,9.0,0.05999999999999961,Schematic internal layout
MEGADRIVE-0730,CartFinger-1_18,MEGADRIVE-0730 · Cartridge gold edge contact018,Accessories,gold,1,0.9172583360526976,1.6999999999999886,9.0,0.05999999999999961,Schematic internal layout
MEGADRIVE-0731,CartFinger-1_19,MEGADRIVE-0731 · Cartridge gold edge contact019,Accessories,gold,1,0.9172583360526975,1.6999999999999886,9.0,0.05999999999999961,Schematic internal layout
MEGADRIVE-0732,CartFinger-1_20,MEGADRIVE-0732 · Cartridge gold edge contact020,Accessories,gold,1,0.9172583360526975,1.6999999999999886,9.0,0.05999999999999961,Schematic internal layout
MEGADRIVE-0733,CartFinger-1_21,MEGADRIVE-0733 · Cartridge gold edge contact021,Accessories,gold,1,0.9172583360526976,1.6999999999999886,9.0,0.05999999999999961,Schematic internal layout
MEGADRIVE-0734,CartFinger-1_22,MEGADRIVE-0734 · Cartridge gold edge contact022,Accessories,gold,1,0.9172583360526974,1.6999999999999886,9.0,0.05999999999999961,Schematic internal layout
MEGADRIVE-0735,CartFinger-1_23,MEGADRIVE-0735 · Cartridge gold edge contact023,Accessories,gold,1,0.9172583360526976,1.6999999999999886,9.0,0.05999999999999961,Schematic internal layout
MEGADRIVE-0736,CartFinger-1_24,MEGADRIVE-0736 · Cartridge gold edge contact024,Accessories,gold,1,0.9172583360526974,1.6999999999999886,9.0,0.05999999999999961,Schematic internal layout
MEGADRIVE-0737,CartFinger-1_25,MEGADRIVE-0737 · Cartridge gold edge contact025,Accessories,gold,1,0.9172583360526972,1.6999999999999886,9.0,0.05999999999999961,Schematic internal layout
MEGADRIVE-0738,CartFinger-1_26,MEGADRIVE-0738 · Cartridge gold edge contact026,Accessories,gold,1,0.9172583360527073,1.7000000000000455,9.0,0.05999999999999961,Schematic internal layout
MEGADRIVE-0739,CartFinger-1_27,MEGADRIVE-0739 · Cartridge gold edge contact027,Accessories,gold,1,0.9172583360527073,1.7000000000000455,9.0,0.05999999999999961,Schematic internal layout
MEGADRIVE-0740,CartFinger-1_28,MEGADRIVE-0740 · Cartridge gold edge contact028,Accessories,gold,1,0.9172583360527072,1.7000000000000455,9.0,0.05999999999999961,Schematic internal layout
MEGADRIVE-0741,CartFinger-1_29,MEGADRIVE-0741 · Cartridge gold edge contact029,Accessories,gold,1,0.9172583360527073,1.7000000000000455,9.0,0.05999999999999961,Schematic internal layout
MEGADRIVE-0742,CartFinger-1_30,MEGADRIVE-0742 · Cartridge gold edge contact030,Accessories,gold,1,0.9172583360527072,1.7000000000000455,9.0,0.05999999999999961,Schematic internal layout
MEGADRIVE-0743,CartFinger-1_31,MEGADRIVE-0743 · Cartridge gold edge contact031,Accessories,gold,1,0.9172583360527073,1.7000000000000455,9.0,0.05999999999999961,Schematic internal layout
MEGADRIVE-0744,CartFinger1_0,MEGADRIVE-0744 · Cartridge gold edge contact032,Accessories,gold,1,0.9172583360527019,1.6999999999999886,9.0,0.0600000000000005,Schematic internal layout
MEGADRIVE-0745,CartFinger1_1,MEGADRIVE-0745 · Cartridge gold edge contact033,Accessories,gold,1,0.917258336052702,1.6999999999999886,9.0,0.0600000000000005,Schematic internal layout
MEGADRIVE-0746,CartFinger1_2,MEGADRIVE-0746 · Cartridge gold edge contact034,Accessories,gold,1,0.917258336052702,1.6999999999999886,9.0,0.0600000000000005,Schematic internal layout
MEGADRIVE-0747,CartFinger1_3,MEGADRIVE-0747 · Cartridge gold edge contact035,Accessories,gold,1,0.9172583360527018,1.6999999999999886,9.0,0.0600000000000005,Schematic internal layout
MEGADRIVE-0748,CartFinger1_4,MEGADRIVE-0748 · Cartridge gold edge contact036,Accessories,gold,1,0.917258336052702,1.6999999999999886,9.0,0.0600000000000005,Schematic internal layout
MEGADRIVE-0749,CartFinger1_5,MEGADRIVE-0749 · Cartridge gold edge contact037,Accessories,gold,1,0.9172583360527018,1.6999999999999886,9.0,0.0600000000000005,Schematic internal layout
MEGADRIVE-0750,CartFinger1_6,MEGADRIVE-0750 · Cartridge gold edge contact038,Accessories,gold,1,0.9172583360527018,1.6999999999999886,9.0,0.0600000000000005,Schematic internal layout
MEGADRIVE-0751,CartFinger1_7,MEGADRIVE-0751 · Cartridge gold edge contact039,Accessories,gold,1,0.917258336052702,1.6999999999999886,9.0,0.0600000000000005,Schematic internal layout
MEGADRIVE-0752,CartFinger1_8,MEGADRIVE-0752 · Cartridge gold edge contact040,Accessories,gold,1,0.9172583360527018,1.6999999999999886,9.0,0.0600000000000005,Schematic internal layout
MEGADRIVE-0753,CartFinger1_9,MEGADRIVE-0753 · Cartridge gold edge contact041,Accessories,gold,1,0.917258336052702,1.6999999999999886,9.0,0.0600000000000005,Schematic internal layout
MEGADRIVE-0754,CartFinger1_10,MEGADRIVE-0754 · Cartridge gold edge contact042,Accessories,gold,1,0.917258336052702,1.6999999999999886,9.0,0.0600000000000005,Schematic internal layout
MEGADRIVE-0755,CartFinger1_11,MEGADRIVE-0755 · Cartridge gold edge contact043,Accessories,gold,1,0.9172583360527021,1.6999999999999886,9.0,0.0600000000000005,Schematic internal layout
MEGADRIVE-0756,CartFinger1_12,MEGADRIVE-0756 · Cartridge gold edge contact044,Accessories,gold,1,0.917258336052702,1.6999999999999886,9.0,0.0600000000000005,Schematic internal layout
MEGADRIVE-0757,CartFinger1_13,MEGADRIVE-0757 · Cartridge gold edge contact045,Accessories,gold,1,0.917258336052702,1.6999999999999886,9.0,0.0600000000000005,Schematic internal layout
MEGADRIVE-0758,CartFinger1_14,MEGADRIVE-0758 · Cartridge gold edge contact046,Accessories,gold,1,0.917258336052702,1.6999999999999886,9.0,0.0600000000000005,Schematic internal layout
MEGADRIVE-0759,CartFinger1_15,MEGADRIVE-0759 · Cartridge gold edge contact047,Accessories,gold,1,0.917258336052702,1.6999999999999886,9.0,0.0600000000000005,Schematic internal layout
MEGADRIVE-0760,CartFinger1_16,MEGADRIVE-0760 · Cartridge gold edge contact048,Accessories,gold,1,0.9172583360527021,1.6999999999999886,9.0,0.0600000000000005,Schematic internal layout
MEGADRIVE-0761,CartFinger1_17,MEGADRIVE-0761 · Cartridge gold edge contact049,Accessories,gold,1,0.917258336052702,1.6999999999999886,9.0,0.0600000000000005,Schematic internal layout
MEGADRIVE-0762,CartFinger1_18,MEGADRIVE-0762 · Cartridge gold edge contact050,Accessories,gold,1,0.9172583360527021,1.6999999999999886,9.0,0.0600000000000005,Schematic internal layout
MEGADRIVE-0763,CartFinger1_19,MEGADRIVE-0763 · Cartridge gold edge contact051,Accessories,gold,1,0.917258336052702,1.6999999999999886,9.0,0.0600000000000005,Schematic internal layout
MEGADRIVE-0764,CartFinger1_20,MEGADRIVE-0764 · Cartridge gold edge contact052,Accessories,gold,1,0.917258336052702,1.6999999999999886,9.0,0.0600000000000005,Schematic internal layout
MEGADRIVE-0765,CartFinger1_21,MEGADRIVE-0765 · Cartridge gold edge contact053,Accessories,gold,1,0.9172583360527021,1.6999999999999886,9.0,0.0600000000000005,Schematic internal layout
MEGADRIVE-0766,CartFinger1_22,MEGADRIVE-0766 · Cartridge gold edge contact054,Accessories,gold,1,0.917258336052702,1.6999999999999886,9.0,0.0600000000000005,Schematic internal layout
MEGADRIVE-0767,CartFinger1_23,MEGADRIVE-0767 · Cartridge gold edge contact055,Accessories,gold,1,0.9172583360527021,1.6999999999999886,9.0,0.0600000000000005,Schematic internal layout
MEGADRIVE-0768,CartFinger1_24,MEGADRIVE-0768 · Cartridge gold edge contact056,Accessories,gold,1,0.917258336052702,1.6999999999999886,9.0,0.0600000000000005,Schematic internal layout
MEGADRIVE-0769,CartFinger1_25,MEGADRIVE-0769 · Cartridge gold edge contact057,Accessories,gold,1,0.9172583360527018,1.6999999999999886,9.0,0.0600000000000005,Schematic internal layout
MEGADRIVE-0770,CartFinger1_26,MEGADRIVE-0770 · Cartridge gold edge contact058,Accessories,gold,1,0.917258336052712,1.7000000000000455,9.0,0.0600000000000005,Schematic internal layout
MEGADRIVE-0771,CartFinger1_27,MEGADRIVE-0771 · Cartridge gold edge contact059,Accessories,gold,1,0.9172583360527118,1.7000000000000455,9.0,0.0600000000000005,Schematic internal layout
MEGADRIVE-0772,CartFinger1_28,MEGADRIVE-0772 · Cartridge gold edge contact060,Accessories,gold,1,0.9172583360527118,1.7000000000000455,9.0,0.0600000000000005,Schematic internal layout
MEGADRIVE-0773,CartFinger1_29,MEGADRIVE-0773 · Cartridge gold edge contact061,Accessories,gold,1,0.917258336052712,1.7000000000000455,9.0,0.0600000000000005,Schematic internal layout
MEGADRIVE-0774,CartFinger1_30,MEGADRIVE-0774 · Cartridge gold edge contact062,Accessories,gold,1,0.9172583360527118,1.7000000000000455,9.0,0.0600000000000005,Schematic internal layout
MEGADRIVE-0775,CartFinger1_31,MEGADRIVE-0775 · Cartridge gold edge contact063,Accessories,gold,1,0.917258336052712,1.7000000000000455,9.0,0.0600000000000005,Schematic internal layout
MEGADRIVE-0776,CartROM,MEGADRIVE-0776 · Unprogrammed cartridge ROM study,Accessories,black,1,1276.4154335088083,38.0,12.0,2.8000000000000007,Schematic internal layout
MEGADRIVE-0777,CartLabel,MEGADRIVE-0777 · Original blank study label,Accessories,mdred,1,295.4053096491489,84.0,44.0,0.08000000000000007,Published envelope; approximate photographic exterior detail
MEGADRIVE-0778,CartLabelTitle,MEGADRIVE-0778 · MD STUDY,Accessories,white,7,1.2476007835021656,39.898489932885894,5.846980065771813,0.018000199999999467,Published envelope; approximate photographic exterior detail
MEGADRIVE-0779,CartLabelNote,MEGADRIVE-0779 · BLANK CARTRIDGE,Accessories,white,14,0.5205236558178749,33.52835580469798,2.7285908040268456,0.018000199999999467,Published envelope; approximate photographic exterior detail
MEGADRIVE-0780,CartScrew0,MEGADRIVE-0780 · Cross-head fastener012,Accessories,metal,1,13.406248397654917,3.1999999999999886,3.200000000000003,9.33,Schematic internal layout
MEGADRIVE-0781,CartScrew1,MEGADRIVE-0781 · Cross-head fastener013,Accessories,metal,1,13.406248397654961,3.2000000000000455,3.200000000000003,9.33,Schematic internal layout
MEGADRIVE-0782,AdapterLower,MEGADRIVE-0782 · AC adapter lower enclosure001,Accessories,black,1,12154.265422168715,65.0,53.0,14.0,Published envelope; approximate photographic exterior detail
MEGADRIVE-0783,AdapterUpper,MEGADRIVE-0783 · AC adapter upper enclosure001,Accessories,black,1,16730.909631062124,65.0,53.0,23.0,Published envelope; approximate photographic exterior detail
MEGADRIVE-0784,TransformerCore,MEGADRIVE-0784 · Adapter transformer laminated core001,Accessories,metal,1,17851.244245066613,38.0,32.0,20.0,Schematic internal layout
MEGADRIVE-0785,TransformerBobbin,MEGADRIVE-0785 · Transformer insulation bobbin,Accessories,white,1,6029.973445725386,16.0,18.0,21.0,Schematic internal layout
MEGADRIVE-0786,AdapterLabel,MEGADRIVE-0786 · Adapter data-label panel,Accessories,mdblack,1,171.30685834705852,49.0,35.0,0.10000000000000142,Published envelope; approximate photographic exterior detail
MEGADRIVE-0787,AdapterMark,MEGADRIVE-0787 · MD / DC 9V,Accessories,white,7,0.30579923078141635,21.682676174496663,3.221476610067114,0.01800020000000302,Published envelope; approximate photographic exterior detail
MEGADRIVE-0788,AdapterStudyMark,MEGADRIVE-0788 · STUDY MODEL,Accessories,white,10,0.23284349071178143,20.30026016711409,2.143892817449654,0.01800020000000302,Published envelope; approximate photographic exterior detail
MEGADRIVE-0789,ACBlade0,MEGADRIVE-0789 · Japanese AC plug blade,Accessories,metal,1,125.87123889803779,1.3999999999999773,6.0,15.0,Published envelope; approximate photographic exterior detail
MEGADRIVE-0790,ACBlade1,MEGADRIVE-0790 · Japanese AC plug blade001,Accessories,metal,1,125.87123889803779,1.3999999999999773,6.0,15.0,Published envelope; approximate photographic exterior detail
MEGADRIVE-0791,PadWireTerminal0,MEGADRIVE-0791 · Controller wire solder terminal,Controller,gold,1,0.07512176353263945,0.28000000000000025,0.2799999999999727,1.2199999999999989,Schematic internal layout
MEGADRIVE-0792,PadWireTerminal1,MEGADRIVE-0792 · Controller wire solder terminal001,Controller,gold,1,0.07512176353263945,0.28000000000000014,0.2799999999999727,1.2199999999999989,Schematic internal layout
MEGADRIVE-0793,PadWireTerminal2,MEGADRIVE-0793 · Controller wire solder terminal002,Controller,gold,1,0.07512176353263944,0.28,0.2799999999999727,1.2199999999999989,Schematic internal layout
MEGADRIVE-0794,PadWireTerminal3,MEGADRIVE-0794 · Controller wire solder terminal003,Controller,gold,1,0.07512176353263945,0.28,0.2799999999999727,1.2199999999999989,Schematic internal layout
MEGADRIVE-0795,PadWireTerminal4,MEGADRIVE-0795 · Controller wire solder terminal004,Controller,gold,1,0.07512176353263944,0.28,0.2799999999999727,1.2199999999999989,Schematic internal layout
MEGADRIVE-0796,PadWireTerminal5,MEGADRIVE-0796 · Controller wire solder terminal005,Controller,gold,1,0.07512176353263945,0.28,0.2799999999999727,1.2199999999999989,Schematic internal layout
MEGADRIVE-0797,PadWireTerminal6,MEGADRIVE-0797 · Controller wire solder terminal006,Controller,gold,1,0.07512176353263944,0.28,0.2799999999999727,1.2199999999999989,Schematic internal layout
MEGADRIVE-0798,PadWireTerminal7,MEGADRIVE-0798 · Controller wire solder terminal007,Controller,gold,1,0.07512176353263944,0.28000000000000014,0.2799999999999727,1.2199999999999989,Schematic internal layout
MEGADRIVE-0799,PadWireTerminal8,MEGADRIVE-0799 · Controller wire solder terminal008,Controller,gold,1,0.07512176353263945,0.28000000000000025,0.2799999999999727,1.2199999999999989,Schematic internal layout
MEGADRIVE-0800,PadPortSupport1,MEGADRIVE-0800 · Controller socket rear support,Ports,black,1,3829.699111843078,32.0,10.0,12.0,Schematic internal layout
MEGADRIVE-0801,PadPortSupport2,MEGADRIVE-0801 · Controller socket rear support001,Ports,black,1,3829.699111843078,32.0,10.0,12.0,Schematic internal layout
MEGADRIVE-0802,AVCable,MEGADRIVE-0802 · Mono AV cable study,Accessories,black,1,995.5903831523069,91.39676255200075,37.90000019999999,2.9000001999999974,Published envelope; approximate photographic exterior detail
MEGADRIVE-0803,DINGrip,MEGADRIVE-0803 · DIN plug moulded grip,Accessories,black,1,2521.913502669206,19.0,13.0,13.0,Published envelope; approximate photographic exterior detail
MEGADRIVE-0804,DINShield,MEGADRIVE-0804 · DIN plug metal barrel,Accessories,metal,1,162.5774198232716,9.0,12.0,12.0,Published envelope; approximate photographic exterior detail
MEGADRIVE-0805,DINPin0,MEGADRIVE-0805 · DIN AV plug contact,Accessories,metal,1,4.35660361236565,7.5,0.8600000000000136,0.8599999999999994,Published envelope; approximate photographic exterior detail
MEGADRIVE-0806,DINPin1,MEGADRIVE-0806 · DIN AV plug contact001,Accessories,metal,1,4.35660361236565,7.5,0.8600000000000136,0.8599999999999994,Published envelope; approximate photographic exterior detail
MEGADRIVE-0807,DINPin2,MEGADRIVE-0807 · DIN AV plug contact002,Accessories,metal,1,4.35660361236565,7.5,0.8600000000000136,0.8599999999999994,Published envelope; approximate photographic exterior detail
MEGADRIVE-0808,DINPin3,MEGADRIVE-0808 · DIN AV plug contact003,Accessories,metal,1,4.356603612365651,7.5,0.8600000000000136,0.8599999999999994,Published envelope; approximate photographic exterior detail
MEGADRIVE-0809,DINPin4,MEGADRIVE-0809 · DIN AV plug contact004,Accessories,metal,1,4.35660361236565,7.5,0.8600000000000136,0.8599999999999994,Published envelope; approximate photographic exterior detail
MEGADRIVE-0810,DINPin5,MEGADRIVE-0810 · DIN AV plug contact005,Accessories,metal,1,4.35660361236565,7.5,0.8600000000000136,0.8599999999999994,Published envelope; approximate photographic exterior detail
MEGADRIVE-0811,DINPin6,MEGADRIVE-0811 · DIN AV plug contact006,Accessories,metal,1,4.35660361236565,7.5,0.8600000000000136,0.8599999999999994,Published envelope; approximate photographic exterior detail
MEGADRIVE-0812,DINPin7,MEGADRIVE-0812 · DIN AV plug contact007,Accessories,metal,1,4.356603612365651,7.5,0.8600000000000136,0.8599999999999994,Published envelope; approximate photographic exterior detail
MEGADRIVE-0813,DINInsert,MEGADRIVE-0813 · Keyed AV plug contact carrier,Accessories,black,1,236.962479878644,3.0,10.5,10.5,Published envelope; approximate photographic exterior detail
MEGADRIVE-0814,AVSplit,MEGADRIVE-0814 · Mono AV lead split moulding001,Accessories,black,1,394.71879542235246,11.000000200000045,8.000000199999988,6.0000002,Published envelope; approximate photographic exterior detail
MEGADRIVE-0815,AVBranch0,MEGADRIVE-0815 · Mono AV separated branch,Accessories,black,1,62.36885386413403,22.902538731730942,8.646629072857479,1.8000001999999995,Published envelope; approximate photographic exterior detail
MEGADRIVE-0816,RCAGrip0,MEGADRIVE-0816 · Audio/video RCA grip,Accessories,white,1,753.9822368615503,15.0,8.0,8.0,Published envelope; approximate photographic exterior detail
MEGADRIVE-0817,RCAShield0,MEGADRIVE-0817 · RCA outer contact,Accessories,metal,1,77.8486659559552,7.0,6.5,6.5,Published envelope; approximate photographic exterior detail
MEGADRIVE-0818,RCAPin0,MEGADRIVE-0818 · RCA centre pin,Accessories,metal,1,38.45309407993904,8.5,2.4000000000000057,2.3999999999999986,Published envelope; approximate photographic exterior detail
MEGADRIVE-0819,AVBranch1,MEGADRIVE-0819 · Mono AV separated branch001,Accessories,black,1,65.41312504426807,22.988939069995013,10.580551914216471,1.8000001999999995,Published envelope; approximate photographic exterior detail
MEGADRIVE-0820,RCAGrip1,MEGADRIVE-0820 · Audio/video RCA grip001,Accessories,gold,1,753.9822368615503,15.0,8.0,8.0,Published envelope; approximate photographic exterior detail
MEGADRIVE-0821,RCAShield1,MEGADRIVE-0821 · RCA outer contact001,Accessories,metal,1,77.8486659559552,7.0,6.5,6.5,Published envelope; approximate photographic exterior detail
MEGADRIVE-0822,RCAPin1,MEGADRIVE-0822 · RCA centre pin001,Accessories,metal,1,38.45309407993904,8.5,2.4000000000000057,2.3999999999999986,Published envelope; approximate photographic exterior detail
MEGADRIVE-0823,AdapterLead,MEGADRIVE-0823 · External 9 V adapter lead,Accessories,black,1,1025.9935173488989,67.86349540472654,63.67753313271855,11.0000002,Published envelope; approximate photographic exterior detail
MEGADRIVE-0824,DCPlugGrip,MEGADRIVE-0824 · DC plug moulding,Accessories,black,1,559.1092445593758,12.432537954898805,14.936934089698582,7.399999999999999,Published envelope; approximate photographic exterior detail
MEGADRIVE-0825,DCPlugBarrel,MEGADRIVE-0825 · DC coaxial plug barrel,Accessories,metal,1,159.65573865543328,8.497058314499185,9.6150923032491,5.5,Published envelope; approximate photographic exterior detail
