Part number,Part ID,Label,Assembly,Material,Solid count,Volume mm3,X mm,Y mm,Z mm,Fidelity
PS4-0001,Foot0,PS4-0001 · Rubber support pad,Body,rubber,1,157.17809724509615,7.0,15.0,1.5,Published approximate body envelope; photo-estimated local geometry
PS4-0002,Foot1,PS4-0002 · Rubber support pad001,Body,rubber,1,157.17809724509615,7.0,15.0,1.5,Published approximate body envelope; photo-estimated local geometry
PS4-0003,Foot2,PS4-0003 · Rubber support pad002,Body,rubber,1,155.67809724509615,8.0,13.0,1.5,Published approximate body envelope; photo-estimated local geometry
PS4-0004,IndicatorLens,PS4-0004 · Recessed blue top status light guide,Controls,ps4blue,1,270.7808141502218,1.3500000000000085,236.0,0.8500000000000014,Published approximate body envelope; photo-estimated local geometry
PS4-0005,DiscBrush0,PS4-0005 · Opposed media dust brush study,FrontIO,black,1,97.01567362697403,126.0,2.1999999999999886,0.3500000000000014,Published approximate body envelope; photo-estimated local geometry
PS4-0006,DiscBrush1,PS4-0006 · Opposed media dust brush study001,FrontIO,black,1,97.01567362697403,126.0,2.1999999999999886,0.3500000000000014,Published approximate body envelope; photo-estimated local geometry
PS4-0007,USB0Shield,PS4-0007 · USB Type-A stamped metal shell,FrontIO,metal,1,215.74220497323793,14.400000000000006,14.0,7.0,Published approximate body envelope; photo-estimated local geometry
PS4-0008,USB0Carrier,PS4-0008 · USB rear insulating carrier,FrontIO,black,1,84.14430581842839,13.200000000000003,1.1000000000000227,5.800000000000001,Schematic internal layout
PS4-0009,USB0Tongue,PS4-0009 · Nine-contact USB 3.0 insulator,FrontIO,black,1,139.4232847743433,12.5,9.699999999999989,1.1499999999999986,Published approximate body envelope; photo-estimated local geometry
PS4-0010,USB0Legacy0,PS4-0010 · USB legacy contact,FrontIO,gold,1,0.475699557428757,0.6799999999999997,5.0,0.14000000000000057,Schematic internal layout
PS4-0011,USB0Legacy1,PS4-0011 · USB legacy contact001,FrontIO,gold,1,0.475699557428757,0.6799999999999997,5.0,0.14000000000000057,Schematic internal layout
PS4-0012,USB0Legacy2,PS4-0012 · USB legacy contact002,FrontIO,gold,1,0.4756995574287571,0.6799999999999997,5.0,0.14000000000000057,Schematic internal layout
PS4-0013,USB0Legacy3,PS4-0013 · USB legacy contact003,FrontIO,gold,1,0.47569955742875863,0.6800000000000068,5.0,0.14000000000000057,Schematic internal layout
PS4-0014,USB0SuperSpeed0,PS4-0014 · USB additional SuperSpeed contact,FrontIO,gold,1,0.134207716754404,0.4799999999999969,2.0,0.14000000000000057,Schematic internal layout
PS4-0015,USB0SuperSpeed1,PS4-0015 · USB additional SuperSpeed contact001,FrontIO,gold,1,0.13420771675440402,0.4799999999999969,2.0,0.14000000000000057,Schematic internal layout
PS4-0016,USB0SuperSpeed2,PS4-0016 · USB additional SuperSpeed contact002,FrontIO,gold,1,0.13420771675440402,0.4799999999999969,2.0,0.14000000000000057,Schematic internal layout
PS4-0017,USB0SuperSpeed3,PS4-0017 · USB additional SuperSpeed contact003,FrontIO,gold,1,0.13420771675440432,0.4800000000000004,2.0,0.14000000000000057,Schematic internal layout
PS4-0018,USB0SuperSpeed4,PS4-0018 · USB additional SuperSpeed contact004,FrontIO,gold,1,0.13420771675440463,0.480000000000004,2.0,0.14000000000000057,Schematic internal layout
PS4-0019,USB0Tail0,PS4-0019 · USB solder terminal tail,FrontIO,gold,1,0.2968969911184303,0.29999999999999716,3.3000000000000114,0.3000000000000007,Schematic internal layout
PS4-0020,USB0Tail1,PS4-0020 · USB solder terminal tail001,FrontIO,gold,1,0.2968969911184303,0.29999999999999716,3.3000000000000114,0.3000000000000007,Schematic internal layout
PS4-0021,USB0Tail2,PS4-0021 · USB solder terminal tail002,FrontIO,gold,1,0.2968969911184303,0.29999999999999716,3.3000000000000114,0.3000000000000007,Schematic internal layout
PS4-0022,USB0Tail3,PS4-0022 · USB solder terminal tail003,FrontIO,gold,1,0.2968969911184303,0.29999999999999716,3.3000000000000114,0.3000000000000007,Schematic internal layout
PS4-0023,USB0Tail4,PS4-0023 · USB solder terminal tail004,FrontIO,gold,1,0.2968969911184303,0.29999999999999716,3.3000000000000114,0.3000000000000007,Schematic internal layout
PS4-0024,USB0Tail5,PS4-0024 · USB solder terminal tail005,FrontIO,gold,1,0.2968969911184303,0.29999999999999716,3.3000000000000114,0.3000000000000007,Schematic internal layout
PS4-0025,USB0Tail6,PS4-0025 · USB solder terminal tail006,FrontIO,gold,1,0.2968969911184303,0.30000000000000426,3.3000000000000114,0.3000000000000007,Schematic internal layout
PS4-0026,USB0Tail7,PS4-0026 · USB solder terminal tail007,FrontIO,gold,1,0.2968969911184304,0.30000000000001137,3.3000000000000114,0.3000000000000007,Schematic internal layout
PS4-0027,USB0Tail8,PS4-0027 · USB solder terminal tail008,FrontIO,gold,1,0.2968969911184304,0.30000000000001137,3.3000000000000114,0.3000000000000007,Schematic internal layout
PS4-0028,MiddleFrame,PS4-0028 · Recessed inter-layer perimeter005,Frame,black,2,13463.098407346755,271.0,288.4943396226415,4.400000000000027,Published approximate body envelope; photo-estimated local geometry
PS4-0029,USB1Shield,PS4-0029 · USB Type-A stamped metal shell001,FrontIO,metal,1,215.742204973238,14.400000000000006,14.0,7.0,Published approximate body envelope; photo-estimated local geometry
PS4-0030,USB1Carrier,PS4-0030 · USB rear insulating carrier001,FrontIO,black,1,84.14430581842835,13.200000000000017,1.1000000000000227,5.800000000000001,Schematic internal layout
PS4-0031,USB1Tongue,PS4-0031 · Nine-contact USB 3.0 insulator001,FrontIO,black,1,139.42328477434333,12.5,9.699999999999989,1.1499999999999986,Published approximate body envelope; photo-estimated local geometry
PS4-0032,USB1Legacy0,PS4-0032 · USB legacy contact004,FrontIO,gold,1,0.47569955742875863,0.6800000000000068,5.0,0.14000000000000057,Schematic internal layout
PS4-0033,USB1Legacy1,PS4-0033 · USB legacy contact005,FrontIO,gold,1,0.47569955742875863,0.6800000000000068,5.0,0.14000000000000057,Schematic internal layout
PS4-0034,USB1Legacy2,PS4-0034 · USB legacy contact006,FrontIO,gold,1,0.47569955742875863,0.6800000000000068,5.0,0.14000000000000057,Schematic internal layout
PS4-0035,USB1Legacy3,PS4-0035 · USB legacy contact007,FrontIO,gold,1,0.47569955742875863,0.6800000000000068,5.0,0.14000000000000057,Schematic internal layout
PS4-0036,USB1SuperSpeed0,PS4-0036 · USB additional SuperSpeed contact005,FrontIO,gold,1,0.13420771675440335,0.4800000000000182,2.0,0.14000000000000057,Schematic internal layout
PS4-0037,USB1SuperSpeed1,PS4-0037 · USB additional SuperSpeed contact006,FrontIO,gold,1,0.13420771675440335,0.4800000000000182,2.0,0.14000000000000057,Schematic internal layout
PS4-0038,USB1SuperSpeed2,PS4-0038 · USB additional SuperSpeed contact007,FrontIO,gold,1,0.1342077167544034,0.4800000000000182,2.0,0.14000000000000057,Schematic internal layout
PS4-0039,USB1SuperSpeed3,PS4-0039 · USB additional SuperSpeed contact008,FrontIO,gold,1,0.1342077167544034,0.4800000000000182,2.0,0.14000000000000057,Schematic internal layout
PS4-0040,USB1SuperSpeed4,PS4-0040 · USB additional SuperSpeed contact009,FrontIO,gold,1,0.1342077167544034,0.4800000000000182,2.0,0.14000000000000057,Schematic internal layout
PS4-0041,USB1Tail0,PS4-0041 · USB solder terminal tail009,FrontIO,gold,1,0.296896991118435,0.30000000000001137,3.3000000000000114,0.3000000000000007,Schematic internal layout
PS4-0042,USB1Tail1,PS4-0042 · USB solder terminal tail010,FrontIO,gold,1,0.296896991118435,0.30000000000001137,3.3000000000000114,0.3000000000000007,Schematic internal layout
PS4-0043,USB1Tail2,PS4-0043 · USB solder terminal tail011,FrontIO,gold,1,0.296896991118435,0.30000000000001137,3.3000000000000114,0.3000000000000007,Schematic internal layout
PS4-0044,USB1Tail3,PS4-0044 · USB solder terminal tail012,FrontIO,gold,1,0.2968969911184349,0.30000000000001137,3.3000000000000114,0.3000000000000007,Schematic internal layout
PS4-0045,USB1Tail4,PS4-0045 · USB solder terminal tail013,FrontIO,gold,1,0.296896991118435,0.30000000000001137,3.3000000000000114,0.3000000000000007,Schematic internal layout
PS4-0046,USB1Tail5,PS4-0046 · USB solder terminal tail014,FrontIO,gold,1,0.2968969911184349,0.30000000000001137,3.3000000000000114,0.3000000000000007,Schematic internal layout
PS4-0047,USB1Tail6,PS4-0047 · USB solder terminal tail015,FrontIO,gold,1,0.296896991118435,0.30000000000001137,3.3000000000000114,0.3000000000000007,Schematic internal layout
PS4-0048,USB1Tail7,PS4-0048 · USB solder terminal tail016,FrontIO,gold,1,0.296896991118435,0.30000000000001137,3.3000000000000114,0.3000000000000007,Schematic internal layout
PS4-0049,USB1Tail8,PS4-0049 · USB solder terminal tail017,FrontIO,gold,1,0.296896991118435,0.30000000000001137,3.3000000000000114,0.3000000000000007,Schematic internal layout
PS4-0050,PowerButton,PS4-0050 · Power capacitive front strip,Controls,black,1,11.41775008158104,1.2999999999999972,4.2949119609131685,10.672963417011324,Published approximate body envelope; photo-estimated local geometry
PS4-0051,EjectButton,PS4-0051 · Eject capacitive front strip,Controls,black,1,9.337750081581037,1.2999999999999972,3.6517471081973554,8.77920023957041,Published approximate body envelope; photo-estimated local geometry
PS4-0052,FrontSony,PS4-0052 · SONY,Body,white,4,0.2007927268501548,11.206443053020124,1.0198632537173182,2.9585340620843255,Published approximate body envelope; photo-estimated local geometry
PS4-0053,FrontPS4,PS4-0053 · PS4,Body,black,3,0.2833547598168616,10.19197157651007,1.458596647207429,4.250360165138652,Published approximate body envelope; photo-estimated local geometry
PS4-0054,HDDCover,PS4-0054 · Removable glossy hard-drive cover004,Body,ps4gloss,1,55278.07151885727,90.30000000000001,295.15094339622647,24.000000000000018,Published approximate body envelope; photo-estimated local geometry
PS4-0055,OpticalBody,PS4-0055 · Optical audio receptacle body,Ports,black,1,359.1630528372498,10.0,10.0,10.0,Published approximate body envelope; photo-estimated local geometry
PS4-0056,OpticalShutter,PS4-0056 · Optical port dust shutter,Ports,black,1,33.34762155637062,7.5,0.6000000000000227,7.5,Published approximate body envelope; photo-estimated local geometry
PS4-0057,OpticalLens,PS4-0057 · Optical transmission lens study,Ports,red,1,8.042477193189876,3.1999999999999886,1.0,3.200000000000003,Schematic internal layout
PS4-0058,HDMIShield,PS4-0058 · Rear HDMI connector metal shell,Ports,metal,1,192.12000000000063,15.5,12.0,6.400000000000006,Published approximate body envelope; photo-estimated local geometry
PS4-0059,HDMIRear,PS4-0059 · HDMI keyed insulating stop,Ports,black,1,70.72999999999999,14.200000000000003,1.0,5.100000000000001,Schematic internal layout
PS4-0060,HDMITongue,PS4-0060 · HDMI keyed insulating tongue,Ports,black,1,126.5470486677646,13.5,7.5,1.25,Published approximate body envelope; photo-estimated local geometry
PS4-0061,HDMIContact0,PS4-0061 · HDMI signal contact study,Ports,gold,1,0.11995879644737145,0.25,4.0,0.11999999999999744,Schematic internal layout
PS4-0062,HDMIContact1,PS4-0062 · HDMI signal contact study001,Ports,gold,1,0.11995879644737145,0.25,4.0,0.11999999999999744,Schematic internal layout
PS4-0063,HDMIContact2,PS4-0063 · HDMI signal contact study002,Ports,gold,1,0.11995879644737147,0.25,4.0,0.11999999999999744,Schematic internal layout
PS4-0064,HDMIContact3,PS4-0064 · HDMI signal contact study003,Ports,gold,1,0.11995879644737144,0.25,4.0,0.11999999999999744,Schematic internal layout
PS4-0065,HDMIContact4,PS4-0065 · HDMI signal contact study004,Ports,gold,1,0.11995879644737144,0.25,4.0,0.11999999999999744,Schematic internal layout
PS4-0066,HDMIContact5,PS4-0066 · HDMI signal contact study005,Ports,gold,1,0.11995879644737144,0.25,4.0,0.11999999999999744,Schematic internal layout
PS4-0067,HDMIContact6,PS4-0067 · HDMI signal contact study006,Ports,gold,1,0.11995879644737145,0.25,4.0,0.11999999999999744,Schematic internal layout
PS4-0068,HDMIContact7,PS4-0068 · HDMI signal contact study007,Ports,gold,1,0.11995879644737145,0.25,4.0,0.11999999999999744,Schematic internal layout
PS4-0069,HDMIContact8,PS4-0069 · HDMI signal contact study008,Ports,gold,1,0.11995879644737145,0.25,4.0,0.11999999999999744,Schematic internal layout
PS4-0070,HDMIContact9,PS4-0070 · HDMI signal contact study009,Ports,gold,1,0.11995879644737145,0.25,4.0,0.11999999999999744,Schematic internal layout
PS4-0071,HDMIContact10,PS4-0071 · HDMI signal contact study010,Ports,gold,1,0.11995879644737145,0.25,4.0,0.11999999999999744,Schematic internal layout
PS4-0072,HDMIContact11,PS4-0072 · HDMI signal contact study011,Ports,gold,1,0.11995879644737145,0.25,4.0,0.11999999999999744,Schematic internal layout
PS4-0073,HDMIContact12,PS4-0073 · HDMI signal contact study012,Ports,gold,1,0.11995879644737142,0.25,4.0,0.11999999999999744,Schematic internal layout
PS4-0074,HDMIContact13,PS4-0074 · HDMI signal contact study013,Ports,gold,1,0.11995879644737142,0.25,4.0,0.11999999999999744,Schematic internal layout
PS4-0075,HDMIContact14,PS4-0075 · HDMI signal contact study014,Ports,gold,1,0.11995879644737144,0.25,4.0,0.11999999999999744,Schematic internal layout
PS4-0076,HDMIContact15,PS4-0076 · HDMI signal contact study015,Ports,gold,1,0.11995879644737144,0.25,4.0,0.11999999999999744,Schematic internal layout
PS4-0077,HDMIContact16,PS4-0077 · HDMI signal contact study016,Ports,gold,1,0.11995879644737145,0.25,4.0,0.11999999999999744,Schematic internal layout
PS4-0078,HDMIContact17,PS4-0078 · HDMI signal contact study017,Ports,gold,1,0.11995879644737145,0.25,4.0,0.11999999999999744,Schematic internal layout
PS4-0079,HDMIContact18,PS4-0079 · HDMI signal contact study018,Ports,gold,1,0.11995879644737145,0.25,4.0,0.11999999999999744,Schematic internal layout
PS4-0080,EthernetShield,PS4-0080 · Rear Ethernet connector metal shell,Ports,metal,1,276.5118899770611,16.0,12.0,13.700000000000003,Published approximate body envelope; photo-estimated local geometry
PS4-0081,EthernetRear,PS4-0081 · Rear Ethernet insulating stop,Ports,black,1,187.58425057106732,14.899999999999999,1.0,12.600000000000001,Schematic internal layout
PS4-0082,EthernetContact0,PS4-0082 · LAN spring contact study,Ports,gold,1,0.4200000000000008,0.27999999999999936,5.723660760546892,2.2870440151504923,Schematic internal layout
PS4-0083,EthernetContact1,PS4-0083 · LAN spring contact study001,Ports,gold,1,0.4200000000000036,0.28000000000000114,5.723660760546892,2.2870440151504923,Schematic internal layout
PS4-0084,EthernetContact2,PS4-0084 · LAN spring contact study002,Ports,gold,1,0.4200000000000036,0.28000000000000114,5.723660760546892,2.2870440151504923,Schematic internal layout
PS4-0085,EthernetContact3,PS4-0085 · LAN spring contact study003,Ports,gold,1,0.4200000000000036,0.28000000000000114,5.723660760546892,2.2870440151504923,Schematic internal layout
PS4-0086,EthernetContact4,PS4-0086 · LAN spring contact study004,Ports,gold,1,0.4200000000000036,0.28000000000000114,5.723660760546892,2.2870440151504923,Schematic internal layout
PS4-0087,EthernetContact5,PS4-0087 · LAN spring contact study005,Ports,gold,1,0.4200000000000036,0.28000000000000114,5.723660760546892,2.2870440151504923,Schematic internal layout
PS4-0088,EthernetContact6,PS4-0088 · LAN spring contact study006,Ports,gold,1,0.4200000000000036,0.28000000000000114,5.723660760546892,2.2870440151504923,Schematic internal layout
PS4-0089,EthernetContact7,PS4-0089 · LAN spring contact study007,Ports,gold,1,0.4200000000000036,0.28000000000000114,5.723660760546892,2.2870440151504923,Schematic internal layout
PS4-0090,UpperHousing,PS4-0090 · Original matte upper enclosure012,Body,ps4matte,1,103758.21960418082,182.3,295.15094339622647,24.00000000000003,Published approximate body envelope; photo-estimated local geometry
PS4-0091,AUXShield,PS4-0091 · Rear AUX connector metal shell,Ports,metal,1,170.91188997706124,11.5,12.0,7.200000000000003,Published approximate body envelope; photo-estimated local geometry
PS4-0092,AUXRear,PS4-0092 · Rear AUX insulating stop,Ports,black,1,63.36459749869134,10.399999999999999,1.0,6.100000000000001,Schematic internal layout
PS4-0093,AUXTongue,PS4-0093 · AUX keyed insulating tongue,Ports,black,1,89.04704866776461,9.5,7.5,1.25,Published approximate body envelope; photo-estimated local geometry
PS4-0094,AUXContact0,PS4-0094 · AUX signal contact study,Ports,gold,1,0.11995879644737145,0.25,4.0,0.11999999999999744,Schematic internal layout
PS4-0095,AUXContact1,PS4-0095 · AUX signal contact study001,Ports,gold,1,0.11995879644737145,0.25,4.0,0.11999999999999744,Schematic internal layout
PS4-0096,AUXContact2,PS4-0096 · AUX signal contact study002,Ports,gold,1,0.11995879644737144,0.25,4.0,0.11999999999999744,Schematic internal layout
PS4-0097,AUXContact3,PS4-0097 · AUX signal contact study003,Ports,gold,1,0.11995879644737144,0.25,4.0,0.11999999999999744,Schematic internal layout
PS4-0098,AUXContact4,PS4-0098 · AUX signal contact study004,Ports,gold,1,0.11995879644737145,0.25,4.0,0.11999999999999744,Schematic internal layout
PS4-0099,AUXContact5,PS4-0099 · AUX signal contact study005,Ports,gold,1,0.11995879644737145,0.25,4.0,0.11999999999999744,Schematic internal layout
PS4-0100,AUXContact6,PS4-0100 · AUX signal contact study006,Ports,gold,1,0.11995879644737144,0.25,4.0,0.11999999999999744,Schematic internal layout
PS4-0101,AUXContact7,PS4-0101 · AUX signal contact study007,Ports,gold,1,0.11995879644737144,0.25,4.0,0.11999999999999744,Schematic internal layout
PS4-0102,AUXContact8,PS4-0102 · AUX signal contact study008,Ports,gold,1,0.11995879644737145,0.25,4.0,0.11999999999999744,Schematic internal layout
PS4-0103,AUXContact9,PS4-0103 · AUX signal contact study009,Ports,gold,1,0.11995879644737145,0.25,4.0,0.11999999999999744,Schematic internal layout
PS4-0104,AUXContact10,PS4-0104 · AUX signal contact study010,Ports,gold,1,0.11995879644737147,0.25,4.0,0.11999999999999744,Schematic internal layout
PS4-0105,AUXContact11,PS4-0105 · AUX signal contact study011,Ports,gold,1,0.11995879644737147,0.25,4.0,0.11999999999999744,Schematic internal layout
PS4-0106,AUXContact12,PS4-0106 · AUX signal contact study012,Ports,gold,1,0.11995879644737147,0.25,4.0,0.11999999999999744,Schematic internal layout
PS4-0107,AUXContact13,PS4-0107 · AUX signal contact study013,Ports,gold,1,0.11995879644737147,0.25,4.0,0.11999999999999744,Schematic internal layout
PS4-0108,LowerHousing,PS4-0108 · Original oblique lower enclosure015,Body,ps4matte,1,155507.91133819058,275.0,294.36981132075476,21.70000000000001,Published approximate body envelope; photo-estimated local geometry
PS4-0109,ACInlet,PS4-0109 · Non-polarised two-lobe AC inlet,Power,black,1,922.2053506454695,17.0,12.0,9.0,Published approximate body envelope; photo-estimated local geometry
PS4-0110,ACPin0,PS4-0110 · AC inlet contact pin,Power,metal,1,19.942830164988017,1.8400000000000034,7.5,1.8399999999999999,Published approximate body envelope; photo-estimated local geometry
PS4-0111,ACPin1,PS4-0111 · AC inlet contact pin001,Power,metal,1,19.942830164988017,1.8400000000000034,7.5,1.8399999999999999,Published approximate body envelope; photo-estimated local geometry
PS4-0112,DiskCover,PS4-0112 · Thin hard-drive metal lid,Storage,metal,1,3110.368938009889,69.4,99.6,0.45000000000000284,Published approximate body envelope; photo-estimated local geometry
PS4-0113,HDDPlatter,PS4-0113 · Blank magnetic storage platter,Storage,metal,1,1204.200110136321,61.599999999999994,61.599999999999994,0.4200000000000017,Schematic internal layout
PS4-0114,HDDMotor,PS4-0114 · Disk spindle motor,Storage,metal,1,221.16812281272155,16.0,16.0,1.1000000000000014,Schematic internal layout
PS4-0115,HDDHub,PS4-0115 · Platter hub,Storage,metal,1,122.48441437815893,11.400000000000006,11.400000000000006,1.2000000000000028,Schematic internal layout
PS4-0116,HDDHubScrew0,PS4-0116 · Spindle clamp fixing,Storage,metal,1,0.28509953331327365,1.0999999999999943,1.0999999999999943,0.29999999999999716,Schematic internal layout
PS4-0117,HDDHubScrew1,PS4-0117 · Spindle clamp fixing001,Storage,metal,1,0.28509953331327365,1.0999999999999943,1.0999999999999943,0.29999999999999716,Schematic internal layout
PS4-0118,HDDHubScrew2,PS4-0118 · Spindle clamp fixing002,Storage,metal,1,0.28509953331327365,1.0999999999999943,1.0999999999999943,0.29999999999999716,Schematic internal layout
PS4-0119,HDDHubScrew3,PS4-0119 · Spindle clamp fixing003,Storage,metal,1,0.28509953331327365,1.0999999999999943,1.0999999999999943,0.29999999999999716,Schematic internal layout
PS4-0120,HDDHubScrew4,PS4-0120 · Spindle clamp fixing004,Storage,metal,1,0.28509953331327365,1.0999999999999943,1.0999999999999943,0.29999999999999716,Schematic internal layout
PS4-0121,HDDHubScrew5,PS4-0121 · Spindle clamp fixing005,Storage,metal,1,0.28509953331327365,1.0999999999999943,1.0999999999999943,0.29999999999999716,Schematic internal layout
PS4-0122,HDDPivot,PS4-0122 · Actuator pivot carrier,Storage,metal,1,105.6203450136888,8.199999999999989,8.200000000000003,2.0,Schematic internal layout
PS4-0123,HDDActuator,PS4-0123 · Single-platter actuator arm study,Storage,metal,1,58.399999999999956,14.0,24.0,0.3999999999999986,Schematic internal layout
PS4-0124,HDDHead,PS4-0124 · Read-write head study,Storage,black,1,0.40552778684233876,1.200000000000017,1.700000000000017,0.20000000000000284,Schematic internal layout
PS4-0125,HDDMagnet,PS4-0125 · Actuator magnet enclosure001,Storage,metal,1,410.16713889357993,16.0,15.0,2.0,Schematic internal layout
PS4-0126,HDDPCB,PS4-0126 · Hard-drive underside controller board,Storage,pcb,1,2303.5793804002587,64.0,36.0,1.0,Published approximate body envelope; photo-estimated local geometry
PS4-0127,HDDController,PS4-0127 · Disk Controller package study,Storage,black,1,120.9656637061436,11.0,11.0,1.0,Schematic internal layout
PS4-0128,HDDCache,PS4-0128 · Disk Cache package study,Storage,black,1,81.5708141502221,12.0,8.0,0.8500000000000014,Schematic internal layout
PS4-0129,HDDMotorDriver,PS4-0129 · Disk MotorDriver package study,Storage,black,1,51.17253096491481,8.0,8.0,0.7999999999999972,Schematic internal layout
PS4-0130,SATADataCarrier,PS4-0130 · SATA Data keyed insulator,Storage,black,1,218.34978317023507,14.0,6.0,2.6000000000000014,Schematic internal layout
PS4-0131,SATAData0,PS4-0131 · SATA Data contact,Storage,gold,1,0.26395879644737225,0.5500000000000114,4.0,0.11999999999999744,Schematic internal layout
PS4-0132,SATAData1,PS4-0132 · SATA Data contact001,Storage,gold,1,0.26395879644737225,0.5500000000000114,4.0,0.11999999999999744,Schematic internal layout
PS4-0133,SATAData2,PS4-0133 · SATA Data contact002,Storage,gold,1,0.26395879644737225,0.5500000000000114,4.0,0.11999999999999744,Schematic internal layout
PS4-0134,SATAData3,PS4-0134 · SATA Data contact003,Storage,gold,1,0.26395879644737225,0.5500000000000114,4.0,0.11999999999999744,Schematic internal layout
PS4-0135,SATAData4,PS4-0135 · SATA Data contact004,Storage,gold,1,0.26395879644737225,0.5500000000000114,4.0,0.11999999999999744,Schematic internal layout
PS4-0136,SATAData5,PS4-0136 · SATA Data contact005,Storage,gold,1,0.26395879644737225,0.5500000000000114,4.0,0.11999999999999744,Schematic internal layout
PS4-0137,SATAData6,PS4-0137 · SATA Data contact006,Storage,gold,1,0.26395879644737225,0.5500000000000114,4.0,0.11999999999999744,Schematic internal layout
PS4-0138,SATAPowerCarrier,PS4-0138 · SATA Power keyed insulator,Storage,black,1,389.94978317023515,25.0,6.0,2.6000000000000014,Schematic internal layout
PS4-0139,SATAPower0,PS4-0139 · SATA Power contact,Storage,gold,1,0.2639587964473722,0.5500000000000114,4.0,0.11999999999999744,Schematic internal layout
PS4-0140,SATAPower1,PS4-0140 · SATA Power contact001,Storage,gold,1,0.2639587964473722,0.5500000000000114,4.0,0.11999999999999744,Schematic internal layout
PS4-0141,SATAPower2,PS4-0141 · SATA Power contact002,Storage,gold,1,0.2639587964473722,0.5500000000000114,4.0,0.11999999999999744,Schematic internal layout
PS4-0142,SATAPower3,PS4-0142 · SATA Power contact003,Storage,gold,1,0.2639587964473722,0.5500000000000114,4.0,0.11999999999999744,Schematic internal layout
PS4-0143,SATAPower4,PS4-0143 · SATA Power contact004,Storage,gold,1,0.2639587964473722,0.5500000000000114,4.0,0.11999999999999744,Schematic internal layout
PS4-0144,SATAPower5,PS4-0144 · SATA Power contact005,Storage,gold,1,0.2639587964473722,0.5500000000000114,4.0,0.11999999999999744,Schematic internal layout
PS4-0145,SATAPower6,PS4-0145 · SATA Power contact006,Storage,gold,1,0.2639587964473722,0.5500000000000114,4.0,0.11999999999999744,Schematic internal layout
PS4-0146,SATAPower7,PS4-0146 · SATA Power contact007,Storage,gold,1,0.2639587964473722,0.5500000000000114,4.0,0.11999999999999744,Schematic internal layout
PS4-0147,SATAPower8,PS4-0147 · SATA Power contact008,Storage,gold,1,0.2639587964473722,0.5500000000000114,4.0,0.11999999999999744,Schematic internal layout
PS4-0148,SATAPower9,PS4-0148 · SATA Power contact009,Storage,gold,1,0.2639587964473722,0.5500000000000114,4.0,0.11999999999999744,Schematic internal layout
PS4-0149,SATAPower10,PS4-0149 · SATA Power contact010,Storage,gold,1,0.2639587964473722,0.5500000000000114,4.0,0.11999999999999744,Schematic internal layout
PS4-0150,SATAPower11,PS4-0150 · SATA Power contact011,Storage,gold,1,0.2639587964473722,0.5500000000000114,4.0,0.11999999999999744,Schematic internal layout
PS4-0151,SATAPower12,PS4-0151 · SATA Power contact012,Storage,gold,1,0.2639587964473722,0.5500000000000114,4.0,0.11999999999999744,Schematic internal layout
PS4-0152,SATAPower13,PS4-0152 · SATA Power contact013,Storage,gold,1,0.2639587964473722,0.5500000000000114,4.0,0.11999999999999744,Schematic internal layout
PS4-0153,SATAPower14,PS4-0153 · SATA Power contact014,Storage,gold,1,0.2639587964473722,0.5500000000000114,4.0,0.11999999999999744,Schematic internal layout
PS4-0154,HDDCaddy,PS4-0154 · Removable hard-drive tray base001,Storage,metal,1,2236.9830279107673,74.0,104.0,0.6000000000000014,Published approximate body envelope; photo-estimated local geometry
PS4-0155,HDDMount-1_0,PS4-0155 · Drive caddy retaining screw,Storage,metal,1,17.724865751553637,4.550000000000011,4.400000000000006,4.400000000000006,Schematic internal layout
PS4-0156,HDDCaddySide-1,PS4-0156 · Folded hard-drive tray side002,Storage,metal,1,707.5429385524761,0.700000000000017,102.0,10.0,Published approximate body envelope; photo-estimated local geometry
PS4-0157,HDDMount-1_1,PS4-0157 · Drive caddy retaining screw001,Storage,metal,1,17.72486575155365,4.550000000000011,4.400000000000006,4.400000000000006,Schematic internal layout
PS4-0158,HDDMount1_0,PS4-0158 · Drive caddy retaining screw002,Storage,metal,1,17.724865751553587,4.549999999999997,4.400000000000006,4.400000000000006,Schematic internal layout
PS4-0159,HDDCaddySide1,PS4-0159 · Folded hard-drive tray side007,Storage,metal,1,779.430573570802,12.0,109.0,10.0,Published approximate body envelope; photo-estimated local geometry
PS4-0160,HDDBase,PS4-0160 · 2.5-inch hard-drive aluminium enclosure007,Storage,metal,1,9196.611815747874,69.80000000000001,100.0,6.0,Published approximate body envelope; photo-estimated local geometry
PS4-0161,HDDMount1_1,PS4-0161 · Drive caddy retaining screw003,Storage,metal,1,17.7248657515536,4.549999999999997,4.400000000000006,4.400000000000006,Schematic internal layout
PS4-0162,HDDPullTab,PS4-0162 · Drive tray extraction tab,Storage,metal,1,58.70385837720214,14.0,6.0,0.7000000000000028,Published approximate body envelope; photo-estimated local geometry
PS4-0163,MainPCB,PS4-0163 · Original launch-family L-shaped mainboard006,Mainboard,pcb,1,91771.91377578165,260.0,257.0,1.6000000000000085,Published approximate body envelope; photo-estimated local geometry
PS4-0164,BoardGroundTop0,PS4-0164 · Exposed PCB ground annulus,Mainboard,gold,1,1.3194689145076908,6.400000000000006,6.400000000000006,0.060000000000002274,Schematic internal layout
PS4-0165,BoardGroundBottom0,PS4-0165 · Exposed PCB ground annulus001,Mainboard,gold,1,1.3194689145077427,6.400000000000006,6.400000000000006,0.060000000000002274,Schematic internal layout
PS4-0166,BoardGroundTop1,PS4-0166 · Exposed PCB ground annulus002,Mainboard,gold,1,1.3194689145076908,6.400000000000006,6.400000000000006,0.060000000000002274,Schematic internal layout
PS4-0167,BoardGroundBottom1,PS4-0167 · Exposed PCB ground annulus003,Mainboard,gold,1,1.3194689145077427,6.400000000000006,6.400000000000006,0.060000000000002274,Schematic internal layout
PS4-0168,BoardGroundTop2,PS4-0168 · Exposed PCB ground annulus004,Mainboard,gold,1,1.3194689145076908,6.400000000000006,6.400000000000006,0.060000000000002274,Schematic internal layout
PS4-0169,BoardGroundBottom2,PS4-0169 · Exposed PCB ground annulus005,Mainboard,gold,1,1.3194689145077427,6.400000000000006,6.400000000000006,0.060000000000002274,Schematic internal layout
PS4-0170,BoardGroundTop3,PS4-0170 · Exposed PCB ground annulus006,Mainboard,gold,1,1.3194689145076908,6.400000000000002,6.400000000000006,0.060000000000002274,Schematic internal layout
PS4-0171,BoardGroundBottom3,PS4-0171 · Exposed PCB ground annulus007,Mainboard,gold,1,1.319468914507743,6.400000000000002,6.400000000000006,0.060000000000002274,Schematic internal layout
PS4-0172,BoardGroundTop4,PS4-0172 · Exposed PCB ground annulus008,Mainboard,gold,1,1.3194689145076912,6.400000000000002,6.3999999999999995,0.060000000000002274,Schematic internal layout
PS4-0173,BoardGroundBottom4,PS4-0173 · Exposed PCB ground annulus009,Mainboard,gold,1,1.3194689145077432,6.400000000000002,6.3999999999999995,0.060000000000002274,Schematic internal layout
PS4-0174,BoardGroundTop5,PS4-0174 · Exposed PCB ground annulus010,Mainboard,gold,1,1.3194689145076908,6.400000000000006,6.4,0.060000000000002274,Schematic internal layout
PS4-0175,BoardGroundBottom5,PS4-0175 · Exposed PCB ground annulus011,Mainboard,gold,1,1.3194689145077427,6.400000000000006,6.4,0.060000000000002274,Schematic internal layout
PS4-0176,BoardGroundTop6,PS4-0176 · Exposed PCB ground annulus012,Mainboard,gold,1,1.319468914507691,6.399999999999999,6.400000000000006,0.060000000000002274,Schematic internal layout
PS4-0177,BoardGroundBottom6,PS4-0177 · Exposed PCB ground annulus013,Mainboard,gold,1,1.319468914507743,6.399999999999999,6.400000000000006,0.060000000000002274,Schematic internal layout
PS4-0178,BoardGroundTop7,PS4-0178 · Exposed PCB ground annulus014,Mainboard,gold,1,1.3194689145076905,6.400000000000006,6.400000000000006,0.060000000000002274,Schematic internal layout
PS4-0179,BoardGroundBottom7,PS4-0179 · Exposed PCB ground annulus015,Mainboard,gold,1,1.3194689145077425,6.400000000000006,6.400000000000006,0.060000000000002274,Schematic internal layout
PS4-0180,APUSubstrate,PS4-0180 · AMD Jaguar / Radeon APU substrate study,Mainboard,pcb,1,3839.8145840131738,40.0,40.0,2.3999999999999986,Schematic internal layout
PS4-0181,APUDie,PS4-0181 · APU exposed silicon die study,Mainboard,black,1,339.9835829595002,20.0,20.0,0.8500000000000014,Schematic internal layout
PS4-0182,APUCap-1_0,PS4-0182 · APU package bypass capacitor,Mainboard,metal,1,0.5335771675440422,1.7000000000000028,0.9000000000000004,0.3500000000000014,Schematic internal layout
PS4-0183,APUCap-1_1,PS4-0183 · APU package bypass capacitor001,Mainboard,metal,1,0.5335771675440422,1.7000000000000028,0.9000000000000004,0.3500000000000014,Schematic internal layout
PS4-0184,APUCap-1_2,PS4-0184 · APU package bypass capacitor002,Mainboard,metal,1,0.5335771675440422,1.7000000000000028,0.9000000000000004,0.3500000000000014,Schematic internal layout
PS4-0185,APUCap-1_3,PS4-0185 · APU package bypass capacitor003,Mainboard,metal,1,0.5335771675440422,1.7000000000000028,0.9000000000000004,0.3500000000000014,Schematic internal layout
PS4-0186,APUCap-1_4,PS4-0186 · APU package bypass capacitor004,Mainboard,metal,1,0.5335771675440422,1.7000000000000028,0.9000000000000004,0.3500000000000014,Schematic internal layout
PS4-0187,APUCap-1_5,PS4-0187 · APU package bypass capacitor005,Mainboard,metal,1,0.5335771675440408,1.6999999999999886,0.9000000000000004,0.3500000000000014,Schematic internal layout
PS4-0188,APUCap-1_6,PS4-0188 · APU package bypass capacitor006,Mainboard,metal,1,0.5335771675440409,1.6999999999999886,0.9000000000000004,0.3500000000000014,Schematic internal layout
PS4-0189,APUCap-1_7,PS4-0189 · APU package bypass capacitor007,Mainboard,metal,1,0.5335771675440409,1.6999999999999886,0.9000000000000004,0.3500000000000014,Schematic internal layout
PS4-0190,APUCap1_0,PS4-0190 · APU package bypass capacitor008,Mainboard,metal,1,0.5335771675440432,1.7000000000000028,0.9000000000000057,0.3500000000000014,Schematic internal layout
PS4-0191,APUCap1_1,PS4-0191 · APU package bypass capacitor009,Mainboard,metal,1,0.5335771675440432,1.7000000000000028,0.9000000000000057,0.3500000000000014,Schematic internal layout
PS4-0192,APUCap1_2,PS4-0192 · APU package bypass capacitor010,Mainboard,metal,1,0.5335771675440432,1.7000000000000028,0.9000000000000057,0.3500000000000014,Schematic internal layout
PS4-0193,APUCap1_3,PS4-0193 · APU package bypass capacitor011,Mainboard,metal,1,0.5335771675440432,1.7000000000000028,0.9000000000000057,0.3500000000000014,Schematic internal layout
PS4-0194,APUCap1_4,PS4-0194 · APU package bypass capacitor012,Mainboard,metal,1,0.533577167544043,1.7000000000000028,0.9000000000000057,0.3500000000000014,Schematic internal layout
PS4-0195,APUCap1_5,PS4-0195 · APU package bypass capacitor013,Mainboard,metal,1,0.5335771675440419,1.6999999999999886,0.9000000000000057,0.3500000000000014,Schematic internal layout
PS4-0196,APUCap1_6,PS4-0196 · APU package bypass capacitor014,Mainboard,metal,1,0.5335771675440419,1.6999999999999886,0.9000000000000057,0.3500000000000014,Schematic internal layout
PS4-0197,APUCap1_7,PS4-0197 · APU package bypass capacitor015,Mainboard,metal,1,0.5335771675440419,1.6999999999999886,0.9000000000000057,0.3500000000000014,Schematic internal layout
PS4-0198,GDDR5Bottom0,"PS4-0198 · 512 MB GDDR5 package, underside study",Mainboard,black,1,230.35014370132046,16.0,12.0,1.1999999999999993,Schematic internal layout
PS4-0199,GDDR5Top0,"PS4-0199 · 512 MB GDDR5 package, upper side study",Mainboard,black,1,230.3501437013207,16.0,12.0,1.2000000000000028,Schematic internal layout
PS4-0200,GDDR5Bottom1,"PS4-0200 · 512 MB GDDR5 package, underside study001",Mainboard,black,1,230.35014370132043,16.0,12.0,1.1999999999999993,Schematic internal layout
PS4-0201,GDDR5Top1,"PS4-0201 · 512 MB GDDR5 package, upper side study001",Mainboard,black,1,230.35014370132066,16.0,12.0,1.2000000000000028,Schematic internal layout
PS4-0202,GDDR5Bottom2,"PS4-0202 · 512 MB GDDR5 package, underside study002",Mainboard,black,1,230.3501437013204,16.0,12.0,1.1999999999999993,Schematic internal layout
PS4-0203,GDDR5Top2,"PS4-0203 · 512 MB GDDR5 package, upper side study002",Mainboard,black,1,230.35014370132066,16.0,12.0,1.2000000000000028,Schematic internal layout
PS4-0204,GDDR5Bottom3,"PS4-0204 · 512 MB GDDR5 package, underside study003",Mainboard,black,1,230.35014370132046,16.0,12.0,1.1999999999999993,Schematic internal layout
PS4-0205,GDDR5Top3,"PS4-0205 · 512 MB GDDR5 package, upper side study003",Mainboard,black,1,230.3501437013207,16.0,12.0,1.2000000000000028,Schematic internal layout
PS4-0206,GDDR5Bottom4,"PS4-0206 · 512 MB GDDR5 package, underside study004",Mainboard,black,1,230.35014370132046,16.0,12.0,1.1999999999999993,Schematic internal layout
PS4-0207,GDDR5Top4,"PS4-0207 · 512 MB GDDR5 package, upper side study004",Mainboard,black,1,230.3501437013207,16.0,12.0,1.2000000000000028,Schematic internal layout
PS4-0208,GDDR5Bottom5,"PS4-0208 · 512 MB GDDR5 package, underside study005",Mainboard,black,1,230.35014370132043,16.0,12.0,1.1999999999999993,Schematic internal layout
PS4-0209,GDDR5Top5,"PS4-0209 · 512 MB GDDR5 package, upper side study005",Mainboard,black,1,230.3501437013207,16.0,12.0,1.2000000000000028,Schematic internal layout
PS4-0210,GDDR5Bottom6,"PS4-0210 · 512 MB GDDR5 package, underside study006",Mainboard,black,1,230.35014370132046,16.0,12.0,1.1999999999999993,Schematic internal layout
PS4-0211,GDDR5Top6,"PS4-0211 · 512 MB GDDR5 package, upper side study006",Mainboard,black,1,230.3501437013207,16.0,12.0,1.2000000000000028,Schematic internal layout
PS4-0212,GDDR5Bottom7,"PS4-0212 · 512 MB GDDR5 package, underside study007",Mainboard,black,1,230.35014370132046,16.0,12.0,1.1999999999999993,Schematic internal layout
PS4-0213,GDDR5Top7,"PS4-0213 · 512 MB GDDR5 package, upper side study007",Mainboard,black,1,230.3501437013207,16.0,12.0,1.2000000000000028,Schematic internal layout
PS4-0214,Secondary,PS4-0214 · Low-power network processor study,Mainboard,black,1,677.5610626427665,22.0,22.0,1.3999999999999986,Schematic internal layout
PS4-0215,DDR3,PS4-0215 · Secondary processor memory study,Mainboard,black,1,230.96106264276673,15.0,11.0,1.3999999999999986,Schematic internal layout
PS4-0216,Flash,PS4-0216 · Serial flash package study,Mainboard,black,1,123.1610626427668,11.0,8.0,1.3999999999999986,Schematic internal layout
PS4-0217,EthernetLogic,PS4-0217 · Ethernet controller study,Mainboard,black,1,274.36106264276674,14.0,14.0,1.3999999999999986,Schematic internal layout
PS4-0218,HDMILogic,PS4-0218 · HDMI communication package study,Mainboard,black,1,274.36106264276674,14.0,14.0,1.3999999999999986,Schematic internal layout
PS4-0219,WirelessLogic,PS4-0219 · WLAN / Bluetooth package study,Mainboard,black,1,201.56106264276676,12.0,12.0,1.3999999999999986,Schematic internal layout
PS4-0220,USBHub,PS4-0220 · USB 3.0 hub controller study,Mainboard,black,1,201.56106264276679,12.0,12.0,1.3999999999999986,Schematic internal layout
PS4-0221,VRMChoke0,PS4-0221 · APU power regulation inductor,Mainboard,metal,1,548.3003534541078,10.0,10.0,5.5,Schematic internal layout
PS4-0222,VRMPower0,PS4-0222 · Power stage package,Mainboard,black,1,54.57143220351142,6.0,7.0,1.2999999999999972,Schematic internal layout
PS4-0223,VRMCap0,PS4-0223 · Power regulation capacitor,Mainboard,metal,1,193.0194526365569,6.3999999999999995,6.400000000000006,6.0,Schematic internal layout
PS4-0224,VRMChoke1,PS4-0224 · APU power regulation inductor001,Mainboard,metal,1,548.3003534541078,10.0,10.0,5.5,Schematic internal layout
PS4-0225,VRMPower1,PS4-0225 · Power stage package001,Mainboard,black,1,54.57143220351142,6.0,7.0,1.2999999999999972,Schematic internal layout
PS4-0226,VRMCap1,PS4-0226 · Power regulation capacitor001,Mainboard,metal,1,193.0194526365569,6.3999999999999995,6.400000000000006,6.0,Schematic internal layout
PS4-0227,VRMChoke2,PS4-0227 · APU power regulation inductor002,Mainboard,metal,1,548.3003534541078,10.0,10.0,5.5,Schematic internal layout
PS4-0228,VRMPower2,PS4-0228 · Power stage package002,Mainboard,black,1,54.57143220351143,6.0,7.0,1.2999999999999972,Schematic internal layout
PS4-0229,VRMCap2,PS4-0229 · Power regulation capacitor002,Mainboard,metal,1,193.0194526365569,6.400000000000002,6.400000000000006,6.0,Schematic internal layout
PS4-0230,VRMChoke3,PS4-0230 · APU power regulation inductor003,Mainboard,metal,1,548.3003534541078,10.0,10.0,5.5,Schematic internal layout
PS4-0231,VRMPower3,PS4-0231 · Power stage package003,Mainboard,black,1,54.57143220351142,6.0,7.0,1.2999999999999972,Schematic internal layout
PS4-0232,VRMCap3,PS4-0232 · Power regulation capacitor003,Mainboard,metal,1,193.0194526365569,6.400000000000006,6.400000000000006,6.0,Schematic internal layout
PS4-0233,VRMChoke4,PS4-0233 · APU power regulation inductor004,Mainboard,metal,1,548.3003534541078,10.0,10.0,5.5,Schematic internal layout
PS4-0234,VRMPower4,PS4-0234 · Power stage package004,Mainboard,black,1,54.57143220351142,6.0,7.0,1.2999999999999972,Schematic internal layout
PS4-0235,VRMCap4,PS4-0235 · Power regulation capacitor004,Mainboard,metal,1,193.01945263655693,6.400000000000006,6.400000000000006,6.0,Schematic internal layout
PS4-0236,VRMChoke5,PS4-0236 · APU power regulation inductor005,Mainboard,metal,1,548.3003534541078,10.0,10.0,5.5,Schematic internal layout
PS4-0237,VRMPower5,PS4-0237 · Power stage package005,Mainboard,black,1,54.57143220351142,6.0,7.0,1.2999999999999972,Schematic internal layout
PS4-0238,VRMCap5,PS4-0238 · Power regulation capacitor005,Mainboard,metal,1,193.01945263655696,6.400000000000006,6.400000000000006,6.0,Schematic internal layout
PS4-0239,LowerShield,PS4-0239 · Lower mainboard EMI and thermal plate005,Shielding,metal,1,25564.205778430405,260.0,257.0,0.4499999999999993,Published approximate body envelope; photo-estimated local geometry
PS4-0240,UpperShield,PS4-0240 · Upper perforated motherboard shield005,Shielding,metal,1,25418.19835486885,260.0,257.0,0.45000000000000284,Published approximate body envelope; photo-estimated local geometry
PS4-0241,BoardStandoff0,PS4-0241 · Lower shield mainboard spacer,Frame,metal,1,117.76260061981345,6.699999999999989,6.699999999999989,3.599999999999998,Schematic internal layout
PS4-0242,BoardScrew0,PS4-0242 · Cross-head fastener,Frame,metal,1,7.779252641518678,2.5,2.5,5.530000000000001,Schematic internal layout
PS4-0243,UpperShieldSpacer0,PS4-0243 · Upper shield sleeve,Frame,metal,1,213.3581234758974,6.699999999999989,6.699999999999989,7.700000000000003,Schematic internal layout
PS4-0244,BoardStandoff1,PS4-0244 · Lower shield mainboard spacer001,Frame,metal,1,117.76260061981345,6.699999999999989,6.699999999999989,3.599999999999998,Schematic internal layout
PS4-0245,BoardScrew1,PS4-0245 · Cross-head fastener001,Frame,metal,1,7.779252641518678,2.5,2.5,5.530000000000001,Schematic internal layout
PS4-0246,UpperShieldSpacer1,PS4-0246 · Upper shield sleeve001,Frame,metal,1,213.3581234758974,6.699999999999989,6.699999999999989,7.700000000000003,Schematic internal layout
PS4-0247,BoardStandoff2,PS4-0247 · Lower shield mainboard spacer002,Frame,metal,1,117.76260061981345,6.699999999999989,6.699999999999989,3.599999999999998,Schematic internal layout
PS4-0248,BoardScrew2,PS4-0248 · Cross-head fastener002,Frame,metal,1,7.779252641518676,2.5,2.5,5.530000000000001,Schematic internal layout
PS4-0249,UpperShieldSpacer2,PS4-0249 · Upper shield sleeve002,Frame,metal,1,213.3581234758974,6.699999999999989,6.699999999999989,7.700000000000003,Schematic internal layout
PS4-0250,BoardStandoff3,PS4-0250 · Lower shield mainboard spacer003,Frame,metal,1,117.76260061981338,6.700000000000003,6.699999999999989,3.599999999999998,Schematic internal layout
PS4-0251,BoardScrew3,PS4-0251 · Cross-head fastener003,Frame,metal,1,7.779252641518682,2.5,2.5,5.530000000000001,Schematic internal layout
PS4-0252,UpperShieldSpacer3,PS4-0252 · Upper shield sleeve003,Frame,metal,1,213.35812347589723,6.700000000000003,6.699999999999989,7.700000000000003,Schematic internal layout
PS4-0253,BoardStandoff4,PS4-0253 · Lower shield mainboard spacer004,Frame,metal,1,117.76260061981337,6.700000000000003,6.699999999999999,3.599999999999998,Schematic internal layout
PS4-0254,BoardScrew4,PS4-0254 · Cross-head fastener004,Frame,metal,1,7.779252641518685,2.5,2.5,5.530000000000001,Schematic internal layout
PS4-0255,UpperShieldSpacer4,PS4-0255 · Upper shield sleeve004,Frame,metal,1,213.35812347589723,6.700000000000003,6.699999999999999,7.700000000000003,Schematic internal layout
PS4-0256,BoardStandoff5,PS4-0256 · Lower shield mainboard spacer005,Frame,metal,1,117.76260061981344,6.699999999999989,6.7,3.599999999999998,Schematic internal layout
PS4-0257,BoardScrew5,PS4-0257 · Cross-head fastener005,Frame,metal,1,7.779252641518681,2.5,2.5,5.530000000000001,Schematic internal layout
PS4-0258,UpperShieldSpacer5,PS4-0258 · Upper shield sleeve005,Frame,metal,1,213.35812347589734,6.699999999999989,6.7,7.700000000000003,Schematic internal layout
PS4-0259,BoardStandoff6,PS4-0259 · Lower shield mainboard spacer006,Frame,metal,1,117.76260061981338,6.699999999999999,6.699999999999989,3.599999999999998,Schematic internal layout
PS4-0260,BoardScrew6,PS4-0260 · Cross-head fastener006,Frame,metal,1,7.77925264151868,2.5,2.5,5.530000000000001,Schematic internal layout
PS4-0261,UpperShieldSpacer6,PS4-0261 · Upper shield sleeve006,Frame,metal,1,213.35812347589723,6.699999999999999,6.699999999999989,7.700000000000003,Schematic internal layout
PS4-0262,BoardStandoff7,PS4-0262 · Lower shield mainboard spacer007,Frame,metal,1,117.76260061981345,6.699999999999989,6.699999999999996,3.599999999999998,Schematic internal layout
PS4-0263,BoardScrew7,PS4-0263 · Cross-head fastener007,Frame,metal,1,7.779252641518681,2.5,2.5,5.530000000000001,Schematic internal layout
PS4-0264,UpperShieldSpacer7,PS4-0264 · Upper shield sleeve007,Frame,metal,1,213.3581234758974,6.699999999999989,6.699999999999996,7.700000000000003,Schematic internal layout
PS4-0265,MemoryThermal0,PS4-0265 · GDDR5 thermal pad study,Cooling,thermal,1,321.822309679293,14.0,10.0,2.3000000000000007,Schematic internal layout
PS4-0266,MemoryThermal1,PS4-0266 · GDDR5 thermal pad study001,Cooling,thermal,1,321.822309679293,14.0,10.0,2.3000000000000007,Schematic internal layout
PS4-0267,MemoryThermal2,PS4-0267 · GDDR5 thermal pad study002,Cooling,thermal,1,321.822309679293,14.0,10.0,2.3000000000000007,Schematic internal layout
PS4-0268,MemoryThermal3,PS4-0268 · GDDR5 thermal pad study003,Cooling,thermal,1,321.8223096792931,14.0,10.0,2.3000000000000007,Schematic internal layout
PS4-0269,MemoryThermal4,PS4-0269 · GDDR5 thermal pad study004,Cooling,thermal,1,321.8223096792931,14.0,10.0,2.3000000000000007,Schematic internal layout
PS4-0270,MemoryThermal5,PS4-0270 · GDDR5 thermal pad study005,Cooling,thermal,1,321.8223096792931,14.0,10.0,2.3000000000000007,Schematic internal layout
PS4-0271,MemoryThermal6,PS4-0271 · GDDR5 thermal pad study006,Cooling,thermal,1,321.822309679293,14.0,10.0,2.3000000000000007,Schematic internal layout
PS4-0272,MemoryThermal7,PS4-0272 · GDDR5 thermal pad study007,Cooling,thermal,1,321.822309679293,14.0,10.0,2.3000000000000007,Schematic internal layout
PS4-0273,BlowerHousing,PS4-0273 · Centrifugal blower volute and discharge duct003,Cooling,black,1,51446.729763311654,111.0,139.0,17.500000200001512,Published approximate body envelope; photo-estimated local geometry
PS4-0274,BlowerPlate,PS4-0274 · Blower lower metal bracket,Cooling,metal,1,3118.433716754403,93.4,95.4,0.34999999999999964,Schematic internal layout
PS4-0275,BlowerImpeller,PS4-0275 · Approximately 85 mm curved-vane impeller study,Cooling,black,1,12480.48244653261,84.80000000000001,84.80000000000001,12.600000000000001,Schematic internal layout
PS4-0276,BlowerStator,PS4-0276 · Blower motor stator envelope,Cooling,metal,1,3055.0040768715517,19.0,19.0,11.8,Schematic internal layout
PS4-0277,BlowerAxle,PS4-0277 · Blower motor steel shaft,Cooling,metal,1,197.766399136131,4.599999999999994,4.599999999999994,11.9,Schematic internal layout
PS4-0278,APUThermal,PS4-0278 · APU thermal interface study,Cooling,thermal,1,679.9416283004441,20.0,20.0,1.6999999999999993,Schematic internal layout
PS4-0279,CopperColdplate,PS4-0279 · APU copper heat-spreader plate,Cooling,copper,1,3997.8539816339735,40.0,40.0,2.5,Schematic internal layout
PS4-0280,HeatPipe0,PS4-0280 · Sealed heat-pipe envelope study,Cooling,copper,1,790.6760390554789,4.400000000000006,52.0,4.399999999999999,Schematic internal layout
PS4-0281,HeatPipe1,PS4-0281 · Sealed heat-pipe envelope study001,Cooling,copper,1,790.6760390554786,4.400000000000006,52.0,4.399999999999999,Schematic internal layout
PS4-0282,FinBase,PS4-0282 · Heat exchanger lower rail,Cooling,metal,1,1579.1536460032937,94.0,28.0,0.6000000000000001,Schematic internal layout
PS4-0283,CoolingFin0,PS4-0283 · Separate heat exchanger lamella,Cooling,metal,1,190.32000000000042,0.3000000000000007,26.0,24.4,Schematic internal layout
PS4-0284,CoolingFin1,PS4-0284 · Separate heat exchanger lamella001,Cooling,metal,1,190.32000000000042,0.3000000000000007,26.0,24.4,Schematic internal layout
PS4-0285,CoolingFin2,PS4-0285 · Separate heat exchanger lamella002,Cooling,metal,1,190.32000000000042,0.3000000000000007,26.0,24.4,Schematic internal layout
PS4-0286,CoolingFin3,PS4-0286 · Separate heat exchanger lamella003,Cooling,metal,1,190.3199999999982,0.29999999999999716,26.0,24.4,Schematic internal layout
PS4-0287,CoolingFin4,PS4-0287 · Separate heat exchanger lamella004,Cooling,metal,1,190.31999999999817,0.29999999999999716,26.0,24.4,Schematic internal layout
PS4-0288,CoolingFin5,PS4-0288 · Separate heat exchanger lamella005,Cooling,metal,1,190.3199999999982,0.29999999999999716,26.0,24.4,Schematic internal layout
PS4-0289,CoolingFin6,PS4-0289 · Separate heat exchanger lamella006,Cooling,metal,1,190.3199999999982,0.29999999999999716,26.0,24.4,Schematic internal layout
PS4-0290,CoolingFin7,PS4-0290 · Separate heat exchanger lamella007,Cooling,metal,1,190.3199999999982,0.29999999999999716,26.0,24.4,Schematic internal layout
PS4-0291,CoolingFin8,PS4-0291 · Separate heat exchanger lamella008,Cooling,metal,1,190.31999999999817,0.29999999999999716,26.0,24.4,Schematic internal layout
PS4-0292,CoolingFin9,PS4-0292 · Separate heat exchanger lamella009,Cooling,metal,1,168.75036755870772,0.30000000000001137,26.0,24.4,Schematic internal layout
PS4-0293,CoolingFin10,PS4-0293 · Separate heat exchanger lamella010,Cooling,metal,1,157.91939101838574,0.29999999999999716,26.0,24.4,Schematic internal layout
PS4-0294,CoolingFin11,PS4-0294 · Separate heat exchanger lamella011,Cooling,metal,1,170.4172401779477,0.29999999999999716,26.0,24.4,Schematic internal layout
PS4-0295,CoolingFin12,PS4-0295 · Separate heat exchanger lamella012,Cooling,metal,1,190.31999999999817,0.29999999999999716,26.0,24.4,Schematic internal layout
PS4-0296,CoolingFin13,PS4-0296 · Separate heat exchanger lamella013,Cooling,metal,1,190.3199999999982,0.29999999999999716,26.0,24.4,Schematic internal layout
PS4-0297,CoolingFin14,PS4-0297 · Separate heat exchanger lamella014,Cooling,metal,1,190.31999999999817,0.29999999999999716,26.0,24.4,Schematic internal layout
PS4-0298,CoolingFin15,PS4-0298 · Separate heat exchanger lamella015,Cooling,metal,1,190.3199999999982,0.29999999999999716,26.0,24.4,Schematic internal layout
PS4-0299,CoolingFin16,PS4-0299 · Separate heat exchanger lamella016,Cooling,metal,1,190.3199999999982,0.29999999999999716,26.0,24.4,Schematic internal layout
PS4-0300,CoolingFin17,PS4-0300 · Separate heat exchanger lamella017,Cooling,metal,1,190.3199999999982,0.29999999999999716,26.0,24.4,Schematic internal layout
PS4-0301,CoolingFin18,PS4-0301 · Separate heat exchanger lamella018,Cooling,metal,1,190.31999999999817,0.29999999999999716,26.0,24.4,Schematic internal layout
PS4-0302,CoolingFin19,PS4-0302 · Separate heat exchanger lamella019,Cooling,metal,1,190.31999999999817,0.29999999999999716,26.0,24.4,Schematic internal layout
PS4-0303,CoolingFin20,PS4-0303 · Separate heat exchanger lamella020,Cooling,metal,1,190.3199999999982,0.29999999999999716,26.0,24.4,Schematic internal layout
PS4-0304,CoolingFin21,PS4-0304 · Separate heat exchanger lamella021,Cooling,metal,1,190.3199999999982,0.29999999999999716,26.0,24.4,Schematic internal layout
PS4-0305,CoolingFin22,PS4-0305 · Separate heat exchanger lamella022,Cooling,metal,1,190.3199999999982,0.29999999999999716,26.0,24.4,Schematic internal layout
PS4-0306,CoolingFin23,PS4-0306 · Separate heat exchanger lamella023,Cooling,metal,1,190.31999999999817,0.29999999999999716,26.0,24.4,Schematic internal layout
PS4-0307,CoolingFin24,PS4-0307 · Separate heat exchanger lamella024,Cooling,metal,1,190.31999999999817,0.29999999999999716,26.0,24.4,Schematic internal layout
PS4-0308,CoolingFin25,PS4-0308 · Separate heat exchanger lamella025,Cooling,metal,1,190.31999999999817,0.29999999999999716,26.0,24.4,Schematic internal layout
PS4-0309,CoolingFin26,PS4-0309 · Separate heat exchanger lamella026,Cooling,metal,1,162.07168756188662,0.29999999999999716,26.0,24.4,Schematic internal layout
PS4-0310,CoolingFin27,PS4-0310 · Separate heat exchanger lamella027,Cooling,metal,1,159.18004911950794,0.3000000000000256,26.0,24.4,Schematic internal layout
PS4-0311,CoolingFin28,PS4-0311 · Separate heat exchanger lamella028,Cooling,metal,1,189.5790658827301,0.30000000000001137,26.0,24.4,Schematic internal layout
PS4-0312,CoolingFin29,PS4-0312 · Separate heat exchanger lamella029,Cooling,metal,1,190.3199999999982,0.29999999999999716,26.0,24.4,Schematic internal layout
PS4-0313,CoolingFin30,PS4-0313 · Separate heat exchanger lamella030,Cooling,metal,1,190.31999999999817,0.29999999999999716,26.0,24.4,Schematic internal layout
PS4-0314,CoolingFin31,PS4-0314 · Separate heat exchanger lamella031,Cooling,metal,1,190.31999999999817,0.29999999999999716,26.0,24.4,Schematic internal layout
PS4-0315,CoolingFin32,PS4-0315 · Separate heat exchanger lamella032,Cooling,metal,1,190.3199999999982,0.29999999999999716,26.0,24.4,Schematic internal layout
PS4-0316,CoolingFin33,PS4-0316 · Separate heat exchanger lamella033,Cooling,metal,1,190.31999999999817,0.29999999999999716,26.0,24.4,Schematic internal layout
PS4-0317,CoolingFin34,PS4-0317 · Separate heat exchanger lamella034,Cooling,metal,1,190.3199999999982,0.29999999999999716,26.0,24.4,Schematic internal layout
PS4-0318,CoolingFin35,PS4-0318 · Separate heat exchanger lamella035,Cooling,metal,1,190.31999999999817,0.29999999999999716,26.0,24.4,Schematic internal layout
PS4-0319,CoolingFin36,PS4-0319 · Separate heat exchanger lamella036,Cooling,metal,1,190.3199999999982,0.29999999999999716,26.0,24.4,Schematic internal layout
PS4-0320,CoolingFin37,PS4-0320 · Separate heat exchanger lamella037,Cooling,metal,1,190.3199999999982,0.29999999999999716,26.0,24.4,Schematic internal layout
PS4-0321,CoolingFin38,PS4-0321 · Separate heat exchanger lamella038,Cooling,metal,1,190.3199999999982,0.29999999999999716,26.0,24.4,Schematic internal layout
PS4-0322,CoolingFin39,PS4-0322 · Separate heat exchanger lamella039,Cooling,metal,1,190.31999999999817,0.29999999999999716,26.0,24.4,Schematic internal layout
PS4-0323,CoolingFin40,PS4-0323 · Separate heat exchanger lamella040,Cooling,metal,1,190.3199999999982,0.29999999999999716,26.0,24.4,Schematic internal layout
PS4-0324,CoolingFin41,PS4-0324 · Separate heat exchanger lamella041,Cooling,metal,1,190.3199999999982,0.29999999999999716,26.0,24.4,Schematic internal layout
PS4-0325,CoolingFin42,PS4-0325 · Separate heat exchanger lamella042,Cooling,metal,1,190.31999999999817,0.29999999999999716,26.0,24.4,Schematic internal layout
PS4-0326,CoolingFin43,PS4-0326 · Separate heat exchanger lamella043,Cooling,metal,1,190.3199999999982,0.29999999999999716,26.0,24.4,Schematic internal layout
PS4-0327,CoolingFin44,PS4-0327 · Separate heat exchanger lamella044,Cooling,metal,1,190.3199999999982,0.29999999999999716,26.0,24.4,Schematic internal layout
PS4-0328,CoolingFin45,PS4-0328 · Separate heat exchanger lamella045,Cooling,metal,1,190.31999999999817,0.29999999999999716,26.0,24.4,Schematic internal layout
PS4-0329,CoolingFin46,PS4-0329 · Separate heat exchanger lamella046,Cooling,metal,1,190.3199999999982,0.29999999999999716,26.0,24.4,Schematic internal layout
PS4-0330,CoolingFin47,PS4-0330 · Separate heat exchanger lamella047,Cooling,metal,1,190.3199999999982,0.29999999999999716,26.0,24.4,Schematic internal layout
PS4-0331,CoolingFin48,PS4-0331 · Separate heat exchanger lamella048,Cooling,metal,1,190.31999999999817,0.29999999999999716,26.0,24.4,Schematic internal layout
PS4-0332,CoolingFin49,PS4-0332 · Separate heat exchanger lamella049,Cooling,metal,1,190.31999999999817,0.29999999999999716,26.0,24.4,Schematic internal layout
PS4-0333,CoolingFin50,PS4-0333 · Separate heat exchanger lamella050,Cooling,metal,1,190.3199999999982,0.29999999999999716,26.0,24.4,Schematic internal layout
PS4-0334,CoolingFin51,PS4-0334 · Separate heat exchanger lamella051,Cooling,metal,1,190.3199999999982,0.29999999999999716,26.0,24.4,Schematic internal layout
PS4-0335,PSUCase,PS4-0335 · Original internal power-supply lower enclosure005,Power,black,1,32462.233129550874,256.0,51.0,20.0,Published approximate body envelope; photo-estimated local geometry
PS4-0336,PSUPCB,PS4-0336 · Internal switching power board001,Power,powerpcb,1,14328.0740195718,240.0,46.0,1.2999999999999998,Published approximate body envelope; photo-estimated local geometry
PS4-0337,PSUPost0,PS4-0337 · Power board insulating spacer,Power,black,1,26.436502179958097,5.0,5.0,1.5,Schematic internal layout
PS4-0338,PSUScrew0,PS4-0338 · Cross-head fastener008,Power,metal,1,4.633886316396228,2.4000000000000057,2.4000000000000057,3.0300000000000002,Schematic internal layout
PS4-0339,PSUPost1,PS4-0339 · Power board insulating spacer001,Power,black,1,26.436502179958097,5.0,5.0,1.5,Schematic internal layout
PS4-0340,PSUScrew1,PS4-0340 · Cross-head fastener009,Power,metal,1,4.633886316396227,2.4000000000000057,2.4000000000000057,3.0300000000000002,Schematic internal layout
PS4-0341,PSUPost2,PS4-0341 · Power board insulating spacer002,Power,black,1,26.436502179958097,5.0,5.0,1.5,Schematic internal layout
PS4-0342,PSUScrew2,PS4-0342 · Cross-head fastener010,Power,metal,1,4.633886316396228,2.4000000000000057,2.4000000000000057,3.0300000000000002,Schematic internal layout
PS4-0343,PSUPost3,PS4-0343 · Power board insulating spacer003,Power,black,1,26.436502179958097,5.0,5.0,1.5,Schematic internal layout
PS4-0344,PSUScrew3,PS4-0344 · Cross-head fastener011,Power,metal,1,4.633886316396227,2.4000000000000057,2.4000000000000057,3.0300000000000002,Schematic internal layout
PS4-0345,PSUMainCore,PS4-0345 · Switching transformer ferrite core,Power,black,1,8053.699111843078,24.0,28.0,11.999999999999998,Schematic internal layout
PS4-0346,PSUMainWrap,PS4-0346 · Transformer winding insulation cover,Power,powerpcb,1,236.18819467105837,21.0,25.0,0.4499999999999993,Schematic internal layout
PS4-0347,PSUStandbyCore,PS4-0347 · Switching transformer ferrite core001,Power,black,1,1911.4159265358971,12.0,16.0,9.999999999999998,Schematic internal layout
PS4-0348,PSUStandbyWrap,PS4-0348 · Transformer winding insulation cover001,Power,powerpcb,1,52.58819467105843,9.0,13.0,0.4499999999999993,Schematic internal layout
PS4-0349,PSUBulk0,PS4-0349 · Horizontal primary bulk capacitor,Power,battery,1,3486.4138632478093,24.0,13.599999999999994,13.599999999999998,Schematic internal layout
PS4-0350,PSUBulkEnd0,PS4-0350 · Primary capacitor metal end,Power,metal,1,33.69554470515902,0.25,13.099999999999994,13.099999999999998,Schematic internal layout
PS4-0351,PSUBulk1,PS4-0351 · Horizontal primary bulk capacitor001,Power,battery,1,3486.4138632478093,24.0,13.599999999999994,13.599999999999998,Schematic internal layout
PS4-0352,PSUBulkEnd1,PS4-0352 · Primary capacitor metal end001,Power,metal,1,33.69554470515902,0.25,13.099999999999994,13.099999999999998,Schematic internal layout
PS4-0353,PSUOutputCap0,PS4-0353 · Secondary filter capacitor,Power,battery,1,603.1857894892403,8.0,8.0,11.999999999999998,Schematic internal layout
PS4-0354,PSUOutputVent0,PS4-0354 · Filter capacitor aluminium vent,Power,metal,1,8.370773625489994,7.300000000000011,7.300000000000011,0.1999999999999993,Schematic internal layout
PS4-0355,PSUOutputCap1,PS4-0355 · Secondary filter capacitor001,Power,battery,1,603.1857894892403,8.0,8.0,11.999999999999998,Schematic internal layout
PS4-0356,PSUOutputVent1,PS4-0356 · Filter capacitor aluminium vent001,Power,metal,1,8.370773625489994,7.300000000000011,7.300000000000011,0.1999999999999993,Schematic internal layout
PS4-0357,PSUOutputCap2,PS4-0357 · Secondary filter capacitor002,Power,battery,1,603.1857894892403,8.0,8.0,11.999999999999998,Schematic internal layout
PS4-0358,PSUOutputVent2,PS4-0358 · Filter capacitor aluminium vent002,Power,metal,1,8.370773625489994,7.300000000000011,7.300000000000011,0.1999999999999993,Schematic internal layout
PS4-0359,PSUOutputCap3,PS4-0359 · Secondary filter capacitor003,Power,battery,1,603.1857894892402,8.0,8.0,11.999999999999998,Schematic internal layout
PS4-0360,PSUOutputVent3,PS4-0360 · Filter capacitor aluminium vent003,Power,metal,1,8.370773625489992,7.299999999999997,7.300000000000011,0.1999999999999993,Schematic internal layout
PS4-0361,PSUInputChoke,PS4-0361 · Input common-mode choke envelope,Power,copper,1,2060.1283155162823,12.0,15.0,11.499999999999998,Schematic internal layout
PS4-0362,PSUBridge,PS4-0362 · Input rectifier package,Power,black,1,767.3819467105844,12.0,8.0,8.0,Schematic internal layout
PS4-0363,PSUFuse,PS4-0363 · Cartridge fuse ceramic body,Power,white,1,201.06192982974662,16.0,4.0,4.0,Schematic internal layout
PS4-0364,PSUFuseCap0,PS4-0364 · Fuse metal end cap,Power,metal,1,10.165408428853183,0.7000000000000028,4.300000000000011,4.300000000000001,Schematic internal layout
PS4-0365,PSUFuseCap1,PS4-0365 · Fuse metal end cap001,Power,metal,1,10.165408428853183,0.7000000000000028,4.300000000000011,4.300000000000001,Schematic internal layout
PS4-0366,PSUHeatSink0,PS4-0366 · Power semiconductor aluminium heat sink,Power,metal,1,791.0729200658769,3.0,22.0,11.999999999999998,Schematic internal layout
PS4-0367,PSUSwitch0,PS4-0367 · Power switch package study,Power,black,1,319.6566370614359,4.0,8.0,9.999999999999998,Schematic internal layout
PS4-0368,PSUHeatSink1,PS4-0368 · Power semiconductor aluminium heat sink001,Power,metal,1,791.0729200658768,3.0,22.0,11.999999999999998,Schematic internal layout
PS4-0369,PSUSwitch1,PS4-0369 · Power switch package study001,Power,black,1,319.65663706143584,4.0,8.0,9.999999999999998,Schematic internal layout
PS4-0370,PSUOutputBus0,PS4-0370 · Low-voltage output bus contact,Power,copper,1,13.972530964914878,3.5,5.0,0.8000000000000007,Schematic internal layout
PS4-0371,PSUOutputLeg0,PS4-0371 · Output bus vertical leg,Power,copper,1,12.966778744522532,3.5,0.5999999999999943,6.2,Schematic internal layout
PS4-0372,PSUOutputBus1,PS4-0372 · Low-voltage output bus contact001,Power,copper,1,13.972530964914878,3.5,5.0,0.8000000000000007,Schematic internal layout
PS4-0373,PSUOutputLeg1,PS4-0373 · Output bus vertical leg001,Power,copper,1,12.966778744522532,3.5,0.5999999999999943,6.2,Schematic internal layout
PS4-0374,PSUCover,PS4-0374 · Perforated internal power-supply cover003,Power,black,1,6694.015978007404,255.0,50.0,0.6000000000000014,Published approximate body envelope; photo-estimated local geometry
PS4-0375,OpticalTray,PS4-0375 · Slot-loading optical mechanism chassis005,Optical,metal,1,45808.25451753674,146.0,145.0000001,23.4000001,Published approximate body envelope; photo-estimated local geometry
PS4-0376,DriveCover,PS4-0376 · Optical drive pressed upper lid,Optical,metal,1,10439.845486677646,145.0,144.0,0.5,Published approximate body envelope; photo-estimated local geometry
PS4-0377,DriveMedia,PS4-0377 · Blank 120 mm utility disc,Optical,white,1,13359.622759390593,120.0,120.0,1.1999999999999993,Schematic internal layout
PS4-0378,SpindleMotor,PS4-0378 · Optical spindle motor envelope,Optical,metal,1,2623.858184278195,24.0,24.0,5.800000000000001,Schematic internal layout
PS4-0379,SpindleCarrier,PS4-0379 · Spindle bearing carrier,Optical,black,1,2432.849350939936,22.0,22.0,6.399999999999999,Schematic internal layout
PS4-0380,SpindleHub,PS4-0380 · Disc centring spindle,Optical,black,1,446.42031607510955,14.0,14.0,2.8999999999999986,Schematic internal layout
PS4-0381,SpindleSeat,PS4-0381 · Media support annulus,Optical,rubber,1,121.03928175750757,20.0,20.0,0.8000000000000007,Schematic internal layout
PS4-0382,DriveClamp,PS4-0382 · Magnetic upper disc clamp,Optical,metal,1,424.11500823462245,30.0,30.0,0.6000000000000014,Schematic internal layout
PS4-0383,DriveClampMagnet,PS4-0383 · Clamp magnet envelope,Optical,black,1,90.47786842338598,16.0,16.0,0.4499999999999993,Schematic internal layout
PS4-0384,DriveMount0,PS4-0384 · Optical chassis support spacer,Optical,rubber,1,19.2972328746753,4.800000000000011,4.800000000000011,1.35,Schematic internal layout
PS4-0385,DriveMount1,PS4-0385 · Optical chassis support spacer001,Optical,rubber,1,19.29723287467531,4.800000000000011,4.800000000000001,1.35,Schematic internal layout
PS4-0386,DriveMount2,PS4-0386 · Optical chassis support spacer002,Optical,rubber,1,19.297232874675295,4.800000000000001,4.800000000000011,1.35,Schematic internal layout
PS4-0387,DriveMount3,PS4-0387 · Optical chassis support spacer003,Optical,rubber,1,19.297232874675302,4.800000000000001,4.800000000000001,1.35,Schematic internal layout
PS4-0388,PickupRail0,PS4-0388 · Optical pickup guide rod,Optical,metal,1,360.70981450354606,2.6999999999999886,63.0,2.700000000000001,Schematic internal layout
PS4-0389,PickupBearing0,PS4-0389 · Pickup sliding guide sleeve,Optical,white,1,150.7021995927023,5.0,13.0,5.0,Schematic internal layout
PS4-0390,RailEnd0_0,PS4-0390 · Fixed optical rail support,Optical,black,1,46.36990756698532,5.0,4.0,5.0,Schematic internal layout
PS4-0391,RailFoot0_0,PS4-0391 · Guide support pedestal,Optical,black,1,196.1664953783492,6.0,4.0,8.2,Schematic internal layout
PS4-0392,RailEnd0_1,PS4-0392 · Fixed optical rail support001,Optical,black,1,46.36990756698532,5.0,4.0,5.0,Schematic internal layout
PS4-0393,RailFoot0_1,PS4-0393 · Guide support pedestal001,Optical,black,1,196.1664953783492,6.0,4.0,8.2,Schematic internal layout
PS4-0394,PickupRail1,PS4-0394 · Optical pickup guide rod001,Optical,metal,1,360.70981450354606,2.700000000000003,63.0,2.700000000000001,Schematic internal layout
PS4-0395,PickupBearing1,PS4-0395 · Pickup sliding guide sleeve001,Optical,white,1,150.70219959270236,5.0,13.0,5.0,Schematic internal layout
PS4-0396,RailEnd1_0,PS4-0396 · Fixed optical rail support002,Optical,black,1,46.36990756698533,5.0,4.0,5.0,Schematic internal layout
PS4-0397,RailFoot1_0,PS4-0397 · Guide support pedestal002,Optical,black,1,196.16649537834925,6.0,4.0,8.2,Schematic internal layout
PS4-0398,RailEnd1_1,PS4-0398 · Fixed optical rail support003,Optical,black,1,46.36990756698533,5.0,4.0,5.0,Schematic internal layout
PS4-0399,RailFoot1_1,PS4-0399 · Guide support pedestal003,Optical,black,1,196.16649537834925,6.0,4.0,8.2,Schematic internal layout
PS4-0400,OpticalCarriage,PS4-0400 · Optical pickup carriage with guide bores,Optical,metal,1,7099.708272614585,52.000000199999995,22.000000199999988,7.000000200000125,Schematic internal layout
PS4-0401,ObjectiveBase,PS4-0401 · BD/DVD objective support,Optical,black,1,399.79911485751296,13.0,11.0,2.8000000000000007,Schematic internal layout
PS4-0402,FocusFrame,PS4-0402 · Objective focus suspension frame study,Optical,metal,1,42.623999999999995,9.0,9.0,0.8999999999999986,Schematic internal layout
PS4-0403,ObjectiveLens,PS4-0403 · Optical objective lens envelope,Optical,blue,1,16.989733070613617,5.200000000000003,5.199999999999989,0.8000000000000007,Schematic internal layout
PS4-0404,FocusCoil0,PS4-0404 · Focus actuator coil envelope,Optical,copper,1,6.280685834705737,9.0,0.700000000000017,1.0,Schematic internal layout
PS4-0405,FocusCoil1,PS4-0405 · Focus actuator coil envelope001,Optical,copper,1,6.2806858347057375,9.0,0.700000000000017,1.0,Schematic internal layout
PS4-0406,LaserPackage0,PS4-0406 · BD/DVD laser package study,Optical,blue,1,40.21238596594937,5.0,3.1999999999999886,3.200000000000003,Schematic internal layout
PS4-0407,LaserPackage1,PS4-0407 · BD/DVD laser package study001,Optical,red,1,40.21238596594937,5.0,3.1999999999999886,3.200000000000003,Schematic internal layout
PS4-0408,OpticalPrism,PS4-0408 · Optical path prism housing study,Optical,black,1,27.93132741228719,3.5,4.0,2.0,Schematic internal layout
PS4-0409,FeedMotor,PS4-0409 · Pickup feed motor envelope001,Optical,metal,1,1509.0326152253215,12.0,14.0,12.0,Schematic internal layout
PS4-0410,FeedShaft,PS4-0410 · Feed motor shaft,Optical,metal,1,43.25973083993147,1.7999999999999972,17.0,1.7999999999999972,Schematic internal layout
PS4-0411,FeedScrew,PS4-0411 · Pickup feed screw envelope,Optical,metal,1,155.85441154458957,2.200000000000003,41.0,2.200000000000003,Schematic internal layout
PS4-0412,FeedCoupler,PS4-0412 · Feed shaft coupling sleeve,Optical,white,1,29.688050576423546,4.399999999999999,3.0,4.399999999999999,Schematic internal layout
PS4-0413,FeedNut,PS4-0413 · Pickup drive nut and carriage link,Optical,white,1,379.6809778769454,14.0,9.0,6.0,Schematic internal layout
PS4-0414,LoadingShaft,PS4-0414 · Slot-loading roller shaft,Optical,metal,1,263.2968802973607,116.0,1.6999999999999886,1.7000000000000028,Schematic internal layout
PS4-0415,LoadingRoller0,PS4-0415 · Media intake rubber roller,Optical,rubber,1,490.37119729883057,43.0,4.400000000000006,4.399999999999999,Schematic internal layout
PS4-0416,LoadingRoller1,PS4-0416 · Media intake rubber roller001,Optical,rubber,1,490.37119729883057,43.0,4.400000000000006,4.399999999999999,Schematic internal layout
PS4-0417,LoadingBearing0,PS4-0417 · Intake roller bearing support,Optical,white,1,19.73312885536088,1.5,4.599999999999994,4.600000000000001,Schematic internal layout
PS4-0418,LoadingBearing1,PS4-0418 · Intake roller bearing support001,Optical,white,1,19.73312885536088,1.5,4.599999999999994,4.600000000000001,Schematic internal layout
PS4-0419,LoadingBearing2,PS4-0419 · Intake roller bearing support002,Optical,white,1,19.73312885536088,1.5,4.599999999999994,4.600000000000001,Schematic internal layout
PS4-0420,DrivePCB,PS4-0420 · Separate optical controller board001,Optical,pcb,1,3227.097452477723,134.0,22.0,1.1000000000000005,Published approximate body envelope; photo-estimated local geometry
PS4-0421,DriveBoardScrew0,PS4-0421 · Cross-head fastener012,Optical,metal,1,3.7885465651682875,2.4000000000000057,2.4000000000000004,2.33,Schematic internal layout
PS4-0422,DriveBoardScrew1,PS4-0422 · Cross-head fastener013,Optical,metal,1,3.788546565168288,2.4000000000000057,2.3999999999999986,2.33,Schematic internal layout
PS4-0423,DriveBoardScrew2,PS4-0423 · Cross-head fastener014,Optical,metal,1,3.788546565168291,2.4000000000000004,2.4000000000000004,2.33,Schematic internal layout
PS4-0424,DriveBoardScrew3,PS4-0424 · Cross-head fastener015,Optical,metal,1,3.788546565168291,2.4000000000000004,2.3999999999999986,2.33,Schematic internal layout
PS4-0425,OpticalControl,PS4-0425 · Optical control processor study,Optical,black,1,185.8553628179867,13.0,11.0,1.3000000000000007,Schematic internal layout
PS4-0426,MotorDriver,PS4-0426 · Optical motor driver study,Optical,black,1,145.5553628179867,14.0,8.0,1.3000000000000007,Schematic internal layout
PS4-0427,DriveLogic,PS4-0427 · Drive logic package study,Optical,black,1,83.15536281798668,8.0,8.0,1.3000000000000007,Schematic internal layout
PS4-0428,PickupFlexBody,PS4-0428 · Flat-flex connector insulating body001,Optical,white,1,57.37510618695409,16.0,3.0,1.3999999999999995,Schematic internal layout
PS4-0429,PickupFlexLatch,PS4-0429 · Flat-flex connector locking bar,Optical,black,1,6.296995574287561,15.0,1.1999999999999997,0.34999999999999964,Schematic internal layout
PS4-0430,PickupFlexPad0,PS4-0430 · Flat-flex solder pad,Optical,gold,1,0.06996566370614361,0.28000000000000114,2.5,0.09999999999999964,Schematic internal layout
PS4-0431,PickupFlexPad1,PS4-0431 · Flat-flex solder pad001,Optical,gold,1,0.06996566370614361,0.28000000000000114,2.5,0.09999999999999964,Schematic internal layout
PS4-0432,PickupFlexPad2,PS4-0432 · Flat-flex solder pad002,Optical,gold,1,0.0699656637061436,0.28000000000000114,2.5,0.09999999999999964,Schematic internal layout
PS4-0433,PickupFlexPad3,PS4-0433 · Flat-flex solder pad003,Optical,gold,1,0.0699656637061436,0.28000000000000114,2.5,0.09999999999999964,Schematic internal layout
PS4-0434,PickupFlexPad4,PS4-0434 · Flat-flex solder pad004,Optical,gold,1,0.06996566370614361,0.28000000000000114,2.5,0.09999999999999964,Schematic internal layout
PS4-0435,PickupFlexPad5,PS4-0435 · Flat-flex solder pad005,Optical,gold,1,0.06996566370614361,0.28000000000000114,2.5,0.09999999999999964,Schematic internal layout
PS4-0436,PickupFlexPad6,PS4-0436 · Flat-flex solder pad006,Optical,gold,1,0.0699656637061436,0.28000000000000114,2.5,0.09999999999999964,Schematic internal layout
PS4-0437,PickupFlexPad7,PS4-0437 · Flat-flex solder pad007,Optical,gold,1,0.0699656637061436,0.28000000000000114,2.5,0.09999999999999964,Schematic internal layout
PS4-0438,PickupFlexPad8,PS4-0438 · Flat-flex solder pad008,Optical,gold,1,0.0699656637061436,0.28000000000000114,2.5,0.09999999999999964,Schematic internal layout
PS4-0439,PickupFlexPad9,PS4-0439 · Flat-flex solder pad009,Optical,gold,1,0.06996566370614361,0.28000000000000114,2.5,0.09999999999999964,Schematic internal layout
PS4-0440,PickupFlexPad10,PS4-0440 · Flat-flex solder pad010,Optical,gold,1,0.0699656637061436,0.28000000000000114,2.5,0.09999999999999964,Schematic internal layout
PS4-0441,PickupFlexPad11,PS4-0441 · Flat-flex solder pad011,Optical,gold,1,0.06996566370614361,0.28000000000000114,2.5,0.09999999999999964,Schematic internal layout
PS4-0442,PickupFlexPad12,PS4-0442 · Flat-flex solder pad012,Optical,gold,1,0.06996566370614361,0.28000000000000114,2.5,0.09999999999999964,Schematic internal layout
PS4-0443,PickupFlexPad13,PS4-0443 · Flat-flex solder pad013,Optical,gold,1,0.06996566370614361,0.28000000000000114,2.5,0.09999999999999964,Schematic internal layout
PS4-0444,PickupFlexPad14,PS4-0444 · Flat-flex solder pad014,Optical,gold,1,0.0699656637061436,0.28000000000000114,2.5,0.09999999999999964,Schematic internal layout
PS4-0445,PickupFlexPad15,PS4-0445 · Flat-flex solder pad015,Optical,gold,1,0.0699656637061436,0.28000000000000114,2.5,0.09999999999999964,Schematic internal layout
PS4-0446,PickupFlexPad16,PS4-0446 · Flat-flex solder pad016,Optical,gold,1,0.0699656637061436,0.28000000000000114,2.5,0.09999999999999964,Schematic internal layout
PS4-0447,PickupFlexPad17,PS4-0447 · Flat-flex solder pad017,Optical,gold,1,0.0699656637061436,0.28000000000000114,2.5,0.09999999999999964,Schematic internal layout
PS4-0448,DriveMainFlexBody,PS4-0448 · Flat-flex connector insulating body003,Optical,white,1,78.3751061869541,22.0,3.0,1.3999999999999995,Schematic internal layout
PS4-0449,DriveMainFlexLatch,PS4-0449 · Flat-flex connector locking bar001,Optical,black,1,8.81699557428756,21.0,1.1999999999999997,0.34999999999999964,Schematic internal layout
PS4-0450,DriveMainFlexPad0,PS4-0450 · Flat-flex solder pad018,Optical,gold,1,0.06996566370614361,0.28000000000000114,2.5,0.09999999999999964,Schematic internal layout
PS4-0451,DriveMainFlexPad1,PS4-0451 · Flat-flex solder pad019,Optical,gold,1,0.0699656637061436,0.28000000000000114,2.5,0.09999999999999964,Schematic internal layout
PS4-0452,DriveMainFlexPad2,PS4-0452 · Flat-flex solder pad020,Optical,gold,1,0.06996566370614361,0.28000000000000114,2.5,0.09999999999999964,Schematic internal layout
PS4-0453,DriveMainFlexPad3,PS4-0453 · Flat-flex solder pad021,Optical,gold,1,0.06996566370614361,0.28000000000000114,2.5,0.09999999999999964,Schematic internal layout
PS4-0454,DriveMainFlexPad4,PS4-0454 · Flat-flex solder pad022,Optical,gold,1,0.06996566370614361,0.28000000000000114,2.5,0.09999999999999964,Schematic internal layout
PS4-0455,DriveMainFlexPad5,PS4-0455 · Flat-flex solder pad023,Optical,gold,1,0.0699656637061436,0.28000000000000114,2.5,0.09999999999999964,Schematic internal layout
PS4-0456,DriveMainFlexPad6,PS4-0456 · Flat-flex solder pad024,Optical,gold,1,0.06996566370614361,0.28000000000000114,2.5,0.09999999999999964,Schematic internal layout
PS4-0457,DriveMainFlexPad7,PS4-0457 · Flat-flex solder pad025,Optical,gold,1,0.06996566370614361,0.28000000000000114,2.5,0.09999999999999964,Schematic internal layout
PS4-0458,DriveMainFlexPad8,PS4-0458 · Flat-flex solder pad026,Optical,gold,1,0.06996566370614361,0.28000000000000114,2.5,0.09999999999999964,Schematic internal layout
PS4-0459,DriveMainFlexPad9,PS4-0459 · Flat-flex solder pad027,Optical,gold,1,0.06996566370614361,0.28000000000000114,2.5,0.09999999999999964,Schematic internal layout
PS4-0460,DriveMainFlexPad10,PS4-0460 · Flat-flex solder pad028,Optical,gold,1,0.06996566370614361,0.28000000000000114,2.5,0.09999999999999964,Schematic internal layout
PS4-0461,DriveMainFlexPad11,PS4-0461 · Flat-flex solder pad029,Optical,gold,1,0.06996566370614361,0.28000000000000114,2.5,0.09999999999999964,Schematic internal layout
PS4-0462,DriveMainFlexPad12,PS4-0462 · Flat-flex solder pad030,Optical,gold,1,0.0699656637061436,0.28000000000000114,2.5,0.09999999999999964,Schematic internal layout
PS4-0463,DriveMainFlexPad13,PS4-0463 · Flat-flex solder pad031,Optical,gold,1,0.0699656637061436,0.28000000000000114,2.5,0.09999999999999964,Schematic internal layout
PS4-0464,DriveMainFlexPad14,PS4-0464 · Flat-flex solder pad032,Optical,gold,1,0.06996566370614361,0.28000000000000114,2.5,0.09999999999999964,Schematic internal layout
PS4-0465,DriveMainFlexPad15,PS4-0465 · Flat-flex solder pad033,Optical,gold,1,0.06996566370614361,0.28000000000000114,2.5,0.09999999999999964,Schematic internal layout
PS4-0466,DriveMainFlexPad16,PS4-0466 · Flat-flex solder pad034,Optical,gold,1,0.06996566370614361,0.28000000000000114,2.5,0.09999999999999964,Schematic internal layout
PS4-0467,DriveMainFlexPad17,PS4-0467 · Flat-flex solder pad035,Optical,gold,1,0.0699656637061436,0.28000000000000114,2.5,0.09999999999999964,Schematic internal layout
PS4-0468,DriveMainFlexPad18,PS4-0468 · Flat-flex solder pad036,Optical,gold,1,0.0699656637061436,0.28000000000000114,2.5,0.09999999999999964,Schematic internal layout
PS4-0469,DriveMainFlexPad19,PS4-0469 · Flat-flex solder pad037,Optical,gold,1,0.06996566370614361,0.28000000000000114,2.5,0.09999999999999964,Schematic internal layout
PS4-0470,DriveMainFlexPad20,PS4-0470 · Flat-flex solder pad038,Optical,gold,1,0.06996566370614353,0.28000000000000025,2.5,0.09999999999999964,Schematic internal layout
PS4-0471,DriveMainFlexPad21,PS4-0471 · Flat-flex solder pad039,Optical,gold,1,0.06996566370614346,0.27999999999999936,2.5,0.09999999999999964,Schematic internal layout
PS4-0472,DriveMainFlexPad22,PS4-0472 · Flat-flex solder pad040,Optical,gold,1,0.06996566370614346,0.27999999999999936,2.5,0.09999999999999964,Schematic internal layout
PS4-0473,DriveMainFlexPad23,PS4-0473 · Flat-flex solder pad041,Optical,gold,1,0.06996566370614346,0.27999999999999936,2.5,0.09999999999999964,Schematic internal layout
PS4-0474,DrivePassive0,PS4-0474 · Optical board passive package study,Optical,metal,1,0.9147037157897864,1.8000000000000114,0.8499999999999996,0.6000000000000005,Schematic internal layout
PS4-0475,DrivePassive1,PS4-0475 · Optical board passive package study001,Optical,metal,1,0.9147037157897864,1.8000000000000114,0.8499999999999996,0.6000000000000005,Schematic internal layout
PS4-0476,DrivePassive2,PS4-0476 · Optical board passive package study002,Optical,metal,1,0.9147037157897864,1.8000000000000114,0.8499999999999996,0.6000000000000005,Schematic internal layout
PS4-0477,DrivePassive3,PS4-0477 · Optical board passive package study003,Optical,metal,1,0.9147037157897864,1.8000000000000114,0.8499999999999996,0.6000000000000005,Schematic internal layout
PS4-0478,DrivePassive4,PS4-0478 · Optical board passive package study004,Optical,metal,1,0.9147037157897863,1.8000000000000114,0.8499999999999996,0.6000000000000005,Schematic internal layout
PS4-0479,DrivePassive5,PS4-0479 · Optical board passive package study005,Optical,metal,1,0.9147037157897864,1.8000000000000114,0.8499999999999996,0.6000000000000005,Schematic internal layout
PS4-0480,DrivePassive6,PS4-0480 · Optical board passive package study006,Optical,metal,1,0.9147037157897864,1.8000000000000114,0.8499999999999996,0.6000000000000005,Schematic internal layout
PS4-0481,DrivePassive7,PS4-0481 · Optical board passive package study007,Optical,metal,1,0.9147037157897864,1.8000000000000114,0.8499999999999996,0.6000000000000005,Schematic internal layout
PS4-0482,DriveFilter0,PS4-0482 · Optical board filter capacitor,Optical,metal,1,19.085175370557987,3.0,3.0,2.7,Schematic internal layout
PS4-0483,DriveFilter1,PS4-0483 · Optical board filter capacitor001,Optical,metal,1,19.085175370557987,3.0,3.0,2.7,Schematic internal layout
PS4-0484,DriveFilter2,PS4-0484 · Optical board filter capacitor002,Optical,metal,1,19.085175370557987,3.0,3.0,2.7,Schematic internal layout
PS4-0485,MainOpticalFlexBody,PS4-0485 · Flat-flex connector insulating body005,Mainboard,white,1,78.37510618695407,22.0,3.0,1.3999999999999986,Schematic internal layout
PS4-0486,MainOpticalFlexLatch,PS4-0486 · Flat-flex connector locking bar002,Mainboard,black,1,8.816995574287583,21.0,1.2000000000000028,0.3500000000000014,Schematic internal layout
PS4-0487,MainOpticalFlexPad0,PS4-0487 · Flat-flex solder pad042,Mainboard,gold,1,0.06996566370614403,0.28000000000000114,2.5,0.10000000000000142,Schematic internal layout
PS4-0488,MainOpticalFlexPad1,PS4-0488 · Flat-flex solder pad043,Mainboard,gold,1,0.06996566370614402,0.28000000000000114,2.5,0.10000000000000142,Schematic internal layout
PS4-0489,MainOpticalFlexPad2,PS4-0489 · Flat-flex solder pad044,Mainboard,gold,1,0.06996566370614403,0.28000000000000114,2.5,0.10000000000000142,Schematic internal layout
PS4-0490,MainOpticalFlexPad3,PS4-0490 · Flat-flex solder pad045,Mainboard,gold,1,0.06996566370614403,0.28000000000000114,2.5,0.10000000000000142,Schematic internal layout
PS4-0491,MainOpticalFlexPad4,PS4-0491 · Flat-flex solder pad046,Mainboard,gold,1,0.06996566370614403,0.28000000000000114,2.5,0.10000000000000142,Schematic internal layout
PS4-0492,MainOpticalFlexPad5,PS4-0492 · Flat-flex solder pad047,Mainboard,gold,1,0.06996566370614402,0.28000000000000114,2.5,0.10000000000000142,Schematic internal layout
PS4-0493,MainOpticalFlexPad6,PS4-0493 · Flat-flex solder pad048,Mainboard,gold,1,0.06996566370614403,0.28000000000000114,2.5,0.10000000000000142,Schematic internal layout
PS4-0494,MainOpticalFlexPad7,PS4-0494 · Flat-flex solder pad049,Mainboard,gold,1,0.06996566370614403,0.28000000000000114,2.5,0.10000000000000142,Schematic internal layout
PS4-0495,MainOpticalFlexPad8,PS4-0495 · Flat-flex solder pad050,Mainboard,gold,1,0.06996566370614403,0.28000000000000114,2.5,0.10000000000000142,Schematic internal layout
PS4-0496,MainOpticalFlexPad9,PS4-0496 · Flat-flex solder pad051,Mainboard,gold,1,0.06996566370614403,0.28000000000000114,2.5,0.10000000000000142,Schematic internal layout
PS4-0497,MainOpticalFlexPad10,PS4-0497 · Flat-flex solder pad052,Mainboard,gold,1,0.06996566370614403,0.28000000000000114,2.5,0.10000000000000142,Schematic internal layout
PS4-0498,MainOpticalFlexPad11,PS4-0498 · Flat-flex solder pad053,Mainboard,gold,1,0.06996566370614403,0.28000000000000114,2.5,0.10000000000000142,Schematic internal layout
PS4-0499,MainOpticalFlexPad12,PS4-0499 · Flat-flex solder pad054,Mainboard,gold,1,0.06996566370614403,0.28000000000000114,2.5,0.10000000000000142,Schematic internal layout
PS4-0500,MainOpticalFlexPad13,PS4-0500 · Flat-flex solder pad055,Mainboard,gold,1,0.06996566370614402,0.28000000000000114,2.5,0.10000000000000142,Schematic internal layout
PS4-0501,MainOpticalFlexPad14,PS4-0501 · Flat-flex solder pad056,Mainboard,gold,1,0.06996566370614403,0.28000000000000114,2.5,0.10000000000000142,Schematic internal layout
PS4-0502,MainOpticalFlexPad15,PS4-0502 · Flat-flex solder pad057,Mainboard,gold,1,0.06996566370614403,0.28000000000000114,2.5,0.10000000000000142,Schematic internal layout
PS4-0503,MainOpticalFlexPad16,PS4-0503 · Flat-flex solder pad058,Mainboard,gold,1,0.06996566370614403,0.28000000000000114,2.5,0.10000000000000142,Schematic internal layout
PS4-0504,MainOpticalFlexPad17,PS4-0504 · Flat-flex solder pad059,Mainboard,gold,1,0.06996566370614403,0.28000000000000114,2.5,0.10000000000000142,Schematic internal layout
PS4-0505,MainOpticalFlexPad18,PS4-0505 · Flat-flex solder pad060,Mainboard,gold,1,0.06996566370614402,0.28000000000000114,2.5,0.10000000000000142,Schematic internal layout
PS4-0506,MainOpticalFlexPad19,PS4-0506 · Flat-flex solder pad061,Mainboard,gold,1,0.06996566370614403,0.28000000000000114,2.5,0.10000000000000142,Schematic internal layout
PS4-0507,MainOpticalFlexPad20,PS4-0507 · Flat-flex solder pad062,Mainboard,gold,1,0.06996566370614395,0.28000000000000025,2.5,0.10000000000000142,Schematic internal layout
PS4-0508,MainOpticalFlexPad21,PS4-0508 · Flat-flex solder pad063,Mainboard,gold,1,0.06996566370614388,0.27999999999999936,2.5,0.10000000000000142,Schematic internal layout
PS4-0509,MainOpticalFlexPad22,PS4-0509 · Flat-flex solder pad064,Mainboard,gold,1,0.06996566370614388,0.27999999999999936,2.5,0.10000000000000142,Schematic internal layout
PS4-0510,MainOpticalFlexPad23,PS4-0510 · Flat-flex solder pad065,Mainboard,gold,1,0.06996566370614388,0.27999999999999936,2.5,0.10000000000000142,Schematic internal layout
PS4-0511,PickupEndFlexBody,PS4-0511 · Flat-flex connector insulating body007,Optical,white,1,50.37510618695412,14.0,3.0,1.3999999999999986,Schematic internal layout
PS4-0512,PickupEndFlexLatch,PS4-0512 · Flat-flex connector locking bar003,Optical,black,1,5.456995574287554,13.0,1.1999999999999886,0.3500000000000014,Schematic internal layout
PS4-0513,PickupEndFlexPad0,PS4-0513 · Flat-flex solder pad066,Optical,gold,1,0.069965663706144,0.28000000000000114,2.5,0.10000000000000142,Schematic internal layout
PS4-0514,PickupEndFlexPad1,PS4-0514 · Flat-flex solder pad067,Optical,gold,1,0.06996566370614402,0.28000000000000114,2.5,0.10000000000000142,Schematic internal layout
PS4-0515,PickupEndFlexPad2,PS4-0515 · Flat-flex solder pad068,Optical,gold,1,0.06996566370614402,0.28000000000000114,2.5,0.10000000000000142,Schematic internal layout
PS4-0516,PickupEndFlexPad3,PS4-0516 · Flat-flex solder pad069,Optical,gold,1,0.06996566370614402,0.28000000000000114,2.5,0.10000000000000142,Schematic internal layout
PS4-0517,PickupEndFlexPad4,PS4-0517 · Flat-flex solder pad070,Optical,gold,1,0.06996566370614402,0.28000000000000114,2.5,0.10000000000000142,Schematic internal layout
PS4-0518,PickupEndFlexPad5,PS4-0518 · Flat-flex solder pad071,Optical,gold,1,0.069965663706144,0.28000000000000114,2.5,0.10000000000000142,Schematic internal layout
PS4-0519,PickupEndFlexPad6,PS4-0519 · Flat-flex solder pad072,Optical,gold,1,0.06996566370614402,0.28000000000000114,2.5,0.10000000000000142,Schematic internal layout
PS4-0520,PickupEndFlexPad7,PS4-0520 · Flat-flex solder pad073,Optical,gold,1,0.06996566370614402,0.28000000000000114,2.5,0.10000000000000142,Schematic internal layout
PS4-0521,PickupEndFlexPad8,PS4-0521 · Flat-flex solder pad074,Optical,gold,1,0.06996566370614402,0.28000000000000114,2.5,0.10000000000000142,Schematic internal layout
PS4-0522,PickupEndFlexPad9,PS4-0522 · Flat-flex solder pad075,Optical,gold,1,0.06996566370614402,0.28000000000000114,2.5,0.10000000000000142,Schematic internal layout
PS4-0523,PickupEndFlexPad10,PS4-0523 · Flat-flex solder pad076,Optical,gold,1,0.06996566370614402,0.28000000000000114,2.5,0.10000000000000142,Schematic internal layout
PS4-0524,PickupEndFlexPad11,PS4-0524 · Flat-flex solder pad077,Optical,gold,1,0.06996566370614402,0.28000000000000114,2.5,0.10000000000000142,Schematic internal layout
PS4-0525,PickupEndFlexPad12,PS4-0525 · Flat-flex solder pad078,Optical,gold,1,0.06996566370614402,0.28000000000000114,2.5,0.10000000000000142,Schematic internal layout
PS4-0526,PickupEndFlexPad13,PS4-0526 · Flat-flex solder pad079,Optical,gold,1,0.06996566370614402,0.28000000000000114,2.5,0.10000000000000142,Schematic internal layout
PS4-0527,PickupEndFlexPad14,PS4-0527 · Flat-flex solder pad080,Optical,gold,1,0.06996566370614402,0.28000000000000114,2.5,0.10000000000000142,Schematic internal layout
PS4-0528,PickupEndFlexPad15,PS4-0528 · Flat-flex solder pad081,Optical,gold,1,0.06996566370614402,0.28000000000000114,2.5,0.10000000000000142,Schematic internal layout
PS4-0529,PickupEndFlexPad16,PS4-0529 · Flat-flex solder pad082,Optical,gold,1,0.06996566370614402,0.28000000000000114,2.5,0.10000000000000142,Schematic internal layout
PS4-0530,PickupEndFlexPad17,PS4-0530 · Flat-flex solder pad083,Optical,gold,1,0.06996566370614402,0.28000000000000114,2.5,0.10000000000000142,Schematic internal layout
PS4-0531,OpticalMainRibbon,PS4-0531 · Optical drive to mainboard routed ribbon study,Wiring,white,1,139.95520235239573,18.8000002,28.760000200000004,28.670000200000004,Schematic internal layout
PS4-0532,PickupRibbon,PS4-0532 · Optical head flexible cable study,Wiring,flex,1,181.17835103831584,11.200000200000005,105.62000019999999,13.770000200000004,Schematic internal layout
PS4-0533,FanHeader,PS4-0533 · Three-position blower connector study,Mainboard,white,1,61.48292097020758,4.0,5.0,3.5,Schematic internal layout
PS4-0534,FanContact0,PS4-0534 · Blower header terminal sleeve,Mainboard,metal,1,0.8127928513367524,0.8000000000000114,0.7999999999999972,2.799999999999997,Schematic internal layout
PS4-0535,FanLead0,PS4-0535 · Routed blower lead,Wiring,black,1,11.586953443121272,39.2300001,0.4600001999999961,31.230000099999998,Schematic internal layout
PS4-0536,FanContact1,PS4-0536 · Blower header terminal sleeve001,Mainboard,metal,1,0.8127928513367524,0.8000000000000114,0.7999999999999972,2.799999999999997,Schematic internal layout
PS4-0537,FanLead1,PS4-0537 · Routed blower lead001,Wiring,red,1,11.586953443121272,39.2300001,0.4600001999999961,31.230000099999998,Schematic internal layout
PS4-0538,FanContact2,PS4-0538 · Blower header terminal sleeve002,Mainboard,metal,1,0.8127928513367524,0.8000000000000114,0.7999999999999972,2.799999999999997,Schematic internal layout
PS4-0539,FanLead2,PS4-0539 · Routed blower lead002,Wiring,white,1,11.586953443121272,39.2300001,0.4600001999999961,31.230000099999998,Schematic internal layout
PS4-0540,SpindleHeader,PS4-0540 · Two-position optical motor connector study,Optical,white,1,33.59712419124739,5.0,3.0,2.5,Schematic internal layout
PS4-0541,SpindleTerminal0,PS4-0541 · Optical motor connector contact,Optical,metal,1,0.5805663223833943,0.8000000000000114,2.0,0.8000000000000007,Schematic internal layout
PS4-0542,SpindleLead0,PS4-0542 · Routed optical spindle motor lead,Wiring,black,1,8.604033476639975,0.95974282347035,51.274750217573455,3.8477859718676513,Schematic internal layout
PS4-0543,SpindleTerminal1,PS4-0543 · Optical motor connector contact001,Optical,metal,1,0.5805663223833943,0.8000000000000114,2.0,0.8000000000000007,Schematic internal layout
PS4-0544,SpindleLead1,PS4-0544 · Routed optical spindle motor lead001,Wiring,red,1,8.604033476639975,0.95974282347035,51.274750217573455,3.8477859718676513,Schematic internal layout
PS4-0545,FeedHeader,PS4-0545 · Two-position optical motor connector study001,Optical,white,1,33.597124191247374,5.0,3.0,2.5,Schematic internal layout
PS4-0546,FeedTerminal0,PS4-0546 · Optical motor connector contact002,Optical,metal,1,0.5805663223833937,0.7999999999999972,2.0,0.8000000000000007,Schematic internal layout
PS4-0547,FeedLead0,PS4-0547 · Routed optical feed motor lead,Wiring,black,1,17.275082773118765,1.9577439146675033,100.37438146033718,9.783375003981607,Schematic internal layout
PS4-0548,FeedTerminal1,PS4-0548 · Optical motor connector contact003,Optical,metal,1,0.5805663223833937,0.7999999999999972,2.0,0.8000000000000007,Schematic internal layout
PS4-0549,FeedLead1,PS4-0549 · Routed optical feed motor lead001,Wiring,red,1,17.275082773118765,1.9577439146675033,100.37438146033718,9.783375003981607,Schematic internal layout
PS4-0550,DCBus0,PS4-0550 · Power-to-mainboard bus bar study,Power,copper,1,93.64633394535062,3.0,1.5,20.9,Schematic internal layout
PS4-0551,DCGuide0,PS4-0551 · Mainboard power bus insulating guide,Mainboard,black,1,45.34977871437822,5.0,4.0,3.5,Schematic internal layout
PS4-0552,DCBus1,PS4-0552 · Power-to-mainboard bus bar study001,Power,copper,1,93.64633394535062,3.0,1.5,20.9,Schematic internal layout
PS4-0553,DCGuide1,PS4-0553 · Mainboard power bus insulating guide001,Mainboard,black,1,45.3497787143782,5.0,4.0,3.5,Schematic internal layout
PS4-0554,HDDBayRail,PS4-0554 · Hard-drive bay retaining support rail004,Frame,metal,1,323.4405928947449,85.0,10.0,0.6000000000000014,Published approximate body envelope; photo-estimated local geometry
PS4-0555,HDDRetainerPost,PS4-0555 · Drive tray anchor spacer,Frame,metal,1,90.29879764213145,5.0,5.0,5.200000000000003,Schematic internal layout
PS4-0556,HDDRetainerScrew,PS4-0556 · Cross-head fastener016,Storage,metal,1,8.25167273058075,3.0,3.0,5.329999999999998,Schematic internal layout
PS4-0557,SATAHostDataContact0,PS4-0557 · SATA host contact and board leg,Mainboard,gold,1,1.2842999999999787,0.29999999999999716,13.5,8.989999999999995,Schematic internal layout
PS4-0558,SATAHostDataPad0,PS4-0558 · SATA motherboard solder pad,Mainboard,gold,1,0.04218132741228651,0.6500000000000057,1.3000000000000007,0.04999999999999716,Schematic internal layout
PS4-0559,SATAHostDataContact1,PS4-0559 · SATA host contact and board leg001,Mainboard,gold,1,1.2842999999999787,0.29999999999999716,13.5,8.989999999999995,Schematic internal layout
PS4-0560,SATAHostDataPad1,PS4-0560 · SATA motherboard solder pad001,Mainboard,gold,1,0.04218132741228651,0.6500000000000057,1.3000000000000007,0.04999999999999716,Schematic internal layout
PS4-0561,SATAHostDataContact2,PS4-0561 · SATA host contact and board leg002,Mainboard,gold,1,1.2842999999999787,0.29999999999999716,13.5,8.989999999999995,Schematic internal layout
PS4-0562,SATAHostDataPad2,PS4-0562 · SATA motherboard solder pad002,Mainboard,gold,1,0.04218132741228651,0.6500000000000057,1.3000000000000007,0.04999999999999716,Schematic internal layout
PS4-0563,SATAHostDataContact3,PS4-0563 · SATA host contact and board leg003,Mainboard,gold,1,1.2842999999999787,0.29999999999999716,13.5,8.989999999999995,Schematic internal layout
PS4-0564,SATAHostDataPad3,PS4-0564 · SATA motherboard solder pad003,Mainboard,gold,1,0.04218132741228651,0.6500000000000057,1.3000000000000007,0.04999999999999716,Schematic internal layout
PS4-0565,SATAHostDataContact4,PS4-0565 · SATA host contact and board leg004,Mainboard,gold,1,1.2842999999999787,0.29999999999999716,13.5,8.989999999999995,Schematic internal layout
PS4-0566,SATAHostDataPad4,PS4-0566 · SATA motherboard solder pad004,Mainboard,gold,1,0.04218132741228651,0.6500000000000057,1.3000000000000007,0.04999999999999716,Schematic internal layout
PS4-0567,SATAHostDataContact5,PS4-0567 · SATA host contact and board leg005,Mainboard,gold,1,1.2842999999999787,0.29999999999999716,13.5,8.989999999999995,Schematic internal layout
PS4-0568,SATAHostDataPad5,PS4-0568 · SATA motherboard solder pad005,Mainboard,gold,1,0.04218132741228651,0.6500000000000057,1.3000000000000007,0.04999999999999716,Schematic internal layout
PS4-0569,SATAHostDataContact6,PS4-0569 · SATA host contact and board leg006,Mainboard,gold,1,1.2842999999999787,0.29999999999999716,13.5,8.989999999999995,Schematic internal layout
PS4-0570,SATAHostDataPad6,PS4-0570 · SATA motherboard solder pad006,Mainboard,gold,1,0.04218132741228651,0.6500000000000057,1.3000000000000007,0.04999999999999716,Schematic internal layout
PS4-0571,SATAHostDataBody,PS4-0571 · SATA host keyed socket study,Mainboard,black,1,355.9785086404137,16.5,8.0,5.299999999999997,Schematic internal layout
PS4-0572,SATAHostPowerContact0,PS4-0572 · SATA host contact and board leg007,Mainboard,gold,1,1.2842999999999782,0.29999999999999716,13.5,8.989999999999995,Schematic internal layout
PS4-0573,SATAHostPowerPad0,PS4-0573 · SATA motherboard solder pad007,Mainboard,gold,1,0.04218132741228651,0.6500000000000057,1.3000000000000007,0.04999999999999716,Schematic internal layout
PS4-0574,SATAHostPowerContact1,PS4-0574 · SATA host contact and board leg008,Mainboard,gold,1,1.2842999999999782,0.29999999999999716,13.5,8.989999999999995,Schematic internal layout
PS4-0575,SATAHostPowerPad1,PS4-0575 · SATA motherboard solder pad008,Mainboard,gold,1,0.042181327412286515,0.6500000000000057,1.3000000000000007,0.04999999999999716,Schematic internal layout
PS4-0576,SATAHostPowerContact2,PS4-0576 · SATA host contact and board leg009,Mainboard,gold,1,1.2842999999999782,0.29999999999999716,13.5,8.989999999999995,Schematic internal layout
PS4-0577,SATAHostPowerPad2,PS4-0577 · SATA motherboard solder pad009,Mainboard,gold,1,0.042181327412286515,0.6500000000000057,1.3000000000000007,0.04999999999999716,Schematic internal layout
PS4-0578,SATAHostPowerContact3,PS4-0578 · SATA host contact and board leg010,Mainboard,gold,1,1.2842999999999782,0.29999999999999716,13.5,8.989999999999995,Schematic internal layout
PS4-0579,SATAHostPowerPad3,PS4-0579 · SATA motherboard solder pad010,Mainboard,gold,1,0.042181327412286515,0.6500000000000057,1.3000000000000007,0.04999999999999716,Schematic internal layout
PS4-0580,SATAHostPowerContact4,PS4-0580 · SATA host contact and board leg011,Mainboard,gold,1,1.2842999999999782,0.29999999999999716,13.5,8.989999999999995,Schematic internal layout
PS4-0581,SATAHostPowerPad4,PS4-0581 · SATA motherboard solder pad011,Mainboard,gold,1,0.042181327412286515,0.6500000000000057,1.3000000000000007,0.04999999999999716,Schematic internal layout
PS4-0582,SATAHostPowerContact5,PS4-0582 · SATA host contact and board leg012,Mainboard,gold,1,1.2842999999999787,0.29999999999999716,13.5,8.989999999999995,Schematic internal layout
PS4-0583,SATAHostPowerPad5,PS4-0583 · SATA motherboard solder pad012,Mainboard,gold,1,0.042181327412286515,0.6500000000000057,1.3000000000000007,0.04999999999999716,Schematic internal layout
PS4-0584,SATAHostPowerContact6,PS4-0584 · SATA host contact and board leg013,Mainboard,gold,1,1.2842999999999787,0.29999999999999716,13.5,8.989999999999995,Schematic internal layout
PS4-0585,SATAHostPowerPad6,PS4-0585 · SATA motherboard solder pad013,Mainboard,gold,1,0.042181327412286515,0.6500000000000057,1.3000000000000007,0.04999999999999716,Schematic internal layout
PS4-0586,SATAHostPowerContact7,PS4-0586 · SATA host contact and board leg014,Mainboard,gold,1,1.2842999999999782,0.29999999999999716,13.5,8.989999999999995,Schematic internal layout
PS4-0587,SATAHostPowerPad7,PS4-0587 · SATA motherboard solder pad014,Mainboard,gold,1,0.042181327412286515,0.6500000000000057,1.3000000000000007,0.04999999999999716,Schematic internal layout
PS4-0588,SATAHostPowerContact8,PS4-0588 · SATA host contact and board leg015,Mainboard,gold,1,1.2842999999999787,0.29999999999999716,13.5,8.989999999999995,Schematic internal layout
PS4-0589,SATAHostPowerPad8,PS4-0589 · SATA motherboard solder pad015,Mainboard,gold,1,0.042181327412286515,0.6500000000000057,1.3000000000000007,0.04999999999999716,Schematic internal layout
PS4-0590,SATAHostPowerContact9,PS4-0590 · SATA host contact and board leg016,Mainboard,gold,1,1.2842999999999782,0.29999999999999716,13.5,8.989999999999995,Schematic internal layout
PS4-0591,SATAHostPowerPad9,PS4-0591 · SATA motherboard solder pad016,Mainboard,gold,1,0.042181327412286515,0.6500000000000057,1.3000000000000007,0.04999999999999716,Schematic internal layout
PS4-0592,SATAHostPowerContact10,PS4-0592 · SATA host contact and board leg017,Mainboard,gold,1,1.2842999999999782,0.29999999999999716,13.5,8.989999999999995,Schematic internal layout
PS4-0593,SATAHostPowerPad10,PS4-0593 · SATA motherboard solder pad017,Mainboard,gold,1,0.042181327412286515,0.6500000000000057,1.3000000000000007,0.04999999999999716,Schematic internal layout
PS4-0594,SATAHostPowerContact11,PS4-0594 · SATA host contact and board leg018,Mainboard,gold,1,1.2842999999999782,0.29999999999999716,13.5,8.989999999999995,Schematic internal layout
PS4-0595,SATAHostPowerPad11,PS4-0595 · SATA motherboard solder pad018,Mainboard,gold,1,0.042181327412286515,0.6500000000000057,1.3000000000000007,0.04999999999999716,Schematic internal layout
PS4-0596,SATAHostPowerContact12,PS4-0596 · SATA host contact and board leg019,Mainboard,gold,1,1.2842999999999782,0.29999999999999716,13.5,8.989999999999995,Schematic internal layout
PS4-0597,SATAHostPowerPad12,PS4-0597 · SATA motherboard solder pad019,Mainboard,gold,1,0.042181327412286515,0.6500000000000057,1.3000000000000007,0.04999999999999716,Schematic internal layout
PS4-0598,SATAHostPowerContact13,PS4-0598 · SATA host contact and board leg020,Mainboard,gold,1,1.2842999999999782,0.29999999999999716,13.5,8.989999999999995,Schematic internal layout
PS4-0599,SATAHostPowerPad13,PS4-0599 · SATA motherboard solder pad020,Mainboard,gold,1,0.04218132741228651,0.6500000000000057,1.3000000000000007,0.04999999999999716,Schematic internal layout
PS4-0600,SATAHostPowerContact14,PS4-0600 · SATA host contact and board leg021,Mainboard,gold,1,1.2842999999999782,0.29999999999999716,13.5,8.989999999999995,Schematic internal layout
PS4-0601,SATAHostPowerPad14,PS4-0601 · SATA motherboard solder pad021,Mainboard,gold,1,0.042181327412286515,0.6500000000000057,1.3000000000000007,0.04999999999999716,Schematic internal layout
PS4-0602,SATAHostPowerBody,PS4-0602 · SATA host keyed socket study001,Mainboard,black,1,566.7025086404124,27.5,8.0,5.299999999999997,Schematic internal layout
PS4-0603,RearSecurityScrew0,PS4-0603 · Six-lobe security rear case screw study,Body,metal,1,17.84250781639857,3.8000000000000114,6.300000000000011,3.8000000000000007,Schematic internal layout
PS4-0604,RearSecurityScrew1,PS4-0604 · Six-lobe security rear case screw study001,Body,metal,1,17.842507816398566,3.8,6.300000000000011,3.8000000000000007,Schematic internal layout
PS4-0605,RearSecurityScrew2,PS4-0605 · Six-lobe security rear case screw study002,Body,metal,1,17.842507816398566,3.8000000000000114,6.300000000000011,3.8000000000000007,Schematic internal layout
PS4-0606,RearSecurityScrew3,PS4-0606 · Six-lobe security rear case screw study003,Body,metal,1,17.842507816398566,3.799999999999997,6.300000000000011,3.799999999999997,Schematic internal layout
PS4-0607,BottomStudyLabel,PS4-0607 · Original-family study identification,Body,black,1,109.9610721180116,94.0,26.0,0.04499999999999993,Published approximate body envelope; photo-estimated local geometry
PS4-0608,BottomModelMark,PS4-0608 · CUH-1000A / CAD STUDY,Body,white,18,0.3046427427255529,32.11912761677852,2.1476511067114092,0.018000200000000133,Published approximate body envelope; photo-estimated local geometry
PS4-0609,BottomStudyMark,PS4-0609 · OPEN CONSOLE CAD,Body,white,14,0.2253743046605447,23.8580790590604,1.754094159731542,0.018000200000000133,Published approximate body envelope; photo-estimated local geometry
PS4-0610,DS4Back,PS4-0610 · DS4Back012,Controller,ps4matte,1,38014.85546762244,162.35999949099175,97.35968560227403,21.000000221793048,Published approximate body envelope; photo-estimated local geometry
PS4-0611,DS4Front,PS4-0611 · DS4Front028,Controller,ps4matte,1,31726.679018840507,162.04024709326077,96.38004735865121,34.0000001,Published approximate body envelope; photo-estimated local geometry
PS4-0612,DS4DPad,PS4-0612 · Four-key linked directional rocker,Controller,black,1,1434.9195349028091,28.60000000000001,28.600000000000023,6.199999999999996,Published approximate body envelope; photo-estimated local geometry
PS4-0613,DS4ButtonTriangle,PS4-0613 · Triangle action button with retaining flange,Controller,black,1,448.4804154577005,12.299999999999997,12.300000000000011,5.499999999999993,Published approximate body envelope; photo-estimated local geometry
PS4-0614,DS4SymbolTriangle,PS4-0614 · Triangle face-button symbol,Controller,ds4green,1,0.14522500000000554,5.599999999999994,5.099999999999994,0.02499999999999858,Published approximate body envelope; photo-estimated local geometry
PS4-0615,DS4ButtonCircle,PS4-0615 · Circle action button with retaining flange,Controller,black,1,448.4804154577005,12.300000000000004,12.300000000000011,5.499999999999993,Published approximate body envelope; photo-estimated local geometry
PS4-0616,DS4SymbolCircle,PS4-0616 · Circle face-button symbol,Controller,ds4red,1,0.17592918860104523,6.0,6.0,0.02499999999999858,Published approximate body envelope; photo-estimated local geometry
PS4-0617,DS4ButtonCross,PS4-0617 · Cross action button with retaining flange,Controller,black,1,448.4804154577005,12.299999999999997,12.300000000000011,5.499999999999993,Published approximate body envelope; photo-estimated local geometry
PS4-0618,DS4SymbolCross,PS4-0618 · Cross face-button symbol,Controller,ds4cyan,1,0.14243548667764352,5.197026688919408,5.197026688919436,0.02499999999999858,Published approximate body envelope; photo-estimated local geometry
PS4-0619,DS4ButtonSquare,PS4-0619 · Square action button with retaining flange,Controller,black,1,448.4804154577005,12.299999999999997,12.300000000000011,5.499999999999993,Published approximate body envelope; photo-estimated local geometry
PS4-0620,DS4SymbolSquare,PS4-0620 · Square face-button symbol,Controller,ds4pink,1,0.20789699111844906,5.599999999999994,5.600000000000023,0.02499999999999858,Published approximate body envelope; photo-estimated local geometry
PS4-0621,DS4Touchpad,PS4-0621 · Original opaque capacitive touchpad cover,Controller,black,1,3824.1061900891173,57.4,30.400000000000034,2.200000000000003,Published approximate body envelope; photo-estimated local geometry
PS4-0622,DS4TouchPCB,PS4-0622 · Native touch-sensing circuit plate,Controller,pcb,1,962.6531321383432,53.0,26.0,0.7000000000000028,Published approximate body envelope; photo-estimated local geometry
PS4-0623,DS4Share,PS4-0623 · SHARE slim key,Controller,black,1,90.43291031012158,2.799999999999997,9.100000000000023,3.700000000000003,Published approximate body envelope; photo-estimated local geometry
PS4-0624,DS4Options,PS4-0624 · OPTIONS slim key,Controller,black,1,90.43291031012158,2.799999999999997,9.100000000000023,3.700000000000003,Published approximate body envelope; photo-estimated local geometry
PS4-0625,DS4PSButton,PS4-0625 · Central system button,Controller,black,1,254.4690049407733,9.0,9.0,4.0,Published approximate body envelope; photo-estimated local geometry
PS4-0626,DS4PSMark,PS4-0626 · PS,Controller,white,2,0.03998104507408917,2.930751038926174,2.0464431530201352,0.01800020000000302,Published approximate body envelope; photo-estimated local geometry
PS4-0627,DS4StickDome0,PS4-0627 · Analogue stick dome and keyed shaft study002,Controller,black,1,3069.3213617915108,22.400000000000002,22.399999999999977,17.800000000000004,Published approximate body envelope; photo-estimated local geometry
PS4-0628,DS4StickCap0,PS4-0628 · Concave rubber analogue thumb cap,Controller,ds4rubber,1,1156.1605507937065,21.0,21.0,3.5,Published approximate body envelope; photo-estimated local geometry
PS4-0629,DS4StickDome1,PS4-0629 · Analogue stick dome and keyed shaft study003,Controller,black,1,3069.321361791511,22.400000000000002,22.399999999999977,17.800000000000004,Published approximate body envelope; photo-estimated local geometry
PS4-0630,DS4StickCap1,PS4-0630 · Concave rubber analogue thumb cap001,Controller,ds4rubber,1,1156.1605507937065,21.0,21.0,3.5,Published approximate body envelope; photo-estimated local geometry
PS4-0631,DS4PCB,PS4-0631 · Native first-generation JDM-001 layout study017,Controller,ds4pcb,1,5993.752724418543,129.0,67.5,1.0,Published approximate body envelope; photo-estimated local geometry
PS4-0632,DS4MCU,PS4-0632 · MCU package study,Controller,black,1,80.98068583470577,9.0,9.0,1.0,Schematic internal layout
PS4-0633,DS4Wireless,PS4-0633 · Wireless package study,Controller,black,1,48.98068583470577,7.0,7.0,1.0,Schematic internal layout
PS4-0634,DS4Motion,PS4-0634 · Motion package study,Controller,black,1,24.980685834705767,5.0,5.0,1.0,Schematic internal layout
PS4-0635,DS4Audio,PS4-0635 · Audio package study,Controller,black,1,19.980685834705767,5.0,4.0,1.0,Schematic internal layout
PS4-0636,DS4MotorDriver,PS4-0636 · MotorDriver package study,Controller,black,1,24.980685834705767,5.0,5.0,1.0,Schematic internal layout
PS4-0637,DS4Bypass0,PS4-0637 · Controller bypass capacitor study,Controller,metal,1,1.0494290254389245,1.7999999999999972,0.9000000000000341,0.6499999999999986,Schematic internal layout
PS4-0638,DS4Bypass1,PS4-0638 · Controller bypass capacitor study001,Controller,metal,1,1.0494290254389245,1.7999999999999972,0.9000000000000341,0.6499999999999986,Schematic internal layout
PS4-0639,DS4Bypass2,PS4-0639 · Controller bypass capacitor study002,Controller,metal,1,1.0494290254389242,1.7999999999999972,0.9000000000000341,0.6499999999999986,Schematic internal layout
PS4-0640,DS4Bypass3,PS4-0640 · Controller bypass capacitor study003,Controller,metal,1,1.0494290254389242,1.7999999999999972,0.9000000000000341,0.6499999999999986,Schematic internal layout
PS4-0641,DS4Bypass4,PS4-0641 · Controller bypass capacitor study004,Controller,metal,1,1.0494290254389242,1.7999999999999972,0.9000000000000341,0.6499999999999986,Schematic internal layout
PS4-0642,DS4Bypass5,PS4-0642 · Controller bypass capacitor study005,Controller,metal,1,1.0494290254389242,1.7999999999999972,0.9000000000000341,0.6499999999999986,Schematic internal layout
PS4-0643,DS4Bypass6,PS4-0643 · Controller bypass capacitor study006,Controller,metal,1,1.0494290254389245,1.7999999999999972,0.9000000000000341,0.6499999999999986,Schematic internal layout
PS4-0644,DS4Bypass7,PS4-0644 · Controller bypass capacitor study007,Controller,metal,1,1.0494290254389245,1.7999999999999972,0.9000000000000341,0.6499999999999986,Schematic internal layout
PS4-0645,DS4Crystal,PS4-0645 · Controller oscillator package study,Controller,metal,1,7.460530964914896,3.6000000000000005,2.6000000000000227,0.8000000000000007,Schematic internal layout
PS4-0646,DS4Joy0Base,PS4-0646 · Joystick insulating base001,Controller,black,1,355.32338020171255,16.000000000002665,16.000000000000284,1.4000000000000021,Schematic internal layout
PS4-0647,DS4Joy0Frame,"PS4-0647 · Stamped joystick cage, cap and board legs",Controller,metal,1,332.5511471693606,17.5,17.5,9.150000000000002,Schematic internal layout
PS4-0648,DS4Joy0OuterGimbal,PS4-0648 · X-axis gimbal and potentiometer axle,Controller,ctrlcream,1,111.9526396667824,18.950000000000003,11.0,2.0000000000000178,Schematic internal layout
PS4-0649,DS4Joy0InnerGimbal,PS4-0649 · Y-axis gimbal and potentiometer axle,Controller,ctrlcream,2,66.52528555551373,9.5,18.25,1.5000000000014957,Schematic internal layout
PS4-0650,DS4Joy0Shaft,"PS4-0650 · Joystick pivot ball, cross pin and cap shaft",Controller,metal,1,124.94340075018228,9.200000200000002,4.399999999999977,11.250000000000004,Schematic internal layout
PS4-0651,DS4Joy0ClickSpring,PS4-0651 · Joystick push-click return spring study,Controller,metal,1,1.0265164277205236,2.6400207688995643,2.6400270209549603,2.0392438813160787,Schematic internal layout
PS4-0652,DS4Joy0ClickSwitch,PS4-0652 · L3/R3 click switch body,Controller,black,1,13.384115008234623,3.0,3.0,1.5,Schematic internal layout
PS4-0653,DS4Joy0ClickActuator,PS4-0653 · L3/R3 switch actuator,Controller,black,1,0.8042477193189852,1.5999999999999979,1.6000000000000227,0.3999999999999986,Schematic internal layout
PS4-0654,DS4Joy0ClickLever,PS4-0654 · Joystick click transfer lever,Controller,metal,1,1.4375277868423542,6.0,1.2000000000000455,0.1999999999999993,Schematic internal layout
PS4-0655,DS4Joy0ClickPin0,PS4-0655 · Click-switch board terminal,Controller,metal,1,0.39584067435230963,0.4000000000000057,0.39999999999997726,3.1499999999999986,Schematic internal layout
PS4-0656,DS4Joy0ClickPin1,PS4-0656 · Click-switch board terminal001,Controller,metal,1,0.3958406743523095,0.3999999999999986,0.39999999999997726,3.1499999999999986,Schematic internal layout
PS4-0657,DS4Joy0XPin0,PS4-0657 · Potentiometer board terminal,Controller,metal,1,0.3895574890451298,0.3999999999999986,0.39999999999997726,3.1000000000000014,Schematic internal layout
PS4-0658,DS4Joy0XPin1,PS4-0658 · Potentiometer board terminal001,Controller,metal,1,0.3895574890451298,0.3999999999999986,0.39999999999997726,3.1000000000000014,Schematic internal layout
PS4-0659,DS4Joy0XPin2,PS4-0659 · Potentiometer board terminal002,Controller,metal,1,0.3895574890451298,0.3999999999999986,0.39999999999997726,3.1000000000000014,Schematic internal layout
PS4-0660,DS4Joy0XPot,PS4-0660 · Cyan potentiometer housing,Controller,potcyan,1,67.20532457053001,2.3000000000000007,6.7999999999999545,6.399999999999999,Schematic internal layout
PS4-0661,DS4Joy0XRotor,PS4-0661 · Potentiometer rotor disc,Controller,ctrlcream,1,3.2888548092268137,0.25,4.600000000000023,4.600000000000001,Schematic internal layout
PS4-0662,DS4Joy0XTrack,PS4-0662 · Potentiometer resistive track,Controller,black,1,0.23887885139733359,0.03500000000000014,4.5,4.5,Schematic internal layout
PS4-0663,DS4Joy0XWiper,PS4-0663 · Potentiometer moving wiper study,Controller,metal,1,0.045392699081699905,0.05000000000000071,0.35000000000002274,2.6000000000000014,Schematic internal layout
PS4-0664,DS4Joy0YPin0,PS4-0664 · Potentiometer board terminal003,Controller,metal,1,0.3895574890451378,0.3999999999999986,0.39999999999997726,3.1000000000000014,Schematic internal layout
PS4-0665,DS4Joy0YPin1,PS4-0665 · Potentiometer board terminal004,Controller,metal,1,0.3895574890451378,0.3999999999999986,0.39999999999997726,3.1000000000000014,Schematic internal layout
PS4-0666,DS4Joy0YPin2,PS4-0666 · Potentiometer board terminal005,Controller,metal,1,0.3895574890451378,0.3999999999999986,0.39999999999997726,3.1000000000000014,Schematic internal layout
PS4-0667,DS4Joy0YPot,PS4-0667 · Cyan potentiometer housing001,Controller,potcyan,1,68.15372295893796,6.799999999999997,2.3000000000000114,6.399999999999999,Schematic internal layout
PS4-0668,DS4Joy0YRotor,PS4-0668 · Potentiometer rotor disc001,Controller,ctrlcream,1,3.2888548092268124,4.600000000000001,0.25,4.600000000000001,Schematic internal layout
PS4-0669,DS4Joy0YTrack,PS4-0669 · Potentiometer resistive track001,Controller,black,1,0.23887885139734683,4.5,0.03499999999999659,4.5,Schematic internal layout
PS4-0670,DS4Joy0YWiper,PS4-0670 · Potentiometer moving wiper study001,Controller,metal,1,0.04539269908170223,0.3500000000000014,0.05000000000001137,2.6000000000000014,Schematic internal layout
PS4-0671,DS4Joy1Base,PS4-0671 · Joystick insulating base003,Controller,black,1,355.32338020112053,16.000000000002665,16.0,1.4000000000000021,Schematic internal layout
PS4-0672,DS4Joy1Frame,"PS4-0672 · Stamped joystick cage, cap and board legs001",Controller,metal,1,332.5511471693605,17.5,17.5,9.150000000000002,Schematic internal layout
PS4-0673,DS4Joy1OuterGimbal,PS4-0673 · X-axis gimbal and potentiometer axle001,Controller,ctrlcream,1,111.9526396667821,18.950000000000003,11.0,2.000000000000025,Schematic internal layout
PS4-0674,DS4Joy1InnerGimbal,PS4-0674 · Y-axis gimbal and potentiometer axle001,Controller,ctrlcream,2,66.52528555551372,9.5,18.25,1.5000000000014957,Schematic internal layout
PS4-0675,DS4Joy1Shaft,"PS4-0675 · Joystick pivot ball, cross pin and cap shaft001",Controller,metal,1,124.9434007501823,9.200000200000002,4.399999999999977,11.250000000000004,Schematic internal layout
PS4-0676,DS4Joy1ClickSpring,PS4-0676 · Joystick push-click return spring study001,Controller,metal,1,1.0265164277205236,2.6400207688995643,2.6400270209549603,2.0392438813160787,Schematic internal layout
PS4-0677,DS4Joy1ClickSwitch,PS4-0677 · L3/R3 click switch body001,Controller,black,1,13.384115008234625,3.0,3.0,1.5,Schematic internal layout
PS4-0678,DS4Joy1ClickActuator,PS4-0678 · L3/R3 switch actuator001,Controller,black,1,0.8042477193189852,1.6000000000000014,1.6000000000000227,0.3999999999999986,Schematic internal layout
PS4-0679,DS4Joy1ClickLever,PS4-0679 · Joystick click transfer lever001,Controller,metal,1,1.4375277868423544,6.0,1.2000000000000455,0.1999999999999993,Schematic internal layout
PS4-0680,DS4Joy1ClickPin0,PS4-0680 · Click-switch board terminal002,Controller,metal,1,0.3958406743523095,0.3999999999999986,0.39999999999997726,3.1499999999999986,Schematic internal layout
PS4-0681,DS4Joy1ClickPin1,PS4-0681 · Click-switch board terminal003,Controller,metal,1,0.3958406743523095,0.3999999999999986,0.39999999999997726,3.1499999999999986,Schematic internal layout
PS4-0682,DS4Joy1XPin0,PS4-0682 · Potentiometer board terminal006,Controller,metal,1,0.38955748904513005,0.4000000000000057,0.39999999999997726,3.1000000000000014,Schematic internal layout
PS4-0683,DS4Joy1XPin1,PS4-0683 · Potentiometer board terminal007,Controller,metal,1,0.38955748904513005,0.4000000000000057,0.39999999999997726,3.1000000000000014,Schematic internal layout
PS4-0684,DS4Joy1XPin2,PS4-0684 · Potentiometer board terminal008,Controller,metal,1,0.38955748904513005,0.4000000000000057,0.39999999999997726,3.1000000000000014,Schematic internal layout
PS4-0685,DS4Joy1XPot,PS4-0685 · Cyan potentiometer housing002,Controller,potcyan,1,67.20532457052997,2.299999999999997,6.7999999999999545,6.399999999999999,Schematic internal layout
PS4-0686,DS4Joy1XRotor,PS4-0686 · Potentiometer rotor disc002,Controller,ctrlcream,1,3.2888548092268137,0.25,4.600000000000023,4.600000000000001,Schematic internal layout
PS4-0687,DS4Joy1XTrack,PS4-0687 · Potentiometer resistive track002,Controller,black,1,0.23887885139734705,0.03499999999999659,4.5,4.5,Schematic internal layout
PS4-0688,DS4Joy1XWiper,PS4-0688 · Potentiometer moving wiper study002,Controller,metal,1,0.04539269908169882,0.04999999999999716,0.35000000000002274,2.6000000000000014,Schematic internal layout
PS4-0689,DS4Joy1YPin0,PS4-0689 · Potentiometer board terminal009,Controller,metal,1,0.3895574890451378,0.3999999999999986,0.39999999999997726,3.1000000000000014,Schematic internal layout
PS4-0690,DS4Joy1YPin1,PS4-0690 · Potentiometer board terminal010,Controller,metal,1,0.3895574890451378,0.3999999999999986,0.39999999999997726,3.1000000000000014,Schematic internal layout
PS4-0691,DS4Joy1YPin2,PS4-0691 · Potentiometer board terminal011,Controller,metal,1,0.3895574890451378,0.3999999999999986,0.39999999999997726,3.1000000000000014,Schematic internal layout
PS4-0692,DS4Joy1YPot,PS4-0692 · Cyan potentiometer housing003,Controller,potcyan,1,68.15372295893869,6.799999999999997,2.3000000000000114,6.399999999999999,Schematic internal layout
PS4-0693,DS4Joy1YRotor,PS4-0693 · Potentiometer rotor disc003,Controller,ctrlcream,1,3.2888548092268124,4.600000000000001,0.25,4.600000000000001,Schematic internal layout
PS4-0694,DS4Joy1YTrack,PS4-0694 · Potentiometer resistive track003,Controller,black,1,0.23887885139734683,4.5,0.03499999999999659,4.5,Schematic internal layout
PS4-0695,DS4Joy1YWiper,PS4-0695 · Potentiometer moving wiper study003,Controller,metal,1,0.04539269908170223,0.3500000000000014,0.05000000000001137,2.6000000000000014,Schematic internal layout
PS4-0696,DS4BoardGround0,PS4-0696 · Controller board mounting ground,Controller,gold,1,0.4382521751757757,4.0,4.0,0.05000000000000071,Schematic internal layout
PS4-0697,DS4BoardPost0,PS4-0697 · Controller board mounting spacer,Controller,ctrlcream,1,58.05663223833935,4.0,4.0,5.499999999999998,Schematic internal layout
PS4-0698,DS4BoardScrew0,PS4-0698 · Cross-head fastener017,Controller,metal,1,8.251672730580738,3.0,3.0,5.33,Schematic internal layout
PS4-0699,DS4BoardGround1,PS4-0699 · Controller board mounting ground001,Controller,gold,1,0.43825217517577564,4.0,4.0,0.05000000000000071,Schematic internal layout
PS4-0700,DS4BoardPost1,PS4-0700 · Controller board mounting spacer001,Controller,ctrlcream,1,58.05663223833935,4.0,4.0,5.499999999999998,Schematic internal layout
PS4-0701,DS4BoardScrew1,PS4-0701 · Cross-head fastener018,Controller,metal,1,8.25167273058074,3.0,3.0,5.33,Schematic internal layout
PS4-0702,DS4BoardGround2,PS4-0702 · Controller board mounting ground002,Controller,gold,1,0.43825217517577575,4.0,4.0,0.05000000000000071,Schematic internal layout
PS4-0703,DS4BoardPost2,PS4-0703 · Controller board mounting spacer002,Controller,ctrlcream,1,58.05663223833931,4.0,4.0,5.499999999999998,Schematic internal layout
PS4-0704,DS4BoardScrew2,PS4-0704 · Cross-head fastener019,Controller,metal,1,8.25167273058074,3.0,3.0,5.33,Schematic internal layout
PS4-0705,DS4ControlCarrier,PS4-0705 · Moulded button-film support carrier study005,Controller,ctrlcream,1,5569.750121998062,142.0,40.0,1.6000000000000014,Schematic internal layout
PS4-0706,DS4ControlFilm,PS4-0706 · Flexible directional and action contact film005,Controller,ds4flex,1,371.5136982932168,139.4,39.5,0.120000000000001,Schematic internal layout
PS4-0707,DS4DirectionalCarbon0,PS4-0707 · Moving carbon contact pill,Controller,black,1,1.5268140296446346,3.5999999999999943,3.6000000000000227,0.14999999999999858,Schematic internal layout
PS4-0708,DS4DirectionalFixed0,PS4-0708 · Split fixed conductive film contact,Controller,black,2,0.9067927285781208,5.0,4.990991885387132,0.05000000000000071,Schematic internal layout
PS4-0709,DS4DirectionalCarbon1,PS4-0709 · Moving carbon contact pill001,Controller,black,1,1.5268140296446346,3.5999999999999943,3.6000000000000227,0.14999999999999858,Schematic internal layout
PS4-0710,DS4DirectionalFixed1,PS4-0710 · Split fixed conductive film contact001,Controller,black,2,0.9067927285781205,5.0,4.990991885387132,0.05000000000000071,Schematic internal layout
PS4-0711,DS4DirectionalCarbon2,PS4-0711 · Moving carbon contact pill002,Controller,black,1,1.5268140296446346,3.5999999999999943,3.6000000000000227,0.14999999999999858,Schematic internal layout
PS4-0712,DS4DirectionalFixed2,PS4-0712 · Split fixed conductive film contact002,Controller,black,2,0.9067927285781205,5.0,4.990991885387132,0.05000000000000071,Schematic internal layout
PS4-0713,DS4DirectionalCarbon3,PS4-0713 · Moving carbon contact pill003,Controller,black,1,1.5268140296446346,3.5999999999999943,3.6000000000000227,0.14999999999999858,Schematic internal layout
PS4-0714,DS4DirectionalFixed3,PS4-0714 · Split fixed conductive film contact003,Controller,black,2,0.9067927285781208,5.0,4.990991885387132,0.05000000000000071,Schematic internal layout
PS4-0715,DS4DirectionalMembrane,PS4-0715 · Hollow silicone return dome membrane003,Controller,ds4silicone,1,637.4271388061929,35.599999999999994,35.60000000000002,3.200000000000003,Schematic internal layout
PS4-0716,DS4ActionCarbon0,PS4-0716 · Moving carbon contact pill004,Controller,black,1,1.5268140296446346,3.5999999999999943,3.6000000000000227,0.14999999999999858,Schematic internal layout
PS4-0717,DS4ActionFixed0,PS4-0717 · Split fixed conductive film contact004,Controller,black,2,0.9067927285781208,5.0,4.990991885387132,0.05000000000000071,Schematic internal layout
PS4-0718,DS4ActionCarbon1,PS4-0718 · Moving carbon contact pill005,Controller,black,1,1.5268140296446346,3.5999999999999943,3.6000000000000227,0.14999999999999858,Schematic internal layout
PS4-0719,DS4ActionFixed1,PS4-0719 · Split fixed conductive film contact005,Controller,black,2,0.9067927285781205,5.0,4.990991885387132,0.05000000000000071,Schematic internal layout
PS4-0720,DS4ActionCarbon2,PS4-0720 · Moving carbon contact pill006,Controller,black,1,1.5268140296446346,3.5999999999999943,3.6000000000000227,0.14999999999999858,Schematic internal layout
PS4-0721,DS4ActionFixed2,PS4-0721 · Split fixed conductive film contact006,Controller,black,2,0.9067927285781205,5.0,4.990991885387132,0.05000000000000071,Schematic internal layout
PS4-0722,DS4ActionCarbon3,PS4-0722 · Moving carbon contact pill007,Controller,black,1,1.5268140296446346,3.5999999999999943,3.6000000000000227,0.14999999999999858,Schematic internal layout
PS4-0723,DS4ActionFixed3,PS4-0723 · Split fixed conductive film contact007,Controller,black,2,0.9067927285781208,5.0,4.990991885387132,0.05000000000000071,Schematic internal layout
PS4-0724,DS4ActionMembrane,PS4-0724 · Hollow silicone return dome membrane004,Controller,ds4silicone,1,637.4271388061957,35.599999999999994,35.60000000000002,3.200000000000003,Schematic internal layout
PS4-0725,DS4SystemCarbon0,PS4-0725 · Moving carbon contact pill008,Controller,black,1,1.5268140296446344,3.6,3.6000000000000227,0.14999999999999858,Schematic internal layout
PS4-0726,DS4SystemFixed0,PS4-0726 · Split fixed conductive film contact008,Controller,black,2,0.9067927285781197,5.0,4.990991885387132,0.05000000000000071,Schematic internal layout
PS4-0727,DS4SystemMembrane,PS4-0727 · Hollow silicone return dome membrane002,Controller,ds4silicone,1,49.410361881080576,8.8,8.800000000000011,3.200000000000003,Schematic internal layout
PS4-0728,DS4ShareSwitch,PS4-0728 · Small tactile switch body,Controller,black,1,39.44548667764612,3.5999999999999943,5.5,1.9999999999999964,Schematic internal layout
PS4-0729,DS4ShareActuator,PS4-0729 · Small tactile switch actuator,Controller,ctrlcream,1,7.886254403104149,1.7999999999999972,3.3999999999999773,1.2999999999999972,Schematic internal layout
PS4-0730,DS4OptionsSwitch,PS4-0730 · Small tactile switch body001,Controller,black,1,39.44548667764612,3.5999999999999943,5.5,1.9999999999999964,Schematic internal layout
PS4-0731,DS4OptionsActuator,PS4-0731 · Small tactile switch actuator001,Controller,ctrlcream,1,7.886254403104149,1.7999999999999972,3.3999999999999773,1.2999999999999972,Schematic internal layout
PS4-0732,DS4SpeakerFrame,PS4-0732 · Controller loudspeaker basket,Controller,metal,1,118.6548756881752,14.0,6.0,2.3999999999999986,Schematic internal layout
PS4-0733,DS4SpeakerMagnet,PS4-0733 · Loudspeaker magnetic circuit,Controller,black,1,20.214584013175372,10.0,3.3999999999999773,0.6000000000000014,Schematic internal layout
PS4-0734,DS4SpeakerDiaphragm,PS4-0734 · Thin loudspeaker diaphragm,Controller,black,1,3.5624778684233647,11.8,3.8000000000000114,0.0799999999999983,Schematic internal layout
PS4-0735,DS4L1,PS4-0735 · L1 shoulder key,Controller,black,1,987.3469331264962,22.0,8.0,5.700000000000003,Published approximate body envelope; photo-estimated local geometry
PS4-0736,DS4L1Mark,PS4-0736 · L1,Controller,white,2,0.04021579827485294,3.2280830536912717,2.3489932885906057,0.018000000000000682,Published approximate body envelope; photo-estimated local geometry
PS4-0737,DS4L2,PS4-0737 · L2 hollow hinged trigger study,Controller,black,1,1788.2139618505598,22.000000000000007,11.0,18.0,Published approximate body envelope; photo-estimated local geometry
PS4-0738,DS4L2Pin,PS4-0738 · Trigger pivot axle,Controller,metal,1,81.68140899333483,26.0,2.0,2.0,Schematic internal layout
PS4-0739,DS4L2Bearing0,PS4-0739 · Trigger pivot support study,Controller,ctrlcream,1,15.470773022602938,1.3999999999999986,4.399999999999977,4.399999999999999,Schematic internal layout
PS4-0740,DS4L2Bearing1,PS4-0740 · Trigger pivot support study001,Controller,ctrlcream,1,15.470773022602934,1.3999999999999986,4.399999999999977,4.399999999999999,Schematic internal layout
PS4-0741,DS4L2Spring,PS4-0741 · Trigger torsion return spring coil study,Controller,metal,1,6.74353993805426,3.8197212985337785,3.5200071619090068,3.520007161909046,Schematic internal layout
PS4-0742,DS4L1Switch,PS4-0742 · Shoulder button contact housing,Controller,black,1,55.72530964914873,8.0,3.5,2.0,Schematic internal layout
PS4-0743,DS4L1Actuator,PS4-0743 · Shoulder button actuator,Controller,ds4silicone,1,6.785840131753963,2.4000000000000057,2.3999999999999773,1.5,Schematic internal layout
PS4-0744,DS4L2Switch,PS4-0744 · Trigger pressure-contact housing study,Controller,black,1,31.293982236861556,7.0,3.0,1.5,Schematic internal layout
PS4-0745,DS4L2Actuator,PS4-0745 · Trigger pressure actuator study,Controller,ds4silicone,1,10.404954868689408,2.4000000000000057,2.3000000000000114,2.3999999999999986,Schematic internal layout
PS4-0746,DS4R1,PS4-0746 · R1 shoulder key,Controller,black,1,987.3469331264964,22.0,8.0,5.700000000000003,Published approximate body envelope; photo-estimated local geometry
PS4-0747,DS4R1Mark,PS4-0747 · R1,Controller,white,2,0.05524833870887776,3.677747583221482,2.348993488590594,0.01800020000000302,Published approximate body envelope; photo-estimated local geometry
PS4-0748,DS4R2,PS4-0748 · R2 hollow hinged trigger study,Controller,black,1,1788.2139618505603,22.0,11.0,18.0,Published approximate body envelope; photo-estimated local geometry
PS4-0749,DS4R2Pin,PS4-0749 · Trigger pivot axle001,Controller,metal,1,81.68140899333483,26.0,2.0,2.0,Schematic internal layout
PS4-0750,DS4R2Bearing0,PS4-0750 · Trigger pivot support study002,Controller,ctrlcream,1,15.470773022602938,1.3999999999999986,4.399999999999977,4.399999999999999,Schematic internal layout
PS4-0751,DS4R2Bearing1,PS4-0751 · Trigger pivot support study003,Controller,ctrlcream,1,15.470773022602938,1.3999999999999986,4.399999999999977,4.399999999999999,Schematic internal layout
PS4-0752,DS4R2Spring,PS4-0752 · Trigger torsion return spring coil study001,Controller,metal,1,6.74353993805426,3.8197212985337785,3.5200071619090068,3.520007161909046,Schematic internal layout
PS4-0753,DS4R1Switch,PS4-0753 · Shoulder button contact housing001,Controller,black,1,55.72530964914873,8.0,3.5,2.0,Schematic internal layout
PS4-0754,DS4R1Actuator,PS4-0754 · Shoulder button actuator001,Controller,ds4silicone,1,6.785840131753963,2.4000000000000057,2.3999999999999773,1.5,Schematic internal layout
PS4-0755,DS4R2Switch,PS4-0755 · Trigger pressure-contact housing study001,Controller,black,1,31.293982236861556,7.0,3.0,1.5,Schematic internal layout
PS4-0756,DS4R2Actuator,PS4-0756 · Trigger pressure actuator study001,Controller,ds4silicone,1,10.404954868689408,2.4000000000000057,2.3000000000000114,2.3999999999999986,Schematic internal layout
PS4-0757,DS4BatteryCarrier,PS4-0757 · Central moulded battery cradle,Controller,black,1,3488.203649431731,42.0,33.0,10.799999999999999,Schematic internal layout
PS4-0758,DS4Battery,PS4-0758 · Original 3.7 V 1000 mAh battery envelope study,Controller,battery,1,8819.159120151902,38.0,28.0,8.3,Schematic internal layout
PS4-0759,DS4BatteryMark,PS4-0759 · 3.7 V / 1000 mAh,Controller,white,12,0.09088643023498495,15.4389934885906,1.5371813080537038,0.018000199999999467,Published approximate body envelope; photo-estimated local geometry
PS4-0760,DS4BatteryContact0,PS4-0760 · Battery connector terminal sleeve,Controller,metal,1,0.8270242660575076,0.7999999999999972,0.8000000000000114,2.6999999999999993,Schematic internal layout
PS4-0761,DS4BatteryLead0,PS4-0761 · Routed battery lead,Controller,black,1,3.2411783504813605,16.450000100000004,0.4000001999999654,10.000000099999998,Schematic internal layout
PS4-0762,DS4BatteryContact1,PS4-0762 · Battery connector terminal sleeve001,Controller,metal,1,0.8270242660575076,0.7999999999999972,0.8000000000000114,2.6999999999999993,Schematic internal layout
PS4-0763,DS4BatteryLead1,PS4-0763 · Routed battery lead001,Controller,red,1,3.366842056624953,17.450000100000004,0.4000001999999654,10.000000099999998,Schematic internal layout
PS4-0764,DS4BatteryHeader,PS4-0764 · Two-position battery socket study,Controller,white,1,58.7262304384902,4.0,5.0,3.1999999999999993,Schematic internal layout
PS4-0765,DS4Rumble0Can,PS4-0765 · Unequal rumble motor can,Controller,metal,1,506.2990720525304,16.400000000000006,17.0,16.4,Schematic internal layout
PS4-0766,DS4Rumble0FrontCap,PS4-0766 · Motor bearing end cap,Controller,metal,1,51.38271134486955,16.300000000000004,0.25,16.299999999999997,Schematic internal layout
PS4-0767,DS4Rumble0RearCap,PS4-0767 · Motor bearing end cap001,Controller,metal,1,51.38271134486955,16.300000000000004,0.25,16.299999999999997,Schematic internal layout
PS4-0768,DS4Rumble0Shaft,PS4-0768 · Rumble motor shaft,Controller,metal,1,52.27610175573418,1.5999999999999943,26.0,1.6000000000000014,Schematic internal layout
PS4-0769,DS4Rumble0Magnet,PS4-0769 · Motor stator magnet study,Controller,black,1,685.354145343882,14.699999999999996,14.0,14.700000000000001,Schematic internal layout
PS4-0770,DS4Rumble0Rotor,PS4-0770 · Motor armature study,Controller,copper,1,1062.1724761787084,11.800000000000004,10.0,11.799999999999997,Schematic internal layout
PS4-0771,DS4Rumble0Weight,PS4-0771 · Eccentric rumble counterweight,Controller,metal,1,416.1981947475758,16.400000000000006,4.0,8.200000000000001,Schematic internal layout
PS4-0772,DS4Rumble0Saddle,PS4-0772 · Lower grip motor saddle study,Controller,ctrlcream,1,251.64157155254242,18.800000000000004,9.0,9.4,Schematic internal layout
PS4-0773,DS4Rumble0Lead0,PS4-0773 · Rumble motor power lead study,Controller,black,1,1.4002050554777261,0.400000200000008,4.700000100000011,7.100000099999992,Schematic internal layout
PS4-0774,DS4Rumble0Pad0,PS4-0774 · Rumble motor solder pad study,Controller,gold,1,0.0628318530717961,1.4000000000000057,1.3999999999999773,0.05000000000000071,Schematic internal layout
PS4-0775,DS4Rumble0Lead1,PS4-0775 · Rumble motor power lead study001,Controller,red,1,1.4002050554777261,0.400000200000008,4.700000100000011,7.100000099999992,Schematic internal layout
PS4-0776,DS4Rumble0Pad1,PS4-0776 · Rumble motor solder pad study001,Controller,gold,1,0.0628318530717961,1.4000000000000057,1.3999999999999773,0.05000000000000071,Schematic internal layout
PS4-0777,DS4Rumble1Can,PS4-0777 · Unequal rumble motor can001,Controller,metal,1,378.12209178606645,12.400000000000006,17.0,12.399999999999999,Schematic internal layout
PS4-0778,DS4Rumble1FrontCap,PS4-0778 · Motor bearing end cap002,Controller,metal,1,28.920323871702546,12.300000000000004,0.25,12.299999999999999,Schematic internal layout
PS4-0779,DS4Rumble1RearCap,PS4-0779 · Motor bearing end cap003,Controller,metal,1,28.920323871702546,12.300000000000004,0.25,12.299999999999999,Schematic internal layout
PS4-0780,DS4Rumble1Shaft,PS4-0780 · Rumble motor shaft001,Controller,metal,1,52.27610175573418,1.5999999999999943,26.0,1.6000000000000014,Schematic internal layout
PS4-0781,DS4Rumble1Magnet,PS4-0781 · Motor stator magnet study001,Controller,black,1,483.03557845269904,10.699999999999996,14.0,10.700000000000003,Schematic internal layout
PS4-0782,DS4Rumble1Rotor,PS4-0782 · Motor armature study001,Controller,copper,1,446.42031607510967,7.799999999999997,10.0,7.799999999999999,Schematic internal layout
PS4-0783,DS4Rumble1Weight,PS4-0783 · Eccentric rumble counterweight001,Controller,metal,1,235.24245790080374,12.400000000000006,4.0,6.200000000000002,Schematic internal layout
PS4-0784,DS4Rumble1Saddle,PS4-0784 · Lower grip motor saddle study001,Controller,ctrlcream,1,195.09290378792613,14.800000000000004,9.0,7.400000000000002,Schematic internal layout
PS4-0785,DS4Rumble1Lead0,PS4-0785 · Rumble motor power lead study002,Controller,black,1,1.4002050554777261,0.400000200000008,4.700000100000011,7.100000099999992,Schematic internal layout
PS4-0786,DS4Rumble1Pad0,PS4-0786 · Rumble motor solder pad study002,Controller,gold,1,0.0628318530717961,1.4000000000000057,1.3999999999999773,0.05000000000000071,Schematic internal layout
PS4-0787,DS4Rumble1Lead1,PS4-0787 · Rumble motor power lead study003,Controller,red,1,1.4002050554777261,0.400000200000008,4.700000100000011,7.100000099999992,Schematic internal layout
PS4-0788,DS4Rumble1Pad1,PS4-0788 · Rumble motor solder pad study003,Controller,gold,1,0.0628318530717961,1.4000000000000057,1.3999999999999773,0.05000000000000071,Schematic internal layout
PS4-0789,DS4LightLens,PS4-0789 · Original rear light-bar lens,Controller,ps4blue,1,746.3999999999976,58.0,1.1999999999999886,11.0,Published approximate body envelope; photo-estimated local geometry
PS4-0790,DS4LightGuide,PS4-0790 · Rear status-light optical guide study,Controller,white,1,1018.8,54.0,2.0,9.600000000000001,Schematic internal layout
PS4-0791,DS4USBPCB,PS4-0791 · Native charging and light-bar daughterboard,Controller,ds4pcb,1,258.8635043202073,36.0,9.0,0.8000000000000007,Published approximate body envelope; photo-estimated local geometry
PS4-0792,DS4StatusLED0,PS4-0792 · Status LED package study,Controller,white,1,3.972530964914875,2.5,2.0,0.8000000000000007,Schematic internal layout
PS4-0793,DS4StatusLED1,PS4-0793 · Status LED package study001,Controller,white,1,3.972530964914875,2.5,2.0,0.8000000000000007,Schematic internal layout
PS4-0794,DS4StatusLED2,PS4-0794 · Status LED package study002,Controller,white,1,3.972530964914876,2.5,2.0,0.8000000000000007,Schematic internal layout
PS4-0795,DS4USBShield,PS4-0795 · Micro-USB stamped socket shield,Controller,metal,1,30.699999999999974,8.0,5.0,3.3000000000000007,Published approximate body envelope; photo-estimated local geometry
PS4-0796,DS4USBStop,PS4-0796 · Micro-USB insulating rear stop005,Controller,black,1,8.851440252882028,6.8,0.6500000000000341,2.1000000000000014,Schematic internal layout
PS4-0797,DS4USBTongue,PS4-0797 · Micro-USB insulating tongue,Controller,black,1,10.79570796326797,6.0,3.6000000000000227,0.5,Published approximate body envelope; photo-estimated local geometry
PS4-0798,DS4USBContact0,PS4-0798 · Micro-USB contact and daughterboard leg,Controller,gold,1,0.3437500000000016,0.25,4.0,4.0000000000000036,Schematic internal layout
PS4-0799,DS4USBPad0,PS4-0799 · Charging board solder pad,Controller,gold,1,0.019961371669411636,0.3999999999999999,1.0,0.05000000000000071,Schematic internal layout
PS4-0800,DS4USBContact1,PS4-0800 · Micro-USB contact and daughterboard leg001,Controller,gold,1,0.34375000000000155,0.25,4.0,4.0000000000000036,Schematic internal layout
PS4-0801,DS4USBPad1,PS4-0801 · Charging board solder pad001,Controller,gold,1,0.019961371669411636,0.40000000000000013,1.0,0.05000000000000071,Schematic internal layout
PS4-0802,DS4USBContact2,PS4-0802 · Micro-USB contact and daughterboard leg002,Controller,gold,1,0.34375000000000155,0.25,4.0,4.0000000000000036,Schematic internal layout
PS4-0803,DS4USBPad2,PS4-0803 · Charging board solder pad002,Controller,gold,1,0.019961371669411636,0.4,1.0,0.05000000000000071,Schematic internal layout
PS4-0804,DS4USBContact3,PS4-0804 · Micro-USB contact and daughterboard leg003,Controller,gold,1,0.3437500000000016,0.25,4.0,4.0000000000000036,Schematic internal layout
PS4-0805,DS4USBPad3,PS4-0805 · Charging board solder pad003,Controller,gold,1,0.019961371669411636,0.40000000000000013,1.0,0.05000000000000071,Schematic internal layout
PS4-0806,DS4USBContact4,PS4-0806 · Micro-USB contact and daughterboard leg004,Controller,gold,1,0.34375000000000155,0.25,4.0,4.0000000000000036,Schematic internal layout
PS4-0807,DS4USBPad4,PS4-0807 · Charging board solder pad004,Controller,gold,1,0.019961371669411632,0.3999999999999999,1.0,0.05000000000000071,Schematic internal layout
PS4-0808,DS4HeadsetBody,PS4-0808 · 3.5 mm headset socket body004,Controller,black,1,261.863724230204,7.3999999999999995,8.0,6.0,Schematic internal layout
PS4-0809,DS4HeadsetRing,PS4-0809 · Headset socket mouth,Controller,metal,1,6.245093496254834,5.6000000000000005,0.44999999999998863,5.600000000000001,Published approximate body envelope; photo-estimated local geometry
PS4-0810,DS4HeadsetContact0,PS4-0810 · Headset jack spring contact study,Controller,metal,1,0.6126105674500089,4.1000000000000005,0.25,4.100000000000001,Schematic internal layout
PS4-0811,DS4HeadsetContact1,PS4-0811 · Headset jack spring contact study001,Controller,metal,1,0.6126105674500089,4.1000000000000005,0.25,4.100000000000001,Schematic internal layout
PS4-0812,DS4HeadsetContact2,PS4-0812 · Headset jack spring contact study002,Controller,metal,1,0.6126105674500089,4.1000000000000005,0.25,4.100000000000001,Schematic internal layout
PS4-0813,DS4HeadsetContact3,PS4-0813 · Headset jack spring contact study003,Controller,metal,1,0.6126105674500089,4.1000000000000005,0.25,4.100000000000001,Schematic internal layout
PS4-0814,DS4EXTShield,PS4-0814 · Original extension socket shell study,Controller,metal,1,47.87508836352697,8.2,6.0,4.000000000000002,Published approximate body envelope; photo-estimated local geometry
PS4-0815,DS4EXTTongue,PS4-0815 · Extension connector insulating tongue,Controller,black,1,16.107445792558753,6.199999999999999,4.0,0.6500000000000004,Published approximate body envelope; photo-estimated local geometry
PS4-0816,DS4EXTContact0,PS4-0816 · Extension socket contact study,Controller,gold,1,0.07673819467105851,0.3200000000000003,3.0,0.08000000000000007,Schematic internal layout
PS4-0817,DS4EXTContact1,PS4-0817 · Extension socket contact study001,Controller,gold,1,0.07673819467105851,0.3200000000000003,3.0,0.08000000000000007,Schematic internal layout
PS4-0818,DS4EXTContact2,PS4-0818 · Extension socket contact study002,Controller,gold,1,0.07673819467105851,0.3200000000000003,3.0,0.08000000000000007,Schematic internal layout
PS4-0819,DS4EXTContact3,PS4-0819 · Extension socket contact study003,Controller,gold,1,0.07673819467105851,0.3200000000000003,3.0,0.08000000000000007,Schematic internal layout
PS4-0820,DS4EXTContact4,PS4-0820 · Extension socket contact study004,Controller,gold,1,0.0767381946710585,0.3200000000000003,3.0,0.08000000000000007,Schematic internal layout
PS4-0821,DS4EXTContact5,PS4-0821 · Extension socket contact study005,Controller,gold,1,0.0767381946710585,0.3200000000000003,3.0,0.08000000000000007,Schematic internal layout
PS4-0822,DS4EXTContact6,PS4-0822 · Extension socket contact study006,Controller,gold,1,0.0767381946710585,0.3200000000000003,3.0,0.08000000000000007,Schematic internal layout
PS4-0823,DS4EXTContact7,PS4-0823 · Extension socket contact study007,Controller,gold,1,0.07673819467105851,0.3200000000000003,3.0,0.08000000000000007,Schematic internal layout
PS4-0824,DS4ChargeMainBody,PS4-0824 · Flat-flex connector insulating body009,Controller,white,1,36.37510618695406,10.0,3.0,1.3999999999999986,Schematic internal layout
PS4-0825,DS4ChargeMainLatch,PS4-0825 · Flat-flex connector locking bar004,Controller,black,1,3.776995574287558,9.0,1.1999999999999886,0.3500000000000014,Schematic internal layout
PS4-0826,DS4ChargeMainPad0,PS4-0826 · Flat-flex solder pad084,Controller,gold,1,0.06996566370614393,0.28000000000000025,2.5,0.10000000000000142,Schematic internal layout
PS4-0827,DS4ChargeMainPad1,PS4-0827 · Flat-flex solder pad085,Controller,gold,1,0.06996566370614395,0.28000000000000025,2.5,0.10000000000000142,Schematic internal layout
PS4-0828,DS4ChargeMainPad2,PS4-0828 · Flat-flex solder pad086,Controller,gold,1,0.06996566370614393,0.28000000000000025,2.5,0.10000000000000142,Schematic internal layout
PS4-0829,DS4ChargeMainPad3,PS4-0829 · Flat-flex solder pad087,Controller,gold,1,0.06996566370614393,0.28000000000000047,2.5,0.10000000000000142,Schematic internal layout
PS4-0830,DS4ChargeMainPad4,PS4-0830 · Flat-flex solder pad088,Controller,gold,1,0.06996566370614393,0.28000000000000036,2.5,0.10000000000000142,Schematic internal layout
PS4-0831,DS4ChargeMainPad5,PS4-0831 · Flat-flex solder pad089,Controller,gold,1,0.06996566370614393,0.28000000000000036,2.5,0.10000000000000142,Schematic internal layout
PS4-0832,DS4ChargeMainPad6,PS4-0832 · Flat-flex solder pad090,Controller,gold,1,0.06996566370614393,0.28000000000000047,2.5,0.10000000000000142,Schematic internal layout
PS4-0833,DS4ChargeMainPad7,PS4-0833 · Flat-flex solder pad091,Controller,gold,1,0.06996566370614393,0.28000000000000025,2.5,0.10000000000000142,Schematic internal layout
PS4-0834,DS4ChargeMainPad8,PS4-0834 · Flat-flex solder pad092,Controller,gold,1,0.06996566370614393,0.28000000000000025,2.5,0.10000000000000142,Schematic internal layout
PS4-0835,DS4ChargeMainPad9,PS4-0835 · Flat-flex solder pad093,Controller,gold,1,0.06996566370614393,0.28000000000000025,2.5,0.10000000000000142,Schematic internal layout
PS4-0836,DS4ChargeDaughterBody,PS4-0836 · Flat-flex connector insulating body011,Controller,white,1,36.37510618695406,10.0,3.0,1.3999999999999986,Schematic internal layout
PS4-0837,DS4ChargeDaughterLatch,PS4-0837 · Flat-flex connector locking bar005,Controller,black,1,3.7769955742875574,9.0,1.1999999999999886,0.3500000000000014,Schematic internal layout
PS4-0838,DS4ChargeDaughterPad0,PS4-0838 · Flat-flex solder pad094,Controller,gold,1,0.06996566370614393,0.28000000000000025,2.5,0.10000000000000142,Schematic internal layout
PS4-0839,DS4ChargeDaughterPad1,PS4-0839 · Flat-flex solder pad095,Controller,gold,1,0.06996566370614395,0.28000000000000025,2.5,0.10000000000000142,Schematic internal layout
PS4-0840,DS4ChargeDaughterPad2,PS4-0840 · Flat-flex solder pad096,Controller,gold,1,0.06996566370614393,0.28000000000000025,2.5,0.10000000000000142,Schematic internal layout
PS4-0841,DS4ChargeDaughterPad3,PS4-0841 · Flat-flex solder pad097,Controller,gold,1,0.06996566370614393,0.28000000000000047,2.5,0.10000000000000142,Schematic internal layout
PS4-0842,DS4ChargeDaughterPad4,PS4-0842 · Flat-flex solder pad098,Controller,gold,1,0.06996566370614393,0.28000000000000036,2.5,0.10000000000000142,Schematic internal layout
PS4-0843,DS4ChargeDaughterPad5,PS4-0843 · Flat-flex solder pad099,Controller,gold,1,0.06996566370614393,0.28000000000000036,2.5,0.10000000000000142,Schematic internal layout
PS4-0844,DS4ChargeDaughterPad6,PS4-0844 · Flat-flex solder pad100,Controller,gold,1,0.06996566370614393,0.28000000000000047,2.5,0.10000000000000142,Schematic internal layout
PS4-0845,DS4ChargeDaughterPad7,PS4-0845 · Flat-flex solder pad101,Controller,gold,1,0.06996566370614393,0.28000000000000025,2.5,0.10000000000000142,Schematic internal layout
PS4-0846,DS4ChargeDaughterPad8,PS4-0846 · Flat-flex solder pad102,Controller,gold,1,0.06996566370614393,0.28000000000000025,2.5,0.10000000000000142,Schematic internal layout
PS4-0847,DS4ChargeDaughterPad9,PS4-0847 · Flat-flex solder pad103,Controller,gold,1,0.06996566370614393,0.28000000000000025,2.5,0.10000000000000142,Schematic internal layout
PS4-0848,DS4ChargeRibbon,PS4-0848 · Charging and light-board flex cable study,Controller,white,1,10.430553942253331,6.0000002,5.760000199999979,6.57000020000001,Schematic internal layout
PS4-0849,DS4TouchMainBody,PS4-0849 · Flat-flex connector insulating body013,Controller,white,1,29.375106186954067,8.0,3.0,1.3999999999999986,Schematic internal layout
PS4-0850,DS4TouchMainLatch,PS4-0850 · Flat-flex connector locking bar006,Controller,black,1,2.9369955742875593,7.0,1.1999999999999886,0.3500000000000014,Schematic internal layout
PS4-0851,DS4TouchMainPad0,PS4-0851 · Flat-flex solder pad104,Controller,gold,1,0.06996566370614402,0.28000000000000114,2.5,0.10000000000000142,Schematic internal layout
PS4-0852,DS4TouchMainPad1,PS4-0852 · Flat-flex solder pad105,Controller,gold,1,0.06996566370614403,0.28000000000000114,2.5,0.10000000000000142,Schematic internal layout
PS4-0853,DS4TouchMainPad2,PS4-0853 · Flat-flex solder pad106,Controller,gold,1,0.06996566370614403,0.28000000000000114,2.5,0.10000000000000142,Schematic internal layout
PS4-0854,DS4TouchMainPad3,PS4-0854 · Flat-flex solder pad107,Controller,gold,1,0.06996566370614402,0.28000000000000114,2.5,0.10000000000000142,Schematic internal layout
PS4-0855,DS4TouchMainPad4,PS4-0855 · Flat-flex solder pad108,Controller,gold,1,0.06996566370614402,0.28000000000000114,2.5,0.10000000000000142,Schematic internal layout
PS4-0856,DS4TouchMainPad5,PS4-0856 · Flat-flex solder pad109,Controller,gold,1,0.06996566370614402,0.28000000000000114,2.5,0.10000000000000142,Schematic internal layout
PS4-0857,DS4TouchMainPad6,PS4-0857 · Flat-flex solder pad110,Controller,gold,1,0.06996566370614403,0.28000000000000114,2.5,0.10000000000000142,Schematic internal layout
PS4-0858,DS4TouchMainPad7,PS4-0858 · Flat-flex solder pad111,Controller,gold,1,0.06996566370614403,0.28000000000000114,2.5,0.10000000000000142,Schematic internal layout
PS4-0859,DS4TouchEndBody,PS4-0859 · Flat-flex connector insulating body015,Controller,white,1,29.375106186954085,8.0,3.0,1.3999999999999986,Schematic internal layout
PS4-0860,DS4TouchEndLatch,PS4-0860 · Flat-flex connector locking bar007,Controller,black,1,2.9369955742875593,7.0,1.1999999999999886,0.3500000000000014,Schematic internal layout
PS4-0861,DS4TouchEndPad0,PS4-0861 · Flat-flex solder pad112,Controller,gold,1,0.06996566370614402,0.28000000000000114,2.5,0.10000000000000142,Schematic internal layout
PS4-0862,DS4TouchEndPad1,PS4-0862 · Flat-flex solder pad113,Controller,gold,1,0.06996566370614403,0.28000000000000114,2.5,0.10000000000000142,Schematic internal layout
PS4-0863,DS4TouchEndPad2,PS4-0863 · Flat-flex solder pad114,Controller,gold,1,0.06996566370614403,0.28000000000000114,2.5,0.10000000000000142,Schematic internal layout
PS4-0864,DS4TouchEndPad3,PS4-0864 · Flat-flex solder pad115,Controller,gold,1,0.06996566370614402,0.28000000000000114,2.5,0.10000000000000142,Schematic internal layout
PS4-0865,DS4TouchEndPad4,PS4-0865 · Flat-flex solder pad116,Controller,gold,1,0.06996566370614402,0.28000000000000114,2.5,0.10000000000000142,Schematic internal layout
PS4-0866,DS4TouchEndPad5,PS4-0866 · Flat-flex solder pad117,Controller,gold,1,0.06996566370614402,0.28000000000000114,2.5,0.10000000000000142,Schematic internal layout
PS4-0867,DS4TouchEndPad6,PS4-0867 · Flat-flex solder pad118,Controller,gold,1,0.06996566370614403,0.28000000000000114,2.5,0.10000000000000142,Schematic internal layout
PS4-0868,DS4TouchEndPad7,PS4-0868 · Flat-flex solder pad119,Controller,gold,1,0.06996566370614403,0.28000000000000114,2.5,0.10000000000000142,Schematic internal layout
PS4-0869,DS4TouchRibbon,PS4-0869 · Touch-sensor to mainboard folded flex study,Controller,flex,1,15.014672890985212,4.400000200000001,11.120000199999993,10.720000200000008,Schematic internal layout
PS4-0870,DS4FilmMainBody,PS4-0870 · Flat-flex connector insulating body017,Controller,white,1,43.37510618695405,12.000000000000002,3.0,1.3999999999999986,Schematic internal layout
PS4-0871,DS4FilmMainLatch,PS4-0871 · Flat-flex connector locking bar008,Controller,black,1,4.6169955742875555,11.0,1.1999999999999886,0.3500000000000014,Schematic internal layout
PS4-0872,DS4FilmMainPad0,PS4-0872 · Flat-flex solder pad120,Controller,gold,1,0.06996566370614402,0.28000000000000114,2.5,0.10000000000000142,Schematic internal layout
PS4-0873,DS4FilmMainPad1,PS4-0873 · Flat-flex solder pad121,Controller,gold,1,0.06996566370614403,0.28000000000000114,2.5,0.10000000000000142,Schematic internal layout
PS4-0874,DS4FilmMainPad2,PS4-0874 · Flat-flex solder pad122,Controller,gold,1,0.06996566370614403,0.28000000000000114,2.5,0.10000000000000142,Schematic internal layout
PS4-0875,DS4FilmMainPad3,PS4-0875 · Flat-flex solder pad123,Controller,gold,1,0.06996566370614402,0.28000000000000114,2.5,0.10000000000000142,Schematic internal layout
PS4-0876,DS4FilmMainPad4,PS4-0876 · Flat-flex solder pad124,Controller,gold,1,0.06996566370614403,0.28000000000000114,2.5,0.10000000000000142,Schematic internal layout
PS4-0877,DS4FilmMainPad5,PS4-0877 · Flat-flex solder pad125,Controller,gold,1,0.06996566370614403,0.28000000000000114,2.5,0.10000000000000142,Schematic internal layout
PS4-0878,DS4FilmMainPad6,PS4-0878 · Flat-flex solder pad126,Controller,gold,1,0.06996566370614402,0.28000000000000114,2.5,0.10000000000000142,Schematic internal layout
PS4-0879,DS4FilmMainPad7,PS4-0879 · Flat-flex solder pad127,Controller,gold,1,0.06996566370614402,0.28000000000000114,2.5,0.10000000000000142,Schematic internal layout
PS4-0880,DS4FilmMainPad8,PS4-0880 · Flat-flex solder pad128,Controller,gold,1,0.06996566370614402,0.28000000000000114,2.5,0.10000000000000142,Schematic internal layout
PS4-0881,DS4FilmMainPad9,PS4-0881 · Flat-flex solder pad129,Controller,gold,1,0.06996566370614403,0.28000000000000114,2.5,0.10000000000000142,Schematic internal layout
PS4-0882,DS4FilmMainPad10,PS4-0882 · Flat-flex solder pad130,Controller,gold,1,0.06996566370614402,0.28000000000000114,2.5,0.10000000000000142,Schematic internal layout
PS4-0883,DS4FilmMainPad11,PS4-0883 · Flat-flex solder pad131,Controller,gold,1,0.06996566370614403,0.28000000000000114,2.5,0.10000000000000142,Schematic internal layout
PS4-0884,DS4FilmMainPad12,PS4-0884 · Flat-flex solder pad132,Controller,gold,1,0.06996566370614402,0.28000000000000114,2.5,0.10000000000000142,Schematic internal layout
PS4-0885,DS4FilmMainPad13,PS4-0885 · Flat-flex solder pad133,Controller,gold,1,0.06996566370614402,0.28000000000000114,2.5,0.10000000000000142,Schematic internal layout
PS4-0886,DS4FilmRibbon,PS4-0886 · Button contact film tail to mainboard study,Controller,ds4flex,1,18.212705781972105,8.8000002,7.660000199999985,8.630000199999998,Schematic internal layout
PS4-0887,DS4SpeakerLead0,PS4-0887 · Loudspeaker lead study,Controller,black,1,1.814656742245984,1.8800001000000082,5.860000200000002,11.280000100000006,Schematic internal layout
PS4-0888,DS4SpeakerPad0,PS4-0888 · Loudspeaker solder pad,Controller,gold,1,0.03337942194439164,1.1000000000000014,1.1000000000000227,0.05000000000000071,Schematic internal layout
PS4-0889,DS4SpeakerLead1,PS4-0889 · Loudspeaker lead study001,Controller,red,1,1.8146567422459654,1.8800001000000082,5.860000200000002,11.280000100000006,Schematic internal layout
PS4-0890,DS4SpeakerPad1,PS4-0890 · Loudspeaker solder pad001,Controller,gold,1,0.03337942194439164,1.1000000000000014,1.1000000000000227,0.05000000000000071,Schematic internal layout
PS4-0891,DS4CaseScrew0,PS4-0891 · Cross-head fastener020,Controller,metal,1,38.442378131578586,3.0,3.0,30.330000000000002,Schematic internal layout
PS4-0892,DS4CaseScrew1,PS4-0892 · Cross-head fastener021,Controller,metal,1,38.44237813157859,3.0,3.0,30.330000000000002,Schematic internal layout
PS4-0893,DS4CaseScrew2,PS4-0893 · Cross-head fastener022,Controller,metal,1,38.4423781315787,3.0,3.0,30.330000000000002,Schematic internal layout
PS4-0894,DS4CaseScrew3,PS4-0894 · Cross-head fastener023,Controller,metal,1,38.4423781315787,3.0,3.0,30.330000000000002,Schematic internal layout
PS4-0895,DS4TouchClickSwitch,PS4-0895 · Touchpad click-switch housing study,Controller,black,1,19.03518578948924,4.0,4.0,1.1999999999999993,Schematic internal layout
PS4-0896,DS4TouchClickActuator,PS4-0896 · Touchpad click-switch actuator,Controller,ctrlcream,1,3.7699111843077633,2.0,2.0,1.2000000000000028,Schematic internal layout
PS4-0897,DS4ModelLabel,PS4-0897 · Controller model identification label,Controller,black,1,33.207488935718914,73.0,13.0,0.03500000000000003,Published approximate body envelope; photo-estimated local geometry
PS4-0898,DS4ModelMark,PS4-0898 · CUH-ZCT1 / CAD STUDY,Controller,white,17,0.27667183660786693,30.583557146979867,2.1476511067114075,0.01800019999999991,Published approximate body envelope; photo-estimated local geometry
PS4-0899,DS4StudyMark,PS4-0899 · OPEN CONSOLE CAD001,Controller,white,14,0.1565099337920451,19.881732582550335,1.4617451664429382,0.01800019999999991,Published approximate body envelope; photo-estimated local geometry
PS4-0900,RTCBase,PS4-0900 · Coin-cell insulating support,Mainboard,black,1,152.0530844337458,22.0,22.0,0.3999999999999986,Schematic internal layout
PS4-0901,RTCHolder,PS4-0901 · Open coin-cell retention ring study,Mainboard,black,1,193.31861934140403,21.897247358851686,22.0,3.799999999999997,Schematic internal layout
PS4-0902,RTCCell,PS4-0902 · RTC backup coin-cell envelope study,Mainboard,metal,1,1005.3096491487341,20.0,20.0,3.200000000000003,Schematic internal layout
PS4-0903,RTCClip,PS4-0903 · Coin-cell retaining contact study,Mainboard,metal,1,3.20624999999999,2.799999999999997,2.5,3.6000000000000014,Schematic internal layout
PS4-0904,RTCMark,PS4-0904 · RTC,Mainboard,black,3,0.06283581987290916,4.8785740255033545,2.143892817449654,0.01800020000000302,Published approximate body envelope; photo-estimated local geometry
PS4-0905,PowerSensor,PS4-0905 · Front capacitive electrode study,Controls,copper,1,1.0065166721054088,1.2000000000000028,2.3647027751516987,6.6667610122061305,Schematic internal layout
PS4-0906,PowerSensorLead,PS4-0906 · Front control lead study,Wiring,black,1,2.0174759679852565,7.235496954955877,18.1290980421673,7.300000100000005,Schematic internal layout
PS4-0907,PowerSensorPad,PS4-0907 · Front-control board connection pad study,Mainboard,gold,1,0.049570796326793974,1.0,1.0,0.04999999999999716,Schematic internal layout
PS4-0908,EjectSensor,PS4-0908 · Front capacitive electrode study001,Controls,copper,1,1.0065166721054097,1.2000000000000028,2.3647027751516987,6.666761012206132,Schematic internal layout
PS4-0909,EjectSensorLead,PS4-0909 · Front control lead study001,Wiring,black,1,3.5487573285128393,5.291151856335269,26.10566186034052,23.100000200000004,Schematic internal layout
PS4-0910,EjectSensorPad,PS4-0910 · Front-control board connection pad study001,Mainboard,gold,1,0.049570796326793974,1.0,1.0,0.04999999999999716,Schematic internal layout
PS4-0911,StatusPCB,PS4-0911 · Native top-status indicator strip board,Controls,pcb,1,8.782831853071782,1.1000000000000085,16.0,0.5,Published approximate body envelope; photo-estimated local geometry
PS4-0912,StatusLED,PS4-0912 · Top status LED package study,Controls,white,1,0.1902831853071804,0.7999999999999972,1.2000000000000028,0.20000000000000284,Schematic internal layout
PS4-0913,StatusGuide,PS4-0913 · Internal status-light guide study,Controls,white,1,23.90330308594101,0.9000000000000057,14.0,1.8999999999999986,Schematic internal layout
PS4-0914,StatusLead0,PS4-0914 · Status-light board lead study,Wiring,black,1,0.4202149841327492,7.0800000999999995,0.16000019999999893,14.13000009999999,Schematic internal layout
PS4-0915,StatusPad0,PS4-0915 · Status-light mainboard pad study,Mainboard,gold,1,0.020850309649148382,0.6500000000000057,0.6499999999999986,0.04999999999999716,Schematic internal layout
PS4-0916,StatusLead1,PS4-0916 · Status-light board lead study001,Wiring,red,1,0.40010879114977493,6.0800000999999995,0.16000019999999893,14.13000009999999,Schematic internal layout
PS4-0917,StatusPad1,PS4-0917 · Status-light mainboard pad study001,Mainboard,gold,1,0.02085030964914838,0.6500000000000057,0.6499999999999986,0.04999999999999716,Schematic internal layout
PS4-0918,ACInputLead0,PS4-0918 · AC inlet to power-board connection study,Wiring,black,1,1.7043665807517034,0.5000001999999881,5.328623938856865,4.564373331428127,Schematic internal layout
PS4-0919,ACInputPad0,PS4-0919 · Input power board solder pad study,Power,gold,1,0.09757079632679504,1.4000000000000057,1.4000000000000057,0.04999999999999982,Schematic internal layout
PS4-0920,ACInputLead1,PS4-0920 · AC inlet to power-board connection study001,Wiring,white,1,1.7043665807517034,0.5000001999999881,5.328623938856865,4.564373331428127,Schematic internal layout
PS4-0921,ACInputPad1,PS4-0921 · Input power board solder pad study001,Power,gold,1,0.09757079632679505,1.4000000000000057,1.4000000000000057,0.04999999999999982,Schematic internal layout
PS4-0922,LoadingMotor,PS4-0922 · Media-loading drive motor envelope study,Optical,metal,1,1063.931768064719,14.0,10.0,10.0,Schematic internal layout
PS4-0923,LoadingMotorShaft,PS4-0923 · Loading motor output shaft,Optical,metal,1,11.309733552923271,10.0,1.1999999999999886,1.1999999999999993,Schematic internal layout
PS4-0924,LoadingGear0,PS4-0924 · Loading drive gear study with static tip clearance,Optical,white,1,25.970667378713795,1.6000000000000068,5.351128713546842,5.3782611875742905,Schematic internal layout
PS4-0925,LoadingGear1,PS4-0925 · Loading drive gear study with static tip clearance001,Optical,white,1,33.786430564250516,1.6000000000000103,5.958410741729551,5.958410741729558,Schematic internal layout
PS4-0926,LoadingGear2,PS4-0926 · Loading drive gear study with static tip clearance002,Optical,white,1,64.33299725377428,1.5999999999999996,7.9644957168246435,7.9644957168246435,Schematic internal layout
PS4-0927,LoadingIdlerSupport,PS4-0927 · Loading idler pedestal and bearing,Optical,black,1,191.7759127167823,3.0,5.0,14.600000000000003,Schematic internal layout
PS4-0928,LoadingIdlerPin,PS4-0928 · Loading idler axle,Optical,metal,1,6.785840131753963,6.0,1.1999999999999886,1.2000000000000028,Schematic internal layout
PS4-0929,LoadingContact0,PS4-0929 · Loading motor connector terminal,Optical,metal,1,0.5805663223833936,0.8000000000000007,2.0,0.8000000000000007,Schematic internal layout
PS4-0930,LoadingLead0,PS4-0930 · Loading motor routed lead study,Wiring,black,1,14.54913512047295,6.4000002,108.4000001,6.8000001999999995,Schematic internal layout
PS4-0931,LoadingPad0,PS4-0931 · Loading motor board pad study,Optical,gold,1,0.03564269908169869,0.6500000000000004,1.1000000000000003,0.04999999999999982,Schematic internal layout
PS4-0932,LoadingContact1,PS4-0932 · Loading motor connector terminal001,Optical,metal,1,0.5805663223833937,0.8000000000000007,2.0,0.8000000000000007,Schematic internal layout
PS4-0933,LoadingLead1,PS4-0933 · Loading motor routed lead study001,Wiring,red,1,14.577941521703607,5.000000200000011,109.4000001,6.8000001999999995,Schematic internal layout
PS4-0934,LoadingPad1,PS4-0934 · Loading motor board pad study001,Optical,gold,1,0.03564269908169866,0.6500000000000021,1.1000000000000003,0.04999999999999982,Schematic internal layout
PS4-0935,LoadingHeader,PS4-0935 · Two-position intake-motor connector study,Optical,white,1,32.097124191247374,4.800000000000001,3.0,2.5,Schematic internal layout
PS4-0936,ACWallPlug,PS4-0936 · Two-flat-blade AC plug study,Accessories,black,1,4273.711230457619,23.0,17.0,11.0,Published approximate body envelope; photo-estimated local geometry
PS4-0937,ACWallBlade0,PS4-0937 · Flat AC blade study,Accessories,metal,1,108.39269908169811,1.3999999999999773,6.199999999999989,12.500000000000002,Published approximate body envelope; photo-estimated local geometry
PS4-0938,ACWallBlade1,PS4-0938 · Flat AC blade study001,Accessories,metal,1,108.39269908169811,1.3999999999999773,6.199999999999989,12.500000000000002,Published approximate body envelope; photo-estimated local geometry
PS4-0939,ACCord,PS4-0939 · Mains cord display length,Accessories,black,1,1935.1652053436053,103.60000020000004,73.10000010000003,6.1000002,Published approximate body envelope; photo-estimated local geometry
PS4-0940,ACDeviceGrip,PS4-0940 · Figure-eight connector grip,Accessories,black,1,2865.4929158456675,24.0,12.0,10.0,Published approximate body envelope; photo-estimated local geometry
PS4-0941,ACDeviceHead,PS4-0941 · C7-style two-position connector study,Accessories,black,1,543.3753045458096,10.0,14.5,6.300000000000001,Published approximate body envelope; photo-estimated local geometry
PS4-0942,ACDeviceContact0,PS4-0942 · Device mains socket contact study,Accessories,metal,1,5.3174597254660725,6.0,2.3000000000000007,2.3000000000000007,Published approximate body envelope; photo-estimated local geometry
PS4-0943,ACDeviceContact1,PS4-0943 · Device mains socket contact study001,Accessories,metal,1,5.317459725466078,6.0,2.299999999999997,2.3000000000000007,Published approximate body envelope; photo-estimated local geometry
PS4-0944,HDMICable,PS4-0944 · HDMI cable display length,Accessories,black,1,4443.952553734773,104.80000019999997,81.20000010000007,4.8000001999999995,Published approximate body envelope; photo-estimated local geometry
PS4-0945,HDMIGrip0,PS4-0945 · HDMI connector overmould,Accessories,black,1,4765.66370614359,20.0,24.0,10.0,Published approximate body envelope; photo-estimated local geometry
PS4-0946,HDMIRelief0,PS4-0946 · HDMI cable strain relief001,Accessories,black,1,24.268803248981143,5.399999999999977,6.0,5.3999999999999995,Published approximate body envelope; photo-estimated local geometry
PS4-0947,HDMIHead0,PS4-0947 · HDMI Type A metal plug shell,Accessories,metal,1,192.24000000000018,14.0,9.0,5.000000000000002,Published approximate body envelope; photo-estimated local geometry
PS4-0948,HDMIPlugTongue0,PS4-0948 · HDMI plug contact carrier,Accessories,black,1,45.75939822368612,10.899999999999977,7.0,0.5999999999999996,Published approximate body envelope; photo-estimated local geometry
PS4-0949,HDMIPlugPin0_0_0,PS4-0949 · HDMI Type A plug contact,Accessories,gold,1,0.09595364600329295,0.3199999999999932,5.0,0.05999999999999961,Published approximate body envelope; photo-estimated local geometry
PS4-0950,HDMIPlugPin0_0_1,PS4-0950 · HDMI Type A plug contact001,Accessories,gold,1,0.09595364600329298,0.3199999999999932,5.0,0.05999999999999961,Published approximate body envelope; photo-estimated local geometry
PS4-0951,HDMIPlugPin0_0_2,PS4-0951 · HDMI Type A plug contact002,Accessories,gold,1,0.09595364600329297,0.3199999999999932,5.0,0.05999999999999961,Published approximate body envelope; photo-estimated local geometry
PS4-0952,HDMIPlugPin0_0_3,PS4-0952 · HDMI Type A plug contact003,Accessories,gold,1,0.09595364600329298,0.3199999999999932,5.0,0.05999999999999961,Published approximate body envelope; photo-estimated local geometry
PS4-0953,HDMIPlugPin0_0_4,PS4-0953 · HDMI Type A plug contact004,Accessories,gold,1,0.09595364600329298,0.3199999999999932,5.0,0.05999999999999961,Published approximate body envelope; photo-estimated local geometry
PS4-0954,HDMIPlugPin0_0_5,PS4-0954 · HDMI Type A plug contact005,Accessories,gold,1,0.09595364600329297,0.3199999999999932,5.0,0.05999999999999961,Published approximate body envelope; photo-estimated local geometry
PS4-0955,HDMIPlugPin0_0_6,PS4-0955 · HDMI Type A plug contact006,Accessories,gold,1,0.09595364600329301,0.3199999999999932,5.0,0.05999999999999961,Published approximate body envelope; photo-estimated local geometry
PS4-0956,HDMIPlugPin0_0_7,PS4-0956 · HDMI Type A plug contact007,Accessories,gold,1,0.09595364600329297,0.3199999999999932,5.0,0.05999999999999961,Published approximate body envelope; photo-estimated local geometry
PS4-0957,HDMIPlugPin0_0_8,PS4-0957 · HDMI Type A plug contact008,Accessories,gold,1,0.09595364600329298,0.3199999999999932,5.0,0.05999999999999961,Published approximate body envelope; photo-estimated local geometry
PS4-0958,HDMIPlugPin0_0_9,PS4-0958 · HDMI Type A plug contact009,Accessories,gold,1,0.09595364600329298,0.3199999999999932,5.0,0.05999999999999961,Published approximate body envelope; photo-estimated local geometry
PS4-0959,HDMIPlugPin0_1_0,PS4-0959 · HDMI Type A plug contact010,Accessories,gold,1,0.09595364600329297,0.3199999999999932,5.0,0.05999999999999961,Published approximate body envelope; photo-estimated local geometry
PS4-0960,HDMIPlugPin0_1_1,PS4-0960 · HDMI Type A plug contact011,Accessories,gold,1,0.09595364600329297,0.3199999999999932,5.0,0.05999999999999961,Published approximate body envelope; photo-estimated local geometry
PS4-0961,HDMIPlugPin0_1_2,PS4-0961 · HDMI Type A plug contact012,Accessories,gold,1,0.09595364600329298,0.3199999999999932,5.0,0.05999999999999961,Published approximate body envelope; photo-estimated local geometry
PS4-0962,HDMIPlugPin0_1_3,PS4-0962 · HDMI Type A plug contact013,Accessories,gold,1,0.09595364600329298,0.3199999999999932,5.0,0.05999999999999961,Published approximate body envelope; photo-estimated local geometry
PS4-0963,HDMIPlugPin0_1_4,PS4-0963 · HDMI Type A plug contact014,Accessories,gold,1,0.09595364600329298,0.3199999999999932,5.0,0.05999999999999961,Published approximate body envelope; photo-estimated local geometry
PS4-0964,HDMIPlugPin0_1_5,PS4-0964 · HDMI Type A plug contact015,Accessories,gold,1,0.09595364600329295,0.3199999999999932,5.0,0.05999999999999961,Published approximate body envelope; photo-estimated local geometry
PS4-0965,HDMIPlugPin0_1_6,PS4-0965 · HDMI Type A plug contact016,Accessories,gold,1,0.09595364600329298,0.3199999999999932,5.0,0.05999999999999961,Published approximate body envelope; photo-estimated local geometry
PS4-0966,HDMIPlugPin0_1_7,PS4-0966 · HDMI Type A plug contact017,Accessories,gold,1,0.09595364600329295,0.3199999999999932,5.0,0.05999999999999961,Published approximate body envelope; photo-estimated local geometry
PS4-0967,HDMIPlugPin0_1_8,PS4-0967 · HDMI Type A plug contact018,Accessories,gold,1,0.09595364600329295,0.3199999999999932,5.0,0.05999999999999961,Published approximate body envelope; photo-estimated local geometry
PS4-0968,HDMIGrip1,PS4-0968 · HDMI connector overmould001,Accessories,black,1,4765.66370614359,20.0,24.0,10.0,Published approximate body envelope; photo-estimated local geometry
PS4-0969,HDMIRelief1,PS4-0969 · HDMI cable strain relief003,Accessories,black,1,24.268803248981058,5.399999999999977,6.0,5.3999999999999995,Published approximate body envelope; photo-estimated local geometry
PS4-0970,HDMIHead1,PS4-0970 · HDMI Type A metal plug shell001,Accessories,metal,1,192.24000000000055,14.0,9.0,5.000000000000002,Published approximate body envelope; photo-estimated local geometry
PS4-0971,HDMIPlugTongue1,PS4-0971 · HDMI plug contact carrier001,Accessories,black,1,45.75939822368611,10.899999999999977,7.0,0.5999999999999996,Published approximate body envelope; photo-estimated local geometry
PS4-0972,HDMIPlugPin1_0_0,PS4-0972 · HDMI Type A plug contact019,Accessories,gold,1,0.09595364600329859,0.32000000000005,5.0,0.05999999999999961,Published approximate body envelope; photo-estimated local geometry
PS4-0973,HDMIPlugPin1_0_1,PS4-0973 · HDMI Type A plug contact020,Accessories,gold,1,0.0959536460032986,0.32000000000005,5.0,0.05999999999999961,Published approximate body envelope; photo-estimated local geometry
PS4-0974,HDMIPlugPin1_0_2,PS4-0974 · HDMI Type A plug contact021,Accessories,gold,1,0.0959536460032986,0.32000000000005,5.0,0.05999999999999961,Published approximate body envelope; photo-estimated local geometry
PS4-0975,HDMIPlugPin1_0_3,PS4-0975 · HDMI Type A plug contact022,Accessories,gold,1,0.09595364600329857,0.32000000000005,5.0,0.05999999999999961,Published approximate body envelope; photo-estimated local geometry
PS4-0976,HDMIPlugPin1_0_4,PS4-0976 · HDMI Type A plug contact023,Accessories,gold,1,0.09595364600329859,0.32000000000005,5.0,0.05999999999999961,Published approximate body envelope; photo-estimated local geometry
PS4-0977,HDMIPlugPin1_0_5,PS4-0977 · HDMI Type A plug contact024,Accessories,gold,1,0.0959536460032986,0.32000000000005,5.0,0.05999999999999961,Published approximate body envelope; photo-estimated local geometry
PS4-0978,HDMIPlugPin1_0_6,PS4-0978 · HDMI Type A plug contact025,Accessories,gold,1,0.0959536460032986,0.32000000000005,5.0,0.05999999999999961,Published approximate body envelope; photo-estimated local geometry
PS4-0979,HDMIPlugPin1_0_7,PS4-0979 · HDMI Type A plug contact026,Accessories,gold,1,0.09595364600329857,0.32000000000005,5.0,0.05999999999999961,Published approximate body envelope; photo-estimated local geometry
PS4-0980,HDMIPlugPin1_0_8,PS4-0980 · HDMI Type A plug contact027,Accessories,gold,1,0.0959536460032986,0.32000000000005,5.0,0.05999999999999961,Published approximate body envelope; photo-estimated local geometry
PS4-0981,HDMIPlugPin1_0_9,PS4-0981 · HDMI Type A plug contact028,Accessories,gold,1,0.09595364600329859,0.32000000000005,5.0,0.05999999999999961,Published approximate body envelope; photo-estimated local geometry
PS4-0982,HDMIPlugPin1_1_0,PS4-0982 · HDMI Type A plug contact029,Accessories,gold,1,0.0959536460032986,0.32000000000005,5.0,0.05999999999999961,Published approximate body envelope; photo-estimated local geometry
PS4-0983,HDMIPlugPin1_1_1,PS4-0983 · HDMI Type A plug contact030,Accessories,gold,1,0.09595364600329857,0.32000000000005,5.0,0.05999999999999961,Published approximate body envelope; photo-estimated local geometry
PS4-0984,HDMIPlugPin1_1_2,PS4-0984 · HDMI Type A plug contact031,Accessories,gold,1,0.09595364600329859,0.32000000000005,5.0,0.05999999999999961,Published approximate body envelope; photo-estimated local geometry
PS4-0985,HDMIPlugPin1_1_3,PS4-0985 · HDMI Type A plug contact032,Accessories,gold,1,0.09595364600329857,0.32000000000005,5.0,0.05999999999999961,Published approximate body envelope; photo-estimated local geometry
PS4-0986,HDMIPlugPin1_1_4,PS4-0986 · HDMI Type A plug contact033,Accessories,gold,1,0.09595364600329859,0.32000000000005,5.0,0.05999999999999961,Published approximate body envelope; photo-estimated local geometry
PS4-0987,HDMIPlugPin1_1_5,PS4-0987 · HDMI Type A plug contact034,Accessories,gold,1,0.09595364600329859,0.32000000000005,5.0,0.05999999999999961,Published approximate body envelope; photo-estimated local geometry
PS4-0988,HDMIPlugPin1_1_6,PS4-0988 · HDMI Type A plug contact035,Accessories,gold,1,0.09595364600329859,0.32000000000005,5.0,0.05999999999999961,Published approximate body envelope; photo-estimated local geometry
PS4-0989,HDMIPlugPin1_1_7,PS4-0989 · HDMI Type A plug contact036,Accessories,gold,1,0.09595364600329857,0.32000000000005,5.0,0.05999999999999961,Published approximate body envelope; photo-estimated local geometry
PS4-0990,HDMIPlugPin1_1_8,PS4-0990 · HDMI Type A plug contact037,Accessories,gold,1,0.09595364600329857,0.32000000000005,5.0,0.05999999999999961,Published approximate body envelope; photo-estimated local geometry
PS4-0991,USBChargeCable,PS4-0991 · USB-A to Micro-B cable display length,Accessories,black,1,1375.4837763387548,33.00000019999999,86.80000009999999,3.0000002000000006,Published approximate body envelope; photo-estimated local geometry
PS4-0992,USBAPlugGrip,PS4-0992 · USB-A charging-cable overmould,Accessories,black,1,4118.024771931898,18.0,23.0,10.0,Published approximate body envelope; photo-estimated local geometry
PS4-0993,MicroUSBPlugGrip,PS4-0993 · Micro-B charging-cable overmould,Accessories,black,1,1812.3943326765336,12.0,19.0,8.0,Published approximate body envelope; photo-estimated local geometry
PS4-0994,USBChargeRelief0,PS4-0994 · Charging cable strain-relief sleeve,Accessories,black,1,22.76083877525794,3.8000000000000114,6.0,3.8000000000000007,Published approximate body envelope; photo-estimated local geometry
PS4-0995,USBChargeRelief1,PS4-0995 · Charging cable strain-relief sleeve001,Accessories,black,1,22.76083877525794,3.8000000000000114,6.0,3.8000000000000007,Published approximate body envelope; photo-estimated local geometry
PS4-0996,USBAPlugShield,PS4-0996 · USB-A plug metal shell,Accessories,metal,1,113.7846900494083,12.0,12.0,4.500000000000003,Published approximate body envelope; photo-estimated local geometry
PS4-0997,USBAPlugStop,PS4-0997 · USB-A rear insulating stop,Accessories,black,1,23.10226325452911,10.800000000000011,0.6500000000000057,3.3,Schematic internal layout
PS4-0998,USBAPlugTongue,PS4-0998 · USB-A four-contact tongue,Accessories,black,1,64.38068583470574,9.199999999999989,7.0,1.0,Published approximate body envelope; photo-estimated local geometry
PS4-0999,USBAPlugContact0,PS4-0999 · USB-A charging-cable contact,Accessories,gold,1,0.42478539816340066,0.8500000000000227,5.0,0.09999999999999964,Schematic internal layout
PS4-1000,USBAPlugContact1,PS4-1000 · USB-A charging-cable contact001,Accessories,gold,1,0.42478539816340066,0.8500000000000227,5.0,0.09999999999999964,Schematic internal layout
PS4-1001,USBAPlugContact2,PS4-1001 · USB-A charging-cable contact002,Accessories,gold,1,0.42478539816340066,0.8500000000000227,5.0,0.09999999999999964,Schematic internal layout
PS4-1002,USBAPlugContact3,PS4-1002 · USB-A charging-cable contact003,Accessories,gold,1,0.42478539816340066,0.8500000000000227,5.0,0.09999999999999964,Schematic internal layout
PS4-1003,MicroUSBPlugShield,PS4-1003 · Micro-B keyed plug shell,Accessories,metal,1,36.277500000000046,7.100000000000023,7.0,2.400000000000002,Published approximate body envelope; photo-estimated local geometry
PS4-1004,MicroUSBPlugStop,PS4-1004 · Micro-B insulating rear stop,Accessories,black,1,5.011500000000016,6.0,0.6500000000000057,1.3000000000000007,Schematic internal layout
PS4-1005,MicroUSBPlugTongue,PS4-1005 · Micro-B contact carrier,Accessories,black,1,10.436137166941162,5.800000000000011,4.0,0.4500000000000002,Published approximate body envelope; photo-estimated local geometry
PS4-1006,MicroUSBPlugContact0,PS4-1006 · Micro-B charging-cable contact,Accessories,gold,1,0.06995707963267953,0.25,3.5,0.08000000000000007,Schematic internal layout
PS4-1007,MicroUSBPlugContact1,PS4-1007 · Micro-B charging-cable contact001,Accessories,gold,1,0.06995707963267953,0.25,3.5,0.08000000000000007,Schematic internal layout
PS4-1008,MicroUSBPlugContact2,PS4-1008 · Micro-B charging-cable contact002,Accessories,gold,1,0.06995707963267951,0.25,3.5,0.08000000000000007,Schematic internal layout
PS4-1009,MicroUSBPlugContact3,PS4-1009 · Micro-B charging-cable contact003,Accessories,gold,1,0.06995707963267951,0.25,3.5,0.08000000000000007,Schematic internal layout
PS4-1010,MicroUSBPlugContact4,PS4-1010 · Micro-B charging-cable contact004,Accessories,gold,1,0.06995707963267951,0.25,3.5,0.08000000000000007,Schematic internal layout
PS4-1011,MonoEarCase,PS4-1011 · Single-ear speaker housing and cable stem study,Accessories,black,1,427.41024602107194,13.000000200000045,20.500000200000002,7.0000002,Published approximate body envelope; photo-estimated local geometry
PS4-1012,MonoEarMagnet,PS4-1012 · Earbud magnetic circuit study,Accessories,metal,1,72.63362215099605,6.7999999999999545,6.799999999999997,2.0,Schematic internal layout
PS4-1013,MonoEarFrame,PS4-1013 · Earbud speaker frame,Accessories,metal,1,36.46682212470708,10.399999999999977,10.400000000000002,3.3000000000000007,Schematic internal layout
PS4-1014,MonoEarCoil,PS4-1014 · Earbud voice-coil envelope study,Accessories,copper,1,5.595961914206882,5.0,5.0,1.5,Schematic internal layout
PS4-1015,MonoEarDiaphragm,PS4-1015 · Earbud diaphragm,Accessories,black,1,8.685875368645037,9.600000000000023,9.599999999999998,0.11999999999999922,Schematic internal layout
PS4-1016,MonoEarGrille,PS4-1016 · Perforated single-ear grille,Accessories,black,1,73.40095615663529,12.399999999999977,12.400000000000002,0.6999999999999993,Published approximate body envelope; photo-estimated local geometry
PS4-1017,MonoEarRim,PS4-1017 · Soft earbud perimeter,Accessories,rubber,1,27.669577296491866,14.200000000000045,14.200000000000003,1.0000000000000018,Published approximate body envelope; photo-estimated local geometry
PS4-1018,MonoUpperCord,PS4-1018 · Earbud to microphone cable display length,Accessories,black,1,82.43248776142724,11.60000020000001,36.599999999999994,5.600000200000079,Published approximate body envelope; photo-estimated local geometry
PS4-1019,MonoMicCase,PS4-1019 · Native inline microphone and switch case003,Accessories,black,1,369.12123739082074,7.0,24.0,5.0,Published approximate body envelope; photo-estimated local geometry
PS4-1020,MonoMicLid,PS4-1020 · Inline microphone cover001,Accessories,black,1,87.48548216150053,6.7999999999999545,23.80000000000001,0.5500000000000007,Published approximate body envelope; photo-estimated local geometry
PS4-1021,MonoMicPCB,PS4-1021 · Native inline microphone circuit plate study,Accessories,pcb,1,55.117592894744696,4.600000000000023,20.0,0.5999999999999996,Published approximate body envelope; photo-estimated local geometry
PS4-1022,MonoMicrophone,PS4-1022 · Electret microphone capsule envelope,Accessories,metal,1,7.0685834705770585,3.0,3.0,1.0000000000000009,Schematic internal layout
PS4-1023,MonoMicSwitch,PS4-1023 · Microphone slide-switch body study,Accessories,black,1,14.347292006587693,4.0,4.0,1.2000000000000002,Schematic internal layout
PS4-1024,MonoMicSlider,PS4-1024 · Side MIC switch slider and actuator,Accessories,black,1,14.396000000000189,4.600000000000023,5.0,3.2,Published approximate body envelope; photo-estimated local geometry
PS4-1025,MonoMicMark,PS4-1025 · MIC,Accessories,white,3,0.013216092629203327,2.1960571469798538,0.9744968442952882,0.018000199999999467,Published approximate body envelope; photo-estimated local geometry
PS4-1026,MonoLowerCord,PS4-1026 · Microphone to four-pole plug cable display length,Accessories,black,1,193.15482620465545,39.60000020000007,68.60000000000001,1.600000200000002,Published approximate body envelope; photo-estimated local geometry
PS4-1027,MonoPlugGrip,PS4-1027 · Four-pole headset plug overmould,Accessories,black,1,611.2282666824295,6.399999999999977,19.0,6.3999999999999995,Published approximate body envelope; photo-estimated local geometry
PS4-1028,MonoPlugRelief,PS4-1028 · Headset plug strain-relief sleeve,Accessories,black,1,15.197454461740579,2.6000000000000227,5.0,2.6000000000000005,Published approximate body envelope; photo-estimated local geometry
PS4-1029,MonoPlugSleeve,PS4-1029 · Headset sleeve contact study,Accessories,metal,1,28.224853798014173,3.2999999999999545,3.3000000000000114,3.3000000000000007,Published approximate body envelope; photo-estimated local geometry
PS4-1030,MonoPlugRing2,PS4-1030 · Headset ring2 contact study,Accessories,metal,1,20.527166398555753,3.2999999999999545,2.4000000000000057,3.3000000000000007,Published approximate body envelope; photo-estimated local geometry
PS4-1031,MonoPlugRing1,PS4-1031 · Headset ring1 contact study,Accessories,metal,1,20.527166398555753,3.2999999999999545,2.4000000000000057,3.3000000000000007,Published approximate body envelope; photo-estimated local geometry
PS4-1032,MonoPlugTip,PS4-1032 · Headset tip contact study,Accessories,metal,1,19.791282913189363,3.3000001999999995,2.4000000000000057,3.300000100000001,Published approximate body envelope; photo-estimated local geometry
PS4-1033,MonoPlugInsulator0,PS4-1033 · Four-pole plug insulating separator,Accessories,black,1,5.559440899608862,3.2999999999999545,0.6500000000000057,3.3000000000000007,Published approximate body envelope; photo-estimated local geometry
PS4-1034,MonoPlugInsulator1,PS4-1034 · Four-pole plug insulating separator001,Accessories,black,1,5.559440899608862,3.2999999999999545,0.6500000000000057,3.3000000000000007,Published approximate body envelope; photo-estimated local geometry
PS4-1035,MonoPlugInsulator2,PS4-1035 · Four-pole plug insulating separator002,Accessories,black,1,5.559440899608862,3.2999999999999545,0.6500000000000057,3.3000000000000007,Published approximate body envelope; photo-estimated local geometry
PS4-1036,MonoClipUpper,PS4-1036 · Cable clip upper jaw and bored cord clamp,Accessories,black,1,207.38049015951452,11.300000000000011,18.799999999999997,5.499999999999999,Published approximate body envelope; photo-estimated local geometry
PS4-1037,MonoClipLower,PS4-1037 · Cable clip opposing tapered jaw,Accessories,black,1,151.86476149839302,8.0,18.799999999999997,5.0,Published approximate body envelope; photo-estimated local geometry
PS4-1038,MonoClipPin,PS4-1038 · Cable clip hinge pin,Accessories,metal,1,7.982786932771672,8.399999999999977,1.0999999999999943,1.0999999999999996,Schematic internal layout
PS4-1039,MonoClipSpring,PS4-1039 · Cable clip spring-coil study,Accessories,metal,1,0.6778193068072838,1.3996906241405327,2.2000096428041047,2.200008641224776,Schematic internal layout
